call_index,call_role,perturbation_method,step_multiplier,step_size_K,input_inf_norm,output_inf_norm_per_s,plus_temperature_min_K,plus_temperature_max_K,minus_temperature_min_K,minus_temperature_max_K,unit_bias_electrical_solve_count,electrical_solver_type,electrical_iterations,plus_electrical_residual,minus_electrical_residual,plus_electrical_wall_s,minus_electrical_wall_s,plus_electrical_cpu_s,minus_electrical_cpu_s,plus_G_hat_S,minus_G_hat_S,plus_Vd_V,minus_Vd_V,delta_Vd_V,plus_normalized_current_error,minus_normalized_current_error,normalized_delta_I_cond,finite,operator_wall_s,operator_cpu_s,exception_type,exception_message
1,parent_h_probe,central_difference,1.0,0.0020373375775464136,0.03741922377226158,889124.0825914339,336.4480791115182,336.44872248127956,336.4446478061245,336.44529117588576,2,sparse_direct,not_applicable,3.097720492815727e-16,3.872150616019659e-16,0.009118699992541224,0.008198600000469014,0.0,0.015625,6.788820330790553e-05,6.781906738873479e-05,5.892039861267331,5.8980463076441945,0.00600644637686365,0.0,0.0,0.0,True,0.018457999991369434,0.015625,,
2,parent_h_half_probe,central_difference,0.5,0.0010186687887732068,0.03741922377226158,889124.1088325413,336.44738212761007,336.44770381249083,336.44566647491325,336.4459881597939,2,sparse_direct,not_applicable,3.872150616019659e-16,3.097720492815727e-16,0.0075046999991172925,0.00816820000181906,0.015625,0.0,6.787090815104744e-05,6.783634019480981e-05,5.89354129621775,5.896544519519999,0.003003223302249225,1.5488602464078636e-16,1.5488602464078636e-16,0.0,True,0.01697329999296926,0.015625,,
3,arpack_matvec,central_difference,1.0,0.0020373375775464136,0.037419223772261576,889124.0825914338,336.4480791115182,336.44872248127956,336.4446478061245,336.44529117588576,2,sparse_direct,not_applicable,3.097720492815727e-16,3.872150616019659e-16,0.008285600008093752,0.0077883999911136925,0.015625,0.0,6.788820330790553e-05,6.781906738873479e-05,5.892039861267331,5.8980463076441945,0.00600644637686365,0.0,0.0,0.0,True,0.016850500003783964,0.015625,,
4,arpack_matvec,central_difference,1.0,0.0020373375775464136,0.08534799840750532,38731666.867521495,336.4446478061245,336.4487193287553,336.44465095864865,336.44872248127956,2,sparse_direct,not_applicable,6.195440985631454e-16,5.614618393228505e-16,0.007772500001010485,0.010370000003604218,0.015625,0.0,6.785358152816674e-05,6.785365900186328e-05,5.895046230300397,5.8950394994766,6.730823796985419e-06,1.5488602464078636e-16,0.0,1.5488602464078636e-16,True,0.019369000001461245,0.03125,,
5,arpack_matvec,central_difference,1.0,0.0020373375775464136,0.08405308757086348,113291340.89198314,336.44464780612446,336.4487103884762,336.4446598989278,336.4487224812795,2,sparse_direct,not_applicable,3.872150616019659e-16,5.421010862427522e-16,0.005849999986821786,0.008232299995142967,0.0,0.0,6.785349194919883e-05,6.785374851799013e-05,5.89505401283512,5.895031722439735,2.229039538459432e-05,2.323290369611795e-16,1.5488602464078636e-16,7.744301232039318e-17,True,0.01513620000332594,0.0,,
6,arpack_matvec,central_difference,1.0,0.0020373375775464136,0.07467288043466487,29434141.43587911,336.4446478061245,336.4486686173164,336.4447016700877,336.44872248127956,2,sparse_direct,not_applicable,5.421010862427522e-16,3.29132802361671e-16,0.008549699996365234,0.008189999993192032,0.0,0.015625,6.785306200342441e-05,6.785418429120418e-05,5.895091366397184,5.894993863360779,9.750303640476687e-05,1.5488602464078636e-16,1.5488602464078636e-16,3.097720492815727e-16,True,0.017748500002198853,0.03125,,
7,arpack_matvec,central_difference,1.0,0.0020373375775464136,0.07169569005101127,53557182.2230442,336.44464780612446,336.44870250799767,336.4446677794064,336.4487224812795,2,sparse_direct,not_applicable,4.64658073922359e-16,4.64658073922359e-16,0.006183000004966743,0.007911299995612353,0.0,0.015625,6.78534536223384e-05,6.785378595399014e-05,5.895057342642231,5.895028470058096,2.8872584134198576e-05,7.744301232039318e-17,1.5488602464078636e-16,7.744301232039318e-17,True,0.014783799997530878,0.015625,,
8,arpack_matvec,central_difference,1.0,0.0020373375775464136,0.08654669638138869,34762954.40732458,336.4446478061245,336.4487055336998,336.4446647537043,336.44872248127956,2,sparse_direct,not_applicable,5.421010862427522e-16,3.872150616019659e-16,0.004843699993216433,0.00492780000786297,0.0,0.0,6.785339317045732e-05,6.785384693529036e-05,5.895062594661161,5.895023172104963,3.942255619726609e-05,0.0,0.0,0.0,True,0.010146500004339032,0.0,,
9,arpack_matvec,central_difference,1.0,0.0020373375775464136,0.2431175491214013,401730555.74217606,336.4446478061245,336.4487161624781,336.444654124926,336.44872248127956,2,sparse_direct,not_applicable,3.872150616019659e-16,6.195440985631454e-16,0.007270499991136603,0.008346199989318848,0.0,0.0,6.785357567319191e-05,6.785366545096814e-05,5.8950467389743615,5.895038939186635,7.799787726803231e-06,3.872150616019659e-16,7.744301232039318e-17,3.097720492815727e-16,True,0.016487200002302416,0.0,,
10,arpack_matvec,central_difference,1.0,0.0020373375775464136,0.24431590893516283,467636977.3333024,336.4446478061245,336.4487159161431,336.444654371261,336.44872248127956,2,sparse_direct,not_applicable,2.323290369611795e-16,3.872150616019659e-16,0.008830099992337637,0.007604700003867038,0.015625,0.0,6.785357414609996e-05,6.785366679512083e-05,5.895046871646495,5.8950388224083845,8.04923811070779e-06,7.744301232039318e-17,1.5488602464078636e-16,7.744301232039318e-17,True,0.01736949999758508,0.015625,,
11,arpack_matvec,central_difference,1.0,0.0020373375775464136,0.23494782532398323,274515694.6675703,336.44464780612446,336.44871098068097,336.4446593067231,336.4487224812795,2,sparse_direct,not_applicable,4.64658073922359e-16,4.64658073922359e-16,0.008397899990086444,0.008428999994066544,0.015625,0.0,6.785353932087431e-05,6.785370168827414e-05,5.895049897226878,5.895035790937908,1.4106288969806258e-05,7.744301232039318e-17,0.0,7.744301232039318e-17,True,0.0179675999970641,0.015625,,
12,arpack_matvec,central_difference,1.0,0.0020373375775464136,0.23770927033186054,407750561.4474696,336.44464780612446,336.44871516648766,336.4446551209163,336.4487224812795,2,sparse_direct,not_applicable,6.195440985631454e-16,5.421010862427522e-16,0.008706599997822195,0.00665310000476893,0.0,0.015625,6.78535689324235e-05,6.785367194385257e-05,5.895047324605234,5.895038375093264,8.949511970612889e-06,3.097720492815727e-16,4.64658073922359e-16,7.744301232039318e-16,True,0.01647630000661593,0.015625,,
13,arpack_matvec,central_difference,1.0,0.0020373375775464136,0.22579247372453493,313904043.8133268,336.44464780612446,336.4487155176695,336.4446547697346,336.4487224812795,2,sparse_direct,not_applicable,4.64658073922359e-16,3.872150616019659e-16,0.008104200009256601,0.007180000000516884,0.0,0.015625,6.785357240052446e-05,6.785366854689504e-05,5.895047023300255,5.895038670216511,8.353083743806167e-06,0.0,0.0,0.0,True,0.015943300008075312,0.015625,,
14,arpack_matvec,central_difference,1.0,0.0020373375775464136,0.25635879924089705,266556702.23893,336.4446478061245,336.44871488865056,336.4446553987535,336.44872248127956,2,sparse_direct,not_applicable,5.421010862427522e-16,4.840188270024574e-16,0.00581899999815505,0.0051380000077188015,0.0,0.0,6.785356712795789e-05,6.78536739237784e-05,5.89504748137533,5.895038203079899,9.27829543062586e-06,7.744301232039318e-17,3.097720492815727e-16,2.323290369611795e-16,True,0.011355499998899177,0.0,,
15,arpack_matvec,central_difference,1.0,0.0020373375775464136,0.20575298311374798,347655235.5889222,336.44464780612446,336.44871553581714,336.4446547515868,336.4487224812795,2,sparse_direct,not_applicable,5.421010862427522e-16,4.64658073922359e-16,0.007760399996186607,0.005204400004004128,0.015625,0.0,6.785357153951507e-05,6.785366942361074e-05,5.895047098103846,5.895038594048589,8.504055256430831e-06,1.5488602464078636e-16,3.097720492815727e-16,1.5488602464078636e-16,True,0.013543200009735301,0.015625,,
16,arpack_matvec,central_difference,1.0,0.0020373375775464136,0.19014437528387676,314700129.17162085,336.4446478061245,336.448714044776,336.44465624262807,336.44872248127956,2,sparse_direct,not_applicable,3.872150616019659e-16,2.420094135012287e-16,0.0052724999986821786,0.005982900009257719,0.015625,0.0,6.785356239125884e-05,6.785367873080758e-05,5.895047892894856,5.895037785451538,1.010744331786384e-05,7.744301232039318e-17,2.323290369611795e-16,1.5488602464078636e-16,True,0.011655199996312149,0.015625,,
17,arpack_matvec,central_difference,1.0,0.0020373375775464136,0.1966182737287093,261649731.43050113,336.44464780612446,336.4487132687279,336.4446570186761,336.4487224812795,2,sparse_direct,not_applicable,3.872150616019659e-16,3.872150616019659e-16,0.004716600000392646,0.0077419000008376315,0.0,0.0,6.785355558524607e-05,6.78536854429288e-05,5.895048484194322,5.895037202311388,1.1281882933644738e-05,7.744301232039318e-17,7.744301232039318e-17,1.5488602464078636e-16,True,0.013010399998165667,0.0,,
18,arpack_matvec,central_difference,1.0,0.0020373375775464136,0.195088749477667,322300609.39021814,336.44464780612446,336.44871156810984,336.44465871929424,336.4487224812795,2,sparse_direct,not_applicable,4.64658073922359e-16,4.64658073922359e-16,0.010332499994547106,0.005147100004251115,0.015625,0.0,6.785354421833072e-05,6.785369686256012e-05,5.89504947174063,5.895036210189301,1.3261551329080135e-05,1.5488602464078636e-16,0.0,1.5488602464078636e-16,True,0.01620270000421442,0.015625,,
19,arpack_matvec,central_difference,1.0,0.0020373375775464136,0.1643069938264025,295178611.5314713,336.4446478061245,336.44871229228886,336.4446579951151,336.44872248127956,2,sparse_direct,not_applicable,3.872150616019659e-16,6.195440985631454e-16,0.008256399989477359,0.008092599993688054,0.0,0.015625,6.785354821431677e-05,6.785369277179231e-05,5.895049124573296,5.895036565589623,1.2558983672583679e-05,0.0,0.0,0.0,True,0.016991199998301454,0.015625,,
20,arpack_matvec,central_difference,1.0,0.0020373375775464136,0.19440749440176402,253808113.47147954,336.44464780612446,336.4487147520519,336.44465553535207,336.4487224812795,2,sparse_direct,not_applicable,7.744301232039318e-16,3.872150616019659e-16,0.007818900005077012,0.0077422000031219795,0.0,0.015625,6.785356529541495e-05,6.785367596477937e-05,5.895047640584763,5.895038025760417,9.614824345582917e-06,0.0,2.323290369611795e-16,2.323290369611795e-16,True,0.016278700000839308,0.015625,,
21,arpack_matvec,central_difference,1.0,0.0020373375775464136,0.193120243818531,334263840.4567122,336.44464780612446,336.44871847425776,336.4446518131462,336.4487224812795,2,sparse_direct,not_applicable,4.64658073922359e-16,2.323290369611795e-16,0.008558100002119318,0.008178300005965866,0.015625,0.0,6.785359083902082e-05,6.785365015133175e-05,5.8950454213835135,5.895040268399611,5.152983902689812e-06,2.323290369611795e-16,2.323290369611795e-16,4.64658073922359e-16,True,0.017719499999657273,0.015625,,
22,arpack_matvec,central_difference,1.0,0.0020373375775464136,0.22037790546905417,254127872.06827593,336.44464780612446,336.4487209200514,336.44464936735267,336.4487224812795,2,sparse_direct,not_applicable,6.195440985631454e-16,3.581739319818184e-16,0.007941400006529875,0.008368299997528084,0.015625,0.0,6.785360799387666e-05,6.785363312152685e-05,5.895043930988864,5.895041747928135,2.1830607286332793e-06,7.744301232039318e-17,1.5488602464078636e-16,7.744301232039318e-17,True,0.017383300000801682,0.015625,,
23,arpack_matvec,central_difference,1.0,0.0020373375775464136,0.19527065962727272,249270477.37970167,336.4446485847498,336.44872248127956,336.4446478061245,336.44872170265427,2,sparse_direct,not_applicable,3.872150616019659e-16,4.64658073922359e-16,0.005860600009327754,0.005516500008525327,0.015625,0.0,6.785362373087895e-05,6.785361742131429e-05,5.8950425637764035,5.895043111943968,5.48167564673463e-07,3.872150616019659e-16,2.323290369611795e-16,6.195440985631454e-16,True,0.012187100001028739,0.015625,,
24,arpack_matvec,central_difference,1.0,0.0020373375775464136,0.18445070295671268,296863411.9332055,336.44465139804913,336.4487224812795,336.44464780612446,336.44871888935495,2,sparse_direct,not_applicable,4.64658073922359e-16,3.1945242582162186e-16,0.00670430000172928,0.004926500012516044,0.0,0.015625,6.785364419280655e-05,6.785359683173131e-05,5.895040786068874,5.895044900743456,4.114674582389455e-06,0.0,0.0,0.0,True,0.012050300007103942,0.015625,,
25,arpack_matvec,central_difference,1.0,0.0020373375775464136,0.23323110903461122,255695453.02803007,336.4446528858445,336.44872248127956,336.4446478061245,336.4487174015596,2,sparse_direct,not_applicable,3.872150616019659e-16,3.872150616019659e-16,0.006606499999179505,0.010210599997662939,0.0,0.0,6.78536552497342e-05,6.785358576893857e-05,5.8950398254568155,5.8950458618667225,6.036409907039797e-06,0.0,0.0,0.0,True,0.01767870000912808,0.0,,
26,arpack_matvec,central_difference,1.0,0.0020373375775464136,0.22141673331018497,249803428.17765895,336.4446550785746,336.44872248127956,336.4446478061245,336.44871520882936,2,sparse_direct,not_applicable,4.64658073922359e-16,5.421010862427522e-16,0.008345400012331083,0.008164500002749264,0.015625,0.0,6.785367110809603e-05,6.785356990262558e-05,5.8950384477027,5.89504724031509,8.792612390173815e-06,7.744301232039318e-17,0.0,7.744301232039318e-17,True,0.017603200001758523,0.015625,,
27,arpack_matvec,central_difference,1.0,0.0020373375775464136,0.2099486932564822,285321516.048716,336.44465545069727,336.4487224812795,336.44464780612446,336.4487148367068,2,sparse_direct,not_applicable,5.130599566226047e-16,3.872150616019659e-16,0.007602700003189966,0.007810400013113394,0.015625,0.0,6.785367426142648e-05,6.785356672751858e-05,5.895038173745477,5.895047516165081,9.342419604152497e-06,7.744301232039318e-17,3.097720492815727e-16,2.323290369611795e-16,True,0.016408199997385964,0.015625,,
28,arpack_matvec,central_difference,1.0,0.0020373375775464136,0.1971846721299655,284692417.1571462,336.4446555092226,336.4487224812795,336.44464780612446,336.44871477818134,2,sparse_direct,not_applicable,3.872150616019659e-16,3.097720492815727e-16,0.00874519998615142,0.007557100005215034,0.015625,0.0,6.785367568230941e-05,6.785356528869014e-05,5.895038050301035,5.895047641169007,9.590867971809303e-06,1.5488602464078636e-16,1.5488602464078636e-16,0.0,True,0.017251500001293607,0.015625,,
29,arpack_matvec,central_difference,1.0,0.0020373375775464136,0.14245397408115998,241146123.25955755,336.444661167696,336.4487224812795,336.44464780612446,336.448709119708,2,sparse_direct,not_applicable,3.097720492815727e-16,4.64658073922359e-16,0.0077680000104010105,0.007418799999868497,0.015625,0.0,6.785371707462573e-05,6.785352434951776e-05,5.895034454193258,5.895051197924148,1.6743730889778874e-05,2.323290369611795e-16,0.0,2.323290369611795e-16,True,0.015836000005947426,0.015625,,
30,arpack_matvec,central_difference,1.0,0.0020373375775464136,0.158746022679291,271103991.7626805,336.4446582104542,336.4487224812795,336.44464780612446,336.4487120769498,2,sparse_direct,not_applicable,2.323290369611795e-16,5.421010862427522e-16,0.007014400005573407,0.008052100005443208,0.015625,0.0,6.785369640762111e-05,6.78535445638582e-05,5.895036249713779,5.895049441721541,1.3192007762619085e-05,2.323290369611795e-16,2.323290369611795e-16,4.64658073922359e-16,True,0.016255900001851842,0.015625,,
31,arpack_matvec,central_difference,1.0,0.0020373375775464136,0.20181979390740992,228476048.68698895,336.4446579124292,336.4487224812795,336.44464780612446,336.4487123749749,2,sparse_direct,not_applicable,3.097720492815727e-16,5.421010862427522e-16,0.008300599991343915,0.008134300005622208,0.015625,0.015625,6.78536941942269e-05,6.785354691430469e-05,5.8950364420104435,5.895049237517061,1.2795506617813146e-05,7.744301232039318e-17,7.744301232039318e-17,0.0,True,0.017460200004279613,0.03125,,
32,arpack_matvec,central_difference,1.0,0.0020373375775464136,0.1575327340573602,234352122.95110163,336.444660326937,336.44872248127956,336.4446478061245,336.44870996046706,2,sparse_direct,not_applicable,4.64658073922359e-16,3.097720492815727e-16,0.0069857000053161755,0.004895899997791275,0.0,0.0,6.785371259588572e-05,6.785352843341888e-05,5.895034843299847,5.895050843118632,1.599981878541712e-05,2.323290369611795e-16,7.744301232039318e-17,3.097720492815727e-16,True,0.012289399994187988,0.0,,
33,arpack_matvec,central_difference,1.0,0.0020373375775464136,0.16939635574964312,263836422.19510347,336.44466087005503,336.4487224812795,336.44464780612446,336.44870941734905,2,sparse_direct,not_applicable,3.872150616019659e-16,3.097720492815727e-16,0.009949400002369657,0.007872000001952983,0.015625,0.015625,6.785371718637053e-05,6.78535238327472e-05,5.895034444485028,5.895051242820695,1.6798335666479147e-05,2.323290369611795e-16,7.744301232039318e-17,3.097720492815727e-16,True,0.019357099998160265,0.03125,,
34,arpack_matvec,central_difference,1.0,0.0020373375775464136,0.196456110076788,232408630.22563097,336.44465990757215,336.4487224812795,336.44464780612446,336.4487103798318,2,sparse_direct,not_applicable,3.872150616019659e-16,3.097720492815727e-16,0.0071635000058449805,0.007688500001677312,0.0,0.015625,6.785371100704265e-05,6.785352998598803e-05,5.895034981336296,5.895050708232885,1.5726896589463024e-05,0.0,7.744301232039318e-17,7.744301232039318e-17,True,0.015705400001024827,0.015625,,
35,arpack_matvec,central_difference,1.0,0.0020373375775464136,0.17068447444246568,254327473.17234355,336.44465988969154,336.44872248127956,336.4446478061245,336.44871039771255,2,sparse_direct,not_applicable,3.872150616019659e-16,3.872150616019659e-16,0.005077299996628426,0.008804700002656318,0.0,0.015625,6.785371362822116e-05,6.785352743211297e-05,5.895034753612001,5.89505093011115,1.6176499149089807e-05,7.744301232039318e-17,0.0,7.744301232039318e-17,True,0.014342099995701574,0.015625,,
36,arpack_matvec,central_difference,1.0,0.0020373375775464136,0.15980847380058777,315460632.58732474,336.44466099611617,336.4487224812795,336.44464780612446,336.4487092912878,2,sparse_direct,not_applicable,5.421010862427522e-16,3.097720492815727e-16,0.007753300000331365,0.00825559999793768,0.0,0.015625,6.785372042491669e-05,6.785352076076839e-05,5.895034163124757,5.8950515097113785,1.7346586621336257e-05,0.0,7.744301232039318e-17,7.744301232039318e-17,True,0.01676299999235198,0.015625,,
37,arpack_matvec,central_difference,1.0,0.0020373375775464136,0.24037593823331813,265434924.79276296,336.44465414661767,336.44872248127956,336.4446478061245,336.4487161407864,2,sparse_direct,not_applicable,3.872150616019659e-16,4.64658073922359e-16,0.008233700005803257,0.008354200006579049,0.0,0.015625,6.785366896406996e-05,6.785357196942587e-05,5.895038633972895,5.8950470607536465,8.426780751413787e-06,7.744301232039318e-17,1.5488602464078636e-16,2.323290369611795e-16,True,0.017554200006998144,0.015625,,
38,arpack_matvec,central_difference,1.0,0.0020373375775464136,0.1722449494306363,208410101.69716227,336.4446555197339,336.4487224812795,336.44464780612446,336.4487147676702,2,sparse_direct,not_applicable,4.64658073922359e-16,5.421010862427522e-16,0.008118400000967085,0.009267999994335696,0.0,0.015625,6.785368191733007e-05,6.785355925635286e-05,5.895037508610694,5.895048165252283,1.065664158872437e-05,1.5488602464078636e-16,0.0,1.5488602464078636e-16,True,0.018509800007450394,0.015625,,
39,arpack_matvec,central_difference,1.0,0.0020373375775464136,0.16020644460881603,202174409.52106997,336.44465435394375,336.44872248127956,336.4446478061245,336.44871593346033,2,sparse_direct,not_applicable,3.872150616019659e-16,3.872150616019659e-16,0.008472100002109073,0.008276399996248074,0.015625,0.0,6.785367408998316e-05,6.785356704497398e-05,5.895038188640247,5.895047488584885,9.299944638385682e-06,3.097720492815727e-16,7.744301232039318e-17,3.872150616019659e-16,True,0.017910700000356883,0.015625,,
40,arpack_matvec,central_difference,1.0,0.0020373375775464136,0.15463864178161474,228088436.8534561,336.4446522347503,336.44872248127956,336.4446478061245,336.44871805265376,2,sparse_direct,not_applicable,3.872150616019659e-16,3.872150616019659e-16,0.008726000000024214,0.009105399993131869,0.015625,0.0,6.785365929948636e-05,6.7853581959254e-05,5.895039473619486,5.8950461928480005,6.719228514029396e-06,0.0,2.323290369611795e-16,2.323290369611795e-16,True,0.019170900006429292,0.015625,,
41,arpack_matvec,central_difference,1.0,0.0020373375775464136,0.16094096360306243,238396378.18536016,336.4446496412151,336.4487224812795,336.44464780612446,336.44872064618886,2,sparse_direct,not_applicable,3.097720492815727e-16,3.872150616019659e-16,0.008512100001098588,0.007638499999302439,0.015625,0.0,6.785364008087527e-05,6.785360100017636e-05,5.895041143308406,5.895044538593617,3.3952852112051346e-06,7.744301232039318e-17,7.744301232039318e-17,0.0,True,0.017234199985978194,0.015625,,
42,arpack_matvec,central_difference,1.0,0.0020373375775464136,0.16359736649356665,250718485.0993194,336.4446478061245,336.4487221369681,336.44464815043597,336.44872248127956,2,sparse_direct,not_applicable,3.872150616019659e-16,5.421010862427522e-16,0.008471699999063276,0.0075588999898172915,0.015625,0.015625,6.785362435358609e-05,6.785361689157748e-05,5.895042509676344,5.895043157966884,6.482905403615291e-07,7.744301232039318e-17,1.5488602464078636e-16,7.744301232039318e-17,True,0.01713500000187196,0.03125,,
43,arpack_matvec,central_difference,1.0,0.0020373375775464136,0.17131690706384636,248120750.8573956,336.4446478061245,336.4487202032536,336.4446500841505,336.44872248127956,2,sparse_direct,not_applicable,3.872150616019659e-16,4.64658073922359e-16,0.0076871000055689365,0.007026899998891167,0.0,0.015625,6.785360860992011e-05,6.785363249063758e-05,5.895043877467712,5.895041802739033,2.0747286786360064e-06,7.744301232039318e-17,1.5488602464078636e-16,2.323290369611795e-16,True,0.015483299997868016,0.015625,,
44,arpack_matvec,central_difference,1.0,0.0020373375775464136,0.1377687062958666,303332634.6741647,336.44464780612446,336.44871734769515,336.44465293970893,336.4487224812795,2,sparse_direct,not_applicable,6.195440985631454e-16,3.097720492815727e-16,0.008803500008070841,0.007644500001333654,0.0,0.015625,6.785358647996136e-05,6.785365467094242e-05,5.895045800093834,5.895039875741515,5.9243523198304615e-06,0.0,7.744301232039318e-17,7.744301232039318e-17,True,0.017554200006998144,0.015625,,
45,arpack_matvec,central_difference,1.0,0.0020373375775464136,0.20847773501695557,220395292.32611382,336.44464780612446,336.44871753139455,336.4446527560094,336.4487224812795,2,sparse_direct,not_applicable,4.64658073922359e-16,3.097720492815727e-16,0.009161699999822304,0.007035100003122352,0.0,0.0,6.785358561577728e-05,6.785365547628679e-05,5.895045875173208,5.895039805774212,6.069398995833808e-06,1.5488602464078636e-16,7.744301232039318e-17,2.323290369611795e-16,True,0.017035800003213808,0.0,,
46,arpack_matvec,central_difference,1.0,0.0020373375775464136,0.16384094780693,297201941.94803274,336.4446478061245,336.4487148331527,336.4446554542513,336.44872248127956,2,sparse_direct,not_applicable,3.872150616019659e-16,5.421010862427522e-16,0.007350399988354184,0.005318799987435341,0.0,0.015625,6.785356368570909e-05,6.785367738714471e-05,5.895047780434348,5.895037902187191,9.878247157146802e-06,1.5488602464078636e-16,0.0,1.5488602464078636e-16,True,0.013392599998041987,0.015625,,
47,arpack_matvec,central_difference,1.0,0.0020373375775464136,0.1513823593673871,257349648.46781895,336.44464780612446,336.4487125155615,336.44465777184257,336.4487224812795,2,sparse_direct,not_applicable,4.64658073922359e-16,3.872150616019659e-16,0.00782870000693947,0.007160199995269068,0.0,0.015625,6.785354430217447e-05,6.785369689144633e-05,5.895049464456367,5.8950362076797065,1.3256776660419689e-05,1.5488602464078636e-16,1.5488602464078636e-16,3.097720492815727e-16,True,0.015819499996723607,0.015625,,
48,arpack_matvec,central_difference,1.0,0.0020373375775464136,0.167204316487733,272957063.0530595,336.44464780612446,336.44871300690795,336.444657280496,336.4487224812795,2,sparse_direct,not_applicable,3.872150616019659e-16,3.872150616019659e-16,0.006080999999539927,0.0068746999895665795,0.0,0.015625,6.78535481102318e-05,6.785369295206125e-05,5.895049133616095,5.895036549928103,1.2583687992062664e-05,1.5488602464078636e-16,0.0,1.5488602464078636e-16,True,0.01391380000859499,0.015625,,
49,arpack_matvec,central_difference,1.0,0.0020373375775464136,0.13223139820994698,183932612.30349463,336.4446478061245,336.4487080637714,336.4446622236327,336.44872248127956,2,sparse_direct,not_applicable,3.872150616019659e-16,3.097720492815727e-16,0.007586799998534843,0.009016099997097626,0.0,0.015625,6.785350777844126e-05,6.785373353879457e-05,5.895052637604241,5.8950330238100275,1.961379421366871e-05,7.744301232039318e-17,3.097720492815727e-16,3.872150616019659e-16,True,0.01746899999852758,0.015625,,
50,arpack_matvec,central_difference,1.0,0.0020373375775464136,0.11334751883004665,256341480.91311938,336.4446478061245,336.44870617123837,336.4446641161657,336.44872248127956,2,sparse_direct,not_applicable,4.3561694430221163e-16,3.097720492815727e-16,0.00815619999775663,0.007592800000566058,0.0,0.015625,6.785349239023169e-05,6.785374859933775e-05,5.895053974518558,5.895031715372377,2.225914618136926e-05,1.5488602464078636e-16,2.323290369611795e-16,3.872150616019659e-16,True,0.016525700004422106,0.015625,,
51,arpack_matvec,central_difference,1.0,0.0020373375775464136,0.157285587017554,168809634.07999521,336.44464780612446,336.44870981802734,336.44466046937663,336.4487224812795,2,sparse_direct,not_applicable,3.872150616019659e-16,3.097720492815727e-16,0.00829850000445731,0.012528999999631196,0.0,0.015625,6.785351819192122e-05,6.785372301540411e-05,5.895051732890467,5.895033938066924,1.7794823542693905e-05,3.872150616019659e-16,0.0,3.872150616019659e-16,True,0.022635300003457814,0.015625,,
52,arpack_matvec,central_difference,1.0,0.0020373375775464136,0.1404388323360801,229926469.73375157,336.4446478061245,336.4487113765792,336.4446589108249,336.44872248127956,2,sparse_direct,not_applicable,4.64658073922359e-16,3.1945242582162186e-16,0.01308620000781957,0.008628900002804585,0.015625,0.015625,6.78535277096116e-05,6.785371333694858e-05,5.895050906002329,5.895034778917352,1.612708497678028e-05,1.5488602464078636e-16,7.744301232039318e-17,7.744301232039318e-17,True,0.024493999997503124,0.03125,,
53,arpack_matvec,central_difference,1.0,0.0020373375775464136,0.11874465107112268,230279652.9040803,336.44464780612446,336.4487100686182,336.44466021878577,336.4487224812795,2,sparse_direct,not_applicable,3.097720492815727e-16,3.872150616019659e-16,0.008910899996408261,0.007694899992202409,0.0,0.015625,6.785351575327986e-05,6.785372540922196e-05,5.895051944757411,5.895033730095477,1.8214661933413367e-05,0.0,3.097720492815727e-16,3.097720492815727e-16,True,0.01771680000820197,0.015625,,
54,arpack_matvec,central_difference,1.0,0.0020373375775464136,0.14296111306787718,254923195.23269594,336.44464780612446,336.44871150481714,336.4446587825868,336.4487224812795,2,sparse_direct,not_applicable,3.872150616019659e-16,6.9698711088353855e-16,0.009698000008938834,0.00940519999130629,0.015625,0.0,6.785352806143655e-05,6.785371327594412e-05,5.895050875436107,5.895034784217334,1.6091218773439664e-05,2.323290369611795e-16,7.744301232039318e-17,1.5488602464078636e-16,True,0.019910799994249828,0.015625,,
55,arpack_matvec,central_difference,1.0,0.0020373375775464136,0.11705080972767798,248692583.45386204,336.44464780612446,336.44871267642907,336.444657610975,336.4487224812795,2,sparse_direct,not_applicable,3.96895438142015e-16,3.872150616019659e-16,0.008816699992166832,0.0079429000033997,0.015625,0.0,6.785353450666622e-05,6.785370661468818e-05,5.895050315480652,5.895035362937898,1.495254275329927e-05,0.0,7.744301232039318e-17,7.744301232039318e-17,True,0.017969099993933924,0.015625,,
56,arpack_matvec,central_difference,1.0,0.0020373375775464136,0.12874943514719492,254129069.964548,336.44464780612446,336.4487132906067,336.4446569967974,336.4487224812795,2,sparse_direct,not_applicable,3.872150616019659e-16,5.421010862427522e-16,0.008921999993617646,0.009493199991993606,0.015625,0.015625,6.785353875199613e-05,6.785370260300963e-05,5.895049946650465,5.895035711466955,1.4235183510180605e-05,2.323290369611795e-16,7.744301232039318e-17,3.097720492815727e-16,True,0.019855300008202903,0.03125,,
57,arpack_matvec,central_difference,1.0,0.0020373375775464136,0.14289582812104995,271197788.45757914,336.44464780612446,336.44871464753163,336.44465563987234,336.4487224812795,2,sparse_direct,not_applicable,3.1945242582162186e-16,3.29132802361671e-16,0.00852800000575371,0.009031499997945502,0.0,0.015625,6.785354970758037e-05,6.785369143395346e-05,5.895048994840034,5.895036681819247,1.2313020787857454e-05,7.744301232039318e-17,1.5488602464078636e-16,2.323290369611795e-16,True,0.01867280001170002,0.015625,,
58,arpack_matvec,central_difference,1.0,0.0020373375775464136,0.13890550756142006,296553723.66600496,336.4446478061245,336.44871309747305,336.44465718993104,336.44872248127956,2,sparse_direct,not_applicable,4.64658073922359e-16,4.64658073922359e-16,0.007907999999588355,0.008269199999631383,0.0,0.0,6.785352950202709e-05,6.785371182544344e-05,5.895050750278955,5.895034910234786,1.584004416876894e-05,1.5488602464078636e-16,1.5488602464078636e-16,3.097720492815727e-16,True,0.0172411999956239,0.015625,,
59,arpack_matvec,central_difference,1.0,0.0020373375775464136,0.11879047139251764,252632928.21077237,336.44464780612446,336.4487139228577,336.4446563645463,336.4487224812795,2,sparse_direct,not_applicable,3.872150616019659e-16,6.195440985631454e-16,0.00825839999015443,0.009339000011095777,0.015625,0.0,6.785353725372332e-05,6.785370371179871e-05,5.895050076818962,5.895035615136896,1.4461682066091441e-05,1.5488602464078636e-16,0.0,1.5488602464078636e-16,True,0.018785699998261407,0.015625,,
60,arpack_matvec,central_difference,1.0,0.0020373375775464136,0.12007676926225914,187740781.49580362,336.44464780612446,336.44871507048106,336.4446552169229,336.4487224812795,2,sparse_direct,not_applicable,3.872150616019659e-16,4.64658073922359e-16,0.010532300002523698,0.009797899998375215,0.015625,0.015625,6.785354472671354e-05,6.785369699185014e-05,5.895049427572829,5.895036198956761,1.322861606833925e-05,2.323290369611795e-16,7.744301232039318e-17,1.5488602464078636e-16,True,0.02166389999911189,0.03125,,
61,arpack_matvec,central_difference,1.0,0.0020373375775464136,0.11457800798743667,229112513.57257366,336.44464780612446,336.44871752089716,336.4446527665069,336.4487224812795,2,sparse_direct,not_applicable,8.518731355243249e-16,4.64658073922359e-16,0.010961299994960427,0.008272799997939728,0.0,0.015625,6.785356990948011e-05,6.785367136948295e-05,5.895047239719577,5.895038424993746,8.814725830141867e-06,2.323290369611795e-16,2.323290369611795e-16,4.64658073922359e-16,True,0.02031130000250414,0.015625,,
62,arpack_matvec,central_difference,1.0,0.0020373375775464136,0.12762822939190072,207044229.4262615,336.4446478061245,336.4487210666788,336.4446492207253,336.44872248127956,2,sparse_direct,not_applicable,3.097720492815727e-16,3.872150616019659e-16,0.012236199996550567,0.009135000000242144,0.015625,0.0,6.785359582737499e-05,6.78536455149024e-05,5.895044988000816,5.895040671206822,4.316793993375256e-06,7.744301232039318e-17,7.744301232039318e-17,1.5488602464078636e-16,True,0.02258470001106616,0.015625,,
63,arpack_matvec,central_difference,1.0,0.0020373375775464136,0.157921893456511,203364113.33314782,336.44464817910006,336.4487224812795,336.44464780612446,336.448722108304,2,sparse_direct,not_applicable,6.195440985631454e-16,4.162561912221133e-16,0.008658200007630512,0.009219600004144013,0.015625,0.015625,6.785361716264506e-05,6.785362405478745e-05,5.895043134416849,5.895042535635616,5.987812325969344e-07,0.0,1.5488602464078636e-16,1.5488602464078636e-16,True,0.019038200000068173,0.03125,,
64,arpack_matvec,central_difference,1.0,0.0020373375775464136,0.12586686927876012,215075677.822281,336.4446509326814,336.44872248127956,336.4446478061245,336.4487193547227,2,sparse_direct,not_applicable,3.872150616019659e-16,3.872150616019659e-16,0.01065039999957662,0.008295100007671863,0.0,0.015625,6.785364254207905e-05,6.785359867554157e-05,5.895040929482044,5.89504474055528,3.8110732356599897e-06,7.744301232039318e-17,1.5488602464078636e-16,2.323290369611795e-16,True,0.02034529999946244,0.015625,,
65,arpack_matvec,central_difference,1.0,0.0020373375775464136,0.11615220809115309,187314753.47069666,336.4446538267879,336.44872248127956,336.4446478061245,336.4487164606162,2,sparse_direct,not_applicable,3.872150616019659e-16,3.29132802361671e-16,0.009518299993942492,0.008082200001808815,0.015625,0.0,6.785366825855533e-05,6.785357323208668e-05,5.895038695267091,5.895046951055004,8.255787913746815e-06,2.323290369611795e-16,0.0,2.323290369611795e-16,True,0.01896830000623595,0.015625,,
66,arpack_matvec,central_difference,1.0,0.0020373375775464136,0.12634814389729154,193661272.82628736,336.4446549834005,336.44872248127956,336.4446478061245,336.4487153040036,2,sparse_direct,not_applicable,7.744301232039318e-16,6.195440985631454e-16,0.009117800000240095,0.008030500001041219,0.015625,0.015625,6.785368243609059e-05,6.785355875809236e-05,5.895037463541472,5.895048208540649,1.0744999176637293e-05,1.5488602464078636e-16,2.323290369611795e-16,7.744301232039318e-17,True,0.018423899993649684,0.03125,,
67,arpack_matvec,central_difference,1.0,0.0020373375775464136,0.14274129833371776,249551902.37475675,336.4446561576015,336.4487224812795,336.44464780612446,336.44871412980257,2,sparse_direct,not_applicable,4.64658073922359e-16,3.872150616019659e-16,0.008079399995040148,0.010270000013406388,0.0,0.015625,6.785369270012898e-05,6.785354857279716e-05,5.895036571815637,5.895049093428875,1.252161323783696e-05,2.323290369611795e-16,7.744301232039318e-17,3.097720492815727e-16,True,0.01936320000095293,0.015625,,
68,arpack_matvec,central_difference,1.0,0.0020373375775464136,0.15791186972089777,236248237.94513294,336.44465629116064,336.4487224812795,336.44464780612446,336.44871399624344,2,sparse_direct,not_applicable,3.872150616019659e-16,3.872150616019659e-16,0.007661999989068136,0.010557200002949685,0.0,0.015625,6.785369785428337e-05,6.78535431958904e-05,5.895036124029745,5.8950495605692455,1.3436539500588651e-05,3.872150616019659e-16,7.744301232039318e-17,4.64658073922359e-16,True,0.019358300007297657,0.015625,,
69,arpack_matvec,central_difference,1.0,0.0020373375775464136,0.14650391610597963,182649227.27611074,336.4446608012939,336.44872248127956,336.4446478061245,336.4487094861102,2,sparse_direct,not_applicable,3.097720492815727e-16,3.872150616019659e-16,0.009223300003213808,0.0088703999936115,0.015625,0.0,6.785374043225269e-05,6.785350075605434e-05,5.89503242491654,5.895053247703058,2.082278651815983e-05,0.0,7.744301232039318e-17,7.744301232039318e-17,True,0.019370099995285273,0.015625,,
70,arpack_matvec,central_difference,1.0,0.0020373375775464136,0.12519640710805896,212677189.29969144,336.4446636137054,336.44872248127956,336.4446478061245,336.44870667369867,2,sparse_direct,not_applicable,3.872150616019659e-16,3.097720492815727e-16,0.008474100002786145,0.008743899990804493,0.015625,0.015625,6.785376824024485e-05,6.785347277651652e-05,5.895030009000377,5.895055678542019,2.566954164251456e-05,7.744301232039318e-17,0.0,7.744301232039318e-17,True,0.018354099986026995,0.03125,,
71,arpack_matvec,central_difference,1.0,0.0020373375775464136,0.14133866665914663,170160854.15815938,336.4446631739761,336.4487224812795,336.44464780612446,336.4487071134279,2,sparse_direct,not_applicable,3.097720492815727e-16,3.1945242582162186e-16,0.008459000004222617,0.008556699991459027,0.0,0.015625,6.785376426120933e-05,6.785347682606579e-05,5.895030354692823,5.895055326720424,2.497202760132211e-05,7.744301232039318e-17,1.5488602464078636e-16,7.744301232039318e-17,True,0.018273499998031184,0.015625,,
72,arpack_matvec,central_difference,1.0,0.0020373375775464136,0.13666318281807935,199641371.6517736,336.4446613945359,336.44872248127956,336.4446478061245,336.44870889286807,2,sparse_direct,not_applicable,4.64658073922359e-16,5.421010862427522e-16,0.009056499999132939,0.012133800002629869,0.0,0.015625,6.7853749390948e-05,6.78534918214569e-05,5.895031646598469,5.8950540239332305,2.237733476118109e-05,7.744301232039318e-17,1.5488602464078636e-16,7.744301232039318e-17,True,0.022532399991177954,0.015625,,
73,arpack_matvec,central_difference,1.0,0.0020373375775464136,0.13620992718521854,229453385.56933805,336.4446576141017,336.4487224812795,336.44464780612446,336.4487126733023,2,sparse_direct,not_applicable,3.872150616019659e-16,4.64658073922359e-16,0.008049700001720339,0.008070500000030734,0.015625,0.0,6.785371295638203e-05,6.785352804887325e-05,5.895034811980436,5.895050876527595,1.6064547159189146e-05,0.0,0.0,0.0,True,0.0169268000026932,0.015625,,
74,arpack_matvec,central_difference,1.0,0.0020373375775464136,0.15169950034910568,193569886.1480209,336.4446562357791,336.44872248127956,336.4446478061245,336.44871405162496,2,sparse_direct,not_applicable,6.195440985631454e-16,6.195440985631454e-16,0.008936099999118596,0.010095000005094334,0.015625,0.015625,6.78537023871875e-05,6.78535388013509e-05,5.895035730217282,5.89504994236257,1.421214528818382e-05,1.5488602464078636e-16,1.5488602464078636e-16,3.097720492815727e-16,True,0.020370999991428107,0.03125,,
75,arpack_matvec,central_difference,1.0,0.0020373375775464136,0.14947272252891158,185331562.28374,336.44465522306433,336.44872248127956,336.4446478061245,336.44871506433975,2,sparse_direct,not_applicable,4.64658073922359e-16,4.64658073922359e-16,0.00827410000783857,0.008661899992148392,0.0,0.015625,6.785369446934126e-05,6.785354654955739e-05,5.895036418108883,5.8950492692059475,1.2851097064725536e-05,0.0,7.744301232039318e-17,7.744301232039318e-17,True,0.018129899995983578,0.015625,,
76,arpack_matvec,central_difference,1.0,0.0020373375775464136,0.11406543300880717,201406612.61331677,336.444656361814,336.44872248127956,336.4446478061245,336.4487139255901,2,sparse_direct,not_applicable,4.64658073922359e-16,4.64658073922359e-16,0.008706699998583645,0.00877559999935329,0.0,0.015625,6.785370826764823e-05,6.785353297311592e-05,5.89503521933104,5.895050448714041,1.5229383001802432e-05,1.5488602464078636e-16,7.744301232039318e-17,2.323290369611795e-16,True,0.01880679999885615,0.015625,,
77,arpack_matvec,central_difference,1.0,0.0020373375775464136,0.16438098322251918,234791633.1143311,336.4446519692656,336.44872248127956,336.4446478061245,336.4487183181385,2,sparse_direct,not_applicable,3.3881317890172014e-16,4.64658073922359e-16,0.008029100004932843,0.007747000010567717,0.015625,0.0,6.785366388297823e-05,6.785357704254546e-05,5.895039075411579,5.8950466200063785,7.544594799568927e-06,7.744301232039318e-17,7.744301232039318e-17,1.5488602464078636e-16,True,0.01687639999727253,0.015625,,
78,arpack_matvec,central_difference,1.0,0.0020373375775464136,0.15082106157950295,274081094.14258546,336.4446507728169,336.4487224812795,336.44464780612446,336.4487195145871,2,sparse_direct,not_applicable,3.097720492815727e-16,3.097720492815727e-16,0.00867399999697227,0.007596199997351505,0.015625,0.0,6.785365664017091e-05,6.785358454427463e-05,5.895039704657433,5.895045968264197,6.263606763923235e-06,0.0,1.5488602464078636e-16,1.5488602464078636e-16,True,0.017597300000488758,0.015625,,
79,arpack_matvec,central_difference,1.0,0.0020373375775464136,0.156965795734269,278172548.0999017,336.4446491906345,336.4487224812795,336.44464780612446,336.4487210967696,2,sparse_direct,not_applicable,3.872150616019659e-16,3.097720492815727e-16,0.008970299997599795,0.00883250001061242,0.015625,0.015625,6.785364103623076e-05,6.78536000412896e-05,5.895041060308293,5.895044621900622,3.5615923295040375e-06,2.323290369611795e-16,7.744301232039318e-17,1.5488602464078636e-16,True,0.01912579999770969,0.03125,,
80,arpack_matvec,central_difference,1.0,0.0020373375775464136,0.14710105455920308,271075975.1472203,336.44464868044486,336.4487224812795,336.44464780612446,336.4487216069591,2,sparse_direct,not_applicable,5.421010862427522e-16,3.872150616019659e-16,0.008824700009427033,0.009023400009027682,0.0,0.015625,6.785363997012688e-05,6.785360125999813e-05,5.895041152930091,5.895044516020594,3.3630905029724545e-06,1.5488602464078636e-16,7.744301232039318e-17,2.323290369611795e-16,True,0.01899119999143295,0.015625,,
81,arpack_matvec,central_difference,1.0,0.0020373375775464136,0.19403033915659423,258228957.50465012,336.4446478061245,336.44872220105987,336.4446480863442,336.44872248127956,2,sparse_direct,not_applicable,3.872150616019659e-16,5.421010862427522e-16,0.0075456000049598515,0.008716299998923205,0.0,0.015625,6.785362426676606e-05,6.785361666281112e-05,5.8950425172191645,5.895043177841838,6.606226738981036e-07,2.323290369611795e-16,2.323290369611795e-16,0.0,True,0.01733129999774974,0.015625,,
82,arpack_matvec,central_difference,1.0,0.0020373375775464136,0.1300048143350247,238567146.71585843,336.4446478061245,336.44872031282426,336.4446499745798,336.44872248127956,2,sparse_direct,not_applicable,3.872150616019659e-16,4.64658073922359e-16,0.00789329998951871,0.00833490000513848,0.0,0.015625,6.785361180738469e-05,6.785362946221228e-05,5.895043599675661,5.895042065844985,1.533830676692105e-06,7.744301232039318e-17,7.744301232039318e-17,1.5488602464078636e-16,True,0.01729430000705179,0.015625,,
83,arpack_matvec,central_difference,1.0,0.0020373375775464136,0.13611593914480496,189849373.39346674,336.44464780612446,336.4487190888605,336.44465119854345,336.4487224812795,2,sparse_direct,not_applicable,3.0009167274152353e-16,3.872150616019659e-16,0.0086347000033129,0.008452499998384155,0.015625,0.0,6.785359934425625e-05,6.785364191110203e-05,5.8950446824580975,5.89504098430055,3.698157547304959e-06,7.744301232039318e-17,2.323290369611795e-16,3.097720492815727e-16,True,0.018194600008428097,0.015625,,
84,arpack_matvec,central_difference,1.0,0.0020373375775464136,0.13644876230946545,214742485.60653067,336.4446478061245,336.44871721747387,336.4446530699302,336.44872248127956,2,sparse_direct,not_applicable,6.195440985631454e-16,4.64658073922359e-16,0.00806130000273697,0.008577399989007972,0.015625,0.0,6.785358632565147e-05,6.785365514022838e-05,5.89504581350011,5.895039834970543,5.978529566519342e-06,1.5488602464078636e-16,7.744301232039318e-17,7.744301232039318e-17,True,0.017682699995930307,0.015625,,
85,arpack_matvec,central_difference,1.0,0.0020373375775464136,0.15674300374681432,272723087.4200307,336.4446478061245,336.448717528932,336.444652758472,336.44872248127956,2,sparse_direct,not_applicable,6.195440985631454e-16,3.097720492815727e-16,0.009310599998570979,0.008124100000713952,0.015625,0.015625,6.785358547582429e-05,6.785365563942935e-05,5.895045887332173,5.895039791600594,6.0957315790588495e-06,0.0,1.5488602464078636e-16,1.5488602464078636e-16,True,0.018754499993519858,0.03125,,
86,arpack_matvec,central_difference,1.0,0.0020373375775464136,0.1626443329190704,201862027.10954338,336.4446478061245,336.4487169148328,336.4446533725713,336.44872248127956,2,sparse_direct,not_applicable,3.097720492815727e-16,3.872150616019659e-16,0.009133100000326522,0.008988600005977787,0.0,0.015625,6.785357568328212e-05,6.785366559651114e-05,5.895046738097735,5.895038926542047,7.811555687631255e-06,0.0,7.744301232039318e-17,7.744301232039318e-17,True,0.01994439998816233,0.015625,,
87,arpack_matvec,central_difference,1.0,0.0020373375775464136,0.13362352826393925,172234270.74387944,336.4446478061245,336.44871552325674,336.44465476414734,336.44872248127956,2,sparse_direct,not_applicable,4.64658073922359e-16,3.581739319818184e-16,0.00875179999275133,0.008511499996529892,0.0,0.015625,6.785356256123158e-05,6.785367871203795e-05,5.895047878127798,5.895037787082218,1.0091045579585511e-05,7.744301232039318e-17,2.323290369611795e-16,3.097720492815727e-16,True,0.018408000003546476,0.015625,,
88,arpack_matvec,central_difference,1.0,0.0020373375775464136,0.12426315786252867,231616500.57569808,336.4446478061245,336.44871612630936,336.4446541610946,336.44872248127956,2,sparse_direct,not_applicable,3.872150616019659e-16,8.518731355243249e-16,0.009100399998715147,0.008752499998081475,0.015625,0.0,6.785356490286272e-05,6.785367632754317e-05,5.895047674689295,5.895037994243976,9.68044531823864e-06,7.744301232039318e-17,7.744301232039318e-17,1.5488602464078636e-16,True,0.018974999999045394,0.015625,,
89,arpack_matvec,central_difference,1.0,0.0020373375775464136,0.14731216391500612,182063998.6361396,336.44464780612446,336.44871820246914,336.44465208493494,336.4487224812795,2,sparse_direct,not_applicable,4.64658073922359e-16,4.64658073922359e-16,0.00821630000427831,0.008985399996163324,0.015625,0.0,6.785358111983509e-05,6.78536600712255e-05,5.895046265775813,5.895039406571773,6.859204039422195e-06,7.744301232039318e-17,0.0,7.744301232039318e-17,True,0.01839800000016112,0.015625,,
90,arpack_matvec,central_difference,1.0,0.0020373375775464136,0.19483554476449816,309774139.41342837,336.4446478061245,336.44872034881666,336.4446499385874,336.44872248127956,2,sparse_direct,not_applicable,3.872150616019659e-16,3.097720492815727e-16,0.008822899995720945,0.007495900004869327,0.015625,0.015625,6.785360017766565e-05,6.785364083307716e-05,5.895044610052423,5.895041077958028,3.532094395630736e-06,7.744301232039318e-17,0.0,7.744301232039318e-17,True,0.01748339999176096,0.03125,,
91,arpack_matvec,central_difference,1.0,0.0020373375775464136,0.15474736625861624,232650147.90170673,336.4446478061245,336.4487207836028,336.44464950380126,336.44872248127956,2,sparse_direct,not_applicable,4.64658073922359e-16,7.744301232039318e-16,0.008330700002261437,0.00990069999534171,0.0,0.015625,6.785360013504615e-05,6.785364104073998e-05,5.895044613755157,5.895041059916537,3.5538386207178974e-06,1.5488602464078636e-16,2.323290369611795e-16,7.744301232039318e-17,True,0.01944519999960903,0.015625,,
92,arpack_matvec,central_difference,1.0,0.0020373375775464136,0.1295228010505461,225457314.52582178,336.4446478061245,336.448721743929,336.44464854347507,336.44872248127956,2,sparse_direct,not_applicable,6.195440985631454e-16,3.872150616019659e-16,0.008448399996268563,0.008538800000678748,0.0,0.015625,6.785360268154606e-05,6.785363846362357e-05,5.895044392518113,5.895041283813256,3.1087048562028485e-06,3.097720492815727e-16,7.744301232039318e-17,3.872150616019659e-16,True,0.01811269999598153,0.015625,,
93,arpack_matvec,central_difference,1.0,0.0020373375775464136,0.11749678392759264,192553111.00715208,336.4446485308027,336.4487224812795,336.44464780612446,336.4487217566013,2,sparse_direct,not_applicable,3.872150616019659e-16,3.872150616019659e-16,0.0068829999945592135,0.00801020000653807,0.0,0.015625,6.78536068030046e-05,6.785363466596146e-05,5.895044034450469,5.895041613749523,2.42070094547131e-06,3.097720492815727e-16,1.5488602464078636e-16,1.5488602464078636e-16,True,0.01570549998723436,0.015625,,
94,arpack_matvec,central_difference,1.0,0.0020373375775464136,0.13808413915767848,208540740.49864146,336.4446492496194,336.44872248127956,336.4446478061245,336.4487210377846,2,sparse_direct,not_applicable,5.421010862427522e-16,5.421010862427522e-16,0.008014500010176562,0.007941999996546656,0.0,0.0,6.785361388530587e-05,6.785362719073372e-05,5.895043419148269,5.895042263188329,1.1559599402133358e-06,7.744301232039318e-17,7.744301232039318e-17,0.0,True,0.016971200006082654,0.015625,,
95,arpack_matvec,central_difference,1.0,0.0020373375775464136,0.1289245917231885,205509380.05980536,336.44465111378224,336.44872248127956,336.4446478061245,336.4487191736217,2,sparse_direct,not_applicable,3.872150616019659e-16,5.421010862427522e-16,0.007739000007859431,0.008931100004701875,0.015625,0.0,6.785361814191515e-05,6.785362326461379e-05,5.895043049339006,5.895042604284969,4.4505403717920444e-07,7.744301232039318e-17,3.097720492815727e-16,3.872150616019659e-16,True,0.01774419999856036,0.015625,,
96,arpack_matvec,central_difference,1.0,0.0020373375775464136,0.11676507711905688,200076811.5725772,336.4446527577799,336.4487224812795,336.44464780612446,336.44871752962416,2,sparse_direct,not_applicable,5.421010862427522e-16,4.64658073922359e-16,0.005032599990954623,0.006955000004381873,0.0,0.015625,6.785362273647582e-05,6.785361865383617e-05,5.895042650168972,5.895043004863907,3.546949347565942e-07,1.5488602464078636e-16,0.0,1.5488602464078636e-16,True,0.012675000005401671,0.015625,,
97,arpack_matvec,central_difference,1.0,0.0020373375775464136,0.11368099628618038,191502821.68208596,336.44465327801896,336.4487224812795,336.44464780612446,336.4487170093851,2,sparse_direct,not_applicable,3.872150616019659e-16,5.421010862427522e-16,0.00592200001119636,0.008088599992333911,0.0,0.015625,6.785362788258484e-05,6.78536134446888e-05,5.895042203081129,5.89504345742857,1.254347441026482e-06,7.744301232039318e-17,4.64658073922359e-16,5.421010862427522e-16,True,0.014763700004550628,0.015625,,
98,arpack_matvec,central_difference,1.0,0.0020373375775464136,0.16030593304896718,224276080.5307983,336.4446530853743,336.4487224812795,336.44464780612446,336.4487172020297,2,sparse_direct,not_applicable,3.872150616019659e-16,4.64658073922359e-16,0.0063224999903468415,0.005195100005948916,0.0,0.015625,6.785363023727402e-05,6.785361121320978e-05,5.8950419985085505,5.895043651296893,1.65278834263205e-06,7.744301232039318e-17,0.0,7.744301232039318e-17,True,0.012297399996896274,0.015625,,
99,arpack_matvec,central_difference,1.0,0.0020373375775464136,0.1419829533161303,250144565.66394484,336.4446542084051,336.4487224812795,336.44464780612446,336.448716078999,2,sparse_direct,not_applicable,6.195440985631454e-16,4.64658073922359e-16,0.00848730000143405,0.007820300001185387,0.0,0.015625,6.785363435361167e-05,6.785360680515009e-05,5.895041640886094,5.895044034264071,2.3933779766949215e-06,2.323290369611795e-16,2.323290369611795e-16,4.64658073922359e-16,True,0.01716360000136774,0.015625,,
100,arpack_matvec,central_difference,1.0,0.0020373375775464136,0.15807212772020468,297513423.31717044,336.4446546343729,336.4487224812795,336.44464780612446,336.44871565303106,2,sparse_direct,not_applicable,5.421010862427522e-16,3.097720492815727e-16,0.006663599997409619,0.005085400000098161,0.0,0.015625,6.785363695734601e-05,6.785360440867082e-05,5.895041414676815,5.895044242467467,2.8277906523044294e-06,2.323290369611795e-16,0.0,2.323290369611795e-16,True,0.012532000007922761,0.015625,,
101,arpack_matvec,central_difference,1.0,0.0020373375775464136,0.12644798758800577,266194892.57851785,336.4446535511421,336.44872248127956,336.4446478061245,336.448716736262,2,sparse_direct,not_applicable,3.872150616019659e-16,3.872150616019659e-16,0.008571300000767224,0.005729800002882257,0.0,0.015625,6.785363743311881e-05,6.785360391765556e-05,5.895041373342253,5.895044285126316,2.9117840627534974e-06,7.744301232039318e-17,7.744301232039318e-17,1.5488602464078636e-16,True,0.015514099999563769,0.015625,,
102,arpack_matvec,central_difference,1.0,0.0020373375775464136,0.1440165543325978,297373704.89027154,336.4446557553681,336.4487224812795,336.44464780612446,336.44871453203586,2,sparse_direct,not_applicable,3.872150616019659e-16,3.872150616019659e-16,0.008633300007204525,0.007277400000020862,0.0,0.015625,6.785364363641615e-05,6.785359784331194e-05,5.895040834407385,5.89504481285846,3.9784510752483015e-06,7.744301232039318e-17,7.744301232039318e-17,0.0,True,0.01655159999791067,0.015625,,
103,arpack_matvec,central_difference,1.0,0.0020373375775464136,0.10794620102374787,242391448.70924267,336.44465604444594,336.4487224812795,336.44464780612446,336.44871424295815,2,sparse_direct,not_applicable,4.64658073922359e-16,3.872150616019659e-16,0.008377199992537498,0.008233100001234561,0.0,0.015625,6.785364683894641e-05,6.785359441152483e-05,5.8950405561755215,5.895045111008306,4.55483278472002e-06,0.0,0.0,0.0,True,0.01782449999882374,0.015625,,
104,arpack_matvec,central_difference,1.0,0.0020373375775464136,0.15111380087977147,193952616.35474324,336.44465284462996,336.4487224812795,336.44464780612446,336.448717442774,2,sparse_direct,not_applicable,3.872150616019659e-16,3.872150616019659e-16,0.009136100008618087,0.007824899992556311,0.015625,0.0,6.785363980930841e-05,6.785360174981408e-05,5.895041166901802,5.895044473465935,3.306564133609413e-06,0.0,2.323290369611795e-16,2.323290369611795e-16,True,0.017916600001626648,0.015625,,
105,arpack_matvec,central_difference,1.0,0.0020373375775464136,0.11121702229653836,229027565.0970159,336.44465192835844,336.44872248127956,336.4446478061245,336.44871835904564,2,sparse_direct,not_applicable,3.097720492815727e-16,5.421010862427522e-16,0.009370900006615557,0.008045100010349415,0.015625,0.0,6.785364068306617e-05,6.785360065983872e-05,5.895041090990798,5.895044568161768,3.477170969823362e-06,1.5488602464078636e-16,7.744301232039318e-17,2.323290369611795e-16,True,0.018403399997623637,0.015625,,
106,arpack_matvec,central_difference,1.0,0.0020373375775464136,0.121727810570201,201652980.78330392,336.4446502879349,336.44872248127956,336.4446478061245,336.4487199994692,2,sparse_direct,not_applicable,3.097720492815727e-16,4.64658073922359e-16,0.008481299999402836,0.007583200000226498,0.015625,0.0,6.785363797151197e-05,6.785360345506454e-05,5.895041326567312,5.8950443253157,2.9987483882720767e-06,1.5488602464078636e-16,7.744301232039318e-17,7.744301232039318e-17,True,0.01742210000520572,0.015625,,
107,arpack_matvec,central_difference,1.0,0.0020373375775464136,0.13546363899302846,220476719.7102301,336.4446494657405,336.4487224812795,336.44464780612446,336.4487208216636,2,sparse_direct,not_applicable,4.64658073922359e-16,6.195440985631454e-16,0.008278399996925145,0.007668300007935613,0.015625,0.0,6.78536346014754e-05,6.78536067515006e-05,5.895041619351994,5.895044038925079,2.4195730849996266e-06,3.097720492815727e-16,1.5488602464078636e-16,1.5488602464078636e-16,True,0.01710800000000745,0.015625,,
108,arpack_matvec,central_difference,1.0,0.0020373375775464136,0.13461079591111225,200816894.76648083,336.44464780612446,336.4487220482092,336.44464823919475,336.4487224812795,2,sparse_direct,not_applicable,3.872150616019659e-16,3.872150616019659e-16,0.008003299997653812,0.007231800002045929,0.0,0.015625,6.785363035813906e-05,6.785361074470817e-05,5.89504198800794,5.895043691999774,1.7039918338568327e-06,7.744301232039318e-17,1.5488602464078636e-16,2.323290369611795e-16,True,0.016488399996887892,0.015625,,
109,arpack_matvec,central_difference,1.0,0.0020373375775464136,0.11048101885791929,192019509.47576946,336.44464780612446,336.44872051399085,336.44464977341323,336.4487224812795,2,sparse_direct,not_applicable,3.872150616019659e-16,3.872150616019659e-16,0.0083398999995552,0.009257800003979355,0.0,0.015625,6.785363146700175e-05,6.785361002651136e-05,5.895041891671282,5.895043754395888,1.8627246065605618e-06,1.5488602464078636e-16,7.744301232039318e-17,2.323290369611795e-16,True,0.018687599993427284,0.015625,,
110,arpack_matvec,central_difference,1.0,0.0020373375775464136,0.10972572832555233,217150269.68420938,336.4446478061245,336.44871876186807,336.444651525536,336.44872248127956,2,sparse_direct,not_applicable,4.64658073922359e-16,4.64658073922359e-16,0.007951600011438131,0.008353600002010353,0.0,0.015625,6.785362831664368e-05,6.785361289433485e-05,5.895042165370614,5.895043505242685,1.3398720710711132e-06,7.744301232039318e-17,7.744301232039318e-17,1.5488602464078636e-16,True,0.017251700002816506,0.015625,,
111,arpack_matvec,central_difference,1.0,0.0020373375775464136,0.12222104192206754,229783971.9841252,336.44464780612446,336.4487173002761,336.4446529871279,336.4487224812795,2,sparse_direct,not_applicable,4.64658073922359e-16,3.097720492815727e-16,0.007670899998629466,0.005836600001202896,0.0,0.015625,6.785362583278714e-05,6.7853615507887e-05,5.895042381165111,5.895043278180303,8.970151919029945e-07,7.744301232039318e-17,7.744301232039318e-17,1.5488602464078636e-16,True,0.014416400008485653,0.015625,,
112,arpack_matvec,central_difference,1.0,0.0020373375775464136,0.169094610239738,266207141.83215675,336.4446478061245,336.4487175246554,336.44465276274866,336.44872248127956,2,sparse_direct,not_applicable,4.64658073922359e-16,4.64658073922359e-16,0.004878000007010996,0.006207499987795018,0.0,0.015625,6.785362287625448e-05,6.785361814817096e-05,5.895042638025166,5.895043048795509,4.1077034307335225e-07,2.323290369611795e-16,7.744301232039318e-17,3.097720492815727e-16,True,0.011626200008322485,0.015625,,
113,arpack_matvec,central_difference,1.0,0.0020373375775464136,0.12236640364766185,175887910.99197558,336.4446478061245,336.44871249253094,336.44465779487314,336.44872248127956,2,sparse_direct,not_applicable,4.64658073922359e-16,4.64658073922359e-16,0.00852370000211522,0.006258900000830181,0.0,0.015625,6.785362234309431e-05,6.785361898619076e-05,5.895042684345493,5.8950429759893295,2.9164383619217915e-07,2.323290369611795e-16,0.0,2.323290369611795e-16,True,0.015713499989942648,0.015625,,
114,arpack_matvec,central_difference,1.0,0.0020373375775464136,0.12391743404434476,220225072.61475238,336.4446478061245,336.4487105816624,336.4446597057417,336.44872248127956,2,sparse_direct,not_applicable,5.421010862427522e-16,5.421010862427522e-16,0.007572100003017113,0.007441499998094514,0.0,0.015625,6.78536211182998e-05,6.785362010303323e-05,5.895042790754198,5.895042878959365,8.820516672614076e-08,3.097720492815727e-16,1.5488602464078636e-16,1.5488602464078636e-16,True,0.015789099998073652,0.015625,,
115,arpack_matvec,central_difference,1.0,0.0020373375775464136,0.12655875239617706,181347282.49132097,336.44464780612446,336.4487089298221,336.444661357582,336.4487224812795,2,sparse_direct,not_applicable,3.872150616019659e-16,6.9698711088353855e-16,0.007192999997641891,0.00649899999552872,0.0,0.015625,6.785361972885977e-05,6.785362157170131e-05,5.895042911467115,5.895042751363208,1.6010390702092536e-07,2.323290369611795e-16,3.097720492815727e-16,5.421010862427522e-16,True,0.014396900005522184,0.015625,,
116,arpack_matvec,central_difference,1.0,0.0020373375775464136,0.14252218988971663,189107125.2224398,336.4446478061245,336.44871036566656,336.4446599217375,336.44872248127956,2,sparse_direct,not_applicable,4.64658073922359e-16,3.097720492815727e-16,0.00786520000838209,0.006839700014097616,0.0,0.015625,6.78536187992259e-05,6.785362257614147e-05,5.895042992232617,5.895042664098631,3.2813398576081454e-07,0.0,1.5488602464078636e-16,1.5488602464078636e-16,True,0.015514500002609566,0.015625,,
117,arpack_matvec,central_difference,1.0,0.0020373375775464136,0.15221041562343987,260641168.46577612,336.4446478061245,336.4487124683419,336.44465781906206,336.44872248127956,2,sparse_direct,not_applicable,6.9698711088353855e-16,5.421010862427522e-16,0.0050334000115981326,0.00734879999072291,0.0,0.0,6.785361805884601e-05,6.785362306191673e-05,5.895043056555957,5.895042621895049,4.346609072669594e-07,3.097720492815727e-16,7.744301232039318e-17,3.872150616019659e-16,True,0.012810200001695193,0.0,,
118,arpack_matvec,central_difference,1.0,0.0020373375775464136,0.1317314474126698,225747537.59015447,336.4446478061245,336.44871091383817,336.4446593735659,336.44872248127956,2,sparse_direct,not_applicable,4.64658073922359e-16,6.195440985631454e-16,0.006641599989961833,0.007731899997452274,0.015625,0.0,6.785361645901424e-05,6.785362503987353e-05,5.8950431955474745,5.895042450052505,7.454949697560664e-07,1.5488602464078636e-16,1.5488602464078636e-16,3.097720492815727e-16,True,0.015101800003321841,0.015625,,
119,arpack_matvec,central_difference,1.0,0.0020373375775464136,0.12223841672877335,190338958.10073656,336.44464780612446,336.4487128708381,336.44465741656586,336.4487224812795,2,sparse_direct,not_applicable,5.421010862427522e-16,5.421010862427522e-16,0.008361000000149943,0.007349499996053055,0.015625,0.0,6.785361554578434e-05,6.78536258062394e-05,5.8950432748878265,5.895042383471547,8.914162794582126e-07,1.5488602464078636e-16,0.0,1.5488602464078636e-16,True,0.016468299989355728,0.015625,,
120,arpack_matvec,central_difference,1.0,0.0020373375775464136,0.1362192795782404,213850380.2353297,336.44464780612446,336.4487161031046,336.4446541842994,336.4487224812795,2,sparse_direct,not_applicable,5.421010862427522e-16,5.421010862427522e-16,0.005123700000694953,0.004675499993027188,0.015625,0.0,6.785361574060824e-05,6.78536255573742e-05,5.895043257961752,5.895042405092661,8.528690909059833e-07,2.323290369611795e-16,2.323290369611795e-16,4.64658073922359e-16,True,0.010192500005359761,0.015625,,
121,arpack_matvec,central_difference,1.0,0.0020373375775464136,0.1705079432247473,233770645.31049374,336.4446478061245,336.448719787357,336.4446505000471,336.44872248127956,2,sparse_direct,not_applicable,3.097720492815727e-16,4.64658073922359e-16,0.0066808000119635835,0.005953899992164224,0.0,0.0,6.78536166694765e-05,6.78536243352044e-05,5.8950431772627585,5.895042511273323,6.659894351557227e-07,0.0,7.744301232039318e-17,7.744301232039318e-17,True,0.013110500003676862,0.015625,,
122,arpack_matvec,central_difference,1.0,0.0020373375775464136,0.12946298620985286,265552109.17055517,336.44464780612446,336.4487213414564,336.44464894594756,336.4487224812795,2,sparse_direct,not_applicable,3.097720492815727e-16,5.421010862427522e-16,0.008091900002909824,0.007724600000074133,0.015625,0.0,6.785361506797458e-05,6.7853626320857e-05,5.8950433163993825,5.895042338762183,9.776371996395028e-07,2.323290369611795e-16,7.744301232039318e-17,3.097720492815727e-16,True,0.016888000012841076,0.015625,,
123,arpack_matvec,central_difference,1.0,0.0020373375775464136,0.14399329893180607,272736133.3452781,336.44464877297844,336.4487224812795,336.44464780612446,336.44872151442564,2,sparse_direct,not_applicable,8.518731355243249e-16,3.872150616019659e-16,0.008826600009342656,0.007962800009408966,0.015625,0.0,6.785361657583674e-05,6.785362456676151e-05,5.895043185398072,5.895042491155916,6.942421562072809e-07,7.744301232039318e-17,7.744301232039318e-17,1.5488602464078636e-16,True,0.017769999991287477,0.015625,,
124,arpack_matvec,central_difference,1.0,0.0020373375775464136,0.13042047427865847,265557536.19803348,336.4446514718315,336.4487224812795,336.44464780612446,336.4487188155725,2,sparse_direct,not_applicable,3.097720492815727e-16,4.64658073922359e-16,0.007416500011458993,0.005303099998855032,0.015625,0.0,6.785361482912223e-05,6.785362649382093e-05,5.895043337150598,5.895042323735281,1.0134153169971682e-06,1.5488602464078636e-16,2.323290369611795e-16,7.744301232039318e-17,True,0.0134500999993179,0.015625,,
125,arpack_matvec,central_difference,1.0,0.0020373375775464136,0.17865728152617016,261049762.7740409,336.44465250249146,336.44872248127956,336.4446478061245,336.4487177849126,2,sparse_direct,not_applicable,5.421010862427522e-16,4.162561912221133e-16,0.008852400002069771,0.007565500010969117,0.015625,0.0,6.785361676468562e-05,6.785362414538783e-05,5.895043168991101,5.895042527764362,6.412267392619242e-07,3.097720492815727e-16,7.744301232039318e-17,2.323290369611795e-16,True,0.017389500004355796,0.015625,,
126,arpack_matvec,central_difference,1.0,0.0020373375775464136,0.12315552214465457,252617715.08295873,336.4446574502215,336.4487224812795,336.44464780612446,336.4487128371825,2,sparse_direct,not_applicable,4.64658073922359e-16,3.872150616019659e-16,0.007335999995120801,0.007708500008448027,0.015625,0.0,6.785361534936142e-05,6.785362582004436e-05,5.895043291952821,5.895042382272189,9.096806321551298e-07,7.744301232039318e-17,0.0,7.744301232039318e-17,True,0.015975800008163787,0.015625,,
127,arpack_matvec,central_difference,1.0,0.0020373375775464136,0.12395290226414674,193882853.8661973,336.4446595406235,336.4487224812795,336.44464780612446,336.4487107467806,2,sparse_direct,not_applicable,3.29132802361671e-16,3.872150616019659e-16,0.008821299998089671,0.008628800002043135,0.015625,0.0,6.785361569515983e-05,6.78536254564255e-05,5.895043261910257,5.895042413862964,8.480472937222316e-07,0.0,0.0,0.0,True,0.01837949999026023,0.015625,,
128,arpack_matvec,central_difference,1.0,0.0020373375775464136,0.13327424987868333,236430619.17564154,336.44466132875016,336.44872248127956,336.4446478061245,336.4487089586539,2,sparse_direct,not_applicable,3.872150616019659e-16,3.872150616019659e-16,0.00619390000065323,0.007878900010837242,0.015625,0.0,6.785361643189106e-05,6.785362484860237e-05,5.895043197903905,5.895042466669915,7.312339898035702e-07,2.323290369611795e-16,1.5488602464078636e-16,7.744301232039318e-17,True,0.015086300001712516,0.015625,,
129,arpack_matvec,central_difference,1.0,0.0020373375775464136,0.1576064464994576,271823318.8279895,336.4446592517945,336.4487224812795,336.44464780612446,336.44871103560956,2,sparse_direct,not_applicable,3.872150616019659e-16,5.421010862427522e-16,0.01009650000196416,0.008438699995167553,0.015625,0.0,6.78536177220678e-05,6.78536232861729e-05,5.895043085814854,5.895042602411939,4.834029150302399e-07,0.0,2.323290369611795e-16,2.323290369611795e-16,True,0.020002200006274506,0.015625,,
130,arpack_matvec,central_difference,1.0,0.0020373375775464136,0.15322037343235154,207012531.2848287,336.4446638477344,336.44872248127956,336.4446478061245,336.4487064396697,2,sparse_direct,not_applicable,3.872150616019659e-16,3.872150616019659e-16,0.007071400003042072,0.005196999991312623,0.015625,0.0,6.78536178160257e-05,6.78536234055644e-05,5.895043077651901,5.8950425920393466,4.856125546126577e-07,2.323290369611795e-16,7.744301232039318e-17,3.097720492815727e-16,True,0.012972500000614673,0.015625,,
131,arpack_matvec,central_difference,1.0,0.0020373375775464136,0.10995305417936196,159605321.25441775,336.4446745942717,336.44872248127956,336.4446478061245,336.4486956931324,2,sparse_direct,not_applicable,5.421010862427522e-16,3.097720492815727e-16,0.0054813999886391684,0.007208900002297014,0.0,0.015625,6.785361701919209e-05,6.785362428905925e-05,5.895043146879876,5.895042515282359,6.315975165094301e-07,7.744301232039318e-17,7.744301232039318e-17,0.0,True,0.01312859999598004,0.015625,,
132,arpack_matvec,central_difference,1.0,0.0020373375775464136,0.11762612542007078,241114457.4624528,336.4446740554875,336.44872248127956,336.4446478061245,336.4486962319166,2,sparse_direct,not_applicable,3.097720492815727e-16,5.421010862427522e-16,0.008324700000230223,0.006015899998601526,0.0,0.015625,6.785361775772445e-05,6.785362338382265e-05,5.895043082717046,5.8950425939282445,4.887888014337705e-07,0.0,3.097720492815727e-16,3.097720492815727e-16,True,0.015261100008501671,0.015625,,
133,arpack_matvec,central_difference,1.0,0.0020373375775464136,0.13836343816101496,182169463.03735545,336.4446709991818,336.44872248127956,336.4446478061245,336.44869928822226,2,sparse_direct,not_applicable,3.872150616019659e-16,3.097720492815727e-16,0.007940900002722628,0.007655099994735792,0.0,0.015625,6.785361874192649e-05,6.785362252065621e-05,5.895042997210723,5.895042668919125,3.2829159835046084e-07,2.323290369611795e-16,0.0,2.323290369611795e-16,True,0.01650589999917429,0.015625,,
134,arpack_matvec,central_difference,1.0,0.0020373375775464136,0.16908451878409775,299126641.97488904,336.4446628951901,336.44872248127956,336.4446478061245,336.448707392214,2,sparse_direct,not_applicable,3.872150616019659e-16,4.64658073922359e-16,0.008252200001152232,0.0052859999996144325,0.0,0.015625,6.78536198485955e-05,6.785362119004344e-05,5.895042901064616,5.895042784521194,1.1654342202405132e-07,7.744301232039318e-17,7.744301232039318e-17,1.5488602464078636e-16,True,0.014528499988955446,0.015625,,
135,arpack_matvec,central_difference,1.0,0.0020373375775464136,0.13580008608129954,234940905.07282382,336.4446660035437,336.44872248127956,336.4446478061245,336.44870428386037,2,sparse_direct,not_applicable,6.195440985631454e-16,3.3881317890172014e-16,0.0048765000101411715,0.006617000006372109,0.0,0.0,6.785362059007705e-05,6.785362072931914e-05,5.895042836645569,5.89504282454838,1.2097189028281718e-08,2.323290369611795e-16,3.097720492815727e-16,5.421010862427522e-16,True,0.01194769999710843,0.0,,
136,arpack_matvec,central_difference,1.0,0.0020373375775464136,0.1267397628816156,214792185.29532385,336.44466584506824,336.44872248127956,336.4446478061245,336.4487044423357,2,sparse_direct,not_applicable,3.872150616019659e-16,4.64658073922359e-16,0.007836699995095842,0.007980800000950694,0.015625,0.015625,6.785362138216221e-05,6.785361990130291e-05,5.895042767830142,5.8950428964854575,1.286553157342496e-07,1.5488602464078636e-16,7.744301232039318e-17,7.744301232039318e-17,True,0.016870000006747432,0.03125,,
137,arpack_matvec,central_difference,1.0,0.0020373375775464136,0.10898000260228931,188401024.12381634,336.44466696075125,336.4487224812795,336.44464780612446,336.4487033266527,2,sparse_direct,not_applicable,4.64658073922359e-16,3.097720492815727e-16,0.0076643999927910045,0.009059100004378706,0.0,0.015625,6.785362284286153e-05,6.78536188607098e-05,5.895042640926307,5.895042986890967,3.459646604753175e-07,2.323290369611795e-16,0.0,2.323290369611795e-16,True,0.01754070000606589,0.015625,,
138,arpack_matvec,central_difference,1.0,0.0020373375775464136,0.1267484100326113,208284751.8378085,336.444659840115,336.44872248127956,336.4446478061245,336.448710447289,2,sparse_direct,not_applicable,3.872150616019659e-16,6.195440985631454e-16,0.00798949999443721,0.008245099990745075,0.0,0.015625,6.785362280327673e-05,6.785361839774735e-05,5.895042644365388,5.895043027112604,3.8274721614328655e-07,7.744301232039318e-17,7.744301232039318e-17,1.5488602464078636e-16,True,0.017298599996138364,0.015625,,
139,arpack_matvec,central_difference,1.0,0.0020373375775464136,0.12858348612146098,209107611.59753123,336.44465659208794,336.4487224812795,336.44464780612446,336.44871369531614,2,sparse_direct,not_applicable,4.64658073922359e-16,3.097720492815727e-16,0.007591999994474463,0.008028800002648495,0.0,0.015625,6.785362393329868e-05,6.785361756372056e-05,5.895042546190417,5.895043099571877,5.533814606550891e-07,1.5488602464078636e-16,1.5488602464078636e-16,3.097720492815727e-16,True,0.016393600002629682,0.015625,,
140,arpack_matvec,central_difference,1.0,0.0020373375775464136,0.10630437917580367,183731555.478147,336.4446535481128,336.44872248127956,336.4446478061245,336.4487167392913,2,sparse_direct,not_applicable,5.421010862427522e-16,3.097720492815727e-16,0.007056899994495325,0.007401500013656914,0.0,0.015625,6.785362474211433e-05,6.785361673516209e-05,5.895042475921471,5.895043171556071,6.956345997011226e-07,2.323290369611795e-16,7.744301232039318e-17,1.5488602464078636e-16,True,0.015266600006725639,0.015625,,
141,arpack_matvec,central_difference,1.0,0.0020373375775464136,0.11722898202780531,204673081.29795966,336.4446478061245,336.4487221073361,336.444648180068,336.44872248127956,2,sparse_direct,not_applicable,3.097720492815727e-16,5.421010862427522e-16,0.007775099991704337,0.006817000001319684,0.0,0.015625,6.785362419432976e-05,6.785361697769558e-05,5.895042523512346,5.895043150485044,6.269726986474211e-07,0.0,0.0,0.0,True,0.015413100001751445,0.015625,,
142,arpack_matvec,central_difference,1.0,0.0020373375775464136,0.16205441508883114,207194161.438843,336.44464780612446,336.4487184776566,336.44465180974737,336.4487224812795,2,sparse_direct,not_applicable,5.421010862427522e-16,3.872150616019659e-16,0.008882800000719726,0.008827400000882335,0.015625,0.0,6.785362365120348e-05,6.785361760901218e-05,5.8950425706985135,5.895043095636995,5.249384811278901e-07,0.0,1.5488602464078636e-16,1.5488602464078636e-16,True,0.01871950000349898,0.015625,,
143,arpack_matvec,central_difference,1.0,0.0020373375775464136,0.1281286341289621,236028900.83981356,336.4446478061245,336.4487129543472,336.4446573330569,336.44872248127956,2,sparse_direct,not_applicable,5.421010862427522e-16,5.421010862427522e-16,0.00591599999461323,0.005115099993417971,0.015625,0.0,6.785362401533072e-05,6.785361693390169e-05,5.89504253906357,5.895043154289806,6.152262361780458e-07,2.323290369611795e-16,0.0,2.323290369611795e-16,True,0.011835299999802373,0.015625,,
144,arpack_matvec,central_difference,1.0,0.0020373375775464136,0.14961994834379916,282794317.90606236,336.44464780612446,336.4487096399373,336.44466064746666,336.4487224812795,2,sparse_direct,not_applicable,4.64658073922359e-16,3.097720492815727e-16,0.004862000001594424,0.008087100010016002,0.0,0.015625,6.785362397022562e-05,6.785361721953988e-05,5.895042542982248,5.895043129473893,5.864916454711988e-07,0.0,1.5488602464078636e-16,1.5488602464078636e-16,True,0.013831899996148422,0.015625,,
145,arpack_matvec,central_difference,1.0,0.0020373375775464136,0.11398714161736503,257329142.33663276,336.44464780612446,336.4487044273545,336.44466586004944,336.4487224812795,2,sparse_direct,not_applicable,3.872150616019659e-16,3.872150616019659e-16,0.009785100002773106,0.007779799998388626,0.0,0.0,6.7853623992175e-05,6.785361723970316e-05,5.895042541075311,5.895043127722131,5.86646820011083e-07,1.5488602464078636e-16,0.0,1.5488602464078636e-16,True,0.018849799991585314,0.015625,,
146,arpack_matvec,central_difference,1.0,0.0020373375775464136,0.15381125352682734,294327857.0073447,336.44464780612446,336.4487012328881,336.4446690545159,336.4487224812795,2,sparse_direct,not_applicable,3.097720492815727e-16,4.64658073922359e-16,0.007130800004233606,0.004660799997509457,0.015625,0.0,6.785362411795392e-05,6.785361704143242e-05,5.895042530147787,5.895043144947661,6.147998741212746e-07,1.5488602464078636e-16,1.5488602464078636e-16,0.0,True,0.012509800013503991,0.015625,,
147,arpack_matvec,central_difference,1.0,0.0020373375775464136,0.10916219109773306,236747888.8306028,336.4446478061245,336.44869191687786,336.4446783705262,336.44872248127956,2,sparse_direct,not_applicable,6.9698711088353855e-16,5.421010862427522e-16,0.0065660999971441925,0.0059708000044338405,0.0,0.015625,6.785362480630033e-05,6.785361601425567e-05,5.895042470345067,5.895043234187582,7.638425145728434e-07,0.0,7.744301232039318e-17,7.744301232039318e-17,True,0.012988800008315593,0.015625,,
148,arpack_matvec,central_difference,1.0,0.0020373375775464136,0.14800694115086727,187882618.4537351,336.44464780612446,336.44869313346754,336.4446771539364,336.4487224812795,2,sparse_direct,not_applicable,3.872150616019659e-16,5.421010862427522e-16,0.0082747999986168,0.006237699999473989,0.0,0.015625,6.785362412055466e-05,6.785361716626414e-05,5.895042529921838,5.895043134102427,6.041805891143781e-07,1.5488602464078636e-16,3.872150616019659e-16,2.323290369611795e-16,True,0.015487000011489727,0.015625,,
149,arpack_matvec,central_difference,1.0,0.0020373375775464136,0.12025054528113734,226480873.05684543,336.44464780612446,336.4486879342288,336.44468235317515,336.4487224812795,2,sparse_direct,not_applicable,3.872150616019659e-16,4.64658073922359e-16,0.005512300005648285,0.007115200001862831,0.0,0.015625,6.785362411945555e-05,6.785361695026301e-05,5.895042530017327,5.895043152868353,6.228510258665665e-07,1.5488602464078636e-16,1.5488602464078636e-16,0.0,True,0.01335149999067653,0.015625,,
150,arpack_matvec,central_difference,1.0,0.0020373375775464136,0.11142634616940458,203490803.9380365,336.4446478061245,336.4486765469321,336.44469374047185,336.44872248127956,2,sparse_direct,not_applicable,4.64658073922359e-16,4.64658073922359e-16,0.008048300005611964,0.00802300000214018,0.0,0.015625,6.785362455035481e-05,6.785361675350714e-05,5.895042492581311,5.895043169962274,6.77380962876839e-07,1.5488602464078636e-16,7.744301232039318e-17,7.744301232039318e-17,True,0.01720299999578856,0.015625,,
151,arpack_matvec,central_difference,1.0,0.0020373375775464136,0.1480878967036922,215793041.30668965,336.44464780612446,336.44868392620845,336.4446863611955,336.4487224812795,2,sparse_direct,not_applicable,3.872150616019659e-16,4.64658073922359e-16,0.007626399994478561,0.009206700007780455,0.0,0.015625,6.785362347471817e-05,6.785361777157486e-05,5.895042586031348,5.895043081513738,4.954823902281191e-07,7.744301232039318e-17,7.744301232039318e-17,0.0,True,0.017873799995868467,0.015625,,
152,arpack_matvec,central_difference,1.0,0.0020373375775464136,0.13339904377775838,214069192.92444158,336.44464780612446,336.4486840614814,336.44468622592257,336.4487224812795,2,sparse_direct,not_applicable,7.744301232039318e-16,3.872150616019659e-16,0.008167399995727465,0.008212800006731413,0.0,0.015625,6.785362284957201e-05,6.785361825551997e-05,5.895042640343308,5.895043039469153,3.9912584437473697e-07,0.0,1.5488602464078636e-16,1.5488602464078636e-16,True,0.017582700005732477,0.015625,,
153,arpack_matvec,central_difference,1.0,0.0020373375775464136,0.11199514255265111,196952839.80937302,336.44464780612446,336.44867295401576,336.4446973333882,336.4487224812795,2,sparse_direct,not_applicable,3.097720492815727e-16,4.64658073922359e-16,0.008470100001432002,0.008006799995200709,0.0,0.0,6.785362317733767e-05,6.785361834218215e-05,5.895042611867415,5.895043031940044,4.200726291259116e-07,2.323290369611795e-16,0.0,2.323290369611795e-16,True,0.01746600000478793,0.015625,,
154,arpack_matvec,central_difference,1.0,0.0020373375775464136,0.12225082967945129,220116763.05965695,336.44464780612446,336.44868052502846,336.4446897623756,336.4487224812795,2,sparse_direct,not_applicable,5.421010862427522e-16,3.097720492815727e-16,0.007178499989095144,0.007551099988631904,0.015625,0.0,6.785362203631425e-05,6.785361919467416e-05,5.895042710998183,5.8950429578765355,2.468783524278706e-07,7.744301232039318e-17,1.5488602464078636e-16,2.323290369611795e-16,True,0.01596590000553988,0.015625,,
155,arpack_matvec,central_difference,1.0,0.0020373375775464136,0.12895946864880964,227712894.1828879,336.4446478061245,336.44868430964846,336.4446859777556,336.44872248127956,2,sparse_direct,not_applicable,3.872150616019659e-16,4.64658073922359e-16,0.009199899999657646,0.007903799996711314,0.015625,0.0,6.7853621414116e-05,6.785361994026071e-05,5.8950427650540345,5.89504289310085,1.2804681581712885e-07,7.744301232039318e-17,2.323290369611795e-16,1.5488602464078636e-16,True,0.018118899999535643,0.015625,,
156,arpack_matvec,central_difference,1.0,0.0020373375775464136,0.16458179955931054,277984595.5438414,336.4446478061245,336.4486964864503,336.4446738009538,336.44872248127956,2,sparse_direct,not_applicable,3.097720492815727e-16,3.872150616019659e-16,0.00782220000110101,0.005290999994031154,0.015625,0.0,6.785362058296593e-05,6.78536204662029e-05,5.895042837263375,5.89504284740761,1.0144234785514072e-08,3.097720492815727e-16,1.5488602464078636e-16,4.64658073922359e-16,True,0.014268099999753758,0.015625,,
157,arpack_matvec,central_difference,1.0,0.0020373375775464136,0.11061716400690126,167776171.64357555,336.44464780612446,336.44868498267095,336.444685304733,336.4487224812795,2,sparse_direct,not_applicable,4.64658073922359e-16,3.3881317890172014e-16,0.005868899999768473,0.0070401999983005226,0.015625,0.0,6.785361990584754e-05,6.785362166931922e-05,5.895042896090626,5.895042742882279,1.5320834645393688e-07,1.5488602464078636e-16,7.744301232039318e-17,2.323290369611795e-16,True,0.01346929999999702,0.015625,,
158,arpack_matvec,central_difference,1.0,0.0020373375775464136,0.13063330339884718,218828939.35548568,336.4446478061245,336.4486946764159,336.44467561098816,336.44872248127956,2,sparse_direct,not_applicable,6.195440985631454e-16,4.64658073922359e-16,0.008362499997019768,0.008043200010433793,0.015625,0.0,6.785361939143588e-05,6.785362183833022e-05,5.895042940782108,5.895042728198803,2.125833056254578e-07,7.744301232039318e-17,7.744301232039318e-17,0.0,True,0.017384100006893277,0.015625,,
159,arpack_matvec,central_difference,1.0,0.0020373375775464136,0.1357850383460984,185472023.15997487,336.44464780612446,336.44870133262964,336.44466895477444,336.4487224812795,2,sparse_direct,not_applicable,3.872150616019659e-16,3.872150616019659e-16,0.00588570001127664,0.007277299999259412,0.015625,0.0,6.78536189364079e-05,6.785362234623703e-05,5.895042980314405,5.8950426840724575,2.9624194741728616e-07,1.5488602464078636e-16,1.5488602464078636e-16,0.0,True,0.013874600001145154,0.015625,,
160,arpack_matvec,central_difference,1.0,0.0020373375775464136,0.1310570332449203,198845722.3209543,336.4446478061245,336.4487109349786,336.4446593524255,336.44872248127956,2,sparse_direct,not_applicable,4.64658073922359e-16,6.195440985631454e-16,0.009036100003868341,0.00823550000495743,0.015625,0.0,6.785361865900592e-05,6.785362275556783e-05,5.895043004414766,5.89504264851028,3.559044854384297e-07,2.323290369611795e-16,1.5488602464078636e-16,7.744301232039318e-17,True,0.018482599989511073,0.015625,,
161,arpack_matvec,central_difference,1.0,0.0020373375775464136,0.15145641582990893,264269190.80768564,336.4446478061245,336.4487215986523,336.44464868875167,336.44872248127956,2,sparse_direct,not_applicable,3.3881317890172014e-16,3.872150616019659e-16,0.0050903000083053485,0.007458899999619462,0.015625,0.0,6.785361869954563e-05,6.78536223576591e-05,5.895043000892723,5.8950426830801215,3.17812601124956e-07,7.744301232039318e-17,7.744301232039318e-17,1.5488602464078636e-16,True,0.013126900012139231,0.015625,,
162,arpack_matvec,central_difference,1.0,0.0020373375775464136,0.1392719645700253,254074908.66068617,336.4446582697222,336.44872248127956,336.4446478061245,336.4487120176819,2,sparse_direct,not_applicable,6.195440985631454e-16,6.9698711088353855e-16,0.008628000010503456,0.008157499993103556,0.015625,0.0,6.785361815136784e-05,6.785362314290565e-05,5.895043048517768,5.895042614858829,4.3365893898084096e-07,7.744301232039318e-17,2.323290369611795e-16,3.097720492815727e-16,True,0.018043200005195104,0.015625,,
163,arpack_matvec,central_difference,1.0,0.0020373375775464136,0.12895418740875772,186389006.90078634,336.44466771700877,336.4487224812795,336.44464780612446,336.4487025703952,2,sparse_direct,not_applicable,4.64658073922359e-16,3.097720492815727e-16,0.009624800004530698,0.009694199994555674,0.015625,0.015625,6.785361785427199e-05,6.785362332859848e-05,5.895043074329108,5.895042598726055,4.756030529406985e-07,0.0,1.5488602464078636e-16,1.5488602464078636e-16,True,0.020984600007068366,0.03125,,
164,arpack_matvec,central_difference,1.0,0.0020373375775464136,0.13008629266722996,224571309.77286386,336.444676721723,336.4487224812795,336.44464780612446,336.44869356568097,2,sparse_direct,not_applicable,4.64658073922359e-16,3.097720492815727e-16,0.009541300009004772,0.008226200006902218,0.0,0.015625,6.785361791185573e-05,6.785362329708025e-05,5.8950430693263,5.895042601464321,4.678619784925786e-07,3.097720492815727e-16,3.872150616019659e-16,7.744301232039318e-17,True,0.019106499996269122,0.015625,,
165,arpack_matvec,central_difference,1.0,0.0020373375775464136,0.16126420916622133,236324575.71828806,336.44467768116516,336.44872248127956,336.4446478061245,336.4486926062389,2,sparse_direct,not_applicable,5.421010862427522e-16,2.323290369611795e-16,0.008255100008682348,0.007569399997009896,0.0,0.015625,6.785361847831038e-05,6.785362249213209e-05,5.895043020113381,5.895042671397267,3.4871611465092656e-07,2.323290369611795e-16,0.0,2.323290369611795e-16,True,0.016848299987032078,0.015625,,
166,arpack_matvec,central_difference,1.0,0.0020373375775464136,0.12709908646942036,267123446.69294348,336.4446978443283,336.4487224812795,336.44464780612446,336.4486724430757,2,sparse_direct,not_applicable,3.097720492815727e-16,3.097720492815727e-16,0.009079700001166202,0.007998100001714192,0.015625,0.0,6.785361800239422e-05,6.785362336367873e-05,5.895043061460422,5.895042595678325,4.6578209733638687e-07,3.097720492815727e-16,1.5488602464078636e-16,4.64658073922359e-16,True,0.018098600005032495,0.015625,,
167,arpack_matvec,central_difference,1.0,0.0020373375775464136,0.14386002962607,274169764.71077347,336.44468854101615,336.4487224812795,336.44464780612446,336.44868174638793,2,sparse_direct,not_applicable,3.3881317890172014e-16,4.64658073922359e-16,0.009230900002876297,0.008604100003140047,0.015625,0.0,6.785361874050222e-05,6.785362238641675e-05,5.895042997334461,5.895042680581691,3.167527706793294e-07,7.744301232039318e-17,1.5488602464078636e-16,7.744301232039318e-17,True,0.019291300006443635,0.015625,,
168,arpack_matvec,central_difference,1.0,0.0020373375775464136,0.12823601400989554,265789705.57219908,336.44472111506576,336.4487224812795,336.44464780612446,336.4486491723382,2,sparse_direct,not_applicable,3.872150616019659e-16,5.421010862427522e-16,0.009389400001964532,0.006961799997952767,0.015625,0.015625,6.785361770645465e-05,6.785362363289943e-05,5.895043087171306,5.895042572288747,5.148825588108252e-07,3.097720492815727e-16,0.0,3.097720492815727e-16,True,0.01770810000016354,0.03125,,
169,arpack_matvec,central_difference,1.0,0.0020373375775464136,0.169852976617979,269509444.84733033,336.4447099618284,336.44872248127956,336.4446478061245,336.4486603255757,2,sparse_direct,not_applicable,4.64658073922359e-16,5.421010862427522e-16,0.008298200002172962,0.008467799998470582,0.0,0.015625,6.785361822906832e-05,6.785362268994724e-05,5.895043041767241,5.89504265421132,3.875559206889534e-07,7.744301232039318e-17,7.744301232039318e-17,1.5488602464078636e-16,True,0.018005199992330745,0.015625,,
170,arpack_matvec,central_difference,1.0,0.0020373375775464136,0.12440845826079583,258688618.40991417,336.4447473505146,336.44872248127956,336.4446478061245,336.4486229368895,2,sparse_direct,not_applicable,4.64658073922359e-16,6.9698711088353855e-16,0.00824889999057632,0.009996099994168617,0.0,0.015625,6.785361726608578e-05,6.785362391098924e-05,5.89504312543004,5.895042548128634,5.773014057908199e-07,1.5488602464078636e-16,1.5488602464078636e-16,3.097720492815727e-16,True,0.019296500002383254,0.015625,,
171,arpack_matvec,central_difference,1.0,0.0020373375775464136,0.12819038932256427,205642682.57177043,336.4447514511488,336.4487224812795,336.44464780612446,336.44861883625526,2,sparse_direct,not_applicable,3.097720492815727e-16,3.097720492815727e-16,0.008490799998980947,0.008317400002852082,0.0,0.015625,6.785361732801949e-05,6.785362383956019e-05,5.895043120049311,5.895042554334306,5.657150055071725e-07,1.5488602464078636e-16,7.744301232039318e-17,7.744301232039318e-17,True,0.0178483000054257,0.015625,,
172,arpack_matvec,central_difference,1.0,0.0020373375775464136,0.13834155132582396,247597452.22452682,336.4447473749941,336.44872248127945,336.4446478061244,336.44862291241,2,sparse_direct,not_applicable,3.097720492815727e-16,3.097720492815727e-16,0.00734359999478329,0.007945300007122569,0.015625,0.0,6.785361771796019e-05,6.785362355636965e-05,5.895043086171719,5.895042578937564,5.0723415512266e-07,2.323290369611795e-16,1.5488602464078636e-16,7.744301232039318e-17,True,0.016370800003642216,0.015625,,
173,arpack_matvec,central_difference,1.0,0.0020373375775464136,0.1565017615199233,266542621.18940747,336.4447239553542,336.4487224812795,336.44464780612446,336.44864633204986,2,sparse_direct,not_applicable,3.872150616019659e-16,3.872150616019659e-16,0.008277500004624017,0.009306599997216836,0.015625,0.0,6.785361843847989e-05,6.78536225980814e-05,5.895043023573809,5.895042662192516,3.613812928904281e-07,0.0,7.744301232039318e-17,7.744301232039318e-17,True,0.018568500003311783,0.015625,,
174,arpack_matvec,central_difference,1.0,0.0020373375775464136,0.14368021673739045,209392880.34709722,336.44473827126416,336.44872248127956,336.4446478061245,336.4486320161399,2,sparse_direct,not_applicable,6.195440985631454e-16,4.743384504624082e-16,0.007703199997195043,0.008759799995459616,0.015625,0.0,6.785361844276276e-05,6.785362287738936e-05,5.895043023201718,5.89504263792657,3.852751477850802e-07,1.5488602464078636e-16,7.744301232039318e-17,7.744301232039318e-17,True,0.01721229999384377,0.015625,,
175,arpack_matvec,central_difference,1.0,0.0020373375775464136,0.11480341835550137,162105498.6282359,336.44475775702017,336.44872248127956,336.4446478061245,336.4486125303838,2,sparse_direct,not_applicable,5.421010862427522e-16,3.097720492815727e-16,0.008250899991253391,0.007529900001827627,0.015625,0.0,6.785361823462368e-05,6.785362313709829e-05,5.895043041284597,5.895042615363365,4.2592123250528857e-07,3.097720492815727e-16,1.5488602464078636e-16,1.5488602464078636e-16,True,0.01691029999346938,0.015625,,
176,arpack_matvec,central_difference,1.0,0.0020373375775464136,0.11359011512798009,227082347.34033033,336.4447430195618,336.44872248127956,336.4446478061245,336.44862726784214,2,sparse_direct,not_applicable,3.872150616019659e-16,3.097720492815727e-16,0.0078000000066822395,0.007095299995853566,0.0,0.015625,6.785361879906162e-05,6.785362248335208e-05,5.895042992246889,5.895042672160063,3.200868263775192e-07,2.323290369611795e-16,1.5488602464078636e-16,7.744301232039318e-17,True,0.015971600005286746,0.015625,,
177,arpack_matvec,central_difference,1.0,0.0020373375775464136,0.13275090370466372,180851062.0959926,336.44471284368,336.44872248127956,336.4446478061245,336.44865744372396,2,sparse_direct,not_applicable,4.64658073922359e-16,5.421010862427522e-16,0.007847499990020879,0.009985599986976013,0.0,0.015625,6.785361962952169e-05,6.785362171537989e-05,5.895042920097492,5.895042738880582,1.8121690992245476e-07,2.323290369611795e-16,7.744301232039318e-17,1.5488602464078636e-16,True,0.01901960000395775,0.015625,,
178,arpack_matvec,central_difference,1.0,0.0020373375775464136,0.16436996977542176,290863301.6062239,336.4446738997545,336.44872248127956,336.4446478061245,336.4486963876496,2,sparse_direct,not_applicable,3.097720492815727e-16,3.872150616019659e-16,0.008840900001814589,0.008476000002701767,0.0,0.015625,6.785362042025277e-05,6.785362064518125e-05,5.895042851399703,5.895042831858182,1.9541521290022956e-08,7.744301232039318e-17,0.0,7.744301232039318e-17,True,0.01850580000609625,0.015625,,
179,arpack_matvec,central_difference,1.0,0.0020373375775464136,0.1314299821937617,245899930.8730516,336.44465946966267,336.44872248127956,336.4446478061245,336.4487108177414,2,sparse_direct,not_applicable,6.9698711088353855e-16,3.097720492815727e-16,0.008161900012055412,0.006093700008932501,0.015625,0.0,6.78536212463829e-05,6.785362010674613e-05,5.895042779626489,5.895042878636792,9.901030306735947e-08,3.097720492815727e-16,1.5488602464078636e-16,4.64658073922359e-16,True,0.01504120000754483,0.015625,,
180,arpack_matvec,central_difference,1.0,0.0020373375775464136,0.130011605821144,217783301.62403828,336.44464780612446,336.4487118183096,336.44465846909446,336.4487224812795,2,sparse_direct,not_applicable,3.872150616019659e-16,3.872150616019659e-16,0.009355699992738664,0.008077199992840178,0.015625,0.0,6.7853621845325e-05,6.785361934461425e-05,5.895042727591104,5.895042944849916,2.1725881182987905e-07,1.5488602464078636e-16,7.744301232039318e-17,2.323290369611795e-16,True,0.018382399997790344,0.015625,,
181,arpack_matvec,central_difference,1.0,0.0020373375775464136,0.10853618986351896,184092947.2404886,336.44464780612446,336.4486772332196,336.44469305418437,336.4487224812795,2,sparse_direct,not_applicable,3.872150616019659e-16,3.872150616019659e-16,0.008502500000759028,0.008044000001973473,0.015625,0.0,6.785362331519068e-05,6.785361823365497e-05,5.895042599890908,5.895043041368758,4.414778498329497e-07,0.0,2.323290369611795e-16,2.323290369611795e-16,True,0.01735979999648407,0.015625,,
182,arpack_matvec,central_difference,1.0,0.0020373375775464136,0.13081068649641034,204814730.28431395,336.4446478061245,336.4486697925105,336.4447004948935,336.44872248127956,2,sparse_direct,not_applicable,5.421010862427522e-16,6.195440985631454e-16,0.008559099995181896,0.00906070000200998,0.015625,0.0,6.785362301758437e-05,6.785361808043002e-05,5.895042625746593,5.895043054680762,4.289341690721926e-07,2.323290369611795e-16,7.744301232039318e-17,1.5488602464078636e-16,True,0.018612300002132542,0.015625,,
183,arpack_matvec,central_difference,1.0,0.0020373375775464136,0.12558782479208444,203685606.88222945,336.4446478061245,336.44863019144447,336.4447400959595,336.44872248127956,2,sparse_direct,not_applicable,3.872150616019659e-16,3.097720492815727e-16,0.007898800002294593,0.007988400000613183,0.0,0.015625,6.785362425680348e-05,6.785361716001763e-05,5.895042518084702,5.895043134645117,6.165604142793768e-07,7.744301232039318e-17,0.0,7.744301232039318e-17,True,0.01710720000846777,0.03125,,
184,arpack_matvec,central_difference,1.0,0.0020373375775464136,0.10785332336290873,196507627.37455273,336.4446478061245,336.4486065441525,336.4447637432516,336.44872248127956,2,sparse_direct,not_applicable,3.4849355544176928e-16,4.64658073922359e-16,0.008535899993148632,0.008543499992811121,0.0,0.015625,6.785362485700707e-05,6.785361650564124e-05,5.895042465939726,5.895043191496574,7.255568483799379e-07,0.0,7.744301232039318e-17,7.744301232039318e-17,True,0.018567100007203408,0.015625,,
185,arpack_matvec,central_difference,1.0,0.0020373375775464136,0.11721066387218264,220605651.8524618,336.4446478061245,336.4486129126704,336.4447573747337,336.44872248127956,2,sparse_direct,not_applicable,5.421010862427522e-16,3.097720492815727e-16,0.008376800004043616,0.007798100006766617,0.0,0.015625,6.785362438552476e-05,6.785361675177125e-05,5.89504250690155,5.8950431701130865,6.632115363558455e-07,0.0,7.744301232039318e-17,7.744301232039318e-17,True,0.017331700000795536,0.015625,,
186,arpack_matvec,central_difference,1.0,0.0020373375775464136,0.15602030128068642,190647032.76289433,336.44464780612446,336.448622561211,336.444747726193,336.4487224812795,2,sparse_direct,not_applicable,4.64658073922359e-16,3.872150616019659e-16,0.006053900011465885,0.007615900001837872,0.0,0.015625,6.785362392277425e-05,6.785361734575147e-05,5.895042547104767,5.895043118508778,5.714040112181351e-07,0.0,3.872150616019659e-16,3.872150616019659e-16,True,0.014566699988790788,0.015625,,
187,arpack_matvec,central_difference,1.0,0.0020373375775464136,0.12717270440076572,225081858.64445928,336.4446478061245,336.4486068615835,336.44476342582055,336.44872248127956,2,sparse_direct,not_applicable,3.097720492815727e-16,3.872150616019659e-16,0.008257900000899099,0.008447300002444535,0.0,0.015625,6.785362405451457e-05,6.785361688826449e-05,5.895042535659323,5.895043158254714,6.225953903538084e-07,2.323290369611795e-16,0.0,2.323290369611795e-16,True,0.018016000001807697,0.015625,,
188,arpack_matvec,central_difference,1.0,0.0020373375775464136,0.15227186689780894,283147682.78656673,336.44464780612446,336.44861761111105,336.4447526762929,336.4487224812795,2,sparse_direct,not_applicable,3.872150616019659e-16,3.097720492815727e-16,0.006640300009166822,0.009634500005631708,0.015625,0.0,6.785362370279738e-05,6.785361748306556e-05,5.895042566216096,5.895043106579089,5.403629925737619e-07,7.744301232039318e-17,7.744301232039318e-17,1.5488602464078636e-16,True,0.017719999988912605,0.015625,,
189,arpack_matvec,central_difference,1.0,0.0020373375775464136,0.1279248574378052,250109445.6577051,336.44464780612446,336.4486266208573,336.4447436665467,336.4487224812795,2,sparse_direct,not_applicable,3.872150616019659e-16,3.872150616019659e-16,0.00815780000993982,0.00827630001003854,0.015625,0.0,6.785362323556965e-05,6.785361792709235e-05,5.895042606808289,5.89504306800256,4.6119427121738e-07,1.5488602464078636e-16,7.744301232039318e-17,7.744301232039318e-17,True,0.01746380000258796,0.015625,,
190,arpack_matvec,central_difference,1.0,0.0020373375775464136,0.1511675863246992,289387227.51289064,336.44464780612446,336.4485960254719,336.4447742619321,336.4487224812795,2,sparse_direct,not_applicable,3.097720492815727e-16,3.097720492815727e-16,0.007729000004474074,0.007645099991350435,0.015625,0.0,6.785362414805147e-05,6.785361703811841e-05,5.895042527532948,5.8950431452355785,6.17702630378858e-07,2.323290369611795e-16,1.5488602464078636e-16,3.872150616019659e-16,True,0.016320700000505894,0.015625,,
191,arpack_matvec,central_difference,1.0,0.0020373375775464136,0.1144863115429757,234963078.08153856,336.44464780612446,336.4485570027731,336.44481328463087,336.4487224812795,2,sparse_direct,not_applicable,4.64658073922359e-16,6.195440985631454e-16,0.007505999994464219,0.009719500012579374,0.015625,0.015625,6.785362505387792e-05,6.785361580291054e-05,5.895042448835819,5.895043252549001,8.037131813409815e-07,7.744301232039318e-17,2.323290369611795e-16,3.097720492815727e-16,True,0.01837020000675693,0.03125,,
192,arpack_matvec,central_difference,1.0,0.0020373375775464136,0.14011216886377753,177386574.59576964,336.44464780612446,336.448564594934,336.44480569246997,336.4487224812795,2,sparse_direct,not_applicable,3.4849355544176928e-16,3.097720492815727e-16,0.007613499998115003,0.007935999994515441,0.0,0.015625,6.78536251057161e-05,6.785361624755826e-05,5.895042444332181,5.895043213918524,7.69586343096762e-07,7.744301232039318e-17,1.5488602464078636e-16,7.744301232039318e-17,True,0.0164047999860486,0.015625,,
193,arpack_matvec,central_difference,1.0,0.0020373375775464136,0.11723646602450288,223103717.6906773,336.44464780612446,336.4485579096825,336.4448123777216,336.4487224812795,2,sparse_direct,not_applicable,4.64658073922359e-16,4.64658073922359e-16,0.007806699999491684,0.008429100009379908,0.0,0.015625,6.785362520633235e-05,6.785361591593947e-05,5.89504243559076,5.895043242729178,8.071384183239161e-07,2.323290369611795e-16,7.744301232039318e-17,3.097720492815727e-16,True,0.017179300004499964,0.015625,,
194,arpack_matvec,central_difference,1.0,0.0020373375775464136,0.12779112653733657,206809126.11142424,336.4446478061245,336.4485682682882,336.44480201911585,336.44872248127956,2,sparse_direct,not_applicable,3.872150616019659e-16,6.9698711088353855e-16,0.007273299997905269,0.006635099998675287,0.0,0.0,6.785362507450526e-05,6.785361619245363e-05,5.895042447043741,5.89504321870595,7.716622087983183e-07,2.323290369611795e-16,7.744301232039318e-17,3.097720492815727e-16,True,0.014713500000652857,0.0,,
195,arpack_matvec,central_difference,1.0,0.0020373375775464136,0.13737979725243216,213813994.77583084,336.44464780612446,336.448582454798,336.444787832606,336.4487224812795,2,sparse_direct,not_applicable,3.097720492815727e-16,5.421010862427522e-16,0.009641399999964051,0.008263199997600168,0.0,0.015625,6.785362478589936e-05,6.785361657761865e-05,5.8950424721174794,5.895043185243262,7.131257824255499e-07,7.744301232039318e-17,1.5488602464078636e-16,7.744301232039318e-17,True,0.01896180000039749,0.015625,,
196,arpack_matvec,central_difference,1.0,0.0020373375775464136,0.13468257905317188,215878912.19610405,336.44464780612446,336.4486094785466,336.4447608088574,336.4487224812795,2,sparse_direct,not_applicable,4.64658073922359e-16,3.872150616019659e-16,0.005919099989114329,0.008251399995060638,0.0,0.015625,6.785362367181691e-05,6.785361744917328e-05,5.895042568907643,5.895043109523611,5.406159679921529e-07,7.744301232039318e-17,1.5488602464078636e-16,2.323290369611795e-16,True,0.014755099997273646,0.015625,,
197,arpack_matvec,central_difference,1.0,0.0020373375775464136,0.11386452558969389,196271800.26747137,336.4446478061245,336.44860992895457,336.4447603584494,336.44872248127956,2,sparse_direct,not_applicable,3.872150616019659e-16,4.64658073922359e-16,0.008002599992323667,0.009964900003978983,0.0,0.015625,6.785362405381699e-05,6.785361742619547e-05,5.895042535719928,5.895043111519897,5.757999685940263e-07,0.0,1.5488602464078636e-16,1.5488602464078636e-16,True,0.01926580000144895,0.015625,,
198,arpack_matvec,central_difference,1.0,0.0020373375775464136,0.1318326012300806,214944493.76643914,336.44464780612446,336.44866407566224,336.44470621174185,336.4487224812795,2,sparse_direct,not_applicable,3.097720492815727e-16,3.872150616019659e-16,0.005998900000122376,0.008477099996525794,0.0,0.0,6.785362250513242e-05,6.785361865601368e-05,5.895042670267814,5.8950430046747275,3.34406913715668e-07,1.5488602464078636e-16,7.744301232039318e-17,2.323290369611795e-16,True,0.015533999991021119,0.015625,,
199,arpack_matvec,central_difference,1.0,0.0020373375775464136,0.12929184768919771,238856434.82523763,336.4446478061245,336.44868879599613,336.44468149140795,336.44872248127956,2,sparse_direct,not_applicable,3.097720492815727e-16,5.421010862427522e-16,0.005443599991849624,0.006252899998798966,0.0,0.015625,6.785362187319448e-05,6.785361944686879e-05,5.895042725169837,5.895042935966162,2.107963243958011e-07,1.5488602464078636e-16,7.744301232039318e-17,2.323290369611795e-16,True,0.012919200002215803,0.015625,,
200,arpack_matvec,central_difference,1.0,0.0020373375775464136,0.15962405228486437,278783992.611394,336.4446478061245,336.4487209305185,336.4446493568856,336.44872248127956,2,sparse_direct,not_applicable,4.64658073922359e-16,3.872150616019659e-16,0.00936809999984689,0.009542100000544451,0.015625,0.0,6.785362081503381e-05,6.785362022090271e-05,5.89504281710159,5.895042868719002,5.1617411678250846e-08,7.744301232039318e-17,2.323290369611795e-16,1.5488602464078636e-16,True,0.020240799989551306,0.015625,,
201,arpack_matvec,central_difference,1.0,0.0020373375775464136,0.11148472331209525,168260668.83744383,336.4447012581029,336.44872248127956,336.4446478061245,336.4486690293012,2,sparse_direct,not_applicable,3.872150616019659e-16,4.64658073922359e-16,0.00842949999787379,0.009873900009552017,0.015625,0.0,6.785362002922263e-05,6.785362149488491e-05,5.895042885371943,5.895042758036927,1.2733501630890487e-07,2.323290369611795e-16,1.5488602464078636e-16,3.872150616019659e-16,True,0.01945369999157265,0.015625,,
202,arpack_matvec,central_difference,1.0,0.0020373375775464136,0.12411670667018763,216824028.24654478,336.4447202124401,336.44872248127956,336.4446478061245,336.4486500749639,2,sparse_direct,not_applicable,3.872150616019659e-16,3.097720492815727e-16,0.008913600002415478,0.008439900004304945,0.0,0.015625,6.785361929869257e-05,6.785362191624485e-05,5.895042948839538,5.895042721429671,2.27409866937478e-07,1.5488602464078636e-16,2.323290369611795e-16,3.872150616019659e-16,True,0.01864470000145957,0.03125,,
203,arpack_matvec,central_difference,1.0,0.0020373375775464136,0.13992030325639193,186930497.56472218,336.4447240607271,336.44872248127956,336.4446478061245,336.4486462266769,2,sparse_direct,not_applicable,3.872150616019659e-16,4.64658073922359e-16,0.008374400000320747,0.009303400001954287,0.0,0.015625,6.785361875092184e-05,6.785362249254193e-05,5.8950429964292175,5.895042671361661,3.250675568722272e-07,7.744301232039318e-17,7.744301232039318e-17,1.5488602464078636e-16,True,0.018928599994978867,0.015625,,
204,arpack_matvec,central_difference,1.0,0.0020373375775464136,0.1303754480091693,199728324.02260697,336.44475826306603,336.44872248127956,336.4446478061245,336.44861202433805,2,sparse_direct,not_applicable,3.872150616019659e-16,3.097720492815727e-16,0.00833539999439381,0.008063300003414042,0.0,0.0,6.785361821697052e-05,6.78536232119459e-05,5.895043042818283,5.895042608860693,4.3395759075082196e-07,7.744301232039318e-17,7.744301232039318e-17,1.5488602464078636e-16,True,0.017419799987692386,0.015625,,
205,arpack_matvec,central_difference,1.0,0.0020373375775464136,0.15178959406483766,260883758.20754188,336.444740845486,336.4487224812795,336.44464780612446,336.44862944191806,2,sparse_direct,not_applicable,4.64658073922359e-16,3.872150616019659e-16,0.008162099999026395,0.007246799999848008,0.015625,0.0,6.785361818370937e-05,6.78536228772088e-05,5.895043045707974,5.8950426379422565,4.0776571719192134e-07,0.0,0.0,0.0,True,0.01625390000117477,0.015625,,
206,arpack_matvec,central_difference,1.0,0.0020373375775464136,0.14693377655901885,265215265.69106954,336.44477207741943,336.44872248127956,336.4446478061245,336.44859820998465,2,sparse_direct,not_applicable,3.097720492815727e-16,4.64658073922359e-16,0.0077603000099770725,0.007300899989786558,0.015625,0.0,6.785361743359396e-05,6.785362380477952e-05,5.895043110877125,5.895042557356009,5.535211160534459e-07,7.744301232039318e-17,7.744301232039318e-17,0.0,True,0.016233300004387274,0.015625,,
207,arpack_matvec,central_difference,1.0,0.0020373375775464136,0.12463986968369198,199082722.4522095,336.4448228628192,336.4487224812795,336.44464780612446,336.4485474245848,2,sparse_direct,not_applicable,4.64658073922359e-16,6.195440985631454e-16,0.008244500000728294,0.006313399993814528,0.015625,0.0,6.785361658505664e-05,6.785362459877659e-05,5.895043184597057,5.895042488374483,6.962225738149641e-07,2.323290369611795e-16,7.744301232039318e-17,3.097720492815727e-16,True,0.015857099991990253,0.015625,,
208,arpack_matvec,central_difference,1.0,0.0020373375775464136,0.1270155558645076,231168763.48480806,336.4448132244713,336.44872248127956,336.4446478061245,336.44855706293276,2,sparse_direct,not_applicable,3.872150616019659e-16,3.872150616019659e-16,0.007937599992146716,0.007608399988384917,0.015625,0.0,6.7853616626976e-05,6.785362455159321e-05,5.8950431809551525,5.89504249247372,6.884814327534627e-07,2.323290369611795e-16,1.5488602464078636e-16,3.872150616019659e-16,True,0.016368299999157898,0.015625,,
209,arpack_matvec,central_difference,1.0,0.0020373375775464136,0.1563885938875059,242729468.06660292,336.4447695681496,336.44872248127956,336.4446478061245,336.4486007192545,2,sparse_direct,not_applicable,4.64658073922359e-16,3.872150616019659e-16,0.006600099994102493,0.008796000009169802,0.0,0.0,6.7853617544457e-05,6.785362341350385e-05,5.895043101245474,5.8950425913495765,5.098958970606304e-07,3.872150616019659e-16,7.744301232039318e-17,4.64658073922359e-16,True,0.01624009999795817,0.0,,
210,arpack_matvec,central_difference,1.0,0.0020373375775464136,0.13117738551083766,269429304.4874613,336.44477009176114,336.4487224812795,336.44464780612446,336.4486001956428,2,sparse_direct,not_applicable,5.421010862427522e-16,3.872150616019659e-16,0.01054889999795705,0.008730700006708503,0.015625,0.015625,6.785361718657966e-05,6.785362415413686e-05,5.895043132337438,5.895042527004256,6.053331818023366e-07,1.5488602464078636e-16,0.0,1.5488602464078636e-16,True,0.020579199990606867,0.03125,,
211,arpack_matvec,central_difference,1.0,0.0020373375775464136,0.146609692840954,274762793.88096046,336.4447252787005,336.4487224812795,336.44464780612446,336.4486450087036,2,sparse_direct,not_applicable,3.097720492815727e-16,4.64658073922359e-16,0.007875600000261329,0.005357999994885176,0.0,0.015625,6.785361827759266e-05,6.785362283834756e-05,5.8950430375515035,5.895042641318475,3.9623302861002685e-07,7.744301232039318e-17,0.0,7.744301232039318e-17,True,0.014389599993592128,0.015625,,
212,arpack_matvec,central_difference,1.0,0.0020373375775464136,0.1329038553652275,265710234.50928882,336.44478510758483,336.4487224812795,336.44464780612446,336.44858517981913,2,sparse_direct,not_applicable,5.421010862427522e-16,3.872150616019659e-16,0.007922299992060289,0.007957299996633083,0.0,0.015625,6.785361663348368e-05,6.785362467592418e-05,5.895043180389773,5.895042481671993,6.987177796347055e-07,1.5488602464078636e-16,7.744301232039318e-17,7.744301232039318e-17,True,0.01646189999883063,0.015625,,
213,arpack_matvec,central_difference,1.0,0.0020373375775464136,0.16206025070299415,272627254.8382413,336.4447957953394,336.44872248127956,336.4446478061245,336.44857449206467,2,sparse_direct,not_applicable,5.421010862427522e-16,3.872150616019659e-16,0.007339499992667697,0.006419500001356937,0.0,0.015625,6.78536168421555e-05,6.785362407971963e-05,5.895043162260609,5.895042533469538,6.287910707669653e-07,7.744301232039318e-17,1.5488602464078636e-16,2.323290369611795e-16,True,0.014720999999553896,0.015625,,
214,arpack_matvec,central_difference,1.0,0.0020373375775464136,0.12725892169261158,260810750.24026516,336.4448190962884,336.4487224812795,336.44464780612446,336.44855119111554,2,sparse_direct,not_applicable,3.872150616019659e-16,3.097720492815727e-16,0.009012500013341196,0.008964799999375828,0.0,0.015625,6.785361532467697e-05,6.785362584327995e-05,5.895043294097378,5.895042380253508,9.138438699096696e-07,7.744301232039318e-17,3.872150616019659e-16,4.64658073922359e-16,True,0.01913050000439398,0.015625,,
215,arpack_matvec,central_difference,1.0,0.0020373375775464136,0.13288679029121409,210353556.26769102,336.44485105061887,336.4487224812795,336.44464780612446,336.4485192367852,2,sparse_direct,not_applicable,3.872150616019659e-16,3.872150616019659e-16,0.009881800011498854,0.008163100006640889,0.0,0.0,6.785361540312129e-05,6.785362576161e-05,5.895043287282227,5.895042387348897,8.999333296344503e-07,7.744301232039318e-17,7.744301232039318e-17,0.0,True,0.019126299986965023,0.015625,,
216,arpack_matvec,central_difference,1.0,0.0020373375775464136,0.14344652539153357,255317713.36588895,336.44481252950857,336.44872248127956,336.4446478061245,336.4485577578955,2,sparse_direct,not_applicable,4.64658073922359e-16,4.64658073922359e-16,0.008141999991494231,0.008893499994883314,0.015625,0.0,6.785361597227155e-05,6.785362529761696e-05,5.895043237835113,5.89504242766006,8.101750523792361e-07,7.744301232039318e-17,0.0,7.744301232039318e-17,True,0.018348600002354942,0.015625,,
217,arpack_matvec,central_difference,1.0,0.0020373375775464136,0.15577542644690473,260719547.79487848,336.4447721832539,336.4487224812795,336.44464780612446,336.44859810415016,2,sparse_direct,not_applicable,3.872150616019659e-16,7.744301232039318e-16,0.008042000001296401,0.008608800009824336,0.015625,0.0,6.78536170015362e-05,6.785362405505804e-05,5.895043148413799,5.895042535612108,6.128016911688405e-07,7.744301232039318e-17,2.323290369611795e-16,3.097720492815727e-16,True,0.01792830000340473,0.015625,,
218,arpack_matvec,central_difference,1.0,0.0020373375775464136,0.1393696230242524,206943355.1341959,336.44481776781794,336.44872248127956,336.4446478061245,336.44855251958614,2,sparse_direct,not_applicable,3.097720492815727e-16,3.872150616019659e-16,0.008078600003500469,0.007141100009903312,0.015625,0.0,6.785361670977772e-05,6.785362465611232e-05,5.895043173761436,5.895042483393223,6.903682123748922e-07,0.0,7.744301232039318e-17,7.744301232039318e-17,True,0.01617180000175722,0.015625,,
219,arpack_matvec,central_difference,1.0,0.0020373375775464136,0.12311483981229054,166683950.79284588,336.4447724482524,336.44872248127956,336.4446478061245,336.44859783915155,2,sparse_direct,not_applicable,3.872150616019659e-16,4.64658073922359e-16,0.007941099989693612,0.0077782000007573515,0.015625,0.0,6.785361653648005e-05,6.785362478242957e-05,5.895043188817335,5.89504247241893,7.163984054869843e-07,7.744301232039318e-17,2.323290369611795e-16,3.097720492815727e-16,True,0.016563800003496,0.015625,,
220,arpack_matvec,central_difference,1.0,0.0020373375775464136,0.11472561788750156,216605862.11366075,336.4447444880462,336.44872248127956,336.4446478061245,336.4486257993578,2,sparse_direct,not_applicable,4.64658073922359e-16,3.097720492815727e-16,0.008065500005614012,0.007834499992895871,0.015625,0.015625,6.785361709049539e-05,6.785362413870944e-05,5.895043140685128,5.895042528344573,6.123405551505812e-07,0.0,7.744301232039318e-17,7.744301232039318e-17,True,0.01692209999600891,0.03125,,
221,arpack_matvec,central_difference,1.0,0.0020373375775464136,0.12841715119324523,178005637.60968304,336.44477186913025,336.44872248127956,336.4446478061245,336.4485984182737,2,sparse_direct,not_applicable,3.872150616019659e-16,3.097720492815727e-16,0.007728600001428276,0.010346399998525158,0.0,0.015625,6.785361828951807e-05,6.785362303276033e-05,5.895043036515437,5.8950426244281235,4.1208731360597994e-07,7.744301232039318e-17,0.0,7.744301232039318e-17,True,0.019141199998557568,0.015625,,
222,arpack_matvec,central_difference,1.0,0.0020373375775464136,0.15985317397216076,285050803.0933143,336.4446972376273,336.44872248127956,336.4446478061245,336.4486730497768,2,sparse_direct,not_applicable,3.4849355544176928e-16,3.097720492815727e-16,0.008496700000250712,0.009732500009704381,0.0,0.015625,6.78536197972803e-05,6.785362124218152e-05,5.89504290552282,5.8950427799915,1.2553132044956783e-07,7.744301232039318e-17,7.744301232039318e-17,1.5488602464078636e-16,True,0.01950520000536926,0.015625,,
223,arpack_matvec,central_difference,1.0,0.0020373375775464136,0.128241471846442,249986275.33624658,336.44467844223806,336.44872248127956,336.4446478061245,336.448691845166,2,sparse_direct,not_applicable,3.097720492815727e-16,3.872150616019659e-16,0.009272499999497086,0.006143700011307374,0.015625,0.0,6.785362082807843e-05,6.785362053840826e-05,5.8950428159682895,5.895042841134493,2.516620334347408e-08,0.0,6.195440985631454e-16,6.195440985631454e-16,True,0.016152900003362447,0.015625,,
224,arpack_matvec,central_difference,1.0,0.0020373375775464136,0.1333598073623065,219886877.27043518,336.4446784748307,336.44872248127956,336.4446478061245,336.4486918125734,2,sparse_direct,not_applicable,3.097720492815727e-16,3.872150616019659e-16,0.005244200001470745,0.009479500004090369,0.0,0.0,6.785362174058752e-05,6.785361944930099e-05,5.895042736690573,5.895042935754854,1.9906428150306965e-07,7.744301232039318e-17,7.744301232039318e-17,0.0,True,0.01529840000148397,0.015625,,
225,arpack_matvec,central_difference,1.0,0.0020373375775464136,0.10885852254104042,177777662.8235059,336.44464780612446,336.44864550874587,336.4447247786581,336.4487224812795,2,sparse_direct,not_applicable,3.872150616019659e-16,3.097720492815727e-16,0.009799599996767938,0.006925099994987249,0.015625,0.0,6.785362373739366e-05,6.785361785334535e-05,5.895042563210413,5.895043074409614,5.111992011919142e-07,2.323290369611795e-16,1.5488602464078636e-16,7.744301232039318e-17,True,0.01796539999486413,0.015625,,
226,arpack_matvec,central_difference,1.0,0.0020373375775464136,0.130453533731302,208414638.98682287,336.44464780612446,336.4486649293639,336.4447053580402,336.4487224812795,2,sparse_direct,not_applicable,5.421010862427522e-16,4.64658073922359e-16,0.005673899999237619,0.0076871000055689365,0.015625,0.0,6.785362367382372e-05,6.785361747212136e-05,5.895042568733294,5.895043107529909,5.38796614435455e-07,7.744301232039318e-17,0.0,7.744301232039318e-17,True,0.01419739999982994,0.015625,,
227,arpack_matvec,central_difference,1.0,0.0020373375775464136,0.13382720573190945,202953521.07897085,336.4446478061245,336.44848420680466,336.4448860805994,336.44872248127956,2,sparse_direct,not_applicable,5.421010862427522e-16,4.64658073922359e-16,0.005819900005008094,0.009071799999219365,0.015625,0.0,6.785362504157311e-05,6.785361635353219e-05,5.895042449904847,5.895043204711632,7.548067850748907e-07,3.097720492815727e-16,7.744301232039318e-17,3.872150616019659e-16,True,0.015679300006013364,0.015625,,
228,arpack_matvec,central_difference,1.0,0.0020373375775464136,0.1172988833908364,201236755.82754597,336.4446478061245,336.44865549496063,336.44471479244345,336.44872248127956,2,sparse_direct,not_applicable,8.518731355243249e-16,3.097720492815727e-16,0.008230499995988794,0.01044079998973757,0.015625,0.0,6.785362576236684e-05,6.785361556526322e-05,5.8950423872831434,5.895043273195523,8.85912379899878e-07,1.5488602464078636e-16,7.744301232039318e-17,7.744301232039318e-17,True,0.01944990000629332,0.015625,,
229,arpack_matvec,central_difference,1.0,0.0020373375775464136,0.11441981147057272,226484967.21417806,336.44466253215694,336.44872248127956,336.4446478061245,336.44870775524714,2,sparse_direct,not_applicable,3.872150616019659e-16,6.9698711088353855e-16,0.008672199997818097,0.008276799999293871,0.015625,0.015625,6.785362590281958e-05,6.785361529528772e-05,5.895042375080776,5.895043296650681,9.215699048326087e-07,7.744301232039318e-17,2.323290369611795e-16,1.5488602464078636e-16,True,0.017952299996977672,0.03125,,
230,arpack_matvec,central_difference,1.0,0.0020373375775464136,0.1393584454152752,178846717.98280942,336.44464780612446,336.4487202125067,336.44465007489725,336.4487224812795,2,sparse_direct,not_applicable,5.421010862427522e-16,4.64658073922359e-16,0.007767099988996051,0.005811099996208213,0.0,0.0,6.785362566673235e-05,6.785361572685007e-05,5.895042395591754,5.895043259157046,8.635652921640258e-07,3.097720492815727e-16,7.744301232039318e-17,2.323290369611795e-16,True,0.014116399994236417,0.0,,
231,arpack_matvec,central_difference,1.0,0.0020373375775464136,0.1147480404111241,215215563.8688708,336.4446501081249,336.4487224812795,336.44464780612446,336.44872017927906,2,sparse_direct,not_applicable,4.64658073922359e-16,3.097720492815727e-16,0.0050439000042388216,0.008848900004522875,0.015625,0.0,6.785362567790471e-05,6.785361533898592e-05,5.895042394621113,5.895043292854233,8.982331198836846e-07,1.5488602464078636e-16,1.5488602464078636e-16,0.0,True,0.014569599996320903,0.015625,,
232,arpack_matvec,central_difference,1.0,0.0020373375775464136,0.1453171297282113,279089293.21324974,336.4447091488132,336.4487224812795,336.44464780612446,336.44866113859075,2,sparse_direct,not_applicable,5.421010862427522e-16,3.097720492815727e-16,0.00644800000009127,0.007691399994655512,0.015625,0.0,6.785362457333896e-05,6.785361668894325e-05,5.8950424905844745,5.89504317557151,6.849870350933429e-07,0.0,7.744301232039318e-17,7.744301232039318e-17,True,0.015205299991066568,0.015625,,
233,arpack_matvec,central_difference,1.0,0.0020373375775464136,0.15282802897188963,282703265.53890705,336.4447137143227,336.4487224812795,336.44464780612446,336.4486565730814,2,sparse_direct,not_applicable,5.421010862427522e-16,4.64658073922359e-16,0.0055228999990504235,0.0140257000020938,0.015625,0.015625,6.785362507300823e-05,6.785361607653392e-05,5.8950424471738,5.895043228776919,7.816031191154593e-07,7.744301232039318e-17,7.744301232039318e-17,0.0,True,0.020591499996953644,0.03125,,
234,arpack_matvec,central_difference,1.0,0.0020373375775464136,0.12440095727497914,187362820.579206,336.4447234006383,336.4487224812795,336.44464780612446,336.4486468867657,2,sparse_direct,not_applicable,3.872150616019659e-16,5.421010862427522e-16,0.010121299987076782,0.008923500005039386,0.0,0.015625,6.78536263838316e-05,6.785361505361542e-05,5.895042333291023,5.89504331764689,9.843558670397101e-07,7.744301232039318e-17,3.097720492815727e-16,3.872150616019659e-16,True,0.020324700002674945,0.015625,,
235,arpack_matvec,central_difference,1.0,0.0020373375775464136,0.15098917896203465,236182147.76975483,336.4446478061245,336.44833697815403,336.44503330924994,336.44872248127956,2,sparse_direct,not_applicable,6.9698711088353855e-16,3.872150616019659e-16,0.009025499995914288,0.008862699993187562,0.015625,0.0,6.785362475020222e-05,6.785361642071635e-05,5.895042475218805,5.895043198874751,7.236559458334568e-07,7.744301232039318e-17,0.0,7.744301232039318e-17,True,0.018903499993029982,0.015625,,
236,arpack_matvec,central_difference,1.0,0.0020373375775464136,0.13581728674145652,210288493.88299605,336.44464780612446,336.44837672446465,336.4449935629393,336.4487224812795,2,sparse_direct,not_applicable,2.8073091966142525e-16,5.421010862427522e-16,0.011012499991920777,0.008595699997385964,0.015625,0.015625,6.785362516021924e-05,6.785361618931899e-05,5.895042439597012,5.895043218978285,7.793812724088411e-07,7.744301232039318e-17,7.744301232039318e-17,1.5488602464078636e-16,True,0.02092310000443831,0.03125,,
237,arpack_matvec,central_difference,1.0,0.0020373375775464136,0.16176731131350675,242989664.97963297,336.4446478061245,336.4483800593749,336.44499022802916,336.44872248127956,2,sparse_direct,not_applicable,4.64658073922359e-16,4.64658073922359e-16,0.008707200002390891,0.008416700002271682,0.0,0.015625,6.785362387495647e-05,6.785361734617698e-05,5.8950425512591185,5.89504311847181,5.672126919264997e-07,7.744301232039318e-17,2.323290369611795e-16,3.097720492815727e-16,True,0.017987699990044348,0.015625,,
238,arpack_matvec,central_difference,1.0,0.0020373375775464136,0.15593745596044406,237860981.20514444,336.44464780612446,336.4486968674006,336.44467342000337,336.4487224812795,2,sparse_direct,not_applicable,3.097720492815727e-16,3.872150616019659e-16,0.008612200006609783,0.008106300010695122,0.0,0.015625,6.785362325664233e-05,6.785361802106155e-05,5.89504260497752,5.895043059838626,4.5486110611392405e-07,7.744301232039318e-17,2.323290369611795e-16,3.097720492815727e-16,True,0.017520399997010827,0.015625,,
239,arpack_matvec,central_difference,1.0,0.0020373375775464136,0.1222903549890523,218618257.14732718,336.44464780612446,336.4485049500807,336.4448653373233,336.4487224812795,2,sparse_direct,not_applicable,4.0657581468206416e-16,4.64658073922359e-16,0.00918140000430867,0.010019800000009127,0.015625,0.0,6.785362271252991e-05,6.78536186733004e-05,5.895042652249364,5.895043003172877,3.509235133591915e-07,1.5488602464078636e-16,0.0,1.5488602464078636e-16,True,0.020435600003111176,0.015625,,
240,arpack_matvec,central_difference,1.0,0.0020373375775464136,0.13116624805583313,237239293.25604233,336.4448399109263,336.44872248127956,336.4446478061245,336.44853037647766,2,sparse_direct,not_applicable,5.421010862427522e-16,3.097720492815727e-16,0.00806890000239946,0.009233100005076267,0.015625,0.0,6.785362112330897e-05,6.785362015382605e-05,5.895042790319007,5.895042874546544,8.422753694503626e-08,7.744301232039318e-17,7.744301232039318e-17,0.0,True,0.01805420000164304,0.015625,,
241,arpack_matvec,central_difference,1.0,0.0020373375775464136,0.14571340328541246,259947231.2594987,336.4448087712232,336.44872248127956,336.4446478061245,336.44856151618086,2,sparse_direct,not_applicable,3.872150616019659e-16,5.421010862427522e-16,0.00832970000919886,0.0056576000060886145,0.015625,0.0,6.785362002527426e-05,6.785362124960286e-05,5.895042885714973,5.895042779346743,1.063682297797186e-07,7.744301232039318e-17,2.323290369611795e-16,3.097720492815727e-16,True,0.014583199998014607,0.015625,,
242,arpack_matvec,central_difference,1.0,0.0020373375775464136,0.19189400400682102,313573633.58480376,336.4447916927957,336.44872248127956,336.4446478061245,336.44857859460836,2,sparse_direct,not_applicable,3.097720492815727e-16,4.64658073922359e-16,0.005992599995806813,0.006591499986825511,0.015625,0.0,6.785361922881165e-05,6.78536217784278e-05,5.895042954910711,5.895042733403054,2.215076566614016e-07,2.323290369611795e-16,7.744301232039318e-17,1.5488602464078636e-16,True,0.013470100006088614,0.015625,,
243,arpack_matvec,central_difference,1.0,0.0020373375775464136,0.13306102130199773,189580530.7767492,336.4450731489033,336.44872248127956,336.4446478061245,336.4482971385008,2,sparse_direct,not_applicable,3.097720492815727e-16,3.872150616019659e-16,0.007620100004714914,0.007833299998310395,0.015625,0.0,6.785361730090511e-05,6.785362400398736e-05,5.895043122404977,5.895042540049068,5.823559092732467e-07,0.0,7.744301232039318e-17,7.744301232039318e-17,True,0.016203199993469752,0.015625,,
244,arpack_matvec,central_difference,1.0,0.0020373375775464136,0.12384498506514216,185271951.05723345,336.44474021521717,336.44872248127956,336.4446478061245,336.4486300721869,2,sparse_direct,not_applicable,6.195440985631454e-16,5.421010862427522e-16,0.005713999998988584,0.007399699999950826,0.015625,0.0,6.785361628724722e-05,6.785362488915606e-05,5.895043210470393,5.89504246314666,7.473237335631211e-07,7.744301232039318e-17,2.323290369611795e-16,3.097720492815727e-16,True,0.013924600003520027,0.015625,,
245,arpack_matvec,central_difference,1.0,0.0020373375775464136,0.10931386668727809,171319475.95343456,336.4448243288212,336.44872248127956,336.4446478061245,336.4485459585829,2,sparse_direct,not_applicable,8.518731355243249e-16,4.64658073922359e-16,0.00496259999636095,0.004651600000215694,0.0,0.015625,6.78536148801363e-05,6.78536265740183e-05,5.895043332718555,5.89504231676783,1.015950725324899e-06,3.097720492815727e-16,0.0,3.097720492815727e-16,True,0.01001110000652261,0.015625,,
246,arpack_matvec,central_difference,1.0,0.0020373375775464136,0.13490187867091114,208485620.15108696,336.44482865741577,336.44872248127956,336.4446478061245,336.4485416299882,2,sparse_direct,not_applicable,6.9698711088353855e-16,6.195440985631454e-16,0.008517100010067225,0.008941499996581115,0.0,0.015625,6.78536158526313e-05,6.785362542536307e-05,5.895043248229318,5.895042416561631,8.316676876063411e-07,2.323290369611795e-16,0.0,2.323290369611795e-16,True,0.018284999998286366,0.015625,,
247,arpack_matvec,central_difference,1.0,0.0020373375775464136,0.1277185807416421,199426310.30963618,336.44493875508203,336.4487224812795,336.44464780612446,336.44843153232193,2,sparse_direct,not_applicable,4.64658073922359e-16,3.097720492815727e-16,0.008640500003821217,0.0093466999969678,0.015625,0.0,6.785361559142418e-05,6.785362558248493e-05,5.89504327092269,5.89504240291107,8.68011619914455e-07,7.744301232039318e-17,1.5488602464078636e-16,2.323290369611795e-16,True,0.01937259999976959,0.015625,,
248,arpack_matvec,central_difference,1.0,0.0020373375775464136,0.11203830534175085,206969733.4359589,336.44507237425836,336.4487224812795,336.44464780612446,336.4482979131457,2,sparse_direct,not_applicable,3.097720492815727e-16,3.3881317890172014e-16,0.009035900002345443,0.00848299999779556,0.015625,0.0,6.785361461171916e-05,6.785362682869593e-05,5.895043356038324,5.8950422946417405,1.061396583956764e-06,0.0,7.744301232039318e-17,7.744301232039318e-17,True,0.018481399994925596,0.015625,,
249,arpack_matvec,central_difference,1.0,0.0020373375775464136,0.12105194235575205,223214726.8613593,336.4449205656503,336.4487224812795,336.44464780612446,336.4484497217538,2,sparse_direct,not_applicable,4.64658073922359e-16,4.64658073922359e-16,0.008811500010779127,0.008485600003041327,0.015625,0.015625,6.785361535839947e-05,6.785362577495218e-05,5.895043291167606,5.895042386189744,9.049778615377591e-07,3.097720492815727e-16,1.5488602464078636e-16,1.5488602464078636e-16,True,0.018070399994030595,0.03125,,
250,arpack_matvec,central_difference,1.0,0.0020373375775464136,0.14631429056505216,267631593.701753,336.4447266443959,336.4487224812795,336.44464780612446,336.44864364300804,2,sparse_direct,not_applicable,5.421010862427522e-16,6.195440985631454e-16,0.009628100000554696,0.00947789999190718,0.0,0.015625,6.785361650817787e-05,6.785362462007263e-05,5.895043191276195,5.895042486524309,7.047518861824642e-07,0.0,7.744301232039318e-17,7.744301232039318e-17,True,0.020445000001927838,0.015625,,
251,arpack_matvec,central_difference,1.0,0.0020373375775464136,0.11773265036877646,227556244.8214426,336.4447424706813,336.44872248127956,336.4446478061245,336.44862781672265,2,sparse_direct,not_applicable,3.872150616019659e-16,3.872150616019659e-16,0.009218600011081435,0.00945549999596551,0.015625,0.0,6.785361662938914e-05,6.785362443894916e-05,5.8950431807455015,5.895042502260101,6.784854003072383e-07,1.5488602464078636e-16,0.0,1.5488602464078636e-16,True,0.01984690000244882,0.015625,,
252,arpack_matvec,central_difference,1.0,0.0020373375775464136,0.13074805134133,276010826.27571297,336.44469209212656,336.44872248127956,336.4446478061245,336.4486781952775,2,sparse_direct,not_applicable,4.64658073922359e-16,4.64658073922359e-16,0.008715899995877407,0.005071699997643009,0.015625,0.0,6.785361824903003e-05,6.78536232106963e-05,5.8950430400329905,5.895042608969257,4.3106373315282553e-07,1.5488602464078636e-16,0.0,1.5488602464078636e-16,True,0.014374000005773269,0.015625,,
253,arpack_matvec,central_difference,1.0,0.0020373375775464136,0.14639484132023475,299357845.9465511,336.444656780251,336.4487224812795,336.44464780612446,336.44871350715306,2,sparse_direct,not_applicable,3.097720492815727e-16,3.872150616019659e-16,0.008327499992446974,0.009000900012324564,0.015625,0.0,6.785361942739786e-05,6.785362178743915e-05,5.895042937657773,5.895042732620158,2.0503761444246038e-07,0.0,2.323290369611795e-16,2.323290369611795e-16,True,0.018017299997154623,0.015625,,
254,arpack_matvec,central_difference,1.0,0.0020373375775464136,0.1278567747077639,276915518.4401688,336.4446672701,336.4487224812795,336.44464780612446,336.44870301730396,2,sparse_direct,not_applicable,3.097720492815727e-16,6.9698711088353855e-16,0.009753000005730428,0.006026399991242215,0.015625,0.0,6.785361871944643e-05,6.785362284292906e-05,5.895042999163764,5.8950426409204395,3.582433247828476e-07,7.744301232039318e-17,1.5488602464078636e-16,2.323290369611795e-16,True,0.0165184999932535,0.015625,,
255,arpack_matvec,central_difference,1.0,0.0020373375775464136,0.13252727825878155,249043551.25941843,336.444653194897,336.44872248127956,336.4446478061245,336.44871709250697,2,sparse_direct,not_applicable,6.195440985631454e-16,3.097720492815727e-16,0.005509599999641068,0.00903989998914767,0.015625,0.0,6.785361824988945e-05,6.78536228676847e-05,5.895043039958326,5.895042638769699,4.0118862720817106e-07,0.0,7.744301232039318e-17,7.744301232039318e-17,True,0.015258899991749786,0.015625,,
256,arpack_matvec,central_difference,1.0,0.0020373375775464136,0.15784636913796965,292558802.1168218,336.4446538921469,336.4487224812795,336.44464780612446,336.44871639525707,2,sparse_direct,not_applicable,6.195440985631454e-16,3.872150616019659e-16,0.008084400004008785,0.006640299994614907,0.015625,0.0,6.785361852575149e-05,6.785362268083187e-05,5.895043015991754,5.895042655003253,3.609885013133862e-07,2.323290369611795e-16,7.744301232039318e-17,3.097720492815727e-16,True,0.015500499997870065,0.015625,,
257,arpack_matvec,central_difference,1.0,0.0020373375775464136,0.12219295018999404,237872656.46404606,336.4447167775538,336.44872248127956,336.4446478061245,336.44865350985015,2,sparse_direct,not_applicable,5.421010862427522e-16,3.097720492815727e-16,0.008766200000536628,0.008944300003349781,0.015625,0.0,6.785361821566544e-05,6.785362312178804e-05,5.895043042931667,5.895042616693501,4.262381665398607e-07,1.5488602464078636e-16,7.744301232039318e-17,7.744301232039318e-17,True,0.01898520000395365,0.015625,,
258,arpack_matvec,central_difference,1.0,0.0020373375775464136,0.13289889387368098,217283691.4184072,336.44477570524646,336.4487224812795,336.44464780612446,336.4485945821575,2,sparse_direct,not_applicable,6.195440985631454e-16,4.64658073922359e-16,0.010456700008944608,0.008507599995937198,0.015625,0.015625,6.785361882778302e-05,6.785362260240126e-05,5.895042989751608,5.895042661817211,3.279343969708748e-07,1.5488602464078636e-16,7.744301232039318e-17,2.323290369611795e-16,True,0.019974599999841303,0.03125,,
259,arpack_matvec,central_difference,1.0,0.0020373375775464136,0.1385839437620173,218082405.70028853,336.4446846976035,336.4487224812795,336.44464780612446,336.44868558980056,2,sparse_direct,not_applicable,4.64658073922359e-16,5.421010862427522e-16,0.008960500010289252,0.008546900004148483,0.0,0.015625,6.785361929569597e-05,6.785362193889294e-05,5.895042949099879,5.895042719462031,2.2963784740426263e-07,1.5488602464078636e-16,2.323290369611795e-16,3.872150616019659e-16,True,0.01861339999595657,0.015625,,
260,arpack_matvec,central_difference,1.0,0.0020373375775464136,0.13978138779746632,220560441.05522153,336.44475255787705,336.44872248127956,336.4446478061245,336.44861772952703,2,sparse_direct,not_applicable,6.195440985631454e-16,4.64658073922359e-16,0.00802359999215696,0.008473300011246465,0.0,0.015625,6.785361984211305e-05,6.785362145474703e-05,5.895042901627804,5.895042761524058,1.401037454940024e-07,7.744301232039318e-17,7.744301232039318e-17,1.5488602464078636e-16,True,0.017272099998081103,0.015625,,
261,arpack_matvec,central_difference,1.0,0.0020373375775464136,0.12643448979045102,195671144.55299848,336.4446478061245,336.4486705684429,336.4446997189612,336.44872248127956,2,sparse_direct,not_applicable,3.872150616019659e-16,4.64658073922359e-16,0.008999700003187172,0.007868199987569824,0.0,0.015625,6.785362026182053e-05,6.7853621104572e-05,5.89504286516411,5.895042791946852,7.321725803421941e-08,0.0,7.744301232039318e-17,7.744301232039318e-17,True,0.018122499997843988,0.015625,,
262,arpack_matvec,central_difference,1.0,0.0020373375775464136,0.13254220065474667,200175750.86888596,336.44464780612446,336.44868032235075,336.4446899650532,336.4487224812795,2,sparse_direct,not_applicable,3.872150616019659e-16,6.195440985631454e-16,0.009468300006119534,0.00880959999631159,0.015625,0.0,6.785362071431473e-05,6.785362037697079e-05,5.895042825851945,5.895042855159991,2.9308045768061675e-08,1.5488602464078636e-16,1.5488602464078636e-16,3.097720492815727e-16,True,0.019045000008190982,0.015625,,
263,arpack_matvec,central_difference,1.0,0.0020373375775464136,0.11468538242862976,189957594.9065042,336.4446962362011,336.44872248127956,336.4446478061245,336.4486740512029,2,sparse_direct,not_applicable,3.872150616019659e-16,3.097720492815727e-16,0.006746600003680214,0.005707500007702038,0.015625,0.0,6.785362144739294e-05,6.785361993353272e-05,5.895042762162973,5.89504289368537,1.3152239741742733e-07,0.0,7.744301232039318e-17,7.744301232039318e-17,True,0.013085700004012324,0.015625,,
264,arpack_matvec,central_difference,1.0,0.0020373375775464136,0.18388407475365245,327912411.7035572,336.4446478061245,336.4487189373821,336.44465135002196,336.44872248127956,2,sparse_direct,not_applicable,3.872150616019659e-16,5.421010862427522e-16,0.007100399991031736,0.0074613999895518646,0.015625,0.0,6.785362132725241e-05,6.785361964374135e-05,5.8950427726006405,5.895042918862104,1.4626146338514445e-07,7.744301232039318e-17,7.744301232039318e-17,1.5488602464078636e-16,True,0.01565810000465717,0.015625,,
265,arpack_matvec,central_difference,1.0,0.0020373375775464136,0.1337461925248206,261884082.6360174,336.4446478061245,336.44870126630315,336.44466902110094,336.44872248127956,2,sparse_direct,not_applicable,6.195440985631454e-16,4.64658073922359e-16,0.007265100008226,0.007351000007474795,0.015625,0.0,6.785362241661036e-05,6.785361884172566e-05,5.8950426779585055,5.895042988540288,3.105817825144186e-07,7.744301232039318e-17,2.323290369611795e-16,3.097720492815727e-16,True,0.01566340000135824,0.015625,,
266,arpack_matvec,central_difference,1.0,0.0020373375775464136,0.1354480060860661,244265777.0473827,336.4446478061245,336.448697683712,336.4446726036921,336.44872248127956,2,sparse_direct,not_applicable,3.872150616019659e-16,7.744301232039318e-16,0.00859179999679327,0.0068208000011509284,0.015625,0.0,6.785362289084741e-05,6.785361827083946e-05,5.89504263675735,5.895043038138213,4.013808627689741e-07,7.744301232039318e-17,3.872150616019659e-16,4.64658073922359e-16,True,0.016222299993387423,0.015625,,
267,arpack_matvec,central_difference,1.0,0.0020373375775464136,0.1289644157556186,213311008.04532874,336.44464780612446,336.4486797419235,336.44469054548046,336.4487224812795,2,sparse_direct,not_applicable,3.097720492815727e-16,3.872150616019659e-16,0.0058495999983279034,0.007426600001053885,0.015625,0.0,6.785362376898101e-05,6.78536174378548e-05,5.895042560466141,5.895043110506948,5.500408066794193e-07,1.5488602464078636e-16,1.5488602464078636e-16,0.0,True,0.014071199999307282,0.015625,,
268,arpack_matvec,central_difference,1.0,0.0020373375775464136,0.13566522521650104,233478694.92464283,336.44464780612446,336.4486179959624,336.44475229144166,336.4487224812795,2,sparse_direct,not_applicable,7.744301232039318e-16,3.872150616019659e-16,0.005034299989347346,0.00472559999616351,0.0,0.015625,6.785362460491156e-05,6.785361666324644e-05,5.895042487841485,5.895043177804019,6.899625342171589e-07,7.744301232039318e-17,0.0,7.744301232039318e-17,True,0.010216199996648356,0.015625,,
269,arpack_matvec,central_difference,1.0,0.0020373375775464136,0.14231939398881882,240632474.73157158,336.4446478061245,336.4486140823782,336.4447562050258,336.44872248127956,2,sparse_direct,not_applicable,5.421010862427522e-16,3.872150616019659e-16,0.008733700000448152,0.008086399990133941,0.0,0.015625,6.785362496705532e-05,6.785361626211225e-05,5.895042456378864,5.89504321265409,7.562752264433925e-07,2.323290369611795e-16,2.323290369611795e-16,4.64658073922359e-16,True,0.017455499997595325,0.015625,,
270,arpack_matvec,central_difference,1.0,0.0020373375775464136,0.11996322527898964,217924384.0014317,336.4446478061245,336.4486277002451,336.4447425871589,336.44872248127956,2,sparse_direct,not_applicable,5.421010862427522e-16,3.872150616019659e-16,0.009070900006918237,0.008809799997834489,0.015625,0.0,6.78536265133113e-05,6.785361495091344e-05,5.895042322041982,5.895043326569519,1.004527537595834e-06,3.872150616019659e-16,1.5488602464078636e-16,5.421010862427522e-16,True,0.019436600006883964,0.015625,,
271,arpack_matvec,central_difference,1.0,0.0020373375775464136,0.1257451041658818,234766874.06110382,336.44464780612446,336.44863264624325,336.4447376411607,336.4487224812795,2,sparse_direct,not_applicable,3.3881317890172014e-16,3.872150616019659e-16,0.00797170000441838,0.008333899997523986,0.015625,0.0,6.785362628644929e-05,6.785361496859975e-05,5.895042341751483,5.895043325032953,9.83281469579822e-07,1.5488602464078636e-16,1.5488602464078636e-16,3.097720492815727e-16,True,0.017357999997329898,0.015625,,
272,arpack_matvec,central_difference,1.0,0.0020373375775464136,0.15330901243971437,183818082.03573045,336.44464780612446,336.44862369849886,336.4447465889051,336.4487224812795,2,sparse_direct,not_applicable,3.097720492815727e-16,5.421010862427522e-16,0.007749800002784468,0.007769300005747937,0.015625,0.0,6.785362657278022e-05,6.785361485257227e-05,5.895042316875393,5.895043335113286,1.018237893113394e-06,7.744301232039318e-17,1.5488602464078636e-16,2.323290369611795e-16,True,0.016643900002236478,0.015625,,
273,arpack_matvec,central_difference,1.0,0.0020373375775464136,0.15719444074055608,285949153.9277686,336.4446478061245,336.44862806104084,336.44474222636313,336.44872248127956,2,sparse_direct,not_applicable,2.5168979004127783e-16,3.872150616019659e-16,0.008415300006163307,0.007152899997890927,0.015625,0.0,6.785362638709726e-05,6.78536146514301e-05,5.895042333007307,5.895043352588284,1.0195809769797393e-06,7.744301232039318e-17,1.5488602464078636e-16,2.323290369611795e-16,True,0.016531200002646074,0.015625,,
274,arpack_matvec,central_difference,1.0,0.0020373375775464136,0.1401824591607772,248690488.2901617,336.44464780612446,336.4486087646724,336.4447615227316,336.4487224812795,2,sparse_direct,not_applicable,4.64658073922359e-16,4.936992035425065e-16,0.008036699990043417,0.007223900000099093,0.015625,0.0,6.78536279797223e-05,6.785361350558737e-05,5.895042194641942,5.895043452137774,1.2574958319078178e-06,3.872150616019659e-16,1.5488602464078636e-16,2.323290369611795e-16,True,0.01628039999923203,0.015625,,
275,arpack_matvec,central_difference,1.0,0.0020373375775464136,0.15417456381730987,296340733.47805655,336.4446478061245,336.4486223641399,336.44474792326406,336.44872248127956,2,sparse_direct,not_applicable,6.195440985631454e-16,4.64658073922359e-16,0.008213099994463846,0.007778300001518801,0.015625,0.015625,6.785362688905612e-05,6.785361425027397e-05,5.895042289397719,5.895043387440264,1.0980425448892106e-06,2.323290369611795e-16,2.323290369611795e-16,4.64658073922359e-16,True,0.017030600007274188,0.03125,,
276,arpack_matvec,central_difference,1.0,0.0020373375775464136,0.12152287197019554,188930813.06181645,336.44464780612446,336.44862026504126,336.4447500223627,336.4487224812795,2,sparse_direct,not_applicable,3.872150616019659e-16,5.421010862427522e-16,0.006626300004427321,0.011082599987275898,0.0,0.015625,6.785362721035082e-05,6.785361448640493e-05,5.895042261484018,5.89504336692548,1.1054414619238173e-06,7.744301232039318e-17,7.744301232039318e-17,1.5488602464078636e-16,True,0.0184947999950964,0.015625,,
277,arpack_matvec,central_difference,1.0,0.0020373375775464136,0.14457295616010765,256573365.82748318,336.4446478061245,336.4486385682478,336.44473171915615,336.44872248127956,2,sparse_direct,not_applicable,3.29132802361671e-16,4.64658073922359e-16,0.007972200008225627,0.008064900001045316,0.0,0.015625,6.785362442218036e-05,6.78536168490142e-05,5.8950425037169545,5.8950431616647325,6.579477780377374e-07,1.5488602464078636e-16,0.0,1.5488602464078636e-16,True,0.017236599989701062,0.015625,,
278,arpack_matvec,central_difference,1.0,0.0020373375775464136,0.11830676735732663,213632580.73778442,336.44464780612446,336.4486510283994,336.44471925900456,336.4487224812795,2,sparse_direct,not_applicable,3.581739319818184e-16,3.872150616019659e-16,0.006960099999560043,0.007684900003368966,0.0,0.015625,6.78536239862943e-05,6.78536175420717e-05,5.8950425415862195,5.895043101452705,5.598664856165669e-07,1.5488602464078636e-16,1.5488602464078636e-16,0.0,True,0.015459300004295073,0.015625,,
279,arpack_matvec,central_difference,1.0,0.0020373375775464136,0.127876249354056,214607622.73451874,336.4446478061245,336.448682643888,336.444687643516,336.44872248127956,2,sparse_direct,not_applicable,5.421010862427522e-16,5.421010862427522e-16,0.004820400004973635,0.007850699999835342,0.0,0.015625,6.785362250269418e-05,6.785361893682252e-05,5.895042670479644,5.895042980278384,3.097987395506152e-07,7.744301232039318e-17,3.097720492815727e-16,3.872150616019659e-16,True,0.01319070000317879,0.015625,,
280,arpack_matvec,central_difference,1.0,0.0020373375775464136,0.16052967746808972,221114140.80695608,336.444661565128,336.4487224812795,336.44464780612446,336.4487087222761,2,sparse_direct,not_applicable,4.64658073922359e-16,3.872150616019659e-16,0.00905639999837149,0.010141599996131845,0.0,0.015625,6.785362075090955e-05,6.785362042513885e-05,5.895042822672631,5.895042850975206,2.830257539443437e-08,1.5488602464078636e-16,3.097720492815727e-16,4.64658073922359e-16,True,0.020221099999616854,0.015625,,
281,arpack_matvec,central_difference,1.0,0.0020373375775464136,0.12842298718168157,199600096.87525773,336.4446876486708,336.4487224812795,336.44464780612446,336.44868263873315,2,sparse_direct,not_applicable,3.097720492815727e-16,3.097720492815727e-16,0.00806959999317769,0.007265499996719882,0.0,0.0,6.785361960553027e-05,6.785362168753393e-05,5.895042922181838,5.8950427412998065,1.8088203113109103e-07,7.744301232039318e-17,4.64658073922359e-16,3.872150616019659e-16,True,0.016419699997641146,0.015625,,
282,arpack_matvec,central_difference,1.0,0.0020373375775464136,0.15141536391418856,269977937.9869506,336.44470202282747,336.4487224812795,336.44464780612446,336.4486682645765,2,sparse_direct,not_applicable,3.872150616019659e-16,4.64658073922359e-16,0.0050352999969618395,0.008686300003319047,0.0,0.015625,6.785361821853564e-05,6.785362287532517e-05,5.895043042682308,5.895042638105904,4.04576403489898e-07,7.744301232039318e-17,0.0,7.744301232039318e-17,True,0.014243099998566322,0.015625,,
283,arpack_matvec,central_difference,1.0,0.0020373375775464136,0.14975063604012975,276772026.58560634,336.4447270005242,336.44872248127956,336.4446478061245,336.44864328687987,2,sparse_direct,not_applicable,3.872150616019659e-16,5.421010862427522e-16,0.00795240000297781,0.008285599993541837,0.0,0.0,6.785361697641241e-05,6.785362416638408e-05,5.895043150596524,5.895042525940233,6.246562911371711e-07,0.0,0.0,0.0,True,0.01732569999876432,0.015625,,
284,arpack_matvec,central_difference,1.0,0.0020373375775464136,0.19205235629685072,318862151.6475466,336.4447274222479,336.44872248127956,336.4446478061245,336.44864286515616,2,sparse_direct,not_applicable,3.872150616019659e-16,3.097720492815727e-16,0.008096499994280748,0.007760199994663708,0.015625,0.0,6.78536167251842e-05,6.785362423517179e-05,5.895043172422938,5.895042519964038,6.524589002410153e-07,7.744301232039318e-17,7.744301232039318e-17,0.0,True,0.016938100001425482,0.015625,,
285,arpack_matvec,central_difference,1.0,0.0020373375775464136,0.12583551530752965,180330970.9653995,336.44482629185245,336.44872248127956,336.4446478061245,336.44854399555163,2,sparse_direct,not_applicable,5.421010862427522e-16,4.64658073922359e-16,0.007636900001671165,0.0071349000063491985,0.015625,0.0,6.785361278667964e-05,6.785362840623657e-05,5.895043514595646,5.895042157586892,1.3570087542547071e-06,0.0,2.323290369611795e-16,2.323290369611795e-16,True,0.015872900010435842,0.015625,,
286,arpack_matvec,central_difference,1.0,0.0020373375775464136,0.1249213671609529,192737836.80154654,336.444812349489,336.44872248127956,336.4446478061245,336.4485579379151,2,sparse_direct,not_applicable,3.097720492815727e-16,3.097720492815727e-16,0.0083228000003146,0.008572799997637048,0.015625,0.0,6.785361239848513e-05,6.785362862717775e-05,5.895043548321537,5.895042138391785,1.4099297516168008e-06,7.744301232039318e-17,1.5488602464078636e-16,7.744301232039318e-17,True,0.018102199988788925,0.015625,,
287,arpack_matvec,central_difference,1.0,0.0020373375775464136,0.12868416291822946,177875385.55332586,336.4448206193753,336.4487224812795,336.44464780612446,336.44854966802865,2,sparse_direct,not_applicable,4.64658073922359e-16,3.097720492815727e-16,0.007267799999681301,0.005891199994948693,0.015625,0.0,6.785361210019875e-05,6.785362915205179e-05,5.895043574236314,5.895042092791357,1.4814449569300336e-06,7.744301232039318e-17,0.0,7.744301232039318e-17,True,0.013892600007238798,0.015625,,
288,arpack_matvec,central_difference,1.0,0.0020373375775464136,0.1440491810018533,223796691.06123078,336.44479856007393,336.44872248127956,336.4446478061245,336.44857172733015,2,sparse_direct,not_applicable,3.872150616019659e-16,3.097720492815727e-16,0.0049143999931402504,0.008651600001030602,0.015625,0.0,6.785361316001181e-05,6.785362806380503e-05,5.895043482160979,5.8950421873369345,1.2948240444288217e-06,1.5488602464078636e-16,0.0,1.5488602464078636e-16,True,0.014222900004824623,0.015625,,
289,arpack_matvec,central_difference,1.0,0.0020373375775464136,0.1283805432053453,230042777.6550124,336.44479623211896,336.4487224812795,336.44464780612446,336.448574055285,2,sparse_direct,not_applicable,5.421010862427522e-16,5.421010862427522e-16,0.009729099998367019,0.008071400006883778,0.015625,0.0,6.785361263522782e-05,6.78536284786472e-05,5.8950435277536055,5.895042151295942,1.3764576634045511e-06,0.0,0.0,0.0,True,0.01950819999910891,0.015625,,
290,arpack_matvec,central_difference,1.0,0.0020373375775464136,0.10697227380005771,188761222.6599545,336.4448749034803,336.4487224812795,336.44464780612446,336.4484953839238,2,sparse_direct,not_applicable,4.64658073922359e-16,3.872150616019659e-16,0.008127599998260848,0.008202700002584606,0.015625,0.015625,6.785361014289132e-05,6.785363148508795e-05,5.895043744284931,5.895041890099974,1.8541849566844348e-06,2.323290369611795e-16,2.323290369611795e-16,4.64658073922359e-16,True,0.017362500002491288,0.03125,,
291,arpack_matvec,central_difference,1.0,0.0020373375775464136,0.11844299540597687,226713737.47877812,336.44479284214884,336.4487224812795,336.44464780612446,336.4485774452551,2,sparse_direct,not_applicable,4.64658073922359e-16,4.64658073922359e-16,0.009102500000153668,0.006728899999870919,0.0,0.015625,6.785361220448214e-05,6.785362894016207e-05,5.895043565176293,5.895042111200083,1.4539762096532627e-06,3.097720492815727e-16,2.323290369611795e-16,7.744301232039318e-17,True,0.01694129999668803,0.015625,,
292,arpack_matvec,central_difference,1.0,0.0020373375775464136,0.16055103131181947,281923353.0862456,336.4447440176642,336.4487224812795,336.44464780612446,336.44862626973975,2,sparse_direct,not_applicable,3.872150616019659e-16,3.872150616019659e-16,0.008466999992378987,0.008779600000707433,0.0,0.015625,6.785361474015042e-05,6.785362634132977e-05,5.895043344880366,5.895042336983533,1.0078968335491822e-06,1.5488602464078636e-16,0.0,1.5488602464078636e-16,True,0.018186200002674013,0.015625,,
293,arpack_matvec,central_difference,1.0,0.0020373375775464136,0.15061203824594532,276684512.62836117,336.4447206459071,336.44872248127956,336.4446478061245,336.44864964149684,2,sparse_direct,not_applicable,5.421010862427522e-16,4.64658073922359e-16,0.007157999993069097,0.009732899998198263,0.0,0.015625,6.785361572906023e-05,6.785362525760772e-05,5.89504325896503,5.895042431136016,8.278290142271771e-07,0.0,1.5488602464078636e-16,1.5488602464078636e-16,True,0.017804599992814474,0.015625,,
294,arpack_matvec,central_difference,1.0,0.0020373375775464136,0.12579654475626328,250998712.5507014,336.44469420470296,336.44872248127956,336.4446478061245,336.4486760827011,2,sparse_direct,not_applicable,6.9698711088353855e-16,3.872150616019659e-16,0.005267500004265457,0.0069918999943183735,0.0,0.015625,6.78536167309046e-05,6.785362471612586e-05,5.895043171925956,5.895042478179318,6.93746638802395e-07,1.5488602464078636e-16,7.744301232039318e-17,2.323290369611795e-16,True,0.01279959999374114,0.015625,,
295,arpack_matvec,central_difference,1.0,0.0020373375775464136,0.1432643182995194,311075750.542572,336.4446520340307,336.4487224812795,336.44464780612446,336.4487182533734,2,sparse_direct,not_applicable,8.518731355243249e-16,5.421010862427522e-16,0.007979900008649565,0.008902400004444644,0.0,0.015625,6.7853619084075e-05,6.785362203610748e-05,5.895042967485261,5.895042711016147,2.56469113502078e-07,3.097720492815727e-16,2.323290369611795e-16,7.744301232039318e-17,True,0.01791110000340268,0.015625,,
296,arpack_matvec,central_difference,1.0,0.0020373375775464136,0.12909219890269474,268567471.7129326,336.44465852944774,336.44872248127956,336.4446478061245,336.44871175795635,2,sparse_direct,not_applicable,4.64658073922359e-16,3.097720492815727e-16,0.0058458999992581084,0.006411100010154769,0.0,0.015625,6.785361808387927e-05,6.78536234361567e-05,5.895043054381095,5.895042589381523,4.6499957218060217e-07,7.744301232039318e-17,7.744301232039318e-17,0.0,True,0.012771299996529706,0.015625,,
297,arpack_matvec,central_difference,1.0,0.0020373375775464136,0.15122311735983043,270786548.3976878,336.4446749064479,336.44872248127956,336.4446478061245,336.44869538095617,2,sparse_direct,not_applicable,3.872150616019659e-16,3.872150616019659e-16,0.005150099997990765,0.005102900002384558,0.0,0.0,6.785361796721886e-05,6.78536230643306e-05,5.895043064516416,5.895042621685335,4.4283108024956164e-07,2.323290369611795e-16,0.0,2.323290369611795e-16,True,0.010780500000691973,0.0,,
298,arpack_matvec,central_difference,1.0,0.0020373375775464136,0.14973248586999785,281245777.569706,336.4446578312528,336.4487224812795,336.44464780612446,336.44871245615116,2,sparse_direct,not_applicable,3.097720492815727e-16,4.64658073922359e-16,0.00753469999472145,0.0077096000022720546,0.0,0.015625,6.785361781986093e-05,6.785362338705028e-05,5.895043077318701,5.8950425936478315,4.836708695776792e-07,1.5488602464078636e-16,1.5488602464078636e-16,0.0,True,0.01604280000901781,0.015625,,
299,arpack_matvec,central_difference,1.0,0.0020373375775464136,0.1226886893085275,235230728.040084,336.44465603770914,336.44872248127956,336.4446478061245,336.44871424969483,2,sparse_direct,not_applicable,4.452973208422607e-16,4.64658073922359e-16,0.008545599994249642,0.0075241000013193116,0.0,0.015625,6.785361755922328e-05,6.785362381510508e-05,5.895043099962595,5.895042556458936,5.435036589673814e-07,0.0,7.744301232039318e-17,7.744301232039318e-17,True,0.017338799996650778,0.015625,,
300,arpack_matvec,central_difference,1.0,0.0020373375775464136,0.12932982605458043,209532053.25367397,336.44467326842033,336.4487224812795,336.44464780612446,336.44869701898364,2,sparse_direct,not_applicable,5.421010862427522e-16,3.097720492815727e-16,0.007668000005651265,0.009468399992329068,0.0,0.015625,6.785361816313472e-05,6.785362338505849e-05,5.8950430474954745,5.895042593820876,4.5367459833300927e-07,2.323290369611795e-16,7.744301232039318e-17,1.5488602464078636e-16,True,0.018035999994026497,0.015625,,
301,arpack_matvec,central_difference,1.0,0.0020373375775464136,0.13530385494504527,222914141.2900206,336.4446478061245,336.44871705277325,336.4446532346307,336.44872248127956,2,sparse_direct,not_applicable,3.872150616019659e-16,5.421010862427522e-16,0.008607299998402596,0.0067014999949606135,0.0,0.015625,6.785361882277772e-05,6.785362239076375e-05,5.895042990186463,5.895042680204028,3.0998243438773443e-07,7.744301232039318e-17,0.0,7.744301232039318e-17,True,0.01612869999371469,0.015625,,
302,arpack_matvec,central_difference,1.0,0.0020373375775464136,0.14671248250434576,234787082.48541716,336.4446776451455,336.44872248127956,336.4446478061245,336.4486926422586,2,sparse_direct,not_applicable,6.195440985631454e-16,3.872150616019659e-16,0.008515499997884035,0.0074441000033402815,0.0,0.0,6.785361952689486e-05,6.785362174108035e-05,5.89504292901359,5.895042736647757,1.9236583259640838e-07,1.5488602464078636e-16,7.744301232039318e-17,2.323290369611795e-16,True,0.01705160000710748,0.015625,,
303,arpack_matvec,central_difference,1.0,0.0020373375775464136,0.1191504078337758,179658075.6106473,336.4446478061245,336.44871882620527,336.4446514611988,336.44872248127956,2,sparse_direct,not_applicable,5.421010862427522e-16,5.421010862427522e-16,0.009118999994825572,0.010968900009174831,0.015625,0.0,6.785361993535528e-05,6.78536214730484e-05,5.8950428935270285,5.895042759934057,1.3359297135195902e-07,2.323290369611795e-16,3.097720492815727e-16,5.421010862427522e-16,True,0.021856300008948892,0.015625,,
304,arpack_matvec,central_difference,1.0,0.0020373375775464136,0.1266130820160719,215306693.44323903,336.44464780612446,336.4487051071781,336.44466518022585,336.4487224812795,2,sparse_direct,not_applicable,4.64658073922359e-16,2.323290369611795e-16,0.008421700011240318,0.010025399998994544,0.015625,0.015625,6.785362049041206e-05,6.785362053189493e-05,5.895042845304346,5.895042841700364,3.6039820017208513e-09,1.5488602464078636e-16,7.744301232039318e-17,2.323290369611795e-16,True,0.019813799997791648,0.03125,,
305,arpack_matvec,central_difference,1.0,0.0020373375775464136,0.11184880541996946,181948612.45501885,336.4446730362887,336.44872248127956,336.4446478061245,336.4486972511154,2,sparse_direct,not_applicable,3.872150616019659e-16,3.872150616019659e-16,0.010337100000469945,0.01230780000332743,0.0,0.0,6.785362137594885e-05,6.785362000848501e-05,5.895042768369951,5.895042887173602,1.1880365136107685e-07,0.0,7.744301232039318e-17,7.744301232039318e-17,True,0.02400350000243634,0.0,,
306,arpack_matvec,central_difference,1.0,0.0020373375775464136,0.1971888940066441,344084751.7683972,336.4446478061245,336.4487024634711,336.444667823933,336.44872248127956,2,sparse_direct,not_applicable,5.421010862427522e-16,4.64658073922359e-16,0.011624799997662194,0.012661400003707968,0.0,0.0,6.785362123513036e-05,6.785361971859997e-05,5.895042780604096,5.895042912358475,1.3175437896251196e-07,3.097720492815727e-16,2.323290369611795e-16,7.744301232039318e-17,True,0.02566569999908097,0.0,,
307,arpack_matvec,central_difference,1.0,0.0020373375775464136,0.15893554408650953,299548519.7187456,336.4446478061245,336.44868940795203,336.44468087945205,336.44872248127956,2,sparse_direct,not_applicable,3.872150616019659e-16,3.872150616019659e-16,0.008369200004381128,0.009829500006162561,0.0,0.015625,6.785362210239404e-05,6.78536190151739e-05,5.895042705257248,5.895042973471307,2.6821405896271244e-07,2.323290369611795e-16,7.744301232039318e-17,3.097720492815727e-16,True,0.0188658000115538,0.015625,,
308,arpack_matvec,central_difference,1.0,0.0020373375775464136,0.15871036081447626,282563022.9512686,336.44464780612446,336.44868374066635,336.4446865467376,336.4487224812795,2,sparse_direct,not_applicable,3.872150616019659e-16,3.097720492815727e-16,0.008981999999377877,0.007107800003723241,0.015625,0.0,6.78536225826442e-05,6.785361849810661e-05,5.8950426635336814,5.895043018393508,3.5485982685656836e-07,7.744301232039318e-17,3.097720492815727e-16,2.323290369611795e-16,True,0.01695560000371188,0.015625,,
309,arpack_matvec,central_difference,1.0,0.0020373375775464136,0.11341225013663485,193535816.73557436,336.44464780612446,336.44869946916884,336.4446708182351,336.4487224812795,2,sparse_direct,not_applicable,4.64658073922359e-16,3.097720492815727e-16,0.010494000001926906,0.010199600001215003,0.0,0.015625,6.785362460695896e-05,6.785361674795418e-05,5.895042487663609,5.895043170444709,6.827811001031137e-07,2.323290369611795e-16,7.744301232039318e-17,3.097720492815727e-16,True,0.02193960000295192,0.015625,,
310,arpack_matvec,central_difference,1.0,0.0020373375775464136,0.13546752867072948,231069363.8160154,336.44465390419845,336.4487224812795,336.44464780612446,336.44871638320564,2,sparse_direct,not_applicable,3.872150616019659e-16,3.872150616019659e-16,0.010138500001630746,0.009923400008119643,0.0,0.015625,6.785362484642459e-05,6.785361635735188e-05,5.895042466859119,5.895043204379782,7.37520663207647e-07,3.097720492815727e-16,3.097720492815727e-16,0.0,True,0.02089189999969676,0.015625,,
311,arpack_matvec,central_difference,1.0,0.0020373375775464136,0.13456520063578872,223814923.7583135,336.4446478061245,336.4487055846759,336.44466470272806,336.44872248127956,2,sparse_direct,not_applicable,5.421010862427522e-16,3.097720492815727e-16,0.008050699994782917,0.006670399990980513,0.015625,0.0,6.785362602269018e-05,6.785361529532333e-05,5.895042364666561,5.895043296647588,9.319810265751016e-07,3.872150616019659e-16,7.744301232039318e-17,3.097720492815727e-16,True,0.01557249999314081,0.015625,,
312,arpack_matvec,central_difference,1.0,0.0020373375775464136,0.11147847011020279,209637714.36110762,336.44466411727456,336.4487224812795,336.44464780612446,336.4487061701294,2,sparse_direct,not_applicable,3.872150616019659e-16,3.097720492815727e-16,0.008387000008951873,0.009369099992909469,0.015625,0.0,6.785362793430053e-05,6.785361361745737e-05,5.895042198588131,5.895043442418637,1.2438305061479582e-06,0.0,2.323290369611795e-16,2.323290369611795e-16,True,0.018704200003412552,0.015625,,
313,arpack_matvec,central_difference,1.0,0.0020373375775464136,0.12339961347880123,216950548.28348878,336.4446693453264,336.4487224812795,336.44464780612446,336.44870094207755,2,sparse_direct,not_applicable,5.421010862427522e-16,4.64658073922359e-16,0.006686299995635636,0.009096100009628572,0.015625,0.0,6.785362752111067e-05,6.785361373259842e-05,5.895042234485573,5.895043432415316,1.1979297429576263e-06,1.5488602464078636e-16,1.5488602464078636e-16,0.0,True,0.016539499993086793,0.015625,,
314,arpack_matvec,central_difference,1.0,0.0020373375775464136,0.12770429358462737,183552408.80345052,336.44464780612446,336.4486880784465,336.4446822089575,336.4487224812795,2,sparse_direct,not_applicable,4.64658073922359e-16,3.872150616019659e-16,0.008611700002802536,0.009333100009826012,0.015625,0.0,6.785362920167751e-05,6.785361238311935e-05,5.895042088479934,5.8950435496564975,1.4611765637440044e-06,0.0,1.5488602464078636e-16,1.5488602464078636e-16,True,0.019577999992179684,0.015625,,
315,arpack_matvec,central_difference,1.0,0.0020373375775464136,0.13226573927851223,270402790.8370805,336.44470183851723,336.4487224812795,336.44464780612446,336.44866844888674,2,sparse_direct,not_applicable,6.195440985631454e-16,3.097720492815727e-16,0.009185599992633797,0.00996020001184661,0.0,0.015625,6.785362922851782e-05,6.78536119776446e-05,5.89504208614808,5.895043584883677,1.4987355969608984e-06,1.5488602464078636e-16,7.744301232039318e-17,7.744301232039318e-17,True,0.020099400004255585,0.015625,,
316,arpack_matvec,central_difference,1.0,0.0020373375775464136,0.11838402246335605,240318682.4957588,336.444735700382,336.4487224812795,336.44464780612446,336.44863458702196,2,sparse_direct,not_applicable,4.64658073922359e-16,3.097720492815727e-16,0.008476699993479997,0.008779399999184534,0.0,0.015625,6.785363411584291e-05,6.785360778626282e-05,5.895041661543156,5.895043949026117,2.2874829603836133e-06,1.5488602464078636e-16,1.5488602464078636e-16,3.097720492815727e-16,True,0.018212499999208376,0.015625,,
317,arpack_matvec,central_difference,1.0,0.0020373375775464136,0.12440162413621311,201214753.6211007,336.44471475468316,336.4487224812795,336.44464780612446,336.4486555327208,2,sparse_direct,not_applicable,4.64658073922359e-16,5.421010862427522e-16,0.00867840000137221,0.008173499998520128,0.015625,0.0,6.785362688665793e-05,6.785361404340338e-05,5.895042289606071,5.895043405412941,1.1158068700112267e-06,2.323290369611795e-16,3.097720492815727e-16,7.744301232039318e-17,True,0.017756700006430037,0.015625,,
318,arpack_matvec,central_difference,1.0,0.0020373375775464136,0.1608263794308717,270077301.1459464,336.4447150510554,336.4487224812795,336.44464780612446,336.44865523634854,2,sparse_direct,not_applicable,3.097720492815727e-16,4.64658073922359e-16,0.010005300006014295,0.009157199994660914,0.015625,0.0,6.78536231025562e-05,6.785361803608062e-05,5.895042618364341,5.895043058533787,4.4016944578118e-07,2.323290369611795e-16,7.744301232039318e-17,1.5488602464078636e-16,True,0.020351999992271885,0.03125,,
319,arpack_matvec,central_difference,1.0,0.0020373375775464136,0.12568002710439463,202765344.53953767,336.44470141259535,336.4487224812795,336.44464780612446,336.4486688748086,2,sparse_direct,not_applicable,3.872150616019659e-16,3.872150616019659e-16,0.010238599992590025,0.011394200002541766,0.0,0.015625,6.785362316897445e-05,6.785361840490414e-05,5.895042612594002,5.895043026490831,4.1389682881032286e-07,7.744301232039318e-17,2.323290369611795e-16,1.5488602464078636e-16,True,0.022965199997997843,0.015625,,
320,arpack_matvec,central_difference,1.0,0.0020373375775464136,0.13168635131213227,182679437.75774065,336.44477773314605,336.4487224812795,336.44464780612446,336.448592554258,2,sparse_direct,not_applicable,2.420094135012287e-16,5.421010862427522e-16,0.00834660000691656,0.008262600007583387,0.015625,0.0,6.785362033001475e-05,6.785362093291602e-05,5.895042859239477,5.895042806860122,5.237935507551583e-08,7.744301232039318e-17,1.5488602464078636e-16,7.744301232039318e-17,True,0.01791760000924114,0.015625,,
321,arpack_matvec,central_difference,1.0,0.0020373375775464136,0.1420688936444532,253975627.53789333,336.44477389525326,336.4487224812795,336.44464780612446,336.4485963921507,2,sparse_direct,not_applicable,6.195440985631454e-16,3.872150616019659e-16,0.006137699994724244,0.006955900011234917,0.015625,0.0,6.785361880406643e-05,6.78536222715037e-05,5.895042991812077,5.895042690565202,3.012468754448605e-07,0.0,2.323290369611795e-16,2.323290369611795e-16,True,0.013892700008000247,0.015625,,
322,arpack_matvec,central_difference,1.0,0.0020373375775464136,0.12428956606235197,205855671.64990944,336.44464780612446,336.4487067953698,336.4446634920342,336.4487224812795,2,sparse_direct,not_applicable,5.421010862427522e-16,6.195440985631454e-16,0.009117800000240095,0.007930000007036142,0.015625,0.0,6.785361625103489e-05,6.785362490020915e-05,5.8950432136164785,5.89504246218638,7.514300985889122e-07,7.744301232039318e-17,1.5488602464078636e-16,2.323290369611795e-16,True,0.018456699996022508,0.015625,,
323,arpack_matvec,central_difference,1.0,0.0020373375775464136,0.14609568850449622,255808964.0619668,336.4447266038262,336.44872248127956,336.4446478061245,336.44864368357787,2,sparse_direct,not_applicable,3.097720492815727e-16,3.872150616019659e-16,0.007708300006925128,0.007615299997269176,0.015625,0.0,6.785361442365878e-05,6.785362676215565e-05,5.895043372376793,5.8950423004226815,1.0719541112536035e-06,1.5488602464078636e-16,1.5488602464078636e-16,3.097720492815727e-16,True,0.016161599996848963,0.015625,,
324,arpack_matvec,central_difference,1.0,0.0020373375775464136,0.1600900931191252,289932828.69626373,336.4446549568311,336.44872248127956,336.4446478061245,336.448715330573,2,sparse_direct,not_applicable,5.421010862427522e-16,4.64658073922359e-16,0.007905399994342588,0.007823899999493733,0.015625,0.0,6.785361368446741e-05,6.785362728156968e-05,5.8950434365968825,5.895042255296609,1.1813002736005274e-06,1.5488602464078636e-16,7.744301232039318e-17,7.744301232039318e-17,True,0.01681230000394862,0.015625,,
325,arpack_matvec,central_difference,1.0,0.0020373375775464136,0.1213260006177022,180799449.04091576,336.44464780612446,336.44869983165063,336.44467045575345,336.4487224812795,2,sparse_direct,not_applicable,4.64658073922359e-16,6.195440985631454e-16,0.0076323999965097755,0.008572199993068352,0.015625,0.015625,6.785360912065633e-05,6.785363220256645e-05,5.895043833095535,5.895041827766306,2.0053292288935154e-06,7.744301232039318e-17,7.744301232039318e-17,0.0,True,0.017206899996381253,0.03125,,
326,arpack_matvec,central_difference,1.0,0.0020373375775464136,0.13038499641107193,264190672.85293078,336.4447964468663,336.44872248127956,336.4446478061245,336.4485738405377,2,sparse_direct,not_applicable,5.421010862427522e-16,3.872150616019659e-16,0.008399999991524965,0.010837499998160638,0.0,0.015625,6.785360818887524e-05,6.785363292791951e-05,5.895043914047609,5.895041764748507,2.149299102249813e-06,0.0,1.5488602464078636e-16,1.5488602464078636e-16,True,0.020276199997169897,0.015625,,
327,arpack_matvec,central_difference,1.0,0.0020373375775464136,0.13732481769872973,221465093.36120227,336.44471605388287,336.44872248127956,336.4446478061245,336.4486542335212,2,sparse_direct,not_applicable,3.097720492815727e-16,3.872150616019659e-16,0.008405900007346645,0.007602300000144169,0.0,0.015625,6.785360817007835e-05,6.785363312561362e-05,5.895043915680662,5.895041747573081,2.168107581468348e-06,7.744301232039318e-17,7.744301232039318e-17,1.5488602464078636e-16,True,0.017014900004141964,0.015625,,
328,arpack_matvec,central_difference,1.0,0.0020373375775464136,0.16419438405264128,235920051.3330288,336.4448767248997,336.44872248127956,336.4446478061245,336.4484935625044,2,sparse_direct,not_applicable,3.872150616019659e-16,4.64658073922359e-16,0.008184199992683716,0.007282500009750947,0.0,0.0,6.785361246473361e-05,6.785362858845957e-05,5.895043542565945,5.895042141755575,1.4008103699225671e-06,1.5488602464078636e-16,7.744301232039318e-17,7.744301232039318e-17,True,0.016439300001366064,0.015625,,
329,arpack_matvec,central_difference,1.0,0.0020373375775464136,0.15110752613467013,256777472.34357637,336.4449314629359,336.4487224812795,336.44464780612446,336.44843882446804,2,sparse_direct,not_applicable,4.64658073922359e-16,4.64658073922359e-16,0.007880799996200949,0.008872999998857267,0.0,0.0,6.78536114587927e-05,6.785362977206024e-05,5.895043629960933,5.895042038925765,1.5910351676140522e-06,7.744301232039318e-17,7.744301232039318e-17,0.0,True,0.017571000003954396,0.0,,
330,arpack_matvec,central_difference,1.0,0.0020373375775464136,0.12875854678216497,224378171.02575442,336.4447674952273,336.4487224812795,336.44464780612446,336.44860279217676,2,sparse_direct,not_applicable,3.872150616019659e-16,4.64658073922359e-16,0.008541000002878718,0.008280699999886565,0.015625,0.0,6.7853610815094e-05,6.785363061037427e-05,5.895043685884735,5.895041966094048,1.719790686749434e-06,7.744301232039318e-17,7.744301232039318e-17,0.0,True,0.01785050000762567,0.015625,,
331,arpack_matvec,central_difference,1.0,0.0020373375775464136,0.1289636052266553,220967439.11038238,336.4447841917015,336.44872248127956,336.4446478061245,336.44858609570247,2,sparse_direct,not_applicable,5.421010862427522e-16,3.872150616019659e-16,0.0068140000075800344,0.0078027999988989905,0.015625,0.0,6.785361374179503e-05,6.785362732732324e-05,5.895043431616325,5.895042251321594,1.180294731284448e-06,7.744301232039318e-17,1.5488602464078636e-16,7.744301232039318e-17,True,0.015482600007089786,0.015625,,
332,arpack_matvec,central_difference,1.0,0.0020373375775464136,0.11927731983090292,205870958.77869177,336.4446478061245,336.4486240718176,336.44474621558635,336.44872248127956,2,sparse_direct,not_applicable,3.29132802361671e-16,5.421010862427522e-16,0.009559800004353747,0.008383300009882078,0.015625,0.0,6.785361461101177e-05,6.785362690454683e-05,5.895043356099782,5.895042288051904,1.0680478776947666e-06,2.323290369611795e-16,1.5488602464078636e-16,7.744301232039318e-17,True,0.018832599991583265,0.03125,,
333,arpack_matvec,central_difference,1.0,0.0020373375775464136,0.14390161922997022,254610307.06645975,336.44464780612446,336.44853445906665,336.44483582833743,336.4487224812795,2,sparse_direct,not_applicable,3.097720492815727e-16,4.64658073922359e-16,0.014426099995034747,0.008051500000874512,0.0,0.015625,6.785361818387784e-05,6.785362281395278e-05,5.8950430456933365,5.895042643437865,4.0225547159877806e-07,7.744301232039318e-17,1.5488602464078636e-16,2.323290369611795e-16,True,0.023359300001175143,0.015625,,
334,arpack_matvec,central_difference,1.0,0.0020373375775464136,0.1318384658895375,251267757.28116757,336.4446478061245,336.44847102059316,336.4448992668109,336.44872248127956,2,sparse_direct,not_applicable,3.872150616019659e-16,3.097720492815727e-16,0.007821899998816662,0.007684600001084618,0.015625,0.0,6.78536220050487e-05,6.785361941167948e-05,5.8950427137144965,5.895042939023368,2.2530887111571474e-07,1.5488602464078636e-16,7.744301232039318e-17,7.744301232039318e-17,True,0.016533300004084595,0.015625,,
335,arpack_matvec,central_difference,1.0,0.0020373375775464136,0.13718782372154328,229547321.34285212,336.4447242974199,336.44872248127956,336.4446478061245,336.4486459899842,2,sparse_direct,not_applicable,3.872150616019659e-16,5.421010862427522e-16,0.008572400009143166,0.008319000000483356,0.015625,0.0,6.785362392300015e-05,6.785361740227808e-05,5.89504254708514,5.895043113597811,5.665126714404778e-07,0.0,7.744301232039318e-17,7.744301232039318e-17,True,0.017983999990974553,0.015625,,
336,arpack_matvec,central_difference,1.0,0.0020373375775464136,0.13572948991482803,252910231.79366413,336.4446478061245,336.4484021082322,336.4449681791719,336.44872248127956,2,sparse_direct,not_applicable,3.872150616019659e-16,3.872150616019659e-16,0.007240500010084361,0.008214200002839789,0.015625,0.0,6.785362541065355e-05,6.785361606757029e-05,5.895042417839576,5.895043229555669,8.117160925635858e-07,1.5488602464078636e-16,7.744301232039318e-17,7.744301232039318e-17,True,0.016286400001263246,0.015625,,
337,arpack_matvec,central_difference,1.0,0.0020373375775464136,0.12929157334448813,220926650.52553767,336.44464780612446,336.4484376894264,336.4449325979777,336.4487224812795,2,sparse_direct,not_applicable,4.64658073922359e-16,4.64658073922359e-16,0.00755320000462234,0.007995899999514222,0.015625,0.0,6.785362624635347e-05,6.785361485590251e-05,5.895042345234961,5.895043334823958,9.895889974131933e-07,7.744301232039318e-17,0.0,7.744301232039318e-17,True,0.01660940000147093,0.015625,,
338,arpack_matvec,central_difference,1.0,0.0020373375775464136,0.1377483440371027,225150169.96911517,336.4446478061245,336.44851193049436,336.4448583569096,336.44872248127956,2,sparse_direct,not_applicable,6.195440985631454e-16,4.64658073922359e-16,0.007674199994653463,0.00874150000163354,0.015625,0.0,6.785362699386866e-05,6.785361443920233e-05,5.89504228029173,5.895043371026387,1.0907346563726605e-06,7.744301232039318e-17,1.5488602464078636e-16,2.323290369611795e-16,True,0.017459500013501383,0.015625,,
339,arpack_matvec,central_difference,1.0,0.0020373375775464136,0.11784340505336907,209310581.60512993,336.44469261926895,336.44872248127956,336.4446478061245,336.448677668135,2,sparse_direct,not_applicable,3.872150616019659e-16,5.421010862427522e-16,0.007603000005474314,0.01028010000300128,0.0,0.015625,6.785362671770149e-05,6.78536146496297e-05,5.8950423042848055,5.895043352744701,1.0484598957916091e-06,2.323290369611795e-16,7.744301232039318e-17,1.5488602464078636e-16,True,0.019071700007771142,0.03125,,
340,arpack_matvec,central_difference,1.0,0.0020373375775464136,0.10751164077209731,203748174.50605285,336.4446483959573,336.44872248127956,336.4446478061245,336.4487218914468,2,sparse_direct,not_applicable,2.323290369611795e-16,3.097720492815727e-16,0.00844800000777468,0.007599999997182749,0.0,0.015625,6.785362587374122e-05,6.785361587694901e-05,5.895042377607069,5.895043246116624,8.685095549409994e-07,7.744301232039318e-17,0.0,7.744301232039318e-17,True,0.01734129998658318,0.015625,,
341,arpack_matvec,central_difference,1.0,0.0020373375775464136,0.14916980552409564,255887613.92530972,336.4447938394696,336.4487224812795,336.44464780612446,336.4485764479344,2,sparse_direct,not_applicable,3.872150616019659e-16,3.097720492815727e-16,0.007540299993706867,0.007841399987228215,0.0,0.015625,6.785362274158751e-05,6.785361841159675e-05,5.895042649724875,5.895043025909384,3.761845093208649e-07,1.5488602464078636e-16,2.323290369611795e-16,7.744301232039318e-17,True,0.0164529999892693,0.015625,,
342,arpack_matvec,central_difference,1.0,0.0020373375775464136,0.14436897938498136,213069257.52984247,336.44479855124695,336.44872248127956,336.4446478061245,336.44857173615713,2,sparse_direct,not_applicable,6.195440985631454e-16,3.097720492815727e-16,0.006834500003606081,0.007672500010812655,0.0,0.015625,6.785362133037057e-05,6.785361990419584e-05,5.895042772329739,5.895042896234124,1.239043854184274e-07,3.872150616019659e-16,7.744301232039318e-17,4.64658073922359e-16,True,0.015527199997450225,0.015625,,
343,arpack_matvec,central_difference,1.0,0.0020373375775464136,0.14515592077347322,220444382.27931473,336.4446478061245,336.4486807926863,336.4446894947178,336.44872248127956,2,sparse_direct,not_applicable,3.872150616019659e-16,3.872150616019659e-16,0.010087099988595583,0.008795000001555309,0.015625,0.0,6.785361980734239e-05,6.785362138993731e-05,5.895042904648638,5.89504276715465,1.374939877507586e-07,0.0,2.323290369611795e-16,2.323290369611795e-16,True,0.0203921999927843,0.015625,,
344,arpack_matvec,central_difference,1.0,0.0020373375775464136,0.13600085846612223,271359399.5264616,336.4446715546451,336.44872248127956,336.4446478061245,336.448698732759,2,sparse_direct,not_applicable,3.097720492815727e-16,5.421010862427522e-16,0.007140100002288818,0.007557200005976483,0.015625,0.0,6.785361835661454e-05,6.785362262684228e-05,5.895043030686174,5.895042659693804,3.7099237015780773e-07,1.5488602464078636e-16,0.0,1.5488602464078636e-16,True,0.015492800011998042,0.015625,,
345,arpack_matvec,central_difference,1.0,0.0020373375775464136,0.12589775629436556,165611148.55245852,336.4447352151849,336.44872248127956,336.4446478061245,336.4486350722191,2,sparse_direct,not_applicable,5.421010862427522e-16,3.097720492815727e-16,0.007835600001271814,0.0077634000044781715,0.015625,0.0,6.785361660702506e-05,6.78536247255822e-05,5.895043182688467,5.895042477357763,7.05330704064977e-07,1.5488602464078636e-16,7.744301232039318e-17,7.744301232039318e-17,True,0.016515800001798198,0.015625,,
346,arpack_matvec,central_difference,1.0,0.0020373375775464136,0.1392841773405575,266062886.77887735,336.444649002179,336.44872248127956,336.4446478061245,336.4487212852251,2,sparse_direct,not_applicable,4.64658073922359e-16,3.097720492815727e-16,0.007921800002804957,0.009180400011246093,0.015625,0.0,6.785361602760175e-05,6.78536249479975e-05,5.8950432330280895,5.895042458034585,7.74993504926158e-07,7.744301232039318e-17,7.744301232039318e-17,0.0,True,0.018256600000313483,0.015625,,
347,arpack_matvec,central_difference,1.0,0.0020373375775464136,0.12897747658261954,253045865.46687144,336.44467503681653,336.44872248127956,336.4446478061245,336.44869525058755,2,sparse_direct,not_applicable,4.64658073922359e-16,3.872150616019659e-16,0.010511800006497651,0.009039900003699586,0.0,0.015625,6.785361445134641e-05,6.78536267654972e-05,5.895043369971323,5.895042300132371,1.0698389525387597e-06,1.5488602464078636e-16,3.097720492815727e-16,4.64658073922359e-16,True,0.020946000004187226,0.03125,,
348,arpack_matvec,central_difference,1.0,0.0020373375775464136,0.12891208350117417,226978995.4069207,336.4447006536539,336.4487224812795,336.44464780612446,336.44866963375006,2,sparse_direct,not_applicable,3.872150616019659e-16,3.7753468506191674e-16,0.007376099994871765,0.00800070000695996,0.0,0.015625,6.785361311364243e-05,6.785362804871433e-05,5.895043486189497,5.895042188647997,1.297541500022703e-06,2.323290369611795e-16,7.744301232039318e-17,1.5488602464078636e-16,True,0.016798800003016368,0.015625,,
349,arpack_matvec,central_difference,1.0,0.0020373375775464136,0.14962812495231073,218486912.52818343,336.4448419903046,336.4487224812795,336.44464780612446,336.44852829709936,2,sparse_direct,not_applicable,3.872150616019659e-16,5.421010862427522e-16,0.008226500009186566,0.008274399995571002,0.0,0.0,6.785361297161691e-05,6.785362816487423e-05,5.89504349852851,5.895042178556163,1.3199723474244252e-06,3.097720492815727e-16,7.744301232039318e-17,2.323290369611795e-16,True,0.017613299991353415,0.015625,,
350,arpack_matvec,central_difference,1.0,0.0020373375775464136,0.16298376825901226,189853943.78048614,336.4448452291054,336.4487224812795,336.44464780612446,336.4485250582987,2,sparse_direct,not_applicable,3.097720492815727e-16,4.64658073922359e-16,0.007559599995147437,0.008515400011674501,0.015625,0.0,6.785361234210164e-05,6.785362878318355e-05,5.895043553220069,5.895042124838189,1.4283818803306758e-06,3.097720492815727e-16,7.744301232039318e-17,2.323290369611795e-16,True,0.016978400002699345,0.015625,,
351,arpack_matvec,central_difference,1.0,0.0020373375775464136,0.13959233863576442,208638686.12490597,336.44488578348455,336.4487224812795,336.44464780612446,336.4484845039194,2,sparse_direct,not_applicable,4.64658073922359e-16,5.421010862427522e-16,0.009026899992022663,0.00864949999959208,0.015625,0.0,6.785360940647385e-05,6.785363198100572e-05,5.8950438082640355,5.895041847015235,1.9612488006970352e-06,0.0,1.5488602464078636e-16,1.5488602464078636e-16,True,0.018911899998784065,0.015625,,
352,arpack_matvec,central_difference,1.0,0.0020373375775464136,0.1446602987320692,240038172.48856822,336.4448589113679,336.4487224812795,336.44464780612446,336.4485113760361,2,sparse_direct,not_applicable,5.421010862427522e-16,5.421010862427522e-16,0.0077925000077812,0.0076508000056492165,0.015625,0.0,6.785361100926924e-05,6.785363013718278e-05,5.895043669015013,5.895042007204357,1.661810656194973e-06,7.744301232039318e-17,2.323290369611795e-16,3.097720492815727e-16,True,0.01638890001049731,0.015625,,
353,arpack_matvec,central_difference,1.0,0.0020373375775464136,0.14067795155239018,220427480.63380775,336.44479665018144,336.4487224812795,336.44464780612446,336.4485736372225,2,sparse_direct,not_applicable,5.421010862427522e-16,4.64658073922359e-16,0.00819910000427626,0.007955300010507926,0.015625,0.015625,6.785361081780099e-05,6.785363038875628e-05,5.895043685649554,5.895041985347953,1.7003016008487748e-06,7.744301232039318e-17,7.744301232039318e-17,1.5488602464078636e-16,True,0.017286300004343502,0.03125,,
354,arpack_matvec,central_difference,1.0,0.0020373375775464136,0.1564425021685431,256439099.12668413,336.44479203285937,336.4487224812795,336.44464780612446,336.4485782545446,2,sparse_direct,not_applicable,6.9698711088353855e-16,3.872150616019659e-16,0.007020700009888969,0.008081099993432872,0.0,0.015625,6.785361202352886e-05,6.785362902787168e-05,5.895043580897305,5.895042103579977,1.4773173280246965e-06,7.744301232039318e-17,3.872150616019659e-16,3.097720492815727e-16,True,0.015897299992502667,0.015625,,
355,arpack_matvec,central_difference,1.0,0.0020373375775464136,0.14095905441663134,274771822.1804994,336.4448406361878,336.4487224812795,336.44464780612446,336.4485296512162,2,sparse_direct,not_applicable,5.421010862427522e-16,3.96895438142015e-16,0.008019799992325716,0.007786699992720969,0.0,0.015625,6.785361145810182e-05,6.785362954108399e-05,5.895043630020955,5.895042058992705,1.5710282497138905e-06,7.744301232039318e-17,3.872150616019659e-16,4.64658073922359e-16,True,0.016772300004959106,0.015625,,
356,arpack_matvec,central_difference,1.0,0.0020373375775464136,0.1315086015318768,245933066.84718126,336.44488625616253,336.4487224812795,336.44464780612446,336.44848403124143,2,sparse_direct,not_applicable,4.64658073922359e-16,3.872150616019659e-16,0.007497400001739152,0.00853409999399446,0.0,0.015625,6.785360775214686e-05,6.78536335168468e-05,5.895043951990073,5.895041713583215,2.2384068580905137e-06,2.323290369611795e-16,7.744301232039318e-17,1.5488602464078636e-16,True,0.017073099996196106,0.015625,,
357,arpack_matvec,central_difference,1.0,0.0020373375775464136,0.11166962615556794,222782169.7802265,336.44469856379385,336.44872248127956,336.4446478061245,336.4486717236101,2,sparse_direct,not_applicable,3.097720492815727e-16,3.872150616019659e-16,0.00932969999848865,0.0077452999976230785,0.0,0.015625,6.78536112217986e-05,6.785362957034962e-05,5.895043650550707,5.8950420564501425,1.5941005644393158e-06,2.323290369611795e-16,1.5488602464078636e-16,7.744301232039318e-17,True,0.018493199997465126,0.015625,,
358,arpack_matvec,central_difference,1.0,0.0020373375775464136,0.15553535009957636,248362770.0280355,336.44479096428347,336.4487224812795,336.44464780612446,336.4485793231205,2,sparse_direct,not_applicable,3.872150616019659e-16,3.097720492815727e-16,0.005306899998686276,0.009015100004035048,0.0,0.015625,6.785361391118478e-05,6.78536273324871e-05,5.895043416899941,5.895042250872964,1.1660269763069664e-06,7.744301232039318e-17,7.744301232039318e-17,1.5488602464078636e-16,True,0.014903999996022321,0.015625,,
359,arpack_matvec,central_difference,1.0,0.0020373375775464136,0.12472412685168618,205962241.92567334,336.44481378358176,336.4487224812795,336.44464780612446,336.4485565038222,2,sparse_direct,not_applicable,3.872150616019659e-16,4.64658073922359e-16,0.007932900000014342,0.008170500004780479,0.0,0.015625,6.785361248891686e-05,6.785362905753355e-05,5.895043540464933,5.895042101002988,1.439461944308107e-06,1.5488602464078636e-16,0.0,1.5488602464078636e-16,True,0.017367799999192357,0.015625,,
360,arpack_matvec,central_difference,1.0,0.0020373375775464136,0.13690128401157492,222508658.83690128,336.4447072398941,336.4487224812795,336.44464780612446,336.44866304750997,2,sparse_direct,not_applicable,2.6137016658132697e-16,3.872150616019659e-16,0.0077594000031240284,0.006433500006096438,0.015625,0.0,6.785361551879579e-05,6.785362574417009e-05,5.89504327723256,5.895042388864056,8.883685040927958e-07,1.5488602464078636e-16,0.0,1.5488602464078636e-16,True,0.015415999994729646,0.015625,,
361,arpack_matvec,central_difference,1.0,0.0020373375775464136,0.15323967976912284,270075086.18654025,336.44470150524813,336.4487224812795,336.44464780612446,336.44866878215595,2,sparse_direct,not_applicable,3.872150616019659e-16,7.744301232039318e-16,0.008679300008225255,0.006563499991898425,0.015625,0.0,6.785361754011402e-05,6.785362360918926e-05,5.895043101622786,5.895042574348659,5.272741265827108e-07,7.744301232039318e-17,0.0,7.744301232039318e-17,True,0.01662120000401046,0.015625,,
362,arpack_matvec,central_difference,1.0,0.0020373375775464136,0.11421404693894054,212974871.2983354,336.44464780612446,336.4487066636124,336.44466362379154,336.4487224812795,2,sparse_direct,not_applicable,2.8073091966142525e-16,3.872150616019659e-16,0.007416500011458993,0.007708400007686578,0.015625,0.0,6.785361937544162e-05,6.7853621854087e-05,5.895042942171671,5.895042726829872,2.15341798615043e-07,7.744301232039318e-17,2.323290369611795e-16,3.097720492815727e-16,True,0.015875400000368245,0.015625,,
363,arpack_matvec,central_difference,1.0,0.0020373375775464136,0.12980452610297302,197487611.41858068,336.4446478061245,336.4486885536979,336.4446817337062,336.44872248127956,2,sparse_direct,not_applicable,4.64658073922359e-16,3.872150616019659e-16,0.007719500004895963,0.00889620000089053,0.015625,0.0,6.785362165780216e-05,6.785361960767217e-05,5.895042743882868,5.895042921995753,1.7811288444136153e-07,7.744301232039318e-17,7.744301232039318e-17,0.0,True,0.017611099989153445,0.015625,,
364,arpack_matvec,central_difference,1.0,0.0020373375775464136,0.147114745605405,231545163.34430805,336.4446478061245,336.448675498309,336.44469478909497,336.44872248127956,2,sparse_direct,not_applicable,3.097720492815727e-16,4.64658073922359e-16,0.007848099994589575,0.008412999988649972,0.015625,0.0,6.785362281077377e-05,6.785361810652746e-05,5.895042643714054,5.895043052413448,4.0869939432752744e-07,0.0,1.5488602464078636e-16,1.5488602464078636e-16,True,0.017670599991106428,0.015625,,
365,arpack_matvec,central_difference,1.0,0.0020373375775464136,0.12921204216156612,181088802.12492192,336.44464780612446,336.4486246312168,336.4447456561872,336.4487224812795,2,sparse_direct,not_applicable,3.872150616019659e-16,5.421010862427522e-16,0.008313800004543737,0.009123099996941164,0.015625,0.015625,6.785362603601548e-05,6.785361524820534e-05,5.895042363508875,5.895043300741143,9.372322686829193e-07,7.744301232039318e-17,7.744301232039318e-17,0.0,True,0.01850380000541918,0.03125,,
366,arpack_matvec,central_difference,1.0,0.0020373375775464136,0.13462492649985924,245892442.22042522,336.4446478061245,336.4486528980256,336.44471738937847,336.44872248127956,2,sparse_direct,not_applicable,3.097720492815727e-16,3.097720492815727e-16,0.00910289998864755,0.007291000001714565,0.0,0.015625,6.785362724931353e-05,6.785361377932503e-05,5.895042258098985,5.895043428355763,1.1702567777049921e-06,3.097720492815727e-16,0.0,3.097720492815727e-16,True,0.016930600002524443,0.015625,,
367,arpack_matvec,central_difference,1.0,0.0020373375775464136,0.16776943700159888,254735771.47447318,336.4446478061245,336.44862867619355,336.44474161121053,336.44872248127956,2,sparse_direct,not_applicable,5.421010862427522e-16,3.097720492815727e-16,0.009062199998879805,0.007953899999847636,0.0,0.015625,6.78536266895449e-05,6.785361435646936e-05,5.895042306731016,5.895043378214131,1.071483115566707e-06,2.323290369611795e-16,2.323290369611795e-16,4.64658073922359e-16,True,0.018077300002914853,0.015625,,
368,arpack_matvec,central_difference,1.0,0.0020373375775464136,0.14133422554973732,192719568.75503483,336.44464780612446,336.448599119718,336.4447711676861,336.4487224812795,2,sparse_direct,not_applicable,6.195440985631454e-16,3.872150616019659e-16,0.008570100006181747,0.00735250000434462,0.0,0.015625,6.785362897484076e-05,6.785361220379905e-05,5.89504210818724,5.895043565235639,1.4570483992670802e-06,7.744301232039318e-17,2.323290369611795e-16,1.5488602464078636e-16,True,0.016790099994977936,0.015625,,
369,arpack_matvec,central_difference,1.0,0.0020373375775464136,0.1167785943394195,214285749.12534356,336.4446478061245,336.44854011003804,336.44483017736604,336.44872248127956,2,sparse_direct,not_applicable,4.64658073922359e-16,3.097720492815727e-16,0.007875200011767447,0.0078776000009384,0.0,0.0,6.78536329717392e-05,6.785360838340719e-05,5.895041760941505,5.895043897146897,2.1362053912454826e-06,2.323290369611795e-16,0.0,2.323290369611795e-16,True,0.016770899994298816,0.015625,,
370,arpack_matvec,central_difference,1.0,0.0020373375775464136,0.12265248115493296,209405289.71479532,336.4446478061245,336.44856639325485,336.44480389414923,336.44872248127956,2,sparse_direct,not_applicable,4.64658073922359e-16,5.421010862427522e-16,0.007943999997223727,0.008375399993383326,0.015625,0.0,6.785363317897272e-05,6.78536081225567e-05,5.895041742937307,5.8950439198092885,2.1768719813408666e-06,3.097720492815727e-16,0.0,3.097720492815727e-16,True,0.017378100004862063,0.015625,,
371,arpack_matvec,central_difference,1.0,0.0020373375775464136,0.12316158633390593,202664379.17846432,336.4446478061245,336.4485409625049,336.44482932489916,336.44872248127956,2,sparse_direct,not_applicable,4.64658073922359e-16,4.64658073922359e-16,0.008834299995214678,0.0055874999961815774,0.015625,0.0,6.785363522075413e-05,6.785360596131134e-05,5.895041565549808,5.8950441075758215,2.542026013685472e-06,7.744301232039318e-17,3.872150616019659e-16,4.64658073922359e-16,True,0.015279300001566298,0.015625,,
372,arpack_matvec,central_difference,1.0,0.0020373375775464136,0.141069944241702,229211601.52113506,336.4446478061245,336.4485263351039,336.44484395230006,336.44872248127956,2,sparse_direct,not_applicable,2.323290369611795e-16,3.097720492815727e-16,0.006364900007611141,0.009169500001007691,0.015625,0.0,6.785363467410669e-05,6.785360655803401e-05,5.895041613041875,5.895044055733234,2.4426913594055577e-06,3.097720492815727e-16,1.5488602464078636e-16,4.64658073922359e-16,True,0.016298500006087124,0.015625,,
373,arpack_matvec,central_difference,1.0,0.0020373375775464136,0.1272020049182135,181339580.49094924,336.4446478061245,336.4485741714352,336.44479611596887,336.44872248127956,2,sparse_direct,not_applicable,6.9698711088353855e-16,3.872150616019659e-16,0.008672900003148243,0.0052977000013925135,0.015625,0.0,6.785363299151622e-05,6.785360795225745e-05,5.895041759223301,5.895043934604693,2.1753813914671127e-06,7.744301232039318e-17,7.744301232039318e-17,0.0,True,0.014759899990167469,0.015625,,
374,arpack_matvec,central_difference,1.0,0.0020373375775464136,0.1482102460421472,264931312.74571353,336.4446478061245,336.4485971386752,336.44477314872887,336.44872248127956,2,sparse_direct,not_applicable,3.872150616019659e-16,4.64658073922359e-16,0.006421000012778677,0.006217999994987622,0.015625,0.0,6.785362954819548e-05,6.785361175296932e-05,5.895042058374868,5.895043604403207,1.5460283391277585e-06,7.744301232039318e-17,2.323290369611795e-16,3.097720492815727e-16,True,0.01353959999687504,0.015625,,
375,arpack_matvec,central_difference,1.0,0.0020373375775464136,0.1373768774752541,223298930.96605572,336.4446478061245,336.4486525677772,336.4447177196268,336.44872248127956,2,sparse_direct,not_applicable,3.097720492815727e-16,6.195440985631454e-16,0.006042399996658787,0.008310600009281188,0.0,0.015625,6.785362686197123e-05,6.785361435182724e-05,5.895042291750822,5.895043378617434,1.0868666118213355e-06,0.0,1.5488602464078636e-16,1.5488602464078636e-16,True,0.015151899991906248,0.015625,,
376,arpack_matvec,central_difference,1.0,0.0020373375775464136,0.12873369595789433,240224538.08297506,336.44464780612446,336.4485934610075,336.4447768263965,336.4487224812795,2,sparse_direct,not_applicable,3.872150616019659e-16,3.872150616019659e-16,0.007683899995754473,0.008943699998781085,0.015625,0.0,6.785363035842857e-05,6.785361115946188e-05,5.895041987982788,5.895043655966449,1.667983661413075e-06,3.097720492815727e-16,7.744301232039318e-17,3.872150616019659e-16,True,0.017671199995675124,0.015625,,
377,arpack_matvec,central_difference,1.0,0.0020373375775464136,0.12635933728129298,169978176.368866,336.4446478061245,336.4486141253912,336.4447561620129,336.44872248127956,2,sparse_direct,not_applicable,6.195440985631454e-16,7.744301232039318e-16,0.008285899995826185,0.009609299988369457,0.015625,0.0,6.78536305625635e-05,6.785361043714268e-05,5.8950419702477905,5.895043718720711,1.748472920226618e-06,7.744301232039318e-17,3.097720492815727e-16,3.872150616019659e-16,True,0.01926359999924898,0.015625,,
378,arpack_matvec,central_difference,1.0,0.0020373375775464136,0.13993796939209882,230070525.5686587,336.4446478061245,336.4485878738404,336.4447824135636,336.44872248127956,2,sparse_direct,not_applicable,3.872150616019659e-16,7.744301232039318e-16,0.007853299990529194,0.0076535999978659675,0.015625,0.0,6.785363135286664e-05,6.785361001061798e-05,5.895041901587203,5.895043755776688,1.8541894846180185e-06,1.5488602464078636e-16,7.744301232039318e-17,2.323290369611795e-16,True,0.01649970001017209,0.015625,,
379,arpack_matvec,central_difference,1.0,0.0020373375775464136,0.1214707740135537,204622122.80999938,336.4446478061245,336.448606878008,336.4447634093961,336.44872248127956,2,sparse_direct,not_applicable,3.872150616019659e-16,4.64658073922359e-16,0.00765990000218153,0.007619399999384768,0.015625,0.0,6.785363137182649e-05,6.785361002543388e-05,5.8950418999399945,5.895043754489499,1.8545495041877302e-06,7.744301232039318e-17,2.323290369611795e-16,1.5488602464078636e-16,True,0.016298800008371472,0.03125,,
380,arpack_matvec,central_difference,1.0,0.0020373375775464136,0.12523296450929708,212145770.79241526,336.4446478061245,336.44864246794657,336.4447278194575,336.44872248127956,2,sparse_direct,not_applicable,3.872150616019659e-16,3.872150616019659e-16,0.007381700008409098,0.007717100001173094,0.0,0.0,6.785362787487831e-05,6.785361351174648e-05,5.895042203750663,5.895043451602677,1.2478520146075311e-06,0.0,1.5488602464078636e-16,1.5488602464078636e-16,True,0.016119100007927045,0.0,,
381,arpack_matvec,central_difference,1.0,0.0020373375775464136,0.12210853124954182,226284695.63523015,336.4446478061245,336.4486483918201,336.4447218955839,336.44872248127956,2,sparse_direct,not_applicable,3.097720492815727e-16,4.64658073922359e-16,0.007615399998030625,0.008242299998528324,0.0,0.015625,6.785362623022893e-05,6.785361515629716e-05,5.895042346635841,5.89504330872602,9.620901790796665e-07,1.5488602464078636e-16,0.0,1.5488602464078636e-16,True,0.01714529999298975,0.015625,,
382,arpack_matvec,central_difference,1.0,0.0020373375775464136,0.11675599654089464,193195168.98989487,336.4446478061245,336.4486899164558,336.4446803709483,336.44872248127956,2,sparse_direct,not_applicable,3.097720492815727e-16,6.9698711088353855e-16,0.008227899990743026,0.008171599998604506,0.0,0.015625,6.785362393223966e-05,6.785361748738444e-05,5.895042546282423,5.89504310620387,5.599214469853564e-07,0.0,7.744301232039318e-17,7.744301232039318e-17,True,0.017752300002030097,0.015625,,
383,arpack_matvec,central_difference,1.0,0.0020373375775464136,0.1524478996531636,249060580.98418668,336.4446478061245,336.44872239257154,336.44464789483254,336.44872248127956,2,sparse_direct,not_applicable,3.4849355544176928e-16,3.872150616019659e-16,0.008297499996842816,0.006849299999885261,0.0,0.015625,6.78536209348166e-05,6.785362016374377e-05,5.8950428066950025,5.895042873684904,6.698990162590235e-08,0.0,0.0,0.0,True,0.016121799999382347,0.015625,,
384,arpack_matvec,central_difference,1.0,0.0020373375775464136,0.14039753303081004,251898612.21166924,336.44468113451836,336.44872248127956,336.4446478061245,336.4486891528857,2,sparse_direct,not_applicable,3.872150616019659e-16,3.96895438142015e-16,0.008483800003887154,0.006848600009107031,0.0,0.015625,6.785361903694166e-05,6.78536219947677e-05,5.89504297158015,5.8950427146076985,2.5697245131794944e-07,0.0,2.323290369611795e-16,2.323290369611795e-16,True,0.01624130000709556,0.015625,,
385,arpack_matvec,central_difference,1.0,0.0020373375775464136,0.13105433671310146,172137014.89434898,336.4447076183259,336.44872248127956,336.4446478061245,336.4486626690782,2,sparse_direct,not_applicable,3.872150616019659e-16,3.872150616019659e-16,0.009557600002153777,0.005445200004032813,0.015625,0.0,6.785361707829322e-05,6.785362420555429e-05,5.895043141745238,5.895042522537172,6.192080661548971e-07,7.744301232039318e-17,0.0,7.744301232039318e-17,True,0.015981899996404536,0.015625,,
386,arpack_matvec,central_difference,1.0,0.0020373375775464136,0.12473766639866578,221653564.13587263,336.4447213373036,336.4487224812795,336.44464780612446,336.4486489501005,2,sparse_direct,not_applicable,6.195440985631454e-16,3.3881317890172014e-16,0.008229899991420098,0.006406300002709031,0.015625,0.0,6.785361480397723e-05,6.785362613159797e-05,5.895043339335166,5.895042355204781,9.841303851843008e-07,7.744301232039318e-17,1.5488602464078636e-16,7.744301232039318e-17,True,0.01530119999370072,0.015625,,
387,arpack_matvec,central_difference,1.0,0.0020373375775464136,0.1260148197786949,198507311.08602536,336.44474978119234,336.44872248127956,336.4446478061245,336.44862050621174,2,sparse_direct,not_applicable,3.872150616019659e-16,4.64658073922359e-16,0.009042200006661005,0.007250000009662472,0.015625,0.0,6.785361267632168e-05,6.785362856503988e-05,5.895043524183419,5.89504214379025,1.380393168659566e-06,7.744301232039318e-17,0.0,7.744301232039318e-17,True,0.01729180000256747,0.015625,,
388,arpack_matvec,central_difference,1.0,0.0020373375775464136,0.11010532105422814,202988455.95163757,336.4447804130587,336.4487224812795,336.44464780612446,336.44858987434526,2,sparse_direct,not_applicable,2.420094135012287e-16,3.872150616019659e-16,0.00942159999976866,0.008286399999633431,0.015625,0.0,6.785360999695828e-05,6.785363119581834e-05,5.895043756963426,5.895041915231371,1.841732055751777e-06,7.744301232039318e-17,7.744301232039318e-17,0.0,True,0.018856099995900877,0.015625,,
389,arpack_matvec,central_difference,1.0,0.0020373375775464136,0.14120273390596977,238618934.03436583,336.44478476899815,336.4487224812795,336.44464780612446,336.44858551840593,2,sparse_direct,not_applicable,3.1945242582162186e-16,3.097720492815727e-16,0.008808499987935647,0.007712599996011704,0.0,0.015625,6.785360985622272e-05,6.785363131683337e-05,5.895043769190369,5.895041904717731,1.8644726385019794e-06,2.323290369611795e-16,1.5488602464078636e-16,3.872150616019659e-16,True,0.017604799999389797,0.015625,,
390,arpack_matvec,central_difference,1.0,0.0020373375775464136,0.14418688657706782,211344128.74918172,336.44480216158604,336.4487224812795,336.44464780612446,336.44856812581804,2,sparse_direct,not_applicable,6.9698711088353855e-16,4.743384504624082e-16,0.007200799998827279,0.007395299995550886,0.0,0.015625,6.785360864997087e-05,6.785363248982903e-05,5.895043873988149,5.8950418028092795,2.0711788693006383e-06,0.0,1.5488602464078636e-16,1.5488602464078636e-16,True,0.01566439999442082,0.015625,,
391,arpack_matvec,central_difference,1.0,0.0020373375775464136,0.12356081428379381,207728639.23700747,336.44485269559425,336.4487224812795,336.44464780612446,336.44851759180983,2,sparse_direct,not_applicable,4.64658073922359e-16,3.872150616019659e-16,0.009721800000988878,0.007441499998094514,0.0,0.0,6.7853604184657e-05,6.785363725296112e-05,5.895044261929533,5.895041388994134,2.872935398912091e-06,7.744301232039318e-17,2.323290369611795e-16,3.097720492815727e-16,True,0.018493199997465126,0.0,,
392,arpack_matvec,central_difference,1.0,0.0020373375775464136,0.15790392138260373,248120480.25076059,336.444792043673,336.4487224812795,336.44464780612446,336.448578243731,2,sparse_direct,not_applicable,4.64658073922359e-16,6.195440985631454e-16,0.006068999995477498,0.007331100001465529,0.0,0.015625,6.785360884082808e-05,6.785363228795091e-05,5.895043857406693,5.895041820348207,2.037058485448995e-06,1.5488602464078636e-16,7.744301232039318e-17,2.323290369611795e-16,True,0.013856300007319078,0.015625,,
393,arpack_matvec,central_difference,1.0,0.0020373375775464136,0.1283069692934017,256976334.59286895,336.4447988917412,336.4487224812795,336.44464780612446,336.4485713956628,2,sparse_direct,not_applicable,3.872150616019659e-16,4.64658073922359e-16,0.007697199995163828,0.00886660000833217,0.0,0.015625,6.785360781509993e-05,6.785363307738065e-05,5.895043946520781,5.895041751763503,2.1947572781400027e-06,0.0,0.0,0.0,True,0.01772010000422597,0.015625,,
394,arpack_matvec,central_difference,1.0,0.0020373375775464136,0.13270551598595348,235071636.244885,336.4448329192615,336.4487224812795,336.44464780612446,336.44853736814247,2,sparse_direct,not_applicable,5.421010862427522e-16,3.097720492815727e-16,0.00846369999635499,0.006125799991423264,0.0,0.015625,6.785360463436314e-05,6.785363649923979e-05,5.895044222859574,5.895041454476526,2.7683830481350924e-06,0.0,7.744301232039318e-17,7.744301232039318e-17,True,0.015794500010088086,0.015625,,
395,arpack_matvec,central_difference,1.0,0.0020373375775464136,0.14359520485160568,287500657.077575,336.4447827094703,336.4487224812795,336.44464780612446,336.44858757793367,2,sparse_direct,not_applicable,4.64658073922359e-16,3.097720492815727e-16,0.009483600006205961,0.005873000001884066,0.015625,0.0,6.785360869042708e-05,6.785363224898684e-05,5.8950438704733585,5.895041823733359,2.0467399997059488e-06,1.5488602464078636e-16,1.5488602464078636e-16,0.0,True,0.01631930000439752,0.015625,,
396,arpack_matvec,central_difference,1.0,0.0020373375775464136,0.13268231728984223,242184467.47204205,336.4448487475202,336.4487224812795,336.44464780612446,336.44852153988376,2,sparse_direct,not_applicable,4.64658073922359e-16,4.64658073922359e-16,0.007339500007219613,0.008748199994442984,0.0,0.015625,6.785360304903317e-05,6.785363813898338e-05,5.895044360591247,5.8950413120176,3.048573646857733e-06,2.323290369611795e-16,2.323290369611795e-16,4.64658073922359e-16,True,0.0168954999971902,0.015625,,
397,arpack_matvec,central_difference,1.0,0.0020373375775464136,0.11677498843726497,237097189.36442074,336.4447812171512,336.44872248127956,336.4446478061245,336.44858907025275,2,sparse_direct,not_applicable,7.744301232039318e-16,3.872150616019659e-16,0.008396899997023866,0.007707199998549186,0.015625,0.0,6.785360823235301e-05,6.785363251973337e-05,5.895043910270311,5.895041800211226,2.1100590847922263e-06,0.0,0.0,0.0,True,0.017269200005102903,0.015625,,
398,arpack_matvec,central_difference,1.0,0.0020373375775464136,0.16273762634722988,250982290.8590082,336.44475061196005,336.4487224812795,336.44464780612446,336.4486196754439,2,sparse_direct,not_applicable,3.872150616019659e-16,3.872150616019659e-16,0.0081895000039367,0.007732099998975173,0.015625,0.0,6.785361131835384e-05,6.785362985790608e-05,5.895043642162099,5.8950420314675815,1.6106945173177678e-06,1.5488602464078636e-16,1.5488602464078636e-16,0.0,True,0.01696490000176709,0.015625,,
399,arpack_matvec,central_difference,1.0,0.0020373375775464136,0.13656288004379816,213231248.33287308,336.44477188433507,336.4487224812795,336.44464780612446,336.448598403069,2,sparse_direct,not_applicable,4.64658073922359e-16,4.64658073922359e-16,0.007213299992145039,0.006305799994152039,0.015625,0.0,6.785360931389182e-05,6.785363211698464e-05,5.8950438163074566,5.895041835201551,1.9811059059904323e-06,7.744301232039318e-17,1.5488602464078636e-16,2.323290369611795e-16,True,0.014280699993832968,0.015625,,
400,arpack_matvec,central_difference,1.0,0.0020373375775464136,0.13464286341496984,219557670.92442527,336.444739766457,336.4487224812795,336.44464780612446,336.44863052094706,2,sparse_direct,not_applicable,3.097720492815727e-16,5.421010862427522e-16,0.008441600002697669,0.00805259999469854,0.015625,0.0,6.785361240027676e-05,6.785362885249926e-05,5.895043548165883,5.895042118816122,1.4293497603290461e-06,2.323290369611795e-16,0.0,2.323290369611795e-16,True,0.017520399997010827,0.015625,,
401,arpack_matvec,central_difference,1.0,0.0020373375775464136,0.14299695147945374,242327412.96300003,336.4447070903074,336.4487224812795,336.44464780612446,336.44866319709666,2,sparse_direct,not_applicable,6.195440985631454e-16,4.64658073922359e-16,0.007070799998473376,0.007058799994410947,0.015625,0.0,6.785361485559405e-05,6.78536263553142e-05,5.895043334850757,5.895042335768582,9.990821752126067e-07,0.0,2.323290369611795e-16,2.323290369611795e-16,True,0.014873399995849468,0.015625,,
402,arpack_matvec,central_difference,1.0,0.0020373375775464136,0.1115441634000783,193725409.3134415,336.4446811117399,336.44872248127956,336.4446478061245,336.4486891756642,2,sparse_direct,not_applicable,3.097720492815727e-16,3.097720492815727e-16,0.008816900008241646,0.006324900008621626,0.015625,0.0,6.785361695179234e-05,6.785362433521977e-05,5.895043152735488,5.8950425112719875,6.414635000950852e-07,7.744301232039318e-17,1.5488602464078636e-16,2.323290369611795e-16,True,0.015984099998604506,0.015625,,
403,arpack_matvec,central_difference,1.0,0.0020373375775464136,0.11844759126228475,206239317.9284535,336.4446478061245,336.4487134144134,336.44465687299066,336.44872248127956,2,sparse_direct,not_applicable,7.744301232039318e-16,3.872150616019659e-16,0.009286299988161772,0.007618099989485927,0.015625,0.0,6.78536201139479e-05,6.785362123363234e-05,5.89504287801111,5.895042780734242,9.727686833826965e-08,1.5488602464078636e-16,2.323290369611795e-16,7.744301232039318e-17,True,0.01803680000011809,0.03125,,
404,arpack_matvec,central_difference,1.0,0.0020373375775464136,0.12725969191259331,226994894.45116863,336.4446478061245,336.4486864288124,336.4446838585916,336.44872248127956,2,sparse_direct,not_applicable,3.872150616019659e-16,4.64658073922359e-16,0.007888200008892454,0.007436200001393445,0.0,0.015625,6.785362240067705e-05,6.785361854595861e-05,5.895042679342773,5.895043014236183,3.3489340989234506e-07,7.744301232039318e-17,0.0,7.744301232039318e-17,True,0.01613780000479892,0.015625,,
405,arpack_matvec,central_difference,1.0,0.0020373375775464136,0.1310796929715882,172628738.5210755,336.44464780612446,336.44865498887043,336.44471529853365,336.4487224812795,2,sparse_direct,not_applicable,3.872150616019659e-16,3.872150616019659e-16,0.009239499995601363,0.007645399993634783,0.0,0.015625,6.785362581682419e-05,6.785361550512987e-05,5.895042382551954,5.895043278419839,8.9586788565299e-07,7.744301232039318e-17,0.0,7.744301232039318e-17,True,0.018158199993195012,0.015625,,
406,arpack_matvec,central_difference,1.0,0.0020373375775464136,0.13699978540756108,262460034.22674695,336.4446478061245,336.44863759448924,336.44473269291484,336.44872248127956,2,sparse_direct,not_applicable,2.323290369611795e-16,6.9698711088353855e-16,0.007506099995225668,0.007694399988395162,0.0,0.015625,6.785362741334916e-05,6.785361360628217e-05,5.895042243847765,5.895043443389525,1.1995417601440295e-06,2.323290369611795e-16,7.744301232039318e-17,1.5488602464078636e-16,True,0.015938199998345226,0.015625,,
407,arpack_matvec,central_difference,1.0,0.0020373375775464136,0.17124051936809206,260452243.28216934,336.4446478061245,336.44863692160453,336.44473336579955,336.44872248127956,2,sparse_direct,not_applicable,4.64658073922359e-16,3.872150616019659e-16,0.006925100009539165,0.0075819000048795715,0.0,0.015625,6.785362748356728e-05,6.785361357031756e-05,5.895042237747298,5.895043446514089,1.2087667906612864e-06,2.323290369611795e-16,7.744301232039318e-17,3.097720492815727e-16,True,0.015318600009777583,0.015625,,
408,arpack_matvec,central_difference,1.0,0.0020373375775464136,0.1494246889943668,193000869.57735553,336.44464780612446,336.4486108030529,336.4447594843512,336.4487224812795,2,sparse_direct,not_applicable,4.64658073922359e-16,5.421010862427522e-16,0.007334800000535324,0.007603999998536892,0.0,0.015625,6.785362987868341e-05,6.785361126635963e-05,5.895042029662473,5.895043646679295,1.617016822663686e-06,2.323290369611795e-16,1.5488602464078636e-16,3.872150616019659e-16,True,0.01577490000636317,0.015625,,
409,arpack_matvec,central_difference,1.0,0.0020373375775464136,0.11642735989381454,217604582.64407206,336.4446478061245,336.44854699943846,336.4448232879655,336.44872248127956,2,sparse_direct,not_applicable,3.872150616019659e-16,3.872150616019659e-16,0.008118600002489984,0.007637099988642149,0.0,0.015625,6.785363503256512e-05,6.785360624350184e-05,5.895041581899441,5.895044083059432,2.5011599911195503e-06,2.323290369611795e-16,1.5488602464078636e-16,3.872150616019659e-16,True,0.016509000008227304,0.015625,,
410,arpack_matvec,central_difference,1.0,0.0020373375775464136,0.13152047618487417,219838482.83291027,336.4446478061245,336.44856086423516,336.4448094231689,336.44872248127956,2,sparse_direct,not_applicable,3.872150616019659e-16,3.872150616019659e-16,0.009371400010422803,0.00692949999938719,0.0,0.015625,6.785363471689451e-05,6.785360649317414e-05,5.8950416093245215,5.8950440613681865,2.4520436650021793e-06,7.744301232039318e-17,2.323290369611795e-16,1.5488602464078636e-16,True,0.017077700002118945,0.015625,,
411,arpack_matvec,central_difference,1.0,0.0020373375775464136,0.12230152449871345,200798844.3306005,336.4446478061245,336.4485206580919,336.44484962931216,336.44872248127956,2,sparse_direct,not_applicable,5.421010862427522e-16,6.195440985631454e-16,0.005324500001734123,0.005423000009614043,0.0,0.015625,6.785363824521252e-05,6.785360292327999e-05,5.895041302788542,5.8950443715165415,3.0687279997110295e-06,0.0,7.744301232039318e-17,7.744301232039318e-17,True,0.011304100000415929,0.015625,,
412,arpack_matvec,central_difference,1.0,0.0020373375775464136,0.13972960183640637,224655267.6887159,336.4446478061245,336.44853896742256,336.4448313199814,336.44872248127956,2,sparse_direct,not_applicable,3.872150616019659e-16,3.7753468506191674e-16,0.007107400000677444,0.008133600000292063,0.0,0.015625,6.785363727618247e-05,6.785360390592721e-05,5.8950413869766916,5.895044286145262,2.8991685701029724e-06,1.5488602464078636e-16,0.0,1.5488602464078636e-16,True,0.01599549999809824,0.015625,,
413,arpack_matvec,central_difference,1.0,0.0020373375775464136,0.12593478054625645,175440737.5604085,336.4446478061245,336.4485504736529,336.44481981375117,336.44872248127956,2,sparse_direct,not_applicable,4.64658073922359e-16,3.872150616019659e-16,0.0056791999959386885,0.008655400000861846,0.0,0.015625,6.785363634088525e-05,6.785360461260253e-05,5.895041468234176,5.895044224750111,2.756515935509185e-06,3.097720492815727e-16,2.323290369611795e-16,5.421010862427522e-16,True,0.015239400003338233,0.015625,,
414,arpack_matvec,central_difference,1.0,0.0020373375775464136,0.14055428220068886,248559846.58409345,336.44464780612446,336.44859938454795,336.444770902856,336.4487224812795,2,sparse_direct,not_applicable,4.64658073922359e-16,3.872150616019659e-16,0.008125399996060878,0.008126299988362007,0.0,0.015625,6.785363252297207e-05,6.785360878435132e-05,5.895041799929852,5.895043862313329,2.062383477330343e-06,7.744301232039318e-17,1.5488602464078636e-16,7.744301232039318e-17,True,0.01740980001341086,0.015625,,
415,arpack_matvec,central_difference,1.0,0.0020373375775464136,0.1314841580190532,237380461.5714495,336.4446478061245,336.44864015796986,336.4447301294342,336.44872248127956,2,sparse_direct,not_applicable,6.195440985631454e-16,3.872150616019659e-16,0.0077729999902658165,0.0075197999976808205,0.0,0.015625,6.785362886593594e-05,6.78536123202576e-05,5.895042117648759,5.895043555117855,1.4374690957552616e-06,3.097720492815727e-16,2.323290369611795e-16,5.421010862427522e-16,True,0.016020200011553243,0.015625,,
416,arpack_matvec,central_difference,1.0,0.0020373375775464136,0.12579617113908126,234479791.43550497,336.44464780612446,336.44859221317824,336.4447780742257,336.4487224812795,2,sparse_direct,not_applicable,3.872150616019659e-16,4.64658073922359e-16,0.004819500012672506,0.004826500007766299,0.0,0.0,6.785363407587815e-05,6.785360748423135e-05,5.895041665015247,5.895043975266265,2.310251018045051e-06,0.0,4.64658073922359e-16,4.64658073922359e-16,True,0.01004530000500381,0.0,,
417,arpack_matvec,central_difference,1.0,0.0020373375775464136,0.1341921186626333,177013032.1084164,336.4446478061245,336.44859635198844,336.44477393541564,336.44872248127956,2,sparse_direct,not_applicable,3.097720492815727e-16,3.097720492815727e-16,0.009517400001641363,0.00917559998924844,0.015625,0.015625,6.785363337609512e-05,6.785360757739324e-05,5.895041725811551,5.895043967172467,2.241360915533619e-06,1.5488602464078636e-16,7.744301232039318e-17,7.744301232039318e-17,True,0.019669899993459694,0.03125,,
418,arpack_matvec,central_difference,1.0,0.0020373375775464136,0.131541611685394,221926014.29811707,336.4446478061245,336.4485746654179,336.4447956219861,336.44872248127956,2,sparse_direct,not_applicable,5.32420709702703e-16,6.195440985631454e-16,0.008147699991241097,0.008732999995118007,0.0,0.015625,6.785363624390845e-05,6.785360506330073e-05,5.895041476659403,5.895044185593962,2.7089345593367398e-06,2.323290369611795e-16,7.744301232039318e-17,1.5488602464078636e-16,True,0.01809240000147838,0.015625,,
419,arpack_matvec,central_difference,1.0,0.0020373375775464136,0.12518837417133502,206781980.3514656,336.4446478061245,336.4485755451412,336.4447947422629,336.44872248127956,2,sparse_direct,not_applicable,4.64658073922359e-16,3.097720492815727e-16,0.0076820999966003,0.008326600000145845,0.0,0.015625,6.78536361106031e-05,6.785360524332306e-05,5.895041488240809,5.8950441699538265,2.6817130178713455e-06,7.744301232039318e-17,3.097720492815727e-16,2.323290369611795e-16,True,0.016988799994578585,0.015625,,
420,arpack_matvec,central_difference,1.0,0.0020373375775464136,0.12712882396077962,225254251.51308072,336.4446478061245,336.4486159107233,336.4447543766808,336.44872248127956,2,sparse_direct,not_applicable,3.872150616019659e-16,6.195440985631454e-16,0.00789989999611862,0.008290500001749024,0.0,0.015625,6.78536320058734e-05,6.785360929871835e-05,5.895041844854761,5.8950438176257105,1.972770949265623e-06,1.5488602464078636e-16,7.744301232039318e-17,2.323290369611795e-16,True,0.017201099995872937,0.015625,,
421,arpack_matvec,central_difference,1.0,0.0020373375775464136,0.11794492830980904,217212383.74333605,336.4446478061245,336.44862260509046,336.4447476823135,336.44872248127956,2,sparse_direct,not_applicable,3.097720492815727e-16,3.872150616019659e-16,0.00787829999171663,0.007714000006671995,0.015625,0.0,6.785363090796292e-05,6.785361042518525e-05,5.895041940239904,5.895043719759558,1.779519654299122e-06,0.0,0.0,0.0,True,0.01706430000194814,0.015625,,
422,arpack_matvec,central_difference,1.0,0.0020373375775464136,0.11212955511141932,180478260.88672727,336.44464780612446,336.4486558337474,336.4447144536567,336.4487224812795,2,sparse_direct,not_applicable,5.421010862427522e-16,6.195440985631454e-16,0.0077748000039719045,0.008551499995519407,0.015625,0.0,6.785362899522917e-05,6.785361252560462e-05,5.895042106415919,5.895043537277543,1.4308616238523086e-06,0.0,7.744301232039318e-17,7.744301232039318e-17,True,0.017395299990312196,0.015625,,
423,arpack_matvec,central_difference,1.0,0.0020373375775464136,0.15659982997063335,255125674.0497183,336.4446478061245,336.4486993895096,336.44467089789447,336.44872248127956,2,sparse_direct,not_applicable,3.097720492815727e-16,3.097720492815727e-16,0.006516000008559786,0.0067313000035937876,0.015625,0.0,6.785362420642838e-05,6.785361688629688e-05,5.895042522461231,5.895043158425657,6.359644260101049e-07,7.744301232039318e-17,1.5488602464078636e-16,2.323290369611795e-16,True,0.014048400000319816,0.015625,,
424,arpack_matvec,central_difference,1.0,0.0020373375775464136,0.12687064750394614,265904396.63047177,336.4446478061245,336.4487205434119,336.44464974399216,336.44872248127956,2,sparse_direct,not_applicable,3.872150616019659e-16,3.097720492815727e-16,0.0071924000076251104,0.005507499998202547,0.015625,0.0,6.785362265779985e-05,6.78536184146116e-05,5.895042657004248,5.895043025647458,3.686432101801529e-07,2.323290369611795e-16,1.5488602464078636e-16,7.744301232039318e-17,True,0.013485999996191822,0.015625,,
425,arpack_matvec,central_difference,1.0,0.0020373375775464136,0.1274524993355558,175812397.74422765,336.4446721281863,336.44872248127956,336.4446478061245,336.44869815921777,2,sparse_direct,not_applicable,4.64658073922359e-16,5.421010862427522e-16,0.00808139999571722,0.008251199993537739,0.015625,0.0,6.785362048104426e-05,6.785362093600868e-05,5.89504284611821,5.8950428065914355,3.9526774742171256e-08,7.744301232039318e-17,0.0,7.744301232039318e-17,True,0.01767120001022704,0.015625,,
426,arpack_matvec,central_difference,1.0,0.0020373375775464136,0.12705621790558483,225209104.37833968,336.4446951720679,336.44872248127956,336.4446478061245,336.4486751153362,2,sparse_direct,not_applicable,3.1945242582162186e-16,4.64658073922359e-16,0.006659799997578375,0.0048023999988799915,0.015625,0.0,6.785361749528685e-05,6.785362345670648e-05,5.895043105517318,5.8950425875961825,5.179211353123492e-07,7.744301232039318e-17,3.097720492815727e-16,3.872150616019659e-16,True,0.012377299994113855,0.015625,,
427,arpack_matvec,central_difference,1.0,0.0020373375775464136,0.11935528076093413,209006372.84177226,336.4447171875816,336.44872248127956,336.4446478061245,336.44865309982237,2,sparse_direct,not_applicable,6.9698711088353855e-16,5.421010862427522e-16,0.007302500001969747,0.008237400004873052,0.015625,0.0,6.785361438154298e-05,6.78536269021576e-05,5.895043376035764,5.895042288259478,1.0877762859351492e-06,2.323290369611795e-16,3.097720492815727e-16,7.744301232039318e-17,True,0.01653759999317117,0.015625,,
428,arpack_matvec,central_difference,1.0,0.0020373375775464136,0.11702123146221222,196980895.75013843,336.44475501041626,336.44872248127956,336.4446478061245,336.4486152769878,2,sparse_direct,not_applicable,3.872150616019659e-16,3.097720492815727e-16,0.007865599996875972,0.004766699988977052,0.015625,0.0,6.785361173375236e-05,6.785362947656234e-05,5.895043606072753,5.895042064598269,1.5414744840569483e-06,0.0,2.323290369611795e-16,2.323290369611795e-16,True,0.013383800003794022,0.015625,,
429,arpack_matvec,central_difference,1.0,0.0020373375775464136,0.14268723619246715,233655782.02451754,336.44476121094107,336.4487224812795,336.44464780612446,336.448609076463,2,sparse_direct,not_applicable,3.872150616019659e-16,3.872150616019659e-16,0.007338900002650917,0.008257400011643767,0.0,0.015625,6.785361071774126e-05,6.785363041352953e-05,5.895043694342629,5.895041983195683,1.7111469459152318e-06,7.744301232039318e-17,5.421010862427522e-16,6.195440985631454e-16,True,0.01643970000441186,0.015625,,
430,arpack_matvec,central_difference,1.0,0.0020373375775464136,0.14478373674443862,219294176.3184731,336.44479537238846,336.4487224812795,336.44464780612446,336.4485749150156,2,sparse_direct,not_applicable,4.64658073922359e-16,4.64658073922359e-16,0.008952199990744703,0.007588599997689016,0.015625,0.0,6.785360842067563e-05,6.785363266600956e-05,5.895043893909056,5.895041787502927,2.1064061295206216e-06,1.5488602464078636e-16,1.5488602464078636e-16,3.097720492815727e-16,True,0.017764799995347857,0.015625,,
431,arpack_matvec,central_difference,1.0,0.0020373375775464136,0.12785992096554044,211528644.72527418,336.44483093521535,336.4487224812795,336.44464780612446,336.44853935218873,2,sparse_direct,not_applicable,3.097720492815727e-16,5.421010862427522e-16,0.0077855999988969415,0.0076268000120762736,0.015625,0.0,6.78536022718983e-05,6.785363909032751e-05,5.8950444281078465,5.895041229365983,3.19874186338609e-06,7.744301232039318e-17,2.323290369611795e-16,1.5488602464078636e-16,True,0.01641110000491608,0.015625,,
432,arpack_matvec,central_difference,1.0,0.0020373375775464136,0.16282658864476082,251458880.77252376,336.4447799630309,336.4487224812795,336.44464780612446,336.4485903243731,2,sparse_direct,not_applicable,5.421010862427522e-16,3.872150616019659e-16,0.0073188999958802015,0.006783799995901063,0.015625,0.0,6.785360712802188e-05,6.785363393715454e-05,5.895044006213339,5.895041677067387,2.329145951662781e-06,1.5488602464078636e-16,1.5488602464078636e-16,3.097720492815727e-16,True,0.014907100005075336,0.015625,,
433,arpack_matvec,central_difference,1.0,0.0020373375775464136,0.11740017062415001,256718762.69144553,336.44483360098883,336.4487224812795,336.44464780612446,336.44853668641525,2,sparse_direct,not_applicable,3.097720492815727e-16,6.195440985631454e-16,0.00832220001029782,0.005216299992753193,0.015625,0.0,6.785360098031875e-05,6.78536399238357e-05,5.895044540318824,5.8950411569518115,3.383367012332883e-06,7.744301232039318e-17,7.744301232039318e-17,1.5488602464078636e-16,True,0.01427440000406932,0.015625,,
434,arpack_matvec,central_difference,1.0,0.0020373375775464136,0.1240764379162662,224848634.61053002,336.4449169629991,336.44872248127956,336.4446478061245,336.44845332440497,2,sparse_direct,not_applicable,3.872150616019659e-16,3.872150616019659e-16,0.00892079999903217,0.008318100008182228,0.015625,0.0,6.785359506787855e-05,6.785364596035538e-05,5.895045053985023,5.895040632506419,4.421478604577089e-06,7.744301232039318e-17,1.5488602464078636e-16,7.744301232039318e-17,True,0.017907200002809986,0.015625,,
435,arpack_matvec,central_difference,1.0,0.0020373375775464136,0.1397001331010626,271246051.10758036,336.4448924696491,336.4487224812795,336.44464780612446,336.44847781775485,2,sparse_direct,not_applicable,4.64658073922359e-16,3.097720492815727e-16,0.007408399993437342,0.005925800011027604,0.015625,0.0,6.785359431177934e-05,6.785364657365519e-05,5.8950451196740845,5.895040579223693,4.540450391665729e-06,7.744301232039318e-17,2.323290369611795e-16,3.097720492815727e-16,True,0.014303199990536086,0.015625,,
436,arpack_matvec,central_difference,1.0,0.0020373375775464136,0.1395695761424556,229069368.2580452,336.4448548092538,336.44872248127956,336.4446478061245,336.44851547815017,2,sparse_direct,not_applicable,3.097720492815727e-16,3.872150616019659e-16,0.005436500010546297,0.005470199990668334,0.015625,0.0,6.785359748981822e-05,6.785364359456661e-05,5.8950448435695995,5.895040838043221,4.005526378136892e-06,1.5488602464078636e-16,0.0,1.5488602464078636e-16,True,0.011419399990700185,0.015625,,
437,arpack_matvec,central_difference,1.0,0.0020373375775464136,0.15488460937414447,250404900.25525787,336.4447575808776,336.4487224812795,336.44464780612446,336.4486127065265,2,sparse_direct,not_applicable,4.64658073922359e-16,4.64658073922359e-16,0.004882500012172386,0.005770300005679019,0.0,0.015625,6.785360908778569e-05,6.785363186901634e-05,5.895043835951298,5.895041856744738,1.9792065595325425e-06,0.0,1.5488602464078636e-16,1.5488602464078636e-16,True,0.011084700003266335,0.015625,,
438,arpack_matvec,central_difference,1.0,0.0020373375775464136,0.13938611707360712,228112212.23811778,336.4447414631231,336.4487224812795,336.44464780612446,336.448628824281,2,sparse_direct,not_applicable,3.872150616019659e-16,4.64658073922359e-16,0.0073822000122163445,0.005345700003090315,0.0,0.015625,6.785360948771441e-05,6.785363151467632e-05,5.895043801205949,5.895041887529373,1.9136765763150265e-06,3.872150616019659e-16,7.744301232039318e-17,3.097720492815727e-16,True,0.013206700008595362,0.015625,,
439,arpack_matvec,central_difference,1.0,0.0020373375775464136,0.1116812570926275,198685743.64460254,336.44475200467923,336.4487224812795,336.44464780612446,336.44861828272474,2,sparse_direct,not_applicable,3.097720492815727e-16,4.64658073922359e-16,0.007906800005002879,0.007707199998549186,0.0,0.015625,6.785360481996758e-05,6.785363687668072e-05,5.895044206734471,5.895041421684917,2.7850495536441144e-06,0.0,7.744301232039318e-17,7.744301232039318e-17,True,0.01657530000375118,0.015625,,
440,arpack_matvec,central_difference,1.0,0.0020373375775464136,0.16234544125673148,253907197.4371217,336.4447158771728,336.44872248127956,336.4446478061245,336.44865441023126,2,sparse_direct,not_applicable,4.64658073922359e-16,3.872150616019659e-16,0.004714199996669777,0.006044699999620207,0.0,0.0,6.785361319380589e-05,6.785362784867304e-05,5.895043479224988,5.8950422060273455,1.2731976424262825e-06,0.0,0.0,0.0,True,0.011177000007592142,0.0,,
441,arpack_matvec,central_difference,1.0,0.0020373375775464136,0.1287166648443096,240311716.86441773,336.4446478061245,336.44871795534465,336.44465233205943,336.44872248127956,2,sparse_direct,not_applicable,3.872150616019659e-16,3.872150616019659e-16,0.005867300002137199,0.005060700001195073,0.015625,0.0,6.785361635637226e-05,6.785362484530991e-05,5.895043204464891,5.895042466955961,7.375089294825443e-07,0.0,7.744301232039318e-17,7.744301232039318e-17,True,0.011473799997474998,0.015625,,
442,arpack_matvec,central_difference,1.0,0.0020373375775464136,0.15216661748093965,280746823.28313756,336.4446478061245,336.4486822839686,336.4446880034355,336.44872248127956,2,sparse_direct,not_applicable,6.195440985631454e-16,3.872150616019659e-16,0.009303500002715737,0.008561299997381866,0.015625,0.0,6.785362001319087e-05,6.78536210576162e-05,5.895042886764763,5.895042796026318,9.073844520202101e-08,2.323290369611795e-16,7.744301232039318e-17,1.5488602464078636e-16,True,0.0187556000018958,0.015625,,
443,arpack_matvec,central_difference,1.0,0.0020373375775464136,0.10986762507875589,151935058.12671295,336.44464780612446,336.4486114823756,336.44475880502847,336.4487224812795,2,sparse_direct,not_applicable,3.872150616019659e-16,5.421010862427522e-16,0.00774360001378227,0.008129699999699369,0.015625,0.0,6.785362560980829e-05,6.785361603146717e-05,5.895042400537249,5.895043232692266,8.321550168943759e-07,0.0,3.097720492815727e-16,3.097720492815727e-16,True,0.016903999989153817,0.015625,,
444,arpack_matvec,central_difference,1.0,0.0020373375775464136,0.14237843634825348,214244925.07342625,336.44464780612446,336.4486911043368,336.4446791830673,336.4487224812795,2,sparse_direct,not_applicable,3.097720492815727e-16,6.9698711088353855e-16,0.005556599993724376,0.005051599990110844,0.015625,0.0,6.785362577277118e-05,6.785361520841405e-05,5.8950423863792265,5.895043304198165,9.178189381842117e-07,0.0,1.5488602464078636e-16,1.5488602464078636e-16,True,0.011283200001344085,0.015625,,
445,arpack_matvec,central_difference,1.0,0.0020373375775464136,0.12935452844010575,189900570.5914594,336.4446478061245,336.4486546575921,336.444715629812,336.44872248127956,2,sparse_direct,not_applicable,3.872150616019659e-16,3.872150616019659e-16,0.007029900007182732,0.007742300003883429,0.015625,0.0,6.785362933610904e-05,6.785361201863796e-05,5.895042076800683,5.895043581322221,1.5045215375764087e-06,7.744301232039318e-17,7.744301232039318e-17,0.0,True,0.015566599991871044,0.015625,,
446,arpack_matvec,central_difference,1.0,0.0020373375775464136,0.12600145443947258,207274704.06218085,336.4446478061245,336.4485497880957,336.4448204993084,336.44872248127956,2,sparse_direct,not_applicable,3.872150616019659e-16,5.421010862427522e-16,0.008148299995809793,0.008810100000118837,0.015625,0.0,6.78536320936523e-05,6.785360917978581e-05,5.895041837228637,5.895043827958433,1.9907297961196946e-06,3.097720492815727e-16,0.0,3.097720492815727e-16,True,0.018001899996306747,0.015625,,
447,arpack_matvec,central_difference,1.0,0.0020373375775464136,0.12939620924193804,190679670.18472198,336.44464780612446,336.448564744366,336.44480554303794,336.4487224812795,2,sparse_direct,not_applicable,5.421010862427522e-16,3.872150616019659e-16,0.009473800004343502,0.009727099997689947,0.015625,0.015625,6.785363450975305e-05,6.785360658115369e-05,5.895041627320721,5.895044053724623,2.4264039026888895e-06,1.5488602464078636e-16,7.744301232039318e-17,7.744301232039318e-17,True,0.020543399994494393,0.03125,,
448,arpack_matvec,central_difference,1.0,0.0020373375775464136,0.13083572214295233,167736551.52877843,336.44464780612446,336.44859058644636,336.4447797009576,336.4487224812795,2,sparse_direct,not_applicable,6.9698711088353855e-16,4.64658073922359e-16,0.00811779999639839,0.007480299987946637,0.0,0.015625,6.785363779868966e-05,6.78536035772511e-05,5.895041341581902,5.89504431470027,2.973118367499694e-06,0.0,2.323290369611795e-16,2.323290369611795e-16,True,0.016909999991185032,0.015625,,
449,arpack_matvec,central_difference,1.0,0.0020373375775464136,0.15076021833878955,232643767.5558895,336.4446478061245,336.4486128041715,336.4447574832326,336.44872248127956,2,sparse_direct,not_applicable,3.097720492815727e-16,3.872150616019659e-16,0.006356199999572709,0.006698199998936616,0.015625,0.0,6.785363340330394e-05,6.785360758789202e-05,5.895041723447681,5.895043966260346,2.242812664476901e-06,7.744301232039318e-17,7.744301232039318e-17,0.0,True,0.014204599996446632,0.015625,,
450,arpack_matvec,central_difference,1.0,0.0020373375775464136,0.12291689010064125,224957828.89564446,336.4446478061245,336.4485776408123,336.4447926465918,336.44872248127956,2,sparse_direct,not_applicable,5.421010862427522e-16,4.64658073922359e-16,0.006403200008207932,0.006385100001352839,0.015625,0.0,6.785363745224799e-05,6.785360369479892e-05,5.895041371680334,5.895044304487849,2.9328075150658606e-06,7.744301232039318e-17,0.0,7.744301232039318e-17,True,0.01357070000085514,0.015625,,
451,arpack_matvec,central_difference,1.0,0.0020373375775464136,0.10464708648384624,166056416.08216286,336.44464780612446,336.4485421061376,336.44482818126636,336.4487224812795,2,sparse_direct,not_applicable,3.872150616019659e-16,3.96895438142015e-16,0.005843999999342486,0.005259800003841519,0.015625,0.0,6.785364108816984e-05,6.785359991900625e-05,5.895041055795888,5.895044632524461,3.576728572873833e-06,1.5488602464078636e-16,2.323290369611795e-16,7.744301232039318e-17,True,0.011588399996981025,0.015625,,
452,arpack_matvec,central_difference,1.0,0.0020373375775464136,0.13212010787851577,264887667.5141403,336.44464780612446,336.44862537518725,336.4447449122167,336.4487224812795,2,sparse_direct,not_applicable,5.421010862427522e-16,3.872150616019659e-16,0.007652100000996143,0.007520999992266297,0.0,0.015625,6.785363530738702e-05,6.785360583815246e-05,5.895041558023247,5.895044118275725,2.5602524775791835e-06,1.5488602464078636e-16,0.0,1.5488602464078636e-16,True,0.015659400000004098,0.015625,,
453,arpack_matvec,central_difference,1.0,0.0020373375775464136,0.12205912829119837,230001731.75486824,336.44464780612446,336.4486441983619,336.4447260890421,336.4487224812795,2,sparse_direct,not_applicable,4.64658073922359e-16,3.097720492815727e-16,0.009398300011525862,0.005996199994115159,0.015625,0.0,6.785363150947299e-05,6.785360955000123e-05,5.895041887981432,5.895043795794542,1.907813109269796e-06,7.744301232039318e-17,2.323290369611795e-16,1.5488602464078636e-16,True,0.016071599995484576,0.015625,,
454,arpack_matvec,central_difference,1.0,0.0020373375775464136,0.14640475098711708,286075407.78989804,336.4446478061245,336.4486250571593,336.4447452302448,336.44872248127956,2,sparse_direct,not_applicable,3.872150616019659e-16,6.195440985631454e-16,0.007706299991696142,0.007956400004331954,0.015625,0.0,6.785363441949482e-05,6.785360669037338e-05,5.895041635162246,5.895044044235741,2.4090734944692827e-06,0.0,1.5488602464078636e-16,1.5488602464078636e-16,True,0.01642060000449419,0.015625,,
455,arpack_matvec,central_difference,1.0,0.0020373375775464136,0.11270327874133738,182834735.9723476,336.4446478061245,336.448571240614,336.4447990467901,336.44872248127956,2,sparse_direct,not_applicable,4.64658073922359e-16,4.64658073922359e-16,0.007233199998154305,0.005912599997827783,0.0,0.015625,6.785364098459265e-05,6.785359997440241e-05,5.8950410647945475,5.895044627711705,3.5629171577511443e-06,7.744301232039318e-17,1.5488602464078636e-16,2.323290369611795e-16,True,0.01386120000097435,0.015625,,
456,arpack_matvec,central_difference,1.0,0.0020373375775464136,0.1366865449481961,210097120.04577944,336.4446478061245,336.44854950017697,336.444820787227,336.44872248127956,2,sparse_direct,not_applicable,2.323290369611795e-16,4.64658073922359e-16,0.009121800001594238,0.007822099985787645,0.015625,0.0,6.785363713523563e-05,6.78536039905753e-05,5.895041399221981,5.895044278791131,2.879569150238126e-06,7.744301232039318e-17,7.744301232039318e-17,1.5488602464078636e-16,True,0.01807829999597743,0.015625,,
457,arpack_matvec,central_difference,1.0,0.0020373375775464136,0.14742194350420415,219476042.40869433,336.4446478061245,336.4486471666715,336.4447231207326,336.44872248127956,2,sparse_direct,not_applicable,6.195440985631454e-16,3.96895438142015e-16,0.009386699995957315,0.008688000001711771,0.015625,0.0,6.78536349428412e-05,6.785360606443676e-05,5.8950415896945465,5.895044098616402,2.50892185515994e-06,1.5488602464078636e-16,0.0,1.5488602464078636e-16,True,0.019042300002183765,0.015625,,
458,arpack_matvec,central_difference,1.0,0.0020373375775464136,0.12758763699366507,205092270.29122254,336.4446478061245,336.44861958720065,336.44475070020343,336.44872248127956,2,sparse_direct,not_applicable,4.64658073922359e-16,3.872150616019659e-16,0.00835769998957403,0.007980800000950694,0.015625,0.0,6.785364002339163e-05,6.785360136894787e-05,5.895041148302514,5.895044506555163,3.358252648411053e-06,0.0,0.0,0.0,True,0.01759229999152012,0.015625,,
459,arpack_matvec,central_difference,1.0,0.0020373375775464136,0.12877400508734016,166122555.17388433,336.44464780612446,336.448587141849,336.444783145555,336.4487224812795,2,sparse_direct,not_applicable,4.64658073922359e-16,6.195440985631454e-16,0.0076333000033628196,0.008213799999793991,0.0,0.015625,6.78536368397639e-05,6.785360431466217e-05,5.895041424892206,5.8950442506348315,2.82574262566726e-06,3.097720492815727e-16,0.0,3.097720492815727e-16,True,0.017180299997562543,0.015625,,
460,arpack_matvec,central_difference,1.0,0.0020373375775464136,0.12799745484907984,204889459.4927677,336.44464780612446,336.4485411999469,336.4448290874572,336.4487224812795,2,sparse_direct,not_applicable,3.872150616019659e-16,3.097720492815727e-16,0.008176999996067025,0.009228700000676326,0.0,0.015625,6.785363332297993e-05,6.785360799114718e-05,5.895041730426135,5.895043931225998,2.200799863238956e-06,7.744301232039318e-17,2.323290369611795e-16,3.097720492815727e-16,True,0.01845389998925384,0.015625,,
461,arpack_matvec,central_difference,1.0,0.0020373375775464136,0.14969627935073046,266438618.57396406,336.44468661517357,336.44872248127956,336.4446478061245,336.4486836722304,2,sparse_direct,not_applicable,4.64658073922359e-16,6.195440985631454e-16,0.007627500002854504,0.005990999998175539,0.0,0.015625,6.78536287578874e-05,6.785361247809177e-05,5.895042127035887,5.895043541405404,1.4143695175050652e-06,7.744301232039318e-17,7.744301232039318e-17,0.0,True,0.014389899995876476,0.015625,,
462,arpack_matvec,central_difference,1.0,0.0020373375775464136,0.13671641219837416,253609727.81357518,336.44472832505477,336.44872248127956,336.4446478061245,336.4486419623492,2,sparse_direct,not_applicable,3.1945242582162186e-16,4.64658073922359e-16,0.008989800000563264,0.008022199996048585,0.0,0.015625,6.78536266070539e-05,6.785361442757763e-05,5.895042313897736,5.895043372036327,1.058138590970259e-06,7.744301232039318e-17,7.744301232039318e-17,0.0,True,0.01834009999583941,0.015625,,
463,arpack_matvec,central_difference,1.0,0.0020373375775464136,0.11037544149108615,152189643.91545635,336.4448053596488,336.44872248127956,336.4446478061245,336.4485649277553,2,sparse_direct,not_applicable,5.421010862427522e-16,6.195440985631454e-16,0.00821179999911692,0.0087482000089949,0.0,0.015625,6.785362525444501e-05,6.785361641558019e-05,5.895042431410789,5.895043199320974,7.679101852176018e-07,2.323290369611795e-16,2.323290369611795e-16,4.64658073922359e-16,True,0.018132199998944998,0.015625,,
464,arpack_matvec,central_difference,1.0,0.0020373375775464136,0.15894638231550687,298634772.7594679,336.4446478061245,336.4486453205134,336.4447249668907,336.44872248127956,2,sparse_direct,not_applicable,3.872150616019659e-16,3.872150616019659e-16,0.008084600005531684,0.008735399998840876,0.015625,0.0,6.785361966367866e-05,6.785362135427759e-05,5.895042917129974,5.895042770252725,1.46877249029842e-07,7.744301232039318e-17,7.744301232039318e-17,0.0,True,0.017933000010089017,0.015625,,
465,arpack_matvec,central_difference,1.0,0.0020373375775464136,0.1530693102434061,277627542.65824,336.4446478061245,336.448673161627,336.44469712577705,336.44872248127956,2,sparse_direct,not_applicable,4.64658073922359e-16,6.195440985631454e-16,0.0049795999948401,0.006958700003451668,0.015625,0.0,6.785361597598158e-05,6.785362513824059e-05,5.89504323751279,5.895042441506491,7.960062990974848e-07,0.0,0.0,0.0,True,0.012454800002160482,0.015625,,
466,arpack_matvec,central_difference,1.0,0.0020373375775464136,0.12147302680045184,212743071.45718038,336.44478608147523,336.44872248127956,336.4446478061245,336.44858420592885,2,sparse_direct,not_applicable,4.64658073922359e-16,3.872150616019659e-16,0.006013999998685904,0.004674900003010407,0.015625,0.0,6.78536089807566e-05,6.785363216683905e-05,5.895043845249863,5.89504183087026,2.0143796035654304e-06,7.744301232039318e-17,1.5488602464078636e-16,7.744301232039318e-17,True,0.011276899997028522,0.015625,,
467,arpack_matvec,central_difference,1.0,0.0020373375775464136,0.12160548967201784,215616652.0510142,336.4448737412369,336.44872248127956,336.4446478061245,336.44849654616706,2,sparse_direct,not_applicable,3.7753468506191674e-16,3.097720492815727e-16,0.005608200008282438,0.005247000008239411,0.0,0.015625,6.785360331544987e-05,6.785363815963476e-05,5.895044337445265,5.895041310223433,3.0272218323190714e-06,0.0,7.744301232039318e-17,7.744301232039318e-17,True,0.011254700002609752,0.015625,,
468,arpack_matvec,central_difference,1.0,0.0020373375775464136,0.14158768074831313,229715195.42503217,336.44482636113537,336.4487224812795,336.44464780612446,336.4485439262686,2,sparse_direct,not_applicable,3.097720492815727e-16,3.097720492815727e-16,0.004980199999408796,0.005417500011390075,0.0,0.0,6.785360731261333e-05,6.785363369289582e-05,5.8950439901762435,5.8950416982882885,2.291887954974925e-06,7.744301232039318e-17,0.0,7.744301232039318e-17,True,0.010797599999932572,0.0,,
469,arpack_matvec,central_difference,1.0,0.0020373375775464136,0.1377915123726199,233016720.86122048,336.44467570501166,336.44872248127956,336.4446478061245,336.4486945823923,2,sparse_direct,not_applicable,3.872150616019659e-16,5.421010862427522e-16,0.006172800000058487,0.0055012000084389,0.015625,0.0,6.785360447730328e-05,6.785363655645147e-05,5.895044236504756,5.895041449506045,2.786998710924138e-06,7.744301232039318e-17,7.744301232039318e-17,0.0,True,0.012139000013121404,0.015625,,
470,arpack_matvec,central_difference,1.0,0.0020373375775464136,0.15492255192849097,258081152.64228323,336.4446980249681,336.44872248127956,336.4446478061245,336.4486722624359,2,sparse_direct,not_applicable,3.872150616019659e-16,4.64658073922359e-16,0.006980100006330758,0.007746999996015802,0.0,0.015625,6.785359844383804e-05,6.785364259394694e-05,5.8950447606854235,5.895040924975825,3.835709598831727e-06,7.744301232039318e-17,1.5488602464078636e-16,2.323290369611795e-16,True,0.01520209999580402,0.015625,,
471,arpack_matvec,central_difference,1.0,0.0020373375775464136,0.15953589997924458,319247001.5575462,336.4447064134452,336.4487224812795,336.44464780612446,336.44866387395876,2,sparse_direct,not_applicable,3.097720492815727e-16,6.195440985631454e-16,0.007357900001807138,0.005889000007300638,0.0,0.015625,6.785359549150954e-05,6.785364540254468e-05,5.895045017180434,5.895040680968322,4.336212112043825e-06,1.5488602464078636e-16,3.097720492815727e-16,1.5488602464078636e-16,True,0.013945599988801405,0.015625,,
472,arpack_matvec,central_difference,1.0,0.0020373375775464136,0.1343202598757469,216833277.85679567,336.44500417931835,336.44872248127956,336.4446478061245,336.4483661080856,2,sparse_direct,not_applicable,3.872150616019659e-16,3.872150616019659e-16,0.006407099994248711,0.007819399994332343,0.0,0.015625,6.785359257773684e-05,6.785364853983578e-05,5.89504527032578,5.895040408404369,4.861921411247749e-06,7.744301232039318e-17,2.323290369611795e-16,1.5488602464078636e-16,True,0.015168500001891516,0.015625,,
473,arpack_matvec,central_difference,1.0,0.0020373375775464136,0.13303762680601364,293944955.35673684,336.4448384645402,336.44872248127956,336.4446478061245,336.44853182286374,2,sparse_direct,not_applicable,3.872150616019659e-16,3.872150616019659e-16,0.005203699998673983,0.008036999992327765,0.0,0.015625,6.785358930700458e-05,6.78536515767e-05,5.895045554483405,5.895040144565402,5.4099180024635984e-06,0.0,0.0,0.0,True,0.013968700004625134,0.015625,,
474,arpack_matvec,central_difference,1.0,0.0020373375775464136,0.13419158106613194,237451729.0572398,336.44470705925573,336.44872248127956,336.4446478061245,336.44866322814823,2,sparse_direct,not_applicable,3.097720492815727e-16,3.872150616019659e-16,0.004743899989989586,0.005724000002373941,0.0,0.015625,6.785359189298969e-05,6.785364913613643e-05,5.895045329815858,5.895040356598511,4.9732173463823415e-06,1.5488602464078636e-16,2.323290369611795e-16,3.872150616019659e-16,True,0.01111420000961516,0.015625,,
475,arpack_matvec,central_difference,1.0,0.0020373375775464136,0.13832329267300658,186721496.13432088,336.4447659027007,336.4487224812795,336.44464780612446,336.4486043847034,2,sparse_direct,not_applicable,4.64658073922359e-16,3.872150616019659e-16,0.004676299999118783,0.0054422999965026975,0.0,0.0,6.785360242493642e-05,6.785363864395477e-05,5.895044414812068,5.895041268146302,3.1466657661738395e-06,7.744301232039318e-17,7.744301232039318e-17,0.0,True,0.01056369999423623,0.0,,
476,arpack_matvec,central_difference,1.0,0.0020373375775464136,0.13166636171346377,233352190.9277556,336.4448786146589,336.4487224812795,336.44464780612446,336.4484916727451,2,sparse_direct,not_applicable,3.872150616019659e-16,3.872150616019659e-16,0.007416100008413196,0.00792080000974238,0.015625,0.0,6.785360323850462e-05,6.785363788347265e-05,5.895044344130182,5.89504133421606,3.00991412149898e-06,0.0,2.323290369611795e-16,2.323290369611795e-16,True,0.016156099998624995,0.015625,,
477,arpack_matvec,central_difference,1.0,0.0020373375775464136,0.11649772375018425,236995223.29096627,336.44476541394175,336.44872248127956,336.4446478061245,336.44860487346233,2,sparse_direct,not_applicable,3.097720492815727e-16,3.872150616019659e-16,0.008294899991597049,0.007847400003811345,0.015625,0.0,6.7853599408502e-05,6.785364205210845e-05,5.895044676876498,5.8950409720500865,3.7048264118766383e-06,1.5488602464078636e-16,0.0,1.5488602464078636e-16,True,0.017262399996980093,0.015625,,
478,arpack_matvec,central_difference,1.0,0.0020373375775464136,0.1305944522655006,230060815.061808,336.4447811736676,336.44872248127956,336.4446478061245,336.4485891137365,2,sparse_direct,not_applicable,5.421010862427522e-16,3.097720492815727e-16,0.008398900012252852,0.008263499999884516,0.015625,0.0,6.785360518550108e-05,6.78536359155345e-05,5.895044174977334,5.895041505188133,2.6697892012705893e-06,7.744301232039318e-17,0.0,7.744301232039318e-17,True,0.017520699999295175,0.015625,,
479,arpack_matvec,central_difference,1.0,0.0020373375775464136,0.12075858043058674,219253178.25750697,336.4446478061245,336.44863309374404,336.44473719366005,336.44872248127956,2,sparse_direct,not_applicable,3.0009167274152353e-16,6.195440985631454e-16,0.008003999988432042,0.0071699999971315265,0.015625,0.015625,6.785360944519951e-05,6.785363186760878e-05,5.895043804899595,5.895041856867025,1.948032569920599e-06,2.323290369611795e-16,2.323290369611795e-16,0.0,True,0.016122200002428144,0.03125,,
480,arpack_matvec,central_difference,1.0,0.0020373375775464136,0.16364337234560122,297552276.33209383,336.4446478061245,336.4486270202442,336.4447432671599,336.44872248127956,2,sparse_direct,not_applicable,3.872150616019659e-16,3.097720492815727e-16,0.0062319999997271225,0.0054170999937923625,0.0,0.0,6.785361557725355e-05,6.785362543166336e-05,5.895043272153818,5.895042416014269,8.561395485884304e-07,7.744301232039318e-17,1.5488602464078636e-16,2.323290369611795e-16,True,0.012428999994881451,0.0,,
481,arpack_matvec,central_difference,1.0,0.0020373375775464136,0.10518839340112587,159674419.74505258,336.44464780612446,336.4486978704666,336.44467241693735,336.4487224812795,2,sparse_direct,not_applicable,3.097720492815727e-16,4.64658073922359e-16,0.005249499998171814,0.005571100002271123,0.015625,0.0,6.785361654221332e-05,6.785362508993957e-05,5.895043188319235,5.895042445702826,7.426164092549925e-07,7.744301232039318e-17,2.323290369611795e-16,3.097720492815727e-16,True,0.01130169999669306,0.015625,,
482,arpack_matvec,central_difference,1.0,0.0020373375775464136,0.11905953274020431,252650109.46859193,336.4448048356999,336.4487224812795,336.44464780612446,336.44856545170416,2,sparse_direct,not_applicable,5.421010862427522e-16,4.64658073922359e-16,0.006076699995901436,0.006794400003855117,0.0,0.0,6.785362069938245e-05,6.785362036798179e-05,5.895042827149244,5.895042855940945,2.8791700579233748e-08,0.0,3.872150616019659e-16,3.872150616019659e-16,True,0.013611699992907234,0.015625,,
483,arpack_matvec,central_difference,1.0,0.0020373375775464136,0.13364383447049677,222700964.11233023,336.4447639089985,336.44872248127956,336.4446478061245,336.4486063784056,2,sparse_direct,not_applicable,3.872150616019659e-16,3.097720492815727e-16,0.007322400007979013,0.00528479999047704,0.0,0.015625,6.785362464149104e-05,6.785361673998309e-05,5.895042484663502,5.895043171137228,6.864737258638343e-07,0.0,1.5488602464078636e-16,1.5488602464078636e-16,True,0.013070900007733144,0.015625,,
484,arpack_matvec,central_difference,1.0,0.0020373375775464136,0.11224248130754495,209507626.01133263,336.4447027083419,336.44872248127956,336.4446478061245,336.4486675790621,2,sparse_direct,not_applicable,3.872150616019659e-16,3.872150616019659e-16,0.008265600001323037,0.005232399998931214,0.0,0.015625,6.785362989369913e-05,6.785361147773019e-05,5.895042028357924,5.895043628315665,1.5999577405167997e-06,7.744301232039318e-17,7.744301232039318e-17,1.5488602464078636e-16,True,0.013942999998107553,0.015625,,
485,arpack_matvec,central_difference,1.0,0.0020373375775464136,0.1391507044919873,239179665.04810476,336.4446478061245,336.448486476447,336.444883810957,336.44872248127956,2,sparse_direct,not_applicable,6.9698711088353855e-16,3.872150616019659e-16,0.006104199987021275,0.005313200003001839,0.0,0.0,6.785363172461232e-05,6.785360940069007e-05,5.895041869290385,5.895043808766524,1.9394761388014103e-06,7.744301232039318e-17,0.0,7.744301232039318e-17,True,0.011816400001407601,0.0,,
486,arpack_matvec,central_difference,1.0,0.0020373375775464136,0.12195193104087201,194694698.67965654,336.4446478061245,336.44866852432864,336.44470176307544,336.44872248127956,2,sparse_direct,not_applicable,3.097720492815727e-16,5.421010862427522e-16,0.007937299989862368,0.007758100007777102,0.0,0.015625,6.785363777844212e-05,6.78536038084236e-05,5.895041343340984,5.895044294616264,2.9512752801608144e-06,2.323290369611795e-16,7.744301232039318e-17,3.097720492815727e-16,True,0.017055999996955507,0.03125,,
487,arpack_matvec,central_difference,1.0,0.0020373375775464136,0.1304269730755185,202787583.50331786,336.44464780612446,336.4485315191994,336.4448387682045,336.4487224812795,2,sparse_direct,not_applicable,3.872150616019659e-16,4.64658073922359e-16,0.006404799991287291,0.006974200005060993,0.0,0.0,6.785363501933261e-05,6.785360610610068e-05,5.895041583049065,5.895044094996687,2.511947622352295e-06,2.323290369611795e-16,2.323290369611795e-16,0.0,True,0.014229599997634068,0.0,,
488,arpack_matvec,central_difference,1.0,0.0020373375775464136,0.13751834111711395,236162780.35658222,336.4446478061245,336.4485447797498,336.4448255076542,336.44872248127956,2,sparse_direct,not_applicable,6.9698711088353855e-16,6.195440985631454e-16,0.00515080000332091,0.004633799995644949,0.0,0.0,6.78536351708606e-05,6.78536059830926e-05,5.895041569884498,5.895044105683489,2.535798991232241e-06,7.744301232039318e-17,2.323290369611795e-16,1.5488602464078636e-16,True,0.010198899995884858,0.0,,
489,arpack_matvec,central_difference,1.0,0.0020373375775464136,0.12779349978029805,236375313.39891458,336.44464780612446,336.44867290382456,336.4446973835794,336.4487224812795,2,sparse_direct,not_applicable,4.64658073922359e-16,3.1945242582162186e-16,0.007324999998672865,0.007621700002346188,0.015625,0.0,6.785363734188107e-05,6.785360360750662e-05,5.895041381268877,5.895044312071705,2.930802827982859e-06,2.323290369611795e-16,7.744301232039318e-17,3.097720492815727e-16,True,0.01567770000838209,0.015625,,
490,arpack_matvec,central_difference,1.0,0.0020373375775464136,0.12103645000511387,247707815.13889667,336.44464780612446,336.44868728446227,336.4446830029418,336.4487224812795,2,sparse_direct,not_applicable,5.421010862427522e-16,3.872150616019659e-16,0.00707170000532642,0.004927999994833954,0.015625,0.0,6.785363892317228e-05,6.785360223136564e-05,5.895041243888225,5.895044431629279,3.1877410542335838e-06,1.5488602464078636e-16,0.0,1.5488602464078636e-16,True,0.012631600009626709,0.015625,,
491,arpack_matvec,central_difference,1.0,0.0020373375775464136,0.13709604988421742,259234040.5829148,336.4446478061245,336.4487189902499,336.44465129715405,336.44872248127956,2,sparse_direct,not_applicable,5.421010862427522e-16,5.421010862427522e-16,0.006782299999031238,0.008509799998137169,0.0,0.015625,6.78536395516605e-05,6.785360154143795e-05,5.895041189285938,5.895044491569419,3.3022834813323243e-06,1.5488602464078636e-16,7.744301232039318e-17,2.323290369611795e-16,True,0.0163200999959372,0.015625,,
492,arpack_matvec,central_difference,1.0,0.0020373375775464136,0.13833273554490214,275541901.20595646,336.4446478061245,336.44865553334176,336.4447147540623,336.44872248127956,2,sparse_direct,not_applicable,3.872150616019659e-16,4.64658073922359e-16,0.008319400003529154,0.007802299995091744,0.015625,0.0,6.78536353330615e-05,6.7853605658083e-05,5.89504155579268,5.895044133919955,2.578127274333042e-06,7.744301232039318e-17,7.744301232039318e-17,0.0,True,0.01705690000380855,0.015625,,
493,arpack_matvec,central_difference,1.0,0.0020373375775464136,0.1338650573517374,252149979.6402408,336.4446478061245,336.4486488236494,336.44472146375455,336.44872248127956,2,sparse_direct,not_applicable,3.097720492815727e-16,3.097720492815727e-16,0.007872100002714433,0.007694299987633713,0.015625,0.0,6.785363759343056e-05,6.785360370575584e-05,5.895041359414564,5.895044303535924,2.9441213600378546e-06,7.744301232039318e-17,0.0,7.744301232039318e-17,True,0.01653470000019297,0.015625,,
494,arpack_matvec,central_difference,1.0,0.0020373375775464136,0.1427615490264039,202906804.39012158,336.44464780612446,336.4485113737491,336.44485891365485,336.4487224812795,2,sparse_direct,not_applicable,4.64658073922359e-16,4.64658073922359e-16,0.00792070000898093,0.00855260000389535,0.015625,0.0,6.785363651968798e-05,6.785360475726396e-05,5.895041452700012,5.895044212182089,2.7594820775078688e-06,0.0,1.5488602464078636e-16,1.5488602464078636e-16,True,0.017777100001694635,0.015625,,
495,arpack_matvec,central_difference,1.0,0.0020373375775464136,0.16136484458981842,248951934.15618858,336.4446478061245,336.4485379675456,336.4448323198584,336.44872248127956,2,sparse_direct,not_applicable,5.421010862427522e-16,5.421010862427522e-16,0.009256199991796166,0.007983300005435012,0.015625,0.015625,6.785363407603699e-05,6.785360717759061e-05,5.895041665001448,5.8950440019068635,2.336905415845081e-06,1.5488602464078636e-16,7.744301232039318e-17,2.323290369611795e-16,True,0.018420599997625686,0.03125,,
496,arpack_matvec,central_difference,1.0,0.0020373375775464136,0.1424421627336124,233735217.69999167,336.4446478061245,336.44858401099106,336.4447862764129,336.44872248127956,2,sparse_direct,not_applicable,4.64658073922359e-16,3.872150616019659e-16,0.008272999999462627,0.006353999997372739,0.0,0.015625,6.785362988387397e-05,6.785361114662323e-05,5.895042029211522,5.895043657081856,1.6278703336425338e-06,3.097720492815727e-16,0.0,3.097720492815727e-16,True,0.015539500003797002,0.015625,,
497,arpack_matvec,central_difference,1.0,0.0020373375775464136,0.1370290107753645,187947447.8221884,336.44469572025935,336.44872248127956,336.4446478061245,336.44867456714474,2,sparse_direct,not_applicable,3.872150616019659e-16,3.872150616019659e-16,0.008090599993010983,0.0064676999900257215,0.0,0.015625,6.78536285683098e-05,6.785361300986372e-05,5.895042143506163,5.8950434952056705,1.351699507878834e-06,7.744301232039318e-17,1.5488602464078636e-16,2.323290369611795e-16,True,0.015242199995554984,0.015625,,
498,arpack_matvec,central_difference,1.0,0.0020373375775464136,0.15963957472151127,256624984.09778026,336.4446869013133,336.44872248127956,336.4446478061245,336.4486833860908,2,sparse_direct,not_applicable,3.872150616019659e-16,5.421010862427522e-16,0.0064098999864654616,0.008247199992183596,0.0,0.0,6.785362303073261e-05,6.785361792938076e-05,5.895042624604289,5.895043067803746,4.4319945669002436e-07,1.5488602464078636e-16,7.744301232039318e-17,7.744301232039318e-17,True,0.015325700005632825,0.0,,
499,arpack_matvec,central_difference,1.0,0.0020373375775464136,0.1308541524077422,153539344.59747413,336.4447201848102,336.44872248127956,336.4446478061245,336.4486501025938,2,sparse_direct,not_applicable,3.872150616019659e-16,3.097720492815727e-16,0.007050400003208779,0.007192000004579313,0.015625,0.0,6.78536203920827e-05,6.785362102090507e-05,5.895042853847086,5.895042799215737,5.4631348334055474e-08,7.744301232039318e-17,2.323290369611795e-16,1.5488602464078636e-16,True,0.015123599994694814,0.015625,,
500,arpack_matvec,central_difference,1.0,0.0020373375775464136,0.1478672828092233,254252448.74666348,336.4446478061245,336.4486846120671,336.444685675337,336.44872248127956,2,sparse_direct,not_applicable,4.64658073922359e-16,3.872150616019659e-16,0.006268400000408292,0.007936900001368485,0.015625,0.0,6.785361679076594e-05,6.785362424079633e-05,5.895043166725273,5.895042519475385,6.472498883525191e-07,0.0,3.872150616019659e-16,3.872150616019659e-16,True,0.015201100002741441,0.015625,,
501,arpack_matvec,central_difference,1.0,0.0020373375775464136,0.13759677622843333,248816108.54368788,336.44465019037966,336.44872248127956,336.4446478061245,336.4487200970244,2,sparse_direct,not_applicable,6.9698711088353855e-16,3.097720492815727e-16,0.005208500006119721,0.00687459998880513,0.015625,0.0,6.785361213858413e-05,6.785362901029502e-05,5.895043570901437,5.895042105107016,1.4657944209517382e-06,1.5488602464078636e-16,3.872150616019659e-16,5.421010862427522e-16,True,0.012556000001495704,0.015625,,
502,arpack_matvec,central_difference,1.0,0.0020373375775464136,0.12158841982984066,204030374.81669277,336.4447376358958,336.4487224812795,336.44464780612446,336.44863265150826,2,sparse_direct,not_applicable,6.195440985631454e-16,3.872150616019659e-16,0.0058132999984081835,0.005989099998259917,0.015625,0.0,6.785360624787184e-05,6.785363483359296e-05,5.895044082679771,5.895041599185901,2.4834938701090437e-06,7.744301232039318e-17,7.744301232039318e-17,0.0,True,0.012795999995432794,0.015625,,
503,arpack_matvec,central_difference,1.0,0.0020373375775464136,0.13328771459377795,215474324.13631484,336.4448478538352,336.4487224812795,336.44464780612446,336.44852243356877,2,sparse_direct,not_applicable,3.097720492815727e-16,3.872150616019659e-16,0.010396099998615682,0.007927500002551824,0.015625,0.0,6.78536014606645e-05,6.785363988111541e-05,5.895044498586925,5.895041160663298,3.3379236272779167e-06,1.5488602464078636e-16,7.744301232039318e-17,2.323290369611795e-16,True,0.01959270000224933,0.015625,,
504,arpack_matvec,central_difference,1.0,0.0020373375775464136,0.12371998802788248,195691324.60286647,336.4447885595687,336.44872248127956,336.4446478061245,336.4485817278353,2,sparse_direct,not_applicable,4.0657581468206416e-16,3.872150616019659e-16,0.0053662999998778105,0.004821599999559112,0.015625,0.0,6.785360097071091e-05,6.785364017594906e-05,5.895044541153541,5.895041135048511,3.4061050300238094e-06,0.0,7.744301232039318e-17,7.744301232039318e-17,True,0.010601199988741428,0.015625,,
505,arpack_matvec,central_difference,1.0,0.0020373375775464136,0.14007143716914514,171183413.40724435,336.44479072119265,336.4487224812795,336.44464780612446,336.44857956621144,2,sparse_direct,not_applicable,3.872150616019659e-16,7.744301232039318e-16,0.006725200000801124,0.00528790001408197,0.0,0.015625,6.785360058219396e-05,6.78536405011205e-05,5.895044574907457,5.895041106798015,3.468109442295031e-06,1.5488602464078636e-16,1.5488602464078636e-16,3.097720492815727e-16,True,0.012455999996745959,0.015625,,
506,arpack_matvec,central_difference,1.0,0.0020373375775464136,0.12818114305466038,258375035.24148002,336.44483117742186,336.44872248127956,336.4446478061245,336.4485391099821,2,sparse_direct,not_applicable,4.64658073922359e-16,5.421010862427522e-16,0.004770200001075864,0.007994600004167296,0.0,0.015625,6.7853590263081e-05,6.785365081119048e-05,5.895045471420533,5.89504021107191,5.260348623359334e-06,7.744301232039318e-17,7.744301232039318e-17,1.5488602464078636e-16,True,0.013556800011429004,0.015625,,
507,arpack_matvec,central_difference,1.0,0.0020373375775464136,0.12615177232520766,257951849.65962154,336.44487855656797,336.4487224812795,336.44464780612446,336.4484917308361,2,sparse_direct,not_applicable,5.421010862427522e-16,4.64658073922359e-16,0.008091399999102578,0.005611899992800318,0.0,0.015625,6.785358273347525e-05,6.785365807572297e-05,5.895046125584492,5.895039579938492,6.5456460003332495e-06,3.872150616019659e-16,1.5488602464078636e-16,2.323290369611795e-16,True,0.014571899999282323,0.015625,,
508,arpack_matvec,central_difference,1.0,0.0020373375775464136,0.11824685004558964,199601995.2613068,336.4449352373314,336.4487224812795,336.44464780612446,336.4484350500726,2,sparse_direct,not_applicable,4.64658073922359e-16,3.097720492815727e-16,0.0086857999995118,0.008923200002755038,0.0,0.015625,6.785357419675422e-05,6.785366688169637e-05,5.895046867245706,5.8950388148868145,8.052358891674771e-06,3.097720492815727e-16,5.421010862427522e-16,8.518731355243249e-16,True,0.01925929999561049,0.015625,,
509,arpack_matvec,central_difference,1.0,0.0020373375775464136,0.13993828591878765,318108209.9911936,336.4448883926854,336.4487224812795,336.44464780612446,336.44848189471855,2,sparse_direct,not_applicable,5.421010862427522e-16,4.64658073922359e-16,0.006856099993456155,0.008072099997662008,0.0,0.015625,6.785358197563435e-05,6.785365876928095e-05,5.895046191424893,5.895039519683057,6.671741835440059e-06,1.5488602464078636e-16,7.744301232039318e-17,2.323290369611795e-16,True,0.01604560000123456,0.015625,,
510,arpack_matvec,central_difference,1.0,0.0020373375775464136,0.15244835577743257,276679430.6102592,336.4448353360118,336.44872248127956,336.4446478061245,336.44853495139216,2,sparse_direct,not_applicable,4.64658073922359e-16,5.421010862427522e-16,0.008327700008521788,0.008072900003753603,0.015625,0.0,6.785359025790373e-05,6.785365067607544e-05,5.895045471870329,5.895040222810536,5.249059793044353e-06,7.744301232039318e-17,2.323290369611795e-16,1.5488602464078636e-16,True,0.017583499997272156,0.015625,,
511,arpack_matvec,central_difference,1.0,0.0020373375775464136,0.13032773270548875,195515308.47305545,336.44481266690786,336.4487224812795,336.44464780612446,336.4485576204962,2,sparse_direct,not_applicable,4.64658073922359e-16,1.0067591601651113e-15,0.00909710000269115,0.008224999997764826,0.015625,0.0,6.785359671905682e-05,6.785364436275742e-05,5.895044910532491,5.895040771303752,4.1392287384312e-06,3.097720492815727e-16,3.097720492815727e-16,0.0,True,0.01852599999983795,0.015625,,
512,arpack_matvec,central_difference,1.0,0.0020373375775464136,0.12258135482727832,195184304.0661291,336.4447897043406,336.4487224812795,336.44464780612446,336.44858058306346,2,sparse_direct,not_applicable,4.64658073922359e-16,3.097720492815727e-16,0.007835199998226017,0.00768660000176169,0.015625,0.0,6.785359883443702e-05,6.785364235692449e-05,5.89504472675062,5.895040945568044,3.7811825759348494e-06,1.5488602464078636e-16,7.744301232039318e-17,2.323290369611795e-16,True,0.01648879999993369,0.015625,,
513,arpack_matvec,central_difference,1.0,0.0020373375775464136,0.13371437891450286,217768704.9660678,336.4448157208006,336.4487224812795,336.44464780612446,336.4485545666035,2,sparse_direct,not_applicable,4.64658073922359e-16,3.097720492815727e-16,0.006305499991867691,0.006416000003810041,0.0,0.015625,6.785359900504079e-05,6.785364232298716e-05,5.895044711928756,5.895040948516478,3.7634122787011393e-06,1.5488602464078636e-16,0.0,1.5488602464078636e-16,True,0.014037599990842864,0.015625,,
514,arpack_matvec,central_difference,1.0,0.0020373375775464136,0.12672643515077622,218201687.3779259,336.44476332022253,336.4487224812795,336.44464780612446,336.44860696718155,2,sparse_direct,not_applicable,3.872150616019659e-16,3.872150616019659e-16,0.007882299993070774,0.00796950000221841,0.0,0.015625,6.785360121767917e-05,6.785363984657385e-05,5.895044519697217,5.895041163664226,3.3560329910642395e-06,1.5488602464078636e-16,7.744301232039318e-17,7.744301232039318e-17,True,0.016796700001577847,0.015625,,
515,arpack_matvec,central_difference,1.0,0.0020373375775464136,0.13088924023992646,230908199.77800646,336.44472459784816,336.44872248127956,336.4446478061245,336.4486456895558,2,sparse_direct,not_applicable,5.421010862427522e-16,4.162561912221133e-16,0.008413999996264465,0.007854900002712384,0.015625,0.0,6.785360535496317e-05,6.785363586182255e-05,5.8950441602546615,5.895041509854561,2.650400100279171e-06,3.097720492815727e-16,2.323290369611795e-16,7.744301232039318e-17,True,0.0172102999931667,0.015625,,
516,arpack_matvec,central_difference,1.0,0.0020373375775464136,0.15350884443763438,274394458.4333381,336.4446777211454,336.44872248127956,336.4446478061245,336.44869256625867,2,sparse_direct,not_applicable,3.872150616019659e-16,5.421010862427522e-16,0.008763199992245063,0.007343299992498942,0.015625,0.0,6.785361193327131e-05,6.785362907237365e-05,5.895043588738777,5.895042099713699,1.4890250783494707e-06,7.744301232039318e-17,7.744301232039318e-17,0.0,True,0.016988699993817136,0.015625,,
517,arpack_matvec,central_difference,1.0,0.0020373375775464136,0.11179939520261609,176671737.36653104,336.4446894716785,336.44872248127956,336.4446478061245,336.4486808157255,2,sparse_direct,not_applicable,3.872150616019659e-16,4.64658073922359e-16,0.008166399988112971,0.00869329999841284,0.015625,0.0,6.78536118228046e-05,6.785362983216811e-05,5.895043598335998,5.895042033703666,1.5646323321405475e-06,0.0,1.5488602464078636e-16,1.5488602464078636e-16,True,0.017987900006119162,0.015625,,
518,arpack_matvec,central_difference,1.0,0.0020373375775464136,0.1693616561555312,273349603.8074793,336.44464923114504,336.44872248127956,336.4446478061245,336.44872105625905,2,sparse_direct,not_applicable,6.9698711088353855e-16,5.421010862427522e-16,0.008813699998427182,0.006976800010306761,0.015625,0.0,6.785361826260477e-05,6.785362267826593e-05,5.8950430388536335,5.895042655226178,3.83627455136093e-07,1.5488602464078636e-16,1.5488602464078636e-16,0.0,True,0.01721090001228731,0.015625,,
519,arpack_matvec,central_difference,1.0,0.0020373375775464136,0.1290544772941021,174002199.06268686,336.4446478061245,336.4486954297017,336.4446748577024,336.44872248127956,2,sparse_direct,not_applicable,3.872150616019659e-16,4.64658073922359e-16,0.007850399997550994,0.005890000000363216,0.0,0.0,6.78536217355454e-05,6.785361985057639e-05,5.895042737128627,5.895042900892519,1.6376389222472199e-07,7.744301232039318e-17,3.097720492815727e-16,2.323290369611795e-16,True,0.015112900000531226,0.015625,,
520,arpack_matvec,central_difference,1.0,0.0020373375775464136,0.13148929360754183,230423785.46559715,336.4446478061245,336.44865054967084,336.44471973773324,336.44872248127956,2,sparse_direct,not_applicable,3.097720492815727e-16,3.29132802361671e-16,0.008077599995885976,0.00925400000414811,0.015625,0.015625,6.785362478457065e-05,6.785361630935119e-05,5.895042472232916,5.895043208550026,7.363171103946797e-07,0.0,1.5488602464078636e-16,1.5488602464078636e-16,True,0.01847180000913795,0.03125,,
521,arpack_matvec,central_difference,1.0,0.0020373375775464136,0.14870193274338622,222710309.6831674,336.4446478061245,336.448627044735,336.44474324266895,336.44872248127956,2,sparse_direct,not_applicable,2.420094135012287e-16,3.097720492815727e-16,0.008382700005313382,0.008551699997042306,0.0,0.015625,6.78536282760958e-05,6.785361297396773e-05,5.895042168893366,5.895043498324274,1.3294309075817523e-06,7.744301232039318e-17,7.744301232039318e-17,0.0,True,0.017972600006032735,0.015625,,
522,arpack_matvec,central_difference,1.0,0.0020373375775464136,0.1161840908357709,171520883.8922891,336.44464780612446,336.4486164994608,336.44475378794317,336.4487224812795,2,sparse_direct,not_applicable,3.872150616019659e-16,3.872150616019659e-16,0.007578599994303659,0.010750900008133613,0.0,0.015625,6.785363368421402e-05,6.785360780440077e-05,5.895041699042553,5.895043947450312,2.248407759530835e-06,3.097720492815727e-16,1.5488602464078636e-16,4.64658073922359e-16,True,0.019414400012465194,0.015625,,
523,arpack_matvec,central_difference,1.0,0.0020373375775464136,0.1399150464584972,264255779.04920208,336.4446478061245,336.44860110609443,336.44476918130954,336.44872248127956,2,sparse_direct,not_applicable,3.872150616019659e-16,5.421010862427522e-16,0.005989900004351512,0.007719000001088716,0.0,0.0,6.785363559009111e-05,6.785360574687028e-05,5.895041533462259,5.8950441262062165,2.59274395730813e-06,3.872150616019659e-16,7.744301232039318e-17,3.097720492815727e-16,True,0.014498500007903203,0.015625,,
524,arpack_matvec,central_difference,1.0,0.0020373375775464136,0.1488728550294031,274700116.9058059,336.4446478061245,336.4486124855192,336.44475780188486,336.44872248127956,2,sparse_direct,not_applicable,3.872150616019659e-16,4.64658073922359e-16,0.007767300005070865,0.008994100004201755,0.015625,0.0,6.785363454211365e-05,6.785360650868623e-05,5.895041624509271,5.895044060020514,2.4355112433482873e-06,0.0,7.744301232039318e-17,7.744301232039318e-17,True,0.0176808000105666,0.015625,,
525,arpack_matvec,central_difference,1.0,0.0020373375775464136,0.12625365668217117,249580966.80921635,336.44464780612446,336.4485843900239,336.4447858973801,336.4487224812795,2,sparse_direct,not_applicable,4.64658073922359e-16,6.195440985631454e-16,0.006514499997138046,0.008171399997081608,0.015625,0.0,6.78536394670301e-05,6.785360176257863e-05,5.895041196638523,5.895044472356966,3.2757184431631003e-06,1.5488602464078636e-16,7.744301232039318e-17,7.744301232039318e-17,True,0.015569000010145828,0.015625,,
526,arpack_matvec,central_difference,1.0,0.0020373375775464136,0.12705258119043264,244263642.6275669,336.44464780612446,336.4486034065258,336.44476688087826,336.4487224812795,2,sparse_direct,not_applicable,3.872150616019659e-16,5.421010862427522e-16,0.008029800010262989,0.008088900009170175,0.015625,0.0,6.78536384192712e-05,6.78536028236462e-05,5.895041287666536,5.895044380172612,3.0925060761077816e-06,0.0,2.323290369611795e-16,2.323290369611795e-16,True,0.01709829999890644,0.015625,,
527,arpack_matvec,central_difference,1.0,0.0020373375775464136,0.1483951692266273,268010334.19986203,336.4446478061245,336.44860307289764,336.4447672145063,336.44872248127956,2,sparse_direct,not_applicable,3.872150616019659e-16,4.64658073922359e-16,0.008344499990926124,0.007823899999493733,0.015625,0.0,6.785363896038466e-05,6.785360211783805e-05,5.895041240655259,5.895044441492427,3.2008371677605396e-06,7.744301232039318e-17,3.097720492815727e-16,3.872150616019659e-16,True,0.017585900000995025,0.015625,,
528,arpack_matvec,central_difference,1.0,0.0020373375775464136,0.12357660461422063,234671347.72294962,336.4446478061245,336.4485750057721,336.44479528163197,336.44872248127956,2,sparse_direct,not_applicable,6.9698711088353855e-16,3.872150616019659e-16,0.007771999997203238,0.00668500000028871,0.015625,0.0,6.785364200040214e-05,6.785359911879554e-05,5.895040976542266,5.895044702045871,3.7255036042793677e-06,7.744301232039318e-17,1.5488602464078636e-16,2.323290369611795e-16,True,0.01535469999362249,0.015625,,
529,arpack_matvec,central_difference,1.0,0.0020373375775464136,0.1427953988855423,257928958.44223875,336.4446478061245,336.44860810036454,336.44476218703943,336.44872248127956,2,sparse_direct,not_applicable,4.64658073922359e-16,4.64658073922359e-16,0.005907899991143495,0.0066866999986814335,0.015625,0.0,6.785363759737827e-05,6.785360364580236e-05,5.895041359071591,5.895044308744614,2.9496730231670654e-06,2.323290369611795e-16,2.323290369611795e-16,4.64658073922359e-16,True,0.013112200002069585,0.015625,,
530,arpack_matvec,central_difference,1.0,0.0020373375775464136,0.12885764975557548,205354865.41287237,336.44464780612446,336.4486172939226,336.44475299348136,336.4487224812795,2,sparse_direct,not_applicable,3.872150616019659e-16,3.097720492815727e-16,0.005605500002275221,0.004952499992214143,0.015625,0.0,6.785363472698999e-05,6.785360647318525e-05,5.895041608447438,5.895044063104799,2.454657360928536e-06,1.5488602464078636e-16,2.323290369611795e-16,3.872150616019659e-16,True,0.011005899999872781,0.015625,,
531,arpack_matvec,central_difference,1.0,0.0020373375775464136,0.15778823808045486,232641107.80949172,336.4446478061245,336.44863324429673,336.44473704310724,336.44872248127956,2,sparse_direct,not_applicable,3.872150616019659e-16,4.64658073922359e-16,0.00686870000208728,0.0075782000058097765,0.0,0.015625,6.785363273067679e-05,6.785360860466683e-05,5.895041781884717,5.895043877924111,2.096039394494653e-06,1.5488602464078636e-16,1.5488602464078636e-16,3.097720492815727e-16,True,0.015153400003327988,0.015625,,
532,arpack_matvec,central_difference,1.0,0.0020373375775464136,0.13906146619170717,224272312.4699487,336.44464780612446,336.4486530181223,336.4447172692818,336.4487224812795,2,sparse_direct,not_applicable,3.872150616019659e-16,3.872150616019659e-16,0.007807599991792813,0.007562099999631755,0.0,0.015625,6.785363002527329e-05,6.78536110262246e-05,5.8950420169269195,5.895043667541951,1.6506150313233547e-06,2.323290369611795e-16,0.0,2.323290369611795e-16,True,0.016370600002119318,0.015625,,
533,arpack_matvec,central_difference,1.0,0.0020373375775464136,0.13002714890070033,194228441.2655712,336.4446478061245,336.448680298269,336.4446899891351,336.44872248127956,2,sparse_direct,not_applicable,3.872150616019659e-16,4.64658073922359e-16,0.007599599994136952,0.008146199994371273,0.0,0.0,6.785362947729141e-05,6.78536121141508e-05,5.895042064534929,5.895043573024175,1.5084892464045652e-06,0.0,0.0,0.0,True,0.0167963999992935,0.015625,,
534,arpack_matvec,central_difference,1.0,0.0020373375775464136,0.14283039828899566,228942773.63825122,336.4446478061245,336.4487150540505,336.44465523335356,336.44872248127956,2,sparse_direct,not_applicable,6.9698711088353855e-16,4.64658073922359e-16,0.0072321000043302774,0.007626000005984679,0.015625,0.0,6.785362295191514e-05,6.785361808503632e-05,5.895042631451858,5.895043054280573,4.228287151519794e-07,7.744301232039318e-17,0.0,7.744301232039318e-17,True,0.015801800007466227,0.015625,,
535,arpack_matvec,central_difference,1.0,0.0020373375775464136,0.11632387968503727,185667656.78721088,336.4446644902416,336.4487224812795,336.44464780612446,336.44870579716235,2,sparse_direct,not_applicable,4.64658073922359e-16,6.195440985631454e-16,0.009245499997632578,0.007429799996316433,0.015625,0.0,6.785361847356086e-05,6.785362297887335e-05,5.895043020526015,5.895042629109761,3.914162540752386e-07,1.5488602464078636e-16,7.744301232039318e-17,7.744301232039318e-17,True,0.017758899994078092,0.015625,,
536,arpack_matvec,central_difference,1.0,0.0020373375775464136,0.14562477310966784,217488442.04567647,336.44469091414834,336.4487224812795,336.44464780612446,336.44867937325563,2,sparse_direct,not_applicable,3.097720492815727e-16,3.097720492815727e-16,0.0066510000033304095,0.007833299998310395,0.015625,0.0,6.785361519352373e-05,6.785362586460732e-05,5.895043305491819,5.895042378400612,9.270912064707204e-07,0.0,0.0,0.0,True,0.015233300000545569,0.015625,,
537,arpack_matvec,central_difference,1.0,0.0020373375775464136,0.12401776509760419,215285541.778382,336.44474397786297,336.44872248127956,336.4446478061245,336.4486263095411,2,sparse_direct,not_applicable,3.1945242582162186e-16,3.872150616019659e-16,0.007650400002603419,0.008489499989082105,0.015625,0.0,6.785360805844911e-05,6.785363322689067e-05,5.895043925378883,5.895041738774253,2.1866046298057995e-06,7.744301232039318e-17,1.5488602464078636e-16,7.744301232039318e-17,True,0.017491399994469248,0.015625,,
538,arpack_matvec,central_difference,1.0,0.0020373375775464136,0.1322023740540748,225396897.37017125,336.44475149633104,336.44872248127956,336.4446478061245,336.44861879107305,2,sparse_direct,not_applicable,3.872150616019659e-16,3.097720492815727e-16,0.00781759999517817,0.006505600002128631,0.015625,0.0,6.785360721856292e-05,6.785363373466106e-05,5.895043998347235,5.895041694659775,2.303687460347703e-06,7.744301232039318e-17,0.0,7.744301232039318e-17,True,0.015268499992089346,0.015625,,
539,arpack_matvec,central_difference,1.0,0.0020373375775464136,0.15253793428852472,194749635.29860678,336.44477037359667,336.4487224812795,336.44464780612446,336.4485999138073,2,sparse_direct,not_applicable,3.097720492815727e-16,3.872150616019659e-16,0.005506200002855621,0.008829200000036508,0.0,0.0,6.785360501276665e-05,6.785363626705951e-05,5.895044189984306,5.895041474648067,2.71533623941167e-06,2.323290369611795e-16,3.872150616019659e-16,1.5488602464078636e-16,True,0.015088300002389587,0.0,,
540,arpack_matvec,central_difference,1.0,0.0020373375775464136,0.1285000515164498,209135401.6088149,336.4447826098244,336.44872248127956,336.4446478061245,336.44858767757967,2,sparse_direct,not_applicable,3.097720492815727e-16,4.64658073922359e-16,0.005011899993405677,0.008152299997163936,0.015625,0.0,6.785360217618114e-05,6.78536389464814e-05,5.895044436423646,5.895041241863157,3.1945604890282198e-06,7.744301232039318e-17,2.323290369611795e-16,3.097720492815727e-16,True,0.013678000002983026,0.015625,,
541,arpack_matvec,central_difference,1.0,0.0020373375775464136,0.11951530067930452,185573273.83451745,336.4448322015725,336.4487224812795,336.44464780612446,336.44853808583156,2,sparse_direct,not_applicable,6.195440985631454e-16,6.195440985631454e-16,0.006606800001463853,0.008488300009048544,0.015625,0.0,6.785359527898783e-05,6.785364575402157e-05,5.895045035644083,5.895040650432445,4.385211638258113e-06,1.5488602464078636e-16,1.5488602464078636e-16,3.097720492815727e-16,True,0.016121599997859448,0.015625,,
542,arpack_matvec,central_difference,1.0,0.0020373375775464136,0.12118564311709548,174812011.6233783,336.44492998120234,336.44872248127956,336.4446478061245,336.44844030620175,2,sparse_direct,not_applicable,3.1945242582162186e-16,4.64658073922359e-16,0.007519699996919371,0.007765200003632344,0.015625,0.0,6.785358231218076e-05,6.78536589403101e-05,5.895046162186103,5.895039504824262,6.657361840467502e-06,2.323290369611795e-16,1.5488602464078636e-16,3.872150616019659e-16,True,0.01610600001004059,0.015625,,
543,arpack_matvec,central_difference,1.0,0.0020373375775464136,0.14338321223074024,264739254.53850183,336.44487316765844,336.44872248127956,336.4446478061245,336.4484971197455,2,sparse_direct,not_applicable,4.64658073922359e-16,3.872150616019659e-16,0.0073238000040873885,0.008113099989714101,0.015625,0.0,6.785358869012474e-05,6.785365217055905e-05,5.89504560807725,5.895040092971673,5.515105577558188e-06,2.323290369611795e-16,2.323290369611795e-16,0.0,True,0.016103899994050153,0.015625,,
544,arpack_matvec,central_difference,1.0,0.0020373375775464136,0.13912047742114464,172482169.75511563,336.4449081217549,336.4487224812795,336.44464780612446,336.4484621656492,2,sparse_direct,not_applicable,3.097720492815727e-16,3.097720492815727e-16,0.005159499996807426,0.007752800011076033,0.015625,0.0,6.785358460750378e-05,6.785365648214732e-05,5.895045962770918,5.895039718386323,6.244384595177621e-06,3.097720492815727e-16,7.744301232039318e-17,3.872150616019659e-16,True,0.013755899999523535,0.015625,,
545,arpack_matvec,central_difference,1.0,0.0020373375775464136,0.17278077590002822,329088907.490079,336.4448641535243,336.4487224812795,336.44464780612446,336.4485061338798,2,sparse_direct,not_applicable,3.872150616019659e-16,3.097720492815727e-16,0.009252899995772168,0.009271599992644042,0.015625,0.0,6.785358924410711e-05,6.785365155668164e-05,5.895045559947868,5.895040146304572,5.413643296314774e-06,7.744301232039318e-17,0.0,7.744301232039318e-17,True,0.020356900000479072,0.03125,,
546,arpack_matvec,central_difference,1.0,0.0020373375775464136,0.12943564974867836,233274045.5904311,336.4449629075189,336.4487224812795,336.44464780612446,336.44840737988505,2,sparse_direct,not_applicable,4.64658073922359e-16,4.64658073922359e-16,0.007864500003051944,0.00895779998973012,0.0,0.015625,6.785357573253123e-05,6.78536652227325e-05,5.895046733819024,5.895038959015452,7.774803571614086e-06,0.0,2.323290369611795e-16,2.323290369611795e-16,True,0.018065399999613874,0.015625,,
547,arpack_matvec,central_difference,1.0,0.0020373375775464136,0.13640657608247253,238168560.9699217,336.44483137852194,336.44872248127956,336.4446478061245,336.44853890888214,2,sparse_direct,not_applicable,5.421010862427522e-16,4.64658073922359e-16,0.008488000006764196,0.006991200003540143,0.0,0.015625,6.785359462710412e-05,6.785364630261097e-05,5.895045092279017,5.895040602771678,4.489507339222598e-06,1.5488602464078636e-16,3.097720492815727e-16,1.5488602464078636e-16,True,0.01661690000037197,0.015625,,
548,arpack_matvec,central_difference,1.0,0.0020373375775464136,0.14168900769294412,229984466.65534732,336.4447726534101,336.44872248127956,336.4446478061245,336.448597633994,2,sparse_direct,not_applicable,5.421010862427522e-16,4.64658073922359e-16,0.007997299995622598,0.008155399991665035,0.0,0.015625,6.785360187736497e-05,6.785363923208084e-05,5.895044462384458,5.895041217050627,3.2453338310034496e-06,2.323290369611795e-16,3.097720492815727e-16,5.421010862427522e-16,True,0.017321699997410178,0.015625,,
549,arpack_matvec,central_difference,1.0,0.0020373375775464136,0.12309460653681213,194763741.00545177,336.4447848715433,336.4487224812795,336.44464780612446,336.4485854158607,2,sparse_direct,not_applicable,5.421010862427522e-16,3.097720492815727e-16,0.008552400002372451,0.0053266000031726435,0.0,0.015625,6.785359933430253e-05,6.785364218661812e-05,5.895044683322865,5.895040960364051,3.7229588141229897e-06,7.744301232039318e-17,7.744301232039318e-17,1.5488602464078636e-16,True,0.014739200007170439,0.015625,,
550,arpack_matvec,central_difference,1.0,0.0020373375775464136,0.147636950521557,264153181.65075818,336.4447411586438,336.4487224812795,336.44464780612446,336.44862912876016,2,sparse_direct,not_applicable,5.421010862427522e-16,3.872150616019659e-16,0.006634000004851259,0.00783479999518022,0.0,0.015625,6.785360551772297e-05,6.785363544166936e-05,5.895044146114274,5.8950415463569605,2.5997573134262097e-06,2.323290369611795e-16,2.323290369611795e-16,0.0,True,0.014985200003138743,0.015625,,
551,arpack_matvec,central_difference,1.0,0.0020373375775464136,0.11516303320771616,179640850.4197072,336.44475879021365,336.44872248127956,336.4446478061245,336.4486114971904,2,sparse_direct,not_applicable,4.64658073922359e-16,4.0657581468206416e-16,0.008717499993508682,0.008793300003162585,0.0,0.015625,6.785360077485605e-05,6.785364052054587e-05,5.895044558169191,5.895041105110363,3.4530588282066788e-06,7.744301232039318e-17,7.744301232039318e-17,1.5488602464078636e-16,True,0.018548799998825416,0.015625,,
552,arpack_matvec,central_difference,1.0,0.0020373375775464136,0.14474747186891782,226592377.28552473,336.4447033545726,336.4487224812795,336.44464780612446,336.4486669328314,2,sparse_direct,not_applicable,3.097720492815727e-16,2.710505431213761e-16,0.010945399990305305,0.009338300005765632,0.015625,0.0,6.78536096150178e-05,6.785363142609547e-05,5.895043790145977,5.89504189522517,1.894920806932987e-06,7.744301232039318e-17,0.0,7.744301232039318e-17,True,0.021396500000264496,0.015625,,
553,arpack_matvec,central_difference,1.0,0.0020373375775464136,0.1235430422371589,187636714.03155038,336.44467969140044,336.4487224812795,336.44464780612446,336.44869059600364,2,sparse_direct,not_applicable,4.64658073922359e-16,3.872150616019659e-16,0.007195900005172007,0.006111299997428432,0.015625,0.0,6.785361140003047e-05,6.785362997631072e-05,5.895043635066127,5.895042021180729,1.6138853977665235e-06,7.744301232039318e-17,0.0,7.744301232039318e-17,True,0.013889800000470132,0.015625,,
554,arpack_matvec,central_difference,1.0,0.0020373375775464136,0.14199544117007304,245806585.0370452,336.4446478061245,336.4487195476509,336.4446507397532,336.44872248127956,2,sparse_direct,not_applicable,5.421010862427522e-16,4.64658073922359e-16,0.011790799995651469,0.007175499995355494,0.015625,0.015625,6.78536176283763e-05,6.785362341335352e-05,5.895043093954662,5.895042591362636,5.025920257750727e-07,2.323290369611795e-16,7.744301232039318e-17,3.097720492815727e-16,True,0.01993150000635069,0.03125,,
555,arpack_matvec,central_difference,1.0,0.0020373375775464136,0.10899847266220222,177632879.03521308,336.4446478061245,336.4486641816392,336.4447061057648,336.44872248127956,2,sparse_direct,not_applicable,4.64658073922359e-16,3.872150616019659e-16,0.008228999999118969,0.006477700007962994,0.0,0.015625,6.785362298787794e-05,6.785361895913323e-05,5.895042628327453,5.895042978340055,3.500126020128391e-07,0.0,7.744301232039318e-17,7.744301232039318e-17,True,0.015253500008839183,0.015625,,
556,arpack_matvec,central_difference,1.0,0.0020373375775464136,0.14975859888631274,247566789.61561453,336.4446478061245,336.44866355658655,336.4447067308174,336.44872248127956,2,sparse_direct,not_applicable,3.097720492815727e-16,4.64658073922359e-16,0.008564499992644414,0.009018400000059046,0.0,0.015625,6.785362483787327e-05,6.785361618416331e-05,5.895042467602047,5.895043219426204,7.518241567083805e-07,0.0,0.0,0.0,True,0.018677000000025146,0.015625,,
557,arpack_matvec,central_difference,1.0,0.0020373375775464136,0.14026353612528253,197577823.65573254,336.44464780612446,336.4486237062418,336.4447465811622,336.4487224812795,2,sparse_direct,not_applicable,3.872150616019659e-16,3.097720492815727e-16,0.008117999997921288,0.0085696000023745,0.0,0.015625,6.78536298762086e-05,6.785361153658514e-05,5.895042029877481,5.895043623202414,1.5933249333244248e-06,7.744301232039318e-17,0.0,7.744301232039318e-17,True,0.01760690000082832,0.015625,,
558,arpack_matvec,central_difference,1.0,0.0020373375775464136,0.13383481070372766,230622505.76596612,336.44464780612446,336.4486232848717,336.44474700253227,336.4487224812795,2,sparse_direct,not_applicable,4.64658073922359e-16,4.64658073922359e-16,0.007848199995351024,0.00700360001064837,0.0,0.015625,6.785363119660859e-05,6.785360998406131e-05,5.8950419151627145,5.8950437580839,1.8429211854353866e-06,7.744301232039318e-17,1.5488602464078636e-16,7.744301232039318e-17,True,0.015621500002453104,0.015625,,
559,arpack_matvec,central_difference,1.0,0.0020373375775464136,0.14323327762675772,236140796.63680676,336.4446478061245,336.4486108211208,336.4447594662832,336.44872248127956,2,sparse_direct,not_applicable,4.3561694430221163e-16,3.872150616019659e-16,0.00814209999225568,0.006475800008047372,0.0,0.015625,6.785363412683423e-05,6.785360711698028e-05,5.8950416605882445,5.895044007172619,2.3465843748127213e-06,7.744301232039318e-17,7.744301232039318e-17,0.0,True,0.015886199995293282,0.015625,,
560,arpack_matvec,central_difference,1.0,0.0020373375775464136,0.11129883422858665,202276457.5866944,336.4446478061245,336.44856897560106,336.444801311803,336.44872248127956,2,sparse_direct,not_applicable,3.872150616019659e-16,2.420094135012287e-16,0.00787980000313837,0.00724140000238549,0.0,0.015625,6.785364058117781e-05,6.785360071912387e-05,5.895041099842734,5.89504456301114,3.463168406270256e-06,0.0,0.0,0.0,True,0.015791400001035072,0.015625,,
561,arpack_matvec,central_difference,1.0,0.0020373375775464136,0.13054925905170148,200495742.7737597,336.44464780612446,336.448581172614,336.44478911479007,336.4487224812795,2,sparse_direct,not_applicable,5.421010862427522e-16,4.64658073922359e-16,0.006689699992421083,0.006462399993324652,0.0,0.015625,6.785363977126505e-05,6.785360136559908e-05,5.895041170206963,5.8950445068461015,3.336639138318276e-06,3.097720492815727e-16,7.744301232039318e-17,3.872150616019659e-16,True,0.013652099994942546,0.015625,,
562,arpack_matvec,central_difference,1.0,0.0020373375775464136,0.11080719240234914,189176073.92405286,336.4446478061245,336.44856700848993,336.44480327891404,336.44872248127956,2,sparse_direct,not_applicable,3.872150616019659e-16,3.097720492815727e-16,0.0051598999998532236,0.006879199994727969,0.0,0.015625,6.785364274793608e-05,6.785359865535367e-05,5.895040911597438,5.895044742309182,3.830711743368909e-06,7.744301232039318e-17,2.323290369611795e-16,3.097720492815727e-16,True,0.013538999992306344,0.015625,,
563,arpack_matvec,central_difference,1.0,0.0020373375775464136,0.14321619759072443,253942173.56917304,336.4446478061245,336.44858731795614,336.44478296944783,336.44872248127956,2,sparse_direct,not_applicable,3.097720492815727e-16,4.64658073922359e-16,0.005248000001301989,0.007799600003636442,0.0,0.015625,6.785364006367908e-05,6.785360099078679e-05,5.89504114480239,5.895044539409372,3.39460698217664e-06,1.5488602464078636e-16,2.323290369611795e-16,7.744301232039318e-17,True,0.0137789000000339,0.015625,,
564,arpack_matvec,central_difference,1.0,0.0020373375775464136,0.13430924359015436,218248119.41061682,336.4446478061245,336.4485831261896,336.4447871612144,336.44872248127956,2,sparse_direct,not_applicable,4.64658073922359e-16,3.097720492815727e-16,0.009389699989696965,0.009792199998628348,0.0,0.015625,6.785364062317484e-05,6.785360047748478e-05,5.895041096194083,5.895044584004474,3.4878103907232116e-06,2.323290369611795e-16,7.744301232039318e-17,3.097720492815727e-16,True,0.02020690000790637,0.015625,,
565,arpack_matvec,central_difference,1.0,0.0020373375775464136,0.14094571139190432,258918714.03171423,336.4446478061245,336.4486081394271,336.44476214797686,336.44872248127956,2,sparse_direct,not_applicable,3.872150616019659e-16,3.097720492815727e-16,0.008261900002253242,0.008334199999808334,0.0,0.015625,6.785363767702189e-05,6.785360355425185e-05,5.8950413521522504,5.895044316698419,2.9645461685490204e-06,1.5488602464078636e-16,7.744301232039318e-17,2.323290369611795e-16,True,0.017537799998535775,0.015625,,
566,arpack_matvec,central_difference,1.0,0.0020373375775464136,0.1252036659940028,200707298.27078086,336.44464780612446,336.4486234209133,336.4447468664907,336.4487224812795,2,sparse_direct,not_applicable,4.64658073922359e-16,3.29132802361671e-16,0.007938199996715412,0.007688999990932643,0.015625,0.0,6.785363543130714e-05,6.785360579200501e-05,5.895041547257217,5.895044122284963,2.5750277456992876e-06,0.0,0.0,0.0,True,0.017004799999995157,0.015625,,
567,arpack_matvec,central_difference,1.0,0.0020373375775464136,0.15455830476016813,223889033.06128034,336.4446478061245,336.44863898218483,336.44473130521914,336.44872248127956,2,sparse_direct,not_applicable,3.872150616019659e-16,3.872150616019659e-16,0.00785919999179896,0.005899199997656979,0.015625,0.0,6.78536333615986e-05,6.78536079825255e-05,5.895041727070991,5.895043931975039,2.2049040477867266e-06,0.0,2.323290369611795e-16,2.323290369611795e-16,True,0.014525999999023043,0.015625,,
568,arpack_matvec,central_difference,1.0,0.0020373375775464136,0.15048019243630237,243264782.49781048,336.4446478061245,336.44866477054563,336.44470551685833,336.44872248127956,2,sparse_direct,not_applicable,8.518731355243249e-16,3.872150616019659e-16,0.008253500011051074,0.008817699999781325,0.015625,0.0,6.785362955960921e-05,6.785361146038576e-05,5.8950420573832565,5.8950436298225295,1.572439273012094e-06,2.323290369611795e-16,0.0,2.323290369611795e-16,True,0.018203100000391714,0.015625,,
569,arpack_matvec,central_difference,1.0,0.0020373375775464136,0.11585132078661968,170896891.08852407,336.44464780612446,336.4486605531324,336.44470973427167,336.4487224812795,2,sparse_direct,not_applicable,4.64658073922359e-16,5.421010862427522e-16,0.008848800003761426,0.007797300000675023,0.015625,0.0,6.785363079242978e-05,6.785361099410091e-05,5.8950419502772835,5.89504367033282,1.720055536225118e-06,1.5488602464078636e-16,1.5488602464078636e-16,0.0,True,0.017905500004417263,0.015625,,
570,arpack_matvec,central_difference,1.0,0.0020373375775464136,0.13535309860116326,263829778.65358195,336.4446478061245,336.4487116008098,336.44465868659415,336.44872248127956,2,sparse_direct,not_applicable,3.872150616019659e-16,5.421010862427522e-16,0.0057739000039873645,0.008246600002166815,0.015625,0.0,6.785362285261058e-05,6.785361818182579e-05,5.895042640079321,5.895043045871617,4.057922957656501e-07,0.0,1.5488602464078636e-16,1.5488602464078636e-16,True,0.014970600008382462,0.015625,,
571,arpack_matvec,central_difference,1.0,0.0020373375775464136,0.13262300410741223,214114169.165075,336.4446720362237,336.4487224812795,336.44464780612446,336.44869825118025,2,sparse_direct,not_applicable,3.872150616019659e-16,3.872150616019659e-16,0.007767000002786517,0.005211299998336472,0.015625,0.0,6.785361840978423e-05,6.785362292453818e-05,5.895043026066855,5.895042633830336,3.922365188202548e-07,1.5488602464078636e-16,1.5488602464078636e-16,0.0,True,0.013764500006800517,0.015625,,
572,arpack_matvec,central_difference,1.0,0.0020373375775464136,0.15904923627834924,243697628.3781294,336.444694154578,336.4487224812795,336.44464780612446,336.448676132826,2,sparse_direct,not_applicable,3.872150616019659e-16,3.097720492815727e-16,0.007982499999343418,0.007971999992150813,0.015625,0.0,6.785361518000968e-05,6.785362586106454e-05,5.895043306665904,5.895042378708404,9.279574992859807e-07,1.5488602464078636e-16,0.0,1.5488602464078636e-16,True,0.016861099997186102,0.015625,,
573,arpack_matvec,central_difference,1.0,0.0020373375775464136,0.11912650854657571,184539482.09990463,336.44475236088914,336.44872248127956,336.4446478061245,336.4486179265148,2,sparse_direct,not_applicable,4.64658073922359e-16,6.195440985631454e-16,0.005860599994775839,0.005669200007105246,0.015625,0.0,6.785360695043861e-05,6.785363436651089e-05,5.89504402164157,5.895041639765426,2.3818761434313274e-06,1.5488602464078636e-16,4.64658073922359e-16,6.195440985631454e-16,True,0.011972799999057315,0.015625,,
574,arpack_matvec,central_difference,1.0,0.0020373375775464136,0.13980866790998428,252065721.26749748,336.4447515428916,336.4487224812795,336.44464780612446,336.4486187445124,2,sparse_direct,not_applicable,4.64658073922359e-16,4.64658073922359e-16,0.005216399993514642,0.005090500009828247,0.0,0.015625,6.78536072775508e-05,6.785363368492095e-05,5.895043993222436,5.895041698981136,2.2942413000492934e-06,3.097720492815727e-16,7.744301232039318e-17,3.872150616019659e-16,True,0.01072310000017751,0.015625,,
575,arpack_matvec,central_difference,1.0,0.0020373375775464136,0.14677388639259062,217385124.58871523,336.44476980867324,336.4487224812795,336.44464780612446,336.4486004787307,2,sparse_direct,not_applicable,5.421010862427522e-16,4.64658073922359e-16,0.00804000000061933,0.0063529000035487115,0.0,0.015625,6.785360424844402e-05,6.78536370590353e-05,5.89504425638779,5.895041405842173,2.8505456164396037e-06,2.323290369611795e-16,3.097720492815727e-16,5.421010862427522e-16,True,0.014944599999580532,0.015625,,
576,arpack_matvec,central_difference,1.0,0.0020373375775464136,0.13105526518484037,229360399.48064452,336.44478134764904,336.44872248127956,336.4446478061245,336.44858893975504,2,sparse_direct,not_applicable,2.710505431213761e-16,5.421010862427522e-16,0.005796999990707263,0.0065704000007826835,0.0,0.015625,6.785360223342485e-05,6.785363887108356e-05,5.895044431450377,5.895041248413629,3.1830367479557253e-06,2.323290369611795e-16,0.0,2.323290369611795e-16,True,0.012988700007554144,0.015625,,
577,arpack_matvec,central_difference,1.0,0.0020373375775464136,0.1314118521000175,194440330.8823498,336.444813149238,336.4487224812795,336.44464780612446,336.4485571381661,2,sparse_direct,not_applicable,3.872150616019659e-16,6.195440985631454e-16,0.007595099988975562,0.00505160000466276,0.0,0.0,6.785359706637571e-05,6.785364393489235e-05,5.895044880357812,5.895040808476141,4.071881670952848e-06,2.323290369611795e-16,7.744301232039318e-17,1.5488602464078636e-16,True,0.01324479999311734,0.0,,
578,arpack_matvec,central_difference,1.0,0.0020373375775464136,0.11621350138187654,168667836.11948118,336.4449384569047,336.44872248127956,336.4446478061245,336.4484318304994,2,sparse_direct,not_applicable,5.421010862427522e-16,5.421010862427522e-16,0.0050712999945972115,0.0056785999913699925,0.0,0.015625,6.785357907777553e-05,6.785366215235587e-05,5.895046443187759,5.895039225765828,7.217421931215995e-06,7.744301232039318e-17,0.0,7.744301232039318e-17,True,0.011371100001269951,0.015625,,
579,arpack_matvec,central_difference,1.0,0.0020373375775464136,0.1421549924307114,203655311.3511842,336.44488370066966,336.44872248127956,336.4446478061245,336.4484865867343,2,sparse_direct,not_applicable,3.872150616019659e-16,4.64658073922359e-16,0.005448099997011013,0.007039100004476495,0.0,0.0,6.785358616818664e-05,6.785365467835073e-05,5.895045827180484,5.89503987509789,5.9520825939074484e-06,1.5488602464078636e-16,1.5488602464078636e-16,0.0,True,0.0132372999942163,0.0,,
580,arpack_matvec,central_difference,1.0,0.0020373375775464136,0.1262494888405167,151912726.24155226,336.4449352377517,336.4487224812795,336.44464780612446,336.4484350496524,2,sparse_direct,not_applicable,4.452973208422607e-16,3.1945242582162186e-16,0.006928299990249798,0.0060363000084180385,0.0,0.0,6.78535790482953e-05,6.785366208002868e-05,5.89504644574897,5.895039232049522,7.213699447561339e-06,7.744301232039318e-17,1.5488602464078636e-16,7.744301232039318e-17,True,0.013571299990871921,0.0,,
581,arpack_matvec,central_difference,1.0,0.0020373375775464136,0.15526931955123177,292084595.66384226,336.44489600583194,336.4487224812795,336.44464780612446,336.44847428157215,2,sparse_direct,not_applicable,3.29132802361671e-16,3.872150616019659e-16,0.008158700002240948,0.006948399997781962,0.015625,0.0,6.785358396417094e-05,6.785365680097692e-05,5.8950460186629785,5.895039690686811,6.327976167064264e-06,7.744301232039318e-17,1.5488602464078636e-16,7.744301232039318e-17,True,0.01606259999971371,0.015625,,
582,arpack_matvec,central_difference,1.0,0.0020373375775464136,0.13426094018425155,235001912.84137687,336.4449524232608,336.4487224812795,336.44464780612446,336.44841786414315,2,sparse_direct,not_applicable,4.64658073922359e-16,3.1945242582162186e-16,0.007977500004926696,0.008227799989981577,0.015625,0.015625,6.785357630422678e-05,6.785366461975709e-05,5.895046684150721,5.89503901140118,7.672749540610369e-06,2.323290369611795e-16,7.744301232039318e-17,1.5488602464078636e-16,True,0.016951300000073388,0.03125,,
583,arpack_matvec,central_difference,1.0,0.0020373375775464136,0.1382774583344015,234792836.933819,336.44483130204515,336.44872248127956,336.4446478061245,336.44853898535894,2,sparse_direct,not_applicable,3.872150616019659e-16,5.421010862427522e-16,0.0070146000070963055,0.0071010999963618815,0.0,0.0,6.7853593450222e-05,6.785364746319249e-05,5.895045194525233,5.895040501941797,4.692583435605968e-06,1.5488602464078636e-16,1.5488602464078636e-16,3.097720492815727e-16,True,0.014817700008279644,0.0,,
584,arpack_matvec,central_difference,1.0,0.0020373375775464136,0.14436027910716287,221607128.57828826,336.4447825747389,336.4487224812795,336.44464780612446,336.4485877126651,2,sparse_direct,not_applicable,3.872150616019659e-16,4.64658073922359e-16,0.008210600004531443,0.00650419999146834,0.0,0.015625,6.785360003329882e-05,6.785364103888749e-05,5.895044622594851,5.895041060077479,3.5625173717690473e-06,1.5488602464078636e-16,7.744301232039318e-17,7.744301232039318e-17,True,0.015768500001286156,0.03125,,
585,arpack_matvec,central_difference,1.0,0.0020373375775464136,0.13120165241469295,168079882.15688744,336.4447984291697,336.4487224812795,336.44464780612446,336.4485718582343,2,sparse_direct,not_applicable,6.195440985631454e-16,4.64658073922359e-16,0.006912600001669489,0.006008500000461936,0.0,0.0,6.785359651693356e-05,6.785364490728446e-05,5.895044928092735,5.895040723995916,4.204096818227754e-06,0.0,1.5488602464078636e-16,1.5488602464078636e-16,True,0.013684400008060038,0.0,,
586,arpack_matvec,central_difference,1.0,0.0020373375775464136,0.16149744568244082,283424618.09179795,336.4447573569592,336.4487224812795,336.44464780612446,336.44861293044477,2,sparse_direct,not_applicable,3.097720492815727e-16,3.872150616019659e-16,0.0051660000026458874,0.006350600000587292,0.015625,0.0,6.785360232504198e-05,6.785363860783738e-05,5.895044423490784,5.8950412712841365,3.1522066477052135e-06,1.5488602464078636e-16,0.0,1.5488602464078636e-16,True,0.011972899999818765,0.015625,,
587,arpack_matvec,central_difference,1.0,0.0020373375775464136,0.12352954977421848,203221635.89212552,336.4447998241901,336.44872248127956,336.4446478061245,336.44857046321385,2,sparse_direct,not_applicable,3.872150616019659e-16,3.097720492815727e-16,0.005483700006152503,0.004988000000594184,0.015625,0.0,6.785359355859552e-05,6.785364761368398e-05,5.895045185109861,5.895040488867283,4.6962425779284445e-06,1.5488602464078636e-16,7.744301232039318e-17,7.744301232039318e-17,True,0.011417599991546012,0.015625,,
588,arpack_matvec,central_difference,1.0,0.0020373375775464136,0.16516696377053905,240648238.59702027,336.4447380793316,336.4487224812795,336.44464780612446,336.44863220807235,2,sparse_direct,not_applicable,3.872150616019659e-16,4.64658073922359e-16,0.005894299989449792,0.007990900005097501,0.0,0.015625,6.785360387960893e-05,6.785363707070976e-05,5.895044288431764,5.89504140482791,2.8836038543644804e-06,7.744301232039318e-17,2.323290369611795e-16,3.097720492815727e-16,True,0.014395799997146241,0.015625,,
589,arpack_matvec,central_difference,1.0,0.0020373375775464136,0.13348851924247312,192981901.3455945,336.4447458185689,336.4487224812795,336.44464780612446,336.4486244688352,2,sparse_direct,not_applicable,4.64658073922359e-16,6.195440985631454e-16,0.007639400006155483,0.006629700001212768,0.0,0.015625,6.785360067958482e-05,6.78536404986986e-05,5.8950445664462485,5.895041107008427,3.4594378215402344e-06,3.097720492815727e-16,2.323290369611795e-16,7.744301232039318e-17,True,0.015003900000010617,0.015625,,
590,arpack_matvec,central_difference,1.0,0.0020373375775464136,0.13528896859610753,227445196.65668884,336.444712258212,336.44872248127956,336.4446478061245,336.4486580291921,2,sparse_direct,not_applicable,2.6137016658132697e-16,3.872150616019659e-16,0.008266100005130284,0.005207700000028126,0.0,0.015625,6.78536058919493e-05,6.785363504429924e-05,5.895044113601916,5.895041580879995,2.532721921078007e-06,1.5488602464078636e-16,7.744301232039318e-17,2.323290369611795e-16,True,0.014355599996633828,0.015625,,
591,arpack_matvec,central_difference,1.0,0.0020373375775464136,0.12524708566243878,193527906.21991247,336.4447142524498,336.4487224812795,336.44464780612446,336.4486560349543,2,sparse_direct,not_applicable,3.097720492815727e-16,3.872150616019659e-16,0.005536500000744127,0.007681300005060621,0.0,0.015625,6.78536023238171e-05,6.785363912973429e-05,5.8950444235972,5.895041225942371,3.1976548298118246e-06,1.5488602464078636e-16,7.744301232039318e-17,2.323290369611795e-16,True,0.013652599998749793,0.015625,,
592,arpack_matvec,central_difference,1.0,0.0020373375775464136,0.15164128401421023,254526205.77866206,336.44468115714807,336.44872248127956,336.4446478061245,336.448689130256,2,sparse_direct,not_applicable,3.872150616019659e-16,4.64658073922359e-16,0.006428199994843453,0.006361099993227981,0.0,0.0,6.785360768571122e-05,6.785363323999042e-05,5.895043957761925,5.895041737636163,2.2201257623422066e-06,0.0,2.323290369611795e-16,2.323290369611795e-16,True,0.013456199987558648,0.0,,
593,arpack_matvec,central_difference,1.0,0.0020373375775464136,0.15475327432737504,220661553.70527372,336.4446804811694,336.4487224812795,336.44464780612446,336.44868980623454,2,sparse_direct,not_applicable,5.421010862427522e-16,4.64658073922359e-16,0.005844600003911182,0.0047596000076737255,0.015625,0.0,6.785360590849143e-05,6.785363522676716e-05,5.895044112164754,5.8950415650274035,2.547137350816797e-06,0.0,0.0,0.0,True,0.011006399989128113,0.015625,,
594,arpack_matvec,central_difference,1.0,0.0020373375775464136,0.14741512870044937,225462777.64813772,336.44466791203126,336.4487224812795,336.44464780612446,336.4487023753727,2,sparse_direct,not_applicable,3.097720492815727e-16,3.097720492815727e-16,0.006278600005316548,0.00472260000242386,0.015625,0.0,6.785360736316053e-05,6.785363370681677e-05,5.895043985784761,5.895041697078853,2.288705907460553e-06,1.5488602464078636e-16,7.744301232039318e-17,2.323290369611795e-16,True,0.011393399996450171,0.015625,,
595,arpack_matvec,central_difference,1.0,0.0020373375775464136,0.16224059468551377,265430000.64076135,336.4446573362903,336.44872248127956,336.4446478061245,336.4487129511138,2,sparse_direct,not_applicable,6.195440985631454e-16,3.097720492815727e-16,0.005394000007072464,0.007939899995108135,0.0,0.015625,6.78536078584605e-05,6.785363324388886e-05,5.895043942753665,5.895041737297471,2.2054561936712958e-06,1.5488602464078636e-16,7.744301232039318e-17,2.323290369611795e-16,True,0.013845699999365024,0.015625,,
596,arpack_matvec,central_difference,1.0,0.0020373375775464136,0.12350529736428417,206979773.51543,336.44464780612446,336.44871594717875,336.4446543402253,336.4487224812795,2,sparse_direct,not_applicable,3.3881317890172014e-16,3.581739319818184e-16,0.0059403999912319705,0.0072397999902023,0.0,0.015625,6.785360018717081e-05,6.785364118381167e-05,5.895044609226625,5.895041047486644,3.561739981172707e-06,1.5488602464078636e-16,1.5488602464078636e-16,0.0,True,0.013873899995815009,0.015625,,
597,arpack_matvec,central_difference,1.0,0.0020373375775464136,0.1333510746052519,233245280.2268051,336.4446478061245,336.44871119142175,336.4446590959822,336.44872248127956,2,sparse_direct,not_applicable,3.872150616019659e-16,4.64658073922359e-16,0.00877119999495335,0.007210800002212636,0.0,0.015625,6.785359328161964e-05,6.785364761616336e-05,5.89504520917322,5.895040488651878,4.720521341816664e-06,2.323290369611795e-16,2.323290369611795e-16,4.64658073922359e-16,True,0.01719759999832604,0.015625,,
598,arpack_matvec,central_difference,1.0,0.0020373375775464136,0.15796341524863575,165012098.13201624,336.4446478061245,336.44869986084404,336.44467042656004,336.44872248127956,2,sparse_direct,not_applicable,3.097720492815727e-16,3.872150616019659e-16,0.008342500004800968,0.009006899999803863,0.0,0.015625,6.785357184519498e-05,6.785366963189991e-05,5.8950470715466965,5.895038575952697,8.495593999846562e-06,7.744301232039318e-17,0.0,7.744301232039318e-17,True,0.018452999996952713,0.015625,,
599,arpack_matvec,central_difference,1.0,0.0020373375775464136,0.1345981787901929,231492642.3407611,336.44464780612446,336.44866404419776,336.4447062432063,336.4487224812795,2,sparse_direct,not_applicable,3.872150616019659e-16,3.872150616019659e-16,0.00896229999489151,0.009495799997239374,0.015625,0.0,6.785356789695196e-05,6.785367307020828e-05,5.895047414565924,5.895038277236952,9.137328971675629e-06,7.744301232039318e-17,0.0,7.744301232039318e-17,True,0.01952000000164844,0.015625,,
600,arpack_matvec,central_difference,1.0,0.0020373375775464136,0.16048558467360796,267991930.1036619,336.44464780612446,336.4487046612237,336.44466562618027,336.4487224812795,2,sparse_direct,not_applicable,2.323290369611795e-16,6.195440985631454e-16,0.00514409999595955,0.008726400003070012,0.015625,0.0,6.785355518501043e-05,6.785368569636319e-05,5.895048518966391,5.895037180293349,1.133867304137226e-05,1.5488602464078636e-16,7.744301232039318e-17,7.744301232039318e-17,True,0.014536300004692748,0.015625,,
601,arpack_matvec,central_difference,1.0,0.0020373375775464136,0.15617868361109066,234230531.74170682,336.44464780612446,336.44866418606466,336.4447061013393,336.4487224812795,2,sparse_direct,not_applicable,6.9698711088353855e-16,3.872150616019659e-16,0.009191500008455478,0.010240599993267097,0.015625,0.015625,6.785349458509993e-05,6.785374658621248e-05,5.895053783830269,5.8950318902696806,2.1893560588459593e-05,1.5488602464078636e-16,7.744301232039318e-17,2.323290369611795e-16,True,0.02140759999747388,0.03125,,
602,arpack_matvec,central_difference,1.0,0.0020373375775464136,0.1300732583397341,196843079.2476405,336.4446478061245,336.44858026878103,336.44479001862305,336.44872248127956,2,sparse_direct,not_applicable,3.872150616019659e-16,4.64658073922359e-16,0.008036699990043417,0.007176600003731437,0.0,0.015625,6.78534585333335e-05,6.785378262957434e-05,5.895056915978677,5.895028758878041,2.8157100635972654e-05,1.5488602464078636e-16,1.5488602464078636e-16,3.097720492815727e-16,True,0.015986500002327375,0.015625,,
603,arpack_matvec,central_difference,1.0,0.0020373375775464136,0.13931889082836976,234650205.12458327,336.4446478061245,336.4485833301507,336.44478695725326,336.44872248127956,2,sparse_direct,not_applicable,3.872150616019659e-16,2.323290369611795e-16,0.008795800007646903,0.008032800004002638,0.0,0.015625,6.785350327634499e-05,6.785373774442058e-05,5.895053028742402,5.895032658431419,2.0370310982897877e-05,2.323290369611795e-16,7.744301232039318e-17,1.5488602464078636e-16,True,0.017835499995271675,0.015625,,
604,arpack_matvec,central_difference,1.0,0.0020373375775464136,0.17033645964503524,264728514.48354363,336.4446478061245,336.4487121017028,336.44465818570114,336.44872248127956,2,sparse_direct,not_applicable,4.64658073922359e-16,6.195440985631454e-16,0.008469699998386204,0.009092300009797327,0.0,0.015625,6.78535310317596e-05,6.785371003910226e-05,5.895050617377239,5.895035065429595,1.5551947643466235e-05,7.744301232039318e-17,0.0,7.744301232039318e-17,True,0.018433699995512143,0.015625,,
605,arpack_matvec,central_difference,1.0,0.0020373375775464136,0.1341247139283269,228297733.00822037,336.4446478061245,336.44858255896185,336.44478772844224,336.44872248127956,2,sparse_direct,not_applicable,3.872150616019659e-16,3.872150616019659e-16,0.010604100010823458,0.007903899997472763,0.015625,0.0,6.785351798108793e-05,6.785372349299719e-05,5.895051751207471,5.895033896574325,1.785463314618596e-05,1.5488602464078636e-16,7.744301232039318e-17,2.323290369611795e-16,True,0.019463699994958006,0.015625,,
606,arpack_matvec,central_difference,1.0,0.0020373375775464136,0.16455760196063843,280306983.6278613,336.4446478061245,336.44861995467534,336.44475033272863,336.44872248127956,2,sparse_direct,not_applicable,4.64658073922359e-16,3.872150616019659e-16,0.007865399995353073,0.008379599996260367,0.015625,0.0,6.785356789870806e-05,6.785367308077763e-05,5.895047414413356,5.895038276318702,9.138094654304041e-06,3.872150616019659e-16,2.323290369611795e-16,1.5488602464078636e-16,True,0.017394800001056865,0.015625,,
607,arpack_matvec,central_difference,1.0,0.0020373375775464136,0.11589824709491339,167965672.367231,336.44464780612446,336.4486977630763,336.44467252432776,336.4487224812795,2,sparse_direct,not_applicable,3.872150616019659e-16,3.872150616019659e-16,0.008071199990808964,0.008723099992494099,0.015625,0.015625,6.785357886357223e-05,6.785366244417252e-05,5.895046461797514,5.895039200413172,7.261384341816779e-06,1.5488602464078636e-16,7.744301232039318e-17,7.744301232039318e-17,True,0.0178650000016205,0.03125,,
608,arpack_matvec,central_difference,1.0,0.0020373375775464136,0.13257149107257787,211127594.05557618,336.4446478061245,336.4487198547684,336.44465043263557,336.44872248127956,2,sparse_direct,not_applicable,3.872150616019659e-16,3.872150616019659e-16,0.007932599997729994,0.008484699996188283,0.0,0.015625,6.785360792224107e-05,6.785363343552466e-05,5.895043937212481,5.8950417206483845,2.216564096713114e-06,3.872150616019659e-16,7.744301232039318e-17,3.097720492815727e-16,True,0.017492799990577623,0.015625,,
609,arpack_matvec,central_difference,1.0,0.0020373375775464136,0.12993579302485755,242756204.36709237,336.4446665726322,336.44872248127956,336.4446478061245,336.4487037147719,2,sparse_direct,not_applicable,3.097720492815727e-16,6.195440985631454e-16,0.007631299988133833,0.009161699999822304,0.0,0.015625,6.785363573624738e-05,6.785360540384141e-05,5.89504152076438,5.895044156008175,2.6352437947352314e-06,1.5488602464078636e-16,0.0,1.5488602464078636e-16,True,0.01772420000634156,0.015625,,
610,arpack_matvec,central_difference,1.0,0.0020373375775464136,0.1346863389186158,201773095.59691855,336.44464780612446,336.4487078481445,336.44466243925945,336.4487224812795,2,sparse_direct,not_applicable,3.872150616019659e-16,4.64658073922359e-16,0.00800070000695996,0.007994600004167296,0.0,0.015625,6.78536644700103e-05,6.785357675162223e-05,5.8950390244109885,5.89504664528148,7.620870491109599e-06,1.5488602464078636e-16,7.744301232039318e-17,2.323290369611795e-16,True,0.016804600003524683,0.015625,,
611,arpack_matvec,central_difference,1.0,0.0020373375775464136,0.12483263726134924,191201051.25007907,336.444659456122,336.4487224812795,336.44464780612446,336.44871083128197,2,sparse_direct,not_applicable,3.097720492815727e-16,6.195440985631454e-16,0.007647499995073304,0.007840399994165637,0.0,0.015625,6.785370436917238e-05,6.785353665237116e-05,5.895035558025185,5.895050129063861,1.4571038676081116e-05,7.744301232039318e-17,7.744301232039318e-17,1.5488602464078636e-16,True,0.01631039999483619,0.015625,,
612,arpack_matvec,central_difference,1.0,0.0020373375775464136,0.13558710457664983,171077787.34757447,336.4446478061245,336.44871926754513,336.44465101985895,336.44872248127956,2,sparse_direct,not_applicable,4.64658073922359e-16,3.872150616019659e-16,0.008243400006904267,0.008247900012065656,0.015625,0.0,6.785373139228101e-05,6.78535099519148e-05,5.895033210295988,5.895052448774791,1.9238478802918735e-05,7.744301232039318e-17,7.744301232039318e-17,0.0,True,0.01755770000454504,0.015625,,
613,arpack_matvec,central_difference,1.0,0.0020373375775464136,0.12421248215502831,193556575.48266333,336.4446478061245,336.44868953107317,336.4446807563309,336.44872248127956,2,sparse_direct,not_applicable,4.64658073922359e-16,4.64658073922359e-16,0.006582300004083663,0.0065704000007826835,0.015625,0.0,6.785371766053288e-05,6.78535233704308e-05,5.895034403290478,5.895051282986315,1.6879695836635733e-05,1.5488602464078636e-16,1.5488602464078636e-16,3.097720492815727e-16,True,0.014049399993382394,0.015625,,
614,arpack_matvec,central_difference,1.0,0.0020373375775464136,0.1170434119542381,174356639.9248232,336.44471812352424,336.4487224812795,336.44464780612446,336.44865216387984,2,sparse_direct,not_applicable,5.421010862427522e-16,3.097720492815727e-16,0.006116699994890951,0.007117000001017004,0.0,0.015625,6.785379476650074e-05,6.785344663517953e-05,5.89502770444136,5.895057949681434,3.024524007422258e-05,1.5488602464078636e-16,0.0,1.5488602464078636e-16,True,0.013760599991655909,0.015625,,
615,arpack_matvec,central_difference,1.0,0.0020373375775464136,0.15458961449519792,228675523.3714124,336.44464780612446,336.4486791884599,336.4446910989442,336.4487224812795,2,sparse_direct,not_applicable,3.097720492815727e-16,3.097720492815727e-16,0.009040399992954917,0.006877399995573796,0.0,0.015625,6.785374532405737e-05,6.785349563998412e-05,5.895031999923828,5.895053692182831,2.1692259003280867e-05,2.323290369611795e-16,0.0,2.323290369611795e-16,True,0.01660200000333134,0.015625,,
616,arpack_matvec,central_difference,1.0,0.0020373375775464136,0.14601637806631929,193251119.9925311,336.4446478061245,336.44868443151205,336.44468585589203,336.44872248127956,2,sparse_direct,not_applicable,5.421010862427522e-16,4.64658073922359e-16,0.005563600003370084,0.006131000001914799,0.0,0.015625,6.785374454083354e-05,6.785349655171495e-05,5.895032067969145,5.895053612972437,2.1545003292544607e-05,0.0,7.744301232039318e-17,7.744301232039318e-17,True,0.012358099993434735,0.015625,,
617,arpack_matvec,central_difference,1.0,0.0020373375775464136,0.12829431541941647,203156220.65324634,336.4446478061245,336.44868296082154,336.44468732658254,336.44872248127956,2,sparse_direct,not_applicable,3.872150616019659e-16,4.64658073922359e-16,0.008413000003201887,0.005588300002273172,0.0,0.015625,6.785372696150648e-05,6.78535140585715e-05,5.895033595235241,5.895052091992141,1.8496756899466504e-05,1.5488602464078636e-16,7.744301232039318e-17,2.323290369611795e-16,True,0.014871199993649498,0.015625,,
618,arpack_matvec,central_difference,1.0,0.0020373375775464136,0.11506049037043672,192911358.6680493,336.4446603978561,336.4487224812795,336.44464780612446,336.44870988954796,2,sparse_direct,not_applicable,6.195440985631454e-16,3.872150616019659e-16,0.005425600000307895,0.005750700001954101,0.0,0.0,6.785374947696705e-05,6.785349227549314e-05,5.895031639125263,5.895053984486945,2.2345361681885834e-05,2.323290369611795e-16,1.5488602464078636e-16,3.872150616019659e-16,True,0.01161359999969136,0.0,,
619,arpack_matvec,central_difference,1.0,0.0020373375775464136,0.10097543918322034,177272548.56195605,336.44472128791494,336.44872248127956,336.4446478061245,336.44864899948914,2,sparse_direct,not_applicable,3.097720492815727e-16,5.421010862427522e-16,0.0060713999992003664,0.00586200000543613,0.015625,0.0,6.785372371284896e-05,6.785351741919819e-05,5.89503387747392,5.89505180002394,1.792255002008858e-05,7.744301232039318e-17,2.323290369611795e-16,1.5488602464078636e-16,True,0.012560700008179992,0.015625,,
620,arpack_matvec,central_difference,1.0,0.0020373375775464136,0.13879636895100414,189822009.22893724,336.4447045095557,336.44872248127956,336.4446478061245,336.44866577784825,2,sparse_direct,not_applicable,3.872150616019659e-16,3.872150616019659e-16,0.007503300003008917,0.007677200002945028,0.015625,0.0,6.78536748116485e-05,6.785356631443338e-05,5.895038125942911,5.895047552053495,9.426110584520586e-06,7.744301232039318e-17,7.744301232039318e-17,0.0,True,0.016169799986528233,0.015625,,
621,arpack_matvec,central_difference,1.0,0.0020373375775464136,0.11312594132898451,186495534.75637785,336.44473614277797,336.4487224812795,336.44464780612446,336.448634144626,2,sparse_direct,not_applicable,3.872150616019659e-16,5.421010862427522e-16,0.007044999991194345,0.008479000010993332,0.015625,0.0,6.78536774137683e-05,6.785356414868307e-05,5.895037899874169,5.895047740211646,9.840337476418881e-06,7.744301232039318e-17,7.744301232039318e-17,0.0,True,0.016260200005490333,0.015625,,
622,arpack_matvec,central_difference,1.0,0.0020373375775464136,0.152219108419243,253722058.4573075,336.4447092965416,336.4487224812795,336.44464780612446,336.4486609908625,2,sparse_direct,not_applicable,3.097720492815727e-16,3.097720492815727e-16,0.005126899995957501,0.00837860000319779,0.015625,0.0,6.785364001560863e-05,6.785360103746097e-05,5.895041148978692,5.895044535354371,3.3863756794261235e-06,0.0,1.5488602464078636e-16,1.5488602464078636e-16,True,0.01456940000934992,0.015625,,
623,arpack_matvec,central_difference,1.0,0.0020373375775464136,0.12121965212986814,221034063.6564558,336.4446478061245,336.44864916809627,336.4447211193077,336.44872248127956,2,sparse_direct,not_applicable,5.421010862427522e-16,3.96895438142015e-16,0.007921600001282059,0.008933400007663295,0.015625,0.0,6.78536274859882e-05,6.785361373153792e-05,5.8950422375369715,5.8950434325074506,1.1949704790126248e-06,1.5488602464078636e-16,7.744301232039318e-17,2.323290369611795e-16,True,0.017773600004147738,0.015625,,
624,arpack_matvec,central_difference,1.0,0.0020373375775464136,0.12053166374247846,235823771.119565,336.4446478061245,336.4486140965379,336.4447561908661,336.44872248127956,2,sparse_direct,not_applicable,3.097720492815727e-16,3.097720492815727e-16,0.00825409998651594,0.008486999999149702,0.0,0.015625,6.785360322410916e-05,6.785363798474168e-05,5.8950443453808425,5.89504132541793,3.019962912631513e-06,0.0,2.323290369611795e-16,2.323290369611795e-16,True,0.017938400007551536,0.03125,,
625,arpack_matvec,central_difference,1.0,0.0020373375775464136,0.12286646663083843,207007945.1037818,336.44464780612446,336.44858705683004,336.44478323057405,336.4487224812795,2,sparse_direct,not_applicable,3.872150616019659e-16,3.872150616019659e-16,0.007676999986870214,0.007673299987800419,0.0,0.015625,6.785358636453908e-05,6.785365508815431e-05,5.895045810121597,5.895039839494672,5.970626925311251e-06,2.323290369611795e-16,1.5488602464078636e-16,7.744301232039318e-17,True,0.016302800009725615,0.015625,,
626,arpack_matvec,central_difference,1.0,0.0020373375775464136,0.14712055132744253,215614723.23464367,336.4446766563997,336.4487224812795,336.44464780612446,336.4486936310043,2,sparse_direct,not_applicable,4.64658073922359e-16,5.421010862427522e-16,0.007698599991272204,0.006477899994933978,0.0,0.015625,6.785358780091599e-05,6.78536532227978e-05,5.895045685330735,5.895040001554494,5.683776240772431e-06,5.421010862427522e-16,7.744301232039318e-17,4.64658073922359e-16,True,0.015068299995618872,0.015625,,
627,arpack_matvec,central_difference,1.0,0.0020373375775464136,0.13619392547902043,183324998.63818395,336.44464780612446,336.448579409225,336.4447908781791,336.4487224812795,2,sparse_direct,not_applicable,3.872150616019659e-16,4.64658073922359e-16,0.0058572999987518415,0.0058163999929092824,0.0,0.0,6.785356927810887e-05,6.785367225154103e-05,5.895047294572451,5.895038348361692,8.946210758864481e-06,7.744301232039318e-17,0.0,7.744301232039318e-17,True,0.01208470000710804,0.0,,
628,arpack_matvec,central_difference,1.0,0.0020373375775464136,0.1431057006890943,266998876.04548746,336.4446478061245,336.448606745845,336.444763541559,336.44872248127956,2,sparse_direct,not_applicable,3.872150616019659e-16,3.097720492815727e-16,0.006965299995499663,0.005943600001046434,0.015625,0.0,6.785356821480672e-05,6.785367294484623e-05,5.895047386951033,5.8950382881282435,9.098822789432859e-06,0.0,7.744301232039318e-17,7.744301232039318e-17,True,0.013537100006942637,0.015625,,
629,arpack_matvec,central_difference,1.0,0.0020373375775464136,0.11194573236213619,189943414.6671883,336.44464780612446,336.44870111147554,336.4446691759284,336.4487224812795,2,sparse_direct,not_applicable,3.872150616019659e-16,3.097720492815727e-16,0.005691400001524016,0.005358399997930974,0.015625,0.0,6.785354229122159e-05,6.785369926536389e-05,5.89504963916599,5.895036001437008,1.36377289816636e-05,7.744301232039318e-17,0.0,7.744301232039318e-17,True,0.01153129999875091,0.015625,,
630,arpack_matvec,central_difference,1.0,0.0020373375775464136,0.12520470367026468,227203931.69877988,336.44464780612446,336.44859128796054,336.44477899944343,336.4487224812795,2,sparse_direct,not_applicable,4.64658073922359e-16,3.3881317890172014e-16,0.005626199999824166,0.008499000003212132,0.0,0.015625,6.785352805541846e-05,6.78537132857808e-05,5.895050875958954,5.895034783362736,1.6092596217376354e-05,2.323290369611795e-16,4.64658073922359e-16,2.323290369611795e-16,True,0.014568099999451078,0.015625,,
631,arpack_matvec,central_difference,1.0,0.0020373375775464136,0.129273448862113,169796590.96571067,336.44464780612446,336.4485291422173,336.4448411451868,336.4487224812795,2,sparse_direct,not_applicable,3.872150616019659e-16,5.421010862427522e-16,0.005409200006397441,0.0047882999933790416,0.0,0.015625,6.785352367058071e-05,6.785371770990403e-05,5.895051256909569,5.895034399001183,1.6857908385681242e-05,7.744301232039318e-17,3.097720492815727e-16,2.323290369611795e-16,True,0.010573899999144487,0.015625,,
632,arpack_matvec,central_difference,1.0,0.0020373375775464136,0.14267002054672842,225188276.99330205,336.4446478061245,336.44870365265746,336.4446666347465,336.44872248127956,2,sparse_direct,not_applicable,3.872150616019659e-16,4.64658073922359e-16,0.005384100004448555,0.006281800000579096,0.0,0.0,6.785355024659116e-05,6.785369089018109e-05,5.895048948011314,5.895036729061453,1.2218949860809403e-05,1.5488602464078636e-16,0.0,1.5488602464078636e-16,True,0.012123699998483062,0.0,,
633,arpack_matvec,central_difference,1.0,0.0020373375775464136,0.13385571958477044,242339014.2105513,336.44464780612446,336.44870881799653,336.44466146940744,336.4487224812795,2,sparse_direct,not_applicable,2.323290369611795e-16,5.421010862427522e-16,0.006262199996854179,0.006491899999673478,0.015625,0.0,6.785355037666884e-05,6.785369101286004e-05,5.895048936710293,5.895036718403272,1.2218307021250041e-05,0.0,7.744301232039318e-17,7.744301232039318e-17,True,0.01343889998679515,0.015625,,
634,arpack_matvec,central_difference,1.0,0.0020373375775464136,0.12689652243469263,194111206.4787595,336.44464780612446,336.44872069118264,336.4446495962213,336.4487224812795,2,sparse_direct,not_applicable,4.64658073922359e-16,3.872150616019659e-16,0.005669799997122027,0.00916960000176914,0.015625,0.0,6.7853567655534e-05,6.78536737847062e-05,5.895047435540065,5.89503821516231,9.220377755525533e-06,2.323290369611795e-16,2.323290369611795e-16,0.0,True,0.015613499999744818,0.015625,,
635,arpack_matvec,central_difference,1.0,0.0020373375775464136,0.1504363298098578,261229999.65579975,336.4446733019862,336.4487224812795,336.44464780612446,336.4486969854179,2,sparse_direct,not_applicable,4.64658073922359e-16,4.64658073922359e-16,0.004872899997280911,0.0056822999904397875,0.015625,0.0,6.785360386645863e-05,6.785363715540515e-05,5.895044289574248,5.895041397469678,2.8921045700514014e-06,1.5488602464078636e-16,1.5488602464078636e-16,0.0,True,0.010936699996818788,0.015625,,
636,arpack_matvec,central_difference,1.0,0.0020373375775464136,0.14628184459833665,263716355.04810885,336.4446881015189,336.4487224812795,336.44464780612446,336.44868218588516,2,sparse_direct,not_applicable,6.195440985631454e-16,5.421010862427522e-16,0.005365899996832013,0.006826600001659244,0.0,0.015625,6.785362447715932e-05,6.7853616644047e-05,5.895042498940448,5.895043179472044,6.80531595520506e-07,1.5488602464078636e-16,1.5488602464078636e-16,3.097720492815727e-16,True,0.012692599993897602,0.015625,,
637,arpack_matvec,central_difference,1.0,0.0020373375775464136,0.12026018739872237,247814401.53844172,336.4446478061245,336.4487075710036,336.4446627164005,336.44872248127956,2,sparse_direct,not_applicable,3.872150616019659e-16,5.421010862427522e-16,0.009242600004654378,0.0062209000025177374,0.015625,0.0,6.785364907362578e-05,6.785359222171605e-05,5.895040362029359,5.8950453012564745,4.939227115308142e-06,7.744301232039318e-17,0.0,7.744301232039318e-17,True,0.016247899999143556,0.015625,,
638,arpack_matvec,central_difference,1.0,0.0020373375775464136,0.13206684639449978,220919846.18366587,336.4447084872447,336.44872248127956,336.4446478061245,336.44866180015924,2,sparse_direct,not_applicable,5.033795800825557e-16,3.097720492815727e-16,0.009429300000192598,0.0071176000055857,0.015625,0.0,6.785366325541152e-05,6.785357780898888e-05,5.895039129933768,5.895046553418591,7.423484822410842e-06,7.744301232039318e-17,4.64658073922359e-16,3.872150616019659e-16,True,0.017259400003240444,0.015625,,
639,arpack_matvec,central_difference,1.0,0.0020373375775464136,0.1226637579812645,179497700.42957437,336.44468236652153,336.4487224812795,336.44464780612446,336.44868792088243,2,sparse_direct,not_applicable,6.195440985631454e-16,6.9698711088353855e-16,0.007588799999211915,0.005116600004839711,0.015625,0.0,6.785368146891995e-05,6.785355951781182e-05,5.895037547567969,5.895048142536996,1.05949690265561e-05,7.744301232039318e-17,7.744301232039318e-17,0.0,True,0.013122100004693493,0.015625,,
640,arpack_matvec,central_difference,1.0,0.0020373375775464136,0.14008921754900144,219157291.4254961,336.4447084098392,336.44872248127956,336.4446478061245,336.44866187756475,2,sparse_direct,not_applicable,3.872150616019659e-16,4.64658073922359e-16,0.006031699987943284,0.004999099997803569,0.0,0.015625,6.785368637518388e-05,6.785355482321113e-05,5.895037121318319,5.89504855039915,1.1429080831071303e-05,1.5488602464078636e-16,7.744301232039318e-17,2.323290369611795e-16,True,0.011705599987180904,0.015625,,
641,arpack_matvec,central_difference,1.0,0.0020373375775464136,0.1330016722848718,235002949.59822702,336.44471493652026,336.44872248127956,336.4446478061245,336.4486553508838,2,sparse_direct,not_applicable,3.872150616019659e-16,3.097720492815727e-16,0.007614100002683699,0.0064729000005172566,0.0,0.0,6.785369294470635e-05,6.785354821201568e-05,5.895036550567087,5.895049124773213,1.2574206126103604e-05,2.323290369611795e-16,7.744301232039318e-17,3.097720492815727e-16,True,0.014948900003219023,0.015625,,
642,arpack_matvec,central_difference,1.0,0.0020373375775464136,0.14558517006104169,223251367.9516714,336.4447160814364,336.4487224812795,336.44464780612446,336.44865420596756,2,sparse_direct,not_applicable,3.872150616019659e-16,3.581739319818184e-16,0.008213399996748194,0.006379900005413219,0.015625,0.0,6.785369462928836e-05,6.78535463683422e-05,5.895036404212897,5.895049284949745,1.2880736847797891e-05,7.744301232039318e-17,2.323290369611795e-16,3.097720492815727e-16,True,0.015572099990095012,0.015625,,
643,arpack_matvec,central_difference,1.0,0.0020373375775464136,0.15578296730927216,212349958.31167886,336.44470795130246,336.44872248127956,336.4446478061245,336.4486623361015,2,sparse_direct,not_applicable,6.195440985631454e-16,5.421010862427522e-16,0.007328299994696863,0.008161899997503497,0.0,0.0,6.785371314028907e-05,6.785352804406194e-05,5.895034796002853,5.895050876945597,1.6080942744522986e-05,3.872150616019659e-16,7.744301232039318e-17,3.097720492815727e-16,True,0.01635849999729544,0.0,,
644,arpack_matvec,central_difference,1.0,0.0020373375775464136,0.14174598513389045,203640334.31957346,336.4447273901062,336.4487224812795,336.44464780612446,336.44864289729776,2,sparse_direct,not_applicable,6.195440985631454e-16,3.872150616019659e-16,0.008222699994803406,0.00783029999001883,0.0,0.015625,6.78537227741657e-05,6.78535182221963e-05,5.895033959025371,5.895051730260195,1.7771234824159876e-05,7.744301232039318e-17,2.323290369611795e-16,3.097720492815727e-16,True,0.017080999998142943,0.015625,,
645,arpack_matvec,central_difference,1.0,0.0020373375775464136,0.15102217681303112,160408885.546792,336.4447112926867,336.4487224812795,336.44464780612446,336.4486589947174,2,sparse_direct,not_applicable,4.64658073922359e-16,3.872150616019659e-16,0.009315200004493818,0.005159799999091774,0.0,0.015625,6.785372289207463e-05,6.785351822286741e-05,5.895033948781613,5.8950517302018905,1.778142027752949e-05,3.097720492815727e-16,2.323290369611795e-16,5.421010862427522e-16,True,0.015295499993953854,0.015625,,
646,arpack_matvec,central_difference,1.0,0.0020373375775464136,0.13900072583976356,197100254.62743527,336.4447357476162,336.4487224812795,336.44464780612446,336.44863453978775,2,sparse_direct,not_applicable,5.421010862427522e-16,3.097720492815727e-16,0.008087199996225536,0.007499300001654774,0.0,0.015625,6.785375587304004e-05,6.785348522851388e-05,5.8950310834441195,5.895054596722604,2.351327848426621e-05,1.5488602464078636e-16,0.0,1.5488602464078636e-16,True,0.01622569999017287,0.015625,,
647,arpack_matvec,central_difference,1.0,0.0020373375775464136,0.13514116704167856,197731932.86288616,336.4447340533271,336.44872248127956,336.4446478061245,336.44863623407684,2,sparse_direct,not_applicable,3.872150616019659e-16,3.872150616019659e-16,0.008037999999942258,0.007742000001599081,0.0,0.015625,6.785375133343662e-05,6.785348969499627e-05,5.8950314778379855,5.895054208678339,2.2730840353091253e-05,0.0,7.744301232039318e-17,7.744301232039318e-17,True,0.016763300009188242,0.015625,,
648,arpack_matvec,central_difference,1.0,0.0020373375775464136,0.14957574870325954,170616167.83582118,336.4447388254903,336.44872248127956,336.4446478061245,336.4486314619138,2,sparse_direct,not_applicable,4.64658073922359e-16,3.872150616019659e-16,0.008106900000711903,0.007944800003315322,0.0,0.015625,6.785372232668848e-05,6.78535187548937e-05,5.89503399790155,5.895051683979933,1.768607838315006e-05,1.5488602464078636e-16,2.323290369611795e-16,7.744301232039318e-17,True,0.01736420000088401,0.015625,,
649,arpack_matvec,central_difference,1.0,0.0020373375775464136,0.13119519642282038,186982563.4267703,336.44475638027376,336.4487224812795,336.44464780612446,336.4486139071303,2,sparse_direct,not_applicable,3.872150616019659e-16,3.097720492815727e-16,0.0088672999991104,0.00806429999647662,0.0,0.015625,6.785370732182217e-05,6.78535337850656e-05,5.895035301503085,5.895050378172626,1.5076669541258525e-05,2.323290369611795e-16,3.097720492815727e-16,5.421010862427522e-16,True,0.017653500006417744,0.015625,,
650,arpack_matvec,central_difference,1.0,0.0020373375775464136,0.1356442828399723,200203870.75645885,336.4447151512382,336.44872248127956,336.4446478061245,336.44865513616577,2,sparse_direct,not_applicable,3.4849355544176928e-16,3.097720492815727e-16,0.007348600003751926,0.005665699995006435,0.0,0.015625,6.78537018984494e-05,6.78535396228591e-05,5.895035772678172,5.895049870990732,1.409831256005134e-05,3.872150616019659e-16,7.744301232039318e-17,3.097720492815727e-16,True,0.013748299999861047,0.015625,,
651,arpack_matvec,central_difference,1.0,0.0020373375775464136,0.1297019914712356,183702934.6983744,336.4447027631281,336.44872248127956,336.4446478061245,336.448667524276,2,sparse_direct,not_applicable,5.421010862427522e-16,3.097720492815727e-16,0.008556300002965145,0.007942399999592453,0.0,0.015625,6.785366546681904e-05,6.785357555217752e-05,5.895038937809529,5.895046749487963,7.811678433888858e-06,1.5488602464078636e-16,7.744301232039318e-17,7.744301232039318e-17,True,0.017247000010684133,0.015625,,
652,arpack_matvec,central_difference,1.0,0.0020373375775464136,0.13666410367402246,212337154.75422725,336.4446640945496,336.44872248127956,336.4446478061245,336.4487061928544,2,sparse_direct,not_applicable,5.421010862427522e-16,3.097720492815727e-16,0.007480599990230985,0.007917700000689365,0.0,0.0,6.78536382463331e-05,6.785360307750428e-05,5.895041302691187,5.895044358117709,3.055426522458049e-06,2.323290369611795e-16,0.0,2.323290369611795e-16,True,0.016405499991378747,0.015625,,
653,arpack_matvec,central_difference,1.0,0.0020373375775464136,0.11981113913816176,236755841.2642219,336.4446478061245,336.44869516003985,336.44467512736423,336.44872248127956,2,sparse_direct,not_applicable,3.872150616019659e-16,5.421010862427522e-16,0.006526600001961924,0.0047879999910946935,0.015625,0.0,6.785361610825754e-05,6.785362525691063e-05,5.8950432260208085,5.895042431196578,7.948242304323117e-07,7.744301232039318e-17,0.0,7.744301232039318e-17,True,0.011948200000915676,0.015625,,
654,arpack_matvec,central_difference,1.0,0.0020373375775464136,0.14169647782270545,279233324.5377931,336.4446478061245,336.4487033904432,336.44466689696077,336.44872248127956,2,sparse_direct,not_applicable,5.421010862427522e-16,3.872150616019659e-16,0.005701399990357459,0.005430299992440268,0.0,0.015625,6.785359325642802e-05,6.785364793419888e-05,5.89504521136184,5.895040461021348,4.7503404916326986e-06,7.744301232039318e-17,7.744301232039318e-17,0.0,True,0.011553999996976927,0.015625,,
655,arpack_matvec,central_difference,1.0,0.0020373375775464136,0.14143514320209913,254514205.02770934,336.4446478061245,336.44867984191274,336.44469044549123,336.44872248127956,2,sparse_direct,not_applicable,3.872150616019659e-16,3.097720492815727e-16,0.005000000004656613,0.005989400000544265,0.0,0.0,6.785356924069148e-05,6.785367177197758e-05,5.8950472978232344,5.8950383900255385,8.907797695911768e-06,3.097720492815727e-16,7.744301232039318e-17,2.323290369611795e-16,True,0.011424199998145923,0.0,,
656,arpack_matvec,central_difference,1.0,0.0020373375775464136,0.12501684346110403,198424982.89073154,336.44464780612446,336.44863064259295,336.444739644811,336.4487224812795,2,sparse_direct,not_applicable,6.195440985631454e-16,3.097720492815727e-16,0.008461899997200817,0.006503199998405762,0.015625,0.0,6.785351339087258e-05,6.785372792087553e-05,5.89505215000122,5.895033511886648,1.8638114571700726e-05,7.744301232039318e-17,4.64658073922359e-16,3.872150616019659e-16,True,0.016141700005391613,0.015625,,
657,arpack_matvec,central_difference,1.0,0.0020373375775464136,0.1450318702853162,226138317.42315507,336.44464780612446,336.44860390140536,336.4447663859987,336.4487224812795,2,sparse_direct,not_applicable,3.4849355544176928e-16,3.097720492815727e-16,0.007106799996108748,0.005881000004592352,0.015625,0.0,6.785352226054628e-05,6.785371884960811e-05,5.895051379412056,5.8950342999853165,1.707942673956353e-05,2.323290369611795e-16,0.0,2.323290369611795e-16,True,0.013488999989931472,0.015625,,
658,arpack_matvec,central_difference,1.0,0.0020373375775464136,0.13943926882095922,247690197.09802866,336.4446478061245,336.44863596553745,336.4447343218665,336.44872248127956,2,sparse_direct,not_applicable,3.872150616019659e-16,3.872150616019659e-16,0.009352799999760464,0.006935000012163073,0.015625,0.0,6.785353180127697e-05,6.785370925267225e-05,5.895050550522297,5.895035133753532,1.5416768765597055e-05,1.5488602464078636e-16,2.323290369611795e-16,7.744301232039318e-17,True,0.017225600007805042,0.015625,,
659,arpack_matvec,central_difference,1.0,0.0020373375775464136,0.14272613592838634,173108086.82269815,336.44464780612446,336.44864157411837,336.4447287132857,336.4487224812795,2,sparse_direct,not_applicable,3.1945242582162186e-16,4.64658073922359e-16,0.005860500008566305,0.0064968999940901995,0.015625,0.0,6.785352760971381e-05,6.785371375525992e-05,5.895050914681355,5.895034742575053,1.617210630211474e-05,7.744301232039318e-17,1.5488602464078636e-16,7.744301232039318e-17,True,0.012963500004843809,0.015625,,
660,arpack_matvec,central_difference,1.0,0.0020373375775464136,0.13071834244240818,190279882.72477394,336.44464780612446,336.4486251163396,336.44474517106437,336.4487224812795,2,sparse_direct,not_applicable,3.097720492815727e-16,5.421010862427522e-16,0.007514499986427836,0.006592899997485802,0.015625,0.0,6.785352713718282e-05,6.785371408343041e-05,5.895050955734406,5.8950347140640655,1.6241670340200187e-05,2.323290369611795e-16,7.744301232039318e-17,3.097720492815727e-16,True,0.01503160000720527,0.015625,,
661,arpack_matvec,central_difference,1.0,0.0020373375775464136,0.13785929809580313,191007246.61970168,336.44464780612446,336.4486516573176,336.44471863008636,336.4487224812795,2,sparse_direct,not_applicable,5.421010862427522e-16,3.872150616019659e-16,0.006507700003567152,0.005710900004487485,0.015625,0.0,6.785353644627216e-05,6.785370484592516e-05,5.895050146969544,5.895035516605566,1.463036397808537e-05,7.744301232039318e-17,1.5488602464078636e-16,2.323290369611795e-16,True,0.012752599999657832,0.015625,,
662,arpack_matvec,central_difference,1.0,0.0020373375775464136,0.12881481833068426,208360875.55510417,336.44464780612446,336.4486036022432,336.44476668516074,336.4487224812795,2,sparse_direct,not_applicable,6.195440985631454e-16,3.097720492815727e-16,0.005601200013188645,0.004716399998869747,0.0,0.015625,6.785350185358723e-05,6.78537392997074e-05,5.895053152350354,5.895032523310397,2.0629039957142936e-05,0.0,7.744301232039318e-17,7.744301232039318e-17,True,0.010771099987323396,0.015625,,
663,arpack_matvec,central_difference,1.0,0.0020373375775464136,0.1372239885277555,171316800.39496312,336.44464780612446,336.4485867395828,336.44478354782126,336.4487224812795,2,sparse_direct,not_applicable,4.64658073922359e-16,6.9698711088353855e-16,0.006283200011239387,0.007138800006941892,0.0,0.015625,6.785348948488421e-05,6.785375172783474e-05,5.8950542269326975,5.895031443573272,2.2783359425737615e-05,1.5488602464078636e-16,7.744301232039318e-17,2.323290369611795e-16,True,0.014097499995841645,0.015625,,
664,arpack_matvec,central_difference,1.0,0.0020373375775464136,0.15982640996437703,267856085.24670875,336.4446478061245,336.448632824563,336.444737462841,336.44872248127956,2,sparse_direct,not_applicable,3.097720492815727e-16,3.097720492815727e-16,0.006209800005308352,0.0074511999991955236,0.0,0.015625,6.785352041243407e-05,6.785372053790464e-05,5.895051539974344,5.895034153308526,1.7386665818186486e-05,3.097720492815727e-16,7.744301232039318e-17,3.872150616019659e-16,True,0.014998900005593896,0.015625,,
665,arpack_matvec,central_difference,1.0,0.0020373375775464136,0.13476391742808264,207630500.21780828,336.4446478061245,336.4485951916957,336.4447750957083,336.44872248127956,2,sparse_direct,not_applicable,5.421010862427522e-16,3.097720492815727e-16,0.005244399988441728,0.007984599986230023,0.0,0.0,6.785349180560532e-05,6.785374943909682e-05,5.895054025310403,5.895031642415372,2.2382895030759187e-05,7.744301232039318e-17,7.744301232039318e-17,0.0,True,0.01370560000941623,0.0,,
666,arpack_matvec,central_difference,1.0,0.0020373375775464136,0.1410155083013366,182331395.85605326,336.44464780612446,336.4486330487257,336.4447372386783,336.4487224812795,2,sparse_direct,not_applicable,3.29132802361671e-16,3.872150616019659e-16,0.0050906000105896965,0.006286099989665672,0.0,0.0,6.785351707620278e-05,6.785372418779701e-05,5.8950518298230685,5.895033836211116,1.7993611952427102e-05,1.5488602464078636e-16,7.744301232039318e-17,2.323290369611795e-16,True,0.011864200001582503,0.015625,,
667,arpack_matvec,central_difference,1.0,0.0020373375775464136,0.14028845557271202,247011305.23037246,336.4446478061245,336.44868300392034,336.44468728348363,336.44872248127956,2,sparse_direct,not_applicable,3.872150616019659e-16,4.64658073922359e-16,0.005737100000260398,0.004719100004876964,0.015625,0.0,6.785356653703682e-05,6.785367451281088e-05,5.895047532713939,5.8950381519055295,9.380808409176211e-06,3.097720492815727e-16,1.5488602464078636e-16,4.64658073922359e-16,True,0.011171500009368174,0.015625,,
668,arpack_matvec,central_difference,1.0,0.0020373375775464136,0.13818979168281323,269982663.72924995,336.4446478061245,336.4487032159875,336.44466707141646,336.44872248127956,2,sparse_direct,not_applicable,3.097720492815727e-16,4.64658073922359e-16,0.006195500012836419,0.004688799992436543,0.0,0.015625,6.785358619293797e-05,6.785365501266562e-05,5.895045825030115,5.8950398460530335,5.9789770814333565e-06,2.323290369611795e-16,1.5488602464078636e-16,7.744301232039318e-17,True,0.011280599996098317,0.015625,,
669,arpack_matvec,central_difference,1.0,0.0020373375775464136,0.11277520089221968,233687624.4577338,336.4446478061245,336.4487037342319,336.44466655317217,336.44872248127956,2,sparse_direct,not_applicable,6.195440985631454e-16,3.872150616019659e-16,0.0049144999939017,0.00593460000527557,0.0,0.0,6.785359902853264e-05,6.785364228921406e-05,5.89504470988781,5.8950409514506426,3.7584371677112927e-06,2.323290369611795e-16,0.0,2.323290369611795e-16,True,0.011298199999146163,0.0,,
670,arpack_matvec,central_difference,1.0,0.0020373375775464136,0.13453030270236185,210521952.26427865,336.44465877330833,336.44872248127956,336.4446478061245,336.44871151409563,2,sparse_direct,not_applicable,4.64658073922359e-16,5.421010862427522e-16,0.008135199997923337,0.008147700005793013,0.015625,0.0,6.785361900449999e-05,6.78536221890942e-05,5.8950429743986446,5.895042697724842,2.766738029791327e-07,1.5488602464078636e-16,1.5488602464078636e-16,0.0,True,0.01720980000391137,0.03125,,
671,arpack_matvec,central_difference,1.0,0.0020373375775464136,0.10354607835461946,181106328.51270032,336.44468951635855,336.4487224812795,336.44464780612446,336.4486807710454,2,sparse_direct,not_applicable,4.64658073922359e-16,4.64658073922359e-16,0.00864289999299217,0.006746200000634417,0.0,0.015625,6.785364508272814e-05,6.785359589917751e-05,5.895040708753587,5.895044981762693,4.273009105659753e-06,7.744301232039318e-17,1.5488602464078636e-16,7.744301232039318e-17,True,0.016242800003965385,0.015625,,
672,arpack_matvec,central_difference,1.0,0.0020373375775464136,0.15033104938066819,205809485.2281767,336.4446921923389,336.44872248127956,336.4446478061245,336.4486780950651,2,sparse_direct,not_applicable,5.421010862427522e-16,3.097720492815727e-16,0.007688900004723109,0.007402500006719492,0.0,0.015625,6.785365751112407e-05,6.785358382414706e-05,5.895039628990128,5.8950460308281025,6.401837974401303e-06,7.744301232039318e-17,7.744301232039318e-17,1.5488602464078636e-16,True,0.01579019999189768,0.015625,,
673,arpack_matvec,central_difference,1.0,0.0020373375775464136,0.126279378914705,252298469.1475562,336.4447026899213,336.4487224812795,336.44464780612446,336.44866759748277,2,sparse_direct,not_applicable,4.64658073922359e-16,3.097720492815727e-16,0.009183899994241074,0.00826279999455437,0.0,0.015625,6.785367161007008e-05,6.785356943317294e-05,5.89503840409185,5.895047281100646,8.87700879559361e-06,0.0,7.744301232039318e-17,7.744301232039318e-17,True,0.018261699995491654,0.015625,,
674,arpack_matvec,central_difference,1.0,0.0020373375775464136,0.13761596683346206,220655027.20849508,336.4447289681696,336.44872248127956,336.4446478061245,336.44864131923447,2,sparse_direct,not_applicable,6.9698711088353855e-16,3.872150616019659e-16,0.007944599987240508,0.008972900002845563,0.0,0.015625,6.78536965155529e-05,6.785354468053378e-05,5.895036240336812,5.895049431584882,1.3191248069865935e-05,7.744301232039318e-17,7.744301232039318e-17,0.0,True,0.017915200005518273,0.015625,,
675,arpack_matvec,central_difference,1.0,0.0020373375775464136,0.13135133946547475,223380854.35839978,336.4447419349662,336.44872248127956,336.4446478061245,336.44862835243777,2,sparse_direct,not_applicable,3.097720492815727e-16,3.872150616019659e-16,0.007446099989465438,0.007911500011687167,0.0,0.015625,6.785371927728708e-05,6.785352185277737e-05,5.895034262829178,5.895051414838643,1.7152009465171147e-05,2.323290369611795e-16,7.744301232039318e-17,3.097720492815727e-16,True,0.01630230000591837,0.015625,,
676,arpack_matvec,central_difference,1.0,0.0020373375775464136,0.13062242661992943,188034535.85402218,336.44476445644756,336.4487224812795,336.44464780612446,336.4486058309564,2,sparse_direct,not_applicable,4.64658073922359e-16,3.872150616019659e-16,0.0086489000095753,0.008229600003687665,0.015625,0.0,6.78537452814126e-05,6.785349585680569e-05,5.895032003628742,5.895053673345559,2.1669716816496987e-05,7.744301232039318e-17,1.5488602464078636e-16,7.744301232039318e-17,True,0.017835999999078922,0.015625,,
677,arpack_matvec,central_difference,1.0,0.0020373375775464136,0.1502242328998281,178181856.75457302,336.44474527553393,336.4487224812795,336.44464780612446,336.44862501187015,2,sparse_direct,not_applicable,3.29132802361671e-16,5.421010862427522e-16,0.005094799998914823,0.007071799991535954,0.0,0.0,6.785372735007045e-05,6.785351375557881e-05,5.8950335614773675,5.8950521183158715,1.855683850404688e-05,7.744301232039318e-17,3.097720492815727e-16,2.323290369611795e-16,True,0.012865099997725338,0.015625,,
678,arpack_matvec,central_difference,1.0,0.0020373375775464136,0.12756763711945493,177255873.91836515,336.44478714297327,336.4487224812795,336.44464780612446,336.4485831444307,2,sparse_direct,not_applicable,6.9698711088353855e-16,3.872150616019659e-16,0.007362399992416613,0.007932900000014342,0.0,0.0,6.785377106949146e-05,6.785347002511258e-05,5.895029763199834,5.895055917581812,2.6154381977505636e-05,3.872150616019659e-16,3.097720492815727e-16,6.9698711088353855e-16,True,0.01633179999771528,0.015625,,
679,arpack_matvec,central_difference,1.0,0.0020373375775464136,0.13407127826901033,201307390.20070958,336.4447693480327,336.44872248127956,336.4446478061245,336.44860093937126,2,sparse_direct,not_applicable,6.195440985631454e-16,4.64658073922359e-16,0.00888449999911245,0.008123999999952503,0.015625,0.0,6.785375168071254e-05,6.785348932127392e-05,5.8950314476671775,5.895054241147022,2.2793479844906983e-05,1.5488602464078636e-16,7.744301232039318e-17,7.744301232039318e-17,True,0.018035300003248267,0.015625,,
680,arpack_matvec,central_difference,1.0,0.0020373375775464136,0.15155207137890192,181255183.8526011,336.44474607233116,336.44872248127956,336.4446478061245,336.4486242150729,2,sparse_direct,not_applicable,3.872150616019659e-16,5.421010862427522e-16,0.005392000006395392,0.005084200005512685,0.015625,0.0,6.785371896159751e-05,6.785352210421922e-05,5.895034290255837,5.895051392993607,1.7102737770002818e-05,7.744301232039318e-17,1.5488602464078636e-16,2.323290369611795e-16,True,0.011113600005046465,0.015625,,
681,arpack_matvec,central_difference,1.0,0.0020373375775464136,0.1262383894714916,186795128.03112853,336.44474063392715,336.4487224812795,336.44464780612446,336.4486296534769,2,sparse_direct,not_applicable,5.421010862427522e-16,3.872150616019659e-16,0.008924900001147762,0.008015100000193343,0.0,0.015625,6.785370795098652e-05,6.785353316753144e-05,5.895035246842165,5.895050431823407,1.5184981241311846e-05,1.5488602464078636e-16,2.323290369611795e-16,3.872150616019659e-16,True,0.018011499996646307,0.015625,,
682,arpack_matvec,central_difference,1.0,0.0020373375775464136,0.1316098899265463,201377789.22040406,336.44472432377296,336.44872248127956,336.4446478061245,336.448645963631,2,sparse_direct,not_applicable,3.872150616019659e-16,3.872150616019659e-16,0.010150100002647378,0.007645499994396232,0.015625,0.0,6.785370125395054e-05,6.785354029640514e-05,5.895035828671342,5.895049812473704,1.3983802361394737e-05,7.744301232039318e-17,1.5488602464078636e-16,2.323290369611795e-16,True,0.019339100006618537,0.015625,,
683,arpack_matvec,central_difference,1.0,0.0020373375775464136,0.13278475528958056,194615515.9737551,336.44468628925443,336.44872248127956,336.4446478061245,336.44868399814965,2,sparse_direct,not_applicable,4.64658073922359e-16,6.195440985631454e-16,0.007684600001084618,0.008129299996653572,0.015625,0.0,6.78536633948428e-05,6.785357760117051e-05,5.895039117820157,5.895046571473629,7.453653472211386e-06,2.323290369611795e-16,0.0,2.323290369611795e-16,True,0.01687320000200998,0.015625,,
684,arpack_matvec,central_difference,1.0,0.0020373375775464136,0.13678982862397493,209283257.2332741,336.4446596825317,336.44872248127956,336.4446478061245,336.44871060487225,2,sparse_direct,not_applicable,3.872150616019659e-16,3.3881317890172014e-16,0.007916900009149686,0.009964500000933185,0.0,0.015625,6.785363927435984e-05,6.785360202394098e-05,5.895041213377479,5.895044449650099,3.236272619666636e-06,2.323290369611795e-16,0.0,2.323290369611795e-16,True,0.01891510000859853,0.03125,,
685,arpack_matvec,central_difference,1.0,0.0020373375775464136,0.10812074475881885,218351513.24572736,336.44464780612446,336.44870708989436,336.4446631975096,336.4487224812795,2,sparse_direct,not_applicable,3.872150616019659e-16,5.421010862427522e-16,0.007034899987047538,0.0065663999994285405,0.0,0.015625,6.785361883331462e-05,6.785362261171853e-05,5.89504298927103,5.8950426610077375,3.28263292104225e-07,1.5488602464078636e-16,2.323290369611795e-16,7.744301232039318e-17,True,0.014501099998597056,0.015625,,
686,arpack_matvec,central_difference,1.0,0.0020373375775464136,0.13509036928686208,265743395.98880264,336.4446478061245,336.44869313431866,336.4446771530853,336.44872248127956,2,sparse_direct,not_applicable,3.872150616019659e-16,3.872150616019659e-16,0.006029099997249432,0.00894450000487268,0.0,0.015625,6.785359584236838e-05,6.78536453593292e-05,5.895044986698207,5.895040684722829,4.301975377707379e-06,0.0,7.744301232039318e-17,7.744301232039318e-17,True,0.01547910000954289,0.015625,,
687,arpack_matvec,central_difference,1.0,0.0020373375775464136,0.1407798885861774,253274783.8955885,336.4446478061245,336.44867134648604,336.44469894091793,336.44872248127956,2,sparse_direct,not_applicable,5.421010862427522e-16,3.097720492815727e-16,0.006762599994544871,0.006729800006723963,0.0,0.015625,6.785357410418366e-05,6.785366689500493e-05,5.895046875288139,5.895038813730583,8.061557555727461e-06,2.323290369611795e-16,0.0,2.323290369611795e-16,True,0.014234900008887053,0.015625,,
688,arpack_matvec,central_difference,1.0,0.0020373375775464136,0.1274879950151366,176872805.5362481,336.44464780612446,336.4486126922705,336.4447575951336,336.4487224812795,2,sparse_direct,not_applicable,3.872150616019659e-16,3.872150616019659e-16,0.007492899996577762,0.010525499994400889,0.0,0.015625,6.785352349998945e-05,6.785371783465331e-05,5.895051271730379,5.895034388163143,1.688356723583695e-05,7.744301232039318e-17,1.5488602464078636e-16,7.744301232039318e-17,True,0.018712500008405186,0.015625,,
689,arpack_matvec,central_difference,1.0,0.0020373375775464136,0.1372882836360824,235757157.40066603,336.44464780612446,336.448623761551,336.44474652585296,336.4487224812795,2,sparse_direct,not_applicable,6.195440985631454e-16,3.581739319818184e-16,0.007879400000092573,0.009174399994662963,0.0,0.015625,6.785352647846826e-05,6.785371466274054e-05,5.895051012962911,5.895034663734421,1.634922849014231e-05,1.5488602464078636e-16,0.0,1.5488602464078636e-16,True,0.01821120000386145,0.015625,,
690,arpack_matvec,central_difference,1.0,0.0020373375775464136,0.14142022248409244,251105785.67744905,336.4446478061245,336.44863008231846,336.4447402050855,336.44872248127956,2,sparse_direct,not_applicable,3.872150616019659e-16,3.872150616019659e-16,0.00802000000840053,0.007917800001450814,0.0,0.015625,6.785353977884376e-05,6.78537012557128e-05,5.895049857438935,5.895035828518239,1.4028920696240732e-05,0.0,0.0,0.0,True,0.016878099995665252,0.015625,,
691,arpack_matvec,central_difference,1.0,0.0020373375775464136,0.13712486046575995,168754351.84077483,336.44464780612446,336.4486187381008,336.4447515493033,336.4487224812795,2,sparse_direct,not_applicable,5.421010862427522e-16,3.097720492815727e-16,0.007567299995571375,0.00904310001351405,0.015625,0.0,6.785352496867122e-05,6.785371640023127e-05,5.895051144132671,5.89503451278369,1.663134898066687e-05,1.5488602464078636e-16,2.323290369611795e-16,7.744301232039318e-17,True,0.017660800003795885,0.015625,,
692,arpack_matvec,central_difference,1.0,0.0020373375775464136,0.12599643350109538,199127510.2948653,336.44464780612446,336.4486143618527,336.44475592555125,336.4487224812795,2,sparse_direct,not_applicable,5.421010862427522e-16,5.421010862427522e-16,0.007727899996098131,0.008067600007052533,0.015625,0.0,6.785351777193217e-05,6.785372344689324e-05,5.895051769378733,5.89503390057977,1.7868798963149857e-05,3.097720492815727e-16,7.744301232039318e-17,2.323290369611795e-16,True,0.01669259999471251,0.015625,,
693,arpack_matvec,central_difference,1.0,0.0020373375775464136,0.13790524486597858,174030646.16184488,336.44464780612446,336.44863056030323,336.44473972710074,336.4487224812795,2,sparse_direct,not_applicable,3.96895438142015e-16,3.872150616019659e-16,0.007131099991966039,0.0091169999941485,0.015625,0.0,6.785353120701334e-05,6.785371006087437e-05,5.8950506021513585,5.8950350635380655,1.5538613292953585e-05,2.323290369611795e-16,2.323290369611795e-16,0.0,True,0.017058700002962723,0.015625,,
694,arpack_matvec,central_difference,1.0,0.0020373375775464136,0.112208266943067,188197668.1630454,336.44464780612446,336.4485754114207,336.4447948759833,336.4487224812795,2,sparse_direct,not_applicable,3.872150616019659e-16,4.64658073922359e-16,0.0064528999937465414,0.00965560000622645,0.015625,0.0,6.785347895542551e-05,6.7853762207461e-05,5.895055141723376,5.895030533119315,2.460860406117149e-05,1.5488602464078636e-16,7.744301232039318e-17,7.744301232039318e-17,True,0.016913799991016276,0.015625,,
695,arpack_matvec,central_difference,1.0,0.0020373375775464136,0.13594554654423802,164240909.1356142,336.44464780612446,336.4485965765958,336.4447737108083,336.4487224812795,2,sparse_direct,not_applicable,3.872150616019659e-16,4.64658073922359e-16,0.0077741999994032085,0.006295600003795698,0.015625,0.0,6.785349004613146e-05,6.78537511348136e-05,5.895054178172009,5.895031495094053,2.268307795549873e-05,0.0,1.5488602464078636e-16,1.5488602464078636e-16,True,0.015055299998493865,0.015625,,
696,arpack_matvec,central_difference,1.0,0.0020373375775464136,0.16627025771683876,273404323.03051704,336.4446478061245,336.4486280953038,336.4447421921002,336.44872248127956,2,sparse_direct,not_applicable,3.097720492815727e-16,3.872150616019659e-16,0.006476599999587052,0.008548900004825555,0.015625,0.0,6.78535296770095e-05,6.785371127086353e-05,5.895050735076648,5.895034958415908,1.5776660739597048e-05,0.0,1.5488602464078636e-16,1.5488602464078636e-16,True,0.015744599993922748,0.015625,,
697,arpack_matvec,central_difference,1.0,0.0020373375775464136,0.1374725658335034,205239864.2129107,336.4446478061245,336.4486031887457,336.44476709865825,336.44872248127956,2,sparse_direct,not_applicable,4.64658073922359e-16,4.64658073922359e-16,0.007604099999298342,0.007861400008550845,0.015625,0.0,6.785350501443739e-05,6.785373624006402e-05,5.895052877738458,5.8950327891277015,2.0088610756197056e-05,7.744301232039318e-17,1.5488602464078636e-16,2.323290369611795e-16,True,0.016145500005222857,0.015625,,
698,arpack_matvec,central_difference,1.0,0.0020373375775464136,0.14520274770079594,179425323.35118923,336.44464780612446,336.44862840540185,336.4447418820021,336.4487224812795,2,sparse_direct,not_applicable,3.872150616019659e-16,4.64658073922359e-16,0.005170700009330176,0.0063273000123444945,0.015625,0.0,6.785352932382466e-05,6.785371193155198e-05,5.895050765761015,5.895034901016226,1.5864744788984808e-05,7.744301232039318e-17,1.5488602464078636e-16,7.744301232039318e-17,True,0.011967500002356246,0.015625,,
699,arpack_matvec,central_difference,1.0,0.0020373375775464136,0.1352022620945786,237615643.4014599,336.4446478061245,336.448679764884,336.44469052252,336.44872248127956,2,sparse_direct,not_applicable,3.097720492815727e-16,3.097720492815727e-16,0.007855999996536411,0.005632000000332482,0.015625,0.0,6.785356848895985e-05,6.785367254993766e-05,5.895047363132894,5.895038322437383,9.04069551133091e-06,0.0,7.744301232039318e-17,7.744301232039318e-17,True,0.014734299998963252,0.015625,,
700,arpack_matvec,central_difference,1.0,0.0020373375775464136,0.1280551970774023,254057786.80753624,336.4446478061245,336.44869754260196,336.444672744802,336.44872248127956,2,sparse_direct,not_applicable,3.0009167274152353e-16,4.64658073922359e-16,0.00528420000046026,0.0051297000027261674,0.015625,0.0,6.78535831226743e-05,6.785365809580789e-05,5.895046091771298,5.895039578193541,6.513577757161215e-06,1.5488602464078636e-16,0.0,1.5488602464078636e-16,True,0.010884000002988614,0.015625,,
701,arpack_matvec,central_difference,1.0,0.0020373375775464136,0.11404625506990718,211421845.9231944,336.44464780612446,336.4486973893899,336.44467289801406,336.4487224812795,2,sparse_direct,not_applicable,6.195440985631454e-16,4.64658073922359e-16,0.007629500003531575,0.006052599987015128,0.0,0.015625,6.785359537715554e-05,6.785364585737339e-05,5.895045027115382,5.895040641453367,4.385662014882996e-06,1.5488602464078636e-16,7.744301232039318e-17,2.323290369611795e-16,True,0.014240899996366352,0.015625,,
702,arpack_matvec,central_difference,1.0,0.0020373375775464136,0.12835519754705552,210518611.3228174,336.4446526094158,336.44872248127956,336.4446478061245,336.44871767798816,2,sparse_direct,not_applicable,3.872150616019659e-16,2.323290369611795e-16,0.007327100000111386,0.007953600012115203,0.0,0.015625,6.785361489091228e-05,6.785362627085851e-05,5.89504333178235,5.895042343105992,9.886763585598146e-07,1.5488602464078636e-16,7.744301232039318e-17,7.744301232039318e-17,True,0.01622210000641644,0.015625,,
703,arpack_matvec,central_difference,1.0,0.0020373375775464136,0.11114164053586624,190953262.98461902,336.4446719654436,336.4487224812795,336.44464780612446,336.44869832196036,2,sparse_direct,not_applicable,3.872150616019659e-16,3.097720492815727e-16,0.0058862000005319715,0.005524000007426366,0.0,0.015625,6.785363951016942e-05,6.785360144964306e-05,5.895041192890631,5.895044499544455,3.3066538236425913e-06,0.0,7.744301232039318e-17,7.744301232039318e-17,True,0.011842899999464862,0.015625,,
704,arpack_matvec,central_difference,1.0,0.0020373375775464136,0.13549648365355052,190738103.1447896,336.4447025253846,336.44872248127956,336.4446478061245,336.44866776201934,2,sparse_direct,not_applicable,3.097720492815727e-16,4.64658073922359e-16,0.005147699994267896,0.0060803000087616965,0.0,0.0,6.785365933100188e-05,6.785358214917087e-05,5.895039470881458,5.8950461763482265,6.705466768508472e-06,0.0,7.744301232039318e-17,7.744301232039318e-17,True,0.011733699997421354,0.0,,
705,arpack_matvec,central_difference,1.0,0.0020373375775464136,0.12551814730304642,222748670.11748436,336.4447017420886,336.4487224812795,336.44464780612446,336.44866854531546,2,sparse_direct,not_applicable,3.872150616019659e-16,4.64658073922359e-16,0.006306900002527982,0.008042400004342198,0.0,0.015625,6.785367158933836e-05,6.785356947924542e-05,5.895038405892995,5.895047277097917,8.871204921767628e-06,1.5488602464078636e-16,2.323290369611795e-16,3.872150616019659e-16,True,0.015108599996892735,0.015625,,
706,arpack_matvec,central_difference,1.0,0.0020373375775464136,0.13928564005425995,209508026.76690432,336.44474088373147,336.44872248127956,336.4446478061245,336.4486294036726,2,sparse_direct,not_applicable,7.744301232039318e-16,3.29132802361671e-16,0.007705199997872114,0.006344399997033179,0.0,0.015625,6.785369869094206e-05,6.78535424687862e-05,5.895036051341987,5.895049623739348,1.3572397361549804e-05,7.744301232039318e-17,1.5488602464078636e-16,2.323290369611795e-16,True,0.014738199999555945,0.015625,,
707,arpack_matvec,central_difference,1.0,0.0020373375775464136,0.13179662177447513,220256340.37776598,336.444755924689,336.44872248127956,336.4446478061245,336.448614362715,2,sparse_direct,not_applicable,3.097720492815727e-16,3.872150616019659e-16,0.00489519999246113,0.006491099993581884,0.0,0.0,6.785372788165414e-05,6.785351319263901e-05,5.895033515294147,5.895052167223575,1.865192942851479e-05,0.0,1.5488602464078636e-16,1.5488602464078636e-16,True,0.011822000000393018,0.0,,
708,arpack_matvec,central_difference,1.0,0.0020373375775464136,0.11668439874678121,187467860.87947997,336.4448001181954,336.4487224812795,336.44464780612446,336.44857016920855,2,sparse_direct,not_applicable,6.195440985631454e-16,4.64658073922359e-16,0.007902500001364388,0.00793399999383837,0.015625,0.0,6.785377528081682e-05,6.785346584950267e-05,5.895029397326481,5.8950562803555275,2.688302904640949e-05,7.744301232039318e-17,0.0,7.744301232039318e-17,True,0.01676959999895189,0.015625,,
709,arpack_matvec,central_difference,1.0,0.0020373375775464136,0.1415867313502535,185520651.00420997,336.44476265433843,336.4487224812795,336.44464780612446,336.44860763306565,2,sparse_direct,not_applicable,5.421010862427522e-16,4.64658073922359e-16,0.007110699996701442,0.008123199993860908,0.015625,0.0,6.785374046163087e-05,6.78535006317775e-05,5.895032422364207,5.895053258500122,2.083613591441491e-05,1.5488602464078636e-16,7.744301232039318e-17,7.744301232039318e-17,True,0.015999499999452382,0.015625,,
710,arpack_matvec,central_difference,1.0,0.0020373375775464136,0.11841538768692891,182951842.34150925,336.44482054795117,336.4487224812795,336.44464780612446,336.4485497394528,2,sparse_direct,not_applicable,4.64658073922359e-16,6.195440985631454e-16,0.005003500002203509,0.007496899997931905,0.015625,0.0,6.785379476135595e-05,6.785344626657408e-05,5.8950277048883315,5.895057981705606,3.0276817274632606e-05,3.097720492815727e-16,7.744301232039318e-17,3.872150616019659e-16,True,0.013155399996321648,0.015625,,
711,arpack_matvec,central_difference,1.0,0.0020373375775464136,0.1377215313109787,210688677.77046573,336.4447971703293,336.4487224812795,336.44464780612446,336.4485731170748,2,sparse_direct,not_applicable,4.64658073922359e-16,4.64658073922359e-16,0.007730700002866797,0.00856430000567343,0.015625,0.0,6.785375563278616e-05,6.785348529974279e-05,5.895031104317011,5.895054590534294,2.3486217282986388e-05,7.744301232039318e-17,0.0,7.744301232039318e-17,True,0.01724899999680929,0.015625,,
712,arpack_matvec,central_difference,1.0,0.0020373375775464136,0.15475405554374497,190495214.0453324,336.4447590677388,336.44872248127956,336.4446478061245,336.4486112196653,2,sparse_direct,not_applicable,3.872150616019659e-16,3.097720492815727e-16,0.006433999995351769,0.0071232000045711175,0.015625,0.0,6.785372256977794e-05,6.785351845065359e-05,5.895033976782286,5.8950517104120355,1.773362974955006e-05,7.744301232039318e-17,1.5488602464078636e-16,2.323290369611795e-16,True,0.014621700000134297,0.015625,,
713,arpack_matvec,central_difference,1.0,0.0020373375775464136,0.12434589520575955,194559095.29313087,336.44475789907875,336.4487224812795,336.44464780612446,336.44861238832533,2,sparse_direct,not_applicable,3.872150616019659e-16,3.097720492815727e-16,0.008411699993303046,0.005705200004740618,0.015625,0.0,6.785371975377893e-05,6.785352130397579e-05,5.895034221432247,5.895051462518018,1.7241085771502185e-05,3.097720492815727e-16,7.744301232039318e-17,3.872150616019659e-16,True,0.01519459999690298,0.015625,,
714,arpack_matvec,central_difference,1.0,0.0020373375775464136,0.13426560771469076,201539089.01726684,336.44475042296324,336.44872248127956,336.4446478061245,336.44861986444073,2,sparse_direct,not_applicable,3.872150616019659e-16,3.872150616019659e-16,0.007684199998038821,0.0065691999916452914,0.0,0.0,6.78537207989825e-05,6.785352065337632e-05,5.895034130626455,5.895051519041503,1.7388415047392414e-05,0.0,7.744301232039318e-17,7.744301232039318e-17,True,0.014911299993400462,0.0,,
715,arpack_matvec,central_difference,1.0,0.0020373375775464136,0.13679961415466216,198960630.55018222,336.44470744818693,336.44872248127956,336.4446478061245,336.44866283921715,2,sparse_direct,not_applicable,3.097720492815727e-16,6.9698711088353855e-16,0.008975000004284084,0.006194600005983375,0.015625,0.0,6.785369301107908e-05,6.78535478976687e-05,5.895036544800715,5.895049152083367,1.2607282652510321e-05,0.0,2.323290369611795e-16,2.323290369611795e-16,True,0.015854299999773502,0.015625,,
716,arpack_matvec,central_difference,1.0,0.0020373375775464136,0.1394008047375123,211565579.59546793,336.4447075085387,336.44872248127956,336.4446478061245,336.44866277886524,2,sparse_direct,not_applicable,2.6137016658132697e-16,3.097720492815727e-16,0.007343699995544739,0.00705690000904724,0.015625,0.0,6.785369258392325e-05,6.785354852050174e-05,5.895036581911432,5.895049097972249,1.2516060817091557e-05,7.744301232039318e-17,1.5488602464078636e-16,7.744301232039318e-17,True,0.015140400006202981,0.015625,,
717,arpack_matvec,central_difference,1.0,0.0020373375775464136,0.11309596741007785,204434227.2801115,336.4447123779183,336.44872248127956,336.4446478061245,336.4486579094857,2,sparse_direct,not_applicable,3.097720492815727e-16,4.64658073922359e-16,0.008475199996610172,0.008648100003483705,0.015625,0.0,6.785370559455491e-05,6.785353555612897e-05,5.895035451565655,5.895050224304331,1.4772738675894459e-05,0.0,0.0,0.0,True,0.018152799995732494,0.015625,,
718,arpack_matvec,central_difference,1.0,0.0020373375775464136,0.12320536868951565,252035807.6360064,336.44469794525145,336.44872248127956,336.4446478061245,336.4486723421525,2,sparse_direct,not_applicable,3.872150616019659e-16,4.64658073922359e-16,0.007771600008709356,0.00875619999715127,0.015625,0.015625,6.785368203255393e-05,6.785355907292328e-05,5.8950374986002,5.895048181188459,1.068258825931423e-05,7.744301232039318e-17,1.5488602464078636e-16,2.323290369611795e-16,True,0.017658799988566898,0.03125,,
719,arpack_matvec,central_difference,1.0,0.0020373375775464136,0.13701285103703348,237839113.6316815,336.44467936534204,336.44872248127956,336.4446478061245,336.44869092206204,2,sparse_direct,not_applicable,3.872150616019659e-16,4.64658073922359e-16,0.008218100003432482,0.005333600012818351,0.0,0.0,6.785366368353629e-05,6.785357722489122e-05,5.8950390927388385,5.8950466041643725,7.511425534012517e-06,1.5488602464078636e-16,1.5488602464078636e-16,3.097720492815727e-16,True,0.01426710000669118,0.0,,
720,arpack_matvec,central_difference,1.0,0.0020373375775464136,0.13565504517425447,182450799.3633229,336.4446478061245,336.448708348261,336.444661939143,336.44872248127956,2,sparse_direct,not_applicable,3.3881317890172014e-16,6.195440985631454e-16,0.007058200004394166,0.008209300009184517,0.0,0.0,6.785366729432467e-05,6.785357383449038e-05,5.895038779038201,5.895046898718805,8.119680604323776e-06,7.744301232039318e-17,0.0,7.744301232039318e-17,True,0.016018399997847155,0.0,,
721,arpack_matvec,central_difference,1.0,0.0020373375775464136,0.12872323228392288,220386985.907228,336.44468415139664,336.4487224812795,336.44464780612446,336.44868613600744,2,sparse_direct,not_applicable,4.64658073922359e-16,5.421010862427522e-16,0.008010699995793402,0.008057400002144277,0.015625,0.0,6.785366984199966e-05,6.785357135575371e-05,5.895038557699504,5.89504711406884,8.55636933572157e-06,2.323290369611795e-16,3.097720492815727e-16,7.744301232039318e-17,True,0.01685909999650903,0.03125,,
722,arpack_matvec,central_difference,1.0,0.0020373375775464136,0.1565409076960981,266996724.39687428,336.44464780612446,336.44869286389024,336.44467742351384,336.4487224812795,2,sparse_direct,not_applicable,4.64658073922359e-16,5.421010862427522e-16,0.007354600005783141,0.004865399998379871,0.0,0.0,6.785365208477837e-05,6.785358888154973e-05,5.895040100424191,5.895045591446457,5.491022266213008e-06,0.0,2.323290369611795e-16,2.323290369611795e-16,True,0.012874200008809566,0.0,,
723,arpack_matvec,central_difference,1.0,0.0020373375775464136,0.13020361039887035,166461535.8212733,336.44464780612446,336.4486846960869,336.4446855913172,336.4487224812795,2,sparse_direct,not_applicable,3.872150616019659e-16,2.904112962014744e-16,0.006189699997776188,0.008518900009221397,0.015625,0.0,6.785366275130883e-05,6.785357856663331e-05,5.895039173729563,5.895046487595249,7.313865686420229e-06,1.5488602464078636e-16,7.744301232039318e-17,2.323290369611795e-16,True,0.015429100007168017,0.015625,,
724,arpack_matvec,central_difference,1.0,0.0020373375775464136,0.11905766193712364,216590132.5045511,336.44464780612446,336.44861767895185,336.4447526084521,336.4487224812795,2,sparse_direct,not_applicable,3.097720492815727e-16,3.872150616019659e-16,0.008541900009731762,0.008324599999468774,0.0,0.015625,6.785367414143318e-05,6.785356701981988e-05,5.895038184170337,5.8950474907702475,9.306599910274826e-06,7.744301232039318e-17,1.5488602464078636e-16,2.323290369611795e-16,True,0.01850580000609625,0.03125,,
725,arpack_matvec,central_difference,1.0,0.0020373375775464136,0.13203613631457983,151437209.4391319,336.44464780612446,336.44860877215086,336.4447615152532,336.4487224812795,2,sparse_direct,not_applicable,3.872150616019659e-16,6.9698711088353855e-16,0.008963500004028901,0.007758099993225187,0.0,0.015625,6.785369658398457e-05,6.785354507203139e-05,5.895036234391562,5.895049397571953,1.3163180391018159e-05,0.0,1.5488602464078636e-16,1.5488602464078636e-16,True,0.017900000006193295,0.015625,,
726,arpack_matvec,central_difference,1.0,0.0020373375775464136,0.1412527400896006,274236050.93549645,336.44464780612446,336.44860814208005,336.44476214532403,336.4487224812795,2,sparse_direct,not_applicable,3.097720492815727e-16,3.872150616019659e-16,0.008216099988203496,0.00873620000493247,0.0,0.015625,6.785367435137406e-05,6.78535666123689e-05,5.895038165930949,5.895047526169167,9.36023821740406e-06,1.5488602464078636e-16,3.097720492815727e-16,1.5488602464078636e-16,True,0.01828800000657793,0.015625,,
727,arpack_matvec,central_difference,1.0,0.0020373375775464136,0.13405826221068207,190768207.75114864,336.44464780612446,336.448575420809,336.444794866595,336.4487224812795,2,sparse_direct,not_applicable,1.0067591601651113e-15,6.195440985631454e-16,0.009639600000809878,0.007364200006122701,0.015625,0.0,6.785371319906841e-05,6.78535285486263e-05,5.895034790896186,5.8950508331095195,1.6042213333733457e-05,7.744301232039318e-17,7.744301232039318e-17,0.0,True,0.018046099998173304,0.015625,,
728,arpack_matvec,central_difference,1.0,0.0020373375775464136,0.10773566240640409,208959135.54286233,336.4446478061245,336.44871974350787,336.4446505438961,336.44872248127956,2,sparse_direct,not_applicable,3.872150616019659e-16,3.872150616019659e-16,0.006651100004091859,0.007671100000152364,0.015625,0.0,6.785370648134794e-05,6.785353479818531e-05,5.895035374522313,5.895050290153752,1.4915631439293975e-05,2.323290369611795e-16,7.744301232039318e-17,3.097720492815727e-16,True,0.015071399990119971,0.015625,,
729,arpack_matvec,central_difference,1.0,0.0020373375775464136,0.1118896210212508,184763040.8938501,336.4446755051662,336.4487224812795,336.44464780612446,336.4486947822378,2,sparse_direct,not_applicable,3.872150616019659e-16,3.872150616019659e-16,0.00810809999529738,0.007993799998075701,0.015625,0.0,6.785369813559347e-05,6.785354380850482e-05,5.895036099589909,5.895049507345903,1.3407755994343518e-05,7.744301232039318e-17,7.744301232039318e-17,0.0,True,0.016925000003539026,0.015625,,
730,arpack_matvec,central_difference,1.0,0.0020373375775464136,0.14652355132029335,269071668.9263234,336.44464780612446,336.4487025314407,336.4446677559633,336.4487224812795,2,sparse_direct,not_applicable,6.195440985631454e-16,4.64658073922359e-16,0.007747600000584498,0.007900399999925867,0.015625,0.0,6.785365481983893e-05,6.785358636162913e-05,5.895039862805573,5.89504581037441,5.947568836539574e-06,0.0,7.744301232039318e-17,7.744301232039318e-17,True,0.016577599992160685,0.015625,,
731,arpack_matvec,central_difference,1.0,0.0020373375775464136,0.11881171540837603,209156466.3182478,336.44464780612446,336.4486813619564,336.4446889254477,336.4487224812795,2,sparse_direct,not_applicable,3.097720492815727e-16,3.872150616019659e-16,0.00892740000563208,0.007711400001426227,0.015625,0.0,6.785363328465565e-05,6.785360801959243e-05,5.8950417337557015,5.895043928754707,2.1949990056668867e-06,7.744301232039318e-17,7.744301232039318e-17,0.0,True,0.01823760000115726,0.015625,,
732,arpack_matvec,central_difference,1.0,0.0020373375775464136,0.129430456358453,212557743.18895906,336.4446478061245,336.4486524129776,336.4447178744264,336.44872248127956,2,sparse_direct,not_applicable,3.872150616019659e-16,3.097720492815727e-16,0.008338200001162477,0.007992900005774572,0.015625,0.015625,6.785361094646127e-05,6.785363027766837e-05,5.895043674471697,5.895041994999137,1.679472560134343e-06,7.744301232039318e-17,2.323290369611795e-16,1.5488602464078636e-16,True,0.01753159999498166,0.03125,,
733,arpack_matvec,central_difference,1.0,0.0020373375775464136,0.12482790354756435,183889928.72759682,336.44464780612446,336.44868474934924,336.4446855380547,336.4487224812795,2,sparse_direct,not_applicable,4.64658073922359e-16,3.097720492815727e-16,0.00822800000605639,0.007639200004632585,0.0,0.015625,6.785358496485728e-05,6.785365623937236e-05,5.895045931724432,5.895039739478304,6.192246128300383e-06,2.323290369611795e-16,0.0,2.323290369611795e-16,True,0.01704430000972934,0.015625,,
734,arpack_matvec,central_difference,1.0,0.0020373375775464136,0.12239769971213454,198187345.28234679,336.44469006317075,336.44872248127956,336.4446478061245,336.4486802242333,2,sparse_direct,not_applicable,3.872150616019659e-16,3.097720492815727e-16,0.006968400004552677,0.006590100005269051,0.0,0.015625,6.785356175260575e-05,6.785367954849479e-05,5.895047948380381,5.895037714411957,1.0233968424699924e-05,1.5488602464078636e-16,7.744301232039318e-17,2.323290369611795e-16,True,0.01437820000865031,0.015625,,
735,arpack_matvec,central_difference,1.0,0.0020373375775464136,0.1112850695013537,216488162.6006494,336.44468073895564,336.44872248127956,336.4446478061245,336.44868954844844,2,sparse_direct,not_applicable,3.872150616019659e-16,3.097720492815727e-16,0.008601300010923296,0.008425000007264316,0.0,0.015625,6.785353228773149e-05,6.785370850214508e-05,5.89505050825959,5.895035198958281,1.5309301309329726e-05,2.323290369611795e-16,7.744301232039318e-17,3.097720492815727e-16,True,0.018012499989708886,0.015625,,
736,arpack_matvec,central_difference,1.0,0.0020373375775464136,0.1216427966501994,164083895.03530148,336.4447823958198,336.4487224812795,336.44464780612446,336.4485878915843,2,sparse_direct,not_applicable,3.097720492815727e-16,5.421010862427522e-16,0.007881900004576892,0.007552000010036863,0.0,0.015625,6.785346830346606e-05,6.785377283874465e-05,5.895056067157106,5.895029609489882,2.6457667224200065e-05,7.744301232039318e-17,7.744301232039318e-17,1.5488602464078636e-16,True,0.01644300000043586,0.015625,,
737,arpack_matvec,central_difference,1.0,0.0020373375775464136,0.11967881260639988,215033414.02512488,336.4447557482755,336.4487224812795,336.44464780612446,336.4486145391286,2,sparse_direct,not_applicable,6.9698711088353855e-16,3.872150616019659e-16,0.007842599996365607,0.007597200004965998,0.0,0.015625,6.785345903426923e-05,6.785378193816648e-05,5.895056872457761,5.895028818946457,2.8053511304193535e-05,0.0,0.0,0.0,True,0.016356599997379817,0.015625,,
738,arpack_matvec,central_difference,1.0,0.0020373375775464136,0.11421498252311173,174118262.82834503,336.4447798803753,336.44872248127956,336.4446478061245,336.4485904070287,2,sparse_direct,not_applicable,3.872150616019659e-16,5.421010862427522e-16,0.009305800005677156,0.008305400013341568,0.015625,0.0,6.785345611312928e-05,6.785378511216713e-05,5.895057126244188,5.895028543194334,2.858304985409177e-05,2.323290369611795e-16,1.5488602464078636e-16,3.872150616019659e-16,True,0.018732500000623986,0.015625,,
739,arpack_matvec,central_difference,1.0,0.0020373375775464136,0.12570555827079313,214846258.85301304,336.4447144336618,336.44872248127956,336.4446478061245,336.4486558537423,2,sparse_direct,not_applicable,4.64658073922359e-16,3.097720492815727e-16,0.005096600012620911,0.00746580000850372,0.0,0.015625,6.785348948666854e-05,6.785375148393621e-05,5.895054226777677,5.895031464762807,2.2762014869393e-05,7.744301232039318e-17,3.097720492815727e-16,3.872150616019659e-16,True,0.013105999998515472,0.015625,,
740,arpack_matvec,central_difference,1.0,0.0020373375775464136,0.11093066713963019,151567973.07077098,336.44478984156905,336.44872248127956,336.4446478061245,336.44858044583503,2,sparse_direct,not_applicable,4.64658073922359e-16,3.872150616019659e-16,0.008589500008383766,0.0077428000076906756,0.015625,0.0,6.78533595372529e-05,6.785388175709201e-05,5.895065516695481,5.895020146849483,4.536984599745608e-05,2.323290369611795e-16,0.0,2.323290369611795e-16,True,0.0174537999992026,0.015625,,
741,arpack_matvec,central_difference,1.0,0.0020373375775464136,0.13811077085058399,222757559.39364675,336.44479926973554,336.44872248127956,336.4446478061245,336.4485710176684,2,sparse_direct,not_applicable,4.64658073922359e-16,5.421010862427522e-16,0.008361800006241538,0.007823500010999851,0.015625,0.0,6.785338661680305e-05,6.785385425620901e-05,5.895063164038815,5.895022536076464,4.062796235082544e-05,3.097720492815727e-16,0.0,3.097720492815727e-16,True,0.016947600001003593,0.015625,,
742,arpack_matvec,central_difference,1.0,0.0020373375775464136,0.15335825238491646,169656539.38492414,336.44480268901737,336.4487224812795,336.44464780612446,336.4485675983867,2,sparse_direct,not_applicable,5.421010862427522e-16,3.872150616019659e-16,0.008398699996178038,0.008710599999176338,0.015625,0.0,6.785340507951452e-05,6.785383588125922e-05,5.895061560009509,5.895024132459951,3.742754955826655e-05,2.323290369611795e-16,2.323290369611795e-16,4.64658073922359e-16,True,0.018300499999895692,0.015625,,
743,arpack_matvec,central_difference,1.0,0.0020373375775464136,0.12308203222467858,201562468.61320433,336.4447940334536,336.4487224812795,336.44464780612446,336.4485762539505,2,sparse_direct,not_applicable,3.1945242582162186e-16,6.9698711088353855e-16,0.008715800009667873,0.008031999997911043,0.015625,0.015625,6.785342537707149e-05,6.785381552098156e-05,5.895059796570933,5.895025901326259,3.389524467323213e-05,7.744301232039318e-17,1.5488602464078636e-16,2.323290369611795e-16,True,0.017905500004417263,0.03125,,
744,arpack_matvec,central_difference,1.0,0.0020373375775464136,0.1296229993669021,200727453.18658754,336.44476265045273,336.44872248127956,336.4446478061245,336.44860763695135,2,sparse_direct,not_applicable,6.195440985631454e-16,3.872150616019659e-16,0.007445199997164309,0.007246799999848008,0.0,0.015625,6.785343338938768e-05,6.78538080597192e-05,5.895059100466392,5.895026549548314,3.255091807830013e-05,7.744301232039318e-17,7.744301232039318e-17,1.5488602464078636e-16,True,0.01566629999433644,0.015625,,
745,arpack_matvec,central_difference,1.0,0.0020373375775464136,0.14923251737659118,195186303.23885933,336.4447095033146,336.4487224812795,336.44464780612446,336.4486607840894,2,sparse_direct,not_applicable,6.195440985631454e-16,3.872150616019659e-16,0.0077489999966928735,0.005529600006411783,0.0,0.0,6.78535032363372e-05,6.785373777610903e-05,5.895053032218243,5.895032655678373,2.037653986963761e-05,4.64658073922359e-16,7.744301232039318e-17,5.421010862427522e-16,True,0.014715600002091378,0.015625,,
746,arpack_matvec,central_difference,1.0,0.0020373375775464136,0.124014236238427,209545129.10802928,336.44471348878835,336.4487224812795,336.44464780612446,336.4486567986155,2,sparse_direct,not_applicable,5.421010862427522e-16,3.097720492815727e-16,0.009260199993150309,0.008230699997511692,0.0,0.015625,6.785351154611149e-05,6.785372964354486e-05,5.8950523102724075,5.895033362223638,1.8948048769118486e-05,2.323290369611795e-16,4.64658073922359e-16,2.323290369611795e-16,True,0.018979600004968233,0.015625,,
747,arpack_matvec,central_difference,1.0,0.0020373375775464136,0.11822954851391253,207658327.28790525,336.44469001152845,336.4487224812795,336.44464780612446,336.4486802758755,2,sparse_direct,not_applicable,5.421010862427522e-16,3.872150616019659e-16,0.00677690000156872,0.006311199991614558,0.0,0.0,6.785351247713588e-05,6.785372878231056e-05,5.895052229385843,5.895033437046424,1.8792339419704263e-05,1.5488602464078636e-16,2.323290369611795e-16,3.872150616019659e-16,True,0.014130700001260266,0.0,,
748,arpack_matvec,central_difference,1.0,0.0020373375775464136,0.12748010760964296,239926957.11882824,336.4446770075819,336.4487224812795,336.44464780612446,336.4486932798222,2,sparse_direct,not_applicable,4.64658073922359e-16,6.195440985631454e-16,0.005957699991995469,0.007957900001201779,0.0,0.015625,6.785352974834151e-05,6.785371152354617e-05,5.89505072887939,5.895034936463197,1.5792416193427528e-05,7.744301232039318e-17,7.744301232039318e-17,0.0,True,0.014879599999403581,0.015625,,
749,arpack_matvec,central_difference,1.0,0.0020373375775464136,0.13535283664775943,226062294.34128028,336.4446719594364,336.4487224812795,336.44464780612446,336.4486983279677,2,sparse_direct,not_applicable,4.64658073922359e-16,6.195440985631454e-16,0.0080110999988392,0.0069666000053985044,0.0,0.015625,6.785355247636478e-05,6.78536886021736e-05,5.895048754290806,5.89503692784045,1.1826450355911788e-05,7.744301232039318e-17,7.744301232039318e-17,1.5488602464078636e-16,True,0.01589619999867864,0.015625,,
750,arpack_matvec,central_difference,1.0,0.0020373375775464136,0.14295264730165097,184839321.87658298,336.4446484002648,336.4487224812795,336.44464780612446,336.4487218871392,2,sparse_direct,not_applicable,3.097720492815727e-16,3.872150616019659e-16,0.007876999996369705,0.004755500005558133,0.0,0.0,6.785356240509301e-05,6.785367857687426e-05,5.895047891692957,5.895037798825061,1.0092867896105417e-05,1.5488602464078636e-16,7.744301232039318e-17,2.323290369611795e-16,True,0.013305200001923367,0.0,,
751,arpack_matvec,central_difference,1.0,0.0020373375775464136,0.14005914595387217,196414159.10167417,336.44464780612446,336.448715506081,336.444654781323,336.4487224812795,2,sparse_direct,not_applicable,5.421010862427522e-16,4.64658073922359e-16,0.0065891999984160066,0.006848200006061234,0.015625,0.0,6.785354745341997e-05,6.785369377597943e-05,5.8950491906792575,5.895036478347214,1.2712332043918195e-05,2.323290369611795e-16,3.097720492815727e-16,7.744301232039318e-17,True,0.014108699993812479,0.015625,,
752,arpack_matvec,central_difference,1.0,0.0020373375775464136,0.16583767291372778,262722576.01909894,336.4446478061245,336.44871103504397,336.44465925236,336.44872248127956,2,sparse_direct,not_applicable,4.64658073922359e-16,4.64658073922359e-16,0.004727400009869598,0.008519100010744296,0.015625,0.0,6.785356688101866e-05,6.785367411767369e-05,5.895047502829153,5.895038186234531,9.316594621999741e-06,3.097720492815727e-16,7.744301232039318e-17,2.323290369611795e-16,True,0.013701800009584986,0.015625,,
753,arpack_matvec,central_difference,1.0,0.0020373375775464136,0.12974747746461265,156209998.54733646,336.4446478061245,336.4486962668848,336.4446740205192,336.44872248127956,2,sparse_direct,not_applicable,4.64658073922359e-16,3.097720492815727e-16,0.008143900005961768,0.008462500001769513,0.015625,0.0,6.785355144772464e-05,6.785368985289981e-05,5.895048843658033,5.8950368191790465,1.202447898673853e-05,1.5488602464078636e-16,1.5488602464078636e-16,0.0,True,0.01770050000050105,0.015625,,
754,arpack_matvec,central_difference,1.0,0.0020373375775464136,0.11745984942395504,226093912.17344278,336.4446478061245,336.4486914044244,336.4446788829797,336.44872248127956,2,sparse_direct,not_applicable,3.872150616019659e-16,3.872150616019659e-16,0.008662599997478537,0.008568499993998557,0.0,0.015625,6.7853549277898e-05,6.785369171884457e-05,5.895049032170412,5.895036657068293,1.2375102119044357e-05,1.5488602464078636e-16,0.0,1.5488602464078636e-16,True,0.01835939999727998,0.03125,,
755,arpack_matvec,central_difference,1.0,0.0020373375775464136,0.10922524259560691,151846365.4990875,336.44464780612446,336.4486475322978,336.4447227551063,336.4487224812795,2,sparse_direct,not_applicable,2.8073091966142525e-16,3.872150616019659e-16,0.00850660000287462,0.007752799996524118,0.0,0.015625,6.785349328451054e-05,6.785374860379438e-05,5.895053896824368,5.895031714985191,2.218183917701566e-05,7.744301232039318e-17,1.5488602464078636e-16,2.323290369611795e-16,True,0.017518399996333756,0.015625,,
756,arpack_matvec,central_difference,1.0,0.0020373375775464136,0.12087774707394025,250739489.47975656,336.4446478061245,336.4486734824268,336.4446968049772,336.44872248127956,2,sparse_direct,not_applicable,4.64658073922359e-16,2.323290369611795e-16,0.007637600007001311,0.007733100006589666,0.0,0.015625,6.785355564528964e-05,6.785368545609281e-05,5.895048478977797,5.8950372011677175,1.1277810079590722e-05,7.744301232039318e-17,0.0,7.744301232039318e-17,True,0.016337900000507943,0.015625,,
757,arpack_matvec,central_difference,1.0,0.0020373375775464136,0.1197986891147727,207048236.2895839,336.44464780612446,336.4486787344604,336.4446915529437,336.4487224812795,2,sparse_direct,not_applicable,3.097720492815727e-16,3.097720492815727e-16,0.007839800004148856,0.008262699993792921,0.0,0.015625,6.78535556387196e-05,6.78536862350897e-05,5.8950484795485965,5.895037133489513,1.1346059083372495e-05,3.097720492815727e-16,1.5488602464078636e-16,4.64658073922359e-16,True,0.01706079998984933,0.015625,,
758,arpack_matvec,central_difference,1.0,0.0020373375775464136,0.12165695267141606,210332361.08617958,336.44464780612446,336.4486865315628,336.44468375584125,336.4487224812795,2,sparse_direct,not_applicable,4.64658073922359e-16,5.421010862427522e-16,0.008178800009773113,0.007853900009649806,0.015625,0.0,6.785357843505676e-05,6.78536628490264e-05,5.89504649902648,5.895039165239986,7.333786494534422e-06,1.5488602464078636e-16,0.0,1.5488602464078636e-16,True,0.01699600000574719,0.015625,,
759,arpack_matvec,central_difference,1.0,0.0020373375775464136,0.13477410941632217,190297424.4416866,336.4446478061245,336.44868851005884,336.44468177734524,336.44872248127956,2,sparse_direct,not_applicable,3.872150616019659e-16,3.872150616019659e-16,0.007389299993519671,0.007666400008019991,0.015625,0.0,6.785359327611792e-05,6.785364820950754e-05,5.895045209651203,5.895040437102875,4.772548328091375e-06,1.5488602464078636e-16,1.5488602464078636e-16,0.0,True,0.016040899994550273,0.015625,,
760,arpack_matvec,central_difference,1.0,0.0020373375775464136,0.16303750365493744,248849061.5328817,336.44464780612446,336.44869160979215,336.4446786776118,336.4487224812795,2,sparse_direct,not_applicable,5.421010862427522e-16,3.872150616019659e-16,0.00957120000384748,0.006867999996757135,0.015625,0.0,6.785361149306731e-05,6.785362970965217e-05,5.895043626983194,5.895042044347704,1.5826354893277994e-06,0.0,2.323290369611795e-16,2.323290369611795e-16,True,0.0175732999923639,0.015625,,
761,arpack_matvec,central_difference,1.0,0.0020373375775464136,0.1622061935231391,232566401.1904197,336.4446478061245,336.4487081466037,336.4446621408004,336.44872248127956,2,sparse_direct,not_applicable,6.195440985631454e-16,4.64658073922359e-16,0.006779000003007241,0.008472499990602955,0.015625,0.0,6.78536271703144e-05,6.785361393165767e-05,5.895042264962335,5.895043415121279,1.1501589440854332e-06,0.0,7.744301232039318e-17,7.744301232039318e-17,True,0.016180100006749853,0.015625,,
762,arpack_matvec,central_difference,1.0,0.0020373375775464136,0.11768678624374768,205745708.84718674,336.4446478061245,336.44871050883756,336.4446597785665,336.44872248127956,2,sparse_direct,not_applicable,3.872150616019659e-16,3.872150616019659e-16,0.008266899996669963,0.0065968000126304105,0.015625,0.0,6.785365483656863e-05,6.785358639061556e-05,5.895039861352118,5.8950458078561,5.946503981668627e-06,1.5488602464078636e-16,0.0,1.5488602464078636e-16,True,0.015812999990885146,0.015625,,
763,arpack_matvec,central_difference,1.0,0.0020373375775464136,0.12158924835080652,235845526.19734356,336.4446478061245,336.44872003705416,336.4446502503498,336.44872248127956,2,sparse_direct,not_applicable,3.872150616019659e-16,3.872150616019659e-16,0.006892000004881993,0.007270499991136603,0.015625,0.0,6.785368103654624e-05,6.785356019527469e-05,5.895037585132022,5.895048083679711,1.049854768897518e-05,7.744301232039318e-17,7.744301232039318e-17,1.5488602464078636e-16,True,0.014868900005239993,0.015625,,
764,arpack_matvec,central_difference,1.0,0.0020373375775464136,0.12710459409405273,190268158.83429757,336.44465205932454,336.44872248127956,336.4446478061245,336.44871822807954,2,sparse_direct,not_applicable,5.421010862427522e-16,5.421010862427522e-16,0.007699699999648146,0.008510999992722645,0.015625,0.0,6.785369622117409e-05,6.785354499944864e-05,5.895036265912041,5.895049403877872,1.3137965830800624e-05,2.323290369611795e-16,3.097720492815727e-16,5.421010862427522e-16,True,0.017276699989452027,0.015625,,
765,arpack_matvec,central_difference,1.0,0.0020373375775464136,0.11566752057762072,206868265.3984488,336.4446638287133,336.4487224812795,336.44464780612446,336.44870645869076,2,sparse_direct,not_applicable,3.872150616019659e-16,3.097720492815727e-16,0.00905709998914972,0.00785679998807609,0.015625,0.015625,6.785370992841196e-05,6.785353119902795e-05,5.895035075046214,5.895050602845122,1.552779890801048e-05,7.744301232039318e-17,0.0,7.744301232039318e-17,True,0.01790690000052564,0.03125,,
766,arpack_matvec,central_difference,1.0,0.0020373375775464136,0.13555470705055425,186802431.72156152,336.4446705674096,336.44872248127956,336.4446478061245,336.44869971999435,2,sparse_direct,not_applicable,4.64658073922359e-16,5.421010862427522e-16,0.008435700001427904,0.007636900001671165,0.0,0.015625,6.785371496708803e-05,6.78535262443795e-05,5.895034637293142,5.895051033300324,1.6396007182173378e-05,2.323290369611795e-16,7.744301232039318e-17,3.097720492815727e-16,True,0.016915799991693348,0.015625,,
767,arpack_matvec,central_difference,1.0,0.0020373375775464136,0.13204219962306668,209864719.2736071,336.4446870614037,336.44872248127956,336.4446478061245,336.44868322600036,2,sparse_direct,not_applicable,4.64658073922359e-16,3.872150616019659e-16,0.008105600005364977,0.007772100012516603,0.0,0.015625,6.785374628864159e-05,6.785349480096033e-05,5.895031916122194,5.895053765076502,2.184895430801248e-05,2.323290369611795e-16,1.5488602464078636e-16,7.744301232039318e-17,True,0.017027299996698275,0.015625,,
768,arpack_matvec,central_difference,1.0,0.0020373375775464136,0.14219031836668605,172752561.40807495,336.4446970805012,336.4487224812795,336.44464780612446,336.44867320690275,2,sparse_direct,not_applicable,3.872150616019659e-16,3.872150616019659e-16,0.008480500007863156,0.008451999994576909,0.0,0.015625,6.785377916918162e-05,6.785346211700527e-05,5.895029059511474,5.895056604632013,2.7545120539151924e-05,7.744301232039318e-17,0.0,7.744301232039318e-17,True,0.017928600005689077,0.015625,,
769,arpack_matvec,central_difference,1.0,0.0020373375775464136,0.13780976863345315,191336402.66036603,336.4447060687043,336.4487224812795,336.44464780612446,336.44866421869966,2,sparse_direct,not_applicable,5.421010862427522e-16,3.097720492815727e-16,0.00813239999115467,0.007714299994404428,0.015625,0.0,6.785380604172325e-05,6.785343507323857e-05,5.895026724868467,5.895058954174601,3.222930613411279e-05,1.5488602464078636e-16,7.744301232039318e-17,2.323290369611795e-16,True,0.017306700014160015,0.015625,,
770,arpack_matvec,central_difference,1.0,0.0020373375775464136,0.1371210491035868,154554095.79095554,336.444717354854,336.44872248127956,336.4446478061245,336.4486529325501,2,sparse_direct,not_applicable,3.872150616019659e-16,3.097720492815727e-16,0.009037199997692369,0.009735799991176464,0.015625,0.0,6.785382610839435e-05,6.785341489282823e-05,5.895024981509703,5.895060707435052,3.572592534872854e-05,3.097720492815727e-16,2.323290369611795e-16,7.744301232039318e-17,True,0.020317999995313585,0.015625,,
771,arpack_matvec,central_difference,1.0,0.0020373375775464136,0.11618641457938811,201182601.77745095,336.4447405436482,336.44872248127956,336.4446478061245,336.44862974375576,2,sparse_direct,not_applicable,4.64658073922359e-16,3.872150616019659e-16,0.00780809999560006,0.00824799999827519,0.015625,0.015625,6.785392204469822e-05,6.785331905483022e-05,5.895016646738611,5.895069033789962,5.238705135113264e-05,7.744301232039318e-17,1.5488602464078636e-16,2.323290369611795e-16,True,0.017050700000254437,0.03125,,
772,arpack_matvec,central_difference,1.0,0.0020373375775464136,0.13890633544118133,221261856.53216973,336.4447402975872,336.44872248127956,336.4446478061245,336.4486299898169,2,sparse_direct,not_applicable,3.097720492815727e-16,4.64658073922359e-16,0.008367799993720837,0.005686799995601177,0.0,0.0,6.78539254504141e-05,6.78533155499704e-05,5.895016350856661,5.895069338290787,5.2987434125739696e-05,0.0,7.744301232039318e-17,7.744301232039318e-17,True,0.014900199996191077,0.0,,
773,arpack_matvec,central_difference,1.0,0.0020373375775464136,0.15292387260420418,152070534.40915784,336.44474355878003,336.44872248127956,336.4446478061245,336.44862672862405,2,sparse_direct,not_applicable,3.872150616019659e-16,4.64658073922359e-16,0.005802499988931231,0.005890799991902895,0.015625,0.0,6.785392011382965e-05,6.785332108144897e-05,5.895016814488717,5.8950688577181465,5.2043229429088456e-05,1.5488602464078636e-16,7.744301232039318e-17,2.323290369611795e-16,True,0.012314399995375425,0.015625,,
774,arpack_matvec,central_difference,1.0,0.0020373375775464136,0.12614931003547933,215605873.3324842,336.444735664474,336.44872248127956,336.4446478061245,336.44863462293006,2,sparse_direct,not_applicable,5.421010862427522e-16,5.421010862427522e-16,0.004857599997194484,0.007272999995620921,0.015625,0.0,6.785388222228813e-05,6.785335881541013e-05,5.895020106434102,5.895065579408817,4.5472974714577674e-05,7.744301232039318e-17,2.323290369611795e-16,3.097720492815727e-16,True,0.012531000000308268,0.015625,,
775,arpack_matvec,central_difference,1.0,0.0020373375775464136,0.14961019035683706,209447600.41903636,336.4447178061203,336.44872248127956,336.4446478061245,336.4486524812838,2,sparse_direct,not_applicable,6.9698711088353855e-16,3.097720492815727e-16,0.006311500008450821,0.00840510000125505,0.0,0.015625,6.785384197265544e-05,6.78533992526313e-05,5.895023603250009,5.895062066245536,3.846299552723309e-05,1.5488602464078636e-16,7.744301232039318e-17,2.323290369611795e-16,True,0.01551610000024084,0.015625,,
776,arpack_matvec,central_difference,1.0,0.0020373375775464136,0.1466735285949012,245981193.5362238,336.4447155441462,336.44872248127945,336.4446478061244,336.44865474325786,2,sparse_direct,not_applicable,3.872150616019659e-16,4.64658073922359e-16,0.008503400007612072,0.00848960000439547,0.015625,0.0,6.785383251574024e-05,6.785340855849966e-05,5.895024424850445,5.8950612577574635,3.6832907018613525e-05,0.0,1.5488602464078636e-16,1.5488602464078636e-16,True,0.017813099999330007,0.015625,,
777,arpack_matvec,central_difference,1.0,0.0020373375775464136,0.1500935585219408,173480757.21445167,336.4447112386556,336.44872248127956,336.4446478061245,336.4486590487485,2,sparse_direct,not_applicable,6.195440985631454e-16,3.872150616019659e-16,0.008193100002245046,0.007368699996732175,0.015625,0.0,6.785382696333605e-05,6.785341424737406e-05,5.895024907233823,5.895060763511691,3.58562778677296e-05,3.097720492815727e-16,2.323290369611795e-16,7.744301232039318e-17,True,0.016599999988102354,0.015625,,
778,arpack_matvec,central_difference,1.0,0.0020373375775464136,0.13915537414630752,231172213.57853323,336.4446934162118,336.4487224812795,336.44464780612446,336.4486768711923,2,sparse_direct,not_applicable,3.872150616019659e-16,5.421010862427522e-16,0.007637100003194064,0.0078295999992406,0.015625,0.0,6.785376786493696e-05,6.785347314966444e-05,5.895030041606542,5.895055646123225,2.5604516682875555e-05,7.744301232039318e-17,7.744301232039318e-17,0.0,True,0.016463299994939007,0.015625,,
779,arpack_matvec,central_difference,1.0,0.0020373375775464136,0.13243992518419898,203787642.72427544,336.4446832158362,336.4487224812795,336.44464780612446,336.44868707156786,2,sparse_direct,not_applicable,3.097720492815727e-16,6.195440985631454e-16,0.007710600009886548,0.007384899989119731,0.015625,0.0,6.785375753253194e-05,6.78534838722339e-05,5.895030939269991,5.895054714555087,2.377528509622806e-05,1.5488602464078636e-16,2.323290369611795e-16,7.744301232039318e-17,True,0.01597000000765547,0.015625,,
780,arpack_matvec,central_difference,1.0,0.0020373375775464136,0.13252637717959304,267094505.61135337,336.44466880659155,336.4487224812795,336.44464780612446,336.44870148081253,2,sparse_direct,not_applicable,3.872150616019659e-16,3.872150616019659e-16,0.007852499998989515,0.008491600005072542,0.015625,0.0,6.785372110749583e-05,6.785351984115633e-05,5.895034103823258,5.895051589606429,1.7485783170734237e-05,1.5488602464078636e-16,0.0,1.5488602464078636e-16,True,0.017093499991460703,0.015625,,
781,arpack_matvec,central_difference,1.0,0.0020373375775464136,0.11516345581361342,192911261.7865395,336.44465545162365,336.44872248127956,336.4446478061245,336.4487148357803,2,sparse_direct,not_applicable,6.9698711088353855e-16,3.872150616019659e-16,0.008010099991224706,0.006773299988708459,0.0,0.0,6.785375305299728e-05,6.785348812506957e-05,5.895031328445154,5.895054345072255,2.301662710113561e-05,1.5488602464078636e-16,7.744301232039318e-17,2.323290369611795e-16,True,0.015674399997806177,0.03125,,
782,arpack_matvec,central_difference,1.0,0.0020373375775464136,0.12498922699613808,219425841.8055425,336.4446572324874,336.4487224812795,336.44464780612446,336.4487130549166,2,sparse_direct,not_applicable,4.64658073922359e-16,5.421010862427522e-16,0.009069899999303743,0.00888660000055097,0.0,0.015625,6.785370265169199e-05,6.785353841515842e-05,5.895035707237499,5.8950499759146,1.4268677101192395e-05,2.323290369611795e-16,1.5488602464078636e-16,7.744301232039318e-17,True,0.01944550000189338,0.015625,,
783,arpack_matvec,central_difference,1.0,0.0020373375775464136,0.11165693065604435,168082037.6766186,336.44464780612446,336.4487190848588,336.4446512025453,336.4487224812795,2,sparse_direct,not_applicable,3.872150616019659e-16,6.9698711088353855e-16,0.007628199993632734,0.00818440000875853,0.0,0.015625,6.785375330857485e-05,6.785348798478863e-05,5.895031306240963,5.895054357259745,2.3051018782638266e-05,7.744301232039318e-17,0.0,7.744301232039318e-17,True,0.016861299998709,0.015625,,
784,arpack_matvec,central_difference,1.0,0.0020373375775464136,0.12298177312024597,220150637.2634972,336.44465753307577,336.4487224812795,336.44464780612446,336.4487127543282,2,sparse_direct,not_applicable,3.872150616019659e-16,3.872150616019659e-16,0.01028309999674093,0.008550499987904914,0.015625,0.0,6.7853702757195e-05,6.785353829370318e-05,5.895035698071544,5.895049986466514,1.428839497030765e-05,3.097720492815727e-16,1.5488602464078636e-16,1.5488602464078636e-16,True,0.020421199995325878,0.015625,,
785,arpack_matvec,central_difference,1.0,0.0020373375775464136,0.11981854223992552,187604757.10723045,336.4446478061245,336.4487208469365,336.4446494404676,336.44872248127956,2,sparse_direct,not_applicable,4.64658073922359e-16,6.195440985631454e-16,0.007515899997088127,0.008273700004792772,0.015625,0.0,6.785371373510325e-05,6.785352790978753e-05,5.895034744326236,5.895050888611232,1.6144284995966984e-05,4.64658073922359e-16,0.0,4.64658073922359e-16,True,0.01688889999059029,0.015625,,
786,arpack_matvec,central_difference,1.0,0.0020373375775464136,0.1549616808443449,250562101.04125082,336.44466031113797,336.4487224812795,336.44464780612446,336.448709976266,2,sparse_direct,not_applicable,4.64658073922359e-16,5.421010862427522e-16,0.00900000000547152,0.008947900001658127,0.015625,0.015625,6.78536927942301e-05,6.78535483863412e-05,5.89503656364026,5.895049109627984,1.2545987724266183e-05,1.5488602464078636e-16,1.5488602464078636e-16,3.097720492815727e-16,True,0.01907260000007227,0.03125,,
787,arpack_matvec,central_difference,1.0,0.0020373375775464136,0.11466815256057337,149936733.1531483,336.444691717722,336.44872248127956,336.4446478061245,336.4486785696821,2,sparse_direct,not_applicable,3.872150616019659e-16,3.872150616019659e-16,0.007993199993507005,0.006803799988119863,0.0,0.015625,6.785373351874842e-05,6.78535082071358e-05,5.895033025551608,5.895052600359639,1.9574808031386226e-05,3.097720492815727e-16,2.323290369611795e-16,5.421010862427522e-16,True,0.01554789999499917,0.015625,,
788,arpack_matvec,central_difference,1.0,0.0020373375775464136,0.14868403410349365,195475098.22279084,336.44468093045776,336.44872248127945,336.4446478061244,336.4486893569463,2,sparse_direct,not_applicable,4.64658073922359e-16,3.097720492815727e-16,0.008057500002905726,0.008495900008711033,0.0,0.015625,6.785369076070611e-05,6.785355048596398e-05,5.895036740310063,5.895048927214841,1.218690477777784e-05,1.5488602464078636e-16,1.5488602464078636e-16,3.097720492815727e-16,True,0.017533199992612936,0.015625,,
789,arpack_matvec,central_difference,1.0,0.0020373375775464136,0.13602475738239778,202187034.62665176,336.44466909754874,336.44872248127956,336.4446478061245,336.44870118985534,2,sparse_direct,not_applicable,6.9698711088353855e-16,4.64658073922359e-16,0.007334899986744858,0.007476500002667308,0.0,0.015625,6.785367691963824e-05,6.785356449340732e-05,5.895037942803537,5.895047710262358,9.76745882130814e-06,0.0,7.744301232039318e-17,7.744301232039318e-17,True,0.015538100007688627,0.015625,,
790,arpack_matvec,central_difference,1.0,0.0020373375775464136,0.13353022878163806,224932983.03145707,336.44464780612446,336.448720522786,336.4446497646181,336.4487224812795,2,sparse_direct,not_applicable,3.872150616019659e-16,6.9698711088353855e-16,0.0073561999888625,0.008165999999619089,0.0,0.015625,6.785365480462157e-05,6.785358633476808e-05,5.8950398641276385,5.895045812708069,5.948580430903405e-06,3.872150616019659e-16,1.5488602464078636e-16,2.323290369611795e-16,True,0.016293000007863156,0.015625,,
791,arpack_matvec,central_difference,1.0,0.0020373375775464136,0.11537437485768152,158869767.5814182,336.44465530570585,336.4487224812795,336.44464780612446,336.44871498169823,2,sparse_direct,not_applicable,5.421010862427522e-16,3.872150616019659e-16,0.0077674000058323145,0.008164400001987815,0.0,0.015625,6.785363547409979e-05,6.785360594101935e-05,5.8950415435394445,5.895044109338766,2.565799321452289e-06,3.872150616019659e-16,0.0,3.872150616019659e-16,True,0.017080299992812797,0.015625,,
792,arpack_matvec,central_difference,1.0,0.0020373375775464136,0.14731939711339773,225605535.65751675,336.4446676039314,336.44872248127956,336.4446478061245,336.4487026834727,2,sparse_direct,not_applicable,3.872150616019659e-16,3.678543085218676e-16,0.007921800002804957,0.007644799989066087,0.0,0.015625,6.785361262971851e-05,6.785362857396752e-05,5.8950435282322475,5.895042143014627,1.3852176206086142e-06,3.097720492815727e-16,7.744301232039318e-17,2.323290369611795e-16,True,0.01652710000053048,0.015625,,
793,arpack_matvec,central_difference,1.0,0.0020373375775464136,0.1366582894387067,241247304.27279937,336.4446594085889,336.44872248127956,336.4446478061245,336.4487108788152,2,sparse_direct,not_applicable,4.64658073922359e-16,3.872150616019659e-16,0.007322000004933216,0.008156900003086776,0.0,0.015625,6.785359765940373e-05,6.785364333578601e-05,5.8950448288362,5.895040860525761,3.968310439361744e-06,1.5488602464078636e-16,2.323290369611795e-16,7.744301232039318e-17,True,0.016606899996986613,0.015625,,
794,arpack_matvec,central_difference,1.0,0.0020373375775464136,0.12468904698645351,153749312.07661915,336.4446478061245,336.4487056850914,336.44466460231257,336.44872248127956,2,sparse_direct,not_applicable,3.097720492815727e-16,6.9698711088353855e-16,0.007732600002782419,0.008408499998040497,0.0,0.0,6.7853560139843e-05,6.785368106600915e-05,5.89504808849556,5.895037582572324,1.0505923236259207e-05,2.323290369611795e-16,2.323290369611795e-16,4.64658073922359e-16,True,0.01710589999856893,0.015625,,
795,arpack_matvec,central_difference,1.0,0.0020373375775464136,0.14772988055809397,207239765.17916486,336.44464780612446,336.448702562091,336.44466772531297,336.4487224812795,2,sparse_direct,not_applicable,4.840188270024574e-16,4.64658073922359e-16,0.008926499998779036,0.007082200012519024,0.015625,0.0,6.785353539813886e-05,6.785370569695179e-05,5.895050238030361,5.895035442669557,1.4795360804065183e-05,1.5488602464078636e-16,7.744301232039318e-17,2.323290369611795e-16,True,0.01669229999242816,0.015625,,
796,arpack_matvec,central_difference,1.0,0.0020373375775464136,0.14596151370484814,182859596.03862396,336.4446478061245,336.4486954160462,336.4446748713579,336.44872248127956,2,sparse_direct,not_applicable,6.195440985631454e-16,4.64658073922359e-16,0.009252999996533617,0.008716800002730452,0.015625,0.0,6.785351184800227e-05,6.785372947800178e-05,5.895052284044407,5.89503337660578,1.8907438627202566e-05,7.744301232039318e-17,3.097720492815727e-16,3.872150616019659e-16,True,0.018467499990947545,0.015625,,
797,arpack_matvec,central_difference,1.0,0.0020373375775464136,0.13094942496295994,184669949.67576966,336.4446478061245,336.4486883085806,336.4446819788234,336.44872248127956,2,sparse_direct,not_applicable,4.64658073922359e-16,3.097720492815727e-16,0.007975900007295422,0.008356400008779019,0.015625,0.0,6.785348053335673e-05,6.785376070666159e-05,5.895055004633996,5.895030663506462,2.4341127533134e-05,7.744301232039318e-17,7.744301232039318e-17,1.5488602464078636e-16,True,0.017349899993860163,0.015625,,
798,arpack_matvec,central_difference,1.0,0.0020373375775464136,0.15209044018868462,173678020.27392116,336.4446478061245,336.4487049557239,336.4446653316802,336.44872248127956,2,sparse_direct,not_applicable,3.097720492815727e-16,3.097720492815727e-16,0.008063000001129694,0.00812949999817647,0.015625,0.0,6.785348563603145e-05,6.785375542406015e-05,5.895054561317815,5.895031122450809,2.3438867006397857e-05,0.0,1.5488602464078636e-16,1.5488602464078636e-16,True,0.017336100005195476,0.015625,,
799,arpack_matvec,central_difference,1.0,0.0020373375775464136,0.12655277831682074,223868428.0877318,336.4446581781847,336.44872248127956,336.4446478061245,336.4487121092194,2,sparse_direct,not_applicable,3.29132802361671e-16,3.872150616019659e-16,0.006922200002009049,0.005058199996710755,0.0,0.0,6.785342003117252e-05,6.785382111875615e-05,5.895060261019063,5.8950254150010135,3.484601804970566e-05,0.0,1.5488602464078636e-16,1.5488602464078636e-16,True,0.012751400005072355,0.0,,
800,arpack_matvec,central_difference,1.0,0.0020373375775464136,0.1311399436852298,212156809.01592186,336.44466922807993,336.44872248127956,336.4446478061245,336.44870105932415,2,sparse_direct,not_applicable,6.195440985631454e-16,6.9698711088353855e-16,0.007934299996122718,0.0076000999979441985,0.015625,0.0,6.785335759517552e-05,6.785388370575781e-05,5.8950656854221855,5.895019977552996,4.570786918911551e-05,1.5488602464078636e-16,2.323290369611795e-16,3.872150616019659e-16,True,0.01632590001099743,0.015625,,
801,arpack_matvec,central_difference,1.0,0.0020373375775464136,0.1255717378800753,183205996.00127017,336.44467966442886,336.44872248127956,336.4446478061245,336.4486906229751,2,sparse_direct,not_applicable,6.195440985631454e-16,4.64658073922359e-16,0.00946970000222791,0.007797300000675023,0.015625,0.015625,6.78533539168142e-05,6.785388756349774e-05,5.895066004996389,5.895019642399702,4.6362596687110624e-05,1.5488602464078636e-16,0.0,1.5488602464078636e-16,True,0.017813200000091456,0.03125,,
802,arpack_matvec,central_difference,1.0,0.0020373375775464136,0.1195112301846462,222957649.4530513,336.4446478061245,336.4486486964275,336.4447215909766,336.44872248127956,2,sparse_direct,not_applicable,5.421010862427522e-16,3.872150616019659e-16,0.00807110000459943,0.006324700007098727,0.0,0.015625,6.785342668443854e-05,6.785381449793939e-05,5.8950596829877675,5.8950259902064515,3.3692781316041476e-05,7.744301232039318e-17,7.744301232039318e-17,1.5488602464078636e-16,True,0.01514629999292083,0.015625,,
803,arpack_matvec,central_difference,1.0,0.0020373375775464136,0.12415394208686523,195551940.57332435,336.44465925840547,336.44872248127956,336.4446478061245,336.4487110289986,2,sparse_direct,not_applicable,6.195440985631454e-16,3.872150616019659e-16,0.008057700004428625,0.007687399993301369,0.0,0.015625,6.785344938223324e-05,6.785379230753558e-05,5.895057711019421,5.895027918072275,2.979294714577918e-05,7.744301232039318e-17,3.872150616019659e-16,4.64658073922359e-16,True,0.016720200001145713,0.015625,,
804,arpack_matvec,central_difference,1.0,0.0020373375775464136,0.13902217998456112,257477075.267285,336.44469064262745,336.44872248127945,336.4446478061244,336.44867964477663,2,sparse_direct,not_applicable,4.64658073922359e-16,3.872150616019659e-16,0.007526800007326528,0.007741800000076182,0.0,0.015625,6.785351925987379e-05,6.785372189432127e-05,5.895051640107724,5.895034035464992,1.7604642732038656e-05,7.744301232039318e-17,7.744301232039318e-17,0.0,True,0.01607930001046043,0.015625,,
805,arpack_matvec,central_difference,1.0,0.0020373375775464136,0.12307558576895934,191440237.85075715,336.44468176030057,336.44872248127956,336.4446478061245,336.4486885271035,2,sparse_direct,not_applicable,4.64658073922359e-16,6.195440985631454e-16,0.00993699999526143,0.012886900003650226,0.0,0.015625,6.785356208183271e-05,6.78536792813969e-05,5.89504791977748,5.895037737617067,1.018216041259734e-05,0.0,2.323290369611795e-16,2.323290369611795e-16,True,0.02421370000229217,0.015625,,
806,arpack_matvec,central_difference,1.0,0.0020373375775464136,0.13248265162608927,224328081.80280927,336.4446908470838,336.4487224812795,336.44464780612446,336.4486794403203,2,sparse_direct,not_applicable,3.872150616019659e-16,6.195440985631454e-16,0.010782500001369044,0.01003570000466425,0.015625,0.015625,6.78536228776329e-05,6.785361841374906e-05,5.895042637905411,5.895043025722394,3.8781698297185585e-07,7.744301232039318e-17,0.0,7.744301232039318e-17,True,0.022524100000737235,0.03125,,
807,arpack_matvec,central_difference,1.0,0.0020373375775464136,0.12055373523360458,195558996.03262827,336.44466885928045,336.4487224812795,336.44464780612446,336.4487014281236,2,sparse_direct,not_applicable,3.097720492815727e-16,3.097720492815727e-16,0.010185399994952604,0.006215100002009422,0.0,0.015625,6.78536949784961e-05,6.785354644222276e-05,5.8950363738742055,5.895049278531074,1.2904656868428788e-05,7.744301232039318e-17,1.5488602464078636e-16,7.744301232039318e-17,True,0.017859899991890416,0.015625,,
808,arpack_matvec,central_difference,1.0,0.0020373375775464136,0.11109353024846076,242695342.2283254,336.44467757816403,336.44872248127956,336.4446478061245,336.44869270923994,2,sparse_direct,not_applicable,3.097720492815727e-16,3.872150616019659e-16,0.008452399997622706,0.007843999992473982,0.0,0.015625,6.78537617609911e-05,6.785347913246464e-05,5.895030571907934,5.89505512634236,2.4554434426171667e-05,2.323290369611795e-16,2.323290369611795e-16,0.0,True,0.017132100008893758,0.015625,,
809,arpack_matvec,central_difference,1.0,0.0020373375775464136,0.1228414426459282,221166647.4582725,336.44464780612446,336.4487058648793,336.4446644225248,336.4487224812795,2,sparse_direct,not_applicable,3.872150616019659e-16,3.872150616019659e-16,0.009078100003534928,0.007076099995174445,0.015625,0.0,6.785391187863154e-05,6.785332936459887e-05,5.895017529946825,5.89506813808155,5.0608134724683396e-05,7.744301232039318e-17,7.744301232039318e-17,0.0,True,0.016866999998455867,0.015625,,
810,arpack_matvec,central_difference,1.0,0.0020373375775464136,0.14988977572064785,237068004.09940293,336.44467401381297,336.4487224812795,336.44464780612446,336.448696273591,2,sparse_direct,not_applicable,4.64658073922359e-16,4.64658073922359e-16,0.0073114999977406114,0.007848299996112473,0.015625,0.0,6.785381813226825e-05,6.78534228907884e-05,5.895025674462052,5.895060012577537,3.4338115485255116e-05,0.0,7.744301232039318e-17,7.744301232039318e-17,True,0.015894199998001568,0.015625,,
811,arpack_matvec,central_difference,1.0,0.0020373375775464136,0.1200517107816604,183926136.06524137,336.44464780612446,336.4487066972841,336.44466359012,336.4487224812795,2,sparse_direct,not_applicable,3.872150616019659e-16,4.64658073922359e-16,0.008576700012781657,0.007354599991231225,0.015625,0.0,6.785397730381457e-05,6.785326389193579e-05,5.895011845938073,5.8950738263239115,6.198038583882237e-05,3.872150616019659e-16,7.744301232039318e-17,4.64658073922359e-16,True,0.01678969999193214,0.015625,,
812,arpack_matvec,central_difference,1.0,0.0020373375775464136,0.12749401631269902,214141948.90551785,336.4446808532158,336.4487224812795,336.44464780612446,336.44868943418817,2,sparse_direct,not_applicable,5.421010862427522e-16,6.195440985631454e-16,0.007640399999218062,0.008310000004712492,0.015625,0.0,6.785386325477451e-05,6.785337772203368e-05,5.8950217542971535,5.895063936811359,4.2182514205180155e-05,2.323290369611795e-16,0.0,2.323290369611795e-16,True,0.016794299997854978,0.015625,,
813,arpack_matvec,central_difference,1.0,0.0020373375775464136,0.1286195337187985,208844379.90401375,336.44464780612446,336.4487175544726,336.4446527329314,336.4487224812795,2,sparse_direct,not_applicable,5.421010862427522e-16,3.872150616019659e-16,0.009294300005421974,0.006467100000008941,0.015625,0.0,6.785387145916023e-05,6.785336994658838e-05,5.895021041514946,5.8950646123378245,4.3570822878535864e-05,0.0,1.5488602464078636e-16,1.5488602464078636e-16,True,0.016755200005718507,0.015625,,
814,arpack_matvec,central_difference,1.0,0.0020373375775464136,0.15513498812220622,241826122.9438623,336.4446879009396,336.4487224812795,336.44464780612446,336.4486823864644,2,sparse_direct,not_applicable,3.872150616019659e-16,5.421010862427522e-16,0.008327199990162626,0.007465899994713254,0.015625,0.0,6.785382382775564e-05,6.785341731954965e-05,5.895025179647721,5.895060496603075,3.531695535397006e-05,7.744301232039318e-17,1.5488602464078636e-16,7.744301232039318e-17,True,0.01658589999715332,0.015625,,
815,arpack_matvec,central_difference,1.0,0.0020373375775464136,0.1145636623322327,176816575.50004154,336.4447473219318,336.44872248127956,336.4446478061245,336.4486229654723,2,sparse_direct,not_applicable,4.64658073922359e-16,7.744301232039318e-16,0.008442000005743466,0.008573800005251542,0.015625,0.015625,6.785390205869506e-05,6.785333943926534e-05,5.895018383084167,5.89506726279898,4.887971481259967e-05,1.5488602464078636e-16,7.744301232039318e-17,2.323290369611795e-16,True,0.018242400008603,0.03125,,
816,arpack_matvec,central_difference,1.0,0.0020373375775464136,0.1425090206193294,202420563.71886232,336.44474057673096,336.44872248127945,336.4446478061244,336.4486297106731,2,sparse_direct,not_applicable,3.872150616019659e-16,4.64658073922359e-16,0.007875900002545677,0.012298600006033666,0.0,0.015625,6.785380057991374e-05,6.785344065117123e-05,5.895027199381505,5.895058469567755,3.12701862501541e-05,7.744301232039318e-17,0.0,7.744301232039318e-17,True,0.02100409999547992,0.015625,,
817,arpack_matvec,central_difference,1.0,0.0020373375775464136,0.1272659260833147,233917355.02272436,336.44472601923235,336.4487224812795,336.44464780612446,336.44864426817173,2,sparse_direct,not_applicable,3.097720492815727e-16,4.64658073922359e-16,0.00823550000495743,0.007742999994661659,0.015625,0.0,6.785375309719169e-05,6.785348831225558e-05,5.895031324605611,5.895054328809691,2.300420407941317e-05,2.323290369611795e-16,2.323290369611795e-16,0.0,True,0.01682200000504963,0.015625,,
818,arpack_matvec,central_difference,1.0,0.0020373375775464136,0.1424193116566659,233257351.5187966,336.44464780612446,336.4487117294318,336.4446585579723,336.4487224812795,2,sparse_direct,not_applicable,3.097720492815727e-16,3.872150616019659e-16,0.006432100009988062,0.009581899998011068,0.015625,0.0,6.785367731923168e-05,6.785356380960035e-05,5.895037908087386,5.895047769670802,9.861583415649022e-06,3.097720492815727e-16,1.5488602464078636e-16,1.5488602464078636e-16,True,0.016962299996521324,0.015625,,
819,arpack_matvec,central_difference,1.0,0.0020373375775464136,0.12109470176807394,178668882.45030266,336.4447044810942,336.44872248127956,336.4446478061245,336.44866580630975,2,sparse_direct,not_applicable,3.872150616019659e-16,4.64658073922359e-16,0.007772099997964688,0.00728499999968335,0.015625,0.0,6.785360597967768e-05,6.785363525572532e-05,5.895044105980174,5.895041562511554,2.54346862060828e-06,7.744301232039318e-17,0.0,7.744301232039318e-17,True,0.01577190001262352,0.015625,,
820,arpack_matvec,central_difference,1.0,0.0020373375775464136,0.1568600581645741,250504290.13116583,336.44468612206623,336.44872248127956,336.4446478061245,336.44868416533785,2,sparse_direct,not_applicable,4.64658073922359e-16,3.872150616019659e-16,0.00810960000671912,0.010082700013299473,0.015625,0.0,6.785355753248583e-05,6.785368364390521e-05,5.895048315020101,5.89503735860815,1.095641195103525e-05,2.323290369611795e-16,7.744301232039318e-17,1.5488602464078636e-16,True,0.018965099996421486,0.015625,,
821,arpack_matvec,central_difference,1.0,0.0020373375775464136,0.14694288829671534,248052228.03712982,336.4446673912417,336.44872248127956,336.4446478061245,336.4487028961624,2,sparse_direct,not_applicable,3.678543085218676e-16,3.097720492815727e-16,0.006569100005435757,0.007970099992235191,0.015625,0.0,6.785352685152297e-05,6.785371418098904e-05,5.895050980552266,5.895034705588309,1.6274963956952604e-05,3.872150616019659e-16,1.5488602464078636e-16,2.323290369611795e-16,True,0.015593000003718771,0.015625,,
822,arpack_matvec,central_difference,1.0,0.0020373375775464136,0.1444178487425836,163758524.00846192,336.4446478061245,336.44870030199434,336.44466998540975,336.44872248127956,2,sparse_direct,not_applicable,4.64658073922359e-16,4.64658073922359e-16,0.007863100006943569,0.006881499997689389,0.015625,0.0,6.785344814476068e-05,6.78537929746346e-05,5.895057818530127,5.89502786011579,2.9958414336839212e-05,1.5488602464078636e-16,1.5488602464078636e-16,0.0,True,0.015505200004554354,0.015625,,
823,arpack_matvec,central_difference,1.0,0.0020373375775464136,0.15259155506148378,261141591.4048675,336.4446478061245,336.44867449054664,336.44469579685745,336.44872248127956,2,sparse_direct,not_applicable,3.097720492815727e-16,3.872150616019659e-16,0.007851600006688386,0.008993199997348711,0.015625,0.015625,6.785338665270591e-05,6.78538543734488e-05,5.895063160919596,5.895022525890879,4.063502871698432e-05,7.744301232039318e-17,7.744301232039318e-17,0.0,True,0.017990199994528666,0.03125,,
824,arpack_matvec,central_difference,1.0,0.0020373375775464136,0.14189688572215944,189447501.758332,336.4446478061245,336.4486528450042,336.4447174423999,336.44872248127956,2,sparse_direct,not_applicable,3.097720492815727e-16,3.872150616019659e-16,0.007901000004494563,0.007978099994943477,0.0,0.015625,6.785329768418782e-05,6.785394371898936e-05,5.895070890463352,5.8950147637189945,5.612674435795384e-05,7.744301232039318e-17,7.744301232039318e-17,1.5488602464078636e-16,True,0.016847999999299645,0.015625,,
825,arpack_matvec,central_difference,1.0,0.0020373375775464136,0.13818578566287437,220978281.67764938,336.4446478061245,336.4486500143918,336.4447202730122,336.44872248127956,2,sparse_direct,not_applicable,5.421010862427522e-16,3.097720492815727e-16,0.007511899995733984,0.00831849999667611,0.0,0.015625,6.785327851977153e-05,6.785396255555906e-05,5.895072555461641,5.89501312723599,5.9428225650748345e-05,2.323290369611795e-16,1.5488602464078636e-16,3.872150616019659e-16,True,0.016827900006319396,0.015625,,
826,arpack_matvec,central_difference,1.0,0.0020373375775464136,0.15830848071852519,180823583.30252773,336.4446478061245,336.4486780688017,336.44469221860237,336.44872248127956,2,sparse_direct,not_applicable,4.64658073922359e-16,4.64658073922359e-16,0.0071026000077836215,0.008394899996346794,0.0,0.015625,6.785330618750257e-05,6.785393482487383e-05,5.895070151698418,5.8950155364220445,5.461527637340424e-05,7.744301232039318e-17,2.323290369611795e-16,1.5488602464078636e-16,True,0.016559700001380406,0.015625,,
827,arpack_matvec,central_difference,1.0,0.0020373375775464136,0.1400523139339531,235334786.45506635,336.4446478061245,336.4486675614092,336.4447027259949,336.44872248127956,2,sparse_direct,not_applicable,3.872150616019659e-16,3.872150616019659e-16,0.007349999999860302,0.008308199991006404,0.0,0.015625,6.785323241991125e-05,6.785400872114898e-05,5.895076560606443,5.895009116466933,6.744413950965367e-05,2.323290369611795e-16,1.5488602464078636e-16,7.744301232039318e-17,True,0.016687600000295788,0.015625,,
828,arpack_matvec,central_difference,1.0,0.0020373375775464136,0.13271445907224966,217527463.54667234,336.4446478061245,336.4487105741851,336.444659713219,336.44872248127956,2,sparse_direct,not_applicable,3.872150616019659e-16,6.195440985631454e-16,0.007800899998983368,0.00791610000305809,0.0,0.015625,6.785318147957646e-05,6.785405976503854e-05,5.895080986296839,5.895004681887848,7.63044089913123e-05,0.0,1.5488602464078636e-16,1.5488602464078636e-16,True,0.016516200004843995,0.015625,,
829,arpack_matvec,central_difference,1.0,0.0020373375775464136,0.13176774598552524,167434837.66858947,336.4446478061245,336.4486773478353,336.44469293956865,336.44872248127956,2,sparse_direct,not_applicable,4.64658073922359e-16,4.64658073922359e-16,0.0051398999930825084,0.005945100012468174,0.0,0.0,6.785329385216678e-05,6.78539474387233e-05,5.895071223388026,5.8950144405559755,5.678283205057255e-05,0.0,7.744301232039318e-17,7.744301232039318e-17,True,0.01158469999791123,0.0,,
830,arpack_matvec,central_difference,1.0,0.0020373375775464136,0.15657815073312786,267860122.44347143,336.4446478061245,336.4486815932652,336.4446886941388,336.44872248127956,2,sparse_direct,not_applicable,4.0657581468206416e-16,3.097720492815727e-16,0.007946300000185147,0.009825000001001172,0.0,0.015625,6.785348027728336e-05,6.785376077898129e-05,5.895055026881441,5.895030657223438,2.436965800356461e-05,7.744301232039318e-17,1.5488602464078636e-16,7.744301232039318e-17,True,0.01877070000045933,0.015625,,
831,arpack_matvec,central_difference,1.0,0.0020373375775464136,0.14403245952620944,233836937.32615232,336.4446478061245,336.448683351685,336.44468693571906,336.44872248127956,2,sparse_direct,not_applicable,3.097720492815727e-16,5.421010862427522e-16,0.007497099999454804,0.008518299990100786,0.0,0.015625,6.785352655969929e-05,6.785371485109535e-05,5.895051005905636,5.895034647370421,1.635853521442243e-05,0.0,3.097720492815727e-16,3.097720492815727e-16,True,0.01693640000303276,0.015625,,
832,arpack_matvec,central_difference,1.0,0.0020373375775464136,0.1451978122207227,208393402.03792813,336.4446478061245,336.4486914006,336.44467888680396,336.44872248127956,2,sparse_direct,not_applicable,3.872150616019659e-16,4.64658073922359e-16,0.007950499988510273,0.007921100012026727,0.015625,0.0,6.785360431084829e-05,6.78536368633048e-05,5.895044250966177,5.895041422847001,2.8281191761792e-06,2.323290369611795e-16,3.097720492815727e-16,5.421010862427522e-16,True,0.016903000010643154,0.015625,,
833,arpack_matvec,central_difference,1.0,0.0020373375775464136,0.12058686052173902,187012005.05914333,336.44470261573485,336.44872248127956,336.4446478061245,336.4486676716692,2,sparse_direct,not_applicable,3.872150616019659e-16,6.195440985631454e-16,0.007784600005834363,0.006080299994209781,0.015625,0.0,6.785371221063605e-05,6.785352932012063e-05,5.895034876769795,5.895050766082817,1.5889313021766327e-05,7.744301232039318e-17,7.744301232039318e-17,0.0,True,0.014763899991521612,0.015625,,
834,arpack_matvec,central_difference,1.0,0.0020373375775464136,0.14119458699863177,232893126.55059487,336.4446785544435,336.4487224812795,336.44464780612446,336.44869173296047,2,sparse_direct,not_applicable,3.097720492815727e-16,3.872150616019659e-16,0.008593699996708892,0.006990800000494346,0.015625,0.0,6.785374913210798e-05,6.785349202908016e-05,5.8950316690861,5.895054005895097,2.233680899710322e-05,0.0,7.744301232039318e-17,7.744301232039318e-17,True,0.01656300001195632,0.015625,,
835,arpack_matvec,central_difference,1.0,0.0020373375775464136,0.13782714920077427,222735789.0477393,336.4446509100276,336.4487224812795,336.44464780612446,336.4487193773764,2,sparse_direct,not_applicable,4.64658073922359e-16,3.097720492815727e-16,0.0060840000078314915,0.005220600010943599,0.015625,0.0,6.785383987511465e-05,6.785340154761209e-05,5.8950237854807055,5.895061866859009,3.8081378303189695e-05,7.744301232039318e-17,0.0,7.744301232039318e-17,True,0.011719399990397505,0.015625,,
836,arpack_matvec,central_difference,1.0,0.0020373375775464136,0.1221343625380874,212291590.14972115,336.4446962571724,336.4487224812795,336.44464780612446,336.4486740302316,2,sparse_direct,not_applicable,3.872150616019659e-16,4.64658073922359e-16,0.006199199997354299,0.01023189999978058,0.0,0.015625,6.785393449225391e-05,6.785330657704372e-05,5.8950155653194045,5.895070117855228,5.455253582375974e-05,1.5488602464078636e-16,2.323290369611795e-16,3.872150616019659e-16,True,0.017779799993149936,0.015625,,
837,arpack_matvec,central_difference,1.0,0.0020373375775464136,0.12254288160786504,185775170.14868814,336.4446536942632,336.44872248127956,336.4446478061245,336.4487165931408,2,sparse_direct,not_applicable,4.64658073922359e-16,3.097720492815727e-16,0.008071200005360879,0.009308300010161474,0.015625,0.0,6.785412575633932e-05,6.785311568238913e-05,5.894998948720959,5.895086702758701,8.77540377421937e-05,7.744301232039318e-17,2.323290369611795e-16,3.097720492815727e-16,True,0.018543600002885796,0.015625,,
838,arpack_matvec,central_difference,1.0,0.0020373375775464136,0.15306179079809207,240945565.49393126,336.44468935953455,336.4487224812795,336.44464780612446,336.4486809278694,2,sparse_direct,not_applicable,3.097720492815727e-16,3.872150616019659e-16,0.007784100002027117,0.00910140000632964,0.0,0.0,6.78538952335586e-05,6.785334581984088e-05,5.895018976039144,5.895066708457533,4.7732418388513054e-05,1.5488602464078636e-16,7.744301232039318e-17,2.323290369611795e-16,True,0.01763129999744706,0.0,,
839,arpack_matvec,central_difference,1.0,0.0020373375775464136,0.12065044376878485,171517894.66874412,336.44465684432714,336.44872248127956,336.4446478061245,336.4487134430768,2,sparse_direct,not_applicable,6.195440985631454e-16,3.097720492815727e-16,0.007306899991817772,0.008831500002997927,0.015625,0.0,6.785415820090725e-05,6.785308327142607e-05,5.894996130018334,5.895089518628344,9.338861001051413e-05,7.744301232039318e-17,7.744301232039318e-17,0.0,True,0.017118799994932488,0.03125,,
840,arpack_matvec,central_difference,1.0,0.0020373375775464136,0.12896068105834996,215438826.37645182,336.44469965736096,336.4487224812795,336.44464780612446,336.448670630043,2,sparse_direct,not_applicable,6.195440985631454e-16,6.9698711088353855e-16,0.008217900001909584,0.008877600004780106,0.0,0.015625,6.785395744132043e-05,6.785328363811956e-05,5.89501357155059,5.895072110781127,5.853923053766863e-05,7.744301232039318e-17,0.0,7.744301232039318e-17,True,0.018433399993227795,0.015625,,
841,arpack_matvec,central_difference,1.0,0.0020373375775464136,0.12463818389582228,197644355.68238312,336.44466045478464,336.4487224812795,336.44464780612446,336.44870983261933,2,sparse_direct,not_applicable,5.421010862427522e-16,3.872150616019659e-16,0.008680200000526384,0.005178899999009445,0.0,0.015625,6.785392493428715e-05,6.785331661824278e-05,5.895016395696761,5.895069245479705,5.2849782944619506e-05,3.097720492815727e-16,0.0,3.097720492815727e-16,True,0.014499099997919984,0.015625,,
842,arpack_matvec,central_difference,1.0,0.0020373375775464136,0.1601499235327623,250042230.69560575,336.44468132837125,336.4487224812795,336.44464780612446,336.4486889590327,2,sparse_direct,not_applicable,3.872150616019659e-16,3.872150616019659e-16,0.005930900006205775,0.005834800002048723,0.0,0.0,6.785378917927465e-05,6.785345194950796e-05,5.895028189850546,5.8950574879764925,2.929812594665293e-05,7.744301232039318e-17,1.5488602464078636e-16,2.323290369611795e-16,True,0.012548700004117563,0.0,,
843,arpack_matvec,central_difference,1.0,0.0020373375775464136,0.12102379327579928,163405012.80147618,336.4447079977336,336.44872248127956,336.4446478061245,336.4486622896705,2,sparse_direct,not_applicable,3.097720492815727e-16,3.097720492815727e-16,0.007125800009816885,0.010588900011498481,0.015625,0.015625,6.785379715412268e-05,6.785344436260361e-05,5.895027497008644,5.895058147121178,3.0650112534225116e-05,7.744301232039318e-17,0.0,7.744301232039318e-17,True,0.01847249999991618,0.03125,,
844,arpack_matvec,central_difference,1.0,0.0020373375775464136,0.1409749603299992,229117422.82201368,336.44468812073086,336.44872248127945,336.4446478061244,336.4486821666732,2,sparse_direct,not_applicable,3.097720492815727e-16,4.64658073922359e-16,0.006507800004328601,0.005880400000023656,0.0,0.0,6.785367447639789e-05,6.785356672659324e-05,5.895038155069043,5.895047516245474,9.361176430466855e-06,7.744301232039318e-17,7.744301232039318e-17,1.5488602464078636e-16,True,0.013032200004090555,0.0,,
845,arpack_matvec,central_difference,1.0,0.0020373375775464136,0.1370691357552075,249893924.44407874,336.44466954824907,336.4487224812795,336.44464780612446,336.448700739155,2,sparse_direct,not_applicable,5.421010862427522e-16,3.872150616019659e-16,0.004988700005924329,0.006349899995257147,0.015625,0.0,6.785359830400854e-05,6.785364310035807e-05,5.8950447728336535,5.89504088097945,3.891854203352807e-06,0.0,0.0,0.0,True,0.011867900000652298,0.015625,,
846,arpack_matvec,central_difference,1.0,0.0020373375775464136,0.14541420920805684,237392837.05248326,336.44464780612446,336.44869650396845,336.44467378343563,336.4487224812795,2,sparse_direct,not_applicable,3.7753468506191674e-16,3.3881317890172014e-16,0.004830899997614324,0.005848700006026775,0.015625,0.0,6.785353004216031e-05,6.78537110846455e-05,5.89505070335269,5.895034974594268,1.5728758421929e-05,1.5488602464078636e-16,0.0,1.5488602464078636e-16,True,0.011159799993038177,0.015625,,
847,arpack_matvec,central_difference,1.0,0.0020373375775464136,0.13589491104011586,174091383.87438577,336.44464780612446,336.44871283902637,336.4446574483777,336.4487224812795,2,sparse_direct,not_applicable,4.64658073922359e-16,3.872150616019659e-16,0.007634099994902499,0.004789200000232086,0.0,0.015625,6.78533949462502e-05,6.785384625983542e-05,5.895062440381332,5.895023230787304,3.920959402758939e-05,2.323290369611795e-16,7.744301232039318e-17,3.097720492815727e-16,True,0.013090599997667596,0.015625,,
848,arpack_matvec,central_difference,1.0,0.0020373375775464136,0.1312168149250936,221783312.77025178,336.4446478061245,336.44870057088735,336.4446697165167,336.44872248127956,2,sparse_direct,not_applicable,3.097720492815727e-16,3.4849355544176928e-16,0.005581199991866015,0.007530999995651655,0.0,0.015625,6.785326914252355e-05,6.785397212374812e-05,5.895073370154255,5.895012295971463,6.107418279199806e-05,7.744301232039318e-17,2.323290369611795e-16,1.5488602464078636e-16,True,0.013581799998064525,0.015625,,
849,arpack_matvec,central_difference,1.0,0.0020373375775464136,0.14458111701148119,223213371.26683283,336.44464780612446,336.44865963742023,336.44471064998373,336.4487224812795,2,sparse_direct,not_applicable,3.872150616019659e-16,4.64658073922359e-16,0.006335500002023764,0.007091499996022321,0.0,0.015625,6.785330303855417e-05,6.785393806957604e-05,5.895070425277904,5.895015254528753,5.5170749151400855e-05,1.5488602464078636e-16,2.323290369611795e-16,7.744301232039318e-17,True,0.014042900002095848,0.015625,,
850,arpack_matvec,central_difference,1.0,0.0020373375775464136,0.14861344653562725,168183018.88755232,336.4446478061245,336.4486753916965,336.4446948957076,336.44872248127956,2,sparse_direct,not_applicable,4.64658073922359e-16,6.195440985631454e-16,0.006047000002581626,0.008022099995287135,0.0,0.015625,6.785330680526976e-05,6.785393424413669e-05,5.895070098027034,5.895015586875338,5.451115169563536e-05,0.0,7.744301232039318e-17,7.744301232039318e-17,True,0.014971299999160692,0.015625,,
851,arpack_matvec,central_difference,1.0,0.0020373375775464136,0.1372889513517077,212543883.03028524,336.4446478061245,336.4486509981778,336.44471928922616,336.44872248127956,2,sparse_direct,not_applicable,3.872150616019659e-16,3.872150616019659e-16,0.007765600006678142,0.009008299995912239,0.0,0.015625,6.785326894024986e-05,6.785397210428592e-05,5.895073387727738,5.895012297662298,6.109006544008366e-05,0.0,7.744301232039318e-17,7.744301232039318e-17,True,0.017825100003392436,0.015625,,
852,arpack_matvec,central_difference,1.0,0.0020373375775464136,0.1375640009901675,183652159.98491907,336.4446478061245,336.44865304676483,336.44471724063925,336.44872248127956,2,sparse_direct,not_applicable,4.64658073922359e-16,3.581739319818184e-16,0.009742499998537824,0.010377300000982359,0.0,0.015625,6.785326080591223e-05,6.785398060345488e-05,5.895074094436843,5.895011559272227,6.253516461640629e-05,1.5488602464078636e-16,7.744301232039318e-17,7.744301232039318e-17,True,0.021565100003499538,0.015625,,
853,arpack_matvec,central_difference,1.0,0.0020373375775464136,0.13649909662021864,215632410.86262804,336.4446478061245,336.4486477480489,336.44472253935504,336.44872248127956,2,sparse_direct,not_applicable,3.581739319818184e-16,3.872150616019659e-16,0.008996799995657057,0.009037700001499616,0.015625,0.0,6.785324732034082e-05,6.785399375585038e-05,5.895075266060101,5.895010416619905,6.484944019646832e-05,1.5488602464078636e-16,0.0,1.5488602464078636e-16,True,0.019157800008542836,0.015625,,
854,arpack_matvec,central_difference,1.0,0.0020373375775464136,0.15507660933370282,178474091.05111012,336.4446478061245,336.44867338032174,336.44469690708235,336.44872248127956,2,sparse_direct,not_applicable,3.097720492815727e-16,3.097720492815727e-16,0.008358899998711422,0.007983200004673563,0.015625,0.0,6.785329301682883e-05,6.785394797794875e-05,5.8950712959619045,5.895014393709154,5.690225275056804e-05,7.744301232039318e-17,7.744301232039318e-17,1.5488602464078636e-16,True,0.01733020000392571,0.015625,,
855,arpack_matvec,central_difference,1.0,0.0020373375775464136,0.13563059692122156,230656966.3145963,336.4446478061245,336.4486626910508,336.4447075963533,336.44872248127956,2,sparse_direct,not_applicable,3.097720492815727e-16,5.421010862427522e-16,0.009139999994658865,0.009239500010153279,0.015625,0.015625,6.785322481550446e-05,6.785401638308772e-05,5.895077221276004,5.895008450814387,6.877046161690714e-05,1.5488602464078636e-16,3.872150616019659e-16,5.421010862427522e-16,True,0.019485700002405792,0.03125,,
856,arpack_matvec,central_difference,1.0,0.0020373375775464136,0.12821932088019036,214394223.82465753,336.4446478061245,336.44868459308304,336.44468569432104,336.44872248127956,2,sparse_direct,not_applicable,6.195440985631454e-16,4.64658073922359e-16,0.009499699997832067,0.005479300001752563,0.0,0.015625,6.785320479061874e-05,6.78540364664064e-05,5.895078961035357,5.895006706020128,7.225501522878375e-05,0.0,1.5488602464078636e-16,1.5488602464078636e-16,True,0.015875100012635812,0.015625,,
857,arpack_matvec,central_difference,1.0,0.0020373375775464136,0.13248330611788833,175139434.18188816,336.4446478061245,336.4486795574593,336.4446907299447,336.44872248127956,2,sparse_direct,not_applicable,4.162561912221133e-16,3.872150616019659e-16,0.00905919999058824,0.008068399998592213,0.0,0.015625,6.785333173530962e-05,6.785390957568567e-05,5.895067932115224,5.895017730022345,5.020209287920352e-05,1.5488602464078636e-16,0.0,1.5488602464078636e-16,True,0.018226700005470775,0.015625,,
858,arpack_matvec,central_difference,1.0,0.0020373375775464136,0.1596260896339273,274513354.4964488,336.4446478061245,336.4486944477233,336.44467583968066,336.44872248127956,2,sparse_direct,not_applicable,3.872150616019659e-16,5.421010862427522e-16,0.00950080000620801,0.009108599988394417,0.015625,0.0,6.785350900252969e-05,6.785373204195833e-05,5.895052531256525,5.895033153852971,1.9377403553733075e-05,3.097720492815727e-16,7.744301232039318e-17,2.323290369611795e-16,True,0.020269400003599003,0.015625,,
859,arpack_matvec,central_difference,1.0,0.0020373375775464136,0.1449971445971456,238203610.95016196,336.4446478061245,336.4486999632878,336.44467032411626,336.44872248127956,2,sparse_direct,not_applicable,3.872150616019659e-16,4.64658073922359e-16,0.007093599997460842,0.007236600009491667,0.015625,0.0,6.78535568705163e-05,6.785368455374575e-05,5.895048372531343,5.8950372795624215,1.1092968921211366e-05,1.5488602464078636e-16,0.0,1.5488602464078636e-16,True,0.01517910000984557,0.015625,,
860,arpack_matvec,central_difference,1.0,0.0020373375775464136,0.14266689018034343,199512322.40475354,336.4446478061245,336.4487101042272,336.4446601831768,336.44872248127956,2,sparse_direct,not_applicable,4.64658073922359e-16,3.872150616019659e-16,0.008867200012900867,0.008812100000795908,0.015625,0.0,6.785362781550309e-05,6.785361338560295e-05,5.895042208909111,5.8950434625618815,1.2536527709272605e-06,3.097720492815727e-16,0.0,3.097720492815727e-16,True,0.018690099997911602,0.015625,,
861,arpack_matvec,central_difference,1.0,0.0020373375775464136,0.1313024219680472,163564166.39254746,336.4446824903725,336.44872248127956,336.4446478061245,336.4486877970316,2,sparse_direct,not_applicable,4.64658073922359e-16,5.421010862427522e-16,0.007073200002196245,0.006545099997310899,0.0,0.0,6.7853728633962e-05,6.785351284633506e-05,5.89503344993473,5.89505219731015,1.8747375420069545e-05,7.744301232039318e-17,7.744301232039318e-17,0.0,True,0.014265100006014109,0.015625,,
862,arpack_matvec,central_difference,1.0,0.0020373375775464136,0.14773718927488874,235970616.22752777,336.4446757364566,336.4487224812795,336.44464780612446,336.4486945509474,2,sparse_direct,not_applicable,4.64658073922359e-16,4.64658073922359e-16,0.005373199994210154,0.006058099999791011,0.015625,0.0,6.785375647877115e-05,6.785348468349091e-05,5.895031030819123,5.895054644073748,2.3613254625409752e-05,2.323290369611795e-16,1.5488602464078636e-16,3.872150616019659e-16,True,0.011904799990588799,0.015625,,
863,arpack_matvec,central_difference,1.0,0.0020373375775464136,0.14319739951440053,228209266.32614467,336.44467514248134,336.4487224812795,336.44464780612446,336.4486951449226,2,sparse_direct,not_applicable,4.64658073922359e-16,4.64658073922359e-16,0.008997099997941405,0.006113199997344054,0.015625,0.0,6.78538407721478e-05,6.785340066585683e-05,5.895023707548024,5.895061943465365,3.823591734075649e-05,0.0,7.744301232039318e-17,7.744301232039318e-17,True,0.015612899995176122,0.015625,,
864,arpack_matvec,central_difference,1.0,0.0020373375775464136,0.125894549527167,225292728.44497794,336.44471324570384,336.4487224812795,336.44464780612446,336.44865704170024,2,sparse_direct,not_applicable,4.64658073922359e-16,6.195440985631454e-16,0.01004530000500381,0.007545500004198402,0.015625,0.0,6.785391889609772e-05,6.785332221215395e-05,5.895016920282905,5.895068759482961,5.183920005613629e-05,1.5488602464078636e-16,0.0,1.5488602464078636e-16,True,0.018441199994413182,0.015625,,
865,arpack_matvec,central_difference,1.0,0.0020373375775464136,0.1163587355360382,163245164.78593883,336.4447021958932,336.44872248127956,336.4446478061245,336.44866809151074,2,sparse_direct,not_applicable,3.1945242582162186e-16,3.097720492815727e-16,0.009446600000956096,0.00951550000172574,0.015625,0.015625,6.785413364823323e-05,6.785310791266432e-05,5.894998263092776,5.895087377793387,8.911470061079285e-05,7.744301232039318e-17,2.323290369611795e-16,3.097720492815727e-16,True,0.020138399995630607,0.03125,,
866,arpack_matvec,central_difference,1.0,0.0020373375775464136,0.15311230646876536,243175800.8959465,336.4446947001843,336.4487224812795,336.44464780612446,336.44867558721967,2,sparse_direct,not_applicable,4.64658073922359e-16,3.872150616019659e-16,0.00916750000033062,0.008556600005249493,0.0,0.015625,6.785388051919722e-05,6.785336055295375e-05,5.895020254395503,5.8950654284519075,4.517405640491745e-05,7.744301232039318e-17,2.323290369611795e-16,1.5488602464078636e-16,True,0.018805400002747774,0.015625,,
867,arpack_matvec,central_difference,1.0,0.0020373375775464136,0.12049374197903658,174440293.27924457,336.4447015859239,336.44872248127956,336.4446478061245,336.4486687014801,2,sparse_direct,not_applicable,6.195440985631454e-16,4.64658073922359e-16,0.009483300003921613,0.008899000007659197,0.015625,0.0,6.78541215935588e-05,6.785311993021142e-05,5.894999310373077,5.895086333707422,8.702333434484899e-05,0.0,1.5488602464078636e-16,1.5488602464078636e-16,True,0.019417799994698726,0.015625,,
868,arpack_matvec,central_difference,1.0,0.0020373375775464136,0.12542269352720214,211635218.34668884,336.44470376986834,336.4487224812795,336.44464780612446,336.4486665175356,2,sparse_direct,not_applicable,4.64658073922359e-16,3.872150616019659e-16,0.00900520000141114,0.008565500000258908,0.015625,0.0,6.785393053753902e-05,6.785331057695443e-05,5.8950159088972285,5.895069770344489,5.38614472604948e-05,1.5488602464078636e-16,7.744301232039318e-17,2.323290369611795e-16,True,0.018241300000227056,0.015625,,
869,arpack_matvec,central_difference,1.0,0.0020373375775464136,0.1272288844772661,200321805.75763094,336.4446823043737,336.4487224812795,336.44464780612446,336.44868798303025,2,sparse_direct,not_applicable,3.872150616019659e-16,2.5168979004127783e-16,0.008472899993648753,0.00893710000673309,0.015625,0.0,6.785388609531399e-05,6.785335548458067e-05,5.89501976995278,5.895065868789613,4.6098836833152745e-05,2.323290369611795e-16,7.744301232039318e-17,1.5488602464078636e-16,True,0.01811269999598153,0.015625,,
870,arpack_matvec,central_difference,1.0,0.0020373375775464136,0.15327237020613033,243282666.92730698,336.44467537272675,336.4487224812795,336.44464780612446,336.4486949146772,2,sparse_direct,not_applicable,3.872150616019659e-16,3.581739319818184e-16,0.00871769999503158,0.006127300002845004,0.015625,0.0,6.78537699575635e-05,6.785347119060062e-05,5.895029859802402,5.895055816325133,2.5956522731185316e-05,0.0,1.5488602464078636e-16,1.5488602464078636e-16,True,0.015486799995414913,0.03125,,
871,arpack_matvec,central_difference,1.0,0.0020373375775464136,0.12429161370351119,159141844.56570753,336.4446825371616,336.44872248127956,336.4446478061245,336.44868775024247,2,sparse_direct,not_applicable,3.872150616019659e-16,3.097720492815727e-16,0.005304399994201958,0.006031299999449402,0.0,0.0,6.785376401696034e-05,6.785347752035979e-05,5.895030375912799,5.895055266400722,2.4890487923201476e-05,4.64658073922359e-16,7.744301232039318e-17,5.421010862427522e-16,True,0.011948700004722923,0.0,,
872,arpack_matvec,central_difference,1.0,0.0020373375775464136,0.13276106755676284,217091092.02360103,336.4446478061245,336.4487148871354,336.4446554002686,336.44872248127956,2,sparse_direct,not_applicable,3.872150616019659e-16,3.097720492815727e-16,0.007524200002080761,0.007372199994279072,0.015625,0.0,6.785365875963861e-05,6.785358247498234e-05,5.895039520520771,5.895046148042077,6.627521305979656e-06,1.5488602464078636e-16,2.323290369611795e-16,3.872150616019659e-16,True,0.015398200004710816,0.015625,,
873,arpack_matvec,central_difference,1.0,0.0020373375775464136,0.12967068271096935,234684010.2716118,336.44464871965226,336.4487224812795,336.44464780612446,336.4487215677518,2,sparse_direct,not_applicable,3.872150616019659e-16,3.097720492815727e-16,0.004983799997717142,0.008697600002051331,0.0,0.015625,6.785358642224144e-05,6.78536551024207e-05,5.895045805108478,5.895039838255226,5.966853252381554e-06,7.744301232039318e-17,2.323290369611795e-16,3.097720492815727e-16,True,0.0140965999889886,0.015625,,
874,arpack_matvec,central_difference,1.0,0.0020373375775464136,0.14986212777152993,236646337.27462634,336.44464780612446,336.4487015019604,336.4446687854436,336.4487224812795,2,sparse_direct,not_applicable,3.872150616019659e-16,4.64658073922359e-16,0.00783909999881871,0.008136000004014932,0.015625,0.0,6.785353219878201e-05,6.785370889296188e-05,5.895050515987436,5.895035165004664,1.5350982772055488e-05,0.0,7.744301232039318e-17,7.744301232039318e-17,True,0.016696399994543754,0.015625,,
875,arpack_matvec,central_difference,1.0,0.0020373375775464136,0.13018702781809197,179128573.1196316,336.44464780612446,336.4486886464359,336.44468164096816,336.4487224812795,2,sparse_direct,not_applicable,6.195440985631454e-16,3.097720492815727e-16,0.005176699996809475,0.005104399999254383,0.015625,0.0,6.785338343559679e-05,6.78538578731857e-05,5.895063440420197,5.89502222183996,4.121858023697911e-05,7.744301232039318e-17,1.5488602464078636e-16,2.323290369611795e-16,True,0.010696299999835901,0.015625,,
876,arpack_matvec,central_difference,1.0,0.0020373375775464136,0.13394968311576336,232117805.33354226,336.4446478061245,336.4486764554442,336.4446938319599,336.44872248127956,2,sparse_direct,not_applicable,4.64658073922359e-16,3.872150616019659e-16,0.008537299989257008,0.008935300007578917,0.0,0.015625,6.785328934848956e-05,6.785395188664759e-05,5.895071614666005,5.8950140541292875,5.756053671746031e-05,1.5488602464078636e-16,3.872150616019659e-16,2.323290369611795e-16,True,0.018164199995226227,0.015625,,
877,arpack_matvec,central_difference,1.0,0.0020373375775464136,0.1319280216049092,218112597.45579907,336.4446478061245,336.44867172743375,336.44469855997033,336.44872248127956,2,sparse_direct,not_applicable,3.872150616019659e-16,3.872150616019659e-16,0.009665499994298443,0.00921560000278987,0.015625,0.0,6.785327439464666e-05,6.785396682130338e-05,5.895072913851279,5.895012756636894,6.015721438501487e-05,1.5488602464078636e-16,7.744301232039318e-17,2.323290369611795e-16,True,0.02000889999908395,0.015625,,
878,arpack_matvec,central_difference,1.0,0.0020373375775464136,0.1495526260588556,167783046.85545793,336.4446478061245,336.4486752868788,336.44469500052526,336.44872248127956,2,sparse_direct,not_applicable,4.64658073922359e-16,6.9698711088353855e-16,0.010091599993756972,0.007533700001658872,0.015625,0.015625,6.785332370960307e-05,6.785391730835384e-05,5.895068629385199,5.895017058223019,5.15711621806858e-05,3.097720492815727e-16,7.744301232039318e-17,3.872150616019659e-16,True,0.018457700003637,0.03125,,
879,arpack_matvec,central_difference,1.0,0.0020373375775464136,0.1297798328134525,223667984.84717548,336.4446478061245,336.4486526866648,336.4447176007392,336.44872248127956,2,sparse_direct,not_applicable,3.872150616019659e-16,3.097720492815727e-16,0.008994799994979985,0.008943699998781085,0.0,0.015625,6.785326954954745e-05,6.785397153617886e-05,5.89507333479213,5.895012347018261,6.098777386931431e-05,2.323290369611795e-16,1.5488602464078636e-16,3.872150616019659e-16,True,0.01881419999699574,0.015625,,
880,arpack_matvec,central_difference,1.0,0.0020373375775464136,0.13547216280465002,184596930.48473263,336.4446478061245,336.44865649087404,336.44471379653004,336.44872248127956,2,sparse_direct,not_applicable,3.872150616019659e-16,4.64658073922359e-16,0.009104600001592189,0.008842600000207312,0.0,0.015625,6.785328810145024e-05,6.785395332349038e-05,5.8950717230083765,5.895013929299295,5.779370908154391e-05,1.5488602464078636e-16,1.5488602464078636e-16,3.097720492815727e-16,True,0.019044800006668083,0.015625,,
881,arpack_matvec,central_difference,1.0,0.0020373375775464136,0.13490895786748364,215701379.86168504,336.4446478061245,336.44865461747054,336.44471566993343,336.44872248127956,2,sparse_direct,not_applicable,3.872150616019659e-16,3.097720492815727e-16,0.009714800005895086,0.008809199993265793,0.015625,0.0,6.785327642386798e-05,6.785396466397744e-05,5.89507273755312,5.89501294406093,5.979349218954155e-05,1.5488602464078636e-16,3.872150616019659e-16,5.421010862427522e-16,True,0.019210900005418807,0.015625,,
882,arpack_matvec,central_difference,1.0,0.0020373375775464136,0.15559743632409284,180819824.6595453,336.4446478061245,336.448676485846,336.44469380155806,336.44872248127956,2,sparse_direct,not_applicable,3.872150616019659e-16,3.097720492815727e-16,0.009978100002626888,0.008741099998587742,0.015625,0.015625,6.785332494696266e-05,6.785391604503089e-05,5.895068521883913,5.895017167978074,5.135390583888011e-05,2.323290369611795e-16,7.744301232039318e-17,3.097720492815727e-16,True,0.0197766000055708,0.03125,,
883,arpack_matvec,central_difference,1.0,0.0020373375775464136,0.13369524595369928,229770636.00574687,336.4446478061245,336.4486648502505,336.4447054371536,336.44872248127956,2,sparse_direct,not_applicable,3.1945242582162186e-16,3.872150616019659e-16,0.009581799997249618,0.00593829998979345,0.0,0.015625,6.785325482290667e-05,6.785398639686103e-05,5.8950746142388954,5.895011055953291,6.355828560433707e-05,7.744301232039318e-17,7.744301232039318e-17,0.0,True,0.016199200006667525,0.015625,,
884,arpack_matvec,central_difference,1.0,0.0020373375775464136,0.12777042808537603,216037609.20611447,336.4446478061245,336.44866790633176,336.4447023810723,336.44872248127956,2,sparse_direct,not_applicable,3.872150616019659e-16,3.872150616019659e-16,0.007647199992788956,0.006529300007969141,0.0,0.015625,6.785324267215197e-05,6.785399858284964e-05,5.895075669893758,5.895009997260523,6.5672633234648e-05,2.323290369611795e-16,7.744301232039318e-17,3.097720492815727e-16,True,0.014690799987874925,0.015625,,
885,arpack_matvec,central_difference,1.0,0.0020373375775464136,0.13292604766463437,171923374.4671252,336.4446478061245,336.4486815762373,336.4446887111667,336.44872248127956,2,sparse_direct,not_applicable,4.64658073922359e-16,6.195440985631454e-16,0.008358200007933192,0.008290800004033372,0.0,0.015625,6.785335722408675e-05,6.785388409202648e-05,5.895065717662192,5.895019943994688,4.577366750346812e-05,2.323290369611795e-16,0.0,2.323290369611795e-16,True,0.017720500007271767,0.015625,,
886,arpack_matvec,central_difference,1.0,0.0020373375775464136,0.1598829590542404,274236403.14878887,336.4446478061245,336.44869764504205,336.4446726423619,336.44872248127956,2,sparse_direct,not_applicable,3.097720492815727e-16,3.872150616019659e-16,0.007382800002233125,0.007730400000582449,0.0,0.015625,6.785351687626621e-05,6.785372416782167e-05,5.8950518471933755,5.895033837946545,1.8009246830708037e-05,0.0,2.323290369611795e-16,2.323290369611795e-16,True,0.015969700005371124,0.015625,,
887,arpack_matvec,central_difference,1.0,0.0020373375775464136,0.14179058367854827,233849798.19989896,336.4446478061245,336.44870249804694,336.44466778935714,336.44872248127956,2,sparse_direct,not_applicable,6.9698711088353855e-16,4.64658073922359e-16,0.007561999998870306,0.004954599993652664,0.0,0.015625,6.785355664074194e-05,6.785368481277661e-05,5.895048392493907,5.895037257058167,1.1135435739717536e-05,3.097720492815727e-16,3.872150616019659e-16,7.744301232039318e-17,True,0.013174200008506887,0.015625,,
888,arpack_matvec,central_difference,1.0,0.0020373375775464136,0.14210218652073994,199722615.99159244,336.4446478061245,336.4487126616968,336.4446576257072,336.44872248127956,2,sparse_direct,not_applicable,3.872150616019659e-16,3.097720492815727e-16,0.00835249999363441,0.007978800000273623,0.0,0.015625,6.785362064117096e-05,6.785362056260279e-05,5.895042832206591,5.895042839032501,6.825910503494015e-09,0.0,2.323290369611795e-16,2.323290369611795e-16,True,0.017055999996955507,0.015625,,
889,arpack_matvec,central_difference,1.0,0.0020373375775464136,0.12968135946988937,167564486.1796658,336.44466765054716,336.44872248127956,336.4446478061245,336.4487026368569,2,sparse_direct,not_applicable,3.097720492815727e-16,4.64658073922359e-16,0.00800359999993816,0.0054979999986244366,0.0,0.015625,6.785371035889668e-05,6.785353114476594e-05,5.895035037646306,5.895050607559354,1.5569913048629758e-05,0.0,0.0,0.0,True,0.014437799996812828,0.015625,,
890,arpack_matvec,central_difference,1.0,0.0020373375775464136,0.14039449803933077,226794561.18642277,336.4446704370341,336.4487224812795,336.44464780612446,336.44869985036985,2,sparse_direct,not_applicable,3.872150616019659e-16,4.64658073922359e-16,0.008976800003438257,0.007767499992041849,0.0,0.015625,6.785374121108421e-05,6.78534999802586e-05,5.895032357252812,5.895053315103519,2.095785070732603e-05,3.097720492815727e-16,7.744301232039318e-17,3.872150616019659e-16,True,0.01771710001048632,0.015625,,
891,arpack_matvec,central_difference,1.0,0.0020373375775464136,0.14009699698855435,223949973.22168952,336.44468682572494,336.4487224812795,336.44464780612446,336.448683461679,2,sparse_direct,not_applicable,4.64658073922359e-16,3.097720492815727e-16,0.009588800006895326,0.008960699997260235,0.0,0.015625,6.785381430312351e-05,6.785342716246709e-05,5.8950260071317295,5.895059641456972,3.363432524228216e-05,0.0,7.744301232039318e-17,7.744301232039318e-17,True,0.01950609999767039,0.015625,,
892,arpack_matvec,central_difference,1.0,0.0020373375775464136,0.12148420902240432,212664179.56035352,336.44467754546537,336.4487224812795,336.44464780612446,336.4486927419387,2,sparse_direct,not_applicable,3.872150616019659e-16,3.872150616019659e-16,0.009446099997148849,0.009417499997653067,0.015625,0.0,6.78538885255237e-05,6.785335260605862e-05,5.895019558820676,5.895066118874191,4.656005351488801e-05,3.872150616019659e-16,0.0,3.872150616019659e-16,True,0.019876999998814426,0.015625,,
893,arpack_matvec,central_difference,1.0,0.0020373375775464136,0.11914332719928862,167061086.79386663,336.44471773759716,336.44872248127956,336.4446478061245,336.4486525498068,2,sparse_direct,not_applicable,6.195440985631454e-16,3.872150616019659e-16,0.008988199988380075,0.010110100003657863,0.015625,0.015625,6.785405656122119e-05,6.785318498274222e-05,5.895004960228145,5.89508068194199,7.572171384495618e-05,2.323290369611795e-16,7.744301232039318e-17,3.097720492815727e-16,True,0.020961599992006086,0.03125,,
894,arpack_matvec,central_difference,1.0,0.0020373375775464136,0.15081527028544478,242449983.56885013,336.44469911719386,336.4487224812795,336.44464780612446,336.4486711702101,2,sparse_direct,not_applicable,3.097720492815727e-16,3.872150616019659e-16,0.010168599997996353,0.009592899994459003,0.0,0.015625,6.785385097832104e-05,6.78533900989046e-05,5.895022820853572,5.895062861515854,4.004066228180392e-05,0.0,7.744301232039318e-17,7.744301232039318e-17,True,0.0209164999978384,0.015625,,
895,arpack_matvec,central_difference,1.0,0.0020373375775464136,0.11877179715146144,174582094.05421627,336.4447191708221,336.44872248127956,336.4446478061245,336.44865111658186,2,sparse_direct,not_applicable,3.872150616019659e-16,2.323290369611795e-16,0.009364099998492748,0.006732100009685382,0.015625,0.0,6.785406592495559e-05,6.785317562796145e-05,5.895004146728468,5.8950814946849,7.734795643266068e-05,7.744301232039318e-17,1.5488602464078636e-16,7.744301232039318e-17,True,0.016807499996502884,0.015625,,
896,arpack_matvec,central_difference,1.0,0.0020373375775464136,0.12590127084988062,213870132.1962936,336.44470774064274,336.4487224812795,336.44464780612446,336.4486625467612,2,sparse_direct,not_applicable,4.64658073922359e-16,4.64658073922359e-16,0.007493099998100661,0.009554300006129779,0.015625,0.0,6.785389167345713e-05,6.785334944736941e-05,5.89501928533409,5.8950663932995795,4.7107965489345816e-05,1.5488602464078636e-16,1.5488602464078636e-16,0.0,True,0.017980599994189106,0.015625,,
897,arpack_matvec,central_difference,1.0,0.0020373375775464136,0.1274777918951811,201736059.75207123,336.44469492577196,336.4487224812795,336.44464780612446,336.448675361632,2,sparse_direct,not_applicable,3.097720492815727e-16,2.6137016658132697e-16,0.007759699990856461,0.008530799997970462,0.015625,0.0,6.785385550920198e-05,6.785338608098042e-05,5.8950224272186595,5.895063210590777,4.07833721176587e-05,7.744301232039318e-17,2.323290369611795e-16,3.097720492815727e-16,True,0.017054899988579564,0.015625,,
898,arpack_matvec,central_difference,1.0,0.0020373375775464136,0.14537956143398095,235663219.2279528,336.44467160682655,336.4487224812795,336.44464780612446,336.4486986805774,2,sparse_direct,not_applicable,6.195440985631454e-16,4.64658073922359e-16,0.007528699992690235,0.008584099996369332,0.015625,0.0,6.785376046725812e-05,6.785348070857778e-05,5.8950306843054685,5.8950549894109345,2.4305105466027044e-05,7.744301232039318e-17,7.744301232039318e-17,0.0,True,0.016781900005298667,0.015625,,
899,arpack_matvec,central_difference,1.0,0.0020373375775464136,0.1266239775370294,158360406.9643363,336.4446699001946,336.44872248127956,336.4446478061245,336.4487003872095,2,sparse_direct,not_applicable,6.9698711088353855e-16,3.872150616019659e-16,0.008895000006305054,0.008822699994198047,0.015625,0.015625,6.78537479281013e-05,6.785349360089802e-05,5.895031773688391,5.895053869336894,2.2095648502862275e-05,2.323290369611795e-16,1.5488602464078636e-16,3.872150616019659e-16,True,0.01842800001031719,0.03125,,
900,arpack_matvec,central_difference,1.0,0.0020373375775464136,0.13268740854969233,216651473.52431786,336.4446478061245,336.4487145837871,336.4446557036169,336.44872248127956,2,sparse_direct,not_applicable,3.581739319818184e-16,4.64658073922359e-16,0.008841600007144734,0.010043900008895434,0.0,0.015625,6.785365771022441e-05,6.785358352722544e-05,5.895039611692543,5.895046056624331,6.444931787363828e-06,2.323290369611795e-16,3.097720492815727e-16,7.744301232039318e-17,True,0.01973359999828972,0.015625,,
901,arpack_matvec,central_difference,1.0,0.0020373375775464136,0.13029484274010855,234825840.79280612,336.4446478061245,336.4487138110951,336.44465647630886,336.44872248127956,2,sparse_direct,not_applicable,4.64658073922359e-16,3.097720492815727e-16,0.005942700008745305,0.006319899999652989,0.0,0.015625,6.785359501187194e-05,6.78536465241883e-05,5.895045058850815,5.895040583521315,4.475329500763792e-06,3.872150616019659e-16,1.5488602464078636e-16,2.323290369611795e-16,True,0.012820600008126348,0.015625,,
902,arpack_matvec,central_difference,1.0,0.0020373375775464136,0.15486778695917597,243125416.56436732,336.44464780612446,336.448704794723,336.44466549268094,336.4487224812795,2,sparse_direct,not_applicable,3.872150616019659e-16,3.872150616019659e-16,0.006576600004336797,0.008065100002568215,0.0,0.015625,6.78535497829721e-05,6.78536912841555e-05,5.895048988290077,5.89503669483349,1.2293456587819662e-05,1.5488602464078636e-16,3.097720492815727e-16,4.64658073922359e-16,True,0.015663900005165488,0.015625,,
903,arpack_matvec,central_difference,1.0,0.0020373375775464136,0.12456605870532425,169516564.56400195,336.4446478061245,336.44869088823333,336.44467939917064,336.44872248127956,2,sparse_direct,not_applicable,4.64658073922359e-16,4.64658073922359e-16,0.005525200002011843,0.005476599995745346,0.0,0.0,6.785340937502127e-05,6.785383200074426e-05,5.895061186818582,5.895024469592411,3.671722617060169e-05,1.5488602464078636e-16,0.0,1.5488602464078636e-16,True,0.01149720000103116,0.0,,
904,arpack_matvec,central_difference,1.0,0.0020373375775464136,0.13145124187342472,229502805.2000329,336.4446478061245,336.4486742993908,336.4446959880133,336.44872248127956,2,sparse_direct,not_applicable,4.64658073922359e-16,3.96895438142015e-16,0.006549600002472289,0.00479010000708513,0.015625,0.0,6.785333758454779e-05,6.78539036594524e-05,5.895067423936002,5.895018244013407,4.917992259478865e-05,2.323290369611795e-16,1.5488602464078636e-16,7.744301232039318e-17,True,0.011749700002837926,0.015625,,
905,arpack_matvec,central_difference,1.0,0.0020373375775464136,0.12214576991235725,212183212.76269427,336.4446478061245,336.44866719204714,336.44470309535694,336.44872248127956,2,sparse_direct,not_applicable,3.872150616019659e-16,3.872150616019659e-16,0.00731249999080319,0.00784130000101868,0.015625,0.0,6.785330552058641e-05,6.785393577709548e-05,5.895070209639848,5.8950154536949135,5.475594493464797e-05,0.0,7.744301232039318e-17,7.744301232039318e-17,True,0.015803200003574602,0.015625,,
906,arpack_matvec,central_difference,1.0,0.0020373375775464136,0.14860950439525344,169081043.96723494,336.4446478061245,336.448687476365,336.44468281103906,336.44872248127956,2,sparse_direct,not_applicable,3.872150616019659e-16,6.195440985631454e-16,0.008197500006644987,0.007992400001967326,0.015625,0.0,6.785337027601886e-05,6.785387074239154e-05,5.8950645837170805,5.895021103786508,4.347993057240984e-05,7.744301232039318e-17,0.0,7.744301232039318e-17,True,0.017176599998492748,0.015625,,
907,arpack_matvec,central_difference,1.0,0.0020373375775464136,0.12703053569902148,223192829.01502332,336.4446478061245,336.44865764332275,336.4447126440812,336.44872248127956,2,sparse_direct,not_applicable,3.097720492815727e-16,3.678543085218676e-16,0.008968699999968521,0.00785990001168102,0.015625,0.0,6.785331728790071e-05,6.7853923842234e-05,5.89506918730009,5.895016490572206,5.269672788443813e-05,7.744301232039318e-17,0.0,7.744301232039318e-17,True,0.017885400011437014,0.015625,,
908,arpack_matvec,central_difference,1.0,0.0020373375775464136,0.13404016636202962,184147102.91077542,336.4446478061245,336.448661989472,336.4447082979321,336.44872248127956,2,sparse_direct,not_applicable,3.872150616019659e-16,3.872150616019659e-16,0.008163300008163787,0.005031799999414943,0.015625,0.0,6.78533381038518e-05,6.785390334091348e-05,5.895067378819103,5.895018271687464,4.910713163930325e-05,7.744301232039318e-17,7.744301232039318e-17,0.0,True,0.013845699999365024,0.015625,,
909,arpack_matvec,central_difference,1.0,0.0020373375775464136,0.13154604425592012,213675004.0245769,336.4446478061245,336.44865866311517,336.4447116242888,336.44872248127956,2,sparse_direct,not_applicable,4.64658073922359e-16,3.872150616019659e-16,0.0057524000003468245,0.00641229999018833,0.015625,0.0,6.785332068693873e-05,6.785392043191556e-05,5.895068891993035,5.895016786854033,5.21051390025562e-05,2.323290369611795e-16,3.097720492815727e-16,5.421010862427522e-16,True,0.012814000001526438,0.015625,,
910,arpack_matvec,central_difference,1.0,0.0020373375775464136,0.15263364175526914,179423861.41450158,336.4446478061245,336.44868803860373,336.44468224880035,336.44872248127956,2,sparse_direct,not_applicable,3.097720492815727e-16,3.96895438142015e-16,0.004627400005119853,0.009000399993965402,0.015625,0.0,6.7853362501329e-05,6.785387850085988e-05,5.895065259178061,5.895020429744941,4.482943312034138e-05,7.744301232039318e-17,1.5488602464078636e-16,7.744301232039318e-17,True,0.014208399996277876,0.015625,,
911,arpack_matvec,central_difference,1.0,0.0020373375775464136,0.12869803155913873,227089302.17516828,336.4446478061245,336.44867715732295,336.44469313008113,336.44872248127956,2,sparse_direct,not_applicable,3.872150616019659e-16,3.872150616019659e-16,0.005483799992362037,0.005591000008280389,0.015625,0.0,6.785329252839862e-05,6.78539487276414e-05,5.8950713383965585,5.895014328577367,5.700981919165571e-05,2.323290369611795e-16,7.744301232039318e-17,1.5488602464078636e-16,True,0.011580399994272739,0.015625,,
912,arpack_matvec,central_difference,1.0,0.0020373375775464136,0.129439767692353,218555759.71333864,336.4446478061245,336.44866774821764,336.44470253918644,336.44872248127956,2,sparse_direct,not_applicable,3.1945242582162186e-16,4.64658073922359e-16,0.006682600011117756,0.00616489999811165,0.0,0.015625,6.78532967566027e-05,6.785394449331243e-05,5.895070971051625,5.895014696447357,5.627460426804731e-05,2.323290369611795e-16,7.744301232039318e-17,3.097720492815727e-16,True,0.01341159999719821,0.015625,,
913,arpack_matvec,central_difference,1.0,0.0020373375775464136,0.1287335114049142,174679763.265439,336.4446478061245,336.44869019598974,336.4446800914142,336.44872248127956,2,sparse_direct,not_applicable,4.64658073922359e-16,5.421010862427522e-16,0.006197499998961575,0.007894700000179,0.0,0.015625,6.785338157237202e-05,6.785385977677239e-05,5.895063602296112,5.895022056459746,4.154583636584164e-05,2.323290369611795e-16,2.323290369611795e-16,4.64658073922359e-16,True,0.014878400004818104,0.015625,,
914,arpack_matvec,central_difference,1.0,0.0020373375775464136,0.15896099343094905,274534452.9202467,336.4446478061245,336.4486938498942,336.44467643750977,336.44872248127956,2,sparse_direct,not_applicable,4.64658073922359e-16,4.2593656776216244e-16,0.008424200001172721,0.007122099996195175,0.0,0.015625,6.785352683408305e-05,6.785371421585203e-05,5.89505098206743,5.895034702559462,1.627950796834199e-05,7.744301232039318e-17,7.744301232039318e-17,1.5488602464078636e-16,True,0.016393600002629682,0.015625,,
915,arpack_matvec,central_difference,1.0,0.0020373375775464136,0.13966457715287114,233398379.75665224,336.4446478061245,336.4486950524705,336.4446752349336,336.44872248127956,2,sparse_direct,not_applicable,3.872150616019659e-16,3.872150616019659e-16,0.005776300007710233,0.013862299994798377,0.0,0.015625,6.785355987666422e-05,6.785368159831933e-05,5.895048111360264,5.895037536325923,1.0575034341542278e-05,7.744301232039318e-17,0.0,7.744301232039318e-17,True,0.020825700004934333,0.015625,,
916,arpack_matvec,central_difference,1.0,0.0020373375775464136,0.14098037221587084,200057928.92798823,336.4446478061245,336.4487026743061,336.44466761309786,336.44872248127956,2,sparse_direct,not_applicable,4.64658073922359e-16,3.872150616019659e-16,0.012616099993465468,0.005917900009080768,0.015625,0.0,6.785361655079625e-05,6.785362465839256e-05,5.8950431875735605,5.895042483195119,7.043784417959387e-07,7.744301232039318e-17,7.744301232039318e-17,0.0,True,0.019346800007042475,0.015625,,
917,arpack_matvec,central_difference,1.0,0.0020373375775464136,0.12828434575304765,160645444.87846318,336.4446558787045,336.44872248127956,336.4446478061245,336.4487144086996,2,sparse_direct,not_applicable,3.097720492815727e-16,3.872150616019659e-16,0.009615999995730817,0.0077311000059125945,0.015625,0.015625,6.785369484768368e-05,6.785354667372319e-05,5.89503638523901,5.8950492584185445,1.2873179534800272e-05,7.744301232039318e-17,7.744301232039318e-17,1.5488602464078636e-16,True,0.018183299995143898,0.03125,,
918,arpack_matvec,central_difference,1.0,0.0020373375775464136,0.1376630435089389,226102787.01104268,336.44466250368333,336.4487224812795,336.44464780612446,336.44870778372064,2,sparse_direct,not_applicable,3.872150616019659e-16,3.4849355544176928e-16,0.0049270000017713755,0.00472480000462383,0.0,0.0,6.785372378070205e-05,6.785351742202287e-05,5.89503387157894,5.895051799778534,1.7928199593342242e-05,2.323290369611795e-16,1.5488602464078636e-16,3.872150616019659e-16,True,0.010259300004690886,0.0,,
919,arpack_matvec,central_difference,1.0,0.0020373375775464136,0.1409138827961484,225123289.56474948,336.44469501448543,336.4487224812795,336.44464780612446,336.44867527291854,2,sparse_direct,not_applicable,3.097720492815727e-16,6.9698711088353855e-16,0.006649300004937686,0.0067528000072343275,0.015625,0.0,6.785378351816143e-05,6.785345793539367e-05,5.895028681679008,5.8950569679272355,2.8286248227260558e-05,7.744301232039318e-17,2.323290369611795e-16,1.5488602464078636e-16,True,0.013889199995901436,0.015625,,
920,arpack_matvec,central_difference,1.0,0.0020373375775464136,0.12326036420600277,212957681.59406394,336.44470364152227,336.4487224812795,336.44464780612446,336.4486666458818,2,sparse_direct,not_applicable,4.64658073922359e-16,4.64658073922359e-16,0.008243499993113801,0.008965100001660176,0.015625,0.0,6.785384308048542e-05,6.785339804580084e-05,5.895023507003672,5.895062171094234,3.866409056207942e-05,1.5488602464078636e-16,7.744301232039318e-17,2.323290369611795e-16,True,0.01829880000150297,0.015625,,
921,arpack_matvec,central_difference,1.0,0.0020373375775464136,0.11752218737781242,167078347.80235383,336.44471347905863,336.44872248127956,336.4446478061245,336.44865680834533,2,sparse_direct,not_applicable,3.097720492815727e-16,3.678543085218676e-16,0.007554600000730716,0.005457299994304776,0.015625,0.0,6.785398551778218e-05,6.785325605364212e-05,5.8950111323258065,5.895074507312895,6.337498708841593e-05,7.744301232039318e-17,0.0,7.744301232039318e-17,True,0.013700800001970492,0.015625,,
922,arpack_matvec,central_difference,1.0,0.0020373375775464136,0.153289395393037,248372445.32651967,336.44470402572364,336.4487224812795,336.44464780612446,336.44866626168033,2,sparse_direct,not_applicable,6.195440985631454e-16,6.195440985631454e-16,0.00902230000065174,0.007576000003609806,0.015625,0.0,6.785380602143627e-05,6.785343504138488e-05,5.895026726630967,5.895058956942028,3.22303110618094e-05,0.0,1.5488602464078636e-16,1.5488602464078636e-16,True,0.017561800006660633,0.015625,,
923,arpack_matvec,central_difference,1.0,0.0020373375775464136,0.11771553438650736,172778908.97906932,336.4447152891852,336.44872248127956,336.4446478061245,336.4486549982188,2,sparse_direct,not_applicable,5.421010862427522e-16,3.097720492815727e-16,0.008382100000744686,0.009824799999478273,0.015625,0.015625,6.785399714080274e-05,6.785324443278567e-05,5.895010122542471,5.89507551693027,6.539438779906703e-05,2.323290369611795e-16,2.323290369611795e-16,4.64658073922359e-16,True,0.01941860000079032,0.03125,,
924,arpack_matvec,central_difference,1.0,0.0020373375775464136,0.12373861403795437,210424713.3246094,336.44471730004807,336.4487224812795,336.44464780612446,336.4486529873559,2,sparse_direct,not_applicable,5.421010862427522e-16,3.872150616019659e-16,0.008333899997523986,0.0073114999977406114,0.0,0.015625,6.78538585418732e-05,6.785338258937944e-05,5.895022163745582,5.895063513939081,4.1350193498601584e-05,7.744301232039318e-17,0.0,7.744301232039318e-17,True,0.016823199999635108,0.015625,,
925,arpack_matvec,central_difference,1.0,0.0020373375775464136,0.12739614565571603,204174605.88220626,336.4447060526077,336.4487224812795,336.44464780612446,336.44866423479624,2,sparse_direct,not_applicable,4.64658073922359e-16,3.872150616019659e-16,0.007025500002782792,0.00894010000047274,0.0,0.015625,6.785382684327884e-05,6.785341474560275e-05,5.895024917664189,5.8950607202259055,3.5802561716202774e-05,7.744301232039318e-17,7.744301232039318e-17,1.5488602464078636e-16,True,0.016691099997842684,0.015625,,
926,arpack_matvec,central_difference,1.0,0.0020373375775464136,0.1436086425205526,236637929.8305083,336.4446645840091,336.4487224812795,336.44464780612446,336.44870570339486,2,sparse_direct,not_applicable,3.097720492815727e-16,3.872150616019659e-16,0.009144699986791238,0.0060458999942056835,0.0,0.0,6.78537466006698e-05,6.785349458224787e-05,5.89503188901365,5.895053784078054,2.1895064404198195e-05,7.744301232039318e-17,2.323290369611795e-16,1.5488602464078636e-16,True,0.016120100000989623,0.0,,
927,arpack_matvec,central_difference,1.0,0.0020373375775464136,0.12512723798688974,158373644.98739263,336.44465977496236,336.44872248127956,336.4446478061245,336.4487105124417,2,sparse_direct,not_applicable,4.64658073922359e-16,5.421010862427522e-16,0.007976299995789304,0.006593699989025481,0.0,0.015625,6.785373796108567e-05,6.785350358803536e-05,5.895032639607876,5.895053001663015,2.0362055139777624e-05,7.744301232039318e-17,7.744301232039318e-17,0.0,True,0.015247599993017502,0.015625,,
928,arpack_matvec,central_difference,1.0,0.0020373375775464136,0.13915470022095905,204952421.49118698,336.4446478061245,336.44870305392413,336.44466723347983,336.44872248127956,2,sparse_direct,not_applicable,3.872150616019659e-16,3.3881317890172014e-16,0.009138800000073388,0.008460900004138239,0.0,0.0,6.78536569921906e-05,6.785358421620336e-05,5.895039674074408,5.895045996766674,6.322692265747776e-06,3.097720492815727e-16,7.744301232039318e-17,2.323290369611795e-16,True,0.01836469999398105,0.0,,
929,arpack_matvec,central_difference,1.0,0.0020373375775464136,0.1272052409521714,229720264.4325513,336.4446478061245,336.44870462914685,336.4446656582571,336.44872248127956,2,sparse_direct,not_applicable,5.421010862427522e-16,5.421010862427522e-16,0.007780899992212653,0.006012099998770282,0.015625,0.0,6.785360463888067e-05,6.785363693540813e-05,5.895044222467096,5.8950414165827505,2.805884345313814e-06,0.0,7.744301232039318e-17,7.744301232039318e-17,True,0.014487099993857555,0.015625,,
930,arpack_matvec,central_difference,1.0,0.0020373375775464136,0.14765115522202532,235582997.88755414,336.44464780612446,336.4487044396328,336.44466584777115,336.4487224812795,2,sparse_direct,not_applicable,3.4849355544176928e-16,4.64658073922359e-16,0.008412900002440438,0.007234700009576045,0.0,0.015625,6.785356214997402e-05,6.785367893084866e-05,5.895047913857433,5.895037768072233,1.0145785200421642e-05,7.744301232039318e-17,0.0,7.744301232039318e-17,True,0.016481600003317,0.015625,,
931,arpack_matvec,central_difference,1.0,0.0020373375775464136,0.12302158798792943,171041508.18641546,336.44464780612446,336.44868053497197,336.4446897524321,336.4487224812795,2,sparse_direct,not_applicable,3.678543085218676e-16,3.872150616019659e-16,0.008619100000942126,0.00767910000286065,0.015625,0.0,6.785344617706454e-05,6.785379522255835e-05,5.8950579894821304,5.895027664819814,3.0324662316338902e-05,0.0,0.0,0.0,True,0.017261799992411397,0.015625,,
932,arpack_matvec,central_difference,1.0,0.0020373375775464136,0.12865582813014922,225605302.54265493,336.4446478061245,336.4486788909754,336.4446913964287,336.44872248127956,2,sparse_direct,not_applicable,5.421010862427522e-16,4.64658073922359e-16,0.008304300004965626,0.008124700005282648,0.015625,0.0,6.785338564618812e-05,6.785385561621898e-05,5.895063248365283,5.895022417921212,4.083044407110492e-05,7.744301232039318e-17,1.5488602464078636e-16,2.323290369611795e-16,True,0.017473900006734766,0.015625,,
933,arpack_matvec,central_difference,1.0,0.0020373375775464136,0.12162873588929758,210579179.78455687,336.4446478061245,336.4486732570441,336.44469703036,336.44872248127956,2,sparse_direct,not_applicable,3.29132802361671e-16,5.421010862427522e-16,0.008323300004121847,0.007844599997042678,0.015625,0.0,6.785336397857798e-05,6.785387733731887e-05,5.895065130835433,5.89502053083125,4.460000418315957e-05,0.0,7.744301232039318e-17,7.744301232039318e-17,True,0.017114499991293997,0.015625,,
934,arpack_matvec,central_difference,1.0,0.0020373375775464136,0.15201504650138353,175298551.67210832,336.4446478061245,336.4487074439194,336.4446628434847,336.44872248127956,2,sparse_direct,not_applicable,3.872150616019659e-16,6.195440985631454e-16,0.009089899991522543,0.009290600006352179,0.015625,0.015625,6.785342283986882e-05,6.785381818265973e-05,5.895060017001397,5.895025670084125,3.4346917272110034e-05,0.0,0.0,0.0,True,0.01984670000092592,0.03125,,
935,arpack_matvec,central_difference,1.0,0.0020373375775464136,0.12753547546945213,215611275.0846849,336.44464780612446,336.44869261607175,336.44467767133233,336.4487224812795,2,sparse_direct,not_applicable,4.64658073922359e-16,3.097720492815727e-16,0.008385599998291582,0.007345899997744709,0.0,0.015625,6.78533778439643e-05,6.785386332309002e-05,5.895063926218094,5.895021748362025,4.217785606908109e-05,7.744301232039318e-17,1.5488602464078636e-16,2.323290369611795e-16,True,0.016974800004391,0.015625,,
936,arpack_matvec,central_difference,1.0,0.0020373375775464136,0.13227454669180172,187715922.13500586,336.4446478061245,336.44869677387777,336.4446735135262,336.44872248127956,2,sparse_direct,not_applicable,3.097720492815727e-16,4.64658073922359e-16,0.007655000008526258,0.006299600005149841,0.0,0.015625,6.78533935037425e-05,6.785384795996115e-05,5.895062565705541,5.895023083083364,3.9482622177011706e-05,7.744301232039318e-17,1.5488602464078636e-16,2.323290369611795e-16,True,0.014940300010493957,0.015625,,
937,arpack_matvec,central_difference,1.0,0.0020373375775464136,0.12876027953577238,212190415.97063437,336.4446478061245,336.4486667496536,336.44470353775046,336.44872248127956,2,sparse_direct,not_applicable,4.64658073922359e-16,3.097720492815727e-16,0.008051499986322597,0.007713800005149096,0.0,0.015625,6.785337166568342e-05,6.785386949550466e-05,5.895064462983767,5.895021212113778,4.3250869989464036e-05,7.744301232039318e-17,0.0,7.744301232039318e-17,True,0.017336699995212257,0.015625,,
938,arpack_matvec,central_difference,1.0,0.0020373375775464136,0.1533329534214626,183547081.0637268,336.4446478061245,336.44870720254943,336.44466308485465,336.44872248127956,2,sparse_direct,not_applicable,4.64658073922359e-16,3.872150616019659e-16,0.009439800007385202,0.008564000003389083,0.0,0.0,6.785340825818654e-05,6.785383275498831e-05,5.895061283848477,5.8950244040649835,3.687978349375953e-05,0.0,2.323290369611795e-16,2.323290369611795e-16,True,0.01913629999035038,0.015625,,
939,arpack_matvec,central_difference,1.0,0.0020373375775464136,0.12597459419146584,228990155.31049457,336.4446478061245,336.4486994879072,336.44467079949686,336.44872248127956,2,sparse_direct,not_applicable,3.872150616019659e-16,4.64658073922359e-16,0.008759000003919937,0.008808099999441765,0.015625,0.0,6.785334181702549e-05,6.785389946816457e-05,5.895067056220267,5.895018608144555,4.8448075712137495e-05,1.5488602464078636e-16,7.744301232039318e-17,7.744301232039318e-17,True,0.018576799993752502,0.015625,,
940,arpack_matvec,central_difference,1.0,0.0020373375775464136,0.12999214938903988,218022931.70313248,336.4446478061245,336.44867234426516,336.4446979431389,336.44872248127956,2,sparse_direct,not_applicable,3.872150616019659e-16,3.097720492815727e-16,0.008129399997415021,0.008630700001958758,0.015625,0.0,6.785335089205997e-05,6.785389036602779e-05,5.895066267785561,5.89501939892111,4.6868864450821945e-05,0.0,5.421010862427522e-16,5.421010862427522e-16,True,0.017762799994670786,0.015625,,
941,arpack_matvec,central_difference,1.0,0.0020373375775464136,0.1270628090252498,169236283.0913362,336.4446478061245,336.44870644910395,336.4446638383,336.44872248127956,2,sparse_direct,not_applicable,3.872150616019659e-16,3.097720492815727e-16,0.008101600004010834,0.008128500005113892,0.015625,0.0,6.785341533224066e-05,6.785382604264751e-05,5.895060669259184,5.895024987221677,3.5682037506923336e-05,7.744301232039318e-17,7.744301232039318e-17,1.5488602464078636e-16,True,0.016956799998297356,0.015625,,
942,arpack_matvec,central_difference,1.0,0.0020373375775464136,0.15573109883577096,272637333.4480357,336.4446478061245,336.44868557847434,336.4446847089296,336.44872248127956,2,sparse_direct,not_applicable,3.872150616019659e-16,3.872150616019659e-16,0.005263099999865517,0.006541700000525452,0.015625,0.0,6.78535381452093e-05,6.785370292013696e-05,5.895049999367519,5.8950356839153715,1.4315452147251051e-05,0.0,7.744301232039318e-17,7.744301232039318e-17,True,0.012393500001053326,0.015625,,
943,arpack_matvec,central_difference,1.0,0.0020373375775464136,0.13249215335719788,228391073.67085803,336.4446478061245,336.4486808138797,336.44468947352436,336.44872248127956,2,sparse_direct,not_applicable,3.872150616019659e-16,3.872150616019659e-16,0.00820650000241585,0.007881199999246746,0.015625,0.0,6.785356607140904e-05,6.785367546933787e-05,5.895047573167198,5.895038068803722,9.504363475798527e-06,1.5488602464078636e-16,0.0,1.5488602464078636e-16,True,0.01692939999338705,0.015625,,
944,arpack_matvec,central_difference,1.0,0.0020373375775464136,0.13638675260931302,199970516.6090212,336.4446478061245,336.448687007164,336.44468328024,336.44872248127956,2,sparse_direct,not_applicable,3.581739319818184e-16,3.097720492815727e-16,0.008209899999201298,0.008679899998242036,0.015625,0.015625,6.78536192980717e-05,6.785362192569981e-05,5.895042948893478,5.895042720608235,2.2828524226525815e-07,0.0,3.097720492815727e-16,3.097720492815727e-16,True,0.017888200003653765,0.03125,,
945,arpack_matvec,central_difference,1.0,0.0020373375775464136,0.12082854608023617,163289590.9326787,336.4446478061245,336.4487216423484,336.4446486450557,336.44872248127956,2,sparse_direct,not_applicable,4.64658073922359e-16,3.872150616019659e-16,0.006742199999280274,0.008868699995218776,0.0,0.015625,6.785369414673966e-05,6.785354745010663e-05,5.8950364461360705,5.895049190967118,1.2744831047406535e-05,1.5488602464078636e-16,0.0,1.5488602464078636e-16,True,0.016379499997128733,0.015625,,
946,arpack_matvec,central_difference,1.0,0.0020373375775464136,0.13218916232346406,222246263.22916526,336.44465453319333,336.4487224812795,336.44464780612446,336.44871575421064,2,sparse_direct,not_applicable,3.872150616019659e-16,3.872150616019659e-16,0.004857600011746399,0.009048500010976568,0.0,0.015625,6.785371917196833e-05,6.785352205031056e-05,5.89503427197912,5.8950513976771415,1.7125698021480673e-05,7.744301232039318e-17,1.5488602464078636e-16,7.744301232039318e-17,True,0.014372400008141994,0.015625,,
947,arpack_matvec,central_difference,1.0,0.0020373375775464136,0.13867038843879978,221458570.8084091,336.44470439381195,336.4487224812795,336.44464780612446,336.448665893592,2,sparse_direct,not_applicable,3.872150616019659e-16,5.421010862427522e-16,0.007617700000992045,0.008305600000312552,0.0,0.015625,6.785376938536739e-05,6.785347206770187e-05,5.89502990951391,5.895055740123272,2.583060936256487e-05,0.0,7.744301232039318e-17,7.744301232039318e-17,True,0.016866999998455867,0.015625,,
948,arpack_matvec,central_difference,1.0,0.0020373375775464136,0.12117126776194947,204869362.66997954,336.44467089218324,336.4487224812795,336.44464780612446,336.44869939522084,2,sparse_direct,not_applicable,3.872150616019659e-16,3.872150616019659e-16,0.007774100013193674,0.00856750000093598,0.0,0.015625,6.78538178993081e-05,6.785342324869589e-05,5.895025694701238,5.895059981482774,3.428678153571951e-05,0.0,1.5488602464078636e-16,1.5488602464078636e-16,True,0.017432900000130758,0.015625,,
949,arpack_matvec,central_difference,1.0,0.0020373375775464136,0.11892431392757531,162686852.93270704,336.44470266437975,336.44872248127956,336.4446478061245,336.4486676230242,2,sparse_direct,not_applicable,5.421010862427522e-16,2.323290369611795e-16,0.00854359999357257,0.008427799999481067,0.0,0.015625,6.785392003227452e-05,6.785332154590874e-05,5.89501682157407,5.895068817366071,5.199579200088067e-05,7.744301232039318e-17,1.5488602464078636e-16,2.323290369611795e-16,True,0.018024599994532764,0.015625,,
950,arpack_matvec,central_difference,1.0,0.0020373375775464136,0.15013444290993636,246232000.50395814,336.44470822252805,336.4487224812795,336.44464780612446,336.4486620648759,2,sparse_direct,not_applicable,2.323290369611795e-16,4.64658073922359e-16,0.007730900004389696,0.008469100008369423,0.0,0.0,6.785377592018878e-05,6.785346513081955e-05,5.89502934177885,5.895056342794158,2.7001015308059095e-05,1.5488602464078636e-16,1.5488602464078636e-16,0.0,True,0.01736979999986943,0.015625,,
951,arpack_matvec,central_difference,1.0,0.0020373375775464136,0.11742455606080138,170008102.40470338,336.4447066427892,336.44872248127956,336.4446478061245,336.4486636446148,2,sparse_direct,not_applicable,3.097720492815727e-16,3.872150616019659e-16,0.00735030000214465,0.008008200005861,0.015625,0.0,6.785394235824258e-05,6.785329921506154e-05,5.895014881937953,5.895070757461579,5.587552362662507e-05,7.744301232039318e-17,7.744301232039318e-17,1.5488602464078636e-16,True,0.016103599991765805,0.015625,,
952,arpack_matvec,central_difference,1.0,0.0020373375775464136,0.1269211118354092,214298068.4461341,336.44470941916984,336.4487224812795,336.44464780612446,336.44866086823413,2,sparse_direct,not_applicable,4.64658073922359e-16,4.64658073922359e-16,0.008834199994453229,0.009969399994588457,0.015625,0.0,6.785382897280715e-05,6.785341214599323e-05,5.895024732654402,5.895060946078305,3.621342390314197e-05,1.5488602464078636e-16,7.744301232039318e-17,2.323290369611795e-16,True,0.01978810000582598,0.015625,,
953,arpack_matvec,central_difference,1.0,0.0020373375775464136,0.127068453701889,205722259.1369097,336.4447156275903,336.4487224812795,336.44464780612446,336.44865465981366,2,sparse_direct,not_applicable,3.097720492815727e-16,3.097720492815727e-16,0.006235799999558367,0.009067499995580874,0.015625,0.0,6.785381109093857e-05,6.785343047696842e-05,5.895026286201003,5.8950593534953635,3.306729436047817e-05,3.097720492815727e-16,1.5488602464078636e-16,4.64658073922359e-16,True,0.01640340000449214,0.015625,,
954,arpack_matvec,central_difference,1.0,0.0020373375775464136,0.1327361053249248,225906872.00521576,336.4446589620647,336.4487224812795,336.44464780612446,336.4487113253393,2,sparse_direct,not_applicable,4.64658073922359e-16,4.0657581468206416e-16,0.008353400000487454,0.007326799997827038,0.015625,0.0,6.785374939981261e-05,6.785349182278137e-05,5.8950316458283245,5.895054023818162,2.237798983717454e-05,3.097720492815727e-16,1.5488602464078636e-16,1.5488602464078636e-16,True,0.016797599993878976,0.015625,,
955,arpack_matvec,central_difference,1.0,0.0020373375775464136,0.12299973656897177,156248609.24065942,336.4446537755169,336.44872248127956,336.4446478061245,336.4487165118872,2,sparse_direct,not_applicable,3.872150616019659e-16,4.64658073922359e-16,0.007555399992270395,0.006129200002760626,0.0,0.0,6.785373747463762e-05,6.785350408939528e-05,5.895032681869766,5.895052958105304,2.0276235538574383e-05,2.323290369611795e-16,1.5488602464078636e-16,3.872150616019659e-16,True,0.0144566999952076,0.015625,,
956,arpack_matvec,central_difference,1.0,0.0020373375775464136,0.13066884991434974,211730602.92595163,336.4446478061245,336.44868982017863,336.44468046722534,336.44872248127956,2,sparse_direct,not_applicable,4.64658073922359e-16,3.097720492815727e-16,0.00895860001037363,0.0063741000049049035,0.015625,0.0,6.785366605861012e-05,6.785357519486131e-05,5.895038886395483,5.895046780531217,7.894135734431984e-06,1.5488602464078636e-16,7.744301232039318e-17,2.323290369611795e-16,True,0.016371299992897548,0.015625,,
957,arpack_matvec,central_difference,1.0,0.0020373375775464136,0.13013766132253327,232533647.5152437,336.4446478061245,336.4486990120245,336.44467127537945,336.44872248127956,2,sparse_direct,not_applicable,4.64658073922359e-16,3.872150616019659e-16,0.005340899995644577,0.005944000004092231,0.0,0.0,6.785361802893435e-05,6.785362351666983e-05,5.895043059154647,5.895042582386638,4.7676800907225925e-07,7.744301232039318e-17,0.0,7.744301232039318e-17,True,0.011812600001576357,0.015625,,
958,arpack_matvec,central_difference,1.0,0.0020373375775464136,0.15349046343089826,246614211.02164376,336.44464780612446,336.4487061982639,336.4446640891401,336.4487224812795,2,sparse_direct,not_applicable,3.097720492815727e-16,2.710505431213761e-16,0.007096599991200492,0.008271999991848134,0.015625,0.0,6.785357948197327e-05,6.785366158421942e-05,5.895046408071492,5.8950392751247955,7.132946696408737e-06,0.0,7.744301232039318e-17,7.744301232039318e-17,True,0.016166000001248904,0.015625,,
959,arpack_matvec,central_difference,1.0,0.0020373375775464136,0.11865914163919575,164703811.05365148,336.4446478061245,336.4487212666133,336.4446490207907,336.44872248127956,2,sparse_direct,not_applicable,7.744301232039318e-16,4.64658073922359e-16,0.007617800001753494,0.008174200003850274,0.015625,0.0,6.785347578443683e-05,6.785376567479236e-05,5.89505541721631,5.895030231882913,2.5185333396571252e-05,2.323290369611795e-16,7.744301232039318e-17,1.5488602464078636e-16,True,0.016762400002335198,0.015625,,
960,arpack_matvec,central_difference,1.0,0.0020373375775464136,0.1333438029835475,231119948.6251997,336.4446478061245,336.4486838953421,336.44468639206195,336.44872248127956,2,sparse_direct,not_applicable,3.097720492815727e-16,3.1945242582162186e-16,0.006049100004020147,0.009756400002515875,0.015625,0.0,6.785343579412891e-05,6.78538054587643e-05,5.895058891544155,5.895026775514979,3.211602917563283e-05,7.744301232039318e-17,0.0,7.744301232039318e-17,True,0.016771199996583164,0.015625,,
961,arpack_matvec,central_difference,1.0,0.0020373375775464136,0.1213125173687003,217972471.23619395,336.4446478061245,336.4487158008256,336.4446544865785,336.44872248127956,2,sparse_direct,not_applicable,6.9698711088353855e-16,3.097720492815727e-16,0.007483900000806898,0.0077348000049823895,0.015625,0.0,6.785340755005736e-05,6.785383378254842e-05,5.895061345370294,5.8950243147923285,3.70305779657798e-05,2.323290369611795e-16,7.744301232039318e-17,1.5488602464078636e-16,True,0.016142499996931292,0.015625,,
962,arpack_matvec,central_difference,1.0,0.0020373375775464136,0.1508552356711825,174053515.67869517,336.4446478061245,336.4487184726005,336.4446518148036,336.44872248127956,2,sparse_direct,not_applicable,4.64658073922359e-16,3.097720492815727e-16,0.008306500007165596,0.007812800002284348,0.015625,0.0,6.785345455771549e-05,6.785378647684181e-05,5.895057261377369,5.895028424633579,2.8836743790172648e-05,0.0,1.5488602464078636e-16,1.5488602464078636e-16,True,0.017252100005862303,0.015625,,
963,arpack_matvec,central_difference,1.0,0.0020373375775464136,0.12267386498422156,219965967.38226032,336.44464780612446,336.44870136984764,336.44466891755644,336.4487224812795,2,sparse_direct,not_applicable,2.8073091966142525e-16,3.872150616019659e-16,0.005647400001180358,0.009015800009365194,0.015625,0.015625,6.785341119337823e-05,6.785383001983032e-05,5.895061028840887,5.89502464169082,3.638715006726301e-05,1.5488602464078636e-16,7.744301232039318e-17,7.744301232039318e-17,True,0.015542599998298101,0.03125,,
964,arpack_matvec,central_difference,1.0,0.0020373375775464136,0.13110873843823637,188029260.92658374,336.4446478061245,336.448705044964,336.44466524243995,336.44872248127956,2,sparse_direct,not_applicable,3.872150616019659e-16,6.9698711088353855e-16,0.008027099989703856,0.007105299999238923,0.0,0.015625,6.785343200968767e-05,6.785380945546334e-05,5.895059220333772,5.895026428288375,3.279204539730074e-05,2.323290369611795e-16,1.5488602464078636e-16,3.872150616019659e-16,True,0.01612329999625217,0.015625,,
965,arpack_matvec,central_difference,1.0,0.0020373375775464136,0.12811754814517115,212977001.0501423,336.44464780612446,336.4487005312947,336.44466975610936,336.4487224812795,2,sparse_direct,not_applicable,3.872150616019659e-16,3.872150616019659e-16,0.006987399989156984,0.008900400003767572,0.0,0.015625,6.785340934263244e-05,6.785383184421242e-05,5.895061189632504,5.895024483191628,3.670644087527819e-05,2.323290369611795e-16,7.744301232039318e-17,1.5488602464078636e-16,True,0.01661049999529496,0.015625,,
966,arpack_matvec,central_difference,1.0,0.0020373375775464136,0.14875072580406498,179283176.9442259,336.4446478061245,336.44871531609397,336.4446549713101,336.44872248127956,2,sparse_direct,not_applicable,6.9698711088353855e-16,3.872150616019659e-16,0.007845300002372824,0.006436199997551739,0.0,0.015625,6.785343248353956e-05,6.785380854435753e-05,5.895059179165848,5.895026507443738,3.267172210996705e-05,0.0,0.0,0.0,True,0.015491400001337752,0.015625,,
967,arpack_matvec,central_difference,1.0,0.0020373375775464136,0.12205854587928723,224064329.26007587,336.4446478061245,336.44866917972905,336.44470110767503,336.44872248127956,2,sparse_direct,not_applicable,4.64658073922359e-16,3.097720492815727e-16,0.008292899990919977,0.009441999995033257,0.0,0.015625,6.78533734563183e-05,6.785386787350135e-05,5.895064307414376,5.89502135303049,4.2954383886240066e-05,0.0,1.5488602464078636e-16,1.5488602464078636e-16,True,0.018524900006013922,0.015625,,
968,arpack_matvec,central_difference,1.0,0.0020373375775464136,0.13482926626515296,222315928.486797,336.4446478061245,336.44867514569614,336.44469514170794,336.44872248127956,2,sparse_direct,not_applicable,3.872150616019659e-16,4.64658073922359e-16,0.008426300002611242,0.008173499998520128,0.0,0.015625,6.785339802284175e-05,6.785384322201507e-05,5.895062173088907,5.895023494707823,3.867838108373434e-05,0.0,7.744301232039318e-17,7.744301232039318e-17,True,0.01755649999540765,0.015625,,
969,arpack_matvec,central_difference,1.0,0.0020373375775464136,0.1263400107072658,174012962.3522076,336.44464780612446,336.44867568067286,336.4446946067312,336.4487224812795,2,sparse_direct,not_applicable,4.64658073922359e-16,3.097720492815727e-16,0.007855000003473833,0.007737199994153343,0.015625,0.0,6.785344113966823e-05,6.785380024717448e-05,5.895058427127486,5.895027228289348,3.119883813784696e-05,0.0,3.097720492815727e-16,3.097720492815727e-16,True,0.016528699998161756,0.015625,,
970,arpack_matvec,central_difference,1.0,0.0020373375775464136,0.15191725023849126,269939149.7478015,336.4446478061245,336.44868959405386,336.4446806933501,336.44872248127956,2,sparse_direct,not_applicable,4.64658073922359e-16,4.64658073922359e-16,0.0077052999986335635,0.008084300003247336,0.015625,0.0,6.785354339318145e-05,6.785369769143368e-05,5.895049543428792,5.895036138177902,1.3405250889775289e-05,7.744301232039318e-17,0.0,7.744301232039318e-17,True,0.01680300000589341,0.015625,,
971,arpack_matvec,central_difference,1.0,0.0020373375775464136,0.12970755530810915,230583575.81740752,336.4446478061245,336.44867390051894,336.44469638688514,336.44872248127956,2,sparse_direct,not_applicable,5.421010862427522e-16,5.421010862427522e-16,0.007939700008137152,0.007868600005167536,0.015625,0.0,6.785356633207449e-05,6.785367522628143e-05,5.895047550520855,5.895038089920146,9.460600708166567e-06,1.5488602464078636e-16,3.097720492815727e-16,1.5488602464078636e-16,True,0.016908399993553758,0.015625,,
972,arpack_matvec,central_difference,1.0,0.0020373375775464136,0.1334042790555592,202794738.53402162,336.4446478061245,336.44867970932376,336.4446905780802,336.44872248127956,2,sparse_direct,not_applicable,4.64658073922359e-16,3.097720492815727e-16,0.008174499991582707,0.007918899995274842,0.0,0.0,6.785361433957523e-05,6.78536268870488e-05,5.895043379681874,5.895042289572113,1.0901097606819121e-06,1.5488602464078636e-16,2.323290369611795e-16,3.872150616019659e-16,True,0.01705529999162536,0.0,,
973,arpack_matvec,central_difference,1.0,0.0020373375775464136,0.12095405214401425,156902033.33354375,336.4446478061245,336.4487169060348,336.4446533813693,336.44872248127956,2,sparse_direct,not_applicable,3.097720492815727e-16,3.872150616019659e-16,0.006904700014274567,0.007917399998405017,0.015625,0.0,6.785367939877985e-05,6.785356219111033e-05,5.895037727418992,5.8950479102835525,1.0182864560448479e-05,1.5488602464078636e-16,7.744301232039318e-17,2.323290369611795e-16,True,0.015563199995085597,0.015625,,
974,arpack_matvec,central_difference,1.0,0.0020373375775464136,0.12964108863218496,223470869.00328907,336.4446479390959,336.4487224812795,336.44464780612446,336.4487223483081,2,sparse_direct,not_applicable,5.421010862427522e-16,3.097720492815727e-16,0.010013899998739362,0.0075043999968329445,0.015625,0.015625,6.785370537141667e-05,6.785353586727685e-05,5.895035470951594,5.895050197272101,1.4726320507030266e-05,0.0,1.5488602464078636e-16,1.5488602464078636e-16,True,0.01854909998655785,0.03125,,
975,arpack_matvec,central_difference,1.0,0.0020373375775464136,0.1396345752175152,225143898.18723232,336.4447036277059,336.4487224812795,336.44464780612446,336.44866665969806,2,sparse_direct,not_applicable,3.097720492815727e-16,3.872150616019659e-16,0.008469899999909103,0.007746099989162758,0.0,0.015625,6.785374722328549e-05,6.785349422077833e-05,5.895031834921732,5.895053815482219,2.1980560487300238e-05,1.5488602464078636e-16,2.323290369611795e-16,3.872150616019659e-16,True,0.017198700006701984,0.015625,,
976,arpack_matvec,central_difference,1.0,0.0020373375775464136,0.1284795608003103,209415103.50234312,336.4446724172112,336.4487224812795,336.44464780612446,336.44869787019286,2,sparse_direct,not_applicable,3.097720492815727e-16,4.64658073922359e-16,0.007826100001693703,0.008486799997626804,0.0,0.015625,6.785377836204766e-05,6.78534627821804e-05,5.895029129633999,5.89505654684211,2.7417208110946945e-05,7.744301232039318e-17,1.5488602464078636e-16,2.323290369611795e-16,True,0.017332300005364232,0.015625,,
977,arpack_matvec,central_difference,1.0,0.0020373375775464136,0.11089809209232307,164605567.57574883,336.4446962347194,336.44872248127956,336.4446478061245,336.44867405268457,2,sparse_direct,not_applicable,4.64658073922359e-16,3.872150616019659e-16,0.006659199993009679,0.0057120999990729615,0.0,0.015625,6.785388401028578e-05,6.785335770827827e-05,5.895019951096169,5.895065675595875,4.572449970563497e-05,7.744301232039318e-17,7.744301232039318e-17,0.0,True,0.013212900012149476,0.015625,,
978,arpack_matvec,central_difference,1.0,0.0020373375775464136,0.15383139341969077,253420827.38839632,336.4447041272187,336.4487224812795,336.44464780612446,336.44866616018527,2,sparse_direct,not_applicable,4.64658073922359e-16,5.421010862427522e-16,0.006884899994474836,0.006995300005655736,0.0,0.015625,6.785374730460814e-05,6.785349373976845e-05,5.895031827856541,5.895053857271949,2.2029415408297837e-05,4.64658073922359e-16,1.5488602464078636e-16,6.195440985631454e-16,True,0.014707299997098744,0.015625,,
979,arpack_matvec,central_difference,1.0,0.0020373375775464136,0.1158417698279029,168669050.72565937,336.44469880020887,336.44872248127956,336.4446478061245,336.4486714871951,2,sparse_direct,not_applicable,5.421010862427522e-16,6.195440985631454e-16,0.008368599999812432,0.006160500008263625,0.0,0.015625,6.785389725531592e-05,6.785334434825812e-05,5.895018800392672,5.895066836307952,4.803591528013129e-05,3.097720492815727e-16,1.5488602464078636e-16,4.64658073922359e-16,True,0.01553389999025967,0.015625,,
980,arpack_matvec,central_difference,1.0,0.0020373375775464136,0.12418733373781203,205708531.18695143,336.4447262281365,336.4487224812795,336.44464780612446,336.44864405926745,2,sparse_direct,not_applicable,5.421010862427522e-16,3.872150616019659e-16,0.0061381999985314906,0.008904899994377047,0.0,0.015625,6.785380792502487e-05,6.78534332152844e-05,5.895026561250334,5.895059115592365,3.255434203097707e-05,7.744301232039318e-17,1.5488602464078636e-16,7.744301232039318e-17,True,0.01581830000213813,0.015625,,
981,arpack_matvec,central_difference,1.0,0.0020373375775464136,0.12554389892436763,206860399.20487812,336.44471557425044,336.4487224812795,336.44464780612446,336.44865471315353,2,sparse_direct,not_applicable,5.421010862427522e-16,3.678543085218676e-16,0.007698100002016872,0.0067925000039394945,0.0,0.015625,6.785379034349853e-05,6.78534512292167e-05,5.895028088704647,5.895057550554863,2.9461850215461993e-05,7.744301232039318e-17,1.5488602464078636e-16,2.323290369611795e-16,True,0.015385999999125488,0.015625,,
982,arpack_matvec,central_difference,1.0,0.0020373375775464136,0.13691156709154442,235976201.02697352,336.4446535783228,336.4487224812795,336.44464780612446,336.44871670908117,2,sparse_direct,not_applicable,3.872150616019659e-16,3.678543085218676e-16,0.007324800011701882,0.008880199995473959,0.0,0.015625,6.785373027048004e-05,6.785351092913723e-05,5.895033307756423,5.895052363874579,1.9056118156335344e-05,1.5488602464078636e-16,0.0,1.5488602464078636e-16,True,0.016995300000417046,0.015625,,
983,arpack_matvec,central_difference,1.0,0.0020373375775464136,0.11839460406712377,158545072.50088835,336.4446514296029,336.44872248127956,336.4446478061245,336.44871885780117,2,sparse_direct,not_applicable,3.097720492815727e-16,3.872150616019659e-16,0.007941500007291324,0.00857710000127554,0.0,0.015625,6.785372787472083e-05,6.785351373161766e-05,5.895033515896502,5.895052120397595,1.8604501092589487e-05,7.744301232039318e-17,7.744301232039318e-17,1.5488602464078636e-16,True,0.017467300000134856,0.015625,,
984,arpack_matvec,central_difference,1.0,0.0020373375775464136,0.13920431184330787,193228217.1269687,336.4446478061245,336.4486882385179,336.4446820488861,336.44872248127956,2,sparse_direct,not_applicable,6.9698711088353855e-16,3.872150616019659e-16,0.007754200007184409,0.008241699993959628,0.0,0.015625,6.785366165841887e-05,6.785357955472053e-05,5.895039268678443,5.895046401751288,7.133072845277866e-06,7.744301232039318e-17,0.0,7.744301232039318e-17,True,0.017821199988247827,0.015625,,
985,arpack_matvec,central_difference,1.0,0.0020373375775464136,0.12681819716265594,226711260.81933227,336.4446478061245,336.44869050803425,336.4446797793697,336.44872248127956,2,sparse_direct,not_applicable,3.872150616019659e-16,5.421010862427522e-16,0.008100499995634891,0.007768600000417791,0.015625,0.0,6.785362396863273e-05,6.785361760900798e-05,5.895042543120636,5.89504309563736,5.525167239284201e-07,1.5488602464078636e-16,7.744301232039318e-17,2.323290369611795e-16,True,0.016954299993813038,0.015625,,
986,arpack_matvec,central_difference,1.0,0.0020373375775464136,0.15107947993014034,243392234.3575641,336.4446478061245,336.4486906517765,336.4446796356276,336.44872248127956,2,sparse_direct,not_applicable,5.421010862427522e-16,3.872150616019659e-16,0.00826210000377614,0.008123899999191053,0.015625,0.0,6.785358956726854e-05,6.785365151116533e-05,5.895045531871957,5.895040150258972,5.38161298457851e-06,2.323290369611795e-16,0.0,2.323290369611795e-16,True,0.017450599989388138,0.015625,,
987,arpack_matvec,central_difference,1.0,0.0020373375775464136,0.12368888500242774,171206674.17860526,336.44464780612446,336.44868969246875,336.4446805949352,336.4487224812795,2,sparse_direct,not_applicable,3.872150616019659e-16,5.421010862427522e-16,0.008880900000804104,0.00783979998959694,0.015625,0.0,6.785350993585426e-05,6.785373148707283e-05,5.895052450170117,5.895033202060613,1.924810950360012e-05,7.744301232039318e-17,7.744301232039318e-17,0.0,True,0.01768380000430625,0.015625,,
988,arpack_matvec,central_difference,1.0,0.0020373375775464136,0.12860334748841173,223544385.47221327,336.4446478061245,336.44868437305684,336.44468591434725,336.44872248127956,2,sparse_direct,not_applicable,4.64658073922359e-16,3.872150616019659e-16,0.006514299995615147,0.00782210000033956,0.015625,0.0,6.785346466179904e-05,6.785377662646378e-05,5.895056383542295,5.895029280418789,2.7103123506400095e-05,3.872150616019659e-16,1.5488602464078636e-16,5.421010862427522e-16,True,0.015094399990630336,0.015625,,
989,arpack_matvec,central_difference,1.0,0.0020373375775464136,0.11976895359404735,209021434.50933194,336.4446478061245,336.4486783040038,336.4446919834003,336.44872248127956,2,sparse_direct,not_applicable,3.872150616019659e-16,3.097720492815727e-16,0.010020300003816374,0.006783000004361384,0.015625,0.0,6.785343988786481e-05,6.785380147664676e-05,5.895058535883273,5.895027121474808,3.141440846565757e-05,1.5488602464078636e-16,7.744301232039318e-17,2.323290369611795e-16,True,0.017703300007269718,0.015625,,
990,arpack_matvec,central_difference,1.0,0.0020373375775464136,0.15542479381473498,180309745.7374813,336.44464916122183,336.44872248127956,336.4446478061245,336.44872112618225,2,sparse_direct,not_applicable,6.9698711088353855e-16,4.64658073922359e-16,0.006028199990396388,0.00819480000063777,0.015625,0.0,6.78534846772448e-05,6.78537563607555e-05,5.895054644616405,5.895031041072143,2.360354426134137e-05,7.744301232039318e-17,3.097720492815727e-16,2.323290369611795e-16,True,0.015044700005091727,0.015625,,
991,arpack_matvec,central_difference,1.0,0.0020373375775464136,0.12926005747017316,217985201.4042516,336.44464780612446,336.44870844050513,336.44466184689895,336.4487224812795,2,sparse_direct,not_applicable,3.097720492815727e-16,3.872150616019659e-16,0.005181599990464747,0.008387099995161407,0.015625,0.0,6.785345564240934e-05,6.785378557719145e-05,5.895057167139981,5.895028502793764,2.8664346217510683e-05,1.5488602464078636e-16,3.872150616019659e-16,5.421010862427522e-16,True,0.014009599995915778,0.015625,,
992,arpack_matvec,central_difference,1.0,0.0020373375775464136,0.13247562002830723,192911110.88501582,336.4446478061245,336.44871059302903,336.44465969437493,336.44872248127956,2,sparse_direct,not_applicable,4.64658073922359e-16,3.872150616019659e-16,0.006192200002260506,0.008207099992432632,0.015625,0.0,6.78534677793174e-05,6.785377366761053e-05,5.895056112694731,5.895029537479312,2.6575215419377685e-05,7.744301232039318e-17,0.0,7.744301232039318e-17,True,0.01512130000628531,0.015625,,
993,arpack_matvec,central_difference,1.0,0.0020373375775464136,0.12755734374057612,211801455.77886477,336.44464780612446,336.44870606245985,336.44466422494423,336.4487224812795,2,sparse_direct,not_applicable,4.64658073922359e-16,6.195440985631454e-16,0.005466899994644336,0.007882599995355122,0.015625,0.0,6.7853441206276e-05,6.785380000950621e-05,5.89505842134065,5.895027248937579,3.1172403071266785e-05,7.744301232039318e-17,1.5488602464078636e-16,7.744301232039318e-17,True,0.013892599992686883,0.015625,,
994,arpack_matvec,central_difference,1.0,0.0020373375775464136,0.15237439285436138,185491586.3555919,336.4446478061245,336.44871987438063,336.44465041302345,336.44872248127956,2,sparse_direct,not_applicable,4.64658073922359e-16,3.3881317890172014e-16,0.006109699999797158,0.00794589999713935,0.015625,0.0,6.785346184137599e-05,6.785377918999076e-05,5.895056628578473,5.89502905770361,2.757087486315868e-05,1.5488602464078636e-16,1.5488602464078636e-16,3.097720492815727e-16,True,0.014798999996855855,0.015625,,
995,arpack_matvec,central_difference,1.0,0.0020373375775464136,0.11810278167663209,227774674.31712088,336.4446478061245,336.4487147692541,336.44465551815,336.44872248127956,2,sparse_direct,not_applicable,6.9698711088353855e-16,3.872150616019659e-16,0.007230699993669987,0.008004300005268306,0.015625,0.0,6.785340254942931e-05,6.785383882832436e-05,5.895061779821744,5.8950238764240295,3.7903397714700304e-05,7.744301232039318e-17,2.323290369611795e-16,1.5488602464078636e-16,True,0.016183900006581098,0.015625,,
996,arpack_matvec,central_difference,1.0,0.0020373375775464136,0.13357101343534733,218622018.07910275,336.4446478061245,336.4486763212501,336.444693966154,336.44872248127956,2,sparse_direct,not_applicable,6.9698711088353855e-16,3.872150616019659e-16,0.007252999988850206,0.009319000004325062,0.015625,0.0,6.785343252032693e-05,6.785380874005565e-05,5.895059175969787,5.895026490441809,3.268552797841551e-05,1.5488602464078636e-16,3.097720492815727e-16,1.5488602464078636e-16,True,0.017763199997716583,0.015625,,
997,arpack_matvec,central_difference,1.0,0.0020373375775464136,0.12397931137861345,166348701.1224981,336.44464780612446,336.4486793490383,336.4446909383658,336.4487224812795,2,sparse_direct,not_applicable,4.64658073922359e-16,4.64658073922359e-16,0.007860799989430234,0.008794399996986613,0.015625,0.0,6.785346589405425e-05,6.785377552518331e-05,5.895056276484921,5.8950293760963035,2.690038861707933e-05,7.744301232039318e-17,1.5488602464078636e-16,2.323290369611795e-16,True,0.01778500000364147,0.015625,,
998,arpack_matvec,central_difference,1.0,0.0020373375775464136,0.14857827804158066,266944551.92735946,336.44464780612446,336.4486984756256,336.4446718117784,336.4487224812795,2,sparse_direct,not_applicable,3.872150616019659e-16,3.097720492815727e-16,0.00787030000356026,0.0076296000042930245,0.0,0.015625,6.785354977523807e-05,6.785369133241685e-05,5.895048988962001,5.895036690640609,1.2298321392378853e-05,7.744301232039318e-17,1.5488602464078636e-16,2.323290369611795e-16,True,0.016495800009579398,0.015625,,
999,arpack_matvec,central_difference,1.0,0.0020373375775464136,0.12448270595658142,226670544.28348386,336.4446478061245,336.4486824956569,336.44468779174707,336.44872248127956,2,sparse_direct,not_applicable,7.744301232039318e-16,3.3881317890172014e-16,0.007725300005404279,0.007621000011567958,0.0,0.015625,6.785356621625387e-05,6.78536753900289e-05,5.8950475605832295,5.895038075693981,9.484889248234651e-06,0.0,3.872150616019659e-16,3.872150616019659e-16,True,0.01629299999331124,0.015625,,
1000,arpack_matvec,central_difference,1.0,0.0020373375775464136,0.12807931184414872,203105032.28116027,336.4446478061245,336.4486752524169,336.4446950349871,336.44872248127956,2,sparse_direct,not_applicable,3.872150616019659e-16,5.421010862427522e-16,0.007589700006064959,0.007902999990619719,0.0,0.015625,6.785360926824352e-05,6.785363197540525e-05,5.895043820273329,5.895041847501798,1.972771531022488e-06,0.0,2.323290369611795e-16,2.323290369611795e-16,True,0.016482699997141026,0.015625,,
1001,arpack_matvec,central_difference,1.0,0.0020373375775464136,0.11454251698413752,164311890.99558035,336.4446812022304,336.4487224812795,336.44464780612446,336.44868908517367,2,sparse_direct,not_applicable,6.9698711088353855e-16,4.64658073922359e-16,0.0082605999923544,0.009432399994693696,0.0,0.015625,6.785366698158547e-05,6.785357468434872e-05,5.895038806208578,5.895046824884011,8.018675432985845e-06,1.5488602464078636e-16,7.744301232039318e-17,2.323290369611795e-16,True,0.019081399994320236,0.015625,,
1002,arpack_matvec,central_difference,1.0,0.0020373375775464136,0.12373809731774134,221334145.60806423,336.44464780612446,336.44871672660935,336.44465356079473,336.4487224812795,2,sparse_direct,not_applicable,2.904112962014744e-16,3.29132802361671e-16,0.006835799998953007,0.007859400007873774,0.0,0.015625,6.785369231682959e-05,6.785354896132379e-05,5.895036605116167,5.895049059674066,1.2454557898777807e-05,0.0,1.5488602464078636e-16,1.5488602464078636e-16,True,0.015444000004208647,0.015625,,
1003,arpack_matvec,central_difference,1.0,0.0020373375775464136,0.13309431325339255,220295262.80040726,336.4447032348408,336.4487224812795,336.44464780612446,336.4486670525633,2,sparse_direct,not_applicable,4.64658073922359e-16,3.872150616019659e-16,0.007168500000261702,0.007040699987555854,0.0,0.015625,6.785373190831338e-05,6.785350958795957e-05,5.8950331654638495,5.895052480394897,1.9314931047453854e-05,7.744301232039318e-17,0.0,7.744301232039318e-17,True,0.014957699997466989,0.015625,,
1004,arpack_matvec,central_difference,1.0,0.0020373375775464136,0.12545998331455646,201234639.59723768,336.44466807695704,336.4487224812795,336.44464780612446,336.44870221044704,2,sparse_direct,not_applicable,3.872150616019659e-16,4.64658073922359e-16,0.007283099999767728,0.008121000006212853,0.0,0.015625,6.785375559760162e-05,6.785348559987131e-05,5.89503110737379,5.895054564459378,2.3457085587708093e-05,7.744301232039318e-17,2.323290369611795e-16,1.5488602464078636e-16,True,0.016362499998649582,0.015625,,
1005,arpack_matvec,central_difference,1.0,0.0020373375775464136,0.11274428730077948,163062858.4098752,336.44468873672685,336.4487224812795,336.44464780612446,336.4486815506771,2,sparse_direct,not_applicable,2.323290369611795e-16,3.097720492815727e-16,0.006564099996467121,0.007057199996779673,0.0,0.015625,6.785382804042362e-05,6.78534136961195e-05,5.895024813658291,5.895060811404331,3.5997746040017375e-05,1.5488602464078636e-16,7.744301232039318e-17,7.744301232039318e-17,True,0.014333900006022304,0.015625,,
1006,arpack_matvec,central_difference,1.0,0.0020373375775464136,0.14645326878943596,246817431.64542684,336.44470253803286,336.4487224812795,336.44464780612446,336.4486677493711,2,sparse_direct,not_applicable,3.3881317890172014e-16,3.872150616019659e-16,0.008470500004477799,0.0077883999911136925,0.0,0.0,6.785372877573334e-05,6.785351228161539e-05,5.895033437617842,5.895052246372488,1.8808754646215675e-05,3.097720492815727e-16,0.0,3.097720492815727e-16,True,0.017329399997834116,0.015625,,
1007,arpack_matvec,central_difference,1.0,0.0020373375775464136,0.11114286676482196,168673149.57351324,336.4446914132375,336.44872248127956,336.4446478061245,336.4486788741665,2,sparse_direct,not_applicable,6.9698711088353855e-16,5.421010862427522e-16,0.0066802000073948875,0.007851700007449836,0.0,0.015625,6.785385976633033e-05,6.785338191950758e-05,5.895022057366933,5.89506357213717,4.151477023661698e-05,0.0,7.744301232039318e-17,7.744301232039318e-17,True,0.015386400002171285,0.015625,,
1008,arpack_matvec,central_difference,1.0,0.0020373375775464136,0.12442554802448702,211903484.33654335,336.4447075020646,336.4487224812795,336.44464780612446,336.44866278533937,2,sparse_direct,not_applicable,6.195440985631454e-16,3.872150616019659e-16,0.013781600006041117,0.007533199997851625,0.015625,0.0,6.78537821844753e-05,6.785345897793337e-05,5.895028797547538,5.895056877352179,2.8079804640590567e-05,7.744301232039318e-17,7.744301232039318e-17,0.0,True,0.023247799996170215,0.03125,,
1009,arpack_matvec,central_difference,1.0,0.0020373375775464136,0.12233888300973708,206077220.38589197,336.4447139972982,336.4487224812795,336.44464780612446,336.44865629010576,2,sparse_direct,not_applicable,6.9698711088353855e-16,6.195440985631454e-16,0.009216499995090999,0.007194599995273165,0.0,0.015625,6.785376952294309e-05,6.785347208023611e-05,5.895029897561547,5.895055739034307,2.584147275985771e-05,0.0,0.0,0.0,True,0.017679900003713556,0.015625,,
1010,arpack_matvec,central_difference,1.0,0.0020373375775464136,0.1257689767717196,225007454.74322882,336.4446638653763,336.4487224812795,336.44464780612446,336.4487064220278,2,sparse_direct,not_applicable,3.872150616019659e-16,5.421010862427522e-16,0.009061700009624474,0.008333799996762536,0.0,0.015625,6.785372045370923e-05,6.785352081167141e-05,5.895034160623303,5.89505150528897,1.7344665667273773e-05,1.5488602464078636e-16,1.5488602464078636e-16,3.097720492815727e-16,True,0.018377300002612174,0.015625,,
1011,arpack_matvec,central_difference,1.0,0.0020373375775464136,0.11386645639268209,157792217.463002,336.44464910484203,336.44872248127956,336.4446478061245,336.44872118256205,2,sparse_direct,not_applicable,4.64658073922359e-16,3.872150616019659e-16,0.008988500005216338,0.01032979998853989,0.0,0.015625,6.785371312196216e-05,6.78535285416303e-05,5.895034797595068,5.895050833717325,1.6036122256757324e-05,0.0,2.323290369611795e-16,2.323290369611795e-16,True,0.020369099991512485,0.015625,,
1012,arpack_matvec,central_difference,1.0,0.0020373375775464136,0.12781584295545462,205442539.9250314,336.4446478061245,336.44869703108094,336.4446732563229,336.44872248127956,2,sparse_direct,not_applicable,4.64658073922359e-16,4.64658073922359e-16,0.010189599997829646,0.008808200000203215,0.015625,0.0,6.785365931601555e-05,6.785358195199224e-05,5.895039472183451,5.895046193478894,6.721295442879693e-06,2.323290369611795e-16,0.0,2.323290369611795e-16,True,0.020156099999439903,0.015625,,
1013,arpack_matvec,central_difference,1.0,0.0020373375775464136,0.13262901124634685,234272359.78243002,336.4446478061245,336.4486960803658,336.4446742070382,336.44872248127956,2,sparse_direct,not_applicable,6.195440985631454e-16,5.421010862427522e-16,0.009677499998360872,0.009652399996411987,0.015625,0.015625,6.785362556156873e-05,6.785361594741928e-05,5.895042404728244,5.89504323999425,8.352660056942796e-07,1.5488602464078636e-16,7.744301232039318e-17,2.323290369611795e-16,True,0.02054310000676196,0.03125,,
1014,arpack_matvec,central_difference,1.0,0.0020373375775464136,0.14914312572648378,246671353.93800312,336.44464780612446,336.4487091946477,336.4446610927564,336.4487224812795,2,sparse_direct,not_applicable,5.421010862427522e-16,6.195440985631454e-16,0.009125500000664033,0.014138200000161305,0.0,0.015625,6.785359692038239e-05,6.785364416439927e-05,5.8950448930415495,5.895040788536863,4.104504686353039e-06,7.744301232039318e-17,7.744301232039318e-17,0.0,True,0.024378700007218868,0.015625,,
1015,arpack_matvec,central_difference,1.0,0.0020373375775464136,0.1193270651515416,160585881.6922604,336.44464780612446,336.44869321279003,336.44467707461405,336.4487224812795,2,sparse_direct,not_applicable,3.872150616019659e-16,3.872150616019659e-16,0.009213800003635697,0.0072872000018833205,0.015625,0.015625,6.785353089211697e-05,6.785371059272992e-05,5.8950506295092575,5.895035017331202,1.5612178055235404e-05,0.0,2.323290369611795e-16,2.323290369611795e-16,True,0.01755530000082217,0.03125,,
1016,arpack_matvec,central_difference,1.0,0.0020373375775464136,0.13426274538552124,228523384.47580042,336.44464780612446,336.4486878036638,336.44468248374017,336.4487224812795,2,sparse_direct,not_applicable,3.097720492815727e-16,4.64658073922359e-16,0.011590699999942444,0.010930899996310472,0.0,0.015625,6.78535011383714e-05,6.785374012828891e-05,5.8950532144876835,5.895032451324462,2.0763163221637626e-05,1.5488602464078636e-16,1.5488602464078636e-16,0.0,True,0.023639500010176562,0.015625,,
1017,arpack_matvec,central_difference,1.0,0.0020373375775464136,0.11828520306194383,219538841.99313408,336.44465459055766,336.4487224812795,336.44464780612446,336.4487156968464,2,sparse_direct,not_applicable,4.64658073922359e-16,3.872150616019659e-16,0.009211399999912828,0.00884300000325311,0.015625,0.0,6.785346814440748e-05,6.785377324895982e-05,5.8950560809759915,5.89502957385103,2.6507124961661077e-05,7.744301232039318e-17,3.872150616019659e-16,4.64658073922359e-16,True,0.01930739999806974,0.015625,,
1018,arpack_matvec,central_difference,1.0,0.0020373375775464136,0.15226959510025329,176859582.1651526,336.44465381199933,336.44872248127956,336.4446478061245,336.44871647540475,2,sparse_direct,not_applicable,3.872150616019659e-16,4.64658073922359e-16,0.008749400003580377,0.0070250999997369945,0.015625,0.0,6.785350341862791e-05,6.785373764535409e-05,5.895053016380986,5.89503266703817,2.0349342816139426e-05,1.5488602464078636e-16,0.0,1.5488602464078636e-16,True,0.016721099993446842,0.015625,,
1019,arpack_matvec,central_difference,1.0,0.0020373375775464136,0.11956974688921386,218368906.6206671,336.44464780612446,336.4487133967258,336.4446568906783,336.4487224812795,2,sparse_direct,not_applicable,3.872150616019659e-16,4.2593656776216244e-16,0.008016799998586066,0.008307199997943826,0.015625,0.0,6.785347519229638e-05,6.785376611061797e-05,5.895055468660996,5.895030194019058,2.5274641938466402e-05,7.744301232039318e-17,3.097720492815727e-16,3.872150616019659e-16,True,0.01741749999928288,0.015625,,
1020,arpack_matvec,central_difference,1.0,0.0020373375775464136,0.13390066602044803,194898123.74270153,336.4446478061245,336.44871516003354,336.44465512737054,336.44872248127956,2,sparse_direct,not_applicable,5.421010862427522e-16,5.421010862427522e-16,0.008149400004185736,0.008753700007218868,0.0,0.015625,6.785350025583138e-05,6.785374116550067e-05,5.895053291161995,5.895032361213042,2.0929948952641553e-05,1.5488602464078636e-16,7.744301232039318e-17,7.744301232039318e-17,True,0.017880300001706928,0.015625,,
1021,arpack_matvec,central_difference,1.0,0.0020373375775464136,0.12728951044199321,212433941.46741864,336.44464780612446,336.44871165739676,336.4446586300073,336.4487224812795,2,sparse_direct,not_applicable,3.872150616019659e-16,4.64658073922359e-16,0.007816400000592694,0.0061194000008981675,0.0,0.015625,6.785347142474614e-05,6.785376982381335e-05,5.895055795982755,5.895029871422406,2.5924560349110948e-05,1.5488602464078636e-16,2.323290369611795e-16,7.744301232039318e-17,True,0.014876400004141033,0.015625,,
1022,arpack_matvec,central_difference,1.0,0.0020373375775464136,0.1497075027823322,181527688.3455371,336.44464959605375,336.44872248127956,336.4446478061245,336.44872069135033,2,sparse_direct,not_applicable,3.097720492815727e-16,3.097720492815727e-16,0.007867200009059161,0.008592300000600517,0.0,0.015625,6.785348182844554e-05,6.785375922161928e-05,5.89505489211774,5.895030792524664,2.4099593075810333e-05,1.5488602464078636e-16,7.744301232039318e-17,2.323290369611795e-16,True,0.01751679999870248,0.015625,,
1023,arpack_matvec,central_difference,1.0,0.0020373375775464136,0.11727025075411032,226005067.13799018,336.4446478061245,336.4486712259466,336.44469906145747,336.44872248127956,2,sparse_direct,not_applicable,3.097720492815727e-16,6.195440985631454e-16,0.008247699995990843,0.007767200004309416,0.0,0.015625,6.785343600059824e-05,6.785380540239932e-05,5.895058873606244,5.895026780411876,3.209319436781044e-05,3.872150616019659e-16,3.097720492815727e-16,7.744301232039318e-17,True,0.01682309999887366,0.015625,,
1024,arpack_matvec,central_difference,1.0,0.0020373375775464136,0.13533917294830358,219245218.03307113,336.4446478061245,336.4486794405707,336.4446908468334,336.44872248127956,2,sparse_direct,not_applicable,3.872150616019659e-16,4.162561912221133e-16,0.008050500007811934,0.006914900004630908,0.0,0.015625,6.785346912758955e-05,6.785377213323151e-05,5.895055995557906,5.895029670783759,2.6324774146324614e-05,0.0,7.744301232039318e-17,7.744301232039318e-17,True,0.016399099986301735,0.015625,,
1025,arpack_matvec,central_difference,1.0,0.0020373375775464136,0.12961061155214298,168955581.80921492,336.44464780612446,336.4486864042102,336.4446838831939,336.4487224812795,2,sparse_direct,not_applicable,3.872150616019659e-16,8.518731355243249e-16,0.009011499991174787,0.005781999992905185,0.0,0.015625,6.785349925199766e-05,6.785374213277013e-05,5.895053378374199,5.895032277178108,2.1101196091777297e-05,1.5488602464078636e-16,2.323290369611795e-16,3.872150616019659e-16,True,0.015703400000347756,0.015625,,
1026,arpack_matvec,central_difference,1.0,0.0020373375775464136,0.1485369478579121,266232837.69925183,336.44464780612446,336.4486997558663,336.44467053153767,336.4487224812795,2,sparse_direct,not_applicable,4.64658073922359e-16,5.421010862427522e-16,0.00821169999835547,0.008198399998946115,0.0,0.015625,6.785355975273699e-05,6.785368136533499e-05,5.895048122126936,5.895037556567292,1.0565559644071243e-05,2.323290369611795e-16,2.323290369611795e-16,0.0,True,0.017515799991087988,0.015625,,
1027,arpack_matvec,central_difference,1.0,0.0020373375775464136,0.12157416061163662,230655467.64542446,336.4446478061245,336.4486666197209,336.4447036676832,336.44872248127956,2,sparse_direct,not_applicable,3.097720492815727e-16,3.097720492815727e-16,0.008431899987044744,0.005711899997550063,0.0,0.015625,6.785357015756582e-05,6.785367147028389e-05,5.895047218166149,5.895038416236292,8.801929856971924e-06,1.5488602464078636e-16,7.744301232039318e-17,7.744301232039318e-17,True,0.014845999990939163,0.015625,,
1028,arpack_matvec,central_difference,1.0,0.0020373375775464136,0.126516824006161,206448733.23767725,336.44465233470623,336.44872248127956,336.4446478061245,336.44871795269773,2,sparse_direct,not_applicable,3.097720492815727e-16,4.64658073922359e-16,0.007735899998806417,0.00645760000043083,0.0,0.015625,6.785360681978607e-05,6.785363443009238e-05,5.895044032992514,5.895041634241543,2.39875097118869e-06,3.872150616019659e-16,0.0,3.872150616019659e-16,True,0.014885299999150448,0.015625,,
1029,arpack_matvec,central_difference,1.0,0.0020373375775464136,0.1179520050106082,158200994.77136493,336.44469908702786,336.4487224812795,336.44464780612446,336.4486712003762,2,sparse_direct,not_applicable,5.421010862427522e-16,3.097720492815727e-16,0.008587500007706694,0.008049700001720339,0.0,0.015625,6.785365292951928e-05,6.78535887133157e-05,5.895040027034162,5.895045606062444,5.57902828202117e-06,3.872150616019659e-16,3.097720492815727e-16,7.744301232039318e-17,True,0.01804450000054203,0.015625,,
1030,arpack_matvec,central_difference,1.0,0.0020373375775464136,0.11929723456561833,224015611.92960283,336.44464780612446,336.44871115616183,336.44465913124225,336.4487224812795,2,sparse_direct,not_applicable,3.872150616019659e-16,4.64658073922359e-16,0.0088473000068916,0.006037099999957718,0.015625,0.0,6.785367863476361e-05,6.785356266866969e-05,5.895037793795711,5.895047868793686,1.0074997974562905e-05,7.744301232039318e-17,7.744301232039318e-17,1.5488602464078636e-16,True,0.015874300006544217,0.015625,,
1031,arpack_matvec,central_difference,1.0,0.0020373375775464136,0.13182673952119867,221893982.46266574,336.4447005074022,336.44872248127956,336.4446478061245,336.44866978000186,2,sparse_direct,not_applicable,3.097720492815727e-16,5.421010862427522e-16,0.00861919998715166,0.007214800003566779,0.0,0.015625,6.785371371348596e-05,6.785352779549119e-05,5.895034746204315,5.895050898541191,1.615233687601858e-05,2.323290369611795e-16,3.097720492815727e-16,7.744301232039318e-17,True,0.01653700000315439,0.015625,,
1032,arpack_matvec,central_difference,1.0,0.0020373375775464136,0.1279377098969048,206110796.84232178,336.4446631853664,336.4487224812795,336.44464780612446,336.4487071020376,2,sparse_direct,not_applicable,3.872150616019659e-16,3.872150616019659e-16,0.011666800011880696,0.00885260000359267,0.015625,0.0,6.785373191882621e-05,6.785350929406316e-05,5.89503316455051,5.895052505928356,1.9341377845982777e-05,7.744301232039318e-17,7.744301232039318e-17,0.0,True,0.02166169999691192,0.015625,,
1033,arpack_matvec,central_difference,1.0,0.0020373375775464136,0.10862605164625035,163633829.49445483,336.4446836504392,336.44872248127956,336.4446478061245,336.4486866369648,2,sparse_direct,not_applicable,3.097720492815727e-16,3.872150616019659e-16,0.00899250000657048,0.008253599997260608,0.015625,0.015625,6.785379247824568e-05,6.78534493383892e-05,5.895027903241258,5.895057714828559,2.9811587300976328e-05,7.744301232039318e-17,7.744301232039318e-17,0.0,True,0.0183785999979591,0.03125,,
1034,arpack_matvec,central_difference,1.0,0.0020373375775464136,0.14749500481373612,253177216.84400794,336.44469697717017,336.4487224812795,336.44464780612446,336.4486733102338,2,sparse_direct,not_applicable,5.421010862427522e-16,3.872150616019659e-16,0.008231500003603287,0.007927800004836172,0.0,0.015625,6.785370517326153e-05,6.78535358754984e-05,5.8950354881670375,5.895050196557822,1.4708390784434755e-05,7.744301232039318e-17,1.5488602464078636e-16,7.744301232039318e-17,True,0.017361199992592447,0.015625,,
1035,arpack_matvec,central_difference,1.0,0.0020373375775464136,0.10554023176759575,166263761.872394,336.44469085260505,336.44872248127956,336.4446478061245,336.4486794347989,2,sparse_direct,not_applicable,6.195440985631454e-16,3.097720492815727e-16,0.00833769999735523,0.008444699997198768,0.0,0.015625,6.785382598877888e-05,6.785341580970622e-05,5.895024991901692,5.895060627777286,3.563587559440862e-05,7.744301232039318e-17,7.744301232039318e-17,0.0,True,0.017668100001174025,0.015625,,
1036,arpack_matvec,central_difference,1.0,0.0020373375775464136,0.11955335660368879,204683737.61070576,336.4447256485065,336.4487224812795,336.44464780612446,336.4486446388976,2,sparse_direct,not_applicable,4.64658073922359e-16,3.872150616019659e-16,0.0076253000006545335,0.008653700002469122,0.0,0.0,6.785376410479071e-05,6.785347710320475e-05,5.895030368282231,5.895055302642815,2.4934360584261128e-05,7.744301232039318e-17,7.744301232039318e-17,0.0,True,0.017041300001437776,0.0,,
1037,arpack_matvec,central_difference,1.0,0.0020373375775464136,0.11848624797511141,204082778.72397164,336.44471228933094,336.4487224812795,336.44464780612446,336.44865799807303,2,sparse_direct,not_applicable,3.872150616019659e-16,5.421010862427522e-16,0.006780600000638515,0.00808369999867864,0.0,0.015625,6.785374969608062e-05,6.78534919469065e-05,5.895031620089005,5.895054013034275,2.2392945269622544e-05,7.744301232039318e-17,3.097720492815727e-16,2.323290369611795e-16,True,0.015637200005585328,0.015625,,
1038,arpack_matvec,central_difference,1.0,0.0020373375775464136,0.1275874134170012,236382947.74763125,336.44464780612446,336.448718403137,336.444651884267,336.4487224812795,2,sparse_direct,not_applicable,3.097720492815727e-16,4.64658073922359e-16,0.010036300009232946,0.008299400011310354,0.015625,0.0,6.785370062380934e-05,6.785354062622916e-05,5.89503588341714,5.895049783818913,1.3900401772737325e-05,1.5488602464078636e-16,3.097720492815727e-16,1.5488602464078636e-16,True,0.019707100000232458,0.015625,,
1039,arpack_matvec,central_difference,1.0,0.0020373375775464136,0.11147867499358606,158740234.79279172,336.44468867159776,336.44872248127956,336.4446478061245,336.4486816158062,2,sparse_direct,not_applicable,3.872150616019659e-16,5.421010862427522e-16,0.005175500002223998,0.007756299994071014,0.015625,0.0,6.785369677168725e-05,6.7853544940378e-05,5.89503621808421,5.895049409009871,1.3190925660211406e-05,7.744301232039318e-17,2.323290369611795e-16,3.097720492815727e-16,True,0.013463499999488704,0.015625,,
1040,arpack_matvec,central_difference,1.0,0.0020373375775464136,0.12877468311930998,195115521.02672476,336.4446478061245,336.4486804473937,336.44468984001026,336.44872248127956,2,sparse_direct,not_applicable,3.3881317890172014e-16,4.64658073922359e-16,0.009003400002256967,0.00812279999081511,0.015625,0.0,6.78536519346584e-05,6.785358932159382e-05,5.895040113466425,5.895045553215907,5.439749481972456e-06,1.5488602464078636e-16,0.0,1.5488602464078636e-16,True,0.018161200001486577,0.015625,,
1041,arpack_matvec,central_difference,1.0,0.0020373375775464136,0.13073763139695047,231013111.20985514,336.4446478061245,336.44869378513226,336.4446765022717,336.44872248127956,2,sparse_direct,not_applicable,4.452973208422607e-16,3.872150616019659e-16,0.007528100002673455,0.00833329999295529,0.015625,0.0,6.785362546492726e-05,6.785361605461634e-05,5.89504241312434,5.895043230681093,8.175567529633554e-07,7.744301232039318e-17,3.872150616019659e-16,4.64658073922359e-16,True,0.016601000010268763,0.015625,,
1042,arpack_matvec,central_difference,1.0,0.0020373375775464136,0.1523919840641853,240542375.1364375,336.4446478061245,336.4486916396511,336.444678647753,336.44872248127956,2,sparse_direct,not_applicable,3.872150616019659e-16,4.64658073922359e-16,0.006125600004452281,0.007420699999784119,0.015625,0.0,6.785360286519637e-05,6.785363822722598e-05,5.8950443765627805,5.8950413043511904,3.0722115900161384e-06,7.744301232039318e-17,7.744301232039318e-17,1.5488602464078636e-16,True,0.014017200010130182,0.015625,,
1043,arpack_matvec,central_difference,1.0,0.0020373375775464136,0.13099472747841925,163542962.21563488,336.4446478061245,336.44867373474034,336.44469655266363,336.44872248127956,2,sparse_direct,not_applicable,3.29132802361671e-16,3.872150616019659e-16,0.006317899998975918,0.010169899993343279,0.015625,0.0,6.785355782409632e-05,6.785368357055987e-05,5.895048289685276,5.895037364980295,1.0924704980652677e-05,1.5488602464078636e-16,1.5488602464078636e-16,3.097720492815727e-16,True,0.017400299999280833,0.015625,,
1044,arpack_matvec,central_difference,1.0,0.0020373375775464136,0.12922074143756224,217155372.04784948,336.44464780612446,336.44868924783316,336.4446810395708,336.4487224812795,2,sparse_direct,not_applicable,5.421010862427522e-16,3.872150616019659e-16,0.007846900000004098,0.007434200000716373,0.015625,0.0,6.785352382542443e-05,6.785371747186832e-05,5.89505124345689,5.895034419681386,1.6823775503382876e-05,0.0,7.744301232039318e-17,7.744301232039318e-17,True,0.01627609999559354,0.015625,,
1045,arpack_matvec,central_difference,1.0,0.0020373375775464136,0.1180905861384694,213662124.12402627,336.4446478061245,336.4486815766076,336.44468871079636,336.44872248127956,2,sparse_direct,not_applicable,3.872150616019659e-16,3.872150616019659e-16,0.008209999999962747,0.010442200000397861,0.0,0.015625,6.785349546170915e-05,6.785374595367789e-05,5.895053707671208,5.895031945223339,2.1762447868667323e-05,1.5488602464078636e-16,0.0,1.5488602464078636e-16,True,0.01982780000253115,0.03125,,
1046,arpack_matvec,central_difference,1.0,0.0020373375775464136,0.1501110436161322,175003168.44365767,336.44465866627434,336.4487224812795,336.44464780612446,336.44871162112975,2,sparse_direct,not_applicable,4.64658073922359e-16,3.097720492815727e-16,0.008235999994212762,0.008406199995079078,0.0,0.015625,6.785352039828656e-05,6.78537206904008e-05,5.8950515412034665,5.895034140059877,1.7401143589168555e-05,2.323290369611795e-16,0.0,2.323290369611795e-16,True,0.017739599992637523,0.015625,,
1047,arpack_matvec,central_difference,1.0,0.0020373375775464136,0.12317555661733894,218843193.75032213,336.4446478061245,336.4487196918247,336.4446505955794,336.44872248127956,2,sparse_direct,not_applicable,3.097720492815727e-16,4.64658073922359e-16,0.008660100007546134,0.008179800002835691,0.0,0.015625,6.785350673933509e-05,6.785373457917088e-05,5.8950527278808655,5.895032933423658,1.9794457207567007e-05,7.744301232039318e-17,2.323290369611795e-16,3.097720492815727e-16,True,0.01789200000348501,0.015625,,
1048,arpack_matvec,central_difference,1.0,0.0020373375775464136,0.13759147983610723,198974600.44639742,336.4446478061245,336.4487199866944,336.44465030070955,336.44872248127956,2,sparse_direct,not_applicable,5.421010862427522e-16,7.744301232039318e-16,0.008260700007667765,0.007587100000819191,0.015625,0.0,6.785352918241944e-05,6.785371219898985e-05,5.8950507780461665,5.8950348777816,1.5900264566326427e-05,7.744301232039318e-17,7.744301232039318e-17,0.0,True,0.016775800002506003,0.015625,,
1049,arpack_matvec,central_difference,1.0,0.0020373375775464136,0.12566879539172526,212911874.66464856,336.4446478061245,336.4487175677839,336.4446527196202,336.44872248127956,2,sparse_direct,not_applicable,5.421010862427522e-16,3.872150616019659e-16,0.008599399996455759,0.00806590000865981,0.015625,0.0,6.78534974971763e-05,6.785374378716985e-05,5.895053530831567,5.895032133446322,2.1397385244981137e-05,7.744301232039318e-17,7.744301232039318e-17,1.5488602464078636e-16,True,0.018021500000031665,0.015625,,
1050,arpack_matvec,central_difference,1.0,0.0020373375775464136,0.15244686557163506,183290768.32415077,336.44465419761934,336.4487224812795,336.44464780612446,336.44871608978474,2,sparse_direct,not_applicable,5.421010862427522e-16,3.097720492815727e-16,0.008681199993588962,0.007862599988584407,0.015625,0.0,6.785350514269803e-05,6.785373591608663e-05,5.895052866595286,5.895032817274381,2.0049320904824697e-05,3.872150616019659e-16,7.744301232039318e-17,4.64658073922359e-16,True,0.017501999987871386,0.015625,,
1051,arpack_matvec,central_difference,1.0,0.0020373375775464136,0.11776319126683693,232458082.7692127,336.44465102033,336.4487224812795,336.44464780612446,336.44871926707407,2,sparse_direct,not_applicable,4.64658073922359e-16,4.64658073922359e-16,0.0072680000012042,0.006461600001784973,0.015625,0.0,6.785346876622972e-05,6.785377263769135e-05,5.895056026952563,5.895029626957077,2.6399995485704153e-05,3.097720492815727e-16,1.5488602464078636e-16,1.5488602464078636e-16,True,0.014169999994919635,0.015625,,
1052,arpack_matvec,central_difference,1.0,0.0020373375775464136,0.12910281202363788,209183772.82223836,336.44464780612446,336.4486802479868,336.4446900394172,336.4487224812795,2,sparse_direct,not_applicable,4.64658073922359e-16,4.64658073922359e-16,0.005667999997967854,0.0052103000052738935,0.015625,0.0,6.785349335363509e-05,6.785374794772345e-05,5.895053890818887,5.895031771983648,2.2118835238948975e-05,7.744301232039318e-17,3.097720492815727e-16,2.323290369611795e-16,True,0.011351499997545034,0.015625,,
1053,arpack_matvec,central_difference,1.0,0.0020373375775464136,0.12655827896802005,162557178.26795417,336.44464780612446,336.4486909623195,336.44467932508456,336.4487224812795,2,sparse_direct,not_applicable,4.64658073922359e-16,4.64658073922359e-16,0.00702649999584537,0.008117900011711754,0.015625,0.0,6.785352101845774e-05,6.785372041004984e-05,5.895051487323564,5.895034164416368,1.732290719580476e-05,1.5488602464078636e-16,7.744301232039318e-17,2.323290369611795e-16,True,0.01591260000714101,0.015625,,
1054,arpack_matvec,central_difference,1.0,0.0020373375775464136,0.14881211068987957,269231536.48332864,336.4446478061245,336.4486812704162,336.44468901698775,336.44872248127956,2,sparse_direct,not_applicable,5.421010862427522e-16,4.64658073922359e-16,0.005352599997422658,0.006110500005888753,0.0,0.015625,6.785357098560107e-05,6.785367013566877e-05,5.895047146227313,5.895038532185914,8.614041399290784e-06,1.5488602464078636e-16,1.5488602464078636e-16,3.097720492815727e-16,True,0.011856800003442913,0.015625,,
1055,arpack_matvec,central_difference,1.0,0.0020373375775464136,0.12165433048299366,233549014.63819432,336.4446478061245,336.44869131878085,336.4446789686231,336.44872248127956,2,sparse_direct,not_applicable,4.64658073922359e-16,6.195440985631454e-16,0.005512900010216981,0.008254400003352202,0.0,0.015625,6.785357828039806e-05,6.785366333883215e-05,5.895046512463063,5.895039122686291,7.3897767718378304e-06,7.744301232039318e-17,3.097720492815727e-16,3.872150616019659e-16,True,0.014665199996670708,0.015625,,
1056,arpack_matvec,central_difference,1.0,0.0020373375775464136,0.13090604661275593,209111382.5249422,336.4446551311774,336.44872248127956,336.4446478061245,336.44871515622657,2,sparse_direct,not_applicable,4.64658073922359e-16,3.678543085218676e-16,0.007126500000595115,0.005255000010947697,0.0,0.015625,6.78536076557995e-05,6.785363357710879e-05,5.895043960360621,5.895041708347726,2.2520128943881446e-06,7.744301232039318e-17,7.744301232039318e-17,0.0,True,0.01313520000257995,0.015625,,
1057,arpack_matvec,central_difference,1.0,0.0020373375775464136,0.12070146153775738,158714524.08319548,336.4446954604052,336.4487224812795,336.44464780612446,336.44867482699885,2,sparse_direct,not_applicable,4.64658073922359e-16,6.9698711088353855e-16,0.009865699990768917,0.00814509998599533,0.0,0.015625,6.785364292402197e-05,6.785359871144505e-05,5.895040896299314,5.8950447374360255,3.841136711812965e-06,1.5488602464078636e-16,7.744301232039318e-17,7.744301232039318e-17,True,0.01900450000539422,0.015625,,
1058,arpack_matvec,central_difference,1.0,0.0020373375775464136,0.11733565381569411,229118560.7935259,336.4446478061245,336.4487189029949,336.44465138440904,336.44872248127956,2,sparse_direct,not_applicable,4.3561694430221163e-16,5.421010862427522e-16,0.0075090000027557835,0.005021600009058602,0.0,0.015625,6.785366526615391e-05,6.785357604013693e-05,5.895038955243057,5.895046707094568,7.751851510917618e-06,1.5488602464078636e-16,0.0,1.5488602464078636e-16,True,0.013245599999208935,0.015625,,
1059,arpack_matvec,central_difference,1.0,0.0020373375775464136,0.12711077654958852,219095623.75757912,336.44469844839506,336.44872248127956,336.4446478061245,336.448671839009,2,sparse_direct,not_applicable,3.872150616019659e-16,6.9698711088353855e-16,0.006760700009181164,0.007746400005999021,0.0,0.015625,6.785369905253022e-05,6.78535424977157e-05,5.895036019927705,5.895049621225982,1.3601298276988416e-05,2.323290369611795e-16,1.5488602464078636e-16,3.872150616019659e-16,True,0.015377899995655753,0.015625,,
1060,arpack_matvec,central_difference,1.0,0.0020373375775464136,0.1194840282131593,205203329.86289418,336.44466031876885,336.4487224812795,336.44464780612446,336.4487099686351,2,sparse_direct,not_applicable,5.421010862427522e-16,3.097720492815727e-16,0.00782069998967927,0.007711700003710575,0.0,0.015625,6.785372145077454e-05,6.785351982919925e-05,5.895034073999696,5.89505159064525,1.751664555360577e-05,7.744301232039318e-17,7.744301232039318e-17,0.0,True,0.016458700003568083,0.015625,,
1061,arpack_matvec,central_difference,1.0,0.0020373375775464136,0.11146434539047868,161021864.01430067,336.444677545877,336.44872248127956,336.4446478061245,336.44869274152694,2,sparse_direct,not_applicable,5.421010862427522e-16,5.421010862427522e-16,0.008987799999886192,0.009878800003207289,0.0,0.015625,6.785375654008641e-05,6.785348522522091e-05,5.8950310254921465,5.895054597008694,2.3571516547526983e-05,1.5488602464078636e-16,0.0,1.5488602464078636e-16,True,0.020256999996490777,0.015625,,
1062,arpack_matvec,central_difference,1.0,0.0020373375775464136,0.1434322824734626,251428602.96629983,336.4446935447631,336.4487224812795,336.44464780612446,336.4486767426409,2,sparse_direct,not_applicable,3.097720492815727e-16,3.872150616019659e-16,0.009072299988474697,0.007031799992546439,0.015625,0.0,6.785368802107569e-05,6.785355302310573e-05,5.895036978325453,5.895048706790499,1.17284650462679e-05,1.5488602464078636e-16,3.097720492815727e-16,1.5488602464078636e-16,True,0.017198600005940534,0.015625,,
1063,arpack_matvec,central_difference,1.0,0.0020373375775464136,0.10808408550145639,165255369.06412733,336.44468320752907,336.44872248127956,336.4446478061245,336.4486870798749,2,sparse_direct,not_applicable,5.421010862427522e-16,3.097720492815727e-16,0.008276400010799989,0.006717399999615736,0.015625,0.0,6.785378201783638e-05,6.785345975364667e-05,5.895028812024863,5.895056809958798,2.7997933934820196e-05,1.5488602464078636e-16,1.5488602464078636e-16,0.0,True,0.015679499992984347,0.015625,,
1064,arpack_matvec,central_difference,1.0,0.0020373375775464136,0.12266041055172719,209743502.95318332,336.44470435064045,336.4487224812795,336.44464780612446,336.4486659367635,2,sparse_direct,not_applicable,3.097720492815727e-16,4.64658073922359e-16,0.008552400002372451,0.00721759999578353,0.015625,0.0,6.78537375741351e-05,6.785350363842841e-05,5.895032673225571,5.895052997284911,2.032405934038195e-05,7.744301232039318e-17,2.323290369611795e-16,3.097720492815727e-16,True,0.01646880000771489,0.015625,,
1065,arpack_matvec,central_difference,1.0,0.0020373375775464136,0.11356511657264542,198184343.02031353,336.4447101742301,336.44872248127956,336.4446478061245,336.44866011317396,2,sparse_direct,not_applicable,4.2593656776216244e-16,3.872150616019659e-16,0.007293200003914535,0.006231899998965673,0.015625,0.0,6.785373095937845e-05,6.785351073878932e-05,5.895033247905932,5.895052380411836,1.913250590401816e-05,0.0,0.0,0.0,True,0.014067299998714589,0.015625,,
1066,arpack_matvec,central_difference,1.0,0.0020373375775464136,0.12236389539922313,236961427.51829624,336.44464780612446,336.44871335168904,336.44465693571505,336.4487224812795,2,sparse_direct,not_applicable,6.195440985631454e-16,3.96895438142015e-16,0.008957999991253018,0.006876600004034117,0.015625,0.0,6.785368697879308e-05,6.785355430090008e-05,5.895037068877563,5.895048595777009,1.1526899446501204e-05,1.5488602464078636e-16,1.5488602464078636e-16,3.097720492815727e-16,True,0.01691900000150781,0.015625,,
1067,arpack_matvec,central_difference,1.0,0.0020373375775464136,0.11332000128113613,157565715.72323906,336.4447086918212,336.44872248127956,336.4446478061245,336.4486615955828,2,sparse_direct,not_applicable,3.872150616019659e-16,3.097720492815727e-16,0.0073228999972343445,0.007562300001154654,0.015625,0.0,6.78536801256125e-05,6.785356158837253e-05,5.895037664272735,5.895047962648795,1.0298376060369208e-05,1.5488602464078636e-16,0.0,1.5488602464078636e-16,True,0.0156109999952605,0.015625,,
1068,arpack_matvec,central_difference,1.0,0.0020373375775464136,0.12660554263219778,201985348.54233417,336.4446666616024,336.44872248127956,336.4446478061245,336.44870362580167,2,sparse_direct,not_applicable,3.872150616019659e-16,5.421010862427522e-16,0.0068137999915052205,0.0061206000100355595,0.015625,0.0,6.785364576189989e-05,6.785359549103887e-05,5.895040649747986,5.8950450172213245,4.367473338540151e-06,3.097720492815727e-16,7.744301232039318e-17,2.323290369611795e-16,True,0.013877100005629472,0.015625,,
1069,arpack_matvec,central_difference,1.0,0.0020373375775464136,0.13242631333609226,233833941.57385817,336.4446478061245,336.448692326009,336.444677961395,336.44872248127956,2,sparse_direct,not_applicable,3.872150616019659e-16,2.323290369611795e-16,0.0058065000048372895,0.008405700005823746,0.015625,0.0,6.785362431879937e-05,6.785361717952887e-05,5.8950425126985735,5.895043132950003,6.202514297726225e-07,2.323290369611795e-16,1.5488602464078636e-16,7.744301232039318e-17,True,0.014704400004120544,0.015625,,
1070,arpack_matvec,central_difference,1.0,0.0020373375775464136,0.14797771872267787,248103837.59387168,336.4446478061245,336.44869048368486,336.4446798037192,336.44872248127956,2,sparse_direct,not_applicable,3.097720492815727e-16,5.421010862427522e-16,0.0051811000012094155,0.007631900007254444,0.0,0.015625,6.7853606172675e-05,6.785363494795515e-05,5.895044089212786,5.895041589250253,2.499962532986899e-06,1.5488602464078636e-16,1.5488602464078636e-16,3.097720492815727e-16,True,0.013308900000993162,0.015625,,
1071,arpack_matvec,central_difference,1.0,0.0020373375775464136,0.13175267003333843,164690890.38053897,336.4446478061245,336.4486774255766,336.4446928618274,336.44872248127956,2,sparse_direct,not_applicable,6.195440985631454e-16,3.872150616019659e-16,0.00730430000112392,0.008844600000884384,0.015625,0.0,6.785357263934819e-05,6.785366877029922e-05,5.8950470025515,5.895038650807446,8.351744054557741e-06,1.5488602464078636e-16,1.5488602464078636e-16,3.097720492815727e-16,True,0.017208799996296875,0.015625,,
1072,arpack_matvec,central_difference,1.0,0.0020373375775464136,0.1256153293373999,203948061.51410276,336.44466855554845,336.44872248127956,336.4446478061245,336.4487017318555,2,sparse_direct,not_applicable,6.195440985631454e-16,3.872150616019659e-16,0.008031899997149594,0.008265399999800138,0.015625,0.0,6.785354415481127e-05,6.785369717158808e-05,5.895049477259137,5.895036183341374,1.329391776305755e-05,3.097720492815727e-16,7.744301232039318e-17,2.323290369611795e-16,True,0.017321100007393397,0.015625,,
1073,arpack_matvec,central_difference,1.0,0.0020373375775464136,0.11686578032446347,222733866.51666385,336.4446546062088,336.4487224812795,336.44464780612446,336.44871568119515,2,sparse_direct,not_applicable,4.64658073922359e-16,5.421010862427522e-16,0.007602500001667067,0.010274300002492964,0.015625,0.0,6.785351932791254e-05,6.785372210793329e-05,5.895051634196579,5.895034016906687,1.7617289892690735e-05,0.0,7.744301232039318e-17,7.744301232039318e-17,True,0.018827100007911213,0.015625,,
1074,arpack_matvec,central_difference,1.0,0.0020373375775464136,0.1447584748875859,169489321.40597516,336.44466361525815,336.4487224812795,336.44464780612446,336.44870667214593,2,sparse_direct,not_applicable,4.64658073922359e-16,4.64658073922359e-16,0.007623700003023259,0.010543699987465516,0.015625,0.015625,6.785353427627661e-05,6.785370684250575e-05,5.8950503354966814,5.895035343145426,1.4992351255571634e-05,1.5488602464078636e-16,7.744301232039318e-17,2.323290369611795e-16,True,0.018926599994301796,0.03125,,
1075,arpack_matvec,central_difference,1.0,0.0020373375775464136,0.11977941679683568,221835681.63980463,336.44465049676444,336.44872248127956,336.4446478061245,336.44871979063964,2,sparse_direct,not_applicable,3.097720492815727e-16,4.64658073922359e-16,0.009410400001797825,0.0052537000010488555,0.0,0.015625,6.785352655216152e-05,6.78537147961441e-05,5.895051006560509,5.895034652144509,1.6354416000119443e-05,2.323290369611795e-16,3.097720492815727e-16,5.421010862427522e-16,True,0.015571299998555332,0.015625,,
1076,arpack_matvec,central_difference,1.0,0.0020373375775464136,0.13745965884483305,202718188.67295128,336.44464915087184,336.4487224812795,336.44464780612446,336.44872113653224,2,sparse_direct,not_applicable,3.872150616019659e-16,6.195440985631454e-16,0.004930899987812154,0.006671700000879355,0.0,0.0,6.78535495210688e-05,6.78536918494236e-05,5.895049011043975,5.8950366457237635,1.2365320211316089e-05,7.744301232039318e-17,0.0,7.744301232039318e-17,True,0.012163000006694347,0.0,,
1077,arpack_matvec,central_difference,1.0,0.0020373375775464136,0.12485956988008,214870457.0029934,336.4446483970384,336.44872248127956,336.4446478061245,336.4487218903657,2,sparse_direct,not_applicable,5.421010862427522e-16,3.872150616019659e-16,0.005979800000204705,0.006149000008008443,0.0,0.0,6.785352114285129e-05,6.78537201628917e-05,5.895051476516367,5.895034185889114,1.7290627253530033e-05,7.744301232039318e-17,1.5488602464078636e-16,2.323290369611795e-16,True,0.012663000001339242,0.0,,
1078,arpack_matvec,central_difference,1.0,0.0020373375775464136,0.15440836044397646,182041856.19764793,336.4446584804519,336.4487224812795,336.44464780612446,336.4487118069522,2,sparse_direct,not_applicable,3.097720492815727e-16,3.872150616019659e-16,0.007544799998868257,0.006073399999877438,0.015625,0.0,6.78535261770003e-05,6.785371489102296e-05,5.895051039154166,5.8950346439015675,1.63952525982225e-05,0.0,1.5488602464078636e-16,1.5488602464078636e-16,True,0.014172700000926852,0.015625,,
1079,arpack_matvec,central_difference,1.0,0.0020373375775464136,0.12476645331684644,240582183.83332297,336.4446552342591,336.4487224812795,336.44464780612446,336.448715053145,2,sparse_direct,not_applicable,7.744301232039318e-16,3.872150616019659e-16,0.005693899991456419,0.007973800005856901,0.015625,0.0,6.785350459210054e-05,6.785373676106253e-05,5.895052914430712,5.8950327438641175,2.0170566594757133e-05,0.0,2.323290369611795e-16,2.323290369611795e-16,True,0.014111299999058247,0.015625,,
1080,arpack_matvec,central_difference,1.0,0.0020373375775464136,0.1252301473224367,193051926.68026176,336.44466103967096,336.44872248127956,336.4446478061245,336.448709247733,2,sparse_direct,not_applicable,4.64658073922359e-16,3.872150616019659e-16,0.008036799990804866,0.011150799997267313,0.015625,0.0,6.785351679803231e-05,6.78537245340721e-05,5.895051853990266,5.895033806127235,1.8047863030723477e-05,0.0,7.744301232039318e-17,7.744301232039318e-17,True,0.019958199991378933,0.015625,,
1081,arpack_matvec,central_difference,1.0,0.0020373375775464136,0.12553479388067432,158258146.4371847,336.44464780612446,336.44869574659253,336.44467454081155,336.4487224812795,2,sparse_direct,not_applicable,3.872150616019659e-16,3.097720492815727e-16,0.009793599994736724,0.008296600004541688,0.015625,0.015625,6.785354094877437e-05,6.785370050448663e-05,5.895049755796498,5.895035893783732,1.3862012765208931e-05,7.744301232039318e-17,1.5488602464078636e-16,7.744301232039318e-17,True,0.018993699995917268,0.03125,,
1082,arpack_matvec,central_difference,1.0,0.0020373375775464136,0.15368720985849374,274644598.3785078,336.4446478061245,336.44868427524915,336.44468601215493,336.44872248127956,2,sparse_direct,not_applicable,3.872150616019659e-16,4.64658073922359e-16,0.010558800000580959,0.01032149999809917,0.0,0.015625,6.785358227207493e-05,6.785365883816258e-05,5.895046165670454,5.895039513698709,6.65197174498644e-06,1.5488602464078636e-16,0.0,1.5488602464078636e-16,True,0.021960800004308112,0.015625,,
1083,arpack_matvec,central_difference,1.0,0.0020373375775464136,0.1257834684962693,241319431.98892534,336.4446478061245,336.44866852656037,336.4447017608437,336.44872248127956,2,sparse_direct,not_applicable,4.64658073922359e-16,4.64658073922359e-16,0.007636200010892935,0.007958500005770475,0.015625,0.0,6.785358781121408e-05,6.78536537565796e-05,5.895045684436049,5.895039955180203,5.729255845743353e-06,7.744301232039318e-17,1.5488602464078636e-16,7.744301232039318e-17,True,0.01626439999381546,0.015625,,
1084,arpack_matvec,central_difference,1.0,0.0020373375775464136,0.13537246234916556,215723687.8034029,336.44465797390103,336.44872248127956,336.4446478061245,336.44871231350294,2,sparse_direct,not_applicable,3.097720492815727e-16,3.872150616019659e-16,0.006475000001955777,0.008540299997548573,0.015625,0.0,6.785360984222697e-05,6.785363137410674e-05,5.895043770406304,5.895041899741889,1.8706644153709817e-06,7.744301232039318e-17,7.744301232039318e-17,0.0,True,0.0159395999944536,0.015625,,
1085,arpack_matvec,central_difference,1.0,0.0020373375775464136,0.12023339658770318,156678456.43294305,336.4446827139291,336.4487224812795,336.44464780612446,336.44868757347484,2,sparse_direct,not_applicable,3.097720492815727e-16,3.872150616019659e-16,0.007711400001426227,0.009024600003613159,0.015625,0.0,6.785363671216325e-05,6.785360495426579e-05,5.895041435977995,5.895044195066794,2.759088799209053e-06,1.5488602464078636e-16,7.744301232039318e-17,2.323290369611795e-16,True,0.017975599999772385,0.015625,,
1086,arpack_matvec,central_difference,1.0,0.0020373375775464136,0.12026591811529418,239674087.310165,336.4446478061245,336.4487169103179,336.44465337708607,336.44872248127956,2,sparse_direct,not_applicable,3.3397299063169554e-16,5.421010862427522e-16,0.007718299995758571,0.0068057999887969345,0.015625,0.0,6.785365328655127e-05,6.785358799028064e-05,5.895039996015672,5.895045668878941,5.67286326891292e-06,1.5488602464078636e-16,3.097720492815727e-16,4.64658073922359e-16,True,0.01552119999541901,0.015625,,
1087,arpack_matvec,central_difference,1.0,0.0020373375775464136,0.12224241586869856,216195938.9929302,336.44469586255,336.44872248127956,336.4446478061245,336.44867442485406,2,sparse_direct,not_applicable,3.097720492815727e-16,3.872150616019659e-16,0.005401000002166256,0.006079200000385754,0.015625,0.0,6.785368526884997e-05,6.785355632006009e-05,5.895037217435124,5.895048420354422,1.1202919297126357e-05,7.744301232039318e-17,2.323290369611795e-16,1.5488602464078636e-16,True,0.012101500004064292,0.015625,,
1088,arpack_matvec,central_difference,1.0,0.0020373375775464136,0.11724102738480399,212758548.51297328,336.4446478061245,336.44867396430567,336.4446963230983,336.44872248127956,2,sparse_direct,not_applicable,3.872150616019659e-16,4.64658073922359e-16,0.006081999992602505,0.006021000008331612,0.015625,0.0,6.78537061336281e-05,6.785353515780361e-05,5.895035404731728,5.895050258910458,1.4854178729706291e-05,0.0,1.5488602464078636e-16,1.5488602464078636e-16,True,0.012866000004578382,0.015625,,
1089,arpack_matvec,central_difference,1.0,0.0020373375775464136,0.1111179948303835,158346644.09137708,336.4446734408022,336.44872248127956,336.4446478061245,336.44869684660176,2,sparse_direct,not_applicable,5.421010862427522e-16,3.872150616019659e-16,0.010549200000241399,0.008244600001489744,0.0,0.015625,6.785373245037465e-05,6.785350929742006e-05,5.895033118370359,5.895052505636711,1.9387266352310917e-05,7.744301232039318e-17,3.097720492815727e-16,2.323290369611795e-16,True,0.02015209999808576,0.03125,,
1090,arpack_matvec,central_difference,1.0,0.0020373375775464136,0.14145857108114673,251216895.20112684,336.44469041280746,336.4487224812795,336.44464780612446,336.4486798745965,2,sparse_direct,not_applicable,3.097720492815727e-16,3.872150616019659e-16,0.007900899989181198,0.008399600003031082,0.0,0.015625,6.785367367328965e-05,6.785356736711289e-05,5.8950382248420325,5.895047460597792,9.235755759284814e-06,7.744301232039318e-17,0.0,7.744301232039318e-17,True,0.017440700001316145,0.015625,,
1091,arpack_matvec,central_difference,1.0,0.0020373375775464136,0.11081908095379715,164293544.956643,336.44467660393354,336.44872248127956,336.4446478061245,336.4486936834704,2,sparse_direct,not_applicable,5.421010862427522e-16,4.64658073922359e-16,0.00642649999645073,0.008627700008219108,0.0,0.015625,6.785374606645763e-05,6.78534956635714e-05,5.895031935425204,5.895053690133588,2.1754708384058574e-05,7.744301232039318e-17,7.744301232039318e-17,1.5488602464078636e-16,True,0.016182200008188374,0.015625,,
1092,arpack_matvec,central_difference,1.0,0.0020373375775464136,0.12476453760216061,212667720.96739295,336.444700952269,336.4487224812795,336.44464780612446,336.448669335135,2,sparse_direct,not_applicable,3.097720492815727e-16,5.421010862427522e-16,0.010340199994971044,0.010249299986753613,0.015625,0.0,6.785371444861767e-05,6.78535267652819e-05,5.895034682337112,5.89505098804481,1.630570769783901e-05,0.0,0.0,0.0,True,0.021772099993540905,0.015625,,
1093,arpack_matvec,central_difference,1.0,0.0020373375775464136,0.11008997012349774,187167580.70743534,336.44464780612446,336.4486618213621,336.44470846604185,336.4487224812795,2,sparse_direct,not_applicable,4.64658073922359e-16,3.097720492815727e-16,0.006584500006283633,0.008247099991422147,0.015625,0.0,6.785371164823702e-05,6.785353009004753e-05,5.89503492563023,5.895050699192294,1.5773562063614577e-05,7.744301232039318e-17,7.744301232039318e-17,0.0,True,0.015436400004546158,0.015625,,
1094,arpack_matvec,central_difference,1.0,0.0020373375775464136,0.12525564960231594,249433887.75226343,336.44464780612446,336.44870935727056,336.4446609301335,336.4487224812795,2,sparse_direct,not_applicable,3.097720492815727e-16,3.097720492815727e-16,0.00891109999793116,0.010844200005521998,0.015625,0.015625,6.78536714153621e-05,6.785356983951144e-05,5.8950384210078255,5.895047245798382,8.824790556083428e-06,1.5488602464078636e-16,1.5488602464078636e-16,3.097720492815727e-16,True,0.020853299996815622,0.03125,,
1095,arpack_matvec,central_difference,1.0,0.0020373375775464136,0.11443827944647221,158242986.83371314,336.4447055735064,336.4487224812795,336.44464780612446,336.4486647138977,2,sparse_direct,not_applicable,2.420094135012287e-16,4.64658073922359e-16,0.008314599996083416,0.009732300008181483,0.0,0.015625,6.785366724972875e-05,6.785357447420122e-05,5.8950387829126365,5.895046843141404,8.06022876709278e-06,7.744301232039318e-17,7.744301232039318e-17,1.5488602464078636e-16,True,0.018986200011568144,0.015625,,
1096,arpack_matvec,central_difference,1.0,0.0020373375775464136,0.134393168154067,197667540.27320945,336.4446672503573,336.44872248127956,336.4446478061245,336.44870303704676,2,sparse_direct,not_applicable,3.872150616019659e-16,3.0009167274152353e-16,0.0102313000097638,0.008919699990656227,0.015625,0.0,6.785363936710385e-05,6.785360183724583e-05,5.895041205319994,5.8950444658699634,3.260549969574811e-06,7.744301232039318e-17,1.5488602464078636e-16,2.323290369611795e-16,True,0.019968799999332987,0.015625,,
1097,arpack_matvec,central_difference,1.0,0.0020373375775464136,0.12707974407956252,226858956.85870147,336.4446478061245,336.4486897230952,336.4446805643088,336.44872248127956,2,sparse_direct,not_applicable,3.872150616019659e-16,3.097720492815727e-16,0.006437999996705912,0.008209799998439848,0.015625,0.0,6.785362360928135e-05,6.785361793724708e-05,5.895042574340659,5.895043067120329,4.92779670402399e-07,0.0,7.744301232039318e-17,7.744301232039318e-17,True,0.015386099999886937,0.015625,,
1098,arpack_matvec,central_difference,1.0,0.0020373375775464136,0.14534769287626484,249630385.4230337,336.4446478061245,336.44869427251615,336.44467601488793,336.44872248127956,2,sparse_direct,not_applicable,3.872150616019659e-16,6.195440985631454e-16,0.008407299988903105,0.007514299999456853,0.015625,0.0,6.785360883162638e-05,6.785363231783686e-05,5.895043858206126,5.895041817751752,2.0404543743524073e-06,7.744301232039318e-17,1.5488602464078636e-16,7.744301232039318e-17,True,0.01692189999448601,0.015625,,
1099,arpack_matvec,central_difference,1.0,0.0020373375775464136,0.13282805930808103,174021756.21822545,336.4446478061245,336.4486802849146,336.4446900024894,336.44872248127956,2,sparse_direct,not_applicable,4.64658073922359e-16,3.872150616019659e-16,0.0064639999909559265,0.006924699991941452,0.015625,0.0,6.785358365533018e-05,6.78536577509255e-05,5.89504604549473,5.895039608156483,6.437338247344826e-06,3.097720492815727e-16,2.323290369611795e-16,7.744301232039318e-17,True,0.013943799989647232,0.015625,,
1100,arpack_matvec,central_difference,1.0,0.0020373375775464136,0.12277579640401601,183092794.75571087,336.44467343718924,336.44872248127956,336.4446478061245,336.44869685021473,2,sparse_direct,not_applicable,6.195440985631454e-16,4.64658073922359e-16,0.00710869999602437,0.006837200009613298,0.015625,0.0,6.785356053454889e-05,6.7853680815924e-05,5.895048054203915,5.8950376042993895,1.0449904525700049e-05,7.744301232039318e-17,7.744301232039318e-17,0.0,True,0.01462849999370519,0.015625,,
1101,arpack_matvec,central_difference,1.0,0.0020373375775464136,0.11913126572022063,227405905.30018136,336.44466676896303,336.4487224812795,336.44464780612446,336.44870351844105,2,sparse_direct,not_applicable,3.872150616019659e-16,5.421010862427522e-16,0.008833600004436448,0.008336400002008304,0.015625,0.0,6.78535425267024e-05,6.785369890011415e-05,5.895049618707646,5.895036033169403,1.3585538242821826e-05,0.0,7.744301232039318e-17,7.744301232039318e-17,True,0.01799609999579843,0.015625,,
1102,arpack_matvec,central_difference,1.0,0.0020373375775464136,0.1409929762489404,165309870.44852895,336.4446679936055,336.4487224812795,336.44464780612446,336.4487022937986,2,sparse_direct,not_applicable,5.421010862427522e-16,3.872150616019659e-16,0.01885930000571534,0.009846400003880262,0.015625,0.0,6.785354886945464e-05,6.785369226718486e-05,5.895049067655568,5.895036609429233,1.2458226334999267e-05,7.744301232039318e-17,0.0,7.744301232039318e-17,True,0.03036720000091009,0.015625,,
1103,arpack_matvec,central_difference,1.0,0.0020373375775464136,0.11893364508418833,218244414.04469243,336.44465615185743,336.44872248127956,336.4446478061245,336.44871413554665,2,sparse_direct,not_applicable,4.64658073922359e-16,2.904112962014744e-16,0.005610199994407594,0.007361500000115484,0.015625,0.0,6.785354504861251e-05,6.785369630399332e-05,5.895049399606562,5.895036258716819,1.3140889743468165e-05,7.744301232039318e-17,7.744301232039318e-17,1.5488602464078636e-16,True,0.013705599994864315,0.015625,,
1104,arpack_matvec,central_difference,1.0,0.0020373375775464136,0.13576767131841538,201958290.2305576,336.4446522418773,336.4487224812795,336.44464780612446,336.4487180455268,2,sparse_direct,not_applicable,3.872150616019659e-16,3.872150616019659e-16,0.011393199994927272,0.006131499991170131,0.0,0.0,6.785356443158475e-05,6.785367695121457e-05,5.895047715633439,5.895037940060226,9.775573212245092e-06,0.0,0.0,0.0,True,0.019318599996040575,0.0,,
1105,arpack_matvec,central_difference,1.0,0.0020373375775464136,0.12320912123869596,215745706.96099526,336.4446539505945,336.44872248127956,336.4446478061245,336.4487163368096,2,sparse_direct,not_applicable,3.097720492815727e-16,3.872150616019659e-16,0.006488400002126582,0.0070967999927233905,0.015625,0.0,6.78535407225182e-05,6.785370059512636e-05,5.895049775453415,5.895035885909078,1.3889544336898041e-05,7.744301232039318e-17,0.0,7.744301232039318e-17,True,0.0141418999992311,0.015625,,
1106,arpack_matvec,central_difference,1.0,0.0020373375775464136,0.15596088294389393,181851141.2911425,336.4446622392092,336.4487224812795,336.44464780612446,336.4487080481949,2,sparse_direct,not_applicable,2.420094135012287e-16,3.097720492815727e-16,0.005361499992432073,0.00894289999268949,0.015625,0.0,6.785354503742305e-05,6.78536960360925e-05,5.895049400578692,5.895036281991676,1.3118587015803485e-05,0.0,2.323290369611795e-16,2.323290369611795e-16,True,0.014865500008454546,0.015625,,
1107,arpack_matvec,central_difference,1.0,0.0020373375775464136,0.13318232164817093,250575555.7887128,336.4446583351355,336.4487224812795,336.44464780612446,336.4487119522686,2,sparse_direct,not_applicable,4.64658073922359e-16,3.872150616019659e-16,0.0055995000002440065,0.00879329998861067,0.015625,0.0,6.785353406151806e-05,6.785370724376886e-05,5.8950503541547,5.895035308284248,1.5045870451757537e-05,4.64658073922359e-16,3.872150616019659e-16,7.744301232039318e-17,True,0.014955699996789917,0.015625,,
1108,arpack_matvec,central_difference,1.0,0.0020373375775464136,0.12542768655966527,193350816.11191925,336.44466607943576,336.44872248127956,336.4446478061245,336.4487042079682,2,sparse_direct,not_applicable,3.872150616019659e-16,5.421010862427522e-16,0.007178800005931407,0.011518200000864454,0.015625,0.0,6.785353926852751e-05,6.78537020674567e-05,5.895049901774717,5.895035757995052,1.4143779665687362e-05,7.744301232039318e-17,2.323290369611795e-16,1.5488602464078636e-16,True,0.01938729999528732,0.015625,,
1109,arpack_matvec,central_difference,1.0,0.0020373375775464136,0.12547989799490564,165260104.36599705,336.4446478061245,336.4486694643886,336.44470082301535,336.44872248127956,2,sparse_direct,not_applicable,5.421010862427522e-16,4.64658073922359e-16,0.008914700010791421,0.009316499999840744,0.0,0.015625,6.785355767728317e-05,6.785368378414303e-05,5.895048302440254,5.895037346424476,1.0956015778162964e-05,2.323290369611795e-16,7.744301232039318e-17,1.5488602464078636e-16,True,0.019468300000880845,0.015625,,
1110,arpack_matvec,central_difference,1.0,0.0020373375775464136,0.1558580082825503,274234059.432545,336.4446478061245,336.44868610749813,336.44468417990595,336.44872248127956,2,sparse_direct,not_applicable,3.872150616019659e-16,6.195440985631454e-16,0.014348899989272468,0.010941300002741627,0.015625,0.015625,6.785359045600279e-05,6.785365065339351e-05,5.8950454546597,5.895040224781114,5.229878586199277e-06,1.5488602464078636e-16,1.5488602464078636e-16,3.097720492815727e-16,True,0.02751489999354817,0.03125,,
1111,arpack_matvec,central_difference,1.0,0.0020373375775464136,0.12735722094698132,244690678.26460454,336.4446478061245,336.44867015991133,336.44470012749275,336.44872248127956,2,sparse_direct,not_applicable,6.9698711088353855e-16,4.64658073922359e-16,0.016505400009918958,0.013761399997747503,0.0,0.015625,6.78535949330985e-05,6.785364661856193e-05,5.895045065694564,5.89504057532225,4.490372313981084e-06,7.744301232039318e-17,7.744301232039318e-17,0.0,True,0.03178530000150204,0.015625,,
1112,arpack_matvec,central_difference,1.0,0.0020373375775464136,0.14183340470217048,224859422.4437895,336.4446601885831,336.44872248127956,336.4446478061245,336.44871009882087,2,sparse_direct,not_applicable,3.872150616019659e-16,6.195440985631454e-16,0.007805299988831393,0.00889179999649059,0.0,0.015625,6.785361220264192e-05,6.785362898371882e-05,5.895043565336169,5.895042107415924,1.4579202449738204e-06,1.5488602464078636e-16,7.744301232039318e-17,7.744301232039318e-17,True,0.01747649999742862,0.015625,,
1113,arpack_matvec,central_difference,1.0,0.0020373375775464136,0.12440714447185122,162853558.7979003,336.44464780612446,336.4487064858935,336.44466380151056,336.4487224812795,2,sparse_direct,not_applicable,4.64658073922359e-16,4.64658073922359e-16,0.008234299995820038,0.011926499995752238,0.0,0.015625,6.785363206895068e-05,6.785360955503933e-05,5.8950418393746835,5.8950437953568375,1.9559821540227063e-06,7.744301232039318e-17,3.872150616019659e-16,4.64658073922359e-16,True,0.020801299993763678,0.015625,,
1114,arpack_matvec,central_difference,1.0,0.0020373375775464136,0.12182046591658664,252994655.6259065,336.4446478061245,336.4487161250381,336.44465416236585,336.44872248127956,2,sparse_direct,not_applicable,4.64658073922359e-16,6.195440985631454e-16,0.0064901000005193055,0.008804199998849072,0.015625,0.0,6.785364501467979e-05,6.785359625133725e-05,5.8950407146655435,5.8950449511674465,4.236501903065459e-06,1.5488602464078636e-16,7.744301232039318e-17,2.323290369611795e-16,True,0.016058900000643916,0.015625,,
1115,arpack_matvec,central_difference,1.0,0.0020373375775464136,0.11560004437588213,208815976.48880896,336.4446483284703,336.44872248127956,336.4446478061245,336.4487219589337,2,sparse_direct,not_applicable,5.421010862427522e-16,3.872150616019659e-16,0.005796900004497729,0.0068318999983603135,0.015625,0.0,6.785367397343415e-05,6.785356768206417e-05,5.895038198765873,5.895047433235152,9.234469279029156e-06,7.744301232039318e-17,1.5488602464078636e-16,2.323290369611795e-16,True,0.013229099989985116,0.015625,,
1116,arpack_matvec,central_difference,1.0,0.0020373375775464136,0.1162928667174111,222743139.73505458,336.4446478061245,336.448668733392,336.44470155401194,336.44872248127956,2,sparse_direct,not_applicable,3.872150616019659e-16,2.323290369611795e-16,0.005295199996908195,0.006132299997261725,0.0,0.015625,6.785369009200232e-05,6.78535511906573e-05,5.895036798406144,5.895048865991788,1.2067585643649181e-05,3.097720492815727e-16,1.5488602464078636e-16,4.64658073922359e-16,True,0.012002599993138574,0.015625,,
1117,arpack_matvec,central_difference,1.0,0.0020373375775464136,0.11591953600367087,167239776.72447053,336.4446679979366,336.44872248127956,336.4446478061245,336.44870228946735,2,sparse_direct,not_applicable,4.64658073922359e-16,3.872150616019659e-16,0.009180900000501424,0.014038799999980256,0.0,0.015625,6.785370735876878e-05,6.785353430377717e-05,5.895035298293214,5.895050333107459,1.5034814245140637e-05,0.0,3.097720492815727e-16,3.097720492815727e-16,True,0.024827999994158745,0.015625,,
1118,arpack_matvec,central_difference,1.0,0.0020373375775464136,0.1356151346873805,241857382.22572786,336.4446897211538,336.4487224812795,336.44464780612446,336.4486805662502,2,sparse_direct,not_applicable,4.64658073922359e-16,3.097720492815727e-16,0.01060239999787882,0.005691300000762567,0.015625,0.0,6.785366388411544e-05,6.785357717000661e-05,5.89503907531278,5.895046608932689,7.533619909239064e-06,1.5488602464078636e-16,7.744301232039318e-17,2.323290369611795e-16,True,0.017304000008152798,0.015625,,
1119,arpack_matvec,central_difference,1.0,0.0020373375775464136,0.11341532110385609,162325531.09201705,336.4446708866143,336.44872248127956,336.4446478061245,336.4486994007897,2,sparse_direct,not_applicable,5.421010862427522e-16,4.64658073922359e-16,0.00808879999385681,0.006884399990667589,0.0,0.015625,6.785371743615923e-05,6.785352424767258e-05,5.895034422783741,5.895051206772363,1.6783988622037782e-05,2.323290369611795e-16,7.744301232039318e-17,3.097720492815727e-16,True,0.01679120000335388,0.015625,,
1120,arpack_matvec,central_difference,1.0,0.0020373375775464136,0.12875060699978091,218756272.0232966,336.44469669245746,336.4487224812795,336.44464780612446,336.4486735949465,2,sparse_direct,not_applicable,3.097720492815727e-16,3.097720492815727e-16,0.008502800003043376,0.012284399999771267,0.0,0.015625,6.785369322964596e-05,6.785354796834734e-05,5.895036525811921,5.8950491459428775,1.2620130956264575e-05,7.744301232039318e-17,7.744301232039318e-17,1.5488602464078636e-16,True,0.022460899999714456,0.015625,,
1121,arpack_matvec,central_difference,1.0,0.0020373375775464136,0.11017096269032273,167666965.0443004,336.44464780612446,336.4486587622264,336.4447115251776,336.4487224812795,2,sparse_direct,not_applicable,3.7753468506191674e-16,2.323290369611795e-16,0.011527899987413548,0.006974099989747629,0.015625,0.0,6.78536923035984e-05,6.785354942694925e-05,5.895036606265674,5.895049019220988,1.2412955313401142e-05,3.872150616019659e-16,1.5488602464078636e-16,2.323290369611795e-16,True,0.01993870000296738,0.015625,,
1122,arpack_matvec,central_difference,1.0,0.0020373375775464136,0.1268337484075212,260352659.56244132,336.44464780612446,336.4487056240642,336.4446646633399,336.4487224812795,2,sparse_direct,not_applicable,6.9698711088353855e-16,4.64658073922359e-16,0.010311400008504279,0.012147099987487309,0.015625,0.015625,6.78536597082864e-05,6.785358153603576e-05,5.89503943810346,5.895046229616746,6.79151328597527e-06,1.5488602464078636e-16,2.323290369611795e-16,3.872150616019659e-16,True,0.024037999988649972,0.03125,,
1123,arpack_matvec,central_difference,1.0,0.0020373375775464136,0.11464283282111543,160056846.97393823,336.4447034585175,336.4487224812795,336.44464780612446,336.4486668288866,2,sparse_direct,not_applicable,8.518731355243249e-16,3.872150616019659e-16,0.01685310000902973,0.028223500004969537,0.015625,0.03125,6.785365734420488e-05,6.785358438999502e-05,5.895039643491855,5.8950459816678435,6.338175988496175e-06,1.5488602464078636e-16,2.323290369611795e-16,3.872150616019659e-16,True,0.04743980000785086,0.046875,,
1124,arpack_matvec,central_difference,1.0,0.0020373375775464136,0.14327543364831277,190211991.5030883,336.4446677728181,336.44872248127956,336.4446478061245,336.448702514586,2,sparse_direct,not_applicable,3.872150616019659e-16,3.097720492815727e-16,0.019584200010285713,0.011990300001343712,0.015625,0.015625,6.78536346581721e-05,6.785360649999097e-05,5.895041614426253,5.895044060775948,2.446349695262029e-06,7.744301232039318e-17,0.0,7.744301232039318e-17,True,0.033693099991069175,0.03125,,
1125,arpack_matvec,central_difference,1.0,0.0020373375775464136,0.12310912970667517,210473121.4783529,336.4446478061245,336.44871090757147,336.4446593798326,336.44872248127956,2,sparse_direct,not_applicable,3.872150616019659e-16,4.64658073922359e-16,0.017148500002804212,0.014665800001239404,0.0,0.015625,6.785362324686546e-05,6.785361833703651e-05,5.895042605826923,5.895043032387091,4.265601676323172e-07,2.323290369611795e-16,2.323290369611795e-16,4.64658073922359e-16,True,0.03305829998862464,0.015625,,
1126,arpack_matvec,central_difference,1.0,0.0020373375775464136,0.14494241621744963,248787174.84381518,336.4446478061245,336.44871294376907,336.444657343635,336.44872248127956,2,sparse_direct,not_applicable,3.097720492815727e-16,3.097720492815727e-16,0.01156529999570921,0.010648600000422448,0.015625,0.015625,6.785361122580035e-05,6.785362994453862e-05,5.895043650203039,5.89504202394105,1.626261989073896e-06,7.744301232039318e-17,3.097720492815727e-16,2.323290369611795e-16,True,0.023329600007855333,0.03125,,
1127,arpack_matvec,central_difference,1.0,0.0020373375775464136,0.12928479941925827,188472331.5221569,336.4446478061245,336.4486812502093,336.4446890371947,336.44872248127956,2,sparse_direct,not_applicable,5.808225924029488e-16,4.64658073922359e-16,0.013624400002299808,0.007225499997730367,0.015625,0.0,6.785359097287174e-05,6.785365046046819e-05,5.895045409754693,5.895040241542223,5.1682124695418e-06,3.872150616019659e-16,1.5488602464078636e-16,5.421010862427522e-16,True,0.023113900009775534,0.015625,,
1128,arpack_matvec,central_difference,1.0,0.0020373375775464136,0.11375804551789234,183126026.17269194,336.44468064759496,336.44872248127956,336.4446478061245,336.448689639809,2,sparse_direct,not_applicable,3.872150616019659e-16,4.64658073922359e-16,0.010163099999772385,0.01169139999547042,0.015625,0.015625,6.785357059085603e-05,6.785367084451975e-05,5.895047180522349,5.895038470601865,8.709920484406553e-06,3.872150616019659e-16,7.744301232039318e-17,4.64658073922359e-16,True,0.022901599993929267,0.03125,,
1129,arpack_matvec,central_difference,1.0,0.0020373375775464136,0.12226329203331801,230474834.0301179,336.4446687533662,336.4487224812795,336.44464780612446,336.44870153403787,2,sparse_direct,not_applicable,4.64658073922359e-16,8.518731355243249e-16,0.011926299994229339,0.009181700006593019,0.015625,0.0,6.785356147350975e-05,6.785367993402792e-05,5.895047972627956,5.8950376809173495,1.029171060640266e-05,7.744301232039318e-17,0.0,7.744301232039318e-17,True,0.022894499998074025,0.015625,,
1130,arpack_matvec,central_difference,1.0,0.0020373375775464136,0.1387058673533213,170531488.4318797,336.4446713096687,336.4487224812795,336.44464780612446,336.4486989777354,2,sparse_direct,not_applicable,6.195440985631454e-16,3.097720492815727e-16,0.011397299997042865,0.010844299991731532,0.015625,0.015625,6.785356293184471e-05,6.78536782121619e-05,5.89504784592931,5.895037830510788,1.001541852208021e-05,1.5488602464078636e-16,1.5488602464078636e-16,0.0,True,0.024040500007686205,0.03125,,
1131,arpack_matvec,central_difference,1.0,0.0020373375775464136,0.11045909946280252,216580988.90420622,336.4446582883792,336.44872248127956,336.4446478061245,336.4487119990249,2,sparse_direct,not_applicable,3.29132802361671e-16,3.097720492815727e-16,0.011551999996299855,0.006744199999957345,0.015625,0.0,6.785355628018465e-05,6.78536851298194e-05,5.89504842381876,5.895037229513914,1.1194304845751901e-05,7.744301232039318e-17,7.744301232039318e-17,0.0,True,0.01945410000917036,0.015625,,
1132,arpack_matvec,central_difference,1.0,0.0020373375775464136,0.13413355136800043,192480805.26755515,336.4446539747106,336.4487224812795,336.44464780612446,336.4487163126935,2,sparse_direct,not_applicable,3.872150616019659e-16,3.097720492815727e-16,0.008623899993835948,0.009027200008858927,0.015625,0.0,6.785357604125425e-05,6.785366536517145e-05,5.895046706997496,5.895038946640541,7.760356955266445e-06,1.5488602464078636e-16,7.744301232039318e-17,7.744301232039318e-17,True,0.018901900009950623,0.015625,,
1133,arpack_matvec,central_difference,1.0,0.0020373375775464136,0.11803471000942109,209818853.1397921,336.44466054066487,336.44872248127956,336.4446478061245,336.4487097467392,2,sparse_direct,not_applicable,3.097720492815727e-16,3.097720492815727e-16,0.015392799992696382,0.012539999996079132,0.015625,0.015625,6.785355517133736e-05,6.785368617435109e-05,5.895048520154294,5.895037138766402,1.1381387891695738e-05,2.323290369611795e-16,7.744301232039318e-17,1.5488602464078636e-16,True,0.0325518000026932,0.03125,,
1134,arpack_matvec,central_difference,1.0,0.0020373375775464136,0.1553876360430357,181280917.41305774,336.4446654224408,336.4487224812795,336.44464780612446,336.4487048649633,2,sparse_direct,not_applicable,5.227403331626539e-16,4.64658073922359e-16,0.011854099997435696,0.023840599998948164,0.0,0.015625,6.785356046434146e-05,6.785368061548711e-05,5.895048060303465,5.8950376217130795,1.043859038585282e-05,2.323290369611795e-16,7.744301232039318e-17,1.5488602464078636e-16,True,0.03818709999904968,0.03125,,
1135,arpack_matvec,central_difference,1.0,0.0020373375775464136,0.13732655583222994,253161571.4372946,336.4446612949181,336.4487224812795,336.44464780612446,336.448708992486,2,sparse_direct,not_applicable,5.421010862427522e-16,4.0657581468206416e-16,0.006066400004783645,0.010253200001898222,0.0,0.015625,6.785355448868402e-05,6.785368680162123e-05,5.895048579462529,5.895037084270014,1.1495192514310304e-05,7.744301232039318e-17,2.323290369611795e-16,3.097720492815727e-16,True,0.01698069999110885,0.015625,,
1136,arpack_matvec,central_difference,1.0,0.0020373375775464136,0.11973432957249538,192571683.01675683,336.4446721990253,336.44872248127956,336.4446478061245,336.44869808837865,2,sparse_direct,not_applicable,2.323290369611795e-16,4.64658073922359e-16,0.010396099998615682,0.0186532000079751,0.015625,0.015625,6.785355397311692e-05,6.785368741501768e-05,5.89504862425448,5.895037030978957,1.159327552358036e-05,7.744301232039318e-17,7.744301232039318e-17,1.5488602464078636e-16,True,0.0319731000054162,0.03125,,
1137,arpack_matvec,central_difference,1.0,0.0020373375775464136,0.12567028949232462,177620598.2983328,336.4446478061245,336.44867277826415,336.4446975091398,336.44872248127956,2,sparse_direct,not_applicable,3.097720492815727e-16,5.421010862427522e-16,0.017913799994857982,0.015822500005015172,0.03125,0.0,6.785357123591328e-05,6.785367022267422e-05,5.895047124480451,5.895038524626994,8.599853456914275e-06,0.0,7.744301232039318e-17,7.744301232039318e-17,True,0.036281599997892044,0.03125,,
1138,arpack_matvec,central_difference,1.0,0.0020373375775464136,0.1518150379922295,262700325.5668755,336.4446478061245,336.44870396268544,336.44466632471864,336.44872248127956,2,sparse_direct,not_applicable,3.872150616019659e-16,3.872150616019659e-16,0.009390199993504211,0.01104019999911543,0.0,0.015625,6.785359598061064e-05,6.785364514666862e-05,5.895044974687873,5.895040703198517,4.271489356000302e-06,1.5488602464078636e-16,1.5488602464078636e-16,3.097720492815727e-16,True,0.02442340001289267,0.015625,,
1139,arpack_matvec,central_difference,1.0,0.0020373375775464136,0.12257005196917162,236226772.3129922,336.4446478061245,336.44866905443746,336.4447012329666,336.44872248127956,2,sparse_direct,not_applicable,3.097720492815727e-16,3.7753468506191674e-16,0.010713900002883747,0.008663499989779666,0.015625,0.0,6.785359953740814e-05,6.785364206585586e-05,5.895044665677277,5.895040970855728,3.694821549160565e-06,7.744301232039318e-17,0.0,7.744301232039318e-17,True,0.021109399996930733,0.03125,,
1140,arpack_matvec,central_difference,1.0,0.0020373375775464136,0.15078387005255964,231131701.2619401,336.444661890945,336.44872248127956,336.4446478061245,336.448708396459,2,sparse_direct,not_applicable,4.64658073922359e-16,3.872150616019659e-16,0.007079900009557605,0.007529199996497482,0.0,0.015625,6.785361421465402e-05,6.785362693488902e-05,5.895043390534884,5.895042285415812,1.105119071809213e-06,0.0,7.744301232039318e-17,7.744301232039318e-17,True,0.016951300000073388,0.015625,,
1141,arpack_matvec,central_difference,1.0,0.0020373375775464136,0.12477263017353792,170671815.17157432,336.44464780612446,336.4487010747791,336.444669212625,336.4487224812795,2,sparse_direct,not_applicable,3.872150616019659e-16,3.097720492815727e-16,0.006046299997251481,0.010171500005526468,0.0,0.015625,6.785362918671151e-05,6.785361243727083e-05,5.895042089780162,5.895043544951879,1.4551717173461043e-06,1.5488602464078636e-16,7.744301232039318e-17,7.744301232039318e-17,True,0.01709040001151152,0.015625,,
1142,arpack_matvec,central_difference,1.0,0.0020373375775464136,0.1221462903499444,265011574.30755764,336.44464780612446,336.4486945948777,336.4446756925264,336.4487224812795,2,sparse_direct,not_applicable,4.64658073922359e-16,3.872150616019659e-16,0.006335499987471849,0.008689100010087714,0.0,0.015625,6.785363921825434e-05,6.785360204762253e-05,5.895041218251857,5.895044447592673,3.229340816091053e-06,7.744301232039318e-17,7.744301232039318e-17,1.5488602464078636e-16,True,0.015818700005183928,0.015625,,
1143,arpack_matvec,central_difference,1.0,0.0020373375775464136,0.11298379463980802,197707031.27398786,336.44464780612446,336.4486807210762,336.4446895663279,336.4487224812795,2,sparse_direct,not_applicable,4.64658073922359e-16,4.64658073922359e-16,0.005508500005817041,0.008994100004201755,0.0,0.015625,6.785366295210538e-05,6.785357872913367e-05,5.895039156284616,5.895046473477392,7.317192776135073e-06,1.5488602464078636e-16,2.323290369611795e-16,7.744301232039318e-17,True,0.0155287999950815,0.015625,,
1144,arpack_matvec,central_difference,1.0,0.0020373375775464136,0.11652086847865385,227748430.8959997,336.4446478061245,336.4487089907703,336.4446612966338,336.44872248127956,2,sparse_direct,not_applicable,4.64658073922359e-16,4.64658073922359e-16,0.00588189999689348,0.00971850000496488,0.0,0.015625,6.785367519079744e-05,6.785356607840582e-05,5.895038093002949,5.895047572559325,9.479556376312814e-06,2.323290369611795e-16,7.744301232039318e-17,3.097720492815727e-16,True,0.016252999994321726,0.015625,,
1145,arpack_matvec,central_difference,1.0,0.0020373375775464136,0.11352808613273853,179703141.0226111,336.4446633008237,336.44872248127956,336.4446478061245,336.44870698658025,2,sparse_direct,not_applicable,4.64658073922359e-16,4.64658073922359e-16,0.006075600002077408,0.01254039999912493,0.0,0.015625,6.785369085922679e-05,6.785355082789126e-05,5.895036731750721,5.8950488975085396,1.2165757818927148e-05,0.0,2.323290369611795e-16,2.323290369611795e-16,True,0.01966099999845028,0.015625,,
1146,arpack_matvec,central_difference,1.0,0.0020373375775464136,0.12706646837575344,224946022.80872774,336.4446913764006,336.4487224812795,336.44464780612446,336.44867891100336,2,sparse_direct,not_applicable,5.421010862427522e-16,3.097720492815727e-16,0.008189300002413802,0.008173700000043027,0.015625,0.0,6.785365682633143e-05,6.785358425894902e-05,5.895039688484044,5.895045993052978,6.304568934467625e-06,7.744301232039318e-17,7.744301232039318e-17,1.5488602464078636e-16,True,0.017131599990534596,0.015625,,
1147,arpack_matvec,central_difference,1.0,0.0020373375775464136,0.11526713171542761,164063114.89498404,336.44466566890065,336.44872248127956,336.4446478061245,336.4487046185033,2,sparse_direct,not_applicable,4.64658073922359e-16,6.9698711088353855e-16,0.008004199989954941,0.0063842999952612445,0.015625,0.0,6.7853695334683e-05,6.785354631674328e-05,5.895036342929174,5.895049289432608,1.294650343375281e-05,3.872150616019659e-16,3.872150616019659e-16,0.0,True,0.015064599996549077,0.015625,,
1148,arpack_matvec,central_difference,1.0,0.0020373375775464136,0.13066369781483092,221268548.1761459,336.4446935412573,336.4487224812795,336.44464780612446,336.44867674614665,2,sparse_direct,not_applicable,6.9698711088353855e-16,3.097720492815727e-16,0.005614599998807535,0.006736800001817755,0.015625,0.0,6.785367687196714e-05,6.785356431486485e-05,5.895037946945139,5.895047725773944,9.778828805373507e-06,7.744301232039318e-17,0.0,7.744301232039318e-17,True,0.012933100006193854,0.015625,,
1149,arpack_matvec,central_difference,1.0,0.0020373375775464136,0.11000998952379262,168516268.34473976,336.44464780612446,336.44866931992544,336.4447009674785,336.4487224812795,2,sparse_direct,not_applicable,6.195440985631454e-16,3.872150616019659e-16,0.005575100003625266,0.012224200007040054,0.0,0.015625,6.785367674439559e-05,6.785356498069413e-05,5.895037958028387,5.895047667927382,9.709898995069466e-06,0.0,7.744301232039318e-17,7.744301232039318e-17,True,0.01855730000534095,0.015625,,
1150,arpack_matvec,central_difference,1.0,0.0020373375775464136,0.1283443008911158,268822258.1835622,336.44464780612446,336.4487017494502,336.4446685379539,336.4487224812795,2,sparse_direct,not_applicable,3.872150616019659e-16,3.872150616019659e-16,0.009127099998295307,0.008159500008332543,0.015625,0.0,6.785365073758822e-05,6.785359049910677e-05,5.8950402174663825,5.895045450914873,5.233448490571391e-06,0.0,1.5488602464078636e-16,1.5488602464078636e-16,True,0.018014899993431754,0.015625,,
1151,arpack_matvec,central_difference,1.0,0.0020373375775464136,0.1144445113811421,162690657.52212426,336.44464780612446,336.4487222280356,336.4446480593684,336.4487224812795,2,sparse_direct,not_applicable,3.872150616019659e-16,4.64658073922359e-16,0.010753199996543117,0.011416800000006333,0.015625,0.015625,6.785364955579472e-05,6.785359218874553e-05,5.895040320139124,5.8950453041209165,4.9839817926056185e-06,7.744301232039318e-17,1.5488602464078636e-16,2.323290369611795e-16,True,0.024633499997435138,0.03125,,
1152,arpack_matvec,central_difference,1.0,0.0020373375775464136,0.14738955753445523,183024336.73123327,336.4446687764122,336.44872248127956,336.4446478061245,336.4487015109918,2,sparse_direct,not_applicable,5.421010862427522e-16,3.097720492815727e-16,0.010926600007223897,0.01248910000140313,0.015625,0.015625,6.785363145770243e-05,6.785360967937958e-05,5.895041892479196,5.895043784554299,1.892075102816193e-06,0.0,0.0,0.0,True,0.024921200005337596,0.03125,,
1153,arpack_matvec,central_difference,1.0,0.0020373375775464136,0.11992697625714817,198906667.68965065,336.44464780612446,336.44871203622864,336.44465825117544,336.4487224812795,2,sparse_direct,not_applicable,4.64658073922359e-16,3.097720492815727e-16,0.012533700006315485,0.012260999996215105,0.015625,0.0,6.785362302381757e-05,6.78536185789197e-05,5.895042625205059,5.895043011372563,3.861675033078882e-07,7.744301232039318e-17,2.323290369611795e-16,1.5488602464078636e-16,True,0.027547699995920993,0.015625,,
1154,arpack_matvec,central_difference,1.0,0.0020373375775464136,0.15894964063310102,236227237.08992442,336.4446478061245,336.44871541011617,336.4446548772879,336.44872248127956,2,sparse_direct,not_applicable,3.872150616019659e-16,3.872150616019659e-16,0.016252200002782047,0.013832899989211,0.015625,0.0,6.785361393987968e-05,6.785362720391923e-05,5.895043414406961,5.895042262042788,1.1523641729738188e-06,1.5488602464078636e-16,7.744301232039318e-17,2.323290369611795e-16,True,0.03590660000918433,0.046875,,
1155,arpack_matvec,central_difference,1.0,0.0020373375775464136,0.1249168699296029,202131625.30160373,336.4446478061245,336.4486819799547,336.44468830744927,336.44872248127956,2,sparse_direct,not_applicable,4.64658073922359e-16,4.64658073922359e-16,0.01044690000708215,0.0104667999985395,0.0,0.015625,6.785359665964197e-05,6.785364481645222e-05,5.8950449156943865,5.89504073188731,4.183807076785229e-06,3.097720492815727e-16,7.744301232039318e-17,3.872150616019659e-16,True,0.022866900006192736,0.015625,,
1156,arpack_matvec,central_difference,1.0,0.0020373375775464136,0.11239335118128681,186026913.87702227,336.4446841365883,336.44872248127956,336.4446478061245,336.4486861508158,2,sparse_direct,not_applicable,5.421010862427522e-16,3.097720492815727e-16,0.009816099991439842,0.005308900013915263,0.015625,0.0,6.785358140023671e-05,6.785366005531768e-05,5.89504624141482,5.895039407953824,6.833460996169549e-06,1.5488602464078636e-16,2.323290369611795e-16,3.872150616019659e-16,True,0.015876199991907924,0.015625,,
1157,arpack_matvec,central_difference,1.0,0.0020373375775464136,0.12234154564613207,229345155.08733827,336.4446696254007,336.4487224812795,336.44464780612446,336.4487006620034,2,sparse_direct,not_applicable,3.0009167274152353e-16,6.195440985631454e-16,0.010881199996219948,0.005607499988400377,0.015625,0.0,6.78535751060673e-05,6.785366629597697e-05,5.895046788245546,5.895038865773358,7.922472187615881e-06,2.323290369611795e-16,0.0,2.323290369611795e-16,True,0.01720750000094995,0.015625,,
1158,arpack_matvec,central_difference,1.0,0.0020373375775464136,0.1362312738629097,184065559.74012196,336.44467351794566,336.4487224812795,336.44464780612446,336.4486967694584,2,sparse_direct,not_applicable,2.420094135012287e-16,3.872150616019659e-16,0.012287100005778484,0.008883000002242625,0.015625,0.0,6.785357483577423e-05,6.785366631463616e-05,5.8950468117283235,5.895038864152272,7.947576051492433e-06,2.323290369611795e-16,2.323290369611795e-16,4.64658073922359e-16,True,0.022385100004612468,0.03125,,
1159,arpack_matvec,central_difference,1.0,0.0020373375775464136,0.1073339119299538,221099146.33690152,336.4446478061245,336.4486918763311,336.44467841107297,336.44872248127956,2,sparse_direct,not_applicable,4.64658073922359e-16,3.097720492815727e-16,0.008570400008466095,0.009882400001515634,0.0,0.015625,6.785356851080922e-05,6.785367291750862e-05,5.895047361234644,5.895038290503299,9.070731344706928e-06,3.097720492815727e-16,1.5488602464078636e-16,1.5488602464078636e-16,True,0.019465500008664094,0.015625,,
1160,arpack_matvec,central_difference,1.0,0.0020373375775464136,0.13189177916539332,184513202.8676148,336.4446536522817,336.4487224812795,336.44464780612446,336.44871663512237,2,sparse_direct,not_applicable,3.097720492815727e-16,3.872150616019659e-16,0.00853189999179449,0.010969299997668713,0.0,0.0,6.785358511559682e-05,6.785365632482286e-05,5.895045918628345,5.895039732054473,6.186573871858059e-06,7.744301232039318e-17,2.323290369611795e-16,3.097720492815727e-16,True,0.020898200004012324,0.015625,,
1161,arpack_matvec,central_difference,1.0,0.0020373375775464136,0.11072726491242191,207639754.43083727,336.4446701657395,336.44872248127956,336.4446478061245,336.44870012166456,2,sparse_direct,not_applicable,3.872150616019659e-16,3.097720492815727e-16,0.010489599997526966,0.00914980001107324,0.015625,0.015625,6.78535661682975e-05,6.785367522671353e-05,5.89504756474963,5.895038089882606,9.474867024295008e-06,0.0,7.744301232039318e-17,7.744301232039318e-17,True,0.02099590000580065,0.03125,,
1162,arpack_matvec,central_difference,1.0,0.0020373375775464136,0.1534943342180647,180903202.6715658,336.44466750266855,336.4487224812795,336.44464780612446,336.44870278473553,2,sparse_direct,not_applicable,6.195440985631454e-16,3.872150616019659e-16,0.012939299995196052,0.015540100008365698,0.0,0.03125,6.78535729600371e-05,6.785366812558124e-05,5.895046974690385,5.895038706819707,8.267870677869382e-06,7.744301232039318e-17,7.744301232039318e-17,0.0,True,0.030518699990352616,0.03125,,
1163,arpack_matvec,central_difference,1.0,0.0020373375775464136,0.13869990215106828,252464385.8113907,336.4446631748726,336.4487224812795,336.44464780612446,336.4487071125315,2,sparse_direct,not_applicable,3.097720492815727e-16,6.195440985631454e-16,0.019041299994569272,0.01976009999634698,0.015625,0.0,6.785356954506149e-05,6.785367173668647e-05,5.895047271379885,5.895038393091584,8.878288300984138e-06,3.097720492815727e-16,7.744301232039318e-17,3.872150616019659e-16,True,0.040344999986700714,0.015625,,
1164,arpack_matvec,central_difference,1.0,0.0020373375775464136,0.1131102624242927,195378813.37816918,336.4446790936061,336.44872248127956,336.4446478061245,336.44869119379786,2,sparse_direct,not_applicable,3.097720492815727e-16,3.678543085218676e-16,0.02167349999945145,0.02550790000532288,0.03125,0.03125,6.785356539247018e-05,6.7853676065814e-05,5.895047632152704,5.895038016982661,9.615170043275612e-06,7.744301232039318e-17,1.5488602464078636e-16,2.323290369611795e-16,True,0.05662060000759084,0.0625,,
1165,arpack_matvec,central_difference,1.0,0.0020373375775464136,0.12448640620125404,185964950.20811775,336.4446478061245,336.44867531915844,336.4446949682455,336.44872248127956,2,sparse_direct,not_applicable,3.097720492815727e-16,5.421010862427522e-16,0.017622499988647178,0.012680100000579841,0.0,0.015625,6.785358148130931e-05,6.785365999547052e-05,5.89504623437132,5.8950394131532695,6.821218050845346e-06,0.0,7.744301232039318e-17,7.744301232039318e-17,True,0.032025599997723475,0.015625,,
1166,arpack_matvec,central_difference,1.0,0.0020373375775464136,0.15922273831899195,248450947.14489365,336.4446478061245,336.4487118565378,336.4446584308663,336.44872248127956,2,sparse_direct,not_applicable,3.872150616019659e-16,6.9698711088353855e-16,0.013426699995761737,0.013065299994195811,0.015625,0.015625,6.785360205319537e-05,6.785363905715825e-05,5.895044447108511,5.895041232247688,3.2148608228865783e-06,2.323290369611795e-16,7.744301232039318e-17,3.097720492815727e-16,True,0.028609300003154203,0.03125,,
1167,arpack_matvec,central_difference,1.0,0.0020373375775464136,0.12085136215914571,227145871.72239277,336.44464780612446,336.4487064909321,336.44466379647196,336.4487224812795,2,sparse_direct,not_applicable,3.097720492815727e-16,3.7753468506191674e-16,0.007798600010573864,0.00843699999677483,0.0,0.015625,6.785360375057532e-05,6.785363786384775e-05,5.895044299642058,5.895041335921047,2.96372101082909e-06,2.323290369611795e-16,7.744301232039318e-17,1.5488602464078636e-16,True,0.01749480000580661,0.015625,,
1168,arpack_matvec,central_difference,1.0,0.0020373375775464136,0.15690685676250596,233564596.9536622,336.4446637960344,336.44872248127956,336.4446478061245,336.4487064913696,2,sparse_direct,not_applicable,6.195440985631454e-16,6.195440985631454e-16,0.013662400000612251,0.008336400002008304,0.015625,0.0,6.785361555174262e-05,6.785362557942523e-05,5.8950432743701775,5.895042403176893,8.711932846239279e-07,1.5488602464078636e-16,0.0,1.5488602464078636e-16,True,0.024032700006500818,0.015625,,
1169,arpack_matvec,central_difference,1.0,0.0020373375775464136,0.12289887821870796,180564902.30539638,336.44464780612446,336.44869617931636,336.4446741080876,336.4487224812795,2,sparse_direct,not_applicable,4.64658073922359e-16,3.872150616019659e-16,0.009049100000993349,0.008462099998723716,0.015625,0.015625,6.78536270862932e-05,6.785361456257625e-05,5.895042272261996,5.895043360307804,1.0880458081174993e-06,7.744301232039318e-17,7.744301232039318e-17,0.0,True,0.018387800009804778,0.03125,,
1170,arpack_matvec,central_difference,1.0,0.0020373375775464136,0.12784842295208437,279300019.5405783,336.44464780612446,336.4486884106606,336.44468187674346,336.4487224812795,2,sparse_direct,not_applicable,3.872150616019659e-16,3.872150616019659e-16,0.007630899999639951,0.005325100006302819,0.0,0.015625,6.785363418821094e-05,6.785360705031846e-05,5.89504165525591,5.895044012964123,2.3577082126635673e-06,0.0,0.0,0.0,True,0.013831400006893091,0.015625,,
1171,arpack_matvec,central_difference,1.0,0.0020373375775464136,0.1192162017323816,203963477.26647517,336.44468762167537,336.44872248127956,336.4446478061245,336.4486826657286,2,sparse_direct,not_applicable,3.872150616019659e-16,3.872150616019659e-16,0.008582900001783855,0.008698500008904375,0.0,0.015625,6.785365141153134e-05,6.785359017906015e-05,5.895040158915049,5.895045478720172,5.319805122638854e-06,3.097720492815727e-16,7.744301232039318e-17,2.323290369611795e-16,True,0.018281099997693673,0.015625,,
1172,arpack_matvec,central_difference,1.0,0.0020373375775464136,0.12133624403589643,226476248.22155315,336.4446478061245,336.4487202971463,336.4446499902578,336.44872248127956,2,sparse_direct,not_applicable,3.097720492815727e-16,3.872150616019659e-16,0.010628100004396401,0.007035800008452497,0.0,0.015625,6.785366110102325e-05,6.785358012784876e-05,5.89503931710426,5.895046351958521,7.034854260901113e-06,2.323290369611795e-16,1.5488602464078636e-16,7.744301232039318e-17,True,0.018880500007071532,0.015625,,
1173,arpack_matvec,central_difference,1.0,0.0020373375775464136,0.10768273508389456,189239631.10082167,336.44465829155484,336.44872248127956,336.4446478061245,336.4487119958491,2,sparse_direct,not_applicable,2.5168979004127783e-16,5.421010862427522e-16,0.005939599999692291,0.00982819999626372,0.015625,0.0,6.785367861455362e-05,6.785356316058414e-05,5.895037795551528,5.895047826056663,1.0030505134928092e-05,2.323290369611795e-16,7.744301232039318e-17,3.097720492815727e-16,True,0.01881409999623429,0.015625,,
1174,arpack_matvec,central_difference,1.0,0.0020373375775464136,0.1256261531313349,228321297.14436507,336.4446622252802,336.44872248127956,336.4446478061245,336.4487080621239,2,sparse_direct,not_applicable,4.64658073922359e-16,3.872150616019659e-16,0.006633400000282563,0.00755100000242237,0.015625,0.0,6.785364933495163e-05,6.78535917718395e-05,5.895040339325696,5.895045340341253,5.001015556338473e-06,1.5488602464078636e-16,7.744301232039318e-17,2.323290369611795e-16,True,0.015355299998191185,0.015625,,
1175,arpack_matvec,central_difference,1.0,0.0020373375775464136,0.11526725452918442,165364995.35125098,336.4446601757321,336.44872248127956,336.4446478061245,336.44871011167186,2,sparse_direct,not_applicable,3.097720492815727e-16,3.872150616019659e-16,0.00841769999533426,0.008391700001084246,0.015625,0.0,6.785367882004622e-05,6.78535628274857e-05,5.895037777698603,5.895047854995914,1.0077297311283928e-05,3.872150616019659e-16,7.744301232039318e-17,3.097720492815727e-16,True,0.017869199989945628,0.015625,,
1176,arpack_matvec,central_difference,1.0,0.0020373375775464136,0.1298238729006949,218566033.23998868,336.4446917939914,336.4487224812795,336.44464780612446,336.44867849341256,2,sparse_direct,not_applicable,4.64658073922359e-16,2.323290369611795e-16,0.005703199989511631,0.008178699994459748,0.015625,0.0,6.785366452280635e-05,6.785357666077557e-05,5.895039019824135,5.895046653174141,7.633350006308603e-06,3.872150616019659e-16,7.744301232039318e-17,4.64658073922359e-16,True,0.014619000008678995,0.015625,,
1177,arpack_matvec,central_difference,1.0,0.0020373375775464136,0.11253786651404891,182000777.6729775,336.44469327897554,336.4487224812795,336.44464780612446,336.44867700842843,2,sparse_direct,not_applicable,3.872150616019659e-16,3.872150616019659e-16,0.009002700011478737,0.009074200002942234,0.015625,0.015625,6.785366315888821e-05,6.785357851838739e-05,5.895039138319589,5.895046491786804,7.353467214699094e-06,1.5488602464078636e-16,1.5488602464078636e-16,3.097720492815727e-16,True,0.019256599989603274,0.03125,,
1178,arpack_matvec,central_difference,1.0,0.0020373375775464136,0.1445036277954907,271117968.9028879,336.4446712747444,336.44872248127956,336.4446478061245,336.4486990126596,2,sparse_direct,not_applicable,3.872150616019659e-16,3.872150616019659e-16,0.005870399996638298,0.011317999989842065,0.0,0.015625,6.785364141686553e-05,6.785359975148738e-05,5.89504102723921,5.895044647078313,3.6198391031305732e-06,7.744301232039318e-17,3.872150616019659e-16,4.64658073922359e-16,True,0.01782199999433942,0.015625,,
1179,arpack_matvec,central_difference,1.0,0.0020373375775464136,0.11780082714344535,167903711.44632867,336.44464780612446,336.44866223310225,336.4447080543018,336.4487224812795,2,sparse_direct,not_applicable,4.64658073922359e-16,4.64658073922359e-16,0.012143800006015226,0.009091799991438165,0.015625,0.0,6.78536425745341e-05,6.785359912655955e-05,5.895040926662389,5.895044701371343,3.7747089534079237e-06,7.744301232039318e-17,7.744301232039318e-17,0.0,True,0.022615900001255795,0.015625,,
1180,arpack_matvec,central_difference,1.0,0.0020373375775464136,0.1487584994657121,181556912.3161538,336.4446700041271,336.44872248127956,336.4446478061245,336.4487002832769,2,sparse_direct,not_applicable,5.421010862427522e-16,5.421010862427522e-16,0.008302999995066784,0.005819800004246645,0.015625,0.0,6.785362904385013e-05,6.785361208504343e-05,5.895042102191788,5.89504357555299,1.4733612028194898e-06,1.5488602464078636e-16,7.744301232039318e-17,7.744301232039318e-17,True,0.014667300012661144,0.015625,,
1181,arpack_matvec,central_difference,1.0,0.0020373375775464136,0.12223671503699857,201469647.71140295,336.44464780612446,336.44871395570226,336.4446563317018,336.4487224812795,2,sparse_direct,not_applicable,5.421010862427522e-16,4.64658073922359e-16,0.00636790000135079,0.005959500005701557,0.015625,0.0,6.785362268460871e-05,6.785361886670837e-05,5.895042654675125,5.895042986369819,3.3169469393357076e-07,7.744301232039318e-17,7.744301232039318e-17,1.5488602464078636e-16,True,0.012928600001032464,0.015625,,
1182,arpack_matvec,central_difference,1.0,0.0020373375775464136,0.16390641643956855,239907484.98154345,336.4446478061245,336.4487169037144,336.4446533836897,336.44872248127956,2,sparse_direct,not_applicable,6.9698711088353855e-16,3.872150616019659e-16,0.008048199990298599,0.010929500000202097,0.015625,0.0,6.78536157016781e-05,6.785362544465119e-05,5.895043261343958,5.895042414885902,8.46458056535937e-07,7.744301232039318e-17,7.744301232039318e-17,0.0,True,0.020203400010359474,0.015625,,
1183,arpack_matvec,central_difference,1.0,0.0020373375775464136,0.1264749338145882,213989381.53719294,336.44464780612446,336.44870450633863,336.44466578106534,336.4487224812795,2,sparse_direct,not_applicable,4.64658073922359e-16,4.64658073922359e-16,0.0071339999994961545,0.007351899999775924,0.015625,0.0,6.785360234597486e-05,6.785363912263179e-05,5.895044421672159,5.895041226559427,3.1951127317242367e-06,3.097720492815727e-16,7.744301232039318e-17,3.872150616019659e-16,True,0.015053199997055344,0.015625,,
1184,arpack_matvec,central_difference,1.0,0.0020373375775464136,0.11428848328866478,207262044.35092938,336.44468615485215,336.44872248127956,336.4446478061245,336.44868413255193,2,sparse_direct,not_applicable,3.872150616019659e-16,3.097720492815727e-16,0.006931100011570379,0.009229599992977455,0.015625,0.0,6.785359080460573e-05,6.785365064379458e-05,5.895045424373459,5.895040225615056,5.198758402435999e-06,7.744301232039318e-17,7.744301232039318e-17,1.5488602464078636e-16,True,0.01681559999997262,0.015625,,
1185,arpack_matvec,central_difference,1.0,0.0020373375775464136,0.12505509649590724,235686408.2659352,336.4446648555054,336.4487224812795,336.44464780612446,336.4487054318987,2,sparse_direct,not_applicable,3.872150616019659e-16,5.421010862427522e-16,0.00638269999762997,0.007706100004725158,0.015625,0.0,6.785358659928874e-05,6.785365476847516e-05,5.895045789726801,5.895039867267993,5.922458807816611e-06,7.744301232039318e-17,0.0,7.744301232039318e-17,True,0.014849500003037974,0.015625,,
1186,arpack_matvec,central_difference,1.0,0.0020373375775464136,0.13428062841780192,216719124.44830677,336.44467281436226,336.4487224812795,336.44464780612446,336.4486974730418,2,sparse_direct,not_applicable,3.872150616019659e-16,3.872150616019659e-16,0.010417400000733323,0.007897999996202998,0.015625,0.0,6.78535848104501e-05,6.785365634589883e-05,5.895045945139161,5.895039730223419,6.2149157420421375e-06,1.5488602464078636e-16,7.744301232039318e-17,2.323290369611795e-16,True,0.01936059999570716,0.015625,,
1187,arpack_matvec,central_difference,1.0,0.0020373375775464136,0.10658976620373058,234614226.3881429,336.4446478061245,336.44868739481143,336.44468289259265,336.44872248127956,2,sparse_direct,not_applicable,3.872150616019659e-16,5.421010862427522e-16,0.00850509999145288,0.007528199988882989,0.015625,0.015625,6.785357971832895e-05,6.785366170322992e-05,5.895046387537163,5.895039264785315,7.122751847887798e-06,0.0,7.744301232039318e-17,7.744301232039318e-17,True,0.01660650000849273,0.03125,,
1188,arpack_matvec,central_difference,1.0,0.0020373375775464136,0.12725591587636376,182432985.21268123,336.44464972106175,336.4487224812795,336.44464780612446,336.44872056634233,2,sparse_direct,not_applicable,3.097720492815727e-16,4.64658073922359e-16,0.009928200001013465,0.006321399996522814,0.0,0.015625,6.785359188882691e-05,6.785364961664723e-05,5.895045330177516,5.895040314852333,5.0153251827111944e-06,0.0,7.744301232039318e-17,7.744301232039318e-17,True,0.016896100001758896,0.015625,,
1189,arpack_matvec,central_difference,1.0,0.0020373375775464136,0.10853842754165396,212652449.17993218,336.4446532773277,336.4487224812795,336.44464780612446,336.4487170100763,2,sparse_direct,not_applicable,6.195440985631454e-16,4.64658073922359e-16,0.01435519999358803,0.007493600001907907,0.015625,0.0,6.785357748526119e-05,6.78536639148027e-05,5.895046581543707,5.895039072646711,7.508896996633041e-06,0.0,7.744301232039318e-17,7.744301232039318e-17,True,0.023557100008474663,0.015625,,
1190,arpack_matvec,central_difference,1.0,0.0020373375775464136,0.14985393792757587,178615446.7122419,336.44466679206914,336.4487224812795,336.44464780612446,336.44870349533494,2,sparse_direct,not_applicable,3.097720492815727e-16,3.097720492815727e-16,0.005949399987002835,0.010407800000393763,0.015625,0.0,6.785358279187837e-05,6.785365830225746e-05,5.895046120510491,5.895039560257463,6.560253027920737e-06,0.0,3.097720492815727e-16,3.097720492815727e-16,True,0.01693699999304954,0.015625,,
1191,arpack_matvec,central_difference,1.0,0.0020373375775464136,0.13950602161524506,253322815.15211767,336.44466062109973,336.4487224812795,336.44464780612446,336.44870966630435,2,sparse_direct,not_applicable,3.872150616019659e-16,3.097720492815727e-16,0.009772900011739694,0.010056099999928847,0.015625,0.015625,6.785358132567186e-05,6.785365994520264e-05,5.895046247892935,5.895039417520478,6.830372456967382e-06,7.744301232039318e-17,7.744301232039318e-17,0.0,True,0.02052920000278391,0.03125,,
1192,arpack_matvec,central_difference,1.0,0.0020373375775464136,0.1157544559330334,204035523.7666281,336.44464780612446,336.4487008045046,336.4446694828995,336.4487224812795,2,sparse_direct,not_applicable,3.872150616019659e-16,3.872150616019659e-16,0.00734359999478329,0.006559599991305731,0.0,0.015625,6.785357843153206e-05,6.785366301168577e-05,5.895046499332702,5.895039151108349,7.348224353442845e-06,7.744301232039318e-17,1.5488602464078636e-16,2.323290369611795e-16,True,0.014703000008012168,0.015625,,
1193,arpack_matvec,central_difference,1.0,0.0020373375775464136,0.12198778107646961,192717180.17972046,336.4446478061245,336.4486790011811,336.44469128622285,336.44872248127956,2,sparse_direct,not_applicable,3.872150616019659e-16,3.872150616019659e-16,0.00821860000723973,0.014266500002122484,0.0,0.015625,6.785358934159053e-05,6.785365216894307e-05,5.895045551478614,5.895040093112068,5.4583665463070474e-06,7.744301232039318e-17,7.744301232039318e-17,0.0,True,0.023625799993169494,0.015625,,
1194,arpack_matvec,central_difference,1.0,0.0020373375775464136,0.1605868748251814,233969827.01223126,336.4446478061245,336.44871506892196,336.4446552184821,336.44872248127956,2,sparse_direct,not_applicable,4.3561694430221163e-16,3.872150616019659e-16,0.006708399989292957,0.008558999994420446,0.015625,0.0,6.785360606502608e-05,6.785363504642728e-05,5.895044098565203,5.895041580695113,2.5178700893135897e-06,0.0,1.5488602464078636e-16,1.5488602464078636e-16,True,0.01578739999968093,0.015625,,
1195,arpack_matvec,central_difference,1.0,0.0020373375775464136,0.12365544708191636,220466441.4217786,336.44464780612446,336.4487114210913,336.4446588663128,336.4487224812795,2,sparse_direct,not_applicable,5.421010862427522e-16,3.872150616019659e-16,0.00942439999198541,0.005686499993316829,0.015625,0.0,6.7853607430735e-05,6.78536341356614e-05,5.895043979913968,5.89504165982135,2.3200926175803716e-06,1.5488602464078636e-16,7.744301232039318e-17,2.323290369611795e-16,True,0.015645599996787496,0.015625,,
1196,arpack_matvec,central_difference,1.0,0.0020373375775464136,0.15957934731912696,235039675.35713267,336.4446649811663,336.44872248127956,336.4446478061245,336.4487053062377,2,sparse_direct,not_applicable,5.421010862427522e-16,3.872150616019659e-16,0.010068000003229827,0.008812999993097037,0.015625,0.0,6.78536162376277e-05,6.785362488826e-05,5.895043214781279,5.895042463224509,7.515567705951298e-07,1.5488602464078636e-16,1.5488602464078636e-16,0.0,True,0.02034339999954682,0.015625,,
1197,arpack_matvec,central_difference,1.0,0.0020373375775464136,0.1278184438201328,191183732.65343264,336.44464868337303,336.4487224812795,336.44464780612446,336.44872160403094,2,sparse_direct,not_applicable,3.872150616019659e-16,6.195440985631454e-16,0.009892100002616644,0.012454499999876134,0.0,0.015625,6.785362468590809e-05,6.78536168993069e-05,5.895042480804602,5.895043157295362,6.764907602985204e-07,7.744301232039318e-17,1.5488602464078636e-16,2.323290369611795e-16,True,0.023726200000965036,0.03125,,
1198,arpack_matvec,central_difference,1.0,0.0020373375775464136,0.13214755094140576,289773122.45861727,336.44464780612446,336.44867841210913,336.44469187529495,336.4487224812795,2,sparse_direct,not_applicable,5.421010862427522e-16,7.744301232039318e-16,0.006420100005925633,0.007676799999899231,0.0,0.015625,6.785363015894804e-05,6.785361106935126e-05,5.895042005313417,5.895043663795156,1.6584817386089412e-06,1.5488602464078636e-16,0.0,1.5488602464078636e-16,True,0.014848399994662032,0.015625,,
1199,arpack_matvec,central_difference,1.0,0.0020373375775464136,0.12720748396782108,204090284.49694327,336.4446706297243,336.44872248127956,336.4446478061245,336.44869965767975,2,sparse_direct,not_applicable,3.872150616019659e-16,3.097720492815727e-16,0.005312900000717491,0.008379899998544715,0.0,0.015625,6.785364202921854e-05,6.785359947133697e-05,5.895040974038733,5.895044671417467,3.69737873384679e-06,7.744301232039318e-17,1.5488602464078636e-16,7.744301232039318e-17,True,0.014245799990021624,0.015625,,
1200,arpack_matvec,central_difference,1.0,0.0020373375775464136,0.11916183452592494,232367992.02573025,336.4446478061245,336.44871575849214,336.4446545289118,336.44872248127956,2,sparse_direct,not_applicable,2.710505431213761e-16,5.421010862427522e-16,0.008011300000362098,0.011576699995202944,0.0,0.015625,6.7853651537937e-05,6.785358969669264e-05,5.895040147933083,5.895045520627733,5.372694649175003e-06,7.744301232039318e-17,0.0,7.744301232039318e-17,True,0.020450899988645688,0.015625,,
1201,arpack_matvec,central_difference,1.0,0.0020373375775464136,0.10397013825970097,184317553.90302956,336.4446496494079,336.44872248127956,336.4446478061245,336.4487206379961,2,sparse_direct,not_applicable,4.64658073922359e-16,6.9698711088353855e-16,0.005287799998768605,0.007535700002335943,0.015625,0.0,6.78536666006148e-05,6.78535752476082e-05,5.895038839306817,5.8950467759486225,7.936641805095235e-06,0.0,2.323290369611795e-16,2.323290369611795e-16,True,0.01328030000149738,0.015625,,
1202,arpack_matvec,central_difference,1.0,0.0020373375775464136,0.13229241221476695,242201833.36025503,336.44465268886086,336.44872248127956,336.4446478061245,336.4487175985432,2,sparse_direct,not_applicable,5.421010862427522e-16,3.097720492815727e-16,0.005586500003118999,0.006760100004612468,0.0,0.015625,6.785364174029364e-05,6.785359936894055e-05,5.895040999140174,5.8950446803135526,3.681173378566882e-06,2.323290369611795e-16,7.744301232039318e-17,1.5488602464078636e-16,True,0.013181499991333112,0.015625,,
1203,arpack_matvec,central_difference,1.0,0.0020373375775464136,0.11572915966879777,170361077.62408936,336.44465309556773,336.44872248127956,336.4446478061245,336.44871719183624,2,sparse_direct,not_applicable,3.872150616019659e-16,4.162561912221133e-16,0.00852820000727661,0.007073600005242042,0.0,0.015625,6.785366922987536e-05,6.78535723621237e-05,5.895038610880067,5.8950470266364725,8.415756405533159e-06,7.744301232039318e-17,3.097720492815727e-16,2.323290369611795e-16,True,0.016612899999017827,0.015625,,
1204,arpack_matvec,central_difference,1.0,0.0020373375775464136,0.12347351494590854,203717219.36103094,336.4446875287181,336.4487224812795,336.44464780612446,336.4486827586859,2,sparse_direct,not_applicable,5.421010862427522e-16,3.872150616019659e-16,0.006130399997346103,0.007157300002290867,0.0,0.015625,6.785366167722073e-05,6.785357946782757e-05,5.89503926704496,5.8950464093004555,7.142255495473648e-06,2.323290369611795e-16,1.5488602464078636e-16,3.872150616019659e-16,True,0.013789599994197488,0.015625,,
1205,arpack_matvec,central_difference,1.0,0.0020373375775464136,0.11509775820793643,189716405.92914712,336.44470022566065,336.4487224812795,336.44464780612446,336.4486700617434,2,sparse_direct,not_applicable,3.872150616019659e-16,3.96895438142015e-16,0.00578720000339672,0.005822799997986294,0.0,0.015625,6.785366189774953e-05,6.785357964690375e-05,5.895039247885701,5.895046393742509,7.14585680761104e-06,7.744301232039318e-17,2.323290369611795e-16,1.5488602464078636e-16,True,0.012109800009056926,0.015625,,
1206,arpack_matvec,central_difference,1.0,0.0020373375775464136,0.1598269911779413,273158335.8213361,336.44466243060145,336.44872248127956,336.4446478061245,336.4487078568026,2,sparse_direct,not_applicable,5.421010862427522e-16,6.195440985631454e-16,0.005194400000618771,0.005435700004454702,0.0,0.0,6.785364397105396e-05,6.78535971101274e-05,5.895040805334465,5.895044876556714,4.071222249102391e-06,2.323290369611795e-16,1.5488602464078636e-16,3.872150616019659e-16,True,0.0110792999912519,0.0,,
1207,arpack_matvec,central_difference,1.0,0.0020373375775464136,0.1194741020543416,174949527.32797793,336.44464780612446,336.44870133874434,336.44466894865974,336.4487224812795,2,sparse_direct,not_applicable,3.872150616019659e-16,4.64658073922359e-16,0.0053626000008080155,0.005199999999604188,0.015625,0.0,6.785365587456416e-05,6.785358570787238e-05,5.895039771172378,5.895045867172086,6.095999707689259e-06,7.744301232039318e-17,7.744301232039318e-17,0.0,True,0.011257700010901317,0.015625,,
1208,arpack_matvec,central_difference,1.0,0.0020373375775464136,0.15138368152761128,182211821.31777602,336.44466315287275,336.44872248127956,336.4446478061245,336.4487071345312,2,sparse_direct,not_applicable,3.872150616019659e-16,6.195440985631454e-16,0.007162499998230487,0.005986599993775599,0.015625,0.0,6.785364556010463e-05,6.785359549592816e-05,5.895040667279709,5.895045016796548,4.349516839141643e-06,3.097720492815727e-16,2.323290369611795e-16,7.744301232039318e-17,True,0.014053299993975088,0.015625,,
1209,arpack_matvec,central_difference,1.0,0.0020373375775464136,0.12524408624123726,207296557.61653882,336.4446568522391,336.4487224812795,336.44464780612446,336.44871343516485,2,sparse_direct,not_applicable,1.0067591601651113e-15,6.9698711088353855e-16,0.006652900003246032,0.008219900002586655,0.0,0.015625,6.785364983676712e-05,6.785359157122323e-05,5.895040295728593,5.895045357770574,5.062041981140908e-06,2.323290369611795e-16,1.5488602464078636e-16,7.744301232039318e-17,True,0.015413000000989996,0.015625,,
1210,arpack_matvec,central_difference,1.0,0.0020373375775464136,0.17143915585987263,243394497.01105234,336.4446576574137,336.4487224812795,336.44464780612446,336.44871262999027,2,sparse_direct,not_applicable,3.097720492815727e-16,3.872150616019659e-16,0.00874879999901168,0.005521099999896251,0.015625,0.0,6.785364008203474e-05,6.785360103708526e-05,5.895041143207672,5.895044535387013,3.3921793409774637e-06,1.5488602464078636e-16,1.5488602464078636e-16,3.097720492815727e-16,True,0.01538349999464117,0.015625,,
1211,arpack_matvec,central_difference,1.0,0.0020373375775464136,0.13041834945463907,227616140.38886723,336.4446671749855,336.4487224812795,336.44464780612446,336.44870311241846,2,sparse_direct,not_applicable,3.872150616019659e-16,3.7753468506191674e-16,0.006918899991433136,0.008571600003051572,0.0,0.0,6.785364855080932e-05,6.785359280367113e-05,5.895040407451002,5.8950452506968585,4.843245856811507e-06,7.744301232039318e-17,7.744301232039318e-17,1.5488602464078636e-16,True,0.016737599988118745,0.015625,,
1212,arpack_matvec,central_difference,1.0,0.0020373375775464136,0.1402248593471867,214211965.66582206,336.4446821631147,336.44872248127956,336.4446478061245,336.4486881242893,2,sparse_direct,not_applicable,3.097720492815727e-16,6.195440985631454e-16,0.009930999993230216,0.005552800008445047,0.015625,0.0,6.785365276523373e-05,6.785358853093959e-05,5.895040041307085,5.895045621907082,5.580599997223601e-06,7.744301232039318e-17,0.0,7.744301232039318e-17,True,0.016207299995585345,0.015625,,
1213,arpack_matvec,central_difference,1.0,0.0020373375775464136,0.1258141410733163,231316469.90563977,336.4446897740821,336.44872248127956,336.4446478061245,336.44868051332185,2,sparse_direct,not_applicable,5.421010862427522e-16,3.097720492815727e-16,0.00830600000335835,0.006370999995851889,0.015625,0.0,6.78536683143567e-05,6.785357312973386e-05,5.89503869041914,5.895046959947309,8.269528168902696e-06,3.097720492815727e-16,1.5488602464078636e-16,4.64658073922359e-16,True,0.015515200007939711,0.015625,,
1214,arpack_matvec,central_difference,1.0,0.0020373375775464136,0.1254092522956221,261941963.50242615,336.44464976861343,336.44872248127956,336.4446478061245,336.44872051879054,2,sparse_direct,not_applicable,3.097720492815727e-16,5.421010862427522e-16,0.005471900003612973,0.010036899999249727,0.0,0.015625,6.785369542964184e-05,6.785354578966067e-05,5.89503633467928,5.895049335225026,1.3000545745711634e-05,0.0,1.5488602464078636e-16,1.5488602464078636e-16,True,0.016116500002681278,0.015625,,
1215,arpack_matvec,central_difference,1.0,0.0020373375775464136,0.13467231020377227,294801654.53410995,336.4446772476497,336.4487224812795,336.44464780612446,336.4486930397544,2,sparse_direct,not_applicable,4.64658073922359e-16,3.7753468506191674e-16,0.015067899992573075,0.006809700003941543,0.0,0.015625,6.785374211856352e-05,6.785349859374117e-05,5.895032278412358,5.895053435562955,2.115715059769485e-05,7.744301232039318e-17,7.744301232039318e-17,1.5488602464078636e-16,True,0.023409899993566796,0.015625,,
1216,arpack_matvec,central_difference,1.0,0.0020373375775464136,0.1044471708323048,203963738.87569222,336.4448256847358,336.4487224812795,336.44464780612446,336.44854460266816,2,sparse_direct,not_applicable,3.872150616019659e-16,4.64658073922359e-16,0.007489900002838112,0.005772100004833192,0.0,0.015625,6.785403117184078e-05,6.785320997076486e-05,5.895007166000166,5.895078510984867,7.134498470051653e-05,7.744301232039318e-17,7.744301232039318e-17,1.5488602464078636e-16,True,0.013888100002077408,0.015625,,
1217,arpack_matvec,central_difference,1.0,0.0020373375775464136,0.11308511120312954,211999492.2980737,336.4448064835699,336.44872248127956,336.4446478061245,336.4485638038342,2,sparse_direct,not_applicable,3.872150616019659e-16,3.872150616019659e-16,0.00578119998681359,0.005873000001884066,0.0,0.0,6.78540126479239e-05,6.785322820862928e-05,5.8950087753172635,5.895076926481882,6.815116461833526e-05,7.744301232039318e-17,2.323290369611795e-16,3.097720492815727e-16,True,0.012359799991827458,0.0,,
1218,arpack_matvec,central_difference,1.0,0.0020373375775464136,0.1268466642586797,235495134.5616715,336.44473692788813,336.44872248127956,336.4446478061245,336.44863335951595,2,sparse_direct,not_applicable,4.64658073922359e-16,2.8073091966142525e-16,0.00553599999693688,0.005047900005592965,0.015625,0.0,6.785382788662438e-05,6.785341313572186e-05,5.895024827020107,5.895060860091318,3.603307121124999e-05,0.0,1.5488602464078636e-16,1.5488602464078636e-16,True,0.011064999998779967,0.015625,,
1219,arpack_matvec,central_difference,1.0,0.0020373375775464136,0.1484172331093778,231617951.35147086,336.4446885425029,336.4487224812795,336.44464780612446,336.4486817449011,2,sparse_direct,not_applicable,3.097720492815727e-16,3.097720492815727e-16,0.00553530000615865,0.0051371000008657575,0.0,0.015625,6.78537219484915e-05,6.785351921729083e-05,5.895034030758761,5.895051643807292,1.7613048531650577e-05,0.0,2.323290369611795e-16,2.323290369611795e-16,True,0.01107189999311231,0.015625,,
1220,arpack_matvec,central_difference,1.0,0.0020373375775464136,0.12787345186510657,177611836.82745132,336.444669509671,336.44872248127956,336.4446478061245,336.448700777733,2,sparse_direct,not_applicable,4.64658073922359e-16,3.872150616019659e-16,0.004673799994634464,0.005723099995520897,0.0,0.0,6.785370099584503e-05,6.785354063162526e-05,5.895035851095193,5.895049783350105,1.3932254912418784e-05,1.5488602464078636e-16,2.323290369611795e-16,3.872150616019659e-16,True,0.010871399994357489,0.0,,
1221,arpack_matvec,central_difference,1.0,0.0020373375775464136,0.12328474831921434,192334565.33144957,336.4446599243958,336.4487224812795,336.44464780612446,336.4487103630083,2,sparse_direct,not_applicable,4.64658073922359e-16,5.421010862427522e-16,0.006255100000998937,0.005354900000384077,0.015625,0.0,6.785368192293831e-05,6.785355936315855e-05,5.895037508123458,5.895048155973114,1.064784965532084e-05,1.5488602464078636e-16,7.744301232039318e-17,7.744301232039318e-17,True,0.012098899998818524,0.015625,,
1222,arpack_matvec,central_difference,1.0,0.0020373375775464136,0.14002990808894947,236026241.69320658,336.4446478061245,336.44870526495225,336.44466502245183,336.44872248127956,2,sparse_direct,not_applicable,3.872150616019659e-16,6.195440985631454e-16,0.0069004999968456104,0.005863200000021607,0.015625,0.0,6.785367591266482e-05,6.785356522278988e-05,5.8950380302880605,5.895047646894353,9.616606292617291e-06,1.5488602464078636e-16,7.744301232039318e-17,7.744301232039318e-17,True,0.01333070000691805,0.015625,,
1223,arpack_matvec,central_difference,1.0,0.0020373375775464136,0.11625225893845473,171567046.59053564,336.44464780612446,336.4487137056483,336.4446565817558,336.4487224812795,2,sparse_direct,not_applicable,3.097720492815727e-16,5.421010862427522e-16,0.007985200005350634,0.00683460000436753,0.015625,0.0,6.785370751564446e-05,6.785353434309404e-05,5.895035284664075,5.895050329691647,1.5045027572213598e-05,7.744301232039318e-17,0.0,7.744301232039318e-17,True,0.016036900007748045,0.015625,,
1224,arpack_matvec,central_difference,1.0,0.0020373375775464136,0.12200950479187446,239101795.8066159,336.44464780612446,336.4486681914112,336.4447020959928,336.4487224812795,2,sparse_direct,not_applicable,4.64658073922359e-16,3.097720492815727e-16,0.008149500004947186,0.006191000007675029,0.015625,0.0,6.785368581122937e-05,6.785355545463871e-05,5.8950371703139295,5.895048495541358,1.1325227428748974e-05,1.5488602464078636e-16,3.097720492815727e-16,4.64658073922359e-16,True,0.015403199999127537,0.015625,,
1225,arpack_matvec,central_difference,1.0,0.0020373375775464136,0.11152031462811689,159846488.0761638,336.44464780612446,336.4487074128001,336.444662874604,336.4487224812795,2,sparse_direct,not_applicable,5.421010862427522e-16,3.097720492815727e-16,0.0060790999996243045,0.006815500004449859,0.015625,0.0,6.78536701882694e-05,6.78535716577291e-05,5.89503852761604,5.895047087833535,8.560217494846256e-06,7.744301232039318e-17,0.0,7.744301232039318e-17,True,0.014155700002447702,0.015625,,
1226,arpack_matvec,central_difference,1.0,0.0020373375775464136,0.12369344782805189,240905423.8353435,336.4446478061245,336.4487022352709,336.4446680521332,336.44872248127956,2,sparse_direct,not_applicable,7.744301232039318e-16,3.872150616019659e-16,0.005029200008721091,0.006243199997697957,0.0,0.015625,6.785362583087599e-05,6.785361563964045e-05,5.89504238133115,5.895043266733716,8.854025663751486e-07,7.744301232039318e-17,1.5488602464078636e-16,2.323290369611795e-16,True,0.011774999991757795,0.015625,,
1227,arpack_matvec,central_difference,1.0,0.0020373375775464136,0.10898129639116831,224373254.55594784,336.44467703724536,336.44872248127956,336.4446478061245,336.4486932501586,2,sparse_direct,not_applicable,3.872150616019659e-16,3.097720492815727e-16,0.00553080000099726,0.005424300004960969,0.0,0.015625,6.78535893735468e-05,6.785365237964122e-05,5.8950455487022895,5.895040074806877,5.473895412499985e-06,7.744301232039318e-17,7.744301232039318e-17,1.5488602464078636e-16,True,0.011408300008042715,0.015625,,
1228,arpack_matvec,central_difference,1.0,0.0020373375775464136,0.149899473625827,267892129.00919384,336.4446478061245,336.4486846711578,336.44468561624626,336.44872248127956,2,sparse_direct,not_applicable,5.421010862427522e-16,3.872150616019659e-16,0.005820000005769543,0.005239899997832254,0.0,0.0,6.785356968147745e-05,6.785367131304755e-05,5.8950472595282095,5.89503842989678,8.829631429563278e-06,7.744301232039318e-17,7.744301232039318e-17,1.5488602464078636e-16,True,0.011551799994776957,0.0,,
1229,arpack_matvec,central_difference,1.0,0.0020373375775464136,0.10863829472140916,204062316.58453858,336.44464780612446,336.4486960881128,336.4446741992913,336.4487224812795,2,sparse_direct,not_applicable,3.872150616019659e-16,6.9698711088353855e-16,0.005279900011373684,0.005846400003065355,0.015625,0.0,6.785345262620193e-05,6.785378920819217e-05,5.895057429185823,5.895028187338239,2.92418475842382e-05,7.744301232039318e-17,3.097720492815727e-16,2.323290369611795e-16,True,0.011564500004169531,0.015625,,
1230,arpack_matvec,central_difference,1.0,0.0020373375775464136,0.11724008052870456,210765757.3261312,336.4446478061245,336.4487165811938,336.44465370621026,336.44872248127956,2,sparse_direct,not_applicable,6.9698711088353855e-16,3.097720492815727e-16,0.005076300003565848,0.0059591000026557595,0.0,0.015625,6.785341553177942e-05,6.785382590527013e-05,5.895060651923386,5.89502499915679,3.565276659678318e-05,2.323290369611795e-16,7.744301232039318e-17,3.097720492815727e-16,True,0.01154320000205189,0.015625,,
1231,arpack_matvec,central_difference,1.0,0.0020373375775464136,0.11259803064221162,172330473.7455341,336.44464780612446,336.4485895216297,336.4447807657744,336.4487224812795,2,sparse_direct,not_applicable,3.872150616019659e-16,5.421010862427522e-16,0.005869200002052821,0.005512399991857819,0.0,0.015625,6.785335083727066e-05,6.785389078310134e-05,5.8950662725456295,5.895019362686538,4.6909859091393e-05,7.744301232039318e-17,1.5488602464078636e-16,2.323290369611795e-16,True,0.011917100011487491,0.015625,,
1232,arpack_matvec,central_difference,1.0,0.0020373375775464136,0.1472265792194812,258798308.9629725,336.44464780612446,336.44862771353854,336.44474257386554,336.4487224812795,2,sparse_direct,not_applicable,3.872150616019659e-16,4.64658073922359e-16,0.007360800009337254,0.005661500006681308,0.0,0.015625,6.785344539238953e-05,6.785379578536718e-05,5.895058057654125,5.895027615923896,3.0441730229036068e-05,1.5488602464078636e-16,7.744301232039318e-17,7.744301232039318e-17,True,0.013612099995953031,0.015625,,
1233,arpack_matvec,central_difference,1.0,0.0020373375775464136,0.12449944941982528,180823187.3564562,336.44464780612446,336.4486154394865,336.44475484791747,336.4487224812795,2,sparse_direct,not_applicable,3.097720492815727e-16,6.195440985631454e-16,0.0053041999926790595,0.006514699998660944,0.0,0.0,6.785344883679487e-05,6.785379276357736e-05,5.895057758406705,5.895027878452102,2.9879954603018177e-05,0.0,3.872150616019659e-16,3.872150616019659e-16,True,0.01234459999250248,0.0,,
1234,arpack_matvec,central_difference,1.0,0.0020373375775464136,0.14740530245668607,248877554.91361713,336.44465583702237,336.4487224812795,336.44464780612446,336.4487144503817,2,sparse_direct,not_applicable,5.421010862427522e-16,2.710505431213761e-16,0.005947300000116229,0.005256999997072853,0.015625,0.0,6.785355749984219e-05,6.785368359314005e-05,5.895048317856147,5.8950373630185595,1.0954837587284771e-05,7.744301232039318e-17,0.0,7.744301232039318e-17,True,0.011659699986921623,0.015625,,
1235,arpack_matvec,central_difference,1.0,0.0020373375775464136,0.16711701892968406,258280133.27592924,336.4446617532124,336.44872248127956,336.4446478061245,336.44870853419167,2,sparse_direct,not_applicable,5.421010862427522e-16,5.421010862427522e-16,0.00644789999932982,0.0059345000045141205,0.0,0.015625,6.785361094432322e-05,6.78536301839225e-05,5.895043674657448,5.895042003143666,1.6715137824974136e-06,1.5488602464078636e-16,3.097720492815727e-16,1.5488602464078636e-16,True,0.013006499997572973,0.015625,,
1236,arpack_matvec,central_difference,1.0,0.0020373375775464136,0.13423160477252216,205237790.52145085,336.44467326556384,336.4487224812795,336.44464780612446,336.44869702184025,2,sparse_direct,not_applicable,5.421010862427522e-16,2.6137016658132697e-16,0.006025099995895289,0.009150099998805672,0.0,0.015625,6.785366131850278e-05,6.785358018978208e-05,5.895039298209917,5.89504634657782,7.048367902662278e-06,1.5488602464078636e-16,7.744301232039318e-17,7.744301232039318e-17,True,0.015965400001732633,0.015625,,
1237,arpack_matvec,central_difference,1.0,0.0020373375775464136,0.1577850949772143,220340209.58371222,336.44467313131906,336.4487224812795,336.44464780612446,336.4486971560849,2,sparse_direct,not_applicable,3.872150616019659e-16,5.421010862427522e-16,0.010277599998516962,0.01913139999669511,0.0,0.0,6.785370652866988e-05,6.785353459715558e-05,5.8950353704110485,5.895050307619023,1.493720797451914e-05,7.744301232039318e-17,7.744301232039318e-17,1.5488602464078636e-16,True,0.03030820000276435,0.0,,
1238,arpack_matvec,central_difference,1.0,0.0020373375775464136,0.1543968469286974,195339783.11768442,336.4446972095921,336.44872248127956,336.4446478061245,336.44867307781186,2,sparse_direct,not_applicable,5.421010862427522e-16,5.421010862427522e-16,0.015539400003035553,0.012918100008391775,0.0,0.0,6.785377172867837e-05,6.78534694217979e-05,5.895029705930704,5.8950559699973155,2.626406661132563e-05,1.5488602464078636e-16,0.0,1.5488602464078636e-16,True,0.02955890000157524,0.0,,
1239,arpack_matvec,central_difference,1.0,0.0020373375775464136,0.15602750045459787,207581328.59878922,336.4447131476037,336.44872248127956,336.4446478061245,336.4486571398003,2,sparse_direct,not_applicable,4.64658073922359e-16,3.872150616019659e-16,0.023034600002574734,0.013662099998327903,0.0,0.015625,6.785381402107784e-05,6.7853427150005e-05,5.895026031635386,5.89505964253967,3.361090428377622e-05,7.744301232039318e-17,1.5488602464078636e-16,7.744301232039318e-17,True,0.037841500001377426,0.015625,,
1240,arpack_matvec,central_difference,1.0,0.0020373375775464136,0.1246693578286453,210127642.9272155,336.44471234420973,336.4487224812795,336.44464780612446,336.44865794319423,2,sparse_direct,not_applicable,3.097720492815727e-16,4.64658073922359e-16,0.01330469999811612,0.011150699996505864,0.015625,0.015625,6.785388878355094e-05,6.785335239599345e-05,5.895019536403749,5.895066137124551,4.6600720801315276e-05,1.5488602464078636e-16,0.0,1.5488602464078636e-16,True,0.025463300000410527,0.03125,,
1241,arpack_matvec,central_difference,1.0,0.0020373375775464136,0.13698697204827676,264092739.32641932,336.44467121116224,336.4487224812795,336.44464780612446,336.44869907624184,2,sparse_direct,not_applicable,4.64658073922359e-16,6.195440985631454e-16,0.0066091999906348065,0.016308299993397668,0.0,0.015625,6.785387436307961e-05,6.785336641491809e-05,5.895020789227718,5.895064919167472,4.41299397540007e-05,2.323290369611795e-16,7.744301232039318e-17,3.097720492815727e-16,True,0.023997600001166575,0.015625,,
1242,arpack_matvec,central_difference,1.0,0.0020373375775464136,0.10664512141443883,194768261.3483476,336.4447755092167,336.44872248127956,336.4446478061245,336.4485947781874,2,sparse_direct,not_applicable,3.097720492815727e-16,3.097720492815727e-16,0.014330500009236857,0.006334000005153939,0.015625,0.0,6.785424506310652e-05,6.78529961144192e-05,5.894988583661757,5.895097090856353,0.00010850719459654101,3.097720492815727e-16,2.323290369611795e-16,7.744301232039318e-17,True,0.024581599995144643,0.015625,,
1243,arpack_matvec,central_difference,1.0,0.0020373375775464136,0.11786437162023994,203987539.0853334,336.44470951517917,336.4487224812795,336.44464780612446,336.4486607722249,2,sparse_direct,not_applicable,6.195440985631454e-16,6.195440985631454e-16,0.006261100003030151,0.005727600000682287,0.0,0.015625,6.785397891023192e-05,6.785326183375809e-05,5.895011706375891,5.895074005137857,6.229876196606199e-05,1.5488602464078636e-16,1.5488602464078636e-16,0.0,True,0.012693900003796443,0.015625,,
1244,arpack_matvec,central_difference,1.0,0.0020373375775464136,0.13811962617039694,231613020.4150377,336.44469598983244,336.44872248127956,336.4446478061245,336.44867429757164,2,sparse_direct,not_applicable,3.097720492815727e-16,5.421010862427522e-16,0.006277499996940605,0.006082099993363954,0.0,0.015625,6.785383070932078e-05,6.785341039267559e-05,5.895024581789069,5.895061098405422,3.651661635295511e-05,1.5488602464078636e-16,2.323290369611795e-16,3.872150616019659e-16,True,0.013214999999036081,0.015625,,
1245,arpack_matvec,central_difference,1.0,0.0020373375775464136,0.1686289474981283,237071667.50559705,336.4446906365981,336.4487224812795,336.44464780612446,336.44867965080584,2,sparse_direct,not_applicable,4.64658073922359e-16,5.033795800825557e-16,0.005669899997883476,0.006250100006582215,0.0,0.0,6.785376957569667e-05,6.785347166492488e-05,5.895029892978398,5.895055775116218,2.5882137819621676e-05,0.0,7.744301232039318e-17,7.744301232039318e-17,True,0.012502300000051036,0.0,,
1246,arpack_matvec,central_difference,1.0,0.0020373375775464136,0.1356351322292771,154544957.5829178,336.4446869087828,336.4487224812795,336.44464780612446,336.4486833786213,2,sparse_direct,not_applicable,4.64658073922359e-16,4.64658073922359e-16,0.005264099992928095,0.005550999994738959,0.015625,0.0,6.785374099776997e-05,6.785350045825537e-05,5.895032375785237,5.8950532735755745,2.0897790337315314e-05,7.744301232039318e-17,1.5488602464078636e-16,7.744301232039318e-17,True,0.011288699999568053,0.015625,,
1247,arpack_matvec,central_difference,1.0,0.0020373375775464136,0.12921406301221866,213856015.83014685,336.44465023720227,336.4487224812795,336.44464780612446,336.4487200502017,2,sparse_direct,not_applicable,4.64658073922359e-16,5.421010862427522e-16,0.007271700000273995,0.005600599994068034,0.015625,0.0,6.785366948681331e-05,6.785357161053369e-05,5.895038588557632,5.895047091933823,8.503376190738265e-06,7.744301232039318e-17,3.097720492815727e-16,3.872150616019659e-16,True,0.013500100001692772,0.015625,,
1248,arpack_matvec,central_difference,1.0,0.0020373375775464136,0.15831481869989203,248041253.80507714,336.4446478061245,336.4487223756537,336.4446479117504,336.44872248127956,2,sparse_direct,not_applicable,3.872150616019659e-16,4.64658073922359e-16,0.007539600002928637,0.0063636999984737486,0.015625,0.0,6.785362315965501e-05,6.78536180891939e-05,5.895042613403663,5.895043053919367,4.4051570391445694e-07,2.323290369611795e-16,3.097720492815727e-16,7.744301232039318e-17,True,0.014437300007557496,0.015625,,
1249,arpack_matvec,central_difference,1.0,0.0020373375775464136,0.14924051458970056,163501267.79720506,336.44464780612446,336.4487128516956,336.4446574357085,336.4487224812795,2,sparse_direct,not_applicable,3.872150616019659e-16,4.64658073922359e-16,0.008107500005280599,0.0054321000061463565,0.015625,0.0,6.785357806552117e-05,6.78536632674558e-05,5.895046531131339,5.895039128887377,7.4022439617849045e-06,7.744301232039318e-17,1.5488602464078636e-16,2.323290369611795e-16,True,0.014005000004544854,0.015625,,
1250,arpack_matvec,central_difference,1.0,0.0020373375775464136,0.11167028724739246,230409118.7962833,336.4446478061245,336.4486999992584,336.4446702881457,336.44872248127956,2,sparse_direct,not_applicable,3.872150616019659e-16,3.1945242582162186e-16,0.009623899997677654,0.006125100000645034,0.015625,0.0,6.785352161157879e-05,6.785371955523755e-05,5.895051435793754,5.895034238681237,1.7197112516242896e-05,7.744301232039318e-17,2.323290369611795e-16,1.5488602464078636e-16,True,0.01665750000393018,0.015625,,
1251,arpack_matvec,central_difference,1.0,0.0020373375775464136,0.11334117162353387,174186989.1974399,336.44464780612446,336.4486911193403,336.4446791680638,336.4487224812795,2,sparse_direct,not_applicable,3.872150616019659e-16,3.097720492815727e-16,0.007783299995935522,0.005651700004818849,0.015625,0.0,6.785347143029628e-05,6.785377051930472e-05,5.895055795500564,5.8950298109992,2.598450136392927e-05,3.097720492815727e-16,3.097720492815727e-16,0.0,True,0.014043100003618747,0.015625,,
1252,arpack_matvec,central_difference,1.0,0.0020373375775464136,0.14941616722562456,264263487.07142952,336.44464780612446,336.448691884228,336.44467840317594,336.4487224812795,2,sparse_direct,not_applicable,3.097720492815727e-16,4.64658073922359e-16,0.005893499997910112,0.006942499996512197,0.0,0.015625,6.785352411793781e-05,6.785371699748585e-05,5.895051218043599,5.895034460895061,1.6757148538104616e-05,1.5488602464078636e-16,1.5488602464078636e-16,0.0,True,0.013469500001519918,0.015625,,
1253,arpack_matvec,central_difference,1.0,0.0020373375775464136,0.12119861150895925,231705516.4456764,336.4446478061245,336.4486417278848,336.44472855951926,336.44872248127956,2,sparse_direct,not_applicable,3.872150616019659e-16,5.421010862427522e-16,0.00524490000680089,0.006073600001400337,0.0,0.015625,6.785348144902814e-05,6.785375996568172e-05,5.8950549250812125,5.895030727881657,2.419719955515376e-05,3.097720492815727e-16,1.5488602464078636e-16,4.64658073922359e-16,True,0.011958500006585382,0.015625,,
1254,arpack_matvec,central_difference,1.0,0.0020373375775464136,0.1373166967810679,265410100.22629267,336.4446478061245,336.44865228972895,336.4447179976751,336.44872248127956,2,sparse_direct,not_applicable,4.64658073922359e-16,6.195440985631454e-16,0.006523200005176477,0.0077729999902658165,0.0,0.015625,6.785350170948269e-05,6.785373949420745e-05,5.895053164870031,5.895032506412521,2.0658457509981076e-05,1.5488602464078636e-16,0.0,1.5488602464078636e-16,True,0.015104400008567609,0.015625,,
1255,arpack_matvec,central_difference,1.0,0.0020373375775464136,0.1287344248413469,227722350.7859782,336.4446478061245,336.4487176653044,336.44465262209957,336.44872248127956,2,sparse_direct,not_applicable,3.872150616019659e-16,3.872150616019659e-16,0.0084562999982154,0.005793100004666485,0.0,0.015625,6.785342731225408e-05,6.78538142946712e-05,5.895059628443581,5.8950260078660515,3.362057752909209e-05,7.744301232039318e-17,4.64658073922359e-16,5.421010862427522e-16,True,0.015198499997495674,0.015625,,
1256,arpack_matvec,central_difference,1.0,0.0020373375775464136,0.14109181664748596,272616625.4991559,336.44464780612446,336.4486780510382,336.44469223636577,336.4487224812795,2,sparse_direct,not_applicable,3.872150616019659e-16,4.64658073922359e-16,0.006118400007835589,0.0057809999998426065,0.0,0.0,6.785349491540869e-05,6.785374607947492e-05,5.8950537551333255,5.8950319342942805,2.182083904500587e-05,7.744301232039318e-17,7.744301232039318e-17,0.0,True,0.012541300005977973,0.0,,
1257,arpack_matvec,central_difference,1.0,0.0020373375775464136,0.13108364435709655,181997569.3713378,336.44464780612446,336.44868088746995,336.44468939993413,336.4487224812795,2,sparse_direct,not_applicable,6.9698711088353855e-16,7.744301232039318e-16,0.007695899999816902,0.005750600001192652,0.015625,0.0,6.785343714452559e-05,6.785380461598281e-05,5.89505877422264,5.895026848734447,3.192548819352936e-05,2.323290369611795e-16,3.097720492815727e-16,7.744301232039318e-17,True,0.014023000010638498,0.015625,,
1258,arpack_matvec,central_difference,1.0,0.0020373375775464136,0.13634191714287258,252919851.17879915,336.44464780612446,336.44870320168013,336.44466708572395,336.4487224812795,2,sparse_direct,not_applicable,3.872150616019659e-16,5.421010862427522e-16,0.005358199996408075,0.005957399989711121,0.015625,0.0,6.785348213478911e-05,6.785375909050831e-05,5.895054865502861,5.895030803915384,2.4061587477142155e-05,7.744301232039318e-17,0.0,7.744301232039318e-17,True,0.01176619999750983,0.015625,,
1259,arpack_matvec,central_difference,1.0,0.0020373375775464136,0.13598782554226957,181237231.43578085,336.44464780612446,336.4487051899687,336.4446650974354,336.4487224812795,2,sparse_direct,not_applicable,3.872150616019659e-16,3.872150616019659e-16,0.006013799997163005,0.005514100004802458,0.0,0.015625,6.785351364853987e-05,6.785372763382184e-05,5.895052127615319,5.895033536825458,1.8590789861328005e-05,7.744301232039318e-17,1.5488602464078636e-16,7.744301232039318e-17,True,0.012093700002878904,0.015625,,
1260,arpack_matvec,central_difference,1.0,0.0020373375775464136,0.16120062076835737,229695660.2763183,336.4446478061245,336.44871617789,336.4446541095141,336.44872248127956,2,sparse_direct,not_applicable,3.678543085218676e-16,4.64658073922359e-16,0.006616300001041964,0.005539299992960878,0.0,0.015625,6.785356248569833e-05,6.785367881535914e-05,5.895047884690049,5.89503777810581,1.0106584238833705e-05,0.0,0.0,0.0,True,0.01296839999849908,0.015625,,
1261,arpack_matvec,central_difference,1.0,0.0020373375775464136,0.13582210131708902,234082004.64596823,336.4446478061245,336.4487085328626,336.44466175454136,336.44872248127956,2,sparse_direct,not_applicable,3.097720492815727e-16,3.96895438142015e-16,0.005653799991705455,0.00587979999545496,0.0,0.0,6.785359677762405e-05,6.785364446224369e-05,5.895044905444235,5.895040762660508,4.142783726734933e-06,2.323290369611795e-16,7.744301232039318e-17,1.5488602464078636e-16,True,0.012008999998215586,0.0,,
1262,arpack_matvec,central_difference,1.0,0.0020373375775464136,0.11326498435503686,216329933.76313412,336.4446728850264,336.44872248127956,336.4446478061245,336.44869740237766,2,sparse_direct,not_applicable,3.097720492815727e-16,3.097720492815727e-16,0.0055638000048929825,0.007110499995178543,0.015625,0.0,6.7853652555712e-05,6.785358893480858e-05,5.89504005951007,5.895045586819386,5.527309316022411e-06,7.744301232039318e-17,1.5488602464078636e-16,2.323290369611795e-16,True,0.01327070000115782,0.015625,,
1263,arpack_matvec,central_difference,1.0,0.0020373375775464136,0.15661446199452683,192438430.30070996,336.4446822706252,336.4487224812795,336.44464780612446,336.44868801677876,2,sparse_direct,not_applicable,3.872150616019659e-16,4.64658073922359e-16,0.0057226999924751,0.0055564000067533925,0.015625,0.0,6.785369785376604e-05,6.785354351929113e-05,5.895036124074689,5.895049532472506,1.3408397816938589e-05,7.744301232039318e-17,7.744301232039318e-17,0.0,True,0.012132100004237145,0.015625,,
1264,arpack_matvec,central_difference,1.0,0.0020373375775464136,0.1414656599333436,209396410.72420907,336.4447009925636,336.44872248127956,336.4446478061245,336.4486692948404,2,sparse_direct,not_applicable,4.64658073922359e-16,6.9698711088353855e-16,0.0067999000020790845,0.0051774000021396205,0.015625,0.0,6.785375167629856e-05,6.785348952924033e-05,5.895031448050657,5.895054223079075,2.277502841785406e-05,0.0,7.744301232039318e-17,7.744301232039318e-17,True,0.012728899993817322,0.015625,,
1265,arpack_matvec,central_difference,1.0,0.0020373375775464136,0.13595313678156684,225975176.22324377,336.4447362941103,336.44872248127956,336.4446478061245,336.44863399329364,2,sparse_direct,not_applicable,3.872150616019659e-16,4.64658073922359e-16,0.008152499998686835,0.006545299998833798,0.0,0.015625,6.78538494556951e-05,6.78533913871782e-05,5.895022953136629,5.895062749591398,3.979645476892557e-05,1.5488602464078636e-16,7.744301232039318e-17,2.323290369611795e-16,True,0.015245499991578981,0.015625,,
1266,arpack_matvec,central_difference,1.0,0.0020373375775464136,0.14212232193496258,211929816.20115596,336.44476719948,336.44872248127956,336.4446478061245,336.44860308792397,2,sparse_direct,not_applicable,3.097720492815727e-16,3.097720492815727e-16,0.00807399999757763,0.005455599995912053,0.0,0.015625,6.785402685269986e-05,6.7853214113761e-05,5.895007541237537,5.895078151041895,7.060980435813491e-05,0.0,2.323290369611795e-16,2.323290369611795e-16,True,0.01402700001199264,0.015625,,
1267,arpack_matvec,central_difference,1.0,0.0020373375775464136,0.1637222978465441,273082255.2916561,336.4447262508795,336.4487224812795,336.44464780612446,336.44864403652446,2,sparse_direct,not_applicable,6.195440985631454e-16,3.872150616019659e-16,0.006533299994771369,0.006415700001525693,0.0,0.015625,6.785384947782341e-05,6.785339135457237e-05,5.895022951214161,5.895062752424174,3.980121001312398e-05,7.744301232039318e-17,3.872150616019659e-16,3.097720492815727e-16,True,0.014143899999908172,0.015625,,
1268,arpack_matvec,central_difference,1.0,0.0020373375775464136,0.13032592137049104,203026995.21466848,336.44478716441705,336.44872248127956,336.4446478061245,336.4485831229869,2,sparse_direct,not_applicable,7.744301232039318e-16,3.097720492815727e-16,0.005354000008082949,0.007377000001724809,0.0,0.015625,6.785409065985598e-05,6.785315032694267e-05,5.8950019978183725,5.895083692837335,8.169501896215792e-05,3.097720492815727e-16,2.323290369611795e-16,5.421010862427522e-16,True,0.013202899994212203,0.015625,,
1269,arpack_matvec,central_difference,1.0,0.0020373375775464136,0.1396374544318738,232885127.5128613,336.4447449767738,336.44872248127956,336.4446478061245,336.4486253106302,2,sparse_direct,not_applicable,5.421010862427522e-16,6.9698711088353855e-16,0.005416300002252683,0.006651800009422004,0.0,0.0,6.785384958471324e-05,6.785339123082064e-05,5.895022941927761,5.895062763175652,3.982124789114749e-05,3.872150616019659e-16,7.744301232039318e-17,3.097720492815727e-16,True,0.012691200012341142,0.0,,
1270,arpack_matvec,central_difference,1.0,0.0020373375775464136,0.14265036645671156,219695799.4116357,336.44470850066415,336.44872248127956,336.4446478061245,336.44866178673993,2,sparse_direct,not_applicable,3.097720492815727e-16,3.872150616019659e-16,0.006193399996845983,0.00548049999633804,0.015625,0.0,6.785378130785099e-05,6.785345994776635e-05,5.8950288737072665,5.895056793093828,2.7919386561769954e-05,0.0,7.744301232039318e-17,7.744301232039318e-17,True,0.012243499993928708,0.015625,,
1271,arpack_matvec,central_difference,1.0,0.0020373375775464136,0.13546204583003735,225557439.7597825,336.4446720626661,336.4487224812795,336.44464780612446,336.4486982247379,2,sparse_direct,not_applicable,4.64658073922359e-16,4.64658073922359e-16,0.005837799995788373,0.005441000001155771,0.015625,0.0,6.785373771201259e-05,6.78535036338018e-05,5.8950326612469786,5.895052997686866,2.0336439887636004e-05,7.744301232039318e-17,1.5488602464078636e-16,7.744301232039318e-17,True,0.011739300010958686,0.015625,,
1272,arpack_matvec,central_difference,1.0,0.0020373375775464136,0.10315240088106326,188583887.70974058,336.4447002667817,336.4487224812795,336.44464780612446,336.4486700206224,2,sparse_direct,not_applicable,3.872150616019659e-16,5.421010862427522e-16,0.005555700001423247,0.006285900002694689,0.0,0.015625,6.785371625217953e-05,6.785352543322467e-05,5.895034525646214,5.895051103772699,1.657812648492296e-05,7.744301232039318e-17,7.744301232039318e-17,0.0,True,0.012283600008231588,0.015625,,
1273,arpack_matvec,central_difference,1.0,0.0020373375775464136,0.11133177342385821,206640266.57591996,336.4446480947171,336.4487224812795,336.44464780612446,336.4487221926869,2,sparse_direct,not_applicable,3.097720492815727e-16,4.64658073922359e-16,0.005611799992038868,0.005266599997412413,0.0,0.015625,6.785366772488609e-05,6.78535735655362e-05,5.895038741631582,5.895046922085261,8.180453678896527e-06,2.323290369611795e-16,1.5488602464078636e-16,7.744301232039318e-17,True,0.011411500003305264,0.015625,,
1274,arpack_matvec,central_difference,1.0,0.0020373375775464136,0.17812931014715577,266759765.6094042,336.4446550590552,336.44872248127956,336.4446478061245,336.4487152283489,2,sparse_direct,not_applicable,4.64658073922359e-16,6.195440985631454e-16,0.005334499990567565,0.005193300006794743,0.0,0.0,6.785362893343024e-05,6.785361222807375e-05,5.895042111784936,5.895043563126681,1.4513417445627397e-06,2.323290369611795e-16,7.744301232039318e-17,3.097720492815727e-16,True,0.011019199999282137,0.0,,
1275,arpack_matvec,central_difference,1.0,0.0020373375775464136,0.1412422818385502,181156795.32653713,336.44464780612446,336.4486825798963,336.4446877075078,336.4487224812795,2,sparse_direct,not_applicable,5.421010862427522e-16,3.872150616019659e-16,0.005141500005265698,0.005623099990771152,0.0,0.015625,6.785359863863633e-05,6.785364269735629e-05,5.895044743761566,5.895040915991748,3.827769817554838e-06,7.744301232039318e-17,2.323290369611795e-16,3.097720492815727e-16,True,0.011243600005400367,0.015625,,
1276,arpack_matvec,central_difference,1.0,0.0020373375775464136,0.11310996858890494,227396205.0705225,336.44465845514827,336.44872248127956,336.4446478061245,336.4487118322557,2,sparse_direct,not_applicable,3.872150616019659e-16,6.195440985631454e-16,0.005369500009692274,0.005678799992892891,0.0,0.015625,6.785356366595243e-05,6.785367753675678e-05,5.895047782150786,5.895037889189092,9.892961693402924e-06,7.744301232039318e-17,2.323290369611795e-16,3.097720492815727e-16,True,0.011566799992579035,0.015625,,
1277,arpack_matvec,central_difference,1.0,0.0020373375775464136,0.11943037054041407,178512411.7074036,336.44464780612446,336.4487070732404,336.44466321416365,336.4487224812795,2,sparse_direct,not_applicable,4.64658073922359e-16,3.097720492815727e-16,0.005613599991193041,0.005780500010587275,0.0,0.0,6.785352461950466e-05,6.785371729246363e-05,5.895051174467937,5.895034435267811,1.673920012557062e-05,0.0,7.744301232039318e-17,7.744301232039318e-17,True,0.011865599997690879,0.0,,
1278,arpack_matvec,central_difference,1.0,0.0020373375775464136,0.13768618998550242,266895942.7750024,336.44464780612446,336.4486986600613,336.44467162734264,336.4487224812795,2,sparse_direct,not_applicable,5.421010862427522e-16,3.097720492815727e-16,0.005649200000334531,0.00715689999924507,0.015625,0.0,6.785353824292549e-05,6.785370287014997e-05,5.8950499908780305,5.895035688258172,1.4302619858241883e-05,1.5488602464078636e-16,2.323290369611795e-16,3.872150616019659e-16,True,0.013491799996700138,0.015625,,
1279,arpack_matvec,central_difference,1.0,0.0020373375775464136,0.130966138250621,234638303.28129932,336.44464780612446,336.4486561913002,336.4447140961039,336.4487224812795,2,sparse_direct,not_applicable,5.421010862427522e-16,3.581739319818184e-16,0.005691200000001118,0.00663170000188984,0.015625,0.0,6.785350205583965e-05,6.785373931268813e-05,5.89505313477884,5.895032522182651,2.0612596189018006e-05,2.323290369611795e-16,2.323290369611795e-16,0.0,True,0.012881299990112893,0.015625,,
1280,arpack_matvec,central_difference,1.0,0.0020373375775464136,0.13359191695131897,262022633.97643474,336.4446478061245,336.4486490989366,336.4447211884675,336.44872248127956,2,sparse_direct,not_applicable,3.872150616019659e-16,4.64658073922359e-16,0.005162500005098991,0.005079700000351295,0.0,0.015625,6.785351221325012e-05,6.78537291111274e-05,5.895052252312002,5.895033408479293,1.884383270933654e-05,0.0,1.5488602464078636e-16,1.5488602464078636e-16,True,0.010674500008462928,0.015625,,
1281,arpack_matvec,central_difference,1.0,0.0020373375775464136,0.1307224012301435,248239891.586011,336.4446543657917,336.4487224812795,336.44464780612446,336.4487159216124,2,sparse_direct,not_applicable,4.64658073922359e-16,4.64658073922359e-16,0.006696399999782443,0.009381399999256246,0.0,0.015625,6.785347064480743e-05,6.785377087663725e-05,5.895055863743213,5.895029779954707,2.60837885059928e-05,7.744301232039318e-17,1.5488602464078636e-16,2.323290369611795e-16,True,0.017042199993738905,0.015625,,
1282,arpack_matvec,central_difference,1.0,0.0020373375775464136,0.14570965349535164,283505856.15762824,336.44464780612446,336.44868720972175,336.4446830776822,336.4487224812795,2,sparse_direct,not_applicable,3.097720492815727e-16,4.64658073922359e-16,0.006064000001060776,0.006049700008588843,0.0,0.015625,6.785352074634549e-05,6.785372024596468e-05,5.895051510964426,5.895034178671852,1.7332292573613017e-05,7.744301232039318e-17,7.744301232039318e-17,1.5488602464078636e-16,True,0.012956999999005347,0.015625,,
1283,arpack_matvec,central_difference,1.0,0.0020373375775464136,0.1265738708357956,177402743.23721212,336.44464780612446,336.4486841567282,336.4446861306759,336.4487224812795,2,sparse_direct,not_applicable,3.872150616019659e-16,6.195440985631454e-16,0.005448200012324378,0.005225499990046956,0.0,0.0,6.785345686750161e-05,6.785378507668406e-05,5.8950570607048896,5.8950285462770475,2.8514427842019074e-05,7.744301232039318e-17,1.5488602464078636e-16,2.323290369611795e-16,True,0.011222999994060956,0.0,,
1284,arpack_matvec,central_difference,1.0,0.0020373375775464136,0.1341017838682582,261313763.45500883,336.44464780612446,336.4486964998116,336.4446737875925,336.4487224812795,2,sparse_direct,not_applicable,3.097720492815727e-16,5.421010862427522e-16,0.006250300008105114,0.005549199995584786,0.0,0.0,6.785351229922656e-05,6.785372880635582e-05,5.895052244842446,5.895033434957406,1.8809885039772212e-05,3.097720492815727e-16,1.5488602464078636e-16,1.5488602464078636e-16,True,0.012301800001296215,0.0,,
1285,arpack_matvec,central_difference,1.0,0.0020373375775464136,0.14775328037629676,184172631.9940415,336.44464780612446,336.44865256024707,336.4447177271569,336.4487224812795,2,sparse_direct,not_applicable,6.195440985631454e-16,3.097720492815727e-16,0.005269799992674962,0.006809899990912527,0.015625,0.0,6.785353517756977e-05,6.78537061192938e-05,5.895050257193192,5.8950354059770715,1.4851216120881361e-05,3.097720492815727e-16,0.0,3.097720492815727e-16,True,0.012643599999137223,0.015625,,
1286,arpack_matvec,central_difference,1.0,0.0020373375775464136,0.1613415896150262,230497866.3115988,336.4446478061245,336.4487198610987,336.4446504263054,336.44872248127956,2,sparse_direct,not_applicable,6.195440985631454e-16,4.64658073922359e-16,0.00534039999183733,0.005186700000194833,0.0,0.015625,6.785357125739473e-05,6.785366998164059e-05,5.895047122614165,5.895038545567682,8.5770464828272e-06,2.323290369611795e-16,0.0,2.323290369611795e-16,True,0.01096010000037495,0.015625,,
1287,arpack_matvec,central_difference,1.0,0.0020373375775464136,0.13342858834996207,228519031.66373324,336.4446478061245,336.4487082406653,336.44466204673864,336.44872248127956,2,sparse_direct,not_applicable,5.421010862427522e-16,3.872150616019659e-16,0.005752600001869723,0.00524779999977909,0.0,0.015625,6.7853602761586e-05,6.785363838843202e-05,5.895044385564333,5.895041290345806,3.095218526816268e-06,7.744301232039318e-17,0.0,7.744301232039318e-17,True,0.01150019999477081,0.015625,,
1288,arpack_matvec,central_difference,1.0,0.0020373375775464136,0.1171862920135006,205883055.51865792,336.4446857264933,336.4487224812795,336.44464780612446,336.4486845609108,2,sparse_direct,not_applicable,4.64658073922359e-16,4.64658073922359e-16,0.005772100004833192,0.005451799996080808,0.0,0.0,6.785364530069716e-05,6.785359624705134e-05,5.8950406898167085,5.895044951539801,4.261723092646719e-06,3.097720492815727e-16,0.0,3.097720492815727e-16,True,0.012216800008900464,0.0,,
1289,arpack_matvec,central_difference,1.0,0.0020373375775464136,0.1533523278060356,205726459.98050976,336.44467381928615,336.4487224812795,336.44464780612446,336.4486964681178,2,sparse_direct,not_applicable,3.097720492815727e-16,5.421010862427522e-16,0.005092599996714853,0.005920600000536069,0.015625,0.0,6.785368003763763e-05,6.785356123085374e-05,5.895037671915875,5.895047993709661,1.0321793785905697e-05,1.5488602464078636e-16,2.323290369611795e-16,3.872150616019659e-16,True,0.011463800008641556,0.015625,,
1290,arpack_matvec,central_difference,1.0,0.0020373375775464136,0.13594074168466214,196834984.96090958,336.44467927496095,336.44872248127956,336.4446478061245,336.448691012443,2,sparse_direct,not_applicable,3.872150616019659e-16,5.421010862427522e-16,0.004969200002960861,0.004774300003191456,0.0,0.015625,6.785373820143722e-05,6.785350306379333e-05,5.895032618726488,5.895053047208704,2.042848221606164e-05,0.0,7.744301232039318e-17,7.744301232039318e-17,True,0.010189799999352545,0.015625,,
1291,arpack_matvec,central_difference,1.0,0.0020373375775464136,0.14804319968225058,236697569.31397364,336.44472516683146,336.44872248127956,336.4446478061245,336.4486451205725,2,sparse_direct,not_applicable,3.097720492815727e-16,3.872150616019659e-16,0.005875899994862266,0.0054392000020015985,0.0,0.0,6.785378967191639e-05,6.785345122968719e-05,5.895028147050624,5.895057550513987,2.9403463362775994e-05,1.5488602464078636e-16,7.744301232039318e-17,7.744301232039318e-17,True,0.011761800007661805,0.0,,
1292,arpack_matvec,central_difference,1.0,0.0020373375775464136,0.1325199441341185,213198923.77010465,336.4447522005503,336.44872248127956,336.4446478061245,336.4486180868537,2,sparse_direct,not_applicable,6.9698711088353855e-16,6.195440985631454e-16,0.004793400003109127,0.006549300000187941,0.015625,0.0,6.785395666731578e-05,6.78532843107939e-05,5.895013638794537,5.895072052339391,5.841354485447425e-05,2.323290369611795e-16,7.744301232039318e-17,1.5488602464078636e-16,True,0.012196900002891198,0.015625,,
1293,arpack_matvec,central_difference,1.0,0.0020373375775464136,0.1617254114810715,262456151.83666885,336.44471919360404,336.4487224812795,336.44464780612446,336.4486510937999,2,sparse_direct,not_applicable,4.64658073922359e-16,4.64658073922359e-16,0.005333799999789335,0.006752600005711429,0.015625,0.0,6.785382069666808e-05,6.785342017238384e-05,5.895025451671312,5.895060248750717,3.479707940456933e-05,3.097720492815727e-16,1.5488602464078636e-16,4.64658073922359e-16,True,0.012630899989744648,0.015625,,
1294,arpack_matvec,central_difference,1.0,0.0020373375775464136,0.1315744392950962,211379248.3872007,336.4447615481073,336.44872248127956,336.4446478061245,336.4486087392967,2,sparse_direct,not_applicable,3.872150616019659e-16,3.872150616019659e-16,0.005798199999844655,0.00522780000756029,0.0,0.015625,6.785398256980968e-05,6.785325839065906e-05,5.89501138843945,5.895074304273434,6.291583398443379e-05,1.5488602464078636e-16,1.5488602464078636e-16,0.0,True,0.011750699995900504,0.015625,,
1295,arpack_matvec,central_difference,1.0,0.0020373375775464136,0.14695120513874232,240638894.87884572,336.44473793278655,336.44872248127956,336.4446478061245,336.4486323546174,2,sparse_direct,not_applicable,6.195440985631454e-16,3.872150616019659e-16,0.008440099991275929,0.0055819000117480755,0.0,0.015625,6.785380062292351e-05,6.78534402512333e-05,5.895027195644886,5.895058504314078,3.130866919232034e-05,3.097720492815727e-16,7.744301232039318e-17,2.323290369611795e-16,True,0.01480940000328701,0.015625,,
1296,arpack_matvec,central_difference,1.0,0.0020373375775464136,0.13732811496795155,201651727.0047433,336.4446842125397,336.44872248127956,336.4446478061245,336.44868607486427,2,sparse_direct,not_applicable,3.872150616019659e-16,3.7753468506191674e-16,0.007863799997721799,0.005370200000470504,0.0,0.015625,6.785376658707988e-05,6.785347468604285e-05,5.895030152624784,5.895055512643897,2.5360019113129795e-05,1.5488602464078636e-16,7.744301232039318e-17,2.323290369611795e-16,True,0.013720499991904944,0.015625,,
1297,arpack_matvec,central_difference,1.0,0.0020373375775464136,0.14634239764579168,239054039.72800186,336.4446771294349,336.4487224812795,336.44464780612446,336.44869315796905,2,sparse_direct,not_applicable,3.872150616019659e-16,6.195440985631454e-16,0.005587899999227375,0.005945199998677708,0.0,0.0,6.785371200486243e-05,6.785352917515513e-05,5.895034894647117,5.895050778677284,1.5884030166724017e-05,3.872150616019659e-16,3.872150616019659e-16,0.0,True,0.012034899991704151,0.0,,
1298,arpack_matvec,central_difference,1.0,0.0020373375775464136,0.12161927507636638,186899033.93646827,336.44469713611454,336.4487224812795,336.44464780612446,336.44867315128954,2,sparse_direct,not_applicable,7.744301232039318e-16,3.872150616019659e-16,0.005539599995245226,0.005832000009831972,0.015625,0.0,6.785370720856813e-05,6.78535343286177e-05,5.895035311342437,5.895050330949338,1.501960690042381e-05,7.744301232039318e-17,1.5488602464078636e-16,7.744301232039318e-17,True,0.012021100003039464,0.015625,,
1299,arpack_matvec,central_difference,1.0,0.0020373375775464136,0.11357889337282791,208829249.89409652,336.44465415662205,336.4487224812795,336.44464780612446,336.4487161307819,2,sparse_direct,not_applicable,3.097720492815727e-16,4.64658073922359e-16,0.0057268999953521416,0.005518099991604686,0.015625,0.0,6.785367987755371e-05,6.78535612828683e-05,5.895037685823754,5.895047989190689,1.0303366935637825e-05,7.744301232039318e-17,1.5488602464078636e-16,7.744301232039318e-17,True,0.011740899994038045,0.015625,,
1300,arpack_matvec,central_difference,1.0,0.0020373375775464136,0.1705306569691764,259270642.29595676,336.44466270709546,336.44872248127956,336.4446478061245,336.4487075803086,2,sparse_direct,not_applicable,4.64658073922359e-16,3.872150616019659e-16,0.006192899993038736,0.005326999991666526,0.0,0.015625,6.785364793182159e-05,6.785359323853242e-05,5.895040461227884,5.895045212916589,4.751688704729418e-06,0.0,0.0,0.0,True,0.012043800001265481,0.015625,,
1301,arpack_matvec,central_difference,1.0,0.0020373375775464136,0.13168037117406936,182241208.9173498,336.4446478061245,336.44870833618785,336.44466195121623,336.44872248127956,2,sparse_direct,not_applicable,5.421010862427522e-16,4.64658073922359e-16,0.006510600011097267,0.007153300000936724,0.0,0.015625,6.785363600232424e-05,6.785360543845325e-05,5.895041497647945,5.8950441530011375,2.655353192437815e-06,7.744301232039318e-17,2.323290369611795e-16,3.097720492815727e-16,True,0.014692700002342463,0.015625,,
1302,arpack_matvec,central_difference,1.0,0.0020373375775464136,0.12027499684307444,238596158.14502868,336.444670519316,336.44872248127956,336.4446478061245,336.4486997680881,2,sparse_direct,not_applicable,3.097720492815727e-16,3.097720492815727e-16,0.006568800003151409,0.005258899996988475,0.0,0.015625,6.785360959608199e-05,6.78536314770827e-05,5.895043791791098,5.8950418907954605,1.9009956373494674e-06,7.744301232039318e-17,7.744301232039318e-17,1.5488602464078636e-16,True,0.012595699998200871,0.015625,,
1303,arpack_matvec,central_difference,1.0,0.0020373375775464136,0.10682870462589843,162172404.48203218,336.44465943739226,336.4487224812795,336.44464780612446,336.4487108500118,2,sparse_direct,not_applicable,3.097720492815727e-16,4.64658073922359e-16,0.0057197999994968995,0.005185500005609356,0.0,0.0,6.785357448131936e-05,6.785366790939125e-05,5.895046842522987,5.895038725602014,8.116920973577635e-06,7.744301232039318e-17,1.5488602464078636e-16,7.744301232039318e-17,True,0.011313999988487922,0.0,,
1304,arpack_matvec,central_difference,1.0,0.0020373375775464136,0.15887583933089466,297691717.53866416,336.44467656011267,336.44872248127956,336.4446478061245,336.4486937272914,2,sparse_direct,not_applicable,5.421010862427522e-16,3.872150616019659e-16,0.005316200011293404,0.005827399989357218,0.015625,0.0,6.78535839948172e-05,6.785365697064652e-05,5.895046016000465,5.895039675946132,6.340054333087153e-06,7.744301232039318e-17,7.744301232039318e-17,1.5488602464078636e-16,True,0.01158910000231117,0.015625,,
1305,arpack_matvec,central_difference,1.0,0.0020373375775464136,0.1302554894802743,270755309.4295097,336.44464780612446,336.44871639753103,336.44465388987305,336.4487224812795,2,sparse_direct,not_applicable,5.421010862427522e-16,4.64658073922359e-16,0.005090499995276332,0.005915100002312101,0.0,0.015625,6.785353583811894e-05,6.785370560132263e-05,5.895050199805313,5.895035450977685,1.4748827627641958e-05,1.5488602464078636e-16,1.5488602464078636e-16,0.0,True,0.011486599993077107,0.015625,,
1306,arpack_matvec,central_difference,1.0,0.0020373375775464136,0.13418540061248585,264138179.83847964,336.4446478061245,336.4486574203956,336.4447128670085,336.44872248127956,2,sparse_direct,not_applicable,3.872150616019659e-16,3.097720492815727e-16,0.005744900001445785,0.006041100001311861,0.0,0.015625,6.785354281829849e-05,6.785369856331629e-05,5.895049593374062,5.895036062429939,1.3530944123374411e-05,7.744301232039318e-17,7.744301232039318e-17,0.0,True,0.012290799990296364,0.015625,,
1307,arpack_matvec,central_difference,1.0,0.0020373375775464136,0.1272736364860232,262392422.1295728,336.44467281285057,336.4487224812795,336.44464780612446,336.4486974745535,2,sparse_direct,not_applicable,3.097720492815727e-16,3.872150616019659e-16,0.007002299986197613,0.005303300000377931,0.0,0.0,6.785351777134757e-05,6.785372372892724e-05,5.895051769429522,5.895033876077061,1.7893352461051393e-05,7.744301232039318e-17,7.744301232039318e-17,0.0,True,0.01286620000610128,0.0,,
1308,arpack_matvec,central_difference,1.0,0.0020373375775464136,0.15707779206091316,296572329.9236451,336.44465066101117,336.44872248127956,336.4446478061245,336.4487196263928,2,sparse_direct,not_applicable,4.64658073922359e-16,9.29316147844718e-16,0.00652950000949204,0.006216599998879246,0.015625,0.0,6.785355649749553e-05,6.78536844741132e-05,5.8950484049390095,5.8950372864807905,1.1118458218994931e-05,3.097720492815727e-16,7.744301232039318e-17,2.323290369611795e-16,True,0.013442400013445877,0.015625,,
1309,arpack_matvec,central_difference,1.0,0.0020373375775464136,0.12436052578535205,180193488.15642175,336.44464780612446,336.44870584576194,336.44466444164215,336.4487224812795,2,sparse_direct,not_applicable,4.64658073922359e-16,3.872150616019659e-16,0.005604799996945076,0.008077899998170324,0.015625,0.0,6.785350850413629e-05,6.785373347529068e-05,5.8950525745565,5.895033029327152,1.954522934788372e-05,4.64658073922359e-16,7.744301232039318e-17,3.872150616019659e-16,True,0.014156900011585094,0.015625,,
1310,arpack_matvec,central_difference,1.0,0.0020373375775464136,0.13572986955501815,246598125.21375564,336.4446625181256,336.4487224812795,336.44464780612446,336.44870776927837,2,sparse_direct,not_applicable,3.872150616019659e-16,5.421010862427522e-16,0.005220000006374903,0.006782199998269789,0.015625,0.0,6.785354772721282e-05,6.785369336961382e-05,5.895049166892406,5.8950365136517044,1.2653240701432367e-05,0.0,2.323290369611795e-16,2.323290369611795e-16,True,0.012523600002168678,0.015625,,
1311,arpack_matvec,central_difference,1.0,0.0020373375775464136,0.1445346990140906,210027802.75532433,336.44464780612446,336.44867388583384,336.4446964015701,336.4487224812795,2,sparse_direct,not_applicable,4.64658073922359e-16,3.097720492815727e-16,0.0054533999937120825,0.0051531000062823296,0.0,0.015625,6.785356265552169e-05,6.785367865122437e-05,5.89504786993597,5.895037792365621,1.0077570348876463e-05,1.5488602464078636e-16,2.323290369611795e-16,7.744301232039318e-17,True,0.011143299998366274,0.015625,,
1312,arpack_matvec,central_difference,1.0,0.0020373375775464136,0.1632984324295481,230604571.21715564,336.4446494791158,336.44872248127956,336.4446478061245,336.4487208082883,2,sparse_direct,not_applicable,3.872150616019659e-16,6.195440985631454e-16,0.007196899998234585,0.005236700002569705,0.0,0.015625,6.785358616836038e-05,6.785365508986999e-05,5.895045827165389,5.895039839345616,5.987819773345393e-06,7.744301232039318e-17,0.0,7.744301232039318e-17,True,0.012886500000604428,0.015625,,
1313,arpack_matvec,central_difference,1.0,0.0020373375775464136,0.13217459215798216,232825765.46769813,336.4446478061245,336.44870884753306,336.4446614398709,336.44872248127956,2,sparse_direct,not_applicable,3.872150616019659e-16,6.195440985631454e-16,0.005787600006442517,0.006404400002793409,0.0,0.0,6.78536097604934e-05,6.785363131229269e-05,5.895043777507223,5.895041905112219,1.8723950043764148e-06,1.5488602464078636e-16,2.323290369611795e-16,3.872150616019659e-16,True,0.01276250000228174,0.0,,
1314,arpack_matvec,central_difference,1.0,0.0020373375775464136,0.12902734560258483,185003814.71642405,336.4446674780297,336.44872248127956,336.4446478061245,336.44870280937437,2,sparse_direct,not_applicable,3.872150616019659e-16,4.452973208422607e-16,0.00478780000412371,0.006519200003822334,0.015625,0.0,6.785363505924962e-05,6.785360645548315e-05,5.895041579581124,5.895044064642737,2.485061612489403e-06,0.0,2.323290369611795e-16,2.323290369611795e-16,True,0.011836899997433648,0.015625,,
1315,arpack_matvec,central_difference,1.0,0.0020373375775464136,0.1551346226736323,220929907.37776637,336.44465959835156,336.4487224812795,336.44464780612446,336.4487106890524,2,sparse_direct,not_applicable,3.097720492815727e-16,3.097720492815727e-16,0.005342200005543418,0.005104700001538731,0.015625,0.0,6.785365950144974e-05,6.785358165157924e-05,5.895039456073166,5.895046219578452,6.763505286500049e-06,7.744301232039318e-17,1.5488602464078636e-16,2.323290369611795e-16,True,0.01086829999985639,0.015625,,
1316,arpack_matvec,central_difference,1.0,0.0020373375775464136,0.14167326770699815,192635606.52770865,336.44466062179526,336.44872248127956,336.4446478061245,336.4487096656087,2,sparse_direct,not_applicable,4.64658073922359e-16,4.64658073922359e-16,0.005520499995327555,0.005493300006492063,0.0,0.015625,6.785369879690313e-05,6.785354243749617e-05,5.895036042136235,5.895049626457796,1.3584321560955459e-05,1.5488602464078636e-16,1.5488602464078636e-16,0.0,True,0.011497500003315508,0.015625,,
1317,arpack_matvec,central_difference,1.0,0.0020373375775464136,0.13411206704838238,223471115.0688923,336.4447234702012,336.44872248127956,336.4446478061245,336.44864681720276,2,sparse_direct,not_applicable,3.872150616019659e-16,5.421010862427522e-16,0.0052527999941958115,0.005222899999353103,0.0,0.0,6.785374424793637e-05,6.785349662686493e-05,5.895032093415614,5.895053606443471,2.1513027856912004e-05,0.0,1.5488602464078636e-16,1.5488602464078636e-16,True,0.01092689999495633,0.0,,
1318,arpack_matvec,central_difference,1.0,0.0020373375775464136,0.1359077739940658,229178461.60776314,336.4447182745343,336.44872248127956,336.4446478061245,336.4486520128697,2,sparse_direct,not_applicable,4.64658073922359e-16,3.29132802361671e-16,0.005663599993567914,0.0052635999891208485,0.015625,0.0,6.785383748768694e-05,6.785340343051382e-05,5.895023992896287,5.895061703273666,3.771037737898553e-05,7.744301232039318e-17,0.0,7.744301232039318e-17,True,0.011367400002200156,0.015625,,
1319,arpack_matvec,central_difference,1.0,0.0020373375775464136,0.15256867977210467,245662960.42250535,336.44470342496373,336.4487224812795,336.44464780612446,336.44866686244023,2,sparse_direct,not_applicable,5.421010862427522e-16,3.872150616019659e-16,0.005229500005953014,0.0059225000004516914,0.0,0.015625,6.785376852560236e-05,6.785347236510417e-05,5.895029984208959,5.8950557142851965,2.5730076237628907e-05,0.0,0.0,0.0,True,0.011682299998938106,0.015625,,
1320,arpack_matvec,central_difference,1.0,0.0020373375775464136,0.13138439339007926,223476115.10613737,336.44472556857073,336.44872248127956,336.4446478061245,336.44864471883324,2,sparse_direct,not_applicable,3.872150616019659e-16,3.872150616019659e-16,0.005406700001913123,0.007339400006458163,0.0,0.0,6.785385082421904e-05,6.785339009212156e-05,5.895022834241682,5.89506286210516,4.002786347800935e-05,7.744301232039318e-17,1.5488602464078636e-16,7.744301232039318e-17,True,0.0132685999997193,0.0,,
1321,arpack_matvec,central_difference,1.0,0.0020373375775464136,0.1229134732266105,204486865.50269288,336.44468774787447,336.4487224812795,336.44464780612446,336.4486825395296,2,sparse_direct,not_applicable,5.421010862427522e-16,3.097720492815727e-16,0.0074933999858330935,0.006367400012095459,0.0,0.015625,6.785377141110371e-05,6.785346943948486e-05,5.8950297335210955,5.895055968460687,2.6234939591418538e-05,7.744301232039318e-17,1.5488602464078636e-16,7.744301232039318e-17,True,0.0144538000022294,0.015625,,
1322,arpack_matvec,central_difference,1.0,0.0020373375775464136,0.13741640767053465,204058549.15394482,336.44466235274126,336.44872248127956,336.4446478061245,336.4487079346627,2,sparse_direct,not_applicable,3.097720492815727e-16,4.0657581468206416e-16,0.005326099999365397,0.005059999995864928,0.0,0.0,6.78537178920812e-05,6.785352330568319e-05,5.895034383173889,5.895051288611528,1.6905437639103127e-05,0.0,7.744301232039318e-17,7.744301232039318e-17,True,0.010791900000185706,0.0,,
1323,arpack_matvec,central_difference,1.0,0.0020373375775464136,0.1453027434928254,227609003.3757898,336.4446645979966,336.4487224812795,336.44464780612446,336.44870568940735,2,sparse_direct,not_applicable,4.64658073922359e-16,4.452973208422607e-16,0.005419299995992333,0.005552500006160699,0.015625,0.0,6.78536899016552e-05,6.78535513011008e-05,5.895036814943244,5.895048856396566,1.2041453322453322e-05,2.323290369611795e-16,1.5488602464078636e-16,7.744301232039318e-17,True,0.011388499988242984,0.015625,,
1324,arpack_matvec,central_difference,1.0,0.0020373375775464136,0.12158309023586465,174814735.3601373,336.4446816282543,336.4487224812795,336.44464780612446,336.4486886591498,2,sparse_direct,not_applicable,3.872150616019659e-16,4.64658073922359e-16,0.005108400000608526,0.006085500004701316,0.0,0.015625,6.785368979357838e-05,6.785355174921373e-05,5.895036824332812,5.8950488174649625,1.1993132150500685e-05,6.195440985631454e-16,2.323290369611795e-16,3.872150616019659e-16,True,0.011629000000539236,0.015625,,
1325,arpack_matvec,central_difference,1.0,0.0020373375775464136,0.1264358762222423,212290329.3165137,336.4446546662498,336.4487224812795,336.44464780612446,336.4487156211542,2,sparse_direct,not_applicable,4.64658073922359e-16,4.64658073922359e-16,0.0053512999875238165,0.005042200005846098,0.0,0.015625,6.785367036541353e-05,6.785357076824402e-05,5.895038512225988,5.895047165111066,8.65288507778672e-06,7.744301232039318e-17,7.744301232039318e-17,1.5488602464078636e-16,True,0.010859100002562627,0.015625,,
1326,arpack_matvec,central_difference,1.0,0.0020373375775464136,0.17668131548960905,267199056.37069464,336.44466462512656,336.44872248127956,336.4446478061245,336.4487056622775,2,sparse_direct,not_applicable,6.195440985631454e-16,6.195440985631454e-16,0.005652000007103197,0.0057450000022072345,0.0,0.0,6.785365277126413e-05,6.785358840572994e-05,5.895040040783171,5.895045632785159,5.592001987686501e-06,0.0,7.744301232039318e-17,7.744301232039318e-17,True,0.011849899994558655,0.0,,
1327,arpack_matvec,central_difference,1.0,0.0020373375775464136,0.12175858495890807,200551711.16518548,336.44466220559866,336.44872248127956,336.4446478061245,336.4487080818054,2,sparse_direct,not_applicable,3.872150616019659e-16,3.097720492815727e-16,0.005670300000929274,0.0068002000043634325,0.015625,0.0,6.785365636803282e-05,6.785358515912123e-05,5.895039728300446,5.895045914846991,6.186546544384441e-06,1.5488602464078636e-16,1.5488602464078636e-16,3.097720492815727e-16,True,0.01307010000164155,0.015625,,
1328,arpack_matvec,central_difference,1.0,0.0020373375775464136,0.12807734713600688,219421383.2147978,336.4446975493121,336.4487224812795,336.44464780612446,336.448672738092,2,sparse_direct,not_applicable,3.872150616019659e-16,4.64658073922359e-16,0.0051780000067083165,0.0058259000070393085,0.0,0.015625,6.785363479748432e-05,6.785360630386409e-05,5.895041602322976,5.8950440778152275,2.47549225118604e-06,0.0,1.5488602464078636e-16,1.5488602464078636e-16,True,0.01147950001177378,0.015625,,
1329,arpack_matvec,central_difference,1.0,0.0020373375775464136,0.1220890622850023,186078791.4196164,336.4446863797977,336.4487224812795,336.44464780612446,336.4486839076064,2,sparse_direct,not_applicable,3.872150616019659e-16,6.195440985631454e-16,0.005227999994531274,0.0053749000071547925,0.0,0.015625,6.785362202354102e-05,6.785361994047256e-05,5.895042712107906,5.895042893082445,1.8097453846621647e-07,1.5488602464078636e-16,0.0,1.5488602464078636e-16,True,0.011051000008592382,0.015625,,
1330,arpack_matvec,central_difference,1.0,0.0020373375775464136,0.1623500473210989,289813085.0018482,336.4446931144674,336.44872248127956,336.4446478061245,336.4486771729367,2,sparse_direct,not_applicable,3.872150616019659e-16,3.097720492815727e-16,0.006009099990478717,0.005337400012649596,0.0,0.0,6.785360908363977e-05,6.785363188752836e-05,5.895043836311491,5.895041855136436,1.981175055121298e-06,0.0,7.744301232039318e-17,7.744301232039318e-17,True,0.011858600002597086,0.0,,
1331,arpack_matvec,central_difference,1.0,0.0020373375775464136,0.13395054077885918,276676660.2132769,336.4447017390535,336.44872248127956,336.4446478061245,336.44866854835055,2,sparse_direct,not_applicable,6.195440985631454e-16,3.097720492815727e-16,0.0052204000094207,0.0062353999965125695,0.015625,0.0,6.785358305512575e-05,6.785365824884522e-05,5.895046097639843,5.895039564897852,6.532741990916691e-06,0.0,0.0,0.0,True,0.011883500003023073,0.015625,,
1332,arpack_matvec,central_difference,1.0,0.0020373375775464136,0.1271724461183908,252837700.74213797,336.4446478061245,336.4486683271659,336.4447019602382,336.44872248127956,2,sparse_direct,not_applicable,3.872150616019659e-16,3.872150616019659e-16,0.0057234999985666946,0.005112700004247017,0.015625,0.0,6.785357394729395e-05,6.785366760449747e-05,5.895046888918551,5.89503875209079,8.136827760907295e-06,2.323290369611795e-16,0.0,2.323290369611795e-16,True,0.01127279999491293,0.015625,,
1333,arpack_matvec,central_difference,1.0,0.0020373375775464136,0.1333708436218692,281664716.9830929,336.44470066348487,336.44872248127956,336.4446478061245,336.4486696239192,2,sparse_direct,not_applicable,4.64658073922359e-16,4.64658073922359e-16,0.006625900001381524,0.005003500002203509,0.0,0.015625,6.785357100869214e-05,6.785367032710513e-05,5.895047144221185,5.895038515554172,8.628667012899882e-06,1.5488602464078636e-16,0.0,1.5488602464078636e-16,True,0.01235439999436494,0.015625,,
1334,arpack_matvec,central_difference,1.0,0.0020373375775464136,0.1559062203602646,281153137.9736788,336.44469004118764,336.44872248127956,336.4446478061245,336.44868024621644,2,sparse_direct,not_applicable,6.195440985631454e-16,3.872150616019659e-16,0.007206199996289797,0.005435099999886006,0.0,0.0,6.785358476148366e-05,6.785365621936052e-05,5.895045949393312,5.895039741216907,6.208176404953747e-06,0.0,0.0,0.0,True,0.013357000003452413,0.0,,
1335,arpack_matvec,central_difference,1.0,0.0020373375775464136,0.12468806391171815,189611385.19561878,336.4446602869062,336.44872248127956,336.4446478061245,336.4487100004978,2,sparse_direct,not_applicable,3.1945242582162186e-16,3.872150616019659e-16,0.005297600000631064,0.007340800002566539,0.015625,0.0,6.785356278418052e-05,6.785367911637176e-05,5.895047858758223,5.8950377519542325,1.010680399016195e-05,3.097720492815727e-16,3.872150616019659e-16,7.744301232039318e-17,True,0.013228899988462217,0.015625,,
1336,arpack_matvec,central_difference,1.0,0.0020373375775464136,0.14067446432791564,247702869.58584943,336.44468982382784,336.4487224812795,336.44464780612446,336.44868046357624,2,sparse_direct,not_applicable,3.872150616019659e-16,3.872150616019659e-16,0.005505299996002577,0.007146800009650178,0.015625,0.0,6.785358191542819e-05,6.78536591986965e-05,5.89504619665554,5.895039482375981,6.714279559005831e-06,1.5488602464078636e-16,7.744301232039318e-17,2.323290369611795e-16,True,0.01320399998803623,0.015625,,
1337,arpack_matvec,central_difference,1.0,0.0020373375775464136,0.1316343582241755,202955194.4693829,336.44464780612446,336.44870846072433,336.44466182667975,336.4487224812795,2,sparse_direct,not_applicable,5.421010862427522e-16,4.64658073922359e-16,0.005345900004613213,0.0053733999957330525,0.015625,0.0,6.785358661260252e-05,6.785365479367962e-05,5.8950457885701155,5.895039865078261,5.923491854353813e-06,0.0,2.323290369611795e-16,2.323290369611795e-16,True,0.011232599994400516,0.015625,,
1338,arpack_matvec,central_difference,1.0,0.0020373375775464136,0.15139744561782723,225971575.2055469,336.44465477634486,336.44872248127956,336.4446478061245,336.4487155110592,2,sparse_direct,not_applicable,5.421010862427522e-16,5.421010862427522e-16,0.005379499998525716,0.0052093999984208494,0.0,0.015625,6.785359986562678e-05,6.785364146685697e-05,5.89504463716201,5.895041022896016,3.6142659940452404e-06,2.323290369611795e-16,0.0,2.323290369611795e-16,True,0.011014300005626865,0.015625,,
1339,arpack_matvec,central_difference,1.0,0.0020373375775464136,0.15094400372487432,247656680.59749168,336.4446478061245,336.44871119100566,336.4446590963983,336.44872248127956,2,sparse_direct,not_applicable,6.195440985631454e-16,3.29132802361671e-16,0.004888099996605888,0.0052389999909792095,0.0,0.0,6.785361491094381e-05,6.785362615259827e-05,5.895043330042034,5.895042353380301,9.766617328210714e-07,7.744301232039318e-17,0.0,7.744301232039318e-17,True,0.01062820000515785,0.0,,
1340,arpack_matvec,central_difference,1.0,0.0020373375775464136,0.11598479530591944,184750866.05158558,336.44465365684124,336.44872248127956,336.4446478061245,336.44871663056284,2,sparse_direct,not_applicable,3.872150616019659e-16,4.64658073922359e-16,0.005142100009834394,0.008510599989676848,0.015625,0.0,6.785362747503122e-05,6.785361415933102e-05,5.895042238488901,5.895043395341282,1.156852381001272e-06,1.5488602464078636e-16,1.5488602464078636e-16,0.0,True,0.014180900005158037,0.015625,,
1341,arpack_matvec,central_difference,1.0,0.0020373375775464136,0.14663124002160893,190991359.00323778,336.44465179278706,336.44872248127956,336.4446478061245,336.448718494617,2,sparse_direct,not_applicable,7.744301232039318e-16,5.421010862427522e-16,0.009004199993796647,0.0061080000014044344,0.015625,0.0,6.78536419471531e-05,6.785359925646341e-05,5.895040981168479,5.895044690085441,3.7089169619974882e-06,3.097720492815727e-16,2.323290369611795e-16,5.421010862427522e-16,True,0.01594219999969937,0.015625,,
1342,arpack_matvec,central_difference,1.0,0.0020373375775464136,0.1387205123934143,200576479.16364127,336.44464780612446,336.44871877300966,336.4446515143944,336.4487224812795,2,sparse_direct,not_applicable,3.872150616019659e-16,4.64658073922359e-16,0.0060345999954734,0.005499899998540059,0.015625,0.0,6.785366025787066e-05,6.785358091998704e-05,5.89503939035628,5.895046283138396,6.892782115741625e-06,0.0,2.323290369611795e-16,2.323290369611795e-16,True,0.011978499998804182,0.015625,,
1343,arpack_matvec,central_difference,1.0,0.0020373375775464136,0.12859450160645935,211260662.68641847,336.44465216120926,336.4487224812795,336.44464780612446,336.4487181261948,2,sparse_direct,not_applicable,4.64658073922359e-16,5.421010862427522e-16,0.005194299999857321,0.006827500008512288,0.0,0.015625,6.785368799713484e-05,6.785355285863951e-05,5.895036980405402,5.89504872107916,1.1740673757643094e-05,2.323290369611795e-16,3.097720492815727e-16,5.421010862427522e-16,True,0.01254250000056345,0.015625,,
1344,arpack_matvec,central_difference,1.0,0.0020373375775464136,0.1310566993828537,233093541.06157404,336.4446847545627,336.44872248127956,336.4446478061245,336.4486855328413,2,sparse_direct,not_applicable,3.872150616019659e-16,3.872150616019659e-16,0.0051884999993490055,0.006303000001935288,0.0,0.015625,6.785373359408438e-05,6.785350731903309e-05,5.895033019006529,5.895052677517216,1.9658510686859643e-05,7.744301232039318e-17,7.744301232039318e-17,1.5488602464078636e-16,True,0.011958100003539585,0.015625,,
1345,arpack_matvec,central_difference,1.0,0.0020373375775464136,0.14369148496874554,238551608.0560532,336.44468205036975,336.4487224812795,336.44464780612446,336.4486882370342,2,sparse_direct,not_applicable,3.097720492815727e-16,4.64658073922359e-16,0.00756579999870155,0.005191000003833324,0.0,0.015625,6.785370062343499e-05,6.785354026854807e-05,5.895035883449663,5.895049814893899,1.3931444236447987e-05,7.744301232039318e-17,4.64658073922359e-16,5.421010862427522e-16,True,0.013248599992948584,0.015625,,
1346,arpack_matvec,central_difference,1.0,0.0020373375775464136,0.1286049454648704,228159327.90800527,336.44468838311474,336.44872248127956,336.4446478061245,336.44868190428923,2,sparse_direct,not_applicable,3.097720492815727e-16,3.872150616019659e-16,0.005389500001911074,0.0074081000057049096,0.0,0.0,6.785373931061517e-05,6.785350160613911e-05,5.895032522362746,5.8950531738484315,2.0651485685085902e-05,0.0,7.744301232039318e-17,7.744301232039318e-17,True,0.01335000000835862,0.0,,
1347,arpack_matvec,central_difference,1.0,0.0020373375775464136,0.12631062045483066,201093506.80814105,336.4446542702024,336.4487224812795,336.44464780612446,336.44871601720166,2,sparse_direct,not_applicable,3.678543085218676e-16,3.872150616019659e-16,0.006961699997191317,0.005553599999984726,0.0,0.0,6.785369656185197e-05,6.78535442906654e-05,5.895036236314413,5.895049465456265,1.3229141852200144e-05,1.5488602464078636e-16,7.744301232039318e-17,2.323290369611795e-16,True,0.013093100002151914,0.015625,,
1348,arpack_matvec,central_difference,1.0,0.0020373375775464136,0.13138298361909406,214202440.18533924,336.4446624374007,336.44872248127956,336.4446478061245,336.44870785000336,2,sparse_direct,not_applicable,3.872150616019659e-16,4.64658073922359e-16,0.005543000006582588,0.005984599993098527,0.015625,0.0,6.785367374493883e-05,6.785356746126998e-05,5.8950382186172465,5.895047452417521,9.233800274621728e-06,7.744301232039318e-17,0.0,7.744301232039318e-17,True,0.0120943000074476,0.015625,,
1349,arpack_matvec,central_difference,1.0,0.0020373375775464136,0.14183684600024812,202211073.2829428,336.4446490288017,336.4487224812795,336.44464780612446,336.4487212586023,2,sparse_direct,not_applicable,4.64658073922359e-16,3.872150616019659e-16,0.006461299999500625,0.00564489999669604,0.015625,0.0,6.785365933540453e-05,6.78535818911935e-05,5.895039470498961,5.8950461987610225,6.7282620612729716e-06,1.5488602464078636e-16,7.744301232039318e-17,2.323290369611795e-16,True,0.012655099999392405,0.015625,,
1350,arpack_matvec,central_difference,1.0,0.0020373375775464136,0.10782799479212808,162829190.63706005,336.4446603121143,336.4487224812795,336.44464780612446,336.44870997528966,2,sparse_direct,not_applicable,3.097720492815727e-16,4.64658073922359e-16,0.005406399999628775,0.005643700002110563,0.0,0.015625,6.785366523177703e-05,6.785357650280183e-05,5.895038958229676,5.895046666898732,7.70866905597245e-06,0.0,5.421010862427522e-16,5.421010862427522e-16,True,0.011522999993758276,0.015625,,
1351,arpack_matvec,central_difference,1.0,0.0020373375775464136,0.12910492273019294,215331100.0471649,336.44464871173307,336.4487224812795,336.44464780612446,336.4487215756709,2,sparse_direct,not_applicable,4.64658073922359e-16,5.421010862427522e-16,0.005479300001752563,0.005897800001548603,0.0,0.0,6.785365018494077e-05,6.785359094055004e-05,5.895040265479701,5.895045412562767,5.147083065537572e-06,3.872150616019659e-16,7.744301232039318e-17,4.64658073922359e-16,True,0.012149799993494526,0.0,,
1352,arpack_matvec,central_difference,1.0,0.0020373375775464136,0.15841893395297582,242209167.60898656,336.4446613959688,336.44872248127956,336.4446478061245,336.4487088914353,2,sparse_direct,not_applicable,4.64658073922359e-16,4.64658073922359e-16,0.005646399993565865,0.00523010001052171,0.015625,0.0,6.785364485344468e-05,6.785359642919323e-05,5.89504072867345,5.895044935715517,4.2070420667172925e-06,7.744301232039318e-17,1.5488602464078636e-16,2.323290369611795e-16,True,0.011329500004649162,0.015625,,
1353,arpack_matvec,central_difference,1.0,0.0020373375775464136,0.13394866641588968,192098144.46981218,336.44467242829256,336.44872248127956,336.4446478061245,336.4486978591115,2,sparse_direct,not_applicable,3.872150616019659e-16,2.6137016658132697e-16,0.0064396000088891014,0.0059006999945268035,0.015625,0.0,6.785364416631399e-05,6.785359721611139e-05,5.895040788370515,5.895044867348943,4.078978427912716e-06,2.323290369611795e-16,2.323290369611795e-16,4.64658073922359e-16,True,0.013012000010348856,0.015625,,
1354,arpack_matvec,central_difference,1.0,0.0020373375775464136,0.13334700886662845,225611951.00114238,336.44470790231094,336.4487224812795,336.44464780612446,336.44866238509314,2,sparse_direct,not_applicable,5.421010862427522e-16,5.421010862427522e-16,0.005144299997482449,0.006671299997833557,0.0,0.015625,6.785363454936977e-05,6.785360657158462e-05,5.895041623878868,5.8950440545559735,2.4306771058135723e-06,2.323290369611795e-16,1.5488602464078636e-16,7.744301232039318e-17,True,0.012268599995877594,0.015625,,
1355,arpack_matvec,central_difference,1.0,0.0020373375775464136,0.12891101224033572,197751142.25634164,336.4446989410111,336.4487224812795,336.44464780612446,336.448671346393,2,sparse_direct,not_applicable,3.872150616019659e-16,3.097720492815727e-16,0.005325700010871515,0.0053841999906580895,0.0,0.015625,6.785362941423249e-05,6.78536124030634e-05,5.895042070013412,5.895043547923782,1.4779103700846008e-06,0.0,7.744301232039318e-17,7.744301232039318e-17,True,0.011263300009886734,0.015625,,
1356,arpack_matvec,central_difference,1.0,0.0020373375775464136,0.16027344086438503,283511894.3089579,336.44470759065825,336.44872248127956,336.4446478061245,336.4486626967458,2,sparse_direct,not_applicable,6.9698711088353855e-16,4.64658073922359e-16,0.006856199994217604,0.005284999991999939,0.0,0.0,6.785361872802232e-05,6.785362225247248e-05,5.895042998418701,5.895042692218611,3.062000892839478e-07,1.5488602464078636e-16,1.5488602464078636e-16,3.097720492815727e-16,True,0.01263440000184346,0.0,,
1357,arpack_matvec,central_difference,1.0,0.0020373375775464136,0.13897346998885118,287067851.45006,336.44472354195807,336.44872248127956,336.4446478061245,336.448646745446,2,sparse_direct,not_applicable,5.421010862427522e-16,3.872150616019659e-16,0.005228399997577071,0.006113600000389852,0.015625,0.0,6.785360605787553e-05,6.785363521744087e-05,5.895044099186434,5.89504156583766,2.5333487734258142e-06,7.744301232039318e-17,1.5488602464078636e-16,2.323290369611795e-16,True,0.011794500009273179,0.015625,,
1358,arpack_matvec,central_difference,1.0,0.0020373375775464136,0.12502732310754747,251652923.64352491,336.4446478061245,336.44867675733246,336.4446935300716,336.44872248127956,2,sparse_direct,not_applicable,6.195440985631454e-16,3.097720492815727e-16,0.005066900004749186,0.0060138999979244545,0.015625,0.0,6.78535994118086e-05,6.785364218437432e-05,5.895044676589224,5.89504096055899,3.716030233746892e-06,7.744301232039318e-17,7.744301232039318e-17,0.0,True,0.011745299998437986,0.015625,,
1359,arpack_matvec,central_difference,1.0,0.0020373375775464136,0.13648173669510105,284345367.4575776,336.4447238182171,336.44872248127956,336.4446478061245,336.448646469187,2,sparse_direct,not_applicable,3.097720492815727e-16,3.3881317890172014e-16,0.005222899999353103,0.004843100003199652,0.0,0.015625,6.785359925867484e-05,6.785364204200287e-05,5.8950446898933135,5.895040972928046,3.716965267130945e-06,7.744301232039318e-17,7.744301232039318e-17,1.5488602464078636e-16,True,0.010521799995331094,0.015625,,
1360,arpack_matvec,central_difference,1.0,0.0020373375775464136,0.1578226240303302,280414215.7343347,336.44470596883724,336.44872248127956,336.4446478061245,336.44866431856684,2,sparse_direct,not_applicable,3.097720492815727e-16,3.097720492815727e-16,0.006503399999928661,0.004850299999816343,0.0,0.0,6.785360465723754e-05,6.785363632932941e-05,5.895044220872271,5.895041469238133,2.751634138320469e-06,0.0,0.0,0.0,True,0.011793199999374337,0.0,,
1361,arpack_matvec,central_difference,1.0,0.0020373375775464136,0.1278613482782055,193770787.2174474,336.4446836730615,336.4487224812795,336.44464780612446,336.4486866143426,2,sparse_direct,not_applicable,6.195440985631454e-16,3.097720492815727e-16,0.0048565999895799905,0.006068100003176369,0.015625,0.0,6.785359557786874e-05,6.785364626646923e-05,5.895045009677642,5.895040605911627,4.403766014959842e-06,7.744301232039318e-17,0.0,7.744301232039318e-17,True,0.011438600005931221,0.015625,,
1362,arpack_matvec,central_difference,1.0,0.0020373375775464136,0.14152984847208325,247845072.71913502,336.4447071098887,336.4487224812795,336.44464780612446,336.44866317751536,2,sparse_direct,not_applicable,4.64658073922359e-16,3.872150616019659e-16,0.005752399985794909,0.008036300001549534,0.0,0.0,6.785360328181158e-05,6.785363782652745e-05,5.895044340367722,5.89504133916339,3.0012043321647752e-06,7.744301232039318e-17,0.0,7.744301232039318e-17,True,0.014533599998685531,0.015625,,
1363,arpack_matvec,central_difference,1.0,0.0020373375775464136,0.1306436209388882,201854907.23791996,336.4446604419766,336.44872248127956,336.4446478061245,336.44870984542746,2,sparse_direct,not_applicable,3.872150616019659e-16,3.872150616019659e-16,0.006707000007736497,0.005718100001104176,0.015625,0.0,6.785360503505186e-05,6.785363637857426e-05,5.8950441880481925,5.8950414649598,2.7230883921092186e-06,0.0,1.5488602464078636e-16,1.5488602464078636e-16,True,0.013099099989631213,0.015625,,
1364,arpack_matvec,central_difference,1.0,0.0020373375775464136,0.14268879836980405,223704015.26007015,336.4446507690565,336.44872248127956,336.4446478061245,336.44871951834756,2,sparse_direct,not_applicable,4.64658073922359e-16,3.097720492815727e-16,0.0060569999914150685,0.005519099999219179,0.0,0.015625,6.785361055346796e-05,6.785363082896958e-05,5.895043708614504,5.89504194710275,1.761511754239109e-06,7.744301232039318e-17,1.5488602464078636e-16,2.323290369611795e-16,True,0.012235900008818135,0.015625,,
1365,arpack_matvec,central_difference,1.0,0.0020373375775464136,0.15544965955713533,247428057.11804515,336.4446478061245,336.4487124056231,336.44465788178087,336.44872248127956,2,sparse_direct,not_applicable,3.097720492815727e-16,3.872150616019659e-16,0.007425399991916493,0.010837599998922087,0.0,0.015625,6.785361776974008e-05,6.785362328472277e-05,5.895043081673141,5.895042602537924,4.791352177235808e-07,1.5488602464078636e-16,7.744301232039318e-17,7.744301232039318e-17,True,0.01890840000123717,0.015625,,
1366,arpack_matvec,central_difference,1.0,0.0020373375775464136,0.11292840453066362,182694749.47346467,336.4446478061245,336.4487114541706,336.44465883323335,336.44872248127956,2,sparse_direct,not_applicable,3.872150616019659e-16,3.872150616019659e-16,0.005757199993240647,0.005277200005366467,0.0,0.015625,6.785362344762889e-05,6.785361821610182e-05,5.8950425883848325,5.8950430428937555,4.545089229424093e-07,2.323290369611795e-16,2.323290369611795e-16,4.64658073922359e-16,True,0.011819899998954497,0.015625,,
1367,arpack_matvec,central_difference,1.0,0.0020373375775464136,0.15614478769608098,180850013.56885004,336.4446478061245,336.4487175829617,336.4446527044424,336.44872248127956,2,sparse_direct,not_applicable,4.64658073922359e-16,4.64658073922359e-16,0.005537000004551373,0.0059554999897954985,0.0,0.015625,6.785362911286638e-05,6.785361205345909e-05,5.895042096195739,5.895043578297002,1.4821012630505948e-06,7.744301232039318e-17,2.323290369611795e-16,1.5488602464078636e-16,True,0.012040800007525831,0.015625,,
1368,arpack_matvec,central_difference,1.0,0.0020373375775464136,0.1365071468057911,199687017.16298202,336.4446478061245,336.4487143242093,336.4446559631948,336.44872248127956,2,sparse_direct,not_applicable,3.872150616019659e-16,3.872150616019659e-16,0.005408900004113093,0.005212099989876151,0.0,0.0,6.785363806318812e-05,6.785360311430813e-05,5.895041318602599,5.895044354920232,3.036317632876262e-06,2.323290369611795e-16,1.5488602464078636e-16,3.872150616019659e-16,True,0.011076700000558048,0.0,,
1369,arpack_matvec,central_difference,1.0,0.0020373375775464136,0.12092696441782415,201409970.76705074,336.44464780612446,336.44871860692825,336.4446516804757,336.4487224812795,2,sparse_direct,not_applicable,3.097720492815727e-16,3.097720492815727e-16,0.005805799999507144,0.0051730999985011294,0.015625,0.0,6.785365170563929e-05,6.785358915328973e-05,5.895040133363319,5.8950455678379825,5.434474663168487e-06,1.5488602464078636e-16,7.744301232039318e-17,7.744301232039318e-17,True,0.01149789999180939,0.015625,,
1370,arpack_matvec,central_difference,1.0,0.0020373375775464136,0.13140985096136756,238327982.77048576,336.44466206318765,336.44872248127956,336.4446478061245,336.4487082242163,2,sparse_direct,not_applicable,6.195440985631454e-16,6.9698711088353855e-16,0.005075499997474253,0.005959200003417209,0.0,0.015625,6.785366917929114e-05,6.785357173223572e-05,5.895038615274759,5.895047081360478,8.46608571958285e-06,2.323290369611795e-16,7.744301232039318e-17,3.097720492815727e-16,True,0.011517100007040426,0.015625,,
1371,arpack_matvec,central_difference,1.0,0.0020373375775464136,0.1405374126196099,238251519.27170828,336.44466715716396,336.4487224812795,336.44464780612446,336.44870313024,2,sparse_direct,not_applicable,3.872150616019659e-16,4.64658073922359e-16,0.005860199991730042,0.005894999994779937,0.0,0.0,6.785365619062201e-05,6.78535847063814e-05,5.895039743713673,5.895045954180536,6.210466863443287e-06,1.5488602464078636e-16,1.5488602464078636e-16,3.097720492815727e-16,True,0.012308699995628558,0.015625,,
1372,arpack_matvec,central_difference,1.0,0.0020373375775464136,0.1259833096267943,230028079.07511306,336.44466469380677,336.44872248127956,336.4446478061245,336.4487055935972,2,sparse_direct,not_applicable,3.872150616019659e-16,3.097720492815727e-16,0.005599700001766905,0.005743699992308393,0.0,0.0,6.785367297320902e-05,6.785356794249208e-05,5.895038285664121,5.895047410609445,9.124945323790712e-06,1.5488602464078636e-16,7.744301232039318e-17,2.323290369611795e-16,True,0.0131861999980174,0.0,,
1373,arpack_matvec,central_difference,1.0,0.0020373375775464136,0.12010413339697762,189151822.2284855,336.4446478061245,336.44870399147555,336.4446662959285,336.44872248127956,2,sparse_direct,not_applicable,5.421010862427522e-16,3.097720492815727e-16,0.006180500000482425,0.005178899999009445,0.015625,0.0,6.785365561237338e-05,6.78535852446203e-05,5.895039793951182,5.895045907418924,6.113467741819534e-06,7.744301232039318e-17,7.744301232039318e-17,0.0,True,0.011801999993622303,0.015625,,
1374,arpack_matvec,central_difference,1.0,0.0020373375775464136,0.13183675926347352,215709599.30953497,336.4446478061245,336.44867163001976,336.4446986573843,336.44872248127956,2,sparse_direct,not_applicable,6.195440985631454e-16,4.64658073922359e-16,0.004934199998388067,0.006478299997979775,0.0,0.015625,6.785364397609992e-05,6.785359721867809e-05,5.8950408048960785,5.895044867125952,4.062229873369461e-06,1.5488602464078636e-16,1.5488602464078636e-16,0.0,True,0.011851899995235726,0.015625,,
1375,arpack_matvec,central_difference,1.0,0.0020373375775464136,0.1509417297801429,194772107.6299417,336.4446494360925,336.44872248127956,336.4446478061245,336.4487208513116,2,sparse_direct,not_applicable,3.872150616019659e-16,5.421010862427522e-16,0.004690300003858283,0.004645199995138682,0.0,0.015625,6.785363687917745e-05,6.785360430790785e-05,5.8950414214680045,5.895044251221639,2.829753634969734e-06,2.323290369611795e-16,2.323290369611795e-16,4.64658073922359e-16,True,0.009709299993119203,0.015625,,
1376,arpack_matvec,central_difference,1.0,0.0020373375775464136,0.10520968888312651,161232028.85141313,336.4446478061245,336.44872209951143,336.44464818789254,336.44872248127956,2,sparse_direct,not_applicable,4.64658073922359e-16,4.64658073922359e-16,0.0072949000023072585,0.004677099990658462,0.0,0.0,6.785364163242898e-05,6.785360013403345e-05,5.895041008511323,5.895044613843139,3.605331816203261e-06,0.0,2.323290369611795e-16,2.323290369611795e-16,True,0.012397099999361672,0.0,,
1377,arpack_matvec,central_difference,1.0,0.0020373375775464136,0.13319119309237457,218833310.21174952,336.44464780612446,336.44871659606696,336.444653691337,336.4487224812795,2,sparse_direct,not_applicable,3.872150616019659e-16,4.64658073922359e-16,0.005239099991740659,0.006290299992542714,0.015625,0.0,6.785363397667742e-05,6.785360713672111e-05,5.895041673633687,5.895044005457559,2.3318238726588447e-06,3.872150616019659e-16,0.0,3.872150616019659e-16,True,0.012054099992383271,0.015625,,
1378,arpack_matvec,central_difference,1.0,0.0020373375775464136,0.14913783659419313,232326417.47241268,336.4446540890516,336.44872248127956,336.4446478061245,336.4487161983525,2,sparse_direct,not_applicable,4.64658073922359e-16,4.64658073922359e-16,0.005143999995198101,0.0069223999889800325,0.0,0.015625,6.785363304153277e-05,6.785360829120383e-05,5.895041754877924,5.895043905157419,2.15027949490576e-06,7.744301232039318e-17,0.0,7.744301232039318e-17,True,0.0125084000028437,0.015625,,
1379,arpack_matvec,central_difference,1.0,0.0020373375775464136,0.13169926631692333,179366737.85810566,336.44467690496344,336.44872248127956,336.4446478061245,336.44869338244064,2,sparse_direct,not_applicable,3.29132802361671e-16,3.097720492815727e-16,0.00689089999650605,0.008927799994125962,0.0,0.015625,6.785363253148166e-05,6.785360887250846e-05,5.895041799190549,5.895043854654338,2.055463788508405e-06,7.744301232039318e-17,7.744301232039318e-17,0.0,True,0.016337900000507943,0.015625,,
1380,arpack_matvec,central_difference,1.0,0.0020373375775464136,0.1363003878413431,232182333.81352907,336.44471364829343,336.4487224812795,336.44464780612446,336.44865663911065,2,sparse_direct,not_applicable,2.5168979004127783e-16,3.097720492815727e-16,0.005155600010766648,0.00792219999129884,0.0,0.015625,6.7853627829003e-05,6.785361328523357e-05,5.895042207736255,5.895043471281857,1.2635456023701863e-06,7.744301232039318e-17,7.744301232039318e-17,1.5488602464078636e-16,True,0.01364050000847783,0.015625,,
1381,arpack_matvec,central_difference,1.0,0.0020373375775464136,0.13202797593110602,202438939.16375607,336.4447049293212,336.4487224812795,336.44464780612446,336.4486653580829,2,sparse_direct,not_applicable,3.872150616019659e-16,3.872150616019659e-16,0.008102599997073412,0.008768500003498048,0.0,0.015625,6.785362595741419e-05,6.785361582031159e-05,5.895042370337662,5.895043251037218,8.806995559496045e-07,1.5488602464078636e-16,0.0,1.5488602464078636e-16,True,0.017951000001630746,0.015625,,
1382,arpack_matvec,central_difference,1.0,0.0020373375775464136,0.15674007318021768,278843173.72708344,336.4447202622991,336.44872248127956,336.4446478061245,336.448650025105,2,sparse_direct,not_applicable,3.097720492815727e-16,3.872150616019659e-16,0.006944599997950718,0.005587800013017841,0.0,0.015625,6.78536205057416e-05,6.785362048587477e-05,5.895042843972534,5.895042845698541,1.72600689296587e-09,1.5488602464078636e-16,1.5488602464078636e-16,3.097720492815727e-16,True,0.013121800002409145,0.015625,,
1383,arpack_matvec,central_difference,1.0,0.0020373375775464136,0.1372348456617866,285161595.3718725,336.44474354818885,336.44872248127956,336.4446478061245,336.44862673921523,2,sparse_direct,not_applicable,6.9698711088353855e-16,4.64658073922359e-16,0.0060058999952161685,0.006803700001910329,0.0,0.015625,6.785361488156116e-05,6.785362639972634e-05,5.895043332594765,5.895042331910108,1.000684656915496e-06,7.744301232039318e-17,1.5488602464078636e-16,7.744301232039318e-17,True,0.0132968000107212,0.015625,,
1384,arpack_matvec,central_difference,1.0,0.0020373375775464136,0.12236228455730759,249029469.4291509,336.4446478061245,336.4486774711672,336.4446928162369,336.44872248127956,2,sparse_direct,not_applicable,4.64658073922359e-16,5.421010862427522e-16,0.0075597999966703355,0.005919699993683025,0.0,0.015625,6.785361175209472e-05,6.785362988753151e-05,5.8950436044791905,5.8950420288937595,1.5755854310128825e-06,3.097720492815727e-16,7.744301232039318e-17,2.323290369611795e-16,True,0.014101499997195788,0.015625,,
1385,arpack_matvec,central_difference,1.0,0.0020373375775464136,0.13761900850597386,285446668.96476823,336.4447420129912,336.44872248127956,336.4446478061245,336.4486282744129,2,sparse_direct,not_applicable,3.097720492815727e-16,3.872150616019659e-16,0.00485080000362359,0.005824499996379018,0.0,0.0,6.785361193201716e-05,6.785362935285229e-05,5.895043588847736,5.8950420753460495,1.5135016866452133e-06,7.744301232039318e-17,7.744301232039318e-17,0.0,True,0.011997499997960404,0.0,,
1386,arpack_matvec,central_difference,1.0,0.0020373375775464136,0.15564938925660243,276516241.1164051,336.44471925264423,336.44872248127956,336.4446478061245,336.44865103475985,2,sparse_direct,not_applicable,4.64658073922359e-16,3.097720492815727e-16,0.00687830000242684,0.006287299998803064,0.0,0.0,6.78536138316011e-05,6.785362716291636e-05,5.895043423814078,5.895042265605068,1.1582090104766962e-06,2.323290369611795e-16,2.323290369611795e-16,4.64658073922359e-16,True,0.01383969999733381,0.015625,,
1387,arpack_matvec,central_difference,1.0,0.0020373375775464136,0.1299764570609517,196827876.84581292,336.44469639420157,336.4487224812795,336.44464780612446,336.4486738932025,2,sparse_direct,not_applicable,4.64658073922359e-16,3.872150616019659e-16,0.009191000004648231,0.00702580000506714,0.015625,0.0,6.785361058499317e-05,6.785363122384015e-05,5.89504370587563,5.895041912796869,1.7930787610254129e-06,7.744301232039318e-17,1.5488602464078636e-16,2.323290369611795e-16,True,0.017506299991509877,0.03125,,
1388,arpack_matvec,central_difference,1.0,0.0020373375775464136,0.14413072328489632,251310199.59421745,336.4447175439145,336.4487224812795,336.44464780612446,336.44865274348956,2,sparse_direct,not_applicable,3.872150616019659e-16,4.64658073922359e-16,0.005650199993397109,0.007590799999888986,0.0,0.0,6.785361350742034e-05,6.785362759093037e-05,5.895043451978528,5.895042228419721,1.2235588071618508e-06,0.0,7.744301232039318e-17,7.744301232039318e-17,True,0.014169899994158186,0.0,,
1389,arpack_matvec,central_difference,1.0,0.0020373375775464136,0.1287848789880614,201783095.25668213,336.4446716959343,336.44872248127956,336.4446478061245,336.4486985914698,2,sparse_direct,not_applicable,3.872150616019659e-16,3.872150616019659e-16,0.007265299995196983,0.005721199995605275,0.0,0.0,6.785361406188683e-05,6.785362736663637e-05,5.89504340380712,5.895042247906116,1.1559010042461182e-06,0.0,7.744301232039318e-17,7.744301232039318e-17,True,0.01496640000550542,0.0,,
1390,arpack_matvec,central_difference,1.0,0.0020373375775464136,0.13755887822799295,221772524.384729,336.4446723441334,336.44872248127956,336.4446478061245,336.4486979432707,2,sparse_direct,not_applicable,3.872150616019659e-16,3.097720492815727e-16,0.007679500005906448,0.005325199992512353,0.015625,0.0,6.78536163015371e-05,6.785362511353573e-05,5.895043209228906,5.89504244365282,7.655760851932314e-07,0.0,1.5488602464078636e-16,1.5488602464078636e-16,True,0.01358839999011252,0.015625,,
1391,arpack_matvec,central_difference,1.0,0.0020373375775464136,0.15701867142793932,247443284.4669617,336.4446478061245,336.4487154709011,336.44465481650286,336.44872248127956,2,sparse_direct,not_applicable,3.872150616019659e-16,5.421010862427522e-16,0.006757299997843802,0.005167199997231364,0.015625,0.0,6.785361933509237e-05,6.785362171661034e-05,5.895042945677166,5.895042738773682,2.0690348367935485e-07,7.744301232039318e-17,0.0,7.744301232039318e-17,True,0.012341500012553297,0.015625,,
1392,arpack_matvec,central_difference,1.0,0.0020373375775464136,0.11197145055810957,178526051.86691654,336.4446478061245,336.4487093877371,336.44466089966687,336.44872248127956,2,sparse_direct,not_applicable,3.872150616019659e-16,3.872150616019659e-16,0.005435899991425686,0.006909300005645491,0.0,0.015625,6.78536218513218e-05,6.785361981904453e-05,5.89504272707011,5.895042903631969,1.7656185935521762e-07,7.744301232039318e-17,7.744301232039318e-17,0.0,True,0.012947600000188686,0.015625,,
1393,arpack_matvec,central_difference,1.0,0.0020373375775464136,0.16095624577821876,185636301.3053149,336.4446478061245,336.4487129243031,336.444657363101,336.44872248127956,2,sparse_direct,not_applicable,3.097720492815727e-16,3.1945242582162186e-16,0.005107000004500151,0.0068700000119861215,0.0,0.015625,6.785362392972885e-05,6.78536172208787e-05,5.895042546500559,5.895043129357578,5.828570195376415e-07,7.744301232039318e-17,1.5488602464078636e-16,2.323290369611795e-16,True,0.012436100005288608,0.015625,,
1394,arpack_matvec,central_difference,1.0,0.0020373375775464136,0.13470934175212165,202863642.3688656,336.4446478061245,336.44870583129546,336.4446644561086,336.44872248127956,2,sparse_direct,not_applicable,4.64658073922359e-16,5.421010862427522e-16,0.0053780000016558915,0.005412699989392422,0.0,0.015625,6.785362783640059e-05,6.785361334427671e-05,5.895042207093561,5.8950434661522575,1.2590586964122963e-06,1.5488602464078636e-16,3.872150616019659e-16,2.323290369611795e-16,True,0.0112609999923734,0.015625,,
1395,arpack_matvec,central_difference,1.0,0.0020373375775464136,0.12508685667669184,191149994.81972733,336.4446478061245,336.4486891855415,336.44468110186256,336.44872248127956,2,sparse_direct,not_applicable,3.29132802361671e-16,3.872150616019659e-16,0.008855300009599887,0.006030700009432621,0.0,0.0,6.785363282142694e-05,6.785360804248576e-05,5.895041774000453,5.89504392676576,2.152765307350535e-06,2.323290369611795e-16,7.744301232039318e-17,1.5488602464078636e-16,True,0.015525399998296052,0.0,,
1396,arpack_matvec,central_difference,1.0,0.0020373375775464136,0.13205246452346364,242264590.69751948,336.44465380458433,336.44872248127956,336.4446478061245,336.44871648281963,2,sparse_direct,not_applicable,3.872150616019659e-16,6.9698711088353855e-16,0.009137100001680665,0.00856059999205172,0.015625,0.015625,6.78536402633769e-05,6.785360064820757e-05,5.895041127452887,5.89504456917227,3.4417193823799153e-06,1.5488602464078636e-16,2.323290369611795e-16,3.872150616019659e-16,True,0.018362700007855892,0.03125,,
1397,arpack_matvec,central_difference,1.0,0.0020373375775464136,0.13856324409808077,238432475.27350834,336.44466205985606,336.4487224812795,336.44464780612446,336.4487082275479,2,sparse_direct,not_applicable,4.64658073922359e-16,3.872150616019659e-16,0.008666299996548332,0.0053786000062245876,0.0,0.015625,6.785363531071556e-05,6.785360558785614e-05,5.895041557734068,5.895044140021184,2.582287116581483e-06,2.323290369611795e-16,1.5488602464078636e-16,7.744301232039318e-17,True,0.015135499997995794,0.015625,,
1398,arpack_matvec,central_difference,1.0,0.0020373375775464136,0.12546340919457,232170032.10863575,336.44465029710227,336.44872248127956,336.4446478061245,336.4487199903017,2,sparse_direct,not_applicable,3.097720492815727e-16,4.64658073922359e-16,0.006148100001155399,0.005300800010445528,0.0,0.0,6.78536420057548e-05,6.785359890805165e-05,5.895040976077235,5.895044720355064,3.74427782912079e-06,7.744301232039318e-17,1.5488602464078636e-16,2.323290369611795e-16,True,0.011875600001076236,0.0,,
1399,arpack_matvec,central_difference,1.0,0.0020373375775464136,0.12498032633809206,184999684.59609786,336.4446478061245,336.4486910386411,336.444679248763,336.44872248127956,2,sparse_direct,not_applicable,3.872150616019659e-16,3.872150616019659e-16,0.00518420001026243,0.006892100005643442,0.015625,0.0,6.785363433545455e-05,6.785360652689224e-05,5.895041642463563,5.8950440584387955,2.41597523231718e-06,1.5488602464078636e-16,2.323290369611795e-16,3.872150616019659e-16,True,0.01249880000250414,0.015625,,
1400,arpack_matvec,central_difference,1.0,0.0020373375775464136,0.13112460953904742,216302940.93705,336.4446478061245,336.4486559384374,336.44471434896667,336.44872248127956,2,sparse_direct,not_applicable,5.421010862427522e-16,4.452973208422607e-16,0.005524699998204596,0.005447399991680868,0.015625,0.0,6.785363028371525e-05,6.785361091052664e-05,5.895041994473791,5.895043677593657,1.68311986570302e-06,1.5488602464078636e-16,7.744301232039318e-17,2.323290369611795e-16,True,0.011480499990284443,0.015625,,
1401,arpack_matvec,central_difference,1.0,0.0020373375775464136,0.15596129402028175,186969235.5143387,336.4446478061245,336.44871753840084,336.44465274900324,336.44872248127956,2,sparse_direct,not_applicable,3.872150616019659e-16,3.872150616019659e-16,0.006088599999202415,0.005227799993008375,0.0,0.015625,6.78536271145384e-05,6.785361405415205e-05,5.895042269808087,5.895043404479109,1.1346710220294653e-06,3.097720492815727e-16,1.5488602464078636e-16,4.64658073922359e-16,True,0.011829600000055507,0.015625,,
1402,arpack_matvec,central_difference,1.0,0.0020373375775464136,0.10517042487446752,161657193.4435372,336.4446478061245,336.4487156367839,336.44465465062007,336.44872248127956,2,sparse_direct,not_applicable,3.872150616019659e-16,5.421010862427522e-16,0.005147100004251115,0.005124999996041879,0.0,0.0,6.785362953976696e-05,6.785361222177186e-05,5.895042059107127,5.895043563674182,1.5045670549440615e-06,0.0,1.5488602464078636e-16,1.5488602464078636e-16,True,0.010672700009308755,0.0,,
1403,arpack_matvec,central_difference,1.0,0.0020373375775464136,0.13365291637520244,218070558.05517337,336.44464780612446,336.4487139535428,336.4446563338612,336.4487224812795,2,sparse_direct,not_applicable,5.421010862427522e-16,3.097720492815727e-16,0.005181000000447966,0.00523310000426136,0.015625,0.0,6.785362618741749e-05,6.785361492546225e-05,5.895042350355249,5.895043328780689,9.784254402234183e-07,2.323290369611795e-16,7.744301232039318e-17,3.097720492815727e-16,True,0.010883700000704266,0.015625,,
1404,arpack_matvec,central_difference,1.0,0.0020373375775464136,0.14400334471212548,226132683.60047433,336.4446478061245,336.44872136175394,336.44464892565014,336.44872248127956,2,sparse_direct,not_applicable,3.097720492815727e-16,5.421010862427522e-16,0.005214500008150935,0.005696899999747984,0.015625,0.0,6.785362613118031e-05,6.785361523438811e-05,5.895042355241067,5.895043301941569,9.467005019914154e-07,7.744301232039318e-17,7.744301232039318e-17,0.0,True,0.011372600012691692,0.015625,,
1405,arpack_matvec,central_difference,1.0,0.0020373375775464136,0.12845530625377816,173395125.50260255,336.4446808856676,336.44872248127956,336.4446478061245,336.4486894017365,2,sparse_direct,not_applicable,3.29132802361671e-16,4.64658073922359e-16,0.005870799999684095,0.005993600003421307,0.0,0.015625,6.785362591786394e-05,6.785361551314184e-05,5.89504237377374,5.895043277723769,9.039500286078805e-07,0.0,0.0,0.0,True,0.012492100009694695,0.015625,,
1406,arpack_matvec,central_difference,1.0,0.0020373375775464136,0.14001225947574253,240102057.91432923,336.44471870449854,336.4487224812795,336.44464780612446,336.44865158290554,2,sparse_direct,not_applicable,3.872150616019659e-16,3.097720492815727e-16,0.005240099999355152,0.005541999998968095,0.0,0.0,6.785362365387847e-05,6.78536174511544e-05,5.895042570466114,5.8950431093514934,5.388853798748983e-07,7.744301232039318e-17,7.744301232039318e-17,1.5488602464078636e-16,True,0.011249400005908683,0.0,,
1407,arpack_matvec,central_difference,1.0,0.0020373375775464136,0.13439965126400505,206525348.94073704,336.4447091380778,336.4487224812795,336.44464780612446,336.44866114932626,2,sparse_direct,not_applicable,6.195440985631454e-16,3.097720492815727e-16,0.0059624999994412065,0.005484599998453632,0.015625,0.0,6.785362313269065e-05,6.785361861570844e-05,5.895042615746296,5.895043008176399,3.9243010352407737e-07,7.744301232039318e-17,2.323290369611795e-16,1.5488602464078636e-16,True,0.011989599996013567,0.015625,,
1408,arpack_matvec,central_difference,1.0,0.0020373375775464136,0.15411007387892176,275379893.10075045,336.44473293106137,336.44872248127956,336.4446478061245,336.4486373563427,2,sparse_direct,not_applicable,4.0657581468206416e-16,4.64658073922359e-16,0.005871400004252791,0.005215000011958182,0.015625,0.0,6.785362062305557e-05,6.78536203737118e-05,5.895042833780434,5.895042855443129,2.1662694749124967e-08,0.0,0.0,0.0,True,0.011550200011697598,0.015625,,
1409,arpack_matvec,central_difference,1.0,0.0020373375775464136,0.1367550243207121,283809397.76533884,336.4447625428801,336.44872248127956,336.4446478061245,336.448607744524,2,sparse_direct,not_applicable,5.421010862427522e-16,3.097720492815727e-16,0.005191999996895902,0.004771799998707138,0.0,0.0,6.785361836397494e-05,6.785362291976491e-05,5.895043030046712,5.895042634245032,3.958016803196074e-07,7.744301232039318e-17,1.5488602464078636e-16,2.323290369611795e-16,True,0.010484800004633144,0.0,,
1410,arpack_matvec,central_difference,1.0,0.0020373375775464136,0.1204274002734944,246768538.19064915,336.4446478061245,336.4486724703749,336.4446978170292,336.44872248127956,2,sparse_direct,not_applicable,4.64658073922359e-16,3.872150616019659e-16,0.0055890000076033175,0.006726799998432398,0.015625,0.0,6.78536171156183e-05,6.78536245521682e-05,5.895043138502479,5.895042492423765,6.46078714083842e-07,2.323290369611795e-16,7.744301232039318e-17,1.5488602464078636e-16,True,0.012937200008309446,0.015625,,
1411,arpack_matvec,central_difference,1.0,0.0020373375775464136,0.1376837527316543,285174844.9021075,336.4447587034355,336.44872248127956,336.4446478061245,336.44861158396856,2,sparse_direct,not_applicable,3.872150616019659e-16,2.323290369611795e-16,0.005623100005323067,0.007589399989228696,0.0,0.0,6.785361713986019e-05,6.785362414104316e-05,5.895043136396372,5.895042528141822,6.082545498387049e-07,7.744301232039318e-17,1.5488602464078636e-16,7.744301232039318e-17,True,0.014302600000519305,0.015625,,
1412,arpack_matvec,central_difference,1.0,0.0020373375775464136,0.15409306015963642,274477258.17428374,336.44472993476444,336.44872248127956,336.4446478061245,336.44864035263964,2,sparse_direct,not_applicable,3.872150616019659e-16,3.097720492815727e-16,0.006111200011218898,0.005812900009914301,0.0,0.015625,6.785361778110705e-05,6.785362321669967e-05,5.895043080685593,5.895042608447691,4.72237902116035e-07,0.0,3.097720492815727e-16,3.097720492815727e-16,True,0.012465799998608418,0.015625,,
1413,arpack_matvec,central_difference,1.0,0.0020373375775464136,0.13119330446819755,199439855.55064762,336.4447040058003,336.4487224812795,336.44464780612446,336.4486662816038,2,sparse_direct,not_applicable,4.64658073922359e-16,5.421010862427522e-16,0.005590400003711693,0.006467100000008941,0.0,0.015625,6.785361676916386e-05,6.785362502115768e-05,5.895043168602037,5.895042451678516,7.169235205495283e-07,0.0,1.5488602464078636e-16,1.5488602464078636e-16,True,0.012541200005216524,0.015625,,
1414,arpack_matvec,central_difference,1.0,0.0020373375775464136,0.14674188386278308,255756911.12278333,336.4447244483315,336.4487224812795,336.44464780612446,336.4486458390726,2,sparse_direct,not_applicable,3.872150616019659e-16,6.195440985631454e-16,0.005606699996860698,0.005906499995035119,0.0,0.0,6.785361774979724e-05,6.785362334121098e-05,5.895043083405753,5.895042597630296,4.857754571929718e-07,2.323290369611795e-16,7.744301232039318e-17,1.5488602464078636e-16,True,0.0121454000036465,0.0,,
1415,arpack_matvec,central_difference,1.0,0.0020373375775464136,0.1276269064657771,203063477.47095388,336.4446785630936,336.44872248127956,336.4446478061245,336.4486917243105,2,sparse_direct,not_applicable,5.421010862427522e-16,3.872150616019659e-16,0.0055118000018410385,0.005452899989904836,0.015625,0.0,6.785361799809132e-05,6.785362343942089e-05,5.8950430618342535,5.895042589097935,4.7273631853528286e-07,1.5488602464078636e-16,1.5488602464078636e-16,3.097720492815727e-16,True,0.011425000004237518,0.015625,,
1416,arpack_matvec,central_difference,1.0,0.0020373375775464136,0.13604414151228755,222085890.23652026,336.44467487247357,336.44872248127956,336.4446478061245,336.4486954149305,2,sparse_direct,not_applicable,5.421010862427522e-16,3.097720492815727e-16,0.0055523000046378,0.005141300003742799,0.015625,0.0,6.785361890512531e-05,6.785362252087254e-05,5.895042983032201,5.89504266890033,3.1413187073781046e-07,3.097720492815727e-16,7.744301232039318e-17,2.323290369611795e-16,True,0.011121999996248633,0.015625,,
1417,arpack_matvec,central_difference,1.0,0.0020373375775464136,0.15437247729293974,241598019.32875425,336.4446478061245,336.4487162050724,336.44465408233157,336.44872248127956,2,sparse_direct,not_applicable,3.872150616019659e-16,3.097720492815727e-16,0.005022500001359731,0.005936900008236989,0.0,0.015625,6.785362003122702e-05,6.785362102633907e-05,5.895042885197804,5.8950427987436385,8.645416560426611e-08,7.744301232039318e-17,2.323290369611795e-16,1.5488602464078636e-16,True,0.011519100007717498,0.015625,,
1418,arpack_matvec,central_difference,1.0,0.0020373375775464136,0.11068052942980074,175155416.5069401,336.4446478061245,336.44870775059456,336.4446625368094,336.44872248127956,2,sparse_direct,not_applicable,3.872150616019659e-16,5.421010862427522e-16,0.005401400005212054,0.005489600007422268,0.0,0.0,6.785362124736517e-05,6.785362043763103e-05,5.89504277954115,5.895042849889901,7.034875082467806e-08,0.0,2.323290369611795e-16,2.323290369611795e-16,True,0.011393699998734519,0.0,,
1419,arpack_matvec,central_difference,1.0,0.0020373375775464136,0.16284681787775362,187645699.36693722,336.4446478061245,336.44870986916357,336.4446604182405,336.44872248127956,2,sparse_direct,not_applicable,5.421010862427522e-16,4.64658073922359e-16,0.005855999988853,0.005186900001717731,0.015625,0.0,6.785362190253952e-05,6.785361924259462e-05,5.895042722620374,5.895042953713261,2.3109288704858955e-07,7.744301232039318e-17,1.5488602464078636e-16,7.744301232039318e-17,True,0.011474599989014678,0.015625,,
1420,arpack_matvec,central_difference,1.0,0.0020373375775464136,0.13451587925376748,207898591.68901172,336.4446478061245,336.4487001150949,336.4446701723092,336.44872248127956,2,sparse_direct,not_applicable,6.195440985631454e-16,5.421010862427522e-16,0.005474400008097291,0.005698799999663606,0.015625,0.0,6.785362350996633e-05,6.785361766991935e-05,5.8950425829690305,5.8950430903454505,5.073764199892139e-07,1.5488602464078636e-16,0.0,1.5488602464078636e-16,True,0.011824499990325421,0.015625,,
1421,arpack_matvec,central_difference,1.0,0.0020373375775464136,0.12664958586598624,184778887.52348492,336.4446478061245,336.44868256186203,336.44468772554205,336.44872248127956,2,sparse_direct,not_applicable,4.64658073922359e-16,2.710505431213761e-16,0.005473200013511814,0.006672499992419034,0.0,0.015625,6.785362535714251e-05,6.785361550702901e-05,5.895042422488552,5.895043278254843,8.557662916075515e-07,1.5488602464078636e-16,2.323290369611795e-16,3.872150616019659e-16,True,0.01270469999872148,0.015625,,
1422,arpack_matvec,central_difference,1.0,0.0020373375775464136,0.1335231661689582,246921657.37777162,336.4446552477181,336.44872248127956,336.4446478061245,336.44871503968585,2,sparse_direct,not_applicable,3.872150616019659e-16,3.872150616019659e-16,0.005882299999939278,0.007319699987419881,0.0,0.015625,6.785362832021898e-05,6.785361258961828e-05,5.895042165059997,5.89504353171611,1.366656112722353e-06,3.097720492815727e-16,4.64658073922359e-16,1.5488602464078636e-16,True,0.013996199995744973,0.015625,,
1423,arpack_matvec,central_difference,1.0,0.0020373375775464136,0.13942443966607002,242116081.03409082,336.44466386713043,336.4487224812795,336.44464780612446,336.44870642027354,2,sparse_direct,not_applicable,5.421010862427522e-16,4.64658073922359e-16,0.006152699992526323,0.005463600013172254,0.0,0.0,6.785362639491408e-05,6.785361450418331e-05,5.895042332328192,5.895043365380914,1.0330527224766684e-06,7.744301232039318e-17,1.5488602464078636e-16,2.323290369611795e-16,True,0.012205999999423511,0.0,,
1424,arpack_matvec,central_difference,1.0,0.0020373375775464136,0.12699244508521373,236262600.16111615,336.44465593951924,336.44872248127956,336.4446478061245,336.44871434788473,2,sparse_direct,not_applicable,3.872150616019659e-16,3.097720492815727e-16,0.007266300002811477,0.004676099997595884,0.015625,0.0,6.785362900398165e-05,6.78536119072443e-05,5.895042105655514,5.895043590999974,1.485344459872806e-06,1.5488602464078636e-16,2.323290369611795e-16,3.872150616019659e-16,True,0.012369000003673136,0.015625,,
1425,arpack_matvec,central_difference,1.0,0.0020373375775464136,0.12621821523307855,190806889.91180706,336.4446478061245,336.4486834901267,336.44468679727737,336.44872248127956,2,sparse_direct,not_applicable,4.64658073922359e-16,3.872150616019659e-16,0.004954300005920231,0.005577100004302338,0.015625,0.0,6.785362597788962e-05,6.785361488423674e-05,5.895042368558781,5.895043332362314,9.638035329828654e-07,1.5488602464078636e-16,3.097720492815727e-16,4.64658073922359e-16,True,0.010964300003251992,0.015625,,
1426,arpack_matvec,central_difference,1.0,0.0020373375775464136,0.12872102011743838,218691252.1329245,336.4446478061245,336.4487025470253,336.4446677403788,336.44872248127956,2,sparse_direct,not_applicable,3.097720492815727e-16,3.872150616019659e-16,0.0054450999887194484,0.005589899999904446,0.0,0.015625,6.78536245812805e-05,6.785361662304722e-05,5.895042489894523,5.89504318129648,6.914019570203322e-07,7.744301232039318e-17,0.0,7.744301232039318e-17,True,0.011562300001969561,0.015625,,
1427,arpack_matvec,central_difference,1.0,0.0020373375775464136,0.15789429541477493,179878811.8772821,336.4446478061245,336.4487135599737,336.44465672743036,336.44872248127956,2,sparse_direct,not_applicable,4.64658073922359e-16,6.195440985631454e-16,0.0054509000037796795,0.004937900012009777,0.0,0.0,6.785362318455394e-05,6.785361797751451e-05,5.8950426112404735,5.895043063621942,4.5238146828552317e-07,7.744301232039318e-17,1.5488602464078636e-16,2.323290369611795e-16,True,0.010870800004340708,0.0,,
1428,arpack_matvec,central_difference,1.0,0.0020373375775464136,0.10562262130252613,163714632.0379228,336.4446478061245,336.4487122095901,336.44465807781387,336.44872248127956,2,sparse_direct,not_applicable,5.421010862427522e-16,4.64658073922359e-16,0.005815600001369603,0.005434999999124557,0.015625,0.0,6.785362435770551e-05,6.785361739121589e-05,5.895042509318453,5.895043114558882,6.052404284417889e-07,3.097720492815727e-16,7.744301232039318e-17,3.872150616019659e-16,True,0.01177060000190977,0.015625,,
1429,arpack_matvec,central_difference,1.0,0.0020373375775464136,0.12863903745077254,209668203.10885078,336.44464780612446,336.4487083205436,336.4446619668604,336.4487224812795,2,sparse_direct,not_applicable,4.64658073922359e-16,4.64658073922359e-16,0.00543679999827873,0.005797100006020628,0.0,0.015625,6.78536229379508e-05,6.785361819406174e-05,5.895042632665063,5.895043044808571,4.1214350865459437e-07,7.744301232039318e-17,1.5488602464078636e-16,2.323290369611795e-16,True,0.011874500007252209,0.015625,,
1430,arpack_matvec,central_difference,1.0,0.0020373375775464136,0.14175526695042476,223090554.47324553,336.4446478061245,336.448715605333,336.4446546820711,336.44872248127956,2,sparse_direct,not_applicable,3.097720492815727e-16,3.872150616019659e-16,0.004945900000166148,0.005378800007747486,0.0,0.015625,6.785362293585782e-05,6.785361844539993e-05,5.8950426328468994,5.895043022972604,3.9012570418606174e-07,0.0,7.744301232039318e-17,7.744301232039318e-17,True,0.010865200005355291,0.015625,,
1431,arpack_matvec,central_difference,1.0,0.0020373375775464136,0.1262108666694608,183205327.33004847,336.44468566013694,336.44872248127956,336.4446478061245,336.44868462726714,2,sparse_direct,not_applicable,3.872150616019659e-16,4.64658073922359e-16,0.005860000004759058,0.005202199987252243,0.0,0.0,6.785362287425877e-05,6.785361857456145e-05,5.895042638198552,5.895043011751202,3.735526501458253e-07,7.744301232039318e-17,7.744301232039318e-17,1.5488602464078636e-16,True,0.011867900000652298,0.0,,
1432,arpack_matvec,central_difference,1.0,0.0020373375775464136,0.14366293438832475,248315872.79783437,336.4447246368068,336.4487224812795,336.44464780612446,336.44864565059726,2,sparse_direct,not_applicable,3.097720492815727e-16,8.518731355243249e-16,0.005797299992991611,0.0060766000096919015,0.015625,0.0,6.785362178119175e-05,6.785361931496172e-05,5.895042733162925,5.895042947426093,2.1426316809680657e-07,3.097720492815727e-16,3.872150616019659e-16,7.744301232039318e-17,True,0.012302399991312996,0.015625,,
1433,arpack_matvec,central_difference,1.0,0.0020373375775464136,0.13611674924288267,210256480.54505414,336.4447125776148,336.4487224812795,336.44464780612446,336.4486577097893,2,sparse_direct,not_applicable,5.421010862427522e-16,3.872150616019659e-16,0.005138699998497032,0.005227999994531274,0.0,0.0,6.785362177584106e-05,6.785361995207014e-05,5.895042733627787,5.895042892074861,1.58447074127821e-07,1.5488602464078636e-16,7.744301232039318e-17,7.744301232039318e-17,True,0.010802499993587844,0.015625,,
1434,arpack_matvec,central_difference,1.0,0.0020373375775464136,0.15182270095956513,271803699.8633051,336.4447472190887,336.44872248127956,336.4446478061245,336.4486230683154,2,sparse_direct,not_applicable,3.872150616019659e-16,3.872150616019659e-16,0.005359599992516451,0.0053454000008059666,0.0,0.015625,6.785362055852834e-05,6.785362044069055e-05,5.895042839386484,5.895042849624093,1.0237608982777147e-08,7.744301232039318e-17,1.5488602464078636e-16,2.323290369611795e-16,True,0.01119339998695068,0.015625,,
1435,arpack_matvec,central_difference,1.0,0.0020373375775464136,0.13453936748261236,278948145.41944844,336.4447860783515,336.44872248127956,336.4446478061245,336.44858420905257,2,sparse_direct,not_applicable,4.64658073922359e-16,4.64658073922359e-16,0.004751700005726889,0.005084600008558482,0.0,0.0,6.785361972003232e-05,6.785362157354578e-05,5.895042912234034,5.895042751202962,1.6103107203235822e-07,3.097720492815727e-16,1.5488602464078636e-16,1.5488602464078636e-16,True,0.01022690000536386,0.0,,
1436,arpack_matvec,central_difference,1.0,0.0020373375775464136,0.11880838837155823,244003227.77081716,336.4446478061245,336.4486628560589,336.4447074313452,336.44872248127956,2,sparse_direct,not_applicable,2.8073091966142525e-16,3.872150616019659e-16,0.0061409000045387074,0.005299199998262338,0.015625,0.0,6.78536193270924e-05,6.785362236610295e-05,5.895042946372194,5.89504268234653,2.640256644426131e-07,1.5488602464078636e-16,0.0,1.5488602464078636e-16,True,0.01187950000166893,0.015625,,
1437,arpack_matvec,central_difference,1.0,0.0020373375775464136,0.13713891379026547,284057805.26323956,336.4447768932301,336.44872248127956,336.4446478061245,336.448593394174,2,sparse_direct,not_applicable,3.872150616019659e-16,3.097720492815727e-16,0.00571900000795722,0.006261099988478236,0.0,0.015625,6.785361922810837e-05,6.785362205254672e-05,5.895042954971811,5.895042709587925,2.4538388565531477e-07,0.0,7.744301232039318e-17,7.744301232039318e-17,True,0.012616099993465468,0.015625,,
1438,arpack_matvec,central_difference,1.0,0.0020373375775464136,0.15424760445382812,275358837.56369114,336.4447383945072,336.44872248127956,336.4446478061245,336.44863189289686,2,sparse_direct,not_applicable,4.64658073922359e-16,4.64658073922359e-16,0.0072398000047542155,0.00705980000202544,0.0,0.015625,6.785361940581904e-05,6.785362159152664e-05,5.895042939532516,5.895042749640806,1.8989170946781542e-07,7.744301232039318e-17,0.0,7.744301232039318e-17,True,0.015093900001375005,0.015625,,
1439,arpack_matvec,central_difference,1.0,0.0020373375775464136,0.1325180045750599,202775205.62882483,336.44470776801904,336.4487224812795,336.44464780612446,336.44866251938504,2,sparse_direct,not_applicable,4.64658073922359e-16,3.872150616019659e-16,0.005172899996978231,0.006848899996839464,0.0,0.015625,6.785361924118244e-05,6.785362253220359e-05,5.895042953835951,5.895042667915902,2.8592004852612263e-07,1.5488602464078636e-16,2.323290369611795e-16,7.744301232039318e-17,True,0.012516999995568767,0.015625,,
1440,arpack_matvec,central_difference,1.0,0.0020373375775464136,0.14909388551091102,260746985.46407714,336.4447298027212,336.4487224812795,336.44464780612446,336.44864048468287,2,sparse_direct,not_applicable,6.9698711088353855e-16,6.195440985631454e-16,0.005390899998019449,0.0051099999982398,0.0,0.0,6.78536194342835e-05,6.785362165063467e-05,5.895042937059556,5.89504274450557,1.925539860891945e-07,1.5488602464078636e-16,7.744301232039318e-17,2.323290369611795e-16,True,0.010999200007063337,0.0,,
1441,arpack_matvec,central_difference,1.0,0.0020373375775464136,0.12717653629864958,205168885.72704262,336.44468322006577,336.44872248127956,336.4446478061245,336.4486870673383,2,sparse_direct,not_applicable,3.872150616019659e-16,3.097720492815727e-16,0.007353799999691546,0.005351100000552833,0.015625,0.0,6.785361962025323e-05,6.785362181847219e-05,5.895042920902724,5.895042729924045,1.909786790932344e-07,2.323290369611795e-16,0.0,2.323290369611795e-16,True,0.013705000004847534,0.015625,,
1442,arpack_matvec,central_difference,1.0,0.0020373375775464136,0.13657572398720266,224682170.95273536,336.4446741981703,336.44872248127956,336.4446478061245,336.4486960892338,2,sparse_direct,not_applicable,5.421010862427522e-16,3.1945242582162186e-16,0.006047599992598407,0.005262100006802939,0.015625,0.0,6.785361998623346e-05,6.78536214363369e-05,5.895042889106792,5.895042763123509,1.2598328247293011e-07,7.744301232039318e-17,0.0,7.744301232039318e-17,True,0.011815000005299225,0.015625,,
1443,arpack_matvec,central_difference,1.0,0.0020373375775464136,0.14792224023400438,233619610.39576808,336.44464780612446,336.44871085021356,336.4446594371904,336.4487224812795,2,sparse_direct,not_applicable,3.872150616019659e-16,3.097720492815727e-16,0.005121599999256432,0.0061498000141000375,0.0,0.015625,6.785362032894864e-05,6.785362074402789e-05,5.895042859332099,5.895042823270501,3.606159815205956e-08,7.744301232039318e-17,7.744301232039318e-17,1.5488602464078636e-16,True,0.011771299992688,0.015625,,
1444,arpack_matvec,central_difference,1.0,0.0020373375775464136,0.1098537675239541,173525940.4921417,336.4446478061245,336.4487064097741,336.44466387762986,336.44872248127956,2,sparse_direct,not_applicable,6.195440985631454e-16,3.097720492815727e-16,0.0052681999950436875,0.005969999998342246,0.0,0.0,6.785362101405751e-05,6.7853620677699e-05,5.895042799810645,5.895042829033077,2.922243158565152e-08,2.323290369611795e-16,3.097720492815727e-16,5.421010862427522e-16,True,0.012050500008626841,0.015625,,
1445,arpack_matvec,central_difference,1.0,0.0020373375775464136,0.16331451651125,188098418.29078296,336.4446478061245,336.4487069375121,336.444663349892,336.44872248127956,2,sparse_direct,not_applicable,3.097720492815727e-16,6.9698711088353855e-16,0.0061846000025980175,0.005433600003016181,0.0,0.0,6.785362110867945e-05,6.785362003480268e-05,5.8950427915900026,5.895042884887155,9.329715222605728e-08,7.744301232039318e-17,1.5488602464078636e-16,2.323290369611795e-16,True,0.012268499995116144,0.0,,
1446,arpack_matvec,central_difference,1.0,0.0020373375775464136,0.13483370060929553,210527231.07169816,336.4446478061245,336.44869469014725,336.44467559725683,336.44872248127956,2,sparse_direct,not_applicable,4.64658073922359e-16,6.195440985631454e-16,0.00574350000533741,0.0050241999997524545,0.015625,0.0,6.785362176897242e-05,6.785361940973794e-05,5.895042734224526,5.895042939192046,2.0496752028975607e-07,1.5488602464078636e-16,1.5488602464078636e-16,3.097720492815727e-16,True,0.011305799998808652,0.015625,,
1447,arpack_matvec,central_difference,1.0,0.0020373375775464136,0.1267606271464359,187986129.08785313,336.4446478061245,336.44867824596514,336.44469204143894,336.44872248127956,2,sparse_direct,not_applicable,3.872150616019659e-16,3.097720492815727e-16,0.005121199996210635,0.005331599997589365,0.0,0.015625,6.785362242165235e-05,6.785361844137052e-05,5.895042677520464,5.895043023322674,3.458022099778191e-07,7.744301232039318e-17,7.744301232039318e-17,0.0,True,0.010899599990807474,0.015625,,
1448,arpack_matvec,central_difference,1.0,0.0020373375775464136,0.13758707927780794,255507773.34862685,336.4446632027805,336.44872248127956,336.4446478061245,336.4487070846235,2,sparse_direct,not_applicable,3.872150616019659e-16,3.097720492815727e-16,0.00532930000917986,0.005405100004281849,0.0,0.015625,6.785362352640763e-05,6.785361737925268e-05,5.895042581540629,5.895043115598232,5.340576025858468e-07,1.5488602464078636e-16,7.744301232039318e-17,2.323290369611795e-16,True,0.011159700006828643,0.015625,,
1449,arpack_matvec,central_difference,1.0,0.0020373375775464136,0.1430139718941609,249662794.76976264,336.44467012256445,336.4487224812795,336.44464780612446,336.4487001648395,2,sparse_direct,not_applicable,6.9698711088353855e-16,4.162561912221133e-16,0.005477300001075491,0.005185300004086457,0.0,0.0,6.78536227993464e-05,6.78536181018193e-05,5.89504264470685,5.895043052822487,4.081156372848227e-07,0.0,7.744301232039318e-17,7.744301232039318e-17,True,0.011072599998442456,0.0,,
1450,arpack_matvec,central_difference,1.0,0.0020373375775464136,0.13080047608409304,243932406.55604804,336.4446635655206,336.44872248127956,336.4446478061245,336.44870672188335,2,sparse_direct,not_applicable,3.097720492815727e-16,4.64658073922359e-16,0.0054899999959161505,0.005202400003327057,0.015625,0.0,6.785362379355798e-05,6.785361711313329e-05,5.895042558330923,5.895043138718374,5.803874509879847e-07,7.744301232039318e-17,7.744301232039318e-17,0.0,True,0.01111490000039339,0.015625,,
1451,arpack_matvec,central_difference,1.0,0.0020373375775464136,0.12571105439864724,193700759.75393933,336.4446478061245,336.4486781712822,336.44469211612187,336.44872248127956,2,sparse_direct,not_applicable,3.097720492815727e-16,3.097720492815727e-16,0.005352699998184107,0.005630400002701208,0.0,0.015625,6.785362267904529e-05,6.785361818072673e-05,5.895042655158468,5.8950430459671015,3.9080863345475336e-07,1.5488602464078636e-16,3.872150616019659e-16,5.421010862427522e-16,True,0.011569300011615269,0.015625,,
1452,arpack_matvec,central_difference,1.0,0.0020373375775464136,0.13026724159207287,218151851.2673998,336.4446478061245,336.448679058089,336.4446912293151,336.44872248127956,2,sparse_direct,not_applicable,3.097720492815727e-16,3.872150616019659e-16,0.005422300004283898,0.005303900004946627,0.0,0.0,6.785362218687799e-05,6.785361901123539e-05,5.895042697917383,5.895042973813481,2.758960979676317e-07,1.5488602464078636e-16,1.5488602464078636e-16,0.0,True,0.011188600008608773,0.0,,
1453,arpack_matvec,central_difference,1.0,0.0020373375775464136,0.15881492656129478,177413584.08209273,336.4446478061245,336.44871035499614,336.44465993240794,336.44872248127956,2,sparse_direct,not_applicable,4.64658073922359e-16,3.872150616019659e-16,0.005125499999849126,0.005449600008432753,0.015625,0.0,6.785362161962755e-05,6.785361953836037e-05,5.895042747199433,5.895042928017481,1.8081804764591425e-07,7.744301232039318e-17,7.744301232039318e-17,1.5488602464078636e-16,True,0.011161300004459918,0.015625,,
1454,arpack_matvec,central_difference,1.0,0.0020373375775464136,0.10845226260555793,165562335.7366003,336.4446554259497,336.44872248127956,336.4446478061245,336.4487148614544,2,sparse_direct,not_applicable,3.872150616019659e-16,3.872150616019659e-16,0.005590200002188794,0.005000499993911944,0.015625,0.0,6.785362220223436e-05,6.785361949122668e-05,5.89504269658324,5.8950429321124,2.355291597311293e-07,7.744301232039318e-17,1.5488602464078636e-16,2.323290369611795e-16,True,0.011009100009687245,0.015625,,
1455,arpack_matvec,central_difference,1.0,0.0020373375775464136,0.11704757325686384,204006355.45445618,336.44464780612446,336.4486957353636,336.4446745520404,336.4487224812795,2,sparse_direct,not_applicable,5.421010862427522e-16,3.872150616019659e-16,0.00507669999205973,0.005798499987577088,0.0,0.015625,6.78536216358399e-05,6.7853619551172e-05,5.8950427457909225,5.89504292690442,1.8111349753269224e-07,7.744301232039318e-17,1.5488602464078636e-16,7.744301232039318e-17,True,0.011294000010821037,0.015625,,
1456,arpack_matvec,central_difference,1.0,0.0020373375775464136,0.14133942276811456,223144129.31129655,336.4446478061245,336.4487085257821,336.444661761622,336.44872248127956,2,sparse_direct,not_applicable,3.872150616019659e-16,4.64658073922359e-16,0.005038299990701489,0.005708999990019947,0.0,0.0,6.78536215827514e-05,6.785361980094028e-05,5.895042750403189,5.895042905204845,1.548016568264643e-07,3.097720492815727e-16,1.5488602464078636e-16,1.5488602464078636e-16,True,0.011168199998792261,0.0,,
1457,arpack_matvec,central_difference,1.0,0.0020373375775464136,0.1245333057765352,195257379.3617205,336.444691429396,336.44872248127956,336.4446478061245,336.44867885800807,2,sparse_direct,not_applicable,4.64658073922359e-16,4.64658073922359e-16,0.005483099987031892,0.005399000001489185,0.015625,0.0,6.785362158361062e-05,6.785361987324878e-05,5.895042750328541,5.895042898922768,1.4859422758917162e-07,3.097720492815727e-16,0.0,3.097720492815727e-16,True,0.011409200000343844,0.015625,,
1458,arpack_matvec,central_difference,1.0,0.0020373375775464136,0.14581536653821225,253593824.45374745,336.4447320517775,336.4487224812795,336.44464780612446,336.44863823562656,2,sparse_direct,not_applicable,3.872150616019659e-16,5.421010862427522e-16,0.006084100008592941,0.005143500005942769,0.0,0.015625,6.78536210183249e-05,6.78536200732667e-05,5.895042799439899,5.895042881545446,8.210554636178813e-08,7.744301232039318e-17,3.097720492815727e-16,2.323290369611795e-16,True,0.011654199988697655,0.015625,,
1459,arpack_matvec,central_difference,1.0,0.0020373375775464136,0.13805606149856645,214678595.9457823,336.444714562753,336.4487224812795,336.44464780612446,336.4486557246511,2,sparse_direct,not_applicable,4.64658073922359e-16,3.872150616019659e-16,0.004711799992946908,0.006070699993870221,0.0,0.0,6.785362119201493e-05,6.785362051571165e-05,5.895042784349914,5.8950428431063475,5.8756433496398586e-08,7.744301232039318e-17,7.744301232039318e-17,0.0,True,0.01115419999405276,0.0,,
1460,arpack_matvec,central_difference,1.0,0.0020373375775464136,0.14925193861467415,267727653.76697835,336.4447627988513,336.44872248127956,336.4446478061245,336.4486074885528,2,sparse_direct,not_applicable,3.872150616019659e-16,3.097720492815727e-16,0.004893100005574524,0.0046313999919220805,0.0,0.0,6.785362050925815e-05,6.785362048997577e-05,5.89504284366702,5.895042845342251,1.6752315090684533e-09,7.744301232039318e-17,7.744301232039318e-17,0.0,True,0.009905600003548898,0.015625,,
1461,arpack_matvec,central_difference,1.0,0.0020373375775464136,0.13044273101513684,269984645.2875182,336.4447911175113,336.44872248127956,336.4446478061245,336.4485791698928,2,sparse_direct,not_applicable,3.097720492815727e-16,3.872150616019659e-16,0.006201600001077168,0.004744000005302951,0.015625,0.0,6.785362025711312e-05,6.785362105410187e-05,5.895042865573084,5.895042796331639,6.924144546616162e-08,7.744301232039318e-17,7.744301232039318e-17,1.5488602464078636e-16,True,0.011365600003045984,0.015625,,
1462,arpack_matvec,central_difference,1.0,0.0020373375775464136,0.11741995050442035,238998410.28001902,336.44464780612446,336.44866100186744,336.44470928553665,336.4487224812795,2,sparse_direct,not_applicable,3.872150616019659e-16,3.872150616019659e-16,0.00471079999988433,0.007157100000767969,0.0,0.015625,6.785362022536144e-05,6.785362149767619e-05,5.895042868331633,5.895042757794424,1.1053720960774172e-07,7.744301232039318e-17,7.744301232039318e-17,1.5488602464078636e-16,True,0.012451300004613586,0.015625,,
1463,arpack_matvec,central_difference,1.0,0.0020373375775464136,0.13639150565748148,282305915.9957661,336.4447985162796,336.44872248127956,336.4446478061245,336.4485717711245,2,sparse_direct,not_applicable,4.64658073922359e-16,6.195440985631454e-16,0.0055142999917734414,0.005714099999750033,0.0,0.0,6.785362005567502e-05,6.785362122274728e-05,5.89504288307379,5.895042781679924,1.0139386663610139e-07,0.0,1.5488602464078636e-16,1.5488602464078636e-16,True,0.011776500003179535,0.0,,
1464,arpack_matvec,central_difference,1.0,0.0020373375775464136,0.1559251747816966,279199292.86895984,336.44474584700504,336.44872248127956,336.4446478061245,336.44862444039904,2,sparse_direct,not_applicable,5.421010862427522e-16,2.323290369611795e-16,0.0062319999997271225,0.00477369999862276,0.015625,0.0,6.785362005204347e-05,6.785362094142065e-05,5.895042883389295,5.89504280612125,7.726804529539777e-08,2.323290369611795e-16,7.744301232039318e-17,1.5488602464078636e-16,True,0.011543800006620586,0.015625,,
1465,arpack_matvec,central_difference,1.0,0.0020373375775464136,0.13430323916498088,206856524.07013223,336.4446746192549,336.4487224812795,336.44464780612446,336.44869566814907,2,sparse_direct,not_applicable,6.9698711088353855e-16,4.64658073922359e-16,0.0055641000071773306,0.004933700009132735,0.015625,0.0,6.785362020835593e-05,6.785362154751417e-05,5.895042869809052,5.895042753464558,1.1634449315067741e-07,1.5488602464078636e-16,3.097720492815727e-16,4.64658073922359e-16,True,0.010942699998850003,0.015625,,
1466,arpack_matvec,central_difference,1.0,0.0020373375775464136,0.15133092654793778,265981100.126844,336.4447344586893,336.4487224812795,336.44464780612446,336.44863582871477,2,sparse_direct,not_applicable,3.872150616019659e-16,4.64658073922359e-16,0.0046847999910824,0.005609499989077449,0.0,0.015625,6.785362009083053e-05,6.785362098787488e-05,5.8950428800195205,5.895042802085361,7.793415957024763e-08,2.323290369611795e-16,0.0,2.323290369611795e-16,True,0.010701199993491173,0.015625,,
1467,arpack_matvec,central_difference,1.0,0.0020373375775464136,0.1265206866372565,208076845.45483002,336.44468752205483,336.44872248127956,336.4446478061245,336.44868276534925,2,sparse_direct,not_applicable,3.872150616019659e-16,2.323290369611795e-16,0.005247099994448945,0.005243000006885268,0.0,0.0,6.785362026667034e-05,6.785362117027193e-05,5.895042864742764,5.89504278623892,7.850384342589223e-08,2.323290369611795e-16,1.5488602464078636e-16,3.872150616019659e-16,True,0.010911699995631352,0.0,,
1468,arpack_matvec,central_difference,1.0,0.0020373375775464136,0.13804297028441861,229868991.60216376,336.44467171667856,336.44872248127956,336.4446478061245,336.4486985707255,2,sparse_direct,not_applicable,3.872150616019659e-16,3.097720492815727e-16,0.005451999997603707,0.005752500001108274,0.015625,0.0,6.785362041374748e-05,6.785362099950414e-05,5.895042851964876,5.895042801075025,5.088985055579087e-08,7.744301232039318e-17,1.5488602464078636e-16,7.744301232039318e-17,True,0.011800899999798276,0.015625,,
1469,arpack_matvec,central_difference,1.0,0.0020373375775464136,0.13640306943330432,235746272.38424116,336.44464780612446,336.4487023196972,336.4446679677068,336.4487224812795,2,sparse_direct,not_applicable,5.421010862427522e-16,3.872150616019659e-16,0.005053500004578382,0.005478300008689985,0.0,0.015625,6.785362046534489e-05,6.785362064210158e-05,5.895042847482153,5.895042832125739,1.535641391825493e-08,2.323290369611795e-16,7.744301232039318e-17,1.5488602464078636e-16,True,0.01101649999327492,0.015625,,
1470,arpack_matvec,central_difference,1.0,0.0020373375775464136,0.1093407402172154,174469035.2633016,336.4446478061245,336.4487051922246,336.44466509517935,336.44872248127956,2,sparse_direct,not_applicable,6.195440985631454e-16,4.64658073922359e-16,0.00562710000667721,0.005479300001752563,0.0,0.015625,6.785362092030019e-05,6.785362076689716e-05,5.8950428079561705,5.8950428212836465,1.3327476011681938e-08,0.0,1.5488602464078636e-16,1.5488602464078636e-16,True,0.011571600000024773,0.015625,,
1471,arpack_matvec,central_difference,1.0,0.0020373375775464136,0.16154631424031085,184719085.42052498,336.4446478061245,336.44870313139666,336.4446671560074,336.44872248127956,2,sparse_direct,not_applicable,3.097720492815727e-16,3.872150616019659e-16,0.005118100001709536,0.004804500000318512,0.0,0.0,6.785362080223509e-05,6.78536203448321e-05,5.895042818213528,5.895042857952162,3.9738633716979166e-08,7.744301232039318e-17,1.5488602464078636e-16,7.744301232039318e-17,True,0.010321900001144968,0.0,,
1472,arpack_matvec,central_difference,1.0,0.0020373375775464136,0.13334859786318962,207107735.52397066,336.4446478061245,336.4486872711727,336.4446830162314,336.44872248127956,2,sparse_direct,not_applicable,6.195440985631454e-16,3.097720492815727e-16,0.005698799999663606,0.005515099997865036,0.015625,0.0,6.785362109530803e-05,6.78536200928582e-05,5.895042792751696,5.895042879843359,8.709166277043323e-08,3.097720492815727e-16,1.5488602464078636e-16,4.64658073922359e-16,True,0.011648100000456907,0.015625,,
1473,arpack_matvec,central_difference,1.0,0.0020373375775464136,0.12596052652376077,191692716.36622116,336.4446478061245,336.4486744691195,336.4446958182846,336.44872248127956,2,sparse_direct,not_applicable,3.097720492815727e-16,4.64658073922359e-16,0.006139299992355518,0.006886100003612228,0.0,0.015625,6.78536212683483e-05,6.785361959212185e-05,5.89504277771816,5.895042923346746,1.456285856349382e-07,3.097720492815727e-16,7.744301232039318e-17,2.323290369611795e-16,True,0.01380770000105258,0.015625,,
1474,arpack_matvec,central_difference,1.0,0.0020373375775464136,0.14248434852172762,265522548.80796966,336.44467618309295,336.44872248127956,336.4446478061245,336.448694104311,2,sparse_direct,not_applicable,3.872150616019659e-16,6.9698711088353855e-16,0.0052574000001186505,0.005242400002316572,0.0,0.0,6.785362167994156e-05,6.785361921893496e-05,5.895042741959422,5.895042955768786,2.1380936399140182e-07,2.323290369611795e-16,7.744301232039318e-17,1.5488602464078636e-16,True,0.010941100001218729,0.0,,
1475,arpack_matvec,central_difference,1.0,0.0020373375775464136,0.14724003054453724,258724222.61702257,336.4446793795761,336.4487224812795,336.44464780612446,336.4486909078279,2,sparse_direct,not_applicable,3.678543085218676e-16,3.097720492815727e-16,0.004957800003467128,0.00511969999934081,0.015625,0.0,6.785362141312922e-05,6.785361949364844e-05,5.895042765139764,5.895042931902,1.6676223602019036e-07,0.0,7.744301232039318e-17,7.744301232039318e-17,True,0.010498800009372644,0.015625,,
1476,arpack_matvec,central_difference,1.0,0.0020373375775464136,0.13632872579763974,254943364.59903008,336.4446765175044,336.44872248127956,336.4446478061245,336.4486937698996,2,sparse_direct,not_applicable,3.872150616019659e-16,6.195440985631454e-16,0.005532800001674332,0.0055158000031951815,0.015625,0.0,6.785362177600582e-05,6.785361912330169e-05,5.895042733613473,5.895042964077292,2.3046381869562538e-07,7.744301232039318e-17,0.0,7.744301232039318e-17,True,0.011583200001041405,0.015625,,
1477,arpack_matvec,central_difference,1.0,0.0020373375775464136,0.12323426968198659,191556782.71184295,336.4446478061245,336.4486730923153,336.4446971950888,336.44872248127956,2,sparse_direct,not_applicable,3.872150616019659e-16,4.64658073922359e-16,0.0055228999990504235,0.005195799996727146,0.0,0.015625,6.78536213820676e-05,6.78536194725528e-05,5.895042767838361,5.895042933734764,1.6589640328135147e-07,3.097720492815727e-16,0.0,3.097720492815727e-16,True,0.0111897000024328,0.015625,,
1478,arpack_matvec,central_difference,1.0,0.0020373375775464136,0.13262265080851893,209448534.80046216,336.4446478061245,336.4486603855748,336.4447099018292,336.44872248127956,2,sparse_direct,not_applicable,6.9698711088353855e-16,6.9698711088353855e-16,0.005212400006712414,0.006253400002606213,0.0,0.0,6.78536212440343e-05,6.785361994805179e-05,5.895042779830533,5.89504289242397,1.1259343768443841e-07,3.097720492815727e-16,7.744301232039318e-17,2.323290369611795e-16,True,0.011907399995834567,0.0,,
1479,arpack_matvec,central_difference,1.0,0.0020373375775464136,0.15849938470868777,176937683.0524746,336.4446478061245,336.44870654546844,336.44466374193564,336.44872248127956,2,sparse_direct,not_applicable,3.872150616019659e-16,4.64658073922359e-16,0.0055441000004066154,0.0052466000051936135,0.015625,0.0,6.785362100511925e-05,6.785362015096964e-05,5.89504280058719,5.895042874794705,7.420751479969567e-08,7.744301232039318e-17,7.744301232039318e-17,1.5488602464078636e-16,True,0.011268900008872151,0.015625,,
1480,arpack_matvec,central_difference,1.0,0.0020373375775464136,0.10870179223168397,163345867.0331994,336.44465970223416,336.44872248127956,336.4446478061245,336.4487105851699,2,sparse_direct,not_applicable,3.872150616019659e-16,3.872150616019659e-16,0.004731599998194724,0.00497969999560155,0.0,0.015625,6.785362137706382e-05,6.78536202902818e-05,5.895042768273084,5.895042862691429,9.441834425416573e-08,3.097720492815727e-16,0.0,3.097720492815727e-16,True,0.010117300000274554,0.015625,,
1481,arpack_matvec,central_difference,1.0,0.0020373375775464136,0.11451320909169167,226146477.73361096,336.4446779975635,336.4487224812795,336.44464780612446,336.4486922898405,2,sparse_direct,not_applicable,5.421010862427522e-16,4.64658073922359e-16,0.006207999991602264,0.005195699995965697,0.0,0.015625,6.78536210318332e-05,6.785362018066338e-05,5.8950427982663145,5.895042872214948,7.3948633882992e-08,2.323290369611795e-16,1.5488602464078636e-16,3.872150616019659e-16,True,0.011852499999804422,0.015625,,
1482,arpack_matvec,central_difference,1.0,0.0020373375775464136,0.14295828724487422,226819647.41221625,336.4446478061245,336.448716581661,336.44465370574306,336.44872248127956,2,sparse_direct,not_applicable,5.421010862427522e-16,3.097720492815727e-16,0.005285499995807186,0.005650799997965805,0.0,0.0,6.785362102731303e-05,6.785362034548475e-05,5.895042798659021,5.895042857895461,5.92364397533629e-08,3.097720492815727e-16,2.323290369611795e-16,7.744301232039318e-17,True,0.011463499991805293,0.0,,
1483,arpack_matvec,central_difference,1.0,0.0020373375775464136,0.12431976222093044,202594110.65552303,336.4446963281487,336.44872248127956,336.4446478061245,336.44867395925536,2,sparse_direct,not_applicable,7.744301232039318e-16,3.872150616019659e-16,0.004746599995996803,0.005060700001195073,0.015625,0.0,6.785362104451677e-05,6.785362039990396e-05,5.89504279716438,5.895042853167584,5.6003203852128536e-08,1.5488602464078636e-16,4.64658073922359e-16,3.097720492815727e-16,True,0.010219699994195253,0.015625,,
1484,arpack_matvec,central_difference,1.0,0.0020373375775464136,0.1426944860180404,248653970.4449657,336.4447424352391,336.4487224812795,336.44464780612446,336.448627852165,2,sparse_direct,not_applicable,3.0009167274152353e-16,5.421010862427522e-16,0.005537599994568154,0.005392399994889274,0.0,0.015625,6.785362072453048e-05,6.78536203769165e-05,5.895042824964413,5.895042855164708,3.0200294709459286e-08,7.744301232039318e-17,7.744301232039318e-17,0.0,True,0.011343999998643994,0.015625,,
1485,arpack_matvec,central_difference,1.0,0.0020373375775464136,0.1401372253770059,219083509.5636088,336.444715399697,336.4487224812795,336.44464780612446,336.4486548877071,2,sparse_direct,not_applicable,3.097720492815727e-16,3.097720492815727e-16,0.005626600002869964,0.005434100006823428,0.0,0.0,6.785362095100106e-05,6.785362074059319e-05,5.895042805288916,5.895042823568904,1.8279988189817686e-08,0.0,1.5488602464078636e-16,1.5488602464078636e-16,True,0.01153060000797268,0.0,,
1486,arpack_matvec,central_difference,1.0,0.0020373375775464136,0.14954796855764255,269562131.0171311,336.44477171590916,336.44872248127956,336.4446478061245,336.4485985714949,2,sparse_direct,not_applicable,3.872150616019659e-16,3.097720492815727e-16,0.004936299999826588,0.00674720000824891,0.015625,0.0,6.785362048030996e-05,6.785362051294748e-05,5.8950428461820055,5.895042843346496,2.83550960489265e-09,7.744301232039318e-17,1.5488602464078636e-16,7.744301232039318e-17,True,0.012094100005924702,0.015625,,
1487,arpack_matvec,central_difference,1.0,0.0020373375775464136,0.12812725776929854,264355533.36537135,336.4447828912424,336.44872248127956,336.4446478061245,336.44858739616166,2,sparse_direct,not_applicable,3.872150616019659e-16,3.872150616019659e-16,0.005213299999013543,0.004980999990948476,0.015625,0.0,6.785362046960918e-05,6.785362084392758e-05,5.895042847111676,5.895042814591333,3.252034286305161e-08,0.0,1.5488602464078636e-16,1.5488602464078636e-16,True,0.010596299995086156,0.015625,,
1488,arpack_matvec,central_difference,1.0,0.0020373375775464136,0.12414379319384329,232141173.9176568,336.44464780612446,336.4486537732438,336.4447165141603,336.4487224812795,2,sparse_direct,not_applicable,4.64658073922359e-16,4.64658073922359e-16,0.006702900005620904,0.005359999995562248,0.0,0.015625,6.785362055866485e-05,6.785362109426035e-05,5.895042839374624,5.895042792842717,4.653190721626288e-08,0.0,7.744301232039318e-17,7.744301232039318e-17,True,0.012476899995817803,0.015625,,
1489,arpack_matvec,central_difference,1.0,0.0020373375775464136,0.13593889004324528,280927734.3139622,336.44482279103545,336.44872248127956,336.4446478061245,336.44854749636863,2,sparse_direct,not_applicable,5.421010862427522e-16,3.097720492815727e-16,0.006192999993800186,0.0054530000052182,0.0,0.0,6.785362037750263e-05,6.785362089280577e-05,5.895042855113785,5.895042810344854,4.476893167293383e-08,1.5488602464078636e-16,7.744301232039318e-17,7.744301232039318e-17,True,0.01260690001072362,0.0,,
1490,arpack_matvec,central_difference,1.0,0.0020373375775464136,0.15831177361007856,284989558.36016434,336.44475504950026,336.44872248127956,336.4446478061245,336.4486152379038,2,sparse_direct,not_applicable,3.872150616019659e-16,6.195440985631454e-16,0.0051297000027261674,0.005634000001009554,0.015625,0.0,6.785362030079093e-05,6.785362068631982e-05,5.895042861778408,5.895042828284111,3.3494297113634275e-08,3.097720492815727e-16,7.744301232039318e-17,3.872150616019659e-16,True,0.011213699996005744,0.015625,,
1491,arpack_matvec,central_difference,1.0,0.0020373375775464136,0.13553958380474052,209497590.64441818,336.4446684078762,336.4487224812795,336.44464780612446,336.4487018795278,2,sparse_direct,not_applicable,3.097720492815727e-16,4.64658073922359e-16,0.005000300006940961,0.004629699993529357,0.015625,0.0,6.785362058228322e-05,6.785362116894712e-05,5.895042837322688,5.8950427863540185,5.09686692851119e-08,0.0,7.744301232039318e-17,7.744301232039318e-17,True,0.010032199992565438,0.015625,,
1492,arpack_matvec,central_difference,1.0,0.0020373375775464136,0.15144804866781547,267193167.43587554,336.4447396870193,336.4487224812795,336.44464780612446,336.4486306003848,2,sparse_direct,not_applicable,3.7753468506191674e-16,4.64658073922359e-16,0.005208199989283457,0.004772900007083081,0.0,0.015625,6.785362034219728e-05,6.78536207351602e-05,5.895042858181073,5.895042824040916,3.4140157367801294e-08,1.5488602464078636e-16,0.0,1.5488602464078636e-16,True,0.01043559999379795,0.015625,,
1493,arpack_matvec,central_difference,1.0,0.0020373375775464136,0.12514330448295263,210843370.35472542,336.4446928421906,336.44872248127956,336.4446478061245,336.4486774452135,2,sparse_direct,not_applicable,2.5168979004127783e-16,3.097720492815727e-16,0.0046975000004749745,0.005592899993644096,0.0,0.0,6.785362051944446e-05,6.78536209154089e-05,5.895042842782045,5.895042808381121,3.440092388728999e-08,7.744301232039318e-17,2.323290369611795e-16,3.097720492815727e-16,True,0.010679799990612082,0.0,,
1494,arpack_matvec,central_difference,1.0,0.0020373375775464136,0.13821186477517466,236796557.44806966,336.444670409009,336.44872248127956,336.4446478061245,336.4486998783951,2,sparse_direct,not_applicable,3.097720492815727e-16,6.195440985631454e-16,0.005650399994920008,0.005197599995881319,0.015625,0.0,6.785362058136325e-05,6.785362083331954e-05,5.895042837402614,5.895042815512947,2.1889666967922494e-08,1.5488602464078636e-16,2.323290369611795e-16,7.744301232039318e-17,True,0.011357900002622046,0.015625,,
1495,arpack_matvec,central_difference,1.0,0.0020373375775464136,0.125104503463252,235141589.28844953,336.4446486569615,336.44872248127956,336.4446478061245,336.4487216304425,2,sparse_direct,not_applicable,3.872150616019659e-16,3.872150616019659e-16,0.0058939000009559095,0.005690099991625175,0.0,0.015625,6.785362054060472e-05,6.785362061551575e-05,5.895042840943668,5.895042834435484,6.508183325593109e-09,0.0,2.323290369611795e-16,2.323290369611795e-16,True,0.012796099996194243,0.015625,,
1496,arpack_matvec,central_difference,1.0,0.0020373375775464136,0.10875211493234138,177725749.43156928,336.4446478061245,336.4487039071963,336.44466638020765,336.44872248127956,2,sparse_direct,not_applicable,3.097720492815727e-16,3.4849355544176928e-16,0.00560639999457635,0.006913999997777864,0.0,0.015625,6.7853620878282e-05,6.785362079525785e-05,5.895042811606662,5.895042818819702,7.213039943110289e-09,7.744301232039318e-17,2.323290369611795e-16,1.5488602464078636e-16,True,0.013143400006811135,0.015625,,
1497,arpack_matvec,central_difference,1.0,0.0020373375775464136,0.1561976030357334,174708299.25375903,336.4446478061245,336.4486985101984,336.44467177720566,336.44872248127956,2,sparse_direct,not_applicable,4.64658073922359e-16,3.872150616019659e-16,0.0056330000079469755,0.005198200000450015,0.0,0.0,6.785362069076692e-05,6.785362047049691e-05,5.895042827897751,5.895042847034551,1.9136799700447682e-08,1.5488602464078636e-16,2.323290369611795e-16,3.872150616019659e-16,True,0.011336100011249073,0.0,,
1498,arpack_matvec,central_difference,1.0,0.0020373375775464136,0.1337608061881164,204225525.17176226,336.4446478061245,336.4486585010836,336.44471178632034,336.44872248127956,2,sparse_direct,not_applicable,5.421010862427522e-16,3.097720492815727e-16,0.005386799995903857,0.005027700011851266,0.015625,0.0,6.785362082684023e-05,6.785362036553515e-05,5.895042816075862,5.8950428561535055,4.0077643426172926e-08,3.872150616019659e-16,2.323290369611795e-16,6.195440985631454e-16,True,0.010881000009248964,0.015625,,
1499,arpack_matvec,central_difference,1.0,0.0020373375775464136,0.12353589287721121,190741923.72112322,336.4446478061245,336.44866982078145,336.44470046662263,336.44872248127956,2,sparse_direct,not_applicable,4.64658073922359e-16,6.195440985631454e-16,0.005223999993177131,0.005212499992921948,0.0,0.015625,6.785362081875249e-05,6.785362003680088e-05,5.895042816778516,5.895042884713553,6.7935037151301e-08,7.744301232039318e-17,7.744301232039318e-17,1.5488602464078636e-16,True,0.010889899989706464,0.015625,,
1500,arpack_matvec,central_difference,1.0,0.0020373375775464136,0.14395783553503877,269102610.98375094,336.4446937436053,336.44872248127956,336.4446478061245,336.4486765437987,2,sparse_direct,not_applicable,4.64658073922359e-16,4.64658073922359e-16,0.005161699999007396,0.005138399996212684,0.0,0.015625,6.785362099561821e-05,6.785361989713407e-05,5.89504280141263,5.895042896847642,9.54350118931302e-08,2.323290369611795e-16,1.5488602464078636e-16,3.872150616019659e-16,True,0.010803600001963787,0.015625,,
1501,arpack_matvec,central_difference,1.0,0.0020373375775464136,0.14817610535059036,262948620.49702004,336.44468844604626,336.4487224812795,336.44464780612446,336.4486818413577,2,sparse_direct,not_applicable,5.421010862427522e-16,3.872150616019659e-16,0.005040000003646128,0.005597199997282587,0.0,0.0,6.78536208948185e-05,6.785362001982879e-05,5.895042810169991,5.895042886188069,7.601807805457383e-08,1.5488602464078636e-16,7.744301232039318e-17,2.323290369611795e-16,True,0.011026500011212192,0.0,,
1502,arpack_matvec,central_difference,1.0,0.0020373375775464136,0.14042813478522037,263237981.38047743,336.44469374705614,336.44872248127956,336.4446478061245,336.44867654034783,2,sparse_direct,not_applicable,3.097720492815727e-16,5.421010862427522e-16,0.005159499996807426,0.00620350000099279,0.015625,0.0,6.78536210250046e-05,6.785361986773452e-05,5.895042798859575,5.89504289940184,1.0054226518008136e-07,0.0,7.744301232039318e-17,7.744301232039318e-17,True,0.011815000005299225,0.015625,,
1503,arpack_matvec,central_difference,1.0,0.0020373375775464136,0.11903858925879968,184830781.54520002,336.4446478061245,336.44866771895454,336.44470256844954,336.44872248127956,2,sparse_direct,not_applicable,4.64658073922359e-16,3.097720492815727e-16,0.004870500008109957,0.004617300000973046,0.0,0.015625,6.785362087023079e-05,6.785361997750651e-05,5.895042812306142,5.895042889864978,7.755883668636443e-08,7.744301232039318e-17,0.0,7.744301232039318e-17,True,0.00990079999610316,0.015625,,
1504,arpack_matvec,central_difference,1.0,0.0020373375775464136,0.13271530302534865,203229675.99338433,336.4446478061245,336.44865999635545,336.4447102910485,336.44872248127956,2,sparse_direct,not_applicable,3.872150616019659e-16,3.3881317890172014e-16,0.006039300002157688,0.004767899998114444,0.0,0.0,6.785362088966869e-05,6.785362030862848e-05,5.8950428106174,5.89504286109749,5.048009033004064e-08,2.323290369611795e-16,3.097720492815727e-16,5.421010862427522e-16,True,0.011237099999561906,0.0,,
1505,arpack_matvec,central_difference,1.0,0.0020373375775464136,0.1546380713724072,169993202.06282473,336.4446478061245,336.4487014780956,336.4446688093085,336.44872248127956,2,sparse_direct,not_applicable,3.7753468506191674e-16,3.872150616019659e-16,0.004571099998429418,0.005674900006852113,0.015625,0.0,6.7853620773865e-05,6.785362039202306e-05,5.895042820678288,5.895042853852267,3.3173979119283104e-08,0.0,0.0,0.0,True,0.010625599999912083,0.015625,,
1506,arpack_matvec,central_difference,1.0,0.0020373375775464136,0.1066091048975421,176348611.88695735,336.4446478061245,336.4487139058292,336.4446563815749,336.44872248127956,2,sparse_direct,not_applicable,3.872150616019659e-16,3.097720492815727e-16,0.005747000002884306,0.0051844999979948625,0.0,0.015625,6.785362106930903e-05,6.785362060662999e-05,5.895042795010458,5.8950428352074695,4.0197011941245364e-08,7.744301232039318e-17,0.0,7.744301232039318e-17,True,0.01138619999983348,0.015625,,
1507,arpack_matvec,central_difference,1.0,0.0020373375775464136,0.11289206163356287,245043124.6994165,336.44467487672716,336.44872248127956,336.4446478061245,336.4486954106769,2,sparse_direct,not_applicable,3.097720492815727e-16,3.872150616019659e-16,0.006108800007496029,0.00470179998956155,0.0,0.0,6.785362079123324e-05,6.785362044255401e-05,5.895042819169356,5.895042849462198,3.029284201261362e-08,1.5488602464078636e-16,2.323290369611795e-16,7.744301232039318e-17,True,0.01120029999583494,0.0,,
1508,arpack_matvec,central_difference,1.0,0.0020373375775464136,0.1448625291166582,229361360.71480513,336.444655758574,336.44872248127956,336.4446478061245,336.44871452883007,2,sparse_direct,not_applicable,4.64658073922359e-16,3.872150616019659e-16,0.0045929000043543056,0.005127700002049096,0.015625,0.0,6.785362080815235e-05,6.785362055626451e-05,5.895042817699443,5.895042839583163,2.1883719725224182e-08,1.5488602464078636e-16,7.744301232039318e-17,2.323290369611795e-16,True,0.010222800003248267,0.015625,,
1509,arpack_matvec,central_difference,1.0,0.0020373375775464136,0.12620139429665675,198298008.09532565,336.4446998038664,336.44872248127956,336.4446478061245,336.4486704835377,2,sparse_direct,not_applicable,3.872150616019659e-16,3.097720492815727e-16,0.004613099998096004,0.004568600008497015,0.0,0.015625,6.785362081644209e-05,6.78536205982343e-05,5.89504281697924,5.895042835936876,1.8957636349625773e-08,7.744301232039318e-17,7.744301232039318e-17,0.0,True,0.009541799998260103,0.015625,,
1510,arpack_matvec,central_difference,1.0,0.0020373375775464136,0.1366031694512278,238538948.65079215,336.4447549375914,336.4487224812795,336.44464780612446,336.44861534981266,2,sparse_direct,not_applicable,3.097720492815727e-16,4.64658073922359e-16,0.005326099999365397,0.005109799996716902,0.0,0.015625,6.785362061123905e-05,6.785362050823045e-05,5.89504283480704,5.895042843756306,8.949266216973228e-09,1.5488602464078636e-16,0.0,1.5488602464078636e-16,True,0.010838199988938868,0.015625,,
1511,arpack_matvec,central_difference,1.0,0.0020373375775464136,0.1410788038813767,221166084.60297096,336.4447183884275,336.4487224812795,336.44464780612446,336.4486518989766,2,sparse_direct,not_applicable,4.64658073922359e-16,5.421010862427522e-16,0.0045559000136563554,0.005590999993728474,0.0,0.0,6.78536208571034e-05,6.785362083179132e-05,5.895042813446634,5.895042815645717,2.1990835818996857e-09,7.744301232039318e-17,3.097720492815727e-16,3.872150616019659e-16,True,0.010540000002947636,0.0,,
1512,arpack_matvec,central_difference,1.0,0.0020373375775464136,0.15526222804343345,281418064.97677994,336.44477161095944,336.44872248127956,336.4446478061245,336.44859867644465,2,sparse_direct,not_applicable,6.195440985631454e-16,3.097720492815727e-16,0.005089999991469085,0.005270599998766556,0.015625,0.0,6.785362046422443e-05,6.785362051944848e-05,5.8950428475794965,5.895042842781697,4.797799491029764e-09,0.0,1.5488602464078636e-16,1.5488602464078636e-16,True,0.010881900001550093,0.015625,,
1513,arpack_matvec,central_difference,1.0,0.0020373375775464136,0.13068151021479316,269573478.44073236,336.44479553202285,336.44872248127956,336.4446478061245,336.4485747553811,2,sparse_direct,not_applicable,6.195440985631454e-16,3.4849355544176928e-16,0.005396299995481968,0.006071999989217147,0.0,0.015625,6.785362054061408e-05,6.785362074604971e-05,5.895042840942854,5.8950428230948475,1.7848006628184976e-08,1.5488602464078636e-16,7.744301232039318e-17,7.744301232039318e-17,True,0.01196920000074897,0.015625,,
1514,ritz_0_real,central_difference,1.0,0.0020373375775464136,0.045029700986300054,438701.5282601591,336.4446478061244,336.44872248125296,336.44464780615067,336.44872248127945,2,sparse_direct,not_applicable,3.872150616019659e-16,6.9698711088353855e-16,0.0054825999977765605,0.005849799999850802,0.015625,0.0,6.78536308065795e-05,6.785363080661146e-05,5.8950419490479735,5.895041949045197,2.7764457399825915e-12,1.5488602464078636e-16,3.097720492815727e-16,1.5488602464078636e-16,True,0.012140299993916415,0.015625,,
1515,ritz_1_real,central_difference,1.0,0.0020373375775464136,0.04778339859313091,387737.17232654605,336.4446478061261,336.44872248127973,336.4446478061247,336.4487224812774,2,sparse_direct,not_applicable,4.64658073922359e-16,3.29132802361671e-16,0.006635799989453517,0.006095700009609573,0.015625,0.0,6.785362959939916e-05,6.785362959939468e-05,5.895042053926353,5.895042053926743,3.89910326248355e-13,1.5488602464078636e-16,2.323290369611795e-16,3.872150616019659e-16,True,0.013262099993880838,0.015625,,
1516,ritz_2_real,central_difference,1.0,0.0020373375775464136,0.04597285720696002,418460.7014802012,336.4446478061244,336.4487224811808,336.444647806223,336.44872248127945,2,sparse_direct,not_applicable,3.097720492815727e-16,3.872150616019659e-16,0.005789299990283325,0.005963999996311031,0.0,0.015625,6.7853630376207e-05,6.785363037622049e-05,5.895041986438219,5.895041986437048,1.1715073355844652e-12,0.0,7.744301232039318e-17,7.744301232039318e-17,True,0.012560200004372746,0.015625,,
1517,ritz_3_real,central_difference,1.0,0.0020373375775464136,0.052772248119152584,296724.2794315495,336.4446478061242,336.4487224812794,336.4446478061248,336.4487224812792,2,sparse_direct,not_applicable,3.872150616019659e-16,4.3561694430221163e-16,0.005622500000754371,0.00541230000089854,0.0,0.0,6.785362771303501e-05,6.785362771303364e-05,5.895042217811415,5.895042217811534,1.1901590823981678e-13,1.5488602464078636e-16,2.323290369611795e-16,7.744301232039318e-17,True,0.01155789999756962,0.0,,
1518,ritz_4_real,central_difference,1.0,0.0020373375775464136,0.05029825117952456,347082.700473087,336.44466387113005,336.4487224812797,336.44464780612464,336.4487064162737,2,sparse_direct,not_applicable,3.097720492815727e-16,5.421010862427522e-16,0.005520899998373352,0.005329499996150844,0.0,0.0,6.78536286166927e-05,6.785362861672293e-05,5.895042139302714,5.895042139300088,2.6263435870532703e-12,0.0,0.0,0.0,True,0.011489399999845773,0.0,,
1519,ritz_5_real,central_difference,1.0,0.0020373375775464136,0.05679721877551266,252742.12775421995,336.4446478061678,336.4487224812796,336.4446478061246,336.44872248123573,2,sparse_direct,not_applicable,4.64658073922359e-16,3.097720492815727e-16,0.0053057000041007996,0.005456400002003647,0.015625,0.0,6.785362652289172e-05,6.785362652289925e-05,5.8950423212096466,5.895042321208992,6.545874953189923e-13,0.0,1.5488602464078636e-16,1.5488602464078636e-16,True,0.011221499997191131,0.015625,,
1520,ritz_6_real,central_difference,1.0,0.0020373375775464136,0.06029923968506749,211261.0736073987,336.4446478061248,336.4487224812793,336.44464780612446,336.4487224812799,2,sparse_direct,not_applicable,6.195440985631454e-16,3.872150616019659e-16,0.005142699999851175,0.005266399995889515,0.0,0.015625,6.785362563669795e-05,6.78536256366978e-05,5.895042398201107,5.89504239820112,1.3322676295501878e-14,7.744301232039318e-17,3.872150616019659e-16,4.64658073922359e-16,True,0.010806599995703436,0.015625,,
1521,ritz_7_real,central_difference,1.0,0.0020373375775464136,0.06335308379735842,178787.80691524723,336.44464780612464,336.4487064162241,336.44466387117996,336.4487224812797,2,sparse_direct,not_applicable,6.195440985631454e-16,5.421010862427522e-16,0.005468699993798509,0.005279399993014522,0.0,0.0,6.785362498115543e-05,6.785362498115331e-05,5.895042455153864,5.895042455154047,1.829647544582258e-13,7.744301232039318e-17,7.744301232039318e-17,1.5488602464078636e-16,True,0.01116619999811519,0.0,,
1522,ritz_8_real,central_difference,1.0,0.0020373375775464136,0.06580782236397763,156082.8831349366,336.44464780612446,336.44872248124386,336.44464780615976,336.4487224812795,2,sparse_direct,not_applicable,3.872150616019659e-16,5.421010862427522e-16,0.005064299999503419,0.00557680000201799,0.015625,0.0,6.785362453293652e-05,6.785362453294175e-05,5.895042494094591,5.895042494094136,4.547473508864641e-13,3.872150616019659e-16,7.744301232039318e-17,3.097720492815727e-16,True,0.012066499999491498,0.015625,,
1523,ritz_9_real,central_difference,1.0,0.0020373375775464136,0.06449287698582445,134558.59544496235,336.4446478061243,336.448722481215,336.44464780618864,336.44872248127933,2,sparse_direct,not_applicable,3.097720492815727e-16,3.872150616019659e-16,0.004904700006591156,0.005959899994195439,0.0,0.015625,6.785362462685091e-05,6.785362462684533e-05,5.89504248593542,5.895042485935905,4.849454171562684e-13,7.744301232039318e-17,3.872150616019659e-16,3.097720492815727e-16,True,0.011269399998127483,0.015625,,
