call_index,call_role,perturbation_method,step_multiplier,step_size_K,input_inf_norm,output_inf_norm_per_s,plus_temperature_min_K,plus_temperature_max_K,minus_temperature_min_K,minus_temperature_max_K,unit_bias_electrical_solve_count,electrical_solver_type,electrical_iterations,plus_electrical_residual,minus_electrical_residual,plus_electrical_wall_s,minus_electrical_wall_s,plus_electrical_cpu_s,minus_electrical_cpu_s,plus_G_hat_S,minus_G_hat_S,plus_Vd_V,minus_Vd_V,delta_Vd_V,plus_normalized_current_error,minus_normalized_current_error,normalized_delta_I_cond,finite,operator_wall_s,operator_cpu_s,exception_type,exception_message
1,parent_h_probe,central_difference,1.0,0.001992175341751609,0.07481376943385959,844291.6595548934,328.7005533302211,328.9901728011917,328.69698838487267,328.9870272611784,2,sparse_direct,not_applicable,2.710505431213761e-16,1.2584489502063891e-16,0.007528900008765049,0.002373399998759851,0.0,0.0,4.300733473706212e-05,4.296786791085158e-05,4.278999210260434,4.282929554640955,0.003930344380520978,1.5488602464078636e-16,1.1616451848058975e-16,3.872150616019659e-17,True,0.010660400002961978,0.0,,
2,parent_h_half_probe,central_difference,0.5,0.0009960876708758044,0.07481376943385959,844291.6711938836,328.69967374403217,328.9893747660402,328.697891271358,328.98780199603357,2,sparse_direct,not_applicable,1.9360753080098294e-16,1.4036545983071262e-16,0.002307099988684058,0.0031336999963968992,0.015625,0.0,4.299746184672537e-05,4.297772843546306e-05,4.279981735464004,4.281946907725445,0.001965172261440884,3.872150616019659e-17,7.744301232039318e-17,1.1616451848058975e-16,True,0.005806899993331172,0.015625,,
3,arpack_matvec,central_difference,1.0,0.001992175341751609,0.07481376943385959,844291.6595548934,328.7005533302211,328.9901728011917,328.69698838487267,328.9870272611784,2,sparse_direct,not_applicable,2.710505431213761e-16,1.2584489502063891e-16,0.0030550999945262447,0.00355660000059288,0.0,0.0,4.300733473706212e-05,4.296786791085158e-05,4.278999210260434,4.282929554640955,0.003930344380520978,1.5488602464078636e-16,1.1616451848058975e-16,3.872150616019659e-17,True,0.007053300010738894,0.0,,
4,arpack_matvec,central_difference,1.0,0.001992175341751609,0.11703279140482925,28158859.81600172,328.6990549429198,328.98831193822775,328.69853004182306,328.98884578855603,2,sparse_direct,not_applicable,2.1780847215110582e-16,1.5488602464078636e-16,0.0024547999928472564,0.0018819000106304884,0.0,0.0,4.2987556111941246e-05,4.298762952904107e-05,4.280967982829218,4.280960671510655,7.311318563019142e-06,0.0,0.0,0.0,True,0.004626099995221011,0.0,,
5,arpack_matvec,central_difference,1.0,0.001992175341751609,0.13692521583858944,5622007.3413811615,328.70015941716673,328.9870891651857,328.6974126709372,328.99008822406427,2,sparse_direct,not_applicable,2.710505431213761e-16,2.323290369611795e-16,0.00241279999318067,0.002922300001955591,0.015625,0.0,4.298680495619499e-05,4.298838550356219e-05,4.2810427888936164,4.280885388450925,0.00015740044269119124,3.872150616019659e-17,3.872150616019659e-17,7.744301232039318e-17,True,0.005752199998823926,0.015625,,
6,arpack_matvec,central_difference,1.0,0.001992175341751609,0.19981400614080402,14253614.603801643,328.6990062768835,328.9882764522181,328.6985728347201,328.98889200636273,2,sparse_direct,not_applicable,4.64658073922359e-16,1.5488602464078636e-16,0.0028289000038057566,0.0029678999999305233,0.0,0.0,4.298728300111961e-05,4.298790341712076e-05,4.280995181074875,4.280933396300553,6.1784774321616e-05,7.744301232039318e-17,3.872150616019659e-17,3.872150616019659e-17,True,0.006250200007343665,0.0,,
7,arpack_matvec,central_difference,1.0,0.001992175341751609,0.37686017813243444,60956057.07615438,328.6988106077481,328.98853201001907,328.69876874346505,328.98864073023833,2,sparse_direct,not_applicable,1.9360753080098294e-16,1.5488602464078636e-16,0.0022225000138860196,0.002656799988471903,0.0,0.015625,4.2987528506526886e-05,4.2987657859287485e-05,4.280970731949699,4.2809578502201555,1.2881729543501308e-05,3.872150616019659e-17,1.1616451848058975e-16,7.744301232039318e-17,True,0.005153500009328127,0.015625,,
8,arpack_matvec,central_difference,1.0,0.001992175341751609,0.3788400105677291,78905901.74204321,328.69877792139823,328.9885601161484,328.6987962486229,328.9886198271769,2,sparse_direct,not_applicable,1.1616451848058975e-16,2.323290369611795e-16,0.0025120000063907355,0.0024127000069711357,0.0,0.0,4.2987544248182356e-05,4.2987641982138694e-05,4.280969164296382,4.2809594313584,9.73293798178787e-06,3.872150616019659e-17,3.872150616019659e-17,0.0,True,0.005239799997070804,0.0,,
9,arpack_matvec,central_difference,1.0,0.001992175341751609,0.35179515165124425,79190071.42998043,328.69869509616547,328.98859444969526,328.6988631245228,328.9886197512605,2,sparse_direct,not_applicable,1.9360753080098294e-16,1.5488602464078636e-16,0.002602099993964657,0.003914100001566112,0.0,0.0,4.298751470036283e-05,4.2987671629327566e-05,4.280972106855521,4.280956478920922,1.5627934598860804e-05,7.744301232039318e-17,3.872150616019659e-17,3.872150616019659e-17,True,0.006900300009874627,0.0,,
10,arpack_matvec,central_difference,1.0,0.001992175341751609,0.3735313718610005,92903328.11874463,328.69867604367687,328.9886031041532,328.69888946578385,328.9886072452878,2,sparse_direct,not_applicable,2.323290369611795e-16,1.5488602464078636e-16,0.0036074999952688813,0.004827499986276962,0.015625,0.0,4.298751416203186e-05,4.298767211834321e-05,4.280972160465969,4.280956430221968,1.573024400070011e-05,0.0,3.872150616019659e-17,3.872150616019659e-17,True,0.008818099988275208,0.015625,,
11,arpack_matvec,central_difference,1.0,0.001992175341751609,0.34015402738973444,55722471.55281862,328.6984537129116,328.98863456252485,328.6989662320646,328.9885777073188,2,sparse_direct,not_applicable,1.5488602464078636e-16,1.1858461261560205e-16,0.006543100011185743,0.0024504000029992312,0.0,0.015625,4.298746534958415e-05,4.2987721065315875e-05,4.280977021527862,4.280951555810108,2.5465717754080686e-05,1.1616451848058975e-16,0.0,1.1616451848058975e-16,True,0.009541199993691407,0.015625,,
12,arpack_matvec,central_difference,1.0,0.001992175341751609,0.2799760075411693,85979932.0263881,328.6985586602957,328.98861189304915,328.698981651863,328.9885444233178,2,sparse_direct,not_applicable,1.9360753080098294e-16,1.621463070458232e-16,0.00323059999209363,0.002980700010084547,0.0,0.0,4.29875064260894e-05,4.298767978648317e-05,4.280972930860836,4.280955666585195,1.726427564108235e-05,0.0,3.872150616019659e-17,3.872150616019659e-17,True,0.006563299990375526,0.0,,
13,arpack_matvec,central_difference,1.0,0.001992175341751609,0.3274085304195041,58469478.58270281,328.69842425346684,328.98866898630735,328.6990256479213,328.98855934275696,2,sparse_direct,not_applicable,1.5488602464078636e-16,1.1616451848058975e-16,0.0028512999997474253,0.005426899995654821,0.0,0.015625,4.298750974356129e-05,4.298767674208878e-05,4.28097260048563,4.280955969763184,1.663072244628694e-05,3.872150616019659e-17,7.744301232039318e-17,3.872150616019659e-17,True,0.008772999994107522,0.015625,,
14,arpack_matvec,central_difference,1.0,0.001992175341751609,0.2383630204139913,84760033.45100181,328.69835010641043,328.98870156227724,328.6990330411463,328.9885945870342,2,sparse_direct,not_applicable,2.323290369611795e-16,1.5488602464078636e-16,0.0028615999908652157,0.003073900006711483,0.0,0.0,4.298753794660219e-05,4.298764836777095e-05,4.280969791847334,4.280958795440092,1.0996407242558348e-05,1.1616451848058975e-16,3.872150616019659e-17,1.5488602464078636e-16,True,0.006337099999655038,0.0,,
15,arpack_matvec,central_difference,1.0,0.001992175341751609,0.3148135623927501,59675912.92489474,328.69816683940246,328.98875109697104,328.6991212998918,328.98862398597527,2,sparse_direct,not_applicable,1.2826498915565119e-16,1.5488602464078636e-16,0.002878900006180629,0.0026196999970125034,0.0,0.0,4.2987545191416156e-05,4.298764142496668e-05,4.280969070363248,4.28095948684483,9.583518417954906e-06,3.872150616019659e-17,3.872150616019659e-17,7.744301232039318e-17,True,0.005890299988095649,0.0,,
16,arpack_matvec,central_difference,1.0,0.001992175341751609,0.2577592158134605,75290508.95734954,328.69816179430677,328.9887105451878,328.69917202790197,328.98862927638953,2,sparse_direct,not_applicable,2.323290369611795e-16,2.710505431213761e-16,0.003501200000755489,0.0022224999993341044,0.0,0.0,4.298757070075648e-05,4.298761574548039e-05,4.280966529984828,4.280962044159037,4.485825790823128e-06,3.872150616019659e-17,7.744301232039318e-17,1.1616451848058975e-16,True,0.006011999998008832,0.0,,
17,arpack_matvec,central_difference,1.0,0.001992175341751609,0.2667636573888315,60767905.22810725,328.6980572000835,328.98868568869835,328.6992969040516,328.9886325671461,2,sparse_direct,not_applicable,1.2584489502063891e-16,1.9360753080098294e-16,0.0024633000139147043,0.0025569999997969717,0.0,0.0,4.298758474523102e-05,4.2987601929301555e-05,4.280965131350181,4.280963420056611,1.7112935699614695e-06,3.872150616019659e-17,3.872150616019659e-17,0.0,True,0.005421800000476651,0.0,,
18,arpack_matvec,central_difference,1.0,0.001992175341751609,0.2967842152105979,77658699.98889737,328.69843723708493,328.9885820445627,328.6991065210367,328.98862501486985,2,sparse_direct,not_applicable,1.5488602464078636e-16,3.097720492815727e-16,0.003358500005560927,0.0032579999970039353,0.0,0.015625,4.298761288113983e-05,4.2987573451633184e-05,4.280962329407099,4.280966256035635,3.926628536099486e-06,7.744301232039318e-17,1.9360753080098294e-16,1.1616451848058975e-16,True,0.007136300002457574,0.015625,,
19,arpack_matvec,central_difference,1.0,0.001992175341751609,0.2930073512404757,63001382.16799105,328.6983792928639,328.9886150652179,328.69901216959994,328.9887159771477,2,sparse_direct,not_applicable,1.5488602464078636e-16,1.5488602464078636e-16,0.0031229999876813963,0.00440780000644736,0.0,0.0,4.298763204850541e-05,4.298755452296127e-05,4.280960420607611,4.2809681410697245,7.720462113169901e-06,3.872150616019659e-17,3.872150616019659e-17,0.0,True,0.008123299994622357,0.0,,
20,arpack_matvec,central_difference,1.0,0.001992175341751609,0.3096240188218672,81193218.29001065,328.6984556058622,328.98864775696217,328.69877190827907,328.98880191134543,2,sparse_direct,not_applicable,1.1616451848058975e-16,1.9360753080098294e-16,0.003487699999823235,0.0020213999960105866,0.0,0.0,4.2987645895975884e-05,4.2987540444507736e-05,4.280959041595763,4.280969543090181,1.0501494418058144e-05,7.744301232039318e-17,7.744301232039318e-17,1.5488602464078636e-16,True,0.005887299994355999,0.0,,
21,arpack_matvec,central_difference,1.0,0.001992175341751609,0.269734479179616,63265037.5653956,328.6983426234216,328.9886839880129,328.6986528182631,328.9889408745481,2,sparse_direct,not_applicable,1.5972621291081093e-16,1.9360753080098294e-16,0.003410100005567074,0.002520499998354353,0.015625,0.0,4.298767784328308e-05,4.298750865387494e-05,4.280955860100031,4.280972709003605,1.6848903574562257e-05,7.744301232039318e-17,1.1616451848058975e-16,3.872150616019659e-17,True,0.0063015000050654635,0.015625,,
22,arpack_matvec,central_difference,1.0,0.001992175341751609,0.30157983323397064,83440063.82137708,328.6985056690034,328.9886273691983,328.69861268025545,328.98886879992676,2,sparse_direct,not_applicable,1.5488602464078636e-16,1.1616451848058975e-16,0.0030241999920690432,0.0032442999945487827,0.0,0.0,4.298766693973016e-05,4.298751930760968e-05,4.2809569459377155,4.280971648036413,1.470209869758321e-05,7.744301232039318e-17,0.0,7.744301232039318e-17,True,0.006709199995384552,0.0,,
23,arpack_matvec,central_difference,1.0,0.001992175341751609,0.2459013397454278,57354220.71893347,328.6984673323843,328.98858996398104,328.6985203344192,328.9889646918953,2,sparse_direct,not_applicable,1.5488602464078636e-16,1.9360753080098294e-16,0.002500400005374104,0.003405600000405684,0.0,0.015625,4.298770016744935e-05,4.298748633359973e-05,4.280953636934566,4.280974931801382,2.1294866816568003e-05,7.744301232039318e-17,0.0,7.744301232039318e-17,True,0.006278600005316548,0.015625,,
24,arpack_matvec,central_difference,1.0,0.001992175341751609,0.2819199684078892,79552291.49876131,328.6987319393727,328.9884559557279,328.6986540957165,328.98875626637977,2,sparse_direct,not_applicable,1.9360753080098294e-16,1.5488602464078636e-16,0.001985199996852316,0.003304600002593361,0.0,0.0,4.298766115520898e-05,4.29875251554636e-05,4.280957521993391,4.280971065669861,1.3543676470106902e-05,3.872150616019659e-17,3.872150616019659e-17,7.744301232039318e-17,True,0.0056871999986469746,0.0,,
25,arpack_matvec,central_difference,1.0,0.001992175341751609,0.246888466515887,55886466.76117517,328.69886436302426,328.9884074157846,328.6986573275263,328.9888770883777,2,sparse_direct,not_applicable,2.323290369611795e-16,1.5488602464078636e-16,0.0034262999979546294,0.002001799992285669,0.0,0.0,4.298768118067881e-05,4.298750548757265e-05,4.280955527743331,4.280973024324384,1.7496581052434124e-05,3.872150616019659e-17,0.0,3.872150616019659e-17,True,0.0057960999984061345,0.0,,
26,arpack_matvec,central_difference,1.0,0.001992175341751609,0.2772045683203186,72642461.4555901,328.6988216386674,328.98852840292545,328.69848426962153,328.98906091013424,2,sparse_direct,not_applicable,8.95434829954546e-17,1.5488602464078636e-16,0.0029208999912953004,0.0031116000027395785,0.0,0.0,4.29876571370065e-05,4.2987529188837594e-05,4.280957922149046,4.280970664000872,1.2741851826092443e-05,1.5488602464078636e-16,7.744301232039318e-17,7.744301232039318e-17,True,0.006778399998438545,0.015625,,
27,arpack_matvec,central_difference,1.0,0.001992175341751609,0.28286256606618765,63259631.41477039,328.6987967137627,328.98854279699253,328.69832354629517,328.98923642075573,2,sparse_direct,not_applicable,9.19635771304669e-17,1.790869659909092e-16,0.0026338000025134534,0.003453200013609603,0.0,0.0,4.298765894573582e-05,4.2987527476003604e-05,4.280957742025394,4.280970834575745,1.3092550351423426e-05,3.872150616019659e-17,0.0,3.872150616019659e-17,True,0.006518399997730739,0.0,,
28,arpack_matvec,central_difference,1.0,0.001992175341751609,0.31908213736501045,62724966.17565056,328.69879640476665,328.9885070269135,328.69823466133977,328.9892642057429,2,sparse_direct,not_applicable,2.323290369611795e-16,1.5488602464078636e-16,0.0017263999907299876,0.002509700003429316,0.0,0.015625,4.298762448952699e-05,4.2987562042327054e-05,4.28096117337513,4.2809673922446265,6.218869496699142e-06,1.1616451848058975e-16,1.1616451848058975e-16,0.0,True,0.00457450000976678,0.015625,,
29,arpack_matvec,central_difference,1.0,0.001992175341751609,0.26155991396560874,74103481.06499887,328.6988452665045,328.988413014637,328.69811973106675,328.9893733524006,2,sparse_direct,not_applicable,1.9360753080098294e-16,1.4278555396572492e-16,0.003427099989494309,0.0026147000025957823,0.0,0.0,4.298760946829348e-05,4.29875768571887e-05,4.280962669278676,4.280965916889553,3.2476108771106738e-06,3.872150616019659e-17,0.0,3.872150616019659e-17,True,0.006330899996100925,0.0,,
30,arpack_matvec,central_difference,1.0,0.001992175341751609,0.3120557136330244,55516561.91301121,328.69894310935723,328.98825831296386,328.6980444872347,328.9894439719767,2,sparse_direct,not_applicable,1.5488602464078636e-16,3.097720492815727e-16,0.0028611999878194183,0.0022924000077182427,0.0,0.0,4.298759112062356e-05,4.298759541569045e-05,4.280964496449912,4.2809640687211985,4.277287137810504e-07,3.872150616019659e-17,1.1616451848058975e-16,7.744301232039318e-17,True,0.005558000004384667,0.0,,
31,arpack_matvec,central_difference,1.0,0.001992175341751609,0.23900678658257377,81605403.6213618,328.6990362929616,328.9882891370051,328.6985290467332,328.9889830970226,2,sparse_direct,not_applicable,1.1616451848058975e-16,1.9360753080098294e-16,0.002594099991256371,0.0024040999996941537,0.0,0.015625,4.298756637333638e-05,4.2987619906029145e-05,4.280966960935966,4.280961629826926,5.331109039552473e-06,3.872150616019659e-17,0.0,3.872150616019659e-17,True,0.005328800005372614,0.015625,,
32,arpack_matvec,central_difference,1.0,0.001992175341751609,0.20383496544530064,45699109.385991365,328.69919945310204,328.9880488067438,328.69741224259235,328.9905689062304,2,sparse_direct,not_applicable,1.9360753080098294e-16,1.5488602464078636e-16,0.0035465999972075224,0.0023093999916454777,0.0,0.0,4.2987437800136645e-05,4.2987749020306025e-05,4.280979765086394,4.280948771901638,3.099318475552337e-05,3.872150616019659e-17,7.744301232039318e-17,1.1616451848058975e-16,True,0.006228700003703125,0.0,,
33,arpack_matvec,central_difference,1.0,0.001992175341751609,0.2160520804136646,59916957.54673086,328.6989182417778,328.98837732202094,328.6981845837274,328.9894516485059,2,sparse_direct,not_applicable,2.323290369611795e-16,2.323290369611795e-16,0.0030445000011241063,0.0017711999971652403,0.0,0.0,4.298752266879836e-05,4.298766353117788e-05,4.28097131330781,4.280957285380811,1.4027926998672058e-05,3.872150616019659e-17,1.5488602464078636e-16,1.1616451848058975e-16,True,0.0051925000007031485,0.0,,
34,arpack_matvec,central_difference,1.0,0.001992175341751609,0.26065508008433697,69880338.76225585,328.69835852732996,328.9886625042448,328.69871395196714,328.9886959012206,2,sparse_direct,not_applicable,1.1616451848058975e-16,1.5488602464078636e-16,0.0026157999964198098,0.0026717000000644475,0.015625,0.0,4.298756307308047e-05,4.298762337615752e-05,4.280967289595827,4.280961284251031,6.005344795667611e-06,0.0,0.0,0.0,True,0.005607599989161827,0.015625,,
35,arpack_matvec,central_difference,1.0,0.001992175341751609,0.23874863557410808,83614657.28370611,328.6983278981644,328.98867238181964,328.69878415982663,328.9886216530037,2,sparse_direct,not_applicable,1.5488602464078636e-16,1.9360753080098294e-16,0.0033401999971829355,0.0023339000035775825,0.0,0.0,4.298756764995799e-05,4.2987618620642864e-05,4.2809668338021165,4.280961757833304,5.075968812384701e-06,1.1616451848058975e-16,1.1616451848058975e-16,0.0,True,0.0059748000057879835,0.0,,
36,arpack_matvec,central_difference,1.0,0.001992175341751609,0.18679611984165784,64145225.863322385,328.69794248834694,328.98877302629813,328.6988385977792,328.98858579553007,2,sparse_direct,not_applicable,1.5488602464078636e-16,1.5488602464078636e-16,0.0024181000044336542,0.0030906000029062852,0.0,0.015625,4.298755551946318e-05,4.2987630891066514e-05,4.2809680418318665,4.280960535872165,7.505959701781251e-06,3.872150616019659e-17,1.1616451848058975e-16,7.744301232039318e-17,True,0.006088199996156618,0.015625,,
37,arpack_matvec,central_difference,1.0,0.001992175341751609,0.22160291313831265,71713192.6385711,328.69829790126136,328.9887536964087,328.6990797506548,328.98845220262103,2,sparse_direct,not_applicable,1.1616451848058975e-16,1.1616451848058975e-16,0.003017600000021048,0.004132799993385561,0.0,0.0,4.298759212894659e-05,4.298759414803264e-05,4.280964396035004,4.280964194962214,2.010727895296327e-07,1.5488602464078636e-16,1.1616451848058975e-16,2.710505431213761e-16,True,0.007638900002348237,0.0,,
38,arpack_matvec,central_difference,1.0,0.001992175341751609,0.24643710454732765,43993853.85752756,328.69780207051934,328.98903644683077,328.699535235865,328.98832240641605,2,sparse_direct,not_applicable,1.5488602464078636e-16,1.9360753080098294e-16,0.0025994999887188897,0.0019508999976096675,0.0,0.0,4.298760344655847e-05,4.2987583450316144e-05,4.2809632689590655,4.280965260305684,1.991346618268608e-06,7.744301232039318e-17,7.744301232039318e-17,1.5488602464078636e-16,True,0.004917400001431815,0.0,,
39,arpack_matvec,central_difference,1.0,0.001992175341751609,0.22369613562958277,68845982.27108784,328.69804807952005,328.9889582002367,328.69943701214896,328.98837885130445,2,sparse_direct,not_applicable,2.710505431213761e-16,1.9360753080098294e-16,0.0028987999976379797,0.002766300007351674,0.015625,0.0,4.2987604782398735e-05,4.298758176052939e-05,4.280963135928087,4.280965428584942,2.292656854585573e-06,0.0,3.872150616019659e-17,3.872150616019659e-17,True,0.0060034999914933,0.015625,,
40,arpack_matvec,central_difference,1.0,0.001992175341751609,0.2910656196452496,44810953.151392154,328.6983232163817,328.98882329718435,328.69918268501164,328.98846014838864,2,sparse_direct,not_applicable,3.097720492815727e-16,3.097720492815727e-16,0.0031856999994488433,0.002405699997325428,0.0,0.0,4.29876049206276e-05,4.298758184505668e-05,4.280963122162429,4.2809654201672,2.298004770473483e-06,3.872150616019659e-17,3.872150616019659e-17,0.0,True,0.00621540000429377,0.0,,
41,arpack_matvec,central_difference,1.0,0.001992175341751609,0.29558059380629975,62536129.69105263,328.6984232202823,328.98869756674605,328.69881479382633,328.98852915712536,2,sparse_direct,not_applicable,1.5488602464078636e-16,1.5488602464078636e-16,0.0023422000085702166,0.0024293999886140227,0.0,0.015625,4.298760755592252e-05,4.2987578879741444e-05,4.280962859723996,4.280965715471385,2.8557473896739793e-06,7.744301232039318e-17,0.0,7.744301232039318e-17,True,0.005035399997723289,0.015625,,
42,arpack_matvec,central_difference,1.0,0.001992175341751609,0.3180033053895744,59152430.61501813,328.6983625894663,328.98868531658894,328.69871213364746,328.9885352190438,2,sparse_direct,not_applicable,1.6940658945086007e-16,2.323290369611795e-16,0.0025216000067302957,0.00239430001238361,0.0,0.0,4.298761234149476e-05,4.298757408410726e-05,4.280962383148167,4.280966193049987,3.8099018198067824e-06,0.0,0.0,0.0,True,0.005256599994027056,0.0,,
43,arpack_matvec,central_difference,1.0,0.001992175341751609,0.17816363866851362,55360278.20022888,328.69774973607315,328.9886887073749,328.6982191516108,328.9889052024642,2,sparse_direct,not_applicable,1.9360753080098294e-16,2.323290369611795e-16,0.0032214000093517825,0.0025418999866815284,0.0,0.0,4.298765347349321e-05,4.2987533171053985e-05,4.280958286982782,4.280970267426556,1.1980443774817218e-05,3.872150616019659e-17,1.5488602464078636e-16,1.9360753080098294e-16,True,0.006503099997644313,0.0,,
44,arpack_matvec,central_difference,1.0,0.001992175341751609,0.18608782852458092,59358458.308035426,328.6979325512164,328.9886388633896,328.6982473303972,328.9888647401645,2,sparse_direct,not_applicable,1.5488602464078636e-16,2.323290369611795e-16,0.00201720000768546,0.0026437000051373616,0.0,0.015625,4.298764884044777e-05,4.298753762091521e-05,4.2809587483681995,4.2809698242812955,1.1075913096014744e-05,3.872150616019659e-17,0.0,3.872150616019659e-17,True,0.005071399995358661,0.015625,,
45,arpack_matvec,central_difference,1.0,0.001992175341751609,0.21442437340688073,58654060.2460089,328.69835593997476,328.98862382647167,328.6983557628198,328.9887431513171,2,sparse_direct,not_applicable,1.5488602464078636e-16,1.9360753080098294e-16,0.002869900010409765,0.0027320999943185598,0.0,0.0,4.2987641093715224e-05,4.298754539708128e-05,4.280959519832779,4.280969049881827,9.530049048578348e-06,0.0,3.872150616019659e-17,3.872150616019659e-17,True,0.0060028000007150695,0.0,,
46,arpack_matvec,central_difference,1.0,0.001992175341751609,0.23922407433417905,49404655.57161672,328.6985672183516,328.9886099704515,328.69842175721635,328.98878142519266,2,sparse_direct,not_applicable,2.0812809561105665e-16,1.9360753080098294e-16,0.0036299000057624653,0.0020179999992251396,0.0,0.0,4.29876370049884e-05,4.298754951795123e-05,4.280959927012034,4.2809686394998225,8.712487788109513e-06,0.0,3.872150616019659e-17,3.872150616019659e-17,True,0.0063522999989800155,0.0,,
47,arpack_matvec,central_difference,1.0,0.001992175341751609,0.22036777579909628,56791122.92643015,328.6990210396864,328.98856502487735,328.69847552427916,328.9890075420127,2,sparse_direct,not_applicable,1.9360753080098294e-16,1.5972621291081093e-16,0.0027157000004081056,0.002768400008790195,0.0,0.0,4.2987635961798116e-05,4.2987550598372105e-05,4.280960030899017,4.280968531904768,8.501005750893853e-06,3.872150616019659e-17,3.872150616019659e-17,0.0,True,0.005894600006286055,0.0,,
48,arpack_matvec,central_difference,1.0,0.001992175341751609,0.22711910528617887,46872313.576584935,328.6990829085351,328.98852482437457,328.69833216066917,328.9891544085272,2,sparse_direct,not_applicable,2.323290369611795e-16,1.9360753080098294e-16,0.0026585000014165416,0.003180100000463426,0.0,0.0,4.298763905028537e-05,4.298754759024711e-05,4.280959723329427,4.280968831472646,9.108143219194176e-06,1.1616451848058975e-16,1.1616451848058975e-16,0.0,True,0.006194800007506274,0.0,,
49,arpack_matvec,central_difference,1.0,0.001992175341751609,0.2189833402863571,64029346.50620357,328.6990203551078,328.9884078355488,328.6980172396133,328.9892423565067,2,sparse_direct,not_applicable,1.1616451848058975e-16,1.790869659909092e-16,0.00270470000396017,0.002747199992882088,0.0,0.015625,4.298762690871589e-05,4.298755966264972e-05,4.280960932458045,4.280967629227631,6.696769585978757e-06,3.872150616019659e-17,3.872150616019659e-17,7.744301232039318e-17,True,0.006071499999961816,0.015625,,
50,arpack_matvec,central_difference,1.0,0.001992175341751609,0.1990433442427851,54997511.76576588,328.6990563729977,328.98829302246656,328.697744083443,328.98938666481524,2,sparse_direct,not_applicable,1.9360753080098294e-16,1.2342480088562662e-16,0.002778900001430884,0.0027178999880561605,0.0,0.0,4.298762533975726e-05,4.298756149624699e-05,4.280961088704188,4.280967446626659,6.357922471167399e-06,7.744301232039318e-17,0.0,7.744301232039318e-17,True,0.0059003999922424555,0.0,,
51,arpack_matvec,central_difference,1.0,0.001992175341751609,0.2062885586202611,68066611.66227928,328.69904540334545,328.98817947214576,328.6978619085786,328.9891811797222,2,sparse_direct,not_applicable,1.1616451848058975e-16,1.9360753080098294e-16,0.002411599998595193,0.0037006999918958172,0.0,0.0,4.298760202916804e-05,4.2987584538258306e-05,4.2809634101113065,4.280965151961783,1.7418504763000442e-06,7.744301232039318e-17,3.872150616019659e-17,3.872150616019659e-17,True,0.006427000000257976,0.0,,
52,arpack_matvec,central_difference,1.0,0.001992175341751609,0.20583463592784706,50781879.667979315,328.6991158604944,328.9880311769,328.69778577141557,328.9891647170092,2,sparse_direct,not_applicable,1.790869659909092e-16,1.9360753080098294e-16,0.002625100009026937,0.0027780999953392893,0.015625,0.0,4.2987590571730937e-05,4.29875962151034e-05,4.280964551111962,4.280963989110837,5.620011256368684e-07,1.1616451848058975e-16,7.744301232039318e-17,1.9360753080098294e-16,True,0.00575010001193732,0.015625,,
53,arpack_matvec,central_difference,1.0,0.001992175341751609,0.23947097375595003,52420404.17422357,328.69893387565526,328.98831378377446,328.69816479189234,328.9891942798934,2,sparse_direct,not_applicable,1.5488602464078636e-16,1.1616451848058975e-16,0.002639800004544668,0.002715299997362308,0.0,0.0,4.29875675892104e-05,4.29876190059456e-05,4.280966839851736,4.280961719462574,5.120389161561434e-06,3.872150616019659e-17,0.0,3.872150616019659e-17,True,0.005736400009482168,0.0,,
54,arpack_matvec,central_difference,1.0,0.001992175341751609,0.21647896349247525,64308930.774922736,328.6988745934791,328.98844067827645,328.69833423158724,328.98921638545295,2,sparse_direct,not_applicable,1.5488602464078636e-16,1.1616451848058975e-16,0.004960599995683879,0.002486099998350255,0.0,0.0,4.298755840469437e-05,4.2987628008657745e-05,4.280967754502626,4.280960822919363,6.931583262925756e-06,1.5488602464078636e-16,3.872150616019659e-17,1.9360753080098294e-16,True,0.008105499990051612,0.0,,
55,arpack_matvec,central_difference,1.0,0.001992175341751609,0.19889830930177388,34159155.46611837,328.6987278892557,328.98862725479137,328.6981414190646,328.98954524484697,2,sparse_direct,not_applicable,1.5488602464078636e-16,1.5488602464078636e-16,0.002962800004752353,0.002834899991285056,0.0,0.0,4.298752314467445e-05,4.298766392634029e-05,4.280971265917038,4.280957246028279,1.4019888758376453e-05,1.1616451848058975e-16,1.1616451848058975e-16,2.323290369611795e-16,True,0.006209099999978207,0.0,,
56,arpack_matvec,central_difference,1.0,0.001992175341751609,0.21505742875360273,65833199.12837636,328.69881895646637,328.98867178074727,328.6984338550865,328.98919508834103,2,sparse_direct,not_applicable,1.5488602464078636e-16,1.1616451848058975e-16,0.0031313999934354797,0.004705699990154244,0.0,0.0,4.29875398046877e-05,4.298764642145164e-05,4.280969606807483,4.280958989265841,1.061754164233264e-05,0.0,1.1616451848058975e-16,1.1616451848058975e-16,True,0.008210200001485646,0.0,,
57,arpack_matvec,central_difference,1.0,0.001992175341751609,0.19577806059759081,35554076.89481365,328.6986225765709,328.9887599932328,328.6981809255303,328.9894152654087,2,sparse_direct,not_applicable,3.097720492815727e-16,1.9360753080098294e-16,0.0035073000035481527,0.003958199988119304,0.0,0.0,4.298750731300253e-05,4.298767964549799e-05,4.280972842536312,4.280955680625294,1.7161911017637976e-05,0.0,3.872150616019659e-17,3.872150616019659e-17,True,0.007954200002131984,0.0,,
58,arpack_matvec,central_difference,1.0,0.001992175341751609,0.27982587053977614,70085677.38369016,328.69866355484453,328.98860409683004,328.69876542386373,328.98877958968063,2,sparse_direct,not_applicable,2.323290369611795e-16,3.097720492815727e-16,0.0025760999997146428,0.0033816999930422753,0.0,0.0,4.298756071193857e-05,4.2987625623537825e-05,4.280967524732947,4.280961060443646,6.464289301177928e-06,3.872150616019659e-17,0.0,3.872150616019659e-17,True,0.006345499990857206,0.0,,
59,arpack_matvec,central_difference,1.0,0.001992175341751609,0.2519432537837433,53001273.744669564,328.69858597428765,328.98854557789184,328.69889309288294,328.98868911591455,2,sparse_direct,not_applicable,2.710505431213761e-16,1.1616451848058975e-16,0.0025636999926064163,0.0027095999976154417,0.0,0.0,4.29875553239713e-05,4.298763135448835e-05,4.280968061300164,4.2809604897219,7.571578263920742e-06,1.1616451848058975e-16,1.5488602464078636e-16,3.872150616019659e-17,True,0.005572200010647066,0.0,,
60,arpack_matvec,central_difference,1.0,0.001992175341751609,0.24649708820378333,81154102.4051274,328.6985463181246,328.9886112319546,328.69881063020534,328.9886983164034,2,sparse_direct,not_applicable,1.5488602464078636e-16,1.5488602464078636e-16,0.0032165000011445954,0.0025720999983604997,0.0,0.0,4.298755751733503e-05,4.298762872095239e-05,4.280967842871376,4.280960751984875,7.090886501082139e-06,3.872150616019659e-17,0.0,3.872150616019659e-17,True,0.0061701999948127195,0.0,,
61,arpack_matvec,central_difference,1.0,0.001992175341751609,0.2385774201184299,38398796.93221944,328.69820847380436,328.98875587422316,328.69854500592004,328.9888982126776,2,sparse_direct,not_applicable,1.9360753080098294e-16,1.9360753080098294e-16,0.004782000003615394,0.002064899992546998,0.015625,0.0,4.298752978104578e-05,4.298765678906703e-05,4.280970605025027,4.280957956798858,1.264822616953154e-05,0.0,3.872150616019659e-17,3.872150616019659e-17,True,0.007141800000681542,0.015625,,
62,arpack_matvec,central_difference,1.0,0.001992175341751609,0.20755022999667264,70113838.82900766,328.6983201000377,328.98869156781655,328.6987637778544,328.98882413457994,2,sparse_direct,not_applicable,1.5488602464078636e-16,1.6698649531584777e-16,0.0033275000023422763,0.003639900009147823,0.0,0.0,4.298754424225693e-05,4.29876420697311e-05,4.280969164886473,4.280959422635438,9.742251035227412e-06,0.0,0.0,0.0,True,0.007431999998516403,0.0,,
63,arpack_matvec,central_difference,1.0,0.001992175341751609,0.21972831642426985,46284446.64007348,328.6982548916334,328.98861047960736,328.6990380848064,328.9888142863558,2,sparse_direct,not_applicable,1.5488602464078636e-16,1.1616451848058975e-16,0.0019597999926190823,0.0029587000026367605,0.0,0.015625,4.2987547794401007e-05,4.298763914702428e-05,4.280968811141725,4.280959713695602,9.097446122652286e-06,1.1616451848058975e-16,3.872150616019659e-17,7.744301232039318e-17,True,0.00526420000824146,0.015625,,
64,arpack_matvec,central_difference,1.0,0.001992175341751609,0.22848028898794784,71581918.54169512,328.69831277824295,328.9885241955308,328.69915871235395,328.98874064338037,2,sparse_direct,not_applicable,2.710505431213761e-16,1.1616451848058975e-16,0.00261129999125842,0.002949399990029633,0.0,0.0,4.298756239990037e-05,4.298762401463526e-05,4.280967356635263,4.28096122066765,6.1359676131189644e-06,3.872150616019659e-17,0.0,3.872150616019659e-17,True,0.005913000000873581,0.0,,
65,arpack_matvec,central_difference,1.0,0.001992175341751609,0.2181733444054547,47283707.98854902,328.69805758827505,328.988402839164,328.69926655127557,328.9887784388059,2,sparse_direct,not_applicable,2.323290369611795e-16,1.1616451848058975e-16,0.005188900002394803,0.003924900011043064,0.0,0.015625,4.298756102421795e-05,4.298762592113698e-05,4.280967493634233,4.280961030806969,6.462827263575832e-06,1.1616451848058975e-16,1.1616451848058975e-16,2.323290369611795e-16,True,0.009852399991359562,0.015625,,
66,arpack_matvec,central_difference,1.0,0.001992175341751609,0.24972144524827522,74824259.97361459,328.6983629018727,328.9885316492669,328.6990522938949,328.9887593668404,2,sparse_direct,not_applicable,2.710505431213761e-16,1.6940658945086007e-16,0.0039363999967463315,0.002079900004900992,0.0,0.0,4.298758342965992e-05,4.298760281616874e-05,4.2809652623627565,4.2809633317370555,1.9306257010853756e-06,7.744301232039318e-17,3.872150616019659e-17,1.1616451848058975e-16,True,0.006424699997296557,0.0,,
67,arpack_matvec,central_difference,1.0,0.001992175341751609,0.26782986066916126,52400719.45151688,328.6979114282974,328.98859147211743,328.6991354294949,328.98890364375,2,sparse_direct,not_applicable,1.476257422357495e-16,1.0164395367051604e-16,0.0031780999997863546,0.0032142999989446253,0.0,0.015625,4.298759425737205e-05,4.298759244175968e-05,4.280964184073536,4.280964364883185,1.8080964903077756e-07,3.872150616019659e-17,3.872150616019659e-17,0.0,True,0.006724700011545792,0.015625,,
68,arpack_matvec,central_difference,1.0,0.001992175341751609,0.23582440636736218,68857592.9113161,328.6981774157265,328.98861797916555,328.6990862486694,328.9888494524169,2,sparse_direct,not_applicable,2.710505431213761e-16,1.9360753080098294e-16,0.002162100005079992,0.002894000004744157,0.0,0.0,4.2987604810244286e-05,4.2987581519764126e-05,4.280963133155061,4.280965452561815,2.3194067537701812e-06,3.872150616019659e-17,3.872150616019659e-17,7.744301232039318e-17,True,0.0053958000062266365,0.0,,
69,arpack_matvec,central_difference,1.0,0.001992175341751609,0.2585198901101225,43216628.57478864,328.69811236863177,328.9886362201534,328.6991376419179,328.98890016472376,2,sparse_direct,not_applicable,1.9360753080098294e-16,1.1616451848058975e-16,0.004098099991097115,0.0021609000104945153,0.0,0.0,4.298761726943479e-05,4.2987569442593685e-05,4.280961892394614,4.280966655280417,4.762885803089034e-06,1.1616451848058975e-16,3.872150616019659e-17,7.744301232039318e-17,True,0.0069454000040423125,0.0,,
70,arpack_matvec,central_difference,1.0,0.001992175341751609,0.28835004585792523,84051032.64610843,328.6984998989928,328.9885935712337,328.6989061839145,328.9887442575766,2,sparse_direct,not_applicable,1.5488602464078636e-16,1.5488602464078636e-16,0.0026015999901574105,0.00265650000073947,0.015625,0.0,4.298761730869716e-05,4.298756895074423e-05,4.280961888484634,4.280966704261813,4.8157771788126524e-06,3.872150616019659e-17,1.1616451848058975e-16,7.744301232039318e-17,True,0.00574939999205526,0.015625,,
71,arpack_matvec,central_difference,1.0,0.001992175341751609,0.2701645536792144,50753157.12407232,328.69829890977996,328.98857305892375,328.69888756410035,328.9887969365756,2,sparse_direct,not_applicable,1.9360753080098294e-16,1.5488602464078636e-16,0.0025160999939544126,0.00396839999302756,0.0,0.0,4.298763767975121e-05,4.298754892190354e-05,4.280959859815214,4.280968698857976,8.839042761721316e-06,3.872150616019659e-17,0.0,3.872150616019659e-17,True,0.006941799991182052,0.0,,
72,arpack_matvec,central_difference,1.0,0.001992175341751609,0.2702132891422826,92725172.03044233,328.69841557010943,328.9885221923659,328.69882365223475,328.9886999788003,2,sparse_direct,not_applicable,1.5488602464078636e-16,2.323290369611795e-16,0.002071599999908358,0.003002800003741868,0.0,0.015625,4.2987630196128524e-05,4.298755605630783e-05,4.280960605078169,4.2809679883695395,7.383291370288703e-06,3.872150616019659e-17,0.0,3.872150616019659e-17,True,0.005495600009453483,0.015625,,
73,arpack_matvec,central_difference,1.0,0.001992175341751609,0.2522849137105036,46960199.04400517,328.6982882358464,328.9884465670639,328.69881418252646,328.98872021111856,2,sparse_direct,not_applicable,1.9360753080098294e-16,1.1616451848058975e-16,0.00268470001174137,0.002858000007108785,0.0,0.0,4.298764698045611e-05,4.29875396296519e-05,4.280958933596937,4.28096962423865,1.0690641713217985e-05,7.744301232039318e-17,1.5488602464078636e-16,7.744301232039318e-17,True,0.005960700000287034,0.0,,
74,arpack_matvec,central_difference,1.0,0.001992175341751609,0.22420942104435626,59066630.29442334,328.6985189771909,328.98851687113455,328.69879419342465,328.9887711945731,2,sparse_direct,not_applicable,1.5488602464078636e-16,1.5488602464078636e-16,0.0038084999978309497,0.0021613999997498468,0.0,0.0,4.298762998176597e-05,4.298755631933699e-05,4.28096062642565,4.280967962175461,7.335749810266634e-06,3.872150616019659e-17,7.744301232039318e-17,3.872150616019659e-17,True,0.006518099995446391,0.0,,
75,arpack_matvec,central_difference,1.0,0.001992175341751609,0.2590259401571937,53957514.79464245,328.69860911549085,328.9885341055138,328.69864696752995,328.98890116567077,2,sparse_direct,not_applicable,1.5488602464078636e-16,8.228320059041775e-17,0.0028085000085411593,0.002818900000420399,0.015625,0.0,4.2987631224649204e-05,4.2987555466242115e-05,4.280960502652044,4.280968047131951,7.5444799074730895e-06,0.0,7.744301232039318e-17,7.744301232039318e-17,True,0.0059671000053640455,0.015625,,
76,arpack_matvec,central_difference,1.0,0.001992175341751609,0.22007317316954886,74451468.17146255,328.69869519047336,328.9885323027062,328.6986467686718,328.98899943738553,2,sparse_direct,not_applicable,1.1616451848058975e-16,1.5488602464078636e-16,0.0027208000101381913,0.0026981999981217086,0.0,0.0,4.2987618828329495e-05,4.2987567562790094e-05,4.280961737150639,4.280966842482832,5.105332193444667e-06,7.744301232039318e-17,3.872150616019659e-17,3.872150616019659e-17,True,0.005810599992400967,0.0,,
77,arpack_matvec,central_difference,1.0,0.001992175341751609,0.23065182776707285,56262310.75512476,328.69863999272997,328.9884926131778,328.69850035755456,328.9892430095562,2,sparse_direct,not_applicable,1.5488602464078636e-16,1.1616451848058975e-16,0.0033950000070035458,0.00290320000203792,0.0,0.015625,4.298762088648352e-05,4.2987565907456347e-05,4.2809615321874785,4.2809670073311725,5.475143693978168e-06,3.872150616019659e-17,7.744301232039318e-17,3.872150616019659e-17,True,0.0070435000088764355,0.015625,,
78,arpack_matvec,central_difference,1.0,0.001992175341751609,0.21544325608696444,67998968.07984692,328.69868197996857,328.9884222883035,328.69840705109374,328.9892220786134,2,sparse_direct,not_applicable,1.9360753080098294e-16,1.1616451848058975e-16,0.002832099999068305,0.002606599999126047,0.0,0.0,4.2987605138726794e-05,4.298758129139011e-05,4.280963100442806,4.280965475304692,2.3748618858121517e-06,3.872150616019659e-17,3.872150616019659e-17,7.744301232039318e-17,True,0.005861800003913231,0.0,,
79,arpack_matvec,central_difference,1.0,0.001992175341751609,0.24040750801744368,55044989.22850668,328.69872282553706,328.9883629957397,328.6983362729254,328.98921117137013,2,sparse_direct,not_applicable,1.1616451848058975e-16,1.1616451848058975e-16,0.0027323999966029078,0.0039117999986046925,0.0,0.0,4.298759675461851e-05,4.298758989099223e-05,4.28096393538267,4.280964618904045,6.835213754996516e-07,3.872150616019659e-17,0.0,3.872150616019659e-17,True,0.007031499990262091,0.0,,
80,arpack_matvec,central_difference,1.0,0.001992175341751609,0.2603795640392805,66015783.54416063,328.6988635079969,328.9883198725853,328.69845929228603,328.98889705685133,2,sparse_direct,not_applicable,1.5488602464078636e-16,1.5488602464078636e-16,0.002835800012690015,0.0028049999964423478,0.015625,0.0,4.298757982489563e-05,4.2987606657792585e-05,4.28096562134716,4.280962949165144,2.6721820152175724e-06,7.744301232039318e-17,1.1616451848058975e-16,1.9360753080098294e-16,True,0.005979900000966154,0.015625,,
81,arpack_matvec,central_difference,1.0,0.001992175341751609,0.24825807860105656,60428311.19105388,328.69894087953116,328.988282945929,328.6984263280108,328.9889313121169,2,sparse_direct,not_applicable,1.5488602464078636e-16,3.097720492815727e-16,0.002730599997448735,0.0024218000035034493,0.0,0.0,4.298756940578214e-05,4.298761724818564e-05,4.280966658946337,4.28096189451073,4.764435606929851e-06,3.872150616019659e-17,3.872150616019659e-17,0.0,True,0.005537199991522357,0.0,,
82,arpack_matvec,central_difference,1.0,0.001992175341751609,0.23633824109499282,68094980.68805403,328.6987900377203,328.98838095132373,328.6984584987422,328.9890700290677,2,sparse_direct,not_applicable,1.4036545983071262e-16,1.645664011808355e-16,0.003001299992320128,0.002102999991620891,0.0,0.015625,4.29875524642742e-05,4.298763400616486e-05,4.280968346086602,4.280960225652414,8.120434187297576e-06,3.872150616019659e-17,1.1616451848058975e-16,7.744301232039318e-17,True,0.005991800004267134,0.015625,,
83,arpack_matvec,central_difference,1.0,0.001992175341751609,0.2280559353672353,49347176.10898907,328.6986294822569,328.98837552276143,328.69836170034745,328.98929958299215,2,sparse_direct,not_applicable,2.0328790734103208e-16,1.5488602464078636e-16,0.002580400003353134,0.0026126000011572614,0.0,0.0,4.298752988168453e-05,4.298765673772507e-05,4.280970595002783,4.280957961911786,1.2633090997304919e-05,3.872150616019659e-17,7.744301232039318e-17,3.872150616019659e-17,True,0.005608200008282438,0.0,,
84,arpack_matvec,central_difference,1.0,0.001992175341751609,0.2981438275224242,50722397.053537615,328.69875849631256,328.98851419415337,328.6984741440556,328.9890816158786,2,sparse_direct,not_applicable,1.2100470675061434e-16,2.710505431213761e-16,0.0027470999921206385,0.0028420999879017472,0.0,0.0,4.2987543537582984e-05,4.298764294140268e-05,4.280969235062323,4.280959335829315,9.899233008425767e-06,7.744301232039318e-17,7.744301232039318e-17,1.5488602464078636e-16,True,0.005985900002997369,0.0,,
85,arpack_matvec,central_difference,1.0,0.001992175341751609,0.23834503176624242,60177976.77164409,328.69879681733477,328.98857848879345,328.6985906427102,328.98889100640264,2,sparse_direct,not_applicable,2.710505431213761e-16,1.9360753080098294e-16,0.0041702000016812235,0.004211999999824911,0.015625,0.0,4.298755771775849e-05,4.29876286544239e-05,4.280967822911964,4.280960758610172,7.064301791537275e-06,7.744301232039318e-17,3.872150616019659e-17,1.1616451848058975e-16,True,0.008819800001219846,0.015625,,
86,arpack_matvec,central_difference,1.0,0.001992175341751609,0.2315410198242711,55916812.05646871,328.6984697188145,328.98870349850614,328.69868011665335,328.9887428161895,2,sparse_direct,not_applicable,1.5488602464078636e-16,1.4036545983071262e-16,0.0032807000097818673,0.0026005999970948324,0.0,0.0,4.2987558383834464e-05,4.298762823213831e-05,4.280967756579985,4.280960800663855,6.955916130202411e-06,7.744301232039318e-17,1.1616451848058975e-16,3.872150616019659e-17,True,0.006394700001692399,0.0,,
87,arpack_matvec,central_difference,1.0,0.001992175341751609,0.28138679752536355,84137392.62582754,328.6984469755538,328.98870662958706,328.6987437714059,328.9886446534772,2,sparse_direct,not_applicable,1.5488602464078636e-16,1.1616451848058975e-16,0.0036117999989073724,0.002369100009673275,0.015625,0.0,4.298756832178969e-05,4.298761802295508e-05,4.280966766896978,4.280961817354596,4.949542382171046e-06,7.744301232039318e-17,1.1616451848058975e-16,3.872150616019659e-17,True,0.0063482999976258725,0.015625,,
88,arpack_matvec,central_difference,1.0,0.001992175341751609,0.25489723218125815,74681986.72355193,328.69828024616515,328.9887765602353,328.6985422092345,328.98878775589947,2,sparse_direct,not_applicable,1.1616451848058975e-16,1.5488602464078636e-16,0.0028449999954318628,0.0028288999892538413,0.0,0.0,4.298755321539342e-05,4.298763320922e-05,4.280968271285471,4.28096030501685,7.966268620762662e-06,3.872150616019659e-17,1.5488602464078636e-16,1.1616451848058975e-16,True,0.006090500013669953,0.0,,
89,arpack_matvec,central_difference,1.0,0.001992175341751609,0.21808281548294634,60768993.2128946,328.69838807788125,328.98873822904574,328.6985434788164,328.98874683402863,2,sparse_direct,not_applicable,2.710505431213761e-16,2.323290369611795e-16,0.003007400009664707,0.004519299996900372,0.0,0.015625,4.2987551327146826e-05,4.2987635012163384e-05,4.280968459328834,4.280960125469195,8.333859638831598e-06,3.872150616019659e-17,3.872150616019659e-17,0.0,True,0.007936499998322688,0.015625,,
90,arpack_matvec,central_difference,1.0,0.001992175341751609,0.28454012192800116,54402075.17337309,328.69848084211645,328.98869904370304,328.6985471685748,328.9887941495526,2,sparse_direct,not_applicable,1.5488602464078636e-16,1.9360753080098294e-16,0.0044310999946901575,0.005062399999587797,0.0,0.0,4.298754909866865e-05,4.298763741938228e-05,4.280968681254601,4.280959885744272,8.79551032895165e-06,3.872150616019659e-17,7.744301232039318e-17,3.872150616019659e-17,True,0.009983800002373755,0.0,,
91,arpack_matvec,central_difference,1.0,0.001992175341751609,0.21969549202159344,62228339.15833903,328.69865464190997,328.9886083560906,328.69856993798606,328.98887834449954,2,sparse_direct,not_applicable,1.5488602464078636e-16,2.323290369611795e-16,0.0027945000038016587,0.0031848999933572486,0.0,0.015625,4.298754776673321e-05,4.2987638855849366e-05,4.280968813897057,4.280959742692498,9.071204559063517e-06,7.744301232039318e-17,3.872150616019659e-17,1.1616451848058975e-16,True,0.00639529999170918,0.015625,,
92,arpack_matvec,central_difference,1.0,0.001992175341751609,0.24340658548198416,68984798.7492794,328.69882505780856,328.9885221067732,328.6986201207779,328.98884460597395,2,sparse_direct,not_applicable,1.452056481007372e-16,1.1616451848058975e-16,0.0017943999991985038,0.002489999998942949,0.0,0.0,4.298756177748648e-05,4.298762482147197e-05,4.280967418619089,4.280961140318092,6.278300997308861e-06,0.0,7.744301232039318e-17,7.744301232039318e-17,True,0.00463149999268353,0.0,,
93,arpack_matvec,central_difference,1.0,0.001992175341751609,0.25701748168965827,78995513.62827533,328.6988914422327,328.9883151449962,328.6984298430259,328.9889035484744,2,sparse_direct,not_applicable,1.9360753080098294e-16,2.323290369611795e-16,0.0023957000084919855,0.002205500000854954,0.0,0.0,4.298757471278377e-05,4.2987611756278454e-05,4.280966130442526,4.280962441427492,3.689015034780141e-06,0.0,3.872150616019659e-17,3.872150616019659e-17,True,0.005000999997719191,0.0,,
94,arpack_matvec,central_difference,1.0,0.001992175341751609,0.26300844943859336,82783190.1273994,328.69888823441505,328.98822950350694,328.6983135016456,328.98892497243946,2,sparse_direct,not_applicable,1.1616451848058975e-16,1.5488602464078636e-16,0.0024908999912440777,0.003535399999236688,0.0,0.015625,4.298758007699856e-05,4.298760640212769e-05,4.280965596241211,4.280962974625783,2.6216154278557724e-06,3.872150616019659e-17,7.744301232039318e-17,3.872150616019659e-17,True,0.006346199996187352,0.015625,,
95,arpack_matvec,central_difference,1.0,0.001992175341751609,0.2021026049113508,61089881.15489637,328.6987535520621,328.9884680061889,328.6980526809304,328.9891731834005,2,sparse_direct,not_applicable,1.5488602464078636e-16,1.9360753080098294e-16,0.002234400002635084,0.0025740999990375713,0.0,0.0,4.298759742501757e-05,4.298758933376578e-05,4.280963868620292,4.2809646743960315,8.057757394652754e-07,3.872150616019659e-17,3.872150616019659e-17,0.0,True,0.00516790000256151,0.0,,
96,arpack_matvec,central_difference,1.0,0.001992175341751609,0.19647802995649075,63341904.20869454,328.69867326302557,328.9885703197188,328.69800003348377,328.9892528133917,2,sparse_direct,not_applicable,2.323290369611795e-16,2.710505431213761e-16,0.0028254000062588602,0.0022597000061068684,0.0,0.0,4.2987606890808956e-05,4.29875798507196e-05,4.28096292595998,4.2809656187754515,2.6928154710503804e-06,1.1616451848058975e-16,7.744301232039318e-17,1.9360753080098294e-16,True,0.00544419999641832,0.0,,
97,arpack_matvec,central_difference,1.0,0.001992175341751609,0.24985643431243879,84532775.07132836,328.6987447445943,328.98842151008836,328.6982755493364,328.9890949556174,2,sparse_direct,not_applicable,2.323290369611795e-16,1.1616451848058975e-16,0.0028378999995766208,0.003385200005141087,0.015625,0.0,4.298761627832138e-05,4.2987570191476005e-05,4.280961991095568,4.280966580702109,4.589606541038904e-06,3.872150616019659e-17,7.744301232039318e-17,3.872150616019659e-17,True,0.006625299996812828,0.015625,,
98,arpack_matvec,central_difference,1.0,0.001992175341751609,0.2159907891728936,69070621.55189157,328.6986650886352,328.9884756499288,328.6982025703402,328.9892305379666,2,sparse_direct,not_applicable,1.3552527156068805e-16,1.1616451848058975e-16,0.0024547000066377223,0.002158400006010197,0.0,0.0,4.298763043879098e-05,4.298755614012981e-05,4.280960580912417,4.280967980022026,7.399109608563492e-06,1.1616451848058975e-16,3.872150616019659e-17,1.5488602464078636e-16,True,0.0049260999949183315,0.0,,
99,arpack_matvec,central_difference,1.0,0.001992175341751609,0.29791764605446863,54419610.36307347,328.69884578798855,328.9885700922973,328.6985118424961,328.9889777641176,2,sparse_direct,not_applicable,2.323290369611795e-16,1.5488602464078636e-16,0.0021899999992456287,0.00262759999895934,0.0,0.0,4.298762719266665e-05,4.298755918346718e-05,4.280960904180557,4.280967676947599,6.772767041418604e-06,1.5488602464078636e-16,7.744301232039318e-17,2.323290369611795e-16,True,0.0051011000032303855,0.0,,
100,arpack_matvec,central_difference,1.0,0.001992175341751609,0.2103151255556409,69355138.83867145,328.69888586633766,328.988620190607,328.6985029441828,328.9889680617753,2,sparse_direct,not_applicable,1.5488602464078636e-16,2.323290369611795e-16,0.002785000004223548,0.0033051000064006075,0.015625,0.0,4.2987636389279334e-05,4.298755009709639e-05,4.280959988327939,4.280968581824932,8.593496993114513e-06,3.872150616019659e-17,3.872150616019659e-17,7.744301232039318e-17,True,0.006483200006186962,0.015625,,
101,arpack_matvec,central_difference,1.0,0.001992175341751609,0.2509489723848537,76928953.70717953,328.69876531612,328.9886867153066,328.6985310349582,328.98873272235744,2,sparse_direct,not_applicable,1.5488602464078636e-16,1.9360753080098294e-16,0.0026907999999821186,0.002447299993946217,0.0,0.0,4.298763371374581e-05,4.29875526917844e-05,4.280960254773215,4.280968323429718,8.068656502935312e-06,0.0,7.744301232039318e-17,7.744301232039318e-17,True,0.005403799994383007,0.0,,
102,arpack_matvec,central_difference,1.0,0.001992175341751609,0.34255397591271886,74479204.63759272,328.69869687707705,328.98868984577337,328.6985932019639,328.98864513275396,2,sparse_direct,not_applicable,1.9360753080098294e-16,2.323290369611795e-16,0.001961599991773255,0.002653399991686456,0.0,0.015625,4.298763012011987e-05,4.2987556202783483e-05,4.280960612647558,4.280967973782584,7.361135025973908e-06,1.1616451848058975e-16,3.872150616019659e-17,7.744301232039318e-17,True,0.004946799992467277,0.015625,,
103,arpack_matvec,central_difference,1.0,0.001992175341751609,0.2030400129422615,67823739.11884141,328.6984830658985,328.9887685266527,328.69830087691696,328.9886855013686,2,sparse_direct,not_applicable,1.9360753080098294e-16,1.1616451848058975e-16,0.0027182000048924237,0.003627700003562495,0.0,0.0,4.2987662181554605e-05,4.2987524217959094e-05,4.280957419784016,4.2809711590325215,1.3739248505117985e-05,0.0,3.872150616019659e-17,3.872150616019659e-17,True,0.006736800001817755,0.0,,
104,arpack_matvec,central_difference,1.0,0.001992175341751609,0.24891971559834927,46362367.92347767,328.6984564612053,328.98874170298956,328.6983533084706,328.988750074739,2,sparse_direct,not_applicable,1.5488602464078636e-16,1.5488602464078636e-16,0.0027473000081954524,0.002701300007174723,0.0,0.0,4.298766358051769e-05,4.298752295746643e-05,4.280957280467271,4.280971284560405,1.4004093134012408e-05,3.872150616019659e-17,0.0,3.872150616019659e-17,True,0.00580939999781549,0.0,,
105,arpack_matvec,central_difference,1.0,0.001992175341751609,0.2391860666895308,62350956.718384475,328.69857988965884,328.98871630459325,328.6986622954416,328.9885795429696,2,sparse_direct,not_applicable,1.9360753080098294e-16,1.9360753080098294e-16,0.0027685999957611784,0.002736800001002848,0.015625,0.0,4.2987647818501364e-05,4.2987538789041885e-05,4.280958850139537,4.2809697079518845,1.0857812347886409e-05,1.5488602464078636e-16,1.1616451848058975e-16,3.872150616019659e-17,True,0.005834700001287274,0.015625,,
106,arpack_matvec,central_difference,1.0,0.001992175341751609,0.21985604066304015,60235516.74750175,328.69865527716996,328.9887271357924,328.69863853703964,328.98868144410085,2,sparse_direct,not_applicable,1.9360753080098294e-16,1.5488602464078636e-16,0.0037121999921509996,0.0020268999942345545,0.0,0.0,4.298764352732121e-05,4.298754303794191e-05,4.280959277480143,4.280969284819716,1.0007339573014917e-05,7.744301232039318e-17,3.872150616019659e-17,1.1616451848058975e-16,True,0.006090399998356588,0.0,,
107,arpack_matvec,central_difference,1.0,0.001992175341751609,0.2339126137993195,54059626.3156725,328.6988519399654,328.98870075427715,328.69862645436103,328.98893805959625,2,sparse_direct,not_applicable,2.710505431213761e-16,1.5488602464078636e-16,0.002658600002177991,0.002586399990832433,0.0,0.015625,4.2987632405385777e-05,4.2987554215968765e-05,4.280960385067372,4.280968171641948,7.786574576229555e-06,3.872150616019659e-17,1.1616451848058975e-16,7.744301232039318e-17,True,0.005643900003633462,0.015625,,
108,arpack_matvec,central_difference,1.0,0.001992175341751609,0.2552743216250469,65212484.58233618,328.6987960738597,328.9886338905197,328.69866410272516,328.98895509150213,2,sparse_direct,not_applicable,1.9360753080098294e-16,1.1616451848058975e-16,0.0025256000080844387,0.002537699998356402,0.0,0.0,4.29876175755833e-05,4.2987568827470085e-05,4.28096186190653,4.28096671653821,4.854631680650812e-06,7.744301232039318e-17,0.0,7.744301232039318e-17,True,0.005386099990573712,0.0,,
109,arpack_matvec,central_difference,1.0,0.001992175341751609,0.23367805201425362,60503531.02716908,328.6985019986708,328.98851970600674,328.6984857649461,328.98921797567306,2,sparse_direct,not_applicable,1.1616451848058975e-16,1.5488602464078636e-16,0.003392000013263896,0.003695999999763444,0.0,0.0,4.298760745677423e-05,4.298757916522451e-05,4.280962869597776,4.280965687041238,2.817443462532765e-06,3.872150616019659e-17,0.0,3.872150616019659e-17,True,0.007511700008763,0.0,,
110,arpack_matvec,central_difference,1.0,0.001992175341751609,0.24416330949151657,62128720.65282308,328.69853076528943,328.9884644619186,328.6984965237582,328.98916074213145,2,sparse_direct,not_applicable,2.323290369611795e-16,2.323290369611795e-16,0.0019542999943951145,0.0029803000070387498,0.0,0.0,4.298759777343701e-05,4.2987588601705076e-05,4.280963833922586,4.280964747299074,9.133764882207629e-07,1.5488602464078636e-16,3.872150616019659e-17,1.1616451848058975e-16,True,0.005784000008134171,0.015625,,
111,arpack_matvec,central_difference,1.0,0.001992175341751609,0.21479731594882237,49396002.02607487,328.6984083843985,328.9882888649747,328.6984241672517,328.9892707798343,2,sparse_direct,not_applicable,1.5488602464078636e-16,2.323290369611795e-16,0.0027128999936394393,0.003840599994873628,0.0,0.0,4.298758053575923e-05,4.2987606208362534e-05,4.280965550555024,4.280962993922077,2.5566329471260474e-06,0.0,3.872150616019659e-17,3.872150616019659e-17,True,0.0069998999970266595,0.0,,
112,arpack_matvec,central_difference,1.0,0.001992175341751609,0.22208380024584454,64186162.24148044,328.6985829151885,328.9882670197311,328.6985261471617,328.98908776818416,2,sparse_direct,not_applicable,1.5488602464078636e-16,1.1616451848058975e-16,0.0018933999963337556,0.0030399999959627166,0.0,0.015625,4.298757307088393e-05,4.298761338646862e-05,4.2809662939529805,4.28096227908345,4.01486953016672e-06,3.872150616019659e-17,1.9360753080098294e-16,1.5488602464078636e-16,True,0.005529200003365986,0.015625,,
113,arpack_matvec,central_difference,1.0,0.001992175341751609,0.2436082002615483,51376152.238664,328.6986153451927,328.9881079687798,328.6985684456673,328.9891030330739,2,sparse_direct,not_applicable,1.5488602464078636e-16,1.5488602464078636e-16,0.0029932999896118417,0.0028291000053286552,0.0,0.0,4.2987550351593684e-05,4.298763640897401e-05,4.280968556480503,4.2809599863666286,8.570113874561969e-06,3.872150616019659e-17,7.744301232039318e-17,3.872150616019659e-17,True,0.006240099988644943,0.0,,
114,arpack_matvec,central_difference,1.0,0.001992175341751609,0.274452386351627,89016650.50881043,328.6987470920352,328.98820353237517,328.69864619689,328.9889676882172,2,sparse_direct,not_applicable,2.323290369611795e-16,1.5488602464078636e-16,0.004854899991187267,0.0024320000084117055,0.0,0.0,4.298756160824082e-05,4.29876246712438e-05,4.280967435473619,4.280961155278698,6.280194921437499e-06,0.0,7.744301232039318e-17,7.744301232039318e-17,True,0.007668599995668046,0.0,,
115,arpack_matvec,central_difference,1.0,0.001992175341751609,0.2933376523356988,58923606.04394384,328.69876535143493,328.98818145773936,328.69868922260963,328.9889923158223,2,sparse_direct,not_applicable,1.5488602464078636e-16,1.5488602464078636e-16,0.002883199995267205,0.0033408000017516315,0.015625,0.0,4.298756085046675e-05,4.298762583603727e-05,4.280967510937453,4.280961039281699,6.471655753514938e-06,0.0,7.744301232039318e-17,7.744301232039318e-17,True,0.006623599998420104,0.015625,,
116,arpack_matvec,central_difference,1.0,0.001992175341751609,0.2400206367468638,69783762.91692126,328.69877603014146,328.98830124472136,328.69881176239545,328.98886793692446,2,sparse_direct,not_applicable,1.5488602464078636e-16,1.5488602464078636e-16,0.002447899998514913,0.0034071999980369583,0.0,0.0,4.298757124727916e-05,4.298761516179238e-05,4.280966475558741,4.280962102286156,4.373272584956567e-06,1.1616451848058975e-16,7.744301232039318e-17,1.9360753080098294e-16,True,0.00611610000487417,0.0,,
117,arpack_matvec,central_difference,1.0,0.001992175341751609,0.2814500272818297,65246957.19639063,328.6986766508936,328.9883532822237,328.69889350107127,328.98881325893643,2,sparse_direct,not_applicable,1.9360753080098294e-16,1.2584489502063891e-16,0.0018983999907504767,0.003079799993429333,0.0,0.015625,4.298757625303447e-05,4.2987610429414556e-05,4.280965977054929,4.280962573564506,3.403490422826394e-06,7.744301232039318e-17,3.872150616019659e-17,1.1616451848058975e-16,True,0.005269600005703978,0.015625,,
118,arpack_matvec,central_difference,1.0,0.001992175341751609,0.24209848347083027,86900726.90975112,328.6985901818446,328.9885050415751,328.6989364203629,328.98864880412174,2,sparse_direct,not_applicable,1.6940658945086007e-16,1.1616451848058975e-16,0.0029565000004367903,0.0027948000060860068,0.0,0.0,4.298758936397386e-05,4.298759697062639e-05,4.2809646713877285,4.280963913871304,7.575164246986787e-07,0.0,1.1616451848058975e-16,1.1616451848058975e-16,True,0.006195499998284504,0.0,,
119,arpack_matvec,central_difference,1.0,0.001992175341751609,0.31415509395940844,52873011.91548243,328.6984753583375,328.9886054019751,328.698833815021,328.98855981446286,2,sparse_direct,not_applicable,1.9360753080098294e-16,1.5488602464078636e-16,0.00435740000102669,0.002613999997265637,0.0,0.0,4.298759885066831e-05,4.2987587638308036e-05,4.28096372664541,4.280964843239996,1.1165945856816961e-06,7.744301232039318e-17,7.744301232039318e-17,0.0,True,0.00745920000190381,0.0,,
120,arpack_matvec,central_difference,1.0,0.001992175341751609,0.2822886395463681,89185350.07486384,328.6984818256022,328.9886622406857,328.6988437267595,328.9885160673706,2,sparse_direct,not_applicable,1.1616451848058975e-16,1.5488602464078636e-16,0.002484500000718981,0.0025279999972553924,0.015625,0.0,4.298760632907254e-05,4.2987579913800676e-05,4.280962981901053,4.2809656124934525,2.6305923999103697e-06,0.0,1.5488602464078636e-16,1.5488602464078636e-16,True,0.005382500006817281,0.015625,,
121,arpack_matvec,central_difference,1.0,0.001992175341751609,0.3268085103491928,56638720.93053844,328.6983544686707,328.98872725114967,328.6987766668839,328.9885704386723,2,sparse_direct,not_applicable,2.710505431213761e-16,1.9360753080098294e-16,0.002644799998961389,0.002798900008201599,0.0,0.0,4.298761851435863e-05,4.298756798498704e-05,4.280961768417718,4.280966800437859,5.0320201410158916e-06,7.744301232039318e-17,0.0,7.744301232039318e-17,True,0.005761599997640587,0.0,,
122,arpack_matvec,central_difference,1.0,0.001992175341751609,0.22891523296330238,67027466.013549775,328.69829454554053,328.9887394068328,328.69876556256406,328.9886401380566,2,sparse_direct,not_applicable,1.1616451848058975e-16,1.5488602464078636e-16,0.003115100000286475,0.0027865000010933727,0.0,0.015625,4.298762997510885e-05,4.298755633247084e-05,4.280960627088606,4.28096796086751,7.3337789041616475e-06,1.1616451848058975e-16,7.744301232039318e-17,1.9360753080098294e-16,True,0.006172300010803156,0.015625,,
123,arpack_matvec,central_difference,1.0,0.001992175341751609,0.22569838978103027,61250931.42212489,328.6981232943026,328.988761885073,328.6986970917284,328.9888521974024,2,sparse_direct,not_applicable,1.5488602464078636e-16,2.710505431213761e-16,0.0026154000079259276,0.0025542000075802207,0.0,0.0,4.2987652216487666e-05,4.298753450920766e-05,4.280958412162643,4.280970134164759,1.1722002116520969e-05,3.872150616019659e-17,7.744301232039318e-17,1.1616451848058975e-16,True,0.00556269999651704,0.0,,
124,arpack_matvec,central_difference,1.0,0.001992175341751609,0.22901470398404777,84988291.29692432,328.6984641535254,328.98858899942246,328.6989566558688,328.9886450894606,2,sparse_direct,not_applicable,1.5488602464078636e-16,1.1616451848058975e-16,0.0025051999982679263,0.0048125999892363325,0.0,0.0,4.298763333816938e-05,4.298755294313809e-05,4.280960292175316,4.280968298398352,8.00622303565035e-06,3.872150616019659e-17,0.0,3.872150616019659e-17,True,0.007715700005064718,0.0,,
125,arpack_matvec,central_difference,1.0,0.001992175341751609,0.2921983161534952,46742750.76740742,328.69853395231837,328.9884755133101,328.6990408871495,328.9887600965826,2,sparse_direct,not_applicable,1.9360753080098294e-16,1.5488602464078636e-16,0.002951200003735721,0.00263279999489896,0.015625,0.0,4.29876370806027e-05,4.2987549456593803e-05,4.28095991948192,4.280968645610178,8.726128258196297e-06,0.0,3.872150616019659e-17,3.872150616019659e-17,True,0.005972800005110912,0.015625,,
126,arpack_matvec,central_difference,1.0,0.001992175341751609,0.2672120105213312,77966680.6792096,328.69866774299874,328.9883553224836,328.6988607153654,328.9888411370933,2,sparse_direct,not_applicable,1.9360753080098294e-16,2.323290369611795e-16,0.00274169999465812,0.0032916000054683536,0.0,0.0,4.298762537068869e-05,4.298756091799922e-05,4.2809610856238525,4.2809675042121516,6.418588299084149e-06,3.872150616019659e-17,3.872150616019659e-17,7.744301232039318e-17,True,0.006481499993242323,0.0,,
127,arpack_matvec,central_difference,1.0,0.001992175341751609,0.2641439128674522,45686344.59875061,328.69841124231164,328.9882010757815,328.6987656559714,328.98903931337514,2,sparse_direct,not_applicable,1.0406404780552833e-16,1.2826498915565119e-16,0.003061900002649054,0.002311600008397363,0.015625,0.0,4.298763322940297e-05,4.298755341477573e-05,4.280960303006912,4.280968251429739,7.94842282658692e-06,0.0,7.744301232039318e-17,7.744301232039318e-17,True,0.0060138999979244545,0.015625,,
128,arpack_matvec,central_difference,1.0,0.001992175341751609,0.24124024234504923,75563802.44303602,328.6984638015726,328.9883056972373,328.6986660980025,328.98903436598124,2,sparse_direct,not_applicable,1.5488602464078636e-16,3.097720492815727e-16,0.003008100000442937,0.0028239000093890354,0.0,0.0,4.2987616038023e-05,4.298757028798703e-05,4.2809620150259065,4.280966571090948,4.556065041683155e-06,3.872150616019659e-17,3.872150616019659e-17,0.0,True,0.006249900005059317,0.0,,
129,arpack_matvec,central_difference,1.0,0.001992175341751609,0.21254501832591785,50949745.48094283,328.6981329958613,328.9886024552892,328.6985138886553,328.9893643559861,2,sparse_direct,not_applicable,2.323290369611795e-16,1.5488602464078636e-16,0.002354099997319281,0.0033494000090286136,0.0,0.0,4.298761658879047e-05,4.29875703007559e-05,4.280961960177214,4.280966569819345,4.609642131114811e-06,7.744301232039318e-17,3.872150616019659e-17,3.872150616019659e-17,True,0.006218899987288751,0.0,,
130,arpack_matvec,central_difference,1.0,0.001992175341751609,0.324285926820114,79515765.90006077,328.69862625023234,328.9882747044229,328.6986297262171,328.98902522256566,2,sparse_direct,not_applicable,1.9360753080098294e-16,1.9360753080098294e-16,0.0026307999942218885,0.0022701999987475574,0.0,0.0,4.29875962587156e-05,4.298758997661454e-05,4.280963984767671,4.280964610377257,6.256095863577116e-07,7.744301232039318e-17,0.0,7.744301232039318e-17,True,0.005275999996229075,0.0,,
131,arpack_matvec,central_difference,1.0,0.001992175341751609,0.29520057226311786,56913070.74991783,328.69849166755785,328.988363719481,328.69856682577193,328.98923633201633,2,sparse_direct,not_applicable,1.5488602464078636e-16,1.1616451848058975e-16,0.0034829000069294125,0.0027142000035382807,0.015625,0.0,4.298758982272377e-05,4.298759673531649e-05,4.280964625702632,4.280963937304882,6.883977503591154e-07,7.744301232039318e-17,1.1616451848058975e-16,1.9360753080098294e-16,True,0.006735399991157465,0.015625,,
132,arpack_matvec,central_difference,1.0,0.001992175341751609,0.23735264746303184,64758877.019168474,328.6987054569066,328.9882599824964,328.6986912270611,328.9890998747628,2,sparse_direct,not_applicable,1.1616451848058975e-16,1.4036545983071262e-16,0.0027451999922050163,0.003364999996847473,0.0,0.0,4.2987577469401806e-05,4.2987608870757266e-05,4.280965855921627,4.280962728784899,3.1271367282315055e-06,3.872150616019659e-17,0.0,3.872150616019659e-17,True,0.006487699996796437,0.0,,
133,arpack_matvec,central_difference,1.0,0.001992175341751609,0.24102066413866455,45685321.95438689,328.69874209654245,328.98825062630664,328.69876780109803,328.9891901557731,2,sparse_direct,not_applicable,1.9360753080098294e-16,1.1616451848058975e-16,0.004324199995608069,0.004300300002796575,0.015625,0.0,4.298756238063862e-05,4.2987624348457015e-05,4.280967358553468,4.28096118742371,6.171129758314464e-06,3.872150616019659e-17,3.872150616019659e-17,0.0,True,0.009013600007165223,0.015625,,
134,arpack_matvec,central_difference,1.0,0.001992175341751609,0.2680632963913541,72784197.4574704,328.6986469496885,328.98847253346287,328.6988742276823,328.98884504294665,2,sparse_direct,not_applicable,1.9360753080098294e-16,2.323290369611795e-16,0.0038817000022390857,0.0023207000049296767,0.0,0.0,4.2987562346963084e-05,4.298762398084038e-05,4.280967361907086,4.280961224033144,6.13787394243559e-06,0.0,0.0,0.0,True,0.00662350001221057,0.0,,
135,arpack_matvec,central_difference,1.0,0.001992175341751609,0.263804193059384,60660311.50546124,328.69851631687146,328.98852751798876,328.6987585497832,328.9887738593239,2,sparse_direct,not_applicable,1.5488602464078636e-16,2.710505431213761e-16,0.0028252000047359616,0.0027009000041289255,0.015625,0.0,4.298755225767712e-05,4.298763428416904e-05,4.280968366660826,4.280960197967132,8.168693693910711e-06,3.872150616019659e-17,3.872150616019659e-17,0.0,True,0.005947500001639128,0.015625,,
136,arpack_matvec,central_difference,1.0,0.001992175341751609,0.226453339787825,67172851.91499099,328.6984105464756,328.9886065810108,328.69861640396186,328.9887634817076,2,sparse_direct,not_applicable,1.1616451848058975e-16,1.2100470675061434e-16,0.0034360999998170882,0.002058400001260452,0.0,0.0,4.2987550864657566e-05,4.2987635574744005e-05,4.2809685053864,4.280960069444127,8.435942272733143e-06,3.872150616019659e-17,1.5488602464078636e-16,1.1616451848058975e-16,True,0.00593010000011418,0.0,,
137,arpack_matvec,central_difference,1.0,0.001992175341751609,0.24903933082034868,61213253.11745536,328.6983490303769,328.98869336192917,328.69853355093073,328.98890003125837,2,sparse_direct,not_applicable,1.5488602464078636e-16,1.5488602464078636e-16,0.002872400000342168,0.002590000003692694,0.0,0.0,4.298754886246823e-05,4.2987637717331904e-05,4.280968704776915,4.280959856072709,8.84870420581052e-06,0.0,3.872150616019659e-17,3.872150616019659e-17,True,0.005822799997986294,0.0,,
138,arpack_matvec,central_difference,1.0,0.001992175341751609,0.2680323966392392,76731263.16975224,328.6984741104501,328.98876141288173,328.6986705392437,328.9886751703423,2,sparse_direct,not_applicable,1.5488602464078636e-16,1.1616451848058975e-16,0.002714399990509264,0.0033445000008214265,0.015625,0.0,4.2987562884004496e-05,4.29876234963933e-05,4.280967308425181,4.280961272277242,6.036147938814906e-06,0.0,3.872150616019659e-17,3.872150616019659e-17,True,0.006478800001787022,0.015625,,
139,arpack_matvec,central_difference,1.0,0.001992175341751609,0.2727375995941877,67769314.34127823,328.69850923426213,328.98879470452596,328.6987013109528,328.988646667121,2,sparse_direct,not_applicable,1.1616451848058975e-16,2.323290369611795e-16,0.0023038000072119758,0.0036072000075364485,0.0,0.0,4.298756560977829e-05,4.2987620890885554e-05,4.28096703697579,4.280961531749098,5.505226692292808e-06,1.1616451848058975e-16,3.872150616019659e-17,1.5488602464078636e-16,True,0.00656429999799002,0.0,,
140,arpack_matvec,central_difference,1.0,0.001992175341751609,0.2566027485371598,77353095.95439816,328.69845339316856,328.98883817364367,328.6985949342627,328.9888397772445,2,sparse_direct,not_applicable,1.5488602464078636e-16,1.9360753080098294e-16,0.003526500004227273,0.003159700005198829,0.015625,0.0,4.2987557148661876e-05,4.298762925205752e-05,4.280967879586138,4.2809606990943045,7.180491833125302e-06,0.0,3.872150616019659e-17,3.872150616019659e-17,True,0.006998099997872487,0.015625,,
141,arpack_matvec,central_difference,1.0,0.001992175341751609,0.24217660833744453,50878957.210267454,328.6984247556049,328.9888367752757,328.69846830235895,328.9890745899911,2,sparse_direct,not_applicable,1.1616451848058975e-16,2.710505431213761e-16,0.005265800005872734,0.018512499998905696,0.0,0.0,4.2987544856585516e-05,4.298764180830023e-05,4.280969103707782,4.280959448670245,9.655037536582256e-06,7.744301232039318e-17,7.744301232039318e-17,1.5488602464078636e-16,True,0.024251999988337047,0.0,,
142,arpack_matvec,central_difference,1.0,0.001992175341751609,0.23149160153513762,62437621.07627212,328.69855633397077,328.98870486758534,328.69858572913154,328.9888546697758,2,sparse_direct,not_applicable,1.4036545983071262e-16,1.476257422357495e-16,0.002449699997669086,0.002669100009370595,0.015625,0.0,4.298755091442738e-05,4.298763556465131e-05,4.280968500430012,4.2809600704492174,8.42998079431112e-06,3.872150616019659e-17,7.744301232039318e-17,3.872150616019659e-17,True,0.005477899991092272,0.015625,,
143,arpack_matvec,central_difference,1.0,0.001992175341751609,0.30900797085405485,66600769.07060101,328.6987395625623,328.98851048061994,328.69874106186614,328.9888717908334,2,sparse_direct,not_applicable,2.323290369611795e-16,1.9360753080098294e-16,0.0026079999952344224,0.004040399988298304,0.0,0.0,4.298755842847483e-05,4.298762804725802e-05,4.28096775213442,4.280960819075322,6.9330590983796014e-06,3.872150616019659e-17,0.0,3.872150616019659e-17,True,0.006949000002350658,0.0,,
144,arpack_matvec,central_difference,1.0,0.001992175341751609,0.3169735571789196,81420257.17981167,328.6988495785572,328.98841157940404,328.6987232837744,328.98886202078177,2,sparse_direct,not_applicable,2.323290369611795e-16,1.1616451848058975e-16,0.004843599992454983,0.0021025000023655593,0.015625,0.0,4.2987569749826135e-05,4.298761656364462e-05,4.28096662468432,4.280961962681386,4.662002933919496e-06,0.0,3.872150616019659e-17,3.872150616019659e-17,True,0.007235699988086708,0.015625,,
145,arpack_matvec,central_difference,1.0,0.001992175341751609,0.26730638424749514,50417717.56764534,328.6988493189501,328.98806290826127,328.6984771546549,328.9890914063724,2,sparse_direct,not_applicable,1.1616451848058975e-16,1.9360753080098294e-16,0.0031756999960634857,0.003146500006550923,0.0,0.0,4.298757278526244e-05,4.298761381349416e-05,4.280966322396922,4.280962236557707,4.0858392145182165e-06,3.872150616019659e-17,1.5488602464078636e-16,1.1616451848058975e-16,True,0.006708000000799075,0.0,,
146,arpack_matvec,central_difference,1.0,0.001992175341751609,0.24666827652428225,57365702.59150604,328.69879499920285,328.9881248382918,328.69844200173935,328.9891188062893,2,sparse_direct,not_applicable,1.5488602464078636e-16,1.5488602464078636e-16,0.007716599997365847,0.0033762000093702227,0.015625,0.0,4.298758401118178e-05,4.298760232390571e-05,4.280965204451269,4.280963380759561,1.8236917087577353e-06,3.872150616019659e-17,3.872150616019659e-17,7.744301232039318e-17,True,0.011576599994441494,0.015625,,
147,arpack_matvec,central_difference,1.0,0.001992175341751609,0.2663717809687709,49341467.913924575,328.69860799037116,328.98839904340724,328.69823542721446,328.989425484915,2,sparse_direct,not_applicable,1.5488602464078636e-16,1.9360753080098294e-16,0.00399219999962952,0.00735319999512285,0.0,0.015625,4.298760001433415e-05,4.298758653187288e-05,4.280963610760567,4.280964953425525,1.3426649578818228e-06,3.872150616019659e-17,0.0,3.872150616019659e-17,True,0.011716599998180754,0.015625,,
148,arpack_matvec,central_difference,1.0,0.001992175341751609,0.23343223809591432,73113702.60857958,328.69865230037664,328.98843595679864,328.69827925939836,328.9893847604786,2,sparse_direct,not_applicable,1.1616451848058975e-16,1.1616451848058975e-16,0.009209199997712858,0.010152300004847348,0.0,0.0,4.2987607326468454e-05,4.298757902759868e-05,4.2809628825744035,4.280965700746858,2.818172454510659e-06,3.872150616019659e-17,0.0,3.872150616019659e-17,True,0.019871900003636256,0.0,,
149,arpack_matvec,central_difference,1.0,0.001992175341751609,0.19756166385641208,50965670.923209436,328.69844613342536,328.98871400247737,328.69813348052617,328.9897293674965,2,sparse_direct,not_applicable,1.9360753080098294e-16,1.5488602464078636e-16,0.005592600005911663,0.005923199991229922,0.0,0.0,4.298763408279452e-05,4.298755275766698e-05,4.280960218021185,4.280968316868721,8.09884753572021e-06,1.1616451848058975e-16,1.1616451848058975e-16,2.323290369611795e-16,True,0.012167099994258024,0.0,,
150,arpack_matvec,central_difference,1.0,0.001992175341751609,0.20941972721685068,71080865.91936181,328.69859754216225,328.9884848582466,328.69835868711505,328.98941688760567,2,sparse_direct,not_applicable,1.9360753080098294e-16,1.2826498915565119e-16,0.003640900002210401,0.004178199989837594,0.0,0.0,4.298763221822544e-05,4.2987554233160295e-05,4.280960403705896,4.280968169929909,7.766224013217027e-06,3.872150616019659e-17,3.872150616019659e-17,7.744301232039318e-17,True,0.008291199992527254,0.0,,
151,arpack_matvec,central_difference,1.0,0.001992175341751609,0.29092734086770305,51110839.00889299,328.69872833497504,328.9883694635097,328.69857217663633,328.9891719194696,2,sparse_direct,not_applicable,1.9602762493599521e-16,2.323290369611795e-16,0.005452099998365156,0.0034007000067504123,0.015625,0.0,4.2987637206083715e-05,4.2987549307734404e-05,4.280959906985788,4.280968660434527,8.753448739184932e-06,7.744301232039318e-17,0.0,7.744301232039318e-17,True,0.00947860001178924,0.015625,,
152,arpack_matvec,central_difference,1.0,0.001992175341751609,0.2917492851195249,74541610.93332723,328.6988619954657,328.9884730209456,328.6987095154485,328.98894940278507,2,sparse_direct,not_applicable,1.5488602464078636e-16,1.5488602464078636e-16,0.00285279999661725,0.003258199998526834,0.0,0.0,4.298763112754877e-05,4.29875551552984e-05,4.280960512321875,4.28096807809766,7.565775784534878e-06,3.872150616019659e-17,3.872150616019659e-17,0.0,True,0.006639599989284761,0.0,,
153,arpack_matvec,central_difference,1.0,0.001992175341751609,0.22389208439720082,53561277.61855039,328.6987100659053,328.988542545614,328.6986811284272,328.9889316978171,2,sparse_direct,not_applicable,1.5488602464078636e-16,1.9360753080098294e-16,0.00251130000106059,0.0037815999967278913,0.0,0.015625,4.298766207437407e-05,4.2987524606509045e-05,4.280957430457668,4.280971120338246,1.3689880578482416e-05,3.872150616019659e-17,7.744301232039318e-17,3.872150616019659e-17,True,0.006998700002441183,0.015625,,
154,arpack_matvec,central_difference,1.0,0.001992175341751609,0.25259078011647795,86081500.05032428,328.6986456749058,328.9886005957199,328.69872514154514,328.9886989345258,2,sparse_direct,not_applicable,1.5488602464078636e-16,1.2100470675061434e-16,0.004186000005574897,0.002820700014126487,0.0,0.0,4.2987641087206474e-05,4.2987545201648815e-05,4.280959520480958,4.2809690693442155,9.548863257435869e-06,0.0,3.872150616019659e-17,3.872150616019659e-17,True,0.0074495000008028,0.0,,
155,arpack_matvec,central_difference,1.0,0.001992175341751609,0.22190996444712646,43571031.66549023,328.6983576292664,328.98870161356854,328.6984031395518,328.98867912051577,2,sparse_direct,not_applicable,1.5488602464078636e-16,1.9360753080098294e-16,0.002811800004565157,0.003762799999094568,0.0,0.015625,4.298766890209992e-05,4.2987517734658815e-05,4.280956750513757,4.2809718046809095,1.5054167152861453e-05,0.0,0.0,0.0,True,0.006958799989661202,0.015625,,
156,arpack_matvec,central_difference,1.0,0.001992175341751609,0.25081271324286974,64666928.56015815,328.69845678106674,328.98872535774865,328.69863431536777,328.98848555357057,2,sparse_direct,not_applicable,2.323290369611795e-16,2.323290369611795e-16,0.0026759000029414892,0.002956099997390993,0.0,0.0,4.298764053993736e-05,4.298754574359371e-05,4.280959574981202,4.280969015373949,9.440392746640214e-06,0.0,7.744301232039318e-17,7.744301232039318e-17,True,0.005975599997327663,0.0,,
157,arpack_matvec,central_difference,1.0,0.001992175341751609,0.32859329980484164,67553263.35864972,328.69840691824265,328.98882204239897,328.6987232385182,328.9885056801237,2,sparse_direct,not_applicable,2.323290369611795e-16,1.9360753080098294e-16,0.004426400002557784,0.003552599999238737,0.0,0.015625,4.298763182976543e-05,4.29875546029448e-05,4.280960442391021,4.280968133104467,7.69071344564054e-06,7.744301232039318e-17,1.5488602464078636e-16,2.323290369611795e-16,True,0.008516900008544326,0.015625,,
158,arpack_matvec,central_difference,1.0,0.001992175341751609,0.271177473764093,83217751.6062312,328.69843553287274,328.9888165547708,328.6988458603482,328.98854425123847,2,sparse_direct,not_applicable,1.5488602464078636e-16,1.1616451848058975e-16,0.0027646999951684847,0.0024935999972512946,0.0,0.0,4.2987621319265074e-05,4.298756494734339e-05,4.280961489088532,4.280967102945146,5.61385661423941e-06,7.744301232039318e-17,1.1616451848058975e-16,1.9360753080098294e-16,True,0.0056647000019438565,0.0,,
159,arpack_matvec,central_difference,1.0,0.001992175341751609,0.268425573027931,50755574.43932821,328.6982964327999,328.98891034564986,328.6988110259185,328.9886313530441,2,sparse_direct,not_applicable,1.5488602464078636e-16,2.710505431213761e-16,0.0027064000023528934,0.0030331000016303733,0.0,0.0,4.298761833279914e-05,4.298756829413904e-05,4.280961786498487,4.2809667696505995,4.983152112281175e-06,3.872150616019659e-17,1.1616451848058975e-16,7.744301232039318e-17,True,0.006057800012058578,0.0,,
160,arpack_matvec,central_difference,1.0,0.001992175341751609,0.23118474862234384,58592601.41195846,328.6983936437358,328.9888129146402,328.698906048496,328.9887090952533,2,sparse_direct,not_applicable,1.5488602464078636e-16,1.5488602464078636e-16,0.0032884999964153394,0.0035029999999096617,0.015625,0.0,4.298760623537396e-05,4.298758014802392e-05,4.280962991232117,4.280965589168072,2.59793595436264e-06,1.1616451848058975e-16,7.744301232039318e-17,3.872150616019659e-17,True,0.007247599991387688,0.015625,,
161,arpack_matvec,central_difference,1.0,0.001992175341751609,0.22758057231250273,52678576.21655456,328.69834328825925,328.9887531760508,328.6990042746584,328.98891731303627,2,sparse_direct,not_applicable,3.872150616019659e-16,1.5488602464078636e-16,0.002215600005001761,0.0028836999990744516,0.0,0.0,4.298759504547567e-05,4.298759189253245e-05,4.280964105589421,4.280964419578554,3.139891333603373e-07,1.5488602464078636e-16,7.744301232039318e-17,2.323290369611795e-16,True,0.0053690999920945615,0.0,,
162,arpack_matvec,central_difference,1.0,0.001992175341751609,0.23221004745683768,64185439.74891326,328.69856612078325,328.9885869306922,328.6989612396269,328.98887815171634,2,sparse_direct,not_applicable,2.323290369611795e-16,2.323290369611795e-16,0.0030125000048428774,0.003384299998288043,0.0,0.015625,4.2987585495322716e-05,4.298760091586975e-05,4.280965056651489,4.280963520980235,1.5356712541603201e-06,7.744301232039318e-17,3.872150616019659e-17,1.1616451848058975e-16,True,0.006772900000214577,0.015625,,
163,arpack_matvec,central_difference,1.0,0.001992175341751609,0.2717971636429337,64284333.881976955,328.6985296432334,328.98839327907774,328.6989146617334,328.9890198251883,2,sparse_direct,not_applicable,3.097720492815727e-16,1.9360753080098294e-16,0.0038569999887840822,0.0023216000117827207,0.0,0.0,4.298757017881069e-05,4.2987616530950655e-05,4.2809665819633995,4.280961965937245,4.616026154202757e-06,7.744301232039318e-17,7.744301232039318e-17,0.0,True,0.00654420000500977,0.0,,
164,arpack_matvec,central_difference,1.0,0.001992175341751609,0.22250235261137857,78594958.8753915,328.6984621055804,328.98826773417034,328.69882854888675,328.9890487830018,2,sparse_direct,not_applicable,1.5488602464078636e-16,1.1616451848058975e-16,0.0020758000027853996,0.001708900002995506,0.0,0.0,4.298756145029566e-05,4.298762486373462e-05,4.280967451202777,4.280961136109328,6.315093449060782e-06,3.872150616019659e-17,7.744301232039318e-17,3.872150616019659e-17,True,0.004041799998958595,0.0,,
165,arpack_matvec,central_difference,1.0,0.001992175341751609,0.25621070535574864,54441895.51323955,328.6984068057586,328.98823394913967,328.6987570075834,328.9890753675347,2,sparse_direct,not_applicable,1.5488602464078636e-16,1.5488602464078636e-16,0.0023483000113628805,0.0020010000007459894,0.015625,0.0,4.2987553158435615e-05,4.298763347558007e-05,4.280968276957684,4.280960278491155,7.998466529102188e-06,3.872150616019659e-17,0.0,3.872150616019659e-17,True,0.004769500010297634,0.015625,,
166,arpack_matvec,central_difference,1.0,0.001992175341751609,0.21592844455000912,78725642.74837625,328.69843465392296,328.9882225902823,328.6987523505789,328.98905524439186,2,sparse_direct,not_applicable,2.323290369611795e-16,1.9360753080098294e-16,0.002905600005760789,0.003125899995211512,0.0,0.0,4.2987547357257447e-05,4.29876389612272e-05,4.280968854675214,4.280959732198359,9.122476854805939e-06,7.744301232039318e-17,7.744301232039318e-17,0.0,True,0.0064384999859612435,0.0,,
167,arpack_matvec,central_difference,1.0,0.001992175341751609,0.2591666130367482,61488587.48268585,328.6985103398022,328.9882267497971,328.69877029277245,328.9890063714542,2,sparse_direct,not_applicable,1.1616451848058975e-16,1.5488602464078636e-16,0.0023197999980766326,0.0025591000012354925,0.0,0.0,4.298754239453973e-05,4.298764435536967e-05,4.280969348893743,4.2809591950182675,1.0153875475538143e-05,3.872150616019659e-17,1.5488602464078636e-16,1.1616451848058975e-16,True,0.005244600004516542,0.0,,
168,arpack_matvec,central_difference,1.0,0.001992175341751609,0.26130075984069284,70319390.54234505,328.6987153498856,328.9884134257993,328.6988234264554,328.9887970164463,2,sparse_direct,not_applicable,2.323290369611795e-16,1.1616451848058975e-16,0.0024209999974118546,0.0025701999984448776,0.015625,0.0,4.298755688137781e-05,4.298762944595468e-05,4.280967906203945,4.2809606797848865,7.2264190587034705e-06,3.872150616019659e-17,7.744301232039318e-17,1.1616451848058975e-16,True,0.005344299992430024,0.015625,,
169,arpack_matvec,central_difference,1.0,0.001992175341751609,0.21798136923783354,44864866.328934565,328.6985976616874,328.9884472408438,328.6989429302482,328.9888045457279,2,sparse_direct,not_applicable,1.5488602464078636e-16,1.4036545983071262e-16,0.003448999996180646,0.0028147000120952725,0.0,0.0,4.2987530917775015e-05,4.298765611477605e-05,4.28097049182233,4.280958023948631,1.2467873699684162e-05,3.872150616019659e-17,3.872150616019659e-17,0.0,True,0.0067454000090947375,0.0,,
170,arpack_matvec,central_difference,1.0,0.001992175341751609,0.24190484889084887,59104456.25397443,328.69863001712616,328.98859646722696,328.6988888603716,328.9886102574965,2,sparse_direct,not_applicable,1.5488602464078636e-16,2.710505431213761e-16,0.0028817999991588295,0.003413300000829622,0.0,0.015625,4.298755796421197e-05,4.298762834174476e-05,4.2809677983685965,4.2809607897486,7.008619996362597e-06,7.744301232039318e-17,3.872150616019659e-17,3.872150616019659e-17,True,0.006685400003334507,0.015625,,
171,arpack_matvec,central_difference,1.0,0.001992175341751609,0.24480767566912887,51244851.30856184,328.6985106638197,328.98871978005434,328.6986495598161,328.9884913863658,2,sparse_direct,not_applicable,1.9360753080098294e-16,1.5488602464078636e-16,0.002794599990011193,0.004445800004759803,0.0,0.0,4.298755213162033e-05,4.298763454342929e-05,4.280968379214347,4.280960172148479,8.207065867793517e-06,0.0,7.744301232039318e-17,7.744301232039318e-17,True,0.00775699999940116,0.0,,
172,arpack_matvec,central_difference,1.0,0.001992175341751609,0.28136844133587136,90945600.5447388,328.69859202641635,328.9887147830191,328.6987075550902,328.98846210604256,2,sparse_direct,not_applicable,1.1616451848058975e-16,2.323290369611795e-16,0.0026662000018404797,0.0034463999909348786,0.0,0.015625,4.2987571840400864e-05,4.2987614382362775e-05,4.2809664164920385,4.280962179906388,4.236585650296831e-06,3.872150616019659e-17,3.872150616019659e-17,7.744301232039318e-17,True,0.006492100001196377,0.015625,,
173,arpack_matvec,central_difference,1.0,0.001992175341751609,0.23384590045909126,60761981.40335657,328.69839378018787,328.98889086353665,328.6982582080233,328.988691103773,2,sparse_direct,not_applicable,2.323290369611795e-16,1.9360753080098294e-16,0.003281600002082996,0.002832700003637001,0.0,0.0,4.298755995399172e-05,4.298762680193475e-05,4.28096760021399,4.28096094309194,6.657122050057751e-06,1.1616451848058975e-16,7.744301232039318e-17,1.9360753080098294e-16,True,0.006571400008397177,0.0,,
174,arpack_matvec,central_difference,1.0,0.001992175341751609,0.2524408683541328,76070461.16626483,328.69853958156284,328.98879492238717,328.6984554820089,328.98851824066446,2,sparse_direct,not_applicable,1.1616451848058975e-16,1.9360753080098294e-16,0.0034955000010086223,0.0022489999973913655,0.0,0.0,4.298757363332458e-05,4.298761262101741e-05,4.280966237941691,4.280962355311637,3.882630053908542e-06,7.744301232039318e-17,3.872150616019659e-17,1.1616451848058975e-16,True,0.006090700000640936,0.0,,
175,arpack_matvec,central_difference,1.0,0.001992175341751609,0.2302978925796739,42988785.94832694,328.6984514855509,328.9889143978216,328.69807711808727,328.98890068173773,2,sparse_direct,not_applicable,1.5488602464078636e-16,1.9360753080098294e-16,0.003290100008598529,0.002833600010490045,0.015625,0.0,4.298756726888499e-05,4.29876194287681e-05,4.280966871751714,4.280961677355407,5.194396306862359e-06,3.872150616019659e-17,7.744301232039318e-17,1.1616451848058975e-16,True,0.006505400000605732,0.015625,,
176,arpack_matvec,central_difference,1.0,0.001992175341751609,0.22076593190249158,67149050.976297,328.69864723385257,328.98876282671284,328.6984238668818,328.98857894741155,2,sparse_direct,not_applicable,1.645664011808355e-16,1.9360753080098294e-16,0.003967500000726432,0.0028371999942464754,0.0,0.0,4.298757851423518e-05,4.298760774551111e-05,4.280965751870732,4.280962840843632,2.91102710026081e-06,7.744301232039318e-17,7.744301232039318e-17,0.0,True,0.007409099998767488,0.0,,
177,arpack_matvec,central_difference,1.0,0.001992175341751609,0.20096397961440507,51218159.01190681,328.69872663391106,328.9887509217874,328.6981679404948,328.98883851053586,2,sparse_direct,not_applicable,1.5488602464078636e-16,1.5488602464078636e-16,0.0019226000003982335,0.00250909999886062,0.0,0.015625,4.2987576833096574e-05,4.298761015043e-05,4.280965919288794,4.280962601347452,3.3179413412298686e-06,0.0,3.872150616019659e-17,3.872150616019659e-17,True,0.004736400005640462,0.015625,,
178,arpack_matvec,central_difference,1.0,0.001992175341751609,0.2821915220329765,71530004.4004156,328.69888039853663,328.9885637234686,328.6986846016916,328.98864608224227,2,sparse_direct,not_applicable,1.1616451848058975e-16,2.710505431213761e-16,0.0022945999953662977,0.002848100004484877,0.0,0.0,4.298758851147513e-05,4.298759777075148e-05,4.28096475628472,4.280963834190028,9.220946921573159e-07,0.0,0.0,0.0,True,0.005482499997015111,0.0,,
179,arpack_matvec,central_difference,1.0,0.001992175341751609,0.26714227153704434,52639024.95344301,328.6990816479853,328.98841374108855,328.6984632495763,328.9888296074438,2,sparse_direct,not_applicable,1.1616451848058975e-16,1.5488602464078636e-16,0.002828099997714162,0.00294759999087546,0.0,0.0,4.298759204747193e-05,4.2987594734037775e-05,4.280964404148744,4.280964136604285,2.6754445858756526e-07,0.0,3.872150616019659e-17,3.872150616019659e-17,True,0.006167900006403215,0.0,,
180,arpack_matvec,central_difference,1.0,0.001992175341751609,0.19312504041524498,65260312.15238701,328.6990632662277,328.9881866631067,328.69821329713335,328.98905873336753,2,sparse_direct,not_applicable,1.5488602464078636e-16,1.5488602464078636e-16,0.002578999992692843,0.0034434999979566783,0.0,0.015625,4.2987599443310616e-05,4.298758713306526e-05,4.280963667626525,4.280964893555138,1.22592861373505e-06,3.872150616019659e-17,3.872150616019659e-17,0.0,True,0.006460999997216277,0.015625,,
181,arpack_matvec,central_difference,1.0,0.001992175341751609,0.17886615034002032,52409967.398937814,328.6988759279039,328.98826946095664,328.69789258495564,328.98934497791316,2,sparse_direct,not_applicable,7.744301232039318e-17,1.9360753080098294e-16,0.003147099996567704,0.002991799992742017,0.0,0.0,4.2987607341924345e-05,4.2987579854289205e-05,4.280962881035213,4.280965618419968,2.7373847544254204e-06,7.744301232039318e-17,7.744301232039318e-17,1.5488602464078636e-16,True,0.00658050000492949,0.0,,
182,arpack_matvec,central_difference,1.0,0.001992175341751609,0.20032249224502363,63247883.01232357,328.69880080648863,328.9882848142556,328.69812144843775,328.98917106355003,2,sparse_direct,not_applicable,1.9360753080098294e-16,1.5488602464078636e-16,0.002827599993906915,0.002201800001785159,0.0,0.015625,4.2987608115609166e-05,4.298757840453405e-05,4.280962803987056,4.280965762795441,2.9588083849674263e-06,1.1616451848058975e-16,1.9360753080098294e-16,7.744301232039318e-17,True,0.005331899999873713,0.015625,,
183,arpack_matvec,central_difference,1.0,0.001992175341751609,0.268565421276208,49260553.59900659,328.69879260828833,328.98827653831285,328.69816052809813,328.9891308159721,2,sparse_direct,not_applicable,4.2593656776216244e-16,1.9360753080098294e-16,0.0035107000003335997,0.0028808999923057854,0.0,0.0,4.2987609324702145e-05,4.2987577256769295e-05,4.280962683578358,4.280965877096873,3.1935185145215428e-06,3.872150616019659e-17,7.744301232039318e-17,3.872150616019659e-17,True,0.006794900007662363,0.0,,
184,arpack_matvec,central_difference,1.0,0.001992175341751609,0.23913860070181364,66645236.73618656,328.6988536656505,328.98818133371697,328.69832203041574,328.98899863505335,2,sparse_direct,not_applicable,1.5488602464078636e-16,1.5488602464078636e-16,0.002911500007030554,0.002361799997743219,0.0,0.0,4.298760894167125e-05,4.2987577351143504e-05,4.280962721722861,4.280965867698511,3.145975650653554e-06,1.1616451848058975e-16,1.1616451848058975e-16,0.0,True,0.005674700005329214,0.0,,
185,arpack_matvec,central_difference,1.0,0.001992175341751609,0.25441621910243295,47131600.513385996,328.6988270903295,328.9881910943758,328.69823920833363,328.9890848913403,2,sparse_direct,not_applicable,2.323290369611795e-16,1.9360753080098294e-16,0.0027979000005871058,0.0020804999949177727,0.015625,0.0,4.298761568727566e-05,4.298757093306788e-05,4.28096204995541,4.280966506849832,4.456894421522861e-06,0.0,7.744301232039318e-17,7.744301232039318e-17,True,0.005276900003082119,0.015625,,
186,arpack_matvec,central_difference,1.0,0.001992175341751609,0.2877798645126361,77225496.636384,328.69898635658114,328.9883376028238,328.6984686745972,328.9888839259696,2,sparse_direct,not_applicable,1.1616451848058975e-16,1.5488602464078636e-16,0.003162500011967495,0.00351879998925142,0.0,0.0,4.298761149432812e-05,4.2987574763577024e-05,4.280962467514066,4.280966125384223,3.65787015699226e-06,3.872150616019659e-17,3.872150616019659e-17,7.744301232039318e-17,True,0.007198999999673106,0.0,,
187,arpack_matvec,central_difference,1.0,0.001992175341751609,0.28326572449862525,58432577.79791552,328.6990524243505,328.9883035238993,328.6983903650789,328.98896608361827,2,sparse_direct,not_applicable,1.9360753080098294e-16,9.19635771304669e-17,0.0024169999960577115,0.002771200001006946,0.0,0.0,4.29876218293415e-05,4.2987564661633844e-05,4.280961438292107,4.280967131397866,5.693105759263517e-06,7.744301232039318e-17,3.872150616019659e-17,3.872150616019659e-17,True,0.005606700011412613,0.0,,
188,arpack_matvec,central_difference,1.0,0.001992175341751609,0.24190051600484097,78974567.51388846,328.6990423190963,328.9883879464219,328.6984762480157,328.9888937314423,2,sparse_direct,not_applicable,1.9360753080098294e-16,1.1616451848058975e-16,0.0020992000063415617,0.00270470000396017,0.015625,0.0,4.298762369766688e-05,4.298756266875708e-05,4.280961252233232,4.28096732986085,6.077627618061854e-06,7.744301232039318e-17,0.0,7.744301232039318e-17,True,0.0050788999942597,0.015625,,
189,arpack_matvec,central_difference,1.0,0.001992175341751609,0.3290151862457212,55114929.27606225,328.69902171930784,328.98842562859915,328.6985081466264,328.9888720065267,2,sparse_direct,not_applicable,1.1616451848058975e-16,2.323290369611795e-16,0.003824200000963174,0.0024984999909065664,0.0,0.0,4.298762752961686e-05,4.2987558998152366e-05,4.280960870625073,4.280967695402397,6.824777324609954e-06,3.872150616019659e-17,0.0,3.872150616019659e-17,True,0.006780600000638515,0.0,,
190,arpack_matvec,central_difference,1.0,0.001992175341751609,0.21760366430260056,64080909.435876355,328.69919362359144,328.98830764200045,328.69829846666363,328.9890964892965,2,sparse_direct,not_applicable,1.5488602464078636e-16,3.097720492815727e-16,0.0030761999951209873,0.002335900004254654,0.0,0.0,4.298765393621903e-05,4.2987532617174784e-05,4.280958240901879,4.280970322585349,1.208168346966687e-05,7.744301232039318e-17,3.872150616019659e-17,1.1616451848058975e-16,True,0.006138500000815839,0.0,,
191,arpack_matvec,central_difference,1.0,0.001992175341751609,0.22256083068053312,47104984.4213866,328.6992984344393,328.9882267387032,328.6981898739198,328.9892192599954,2,sparse_direct,not_applicable,1.1616451848058975e-16,1.1616451848058975e-16,0.001999600004637614,0.0021803999989060685,0.0,0.0,4.298766665556398e-05,4.298752031434065e-05,4.280956974236605,4.280971547779718,1.4573543112739173e-05,3.872150616019659e-17,3.872150616019659e-17,0.0,True,0.004421999998157844,0.0,,
192,arpack_matvec,central_difference,1.0,0.001992175341751609,0.2521516251695359,68465959.45210662,328.6990295061096,328.98839826636436,328.6985465905396,328.9888447150949,2,sparse_direct,not_applicable,1.5488602464078636e-16,1.5488602464078636e-16,0.0026350999978603795,0.0026016000047093257,0.0,0.0,4.298761931476873e-05,4.2987567007946326e-05,4.280961688708138,4.280966897737595,5.209029456665348e-06,7.744301232039318e-17,0.0,7.744301232039318e-17,True,0.005594400005065836,0.0,,
193,arpack_matvec,central_difference,1.0,0.001992175341751609,0.32275950077734,63025466.25671603,328.69896406667897,328.9883887844721,328.69857208527173,328.9887728070644,2,sparse_direct,not_applicable,1.5488602464078636e-16,1.9360753080098294e-16,0.0034417999995639548,0.002778599999146536,0.0,0.0,4.298760186201937e-05,4.2987584674719643e-05,4.2809634267569745,4.2809651383721326,1.7116151580509609e-06,0.0,1.1616451848058975e-16,1.1616451848058975e-16,True,0.006718799995724112,0.0,,
194,arpack_matvec,central_difference,1.0,0.001992175341751609,0.3256505811341093,84955015.75339362,328.69891663012305,328.9884488645786,328.69860455907457,328.98875484757764,2,sparse_direct,not_applicable,1.2584489502063891e-16,2.323290369611795e-16,0.0031325000018114224,0.0036955000105081126,0.015625,0.0,4.298759243635983e-05,4.2987593814542514e-05,4.280964365420935,4.280964228173175,1.372477607120004e-07,1.1616451848058975e-16,0.0,1.1616451848058975e-16,True,0.007315100010600872,0.015625,,
195,arpack_matvec,central_difference,1.0,0.001992175341751609,0.21006000732301103,44968128.40629808,328.6987759144822,328.98832865180276,328.6982883946944,328.9890775204885,2,sparse_direct,not_applicable,1.452056481007372e-16,1.839271542609338e-16,0.0022810999944340438,0.003003799996804446,0.0,0.0,4.29875681160167e-05,4.298761859857498e-05,4.2809667873891195,4.280961760030955,5.027358164433338e-06,0.0,0.0,0.0,True,0.005645199998980388,0.0,,
196,arpack_matvec,central_difference,1.0,0.001992175341751609,0.2220997364739115,66793665.23661919,328.6989024909925,328.98844056520636,328.6984580216587,328.9889151777261,2,sparse_direct,not_applicable,1.5488602464078636e-16,1.7424677772088464e-16,0.0025351999938720837,0.002209500002209097,0.015625,0.0,4.298756791342914e-05,4.298761838431831e-05,4.280966807564036,4.280961781367903,5.026196133073313e-06,1.9360753080098294e-16,0.0,1.9360753080098294e-16,True,0.0050786999927368015,0.015625,,
197,arpack_matvec,central_difference,1.0,0.001992175341751609,0.2043180588214226,50147555.76567335,328.69903403254125,328.9884743345099,328.69839436403987,328.9889905420499,2,sparse_direct,not_applicable,1.5488602464078636e-16,3.4849355544176928e-16,0.003118599997833371,0.003682400012621656,0.0,0.0,4.298754314975797e-05,4.298764371828611e-05,4.280969273684371,4.280959258462749,1.0015221621806347e-05,1.1616451848058975e-16,7.744301232039318e-17,1.9360753080098294e-16,True,0.007254700001794845,0.0,,
198,arpack_matvec,central_difference,1.0,0.001992175341751609,0.2533241161017315,75024970.11784793,328.6990089231097,328.9885335594164,328.69855607713,328.9888303808101,2,sparse_direct,not_applicable,1.5488602464078636e-16,2.710505431213761e-16,0.0021071999944979325,0.0029685000044992194,0.0,0.0,4.2987554305892446e-05,4.2987632033190616e-05,4.280968162686789,4.280960422132748,7.740554041291148e-06,3.872150616019659e-17,1.1616451848058975e-16,7.744301232039318e-17,True,0.005344700010027736,0.0,,
199,arpack_matvec,central_difference,1.0,0.001992175341751609,0.33178055589948147,61707380.923843466,328.6989952130579,328.9885677380033,328.6985310722005,328.9888030740805,2,sparse_direct,not_applicable,1.1616451848058975e-16,1.5488602464078636e-16,0.002946200009319,0.002825300005497411,0.015625,0.0,4.298754340729994e-05,4.2987643016201707e-05,4.280969248036726,4.280959328380393,9.919656332790794e-06,7.744301232039318e-17,7.744301232039318e-17,0.0,True,0.006189799998537637,0.015625,,
200,arpack_matvec,central_difference,1.0,0.001992175341751609,0.30533836904010686,84882770.97710851,328.69894965047854,328.98857397633964,328.69855609056896,328.9887501227832,2,sparse_direct,not_applicable,1.5488602464078636e-16,1.452056481007372e-16,0.003558199998224154,0.002358099998673424,0.0,0.0,4.298754891397125e-05,4.298763730081743e-05,4.280968699647922,4.280959897551652,8.802096270521531e-06,0.0,0.0,0.0,True,0.0063045999995665625,0.0,,
201,arpack_matvec,central_difference,1.0,0.001992175341751609,0.27304514841753036,61213468.13488199,328.6990120271307,328.9885689189315,328.6983751493349,328.9888012961594,2,sparse_direct,not_applicable,1.3068508329066348e-16,1.9360753080098294e-16,0.002538300002925098,0.002749300008872524,0.0,0.015625,4.298752771570059e-05,4.298765884043536e-05,4.280970810705198,4.280957752511818,1.3058193379933414e-05,7.744301232039318e-17,7.744301232039318e-17,1.5488602464078636e-16,True,0.005568900000071153,0.015625,,
202,arpack_matvec,central_difference,1.0,0.001992175341751609,0.27944522190612536,77023493.2149396,328.6989654227226,328.9885570317052,328.6985230585186,328.988723961985,2,sparse_direct,not_applicable,1.5488602464078636e-16,2.323290369611795e-16,0.002818599998136051,0.002752100001089275,0.0,0.0,4.298754869054831e-05,4.2987637579717904e-05,4.280968721897774,4.2809598697771145,8.852120659597063e-06,0.0,7.744301232039318e-17,7.744301232039318e-17,True,0.005968800003756769,0.0,,
203,arpack_matvec,central_difference,1.0,0.001992175341751609,0.2494588404931949,46780706.264196575,328.6991278401421,328.988501114155,328.6982356821692,328.9887859756739,2,sparse_direct,not_applicable,1.9360753080098294e-16,1.9360753080098294e-16,0.004433099995367229,0.00280689999635797,0.0,0.0,4.2987531698815e-05,4.298765501519762e-05,4.280970414041425,4.280958133450977,1.2280590447666384e-05,3.872150616019659e-17,3.872150616019659e-17,0.0,True,0.007595400005811825,0.015625,,
204,arpack_matvec,central_difference,1.0,0.001992175341751609,0.26024910103678167,81429615.41380128,328.6990782184625,328.98849614494264,328.6984987314962,328.9887073834519,2,sparse_direct,not_applicable,8.712338886044232e-17,1.0164395367051604e-16,0.002592200005892664,0.0024274000024888664,0.0,0.0,4.2987559392969344e-05,4.2987626894993e-05,4.2809676560840755,4.280960933824652,6.722259423774801e-06,3.872150616019659e-17,1.5488602464078636e-16,1.1616451848058975e-16,True,0.005445899994811043,0.0,,
205,arpack_matvec,central_difference,1.0,0.001992175341751609,0.23218802016249243,53705311.27777414,328.69928310483897,328.9883892912876,328.69820766225877,328.98877759541676,2,sparse_direct,not_applicable,1.5488602464078636e-16,1.5488602464078636e-16,0.002653699993970804,0.004237300003296696,0.0,0.0,4.298755275229855e-05,4.298763411699155e-05,4.280968317403342,4.280960214615645,8.10278769769468e-06,0.0,7.744301232039318e-17,7.744301232039318e-17,True,0.007284799998160452,0.0,,
206,arpack_matvec,central_difference,1.0,0.001992175341751609,0.2637505494154704,80855587.01799141,328.69913853559626,328.9884431848478,328.6983249555198,328.9887335451454,2,sparse_direct,not_applicable,2.323290369611795e-16,1.9360753080098294e-16,0.003257200005464256,0.0029715999990003183,0.015625,0.0,4.298757323127742e-05,4.298761305938106e-05,4.280966277980013,4.280962311656776,3.966323236959113e-06,3.872150616019659e-17,0.0,3.872150616019659e-17,True,0.006620700005441904,0.015625,,
207,arpack_matvec,central_difference,1.0,0.001992175341751609,0.25671233854122666,40087131.13903631,328.69934056011107,328.9883796869134,328.69797308940133,328.98886060788317,2,sparse_direct,not_applicable,1.5488602464078636e-16,1.9360753080098294e-16,0.002837699998053722,0.0028021000034641474,0.0,0.0,4.2987576411671e-05,4.298761020489009e-05,4.280965961256932,4.280962595923992,3.3653329403193766e-06,3.872150616019659e-17,7.744301232039318e-17,3.872150616019659e-17,True,0.006049400006304495,0.0,,
208,arpack_matvec,central_difference,1.0,0.001992175341751609,0.2589118461588995,72416421.9773609,328.6991553285599,328.98845942861095,328.6982382272774,328.9887755764554,2,sparse_direct,not_applicable,1.0648414194054061e-16,1.5488602464078636e-16,0.002210000006016344,0.0027017999964300543,0.0,0.015625,4.298759032756629e-05,4.298759594968896e-05,4.280964575427356,4.2809640155424065,5.598849499577341e-07,0.0,0.0,0.0,True,0.006937199999811128,0.015625,,
209,arpack_matvec,central_difference,1.0,0.001992175341751609,0.2323602302603525,53102521.29424882,328.6992591295723,328.9884610952081,328.6980809745024,328.98884169817126,2,sparse_direct,not_applicable,1.5488602464078636e-16,1.2584489502063891e-16,0.002815500003634952,0.002829699995345436,0.0,0.0,4.298760612053272e-05,4.298758072188193e-05,4.280963002668695,4.28096553201979,2.529351094793242e-06,0.0,0.0,0.0,True,0.0060615999973379076,0.0,,
210,arpack_matvec,central_difference,1.0,0.001992175341751609,0.2695962680434054,87330727.21939296,328.69902906458424,328.9885575813273,328.6984649823528,328.98870211690695,2,sparse_direct,not_applicable,1.5488602464078636e-16,1.5488602464078636e-16,0.003077600005781278,0.0029744999919785187,0.0,0.0,4.298761153349226e-05,4.298757475625093e-05,4.280962463613868,4.280966126113801,3.6624999326662078e-06,3.872150616019659e-17,7.744301232039318e-17,3.872150616019659e-17,True,0.006382899999152869,0.0,,
211,arpack_matvec,central_difference,1.0,0.001992175341751609,0.2543362112391573,57416425.23248142,328.6991166031168,328.9886287343484,328.69840053361617,328.988730089854,2,sparse_direct,not_applicable,1.5488602464078636e-16,1.5488602464078636e-16,0.002486700002918951,0.0025833999970927835,0.015625,0.0,4.298764147243496e-05,4.2987545228054925e-05,4.280959482117663,4.28096906671453,9.584596866396566e-06,7.744301232039318e-17,0.0,7.744301232039318e-17,True,0.005430399993201718,0.015625,,
212,arpack_matvec,central_difference,1.0,0.001992175341751609,0.21143739284749044,72170283.76850422,328.69907038185215,328.98867902459233,328.6984931977356,328.9886825360151,2,sparse_direct,not_applicable,1.452056481007372e-16,1.452056481007372e-16,0.0028282999992370605,0.0027590999961830676,0.0,0.0,4.298764904101971e-05,4.298753732015773e-05,4.2809587283940855,4.28096985423262,1.1125838534908894e-05,0.0,3.872150616019659e-17,3.872150616019659e-17,True,0.005991099998936988,0.0,,
213,arpack_matvec,central_difference,1.0,0.001992175341751609,0.22486205546378488,47795455.52215401,328.6991349610459,328.9887432528385,328.6983240817425,328.9887355037389,2,sparse_direct,not_applicable,1.5488602464078636e-16,1.9360753080098294e-16,0.0028782000008504838,0.002085799991618842,0.0,0.015625,4.2987680870185096e-05,4.298750573779408e-05,4.280955558664045,4.280972999405721,1.7440741675756044e-05,0.0,3.872150616019659e-17,3.872150616019659e-17,True,0.00582350000331644,0.015625,,
214,arpack_matvec,central_difference,1.0,0.001992175341751609,0.23411810198896293,70308567.79168089,328.69903176120687,328.9886594525455,328.6985196275074,328.98864308317985,2,sparse_direct,not_applicable,1.9360753080098294e-16,1.1616451848058975e-16,0.0028839999868068844,0.002762000003713183,0.0,0.0,4.298763456699312e-05,4.298755170197401e-05,4.280960169801855,4.280968422001206,8.252199351410638e-06,0.0,3.872150616019659e-17,3.872150616019659e-17,True,0.006052800003089942,0.0,,
215,arpack_matvec,central_difference,1.0,0.001992175341751609,0.24765393863835458,43220619.04856967,328.69913430511565,328.9886880068147,328.69838706351067,328.9886417902229,2,sparse_direct,not_applicable,1.5972621291081093e-16,1.452056481007372e-16,0.0027276999899186194,0.0029055999912088737,0.0,0.0,4.2987644299740364e-05,4.298754242583144e-05,4.280959200558158,4.280969345777518,1.0145219360602198e-05,0.0,0.0,0.0,True,0.006021399996825494,0.0,,
216,arpack_matvec,central_difference,1.0,0.001992175341751609,0.2715757300504153,73125390.80907005,328.69899176464764,328.98864627294313,328.69854865478135,328.9885793100078,2,sparse_direct,not_applicable,2.323290369611795e-16,1.5488602464078636e-16,0.005049100000178441,0.0049965000071097165,0.0,0.0,4.298761610628857e-05,4.2987570134622266e-05,4.2809620082276165,4.280966586363954,4.5781363375851925e-06,1.5488602464078636e-16,3.872150616019659e-17,1.9360753080098294e-16,True,0.010632799996528774,0.0,,
217,arpack_matvec,central_difference,1.0,0.001992175341751609,0.23413376650639958,49738924.87699536,328.6991259139488,328.98870341635944,328.69837129773754,328.9885157057541,2,sparse_direct,not_applicable,1.9360753080098294e-16,1.1616451848058975e-16,0.0027683000080287457,0.001997200000914745,0.0,0.0,4.2987619774136337e-05,4.2987566970929915e-05,4.280961642961593,4.280966901423917,5.25846232424243e-06,3.872150616019659e-17,1.1616451848058975e-16,7.744301232039318e-17,True,0.005143000002135523,0.0,,
218,arpack_matvec,central_difference,1.0,0.001992175341751609,0.23317963830921212,72610829.19878238,328.69900212284017,328.9886501292121,328.69853355562714,328.9885043455387,2,sparse_direct,not_applicable,2.710505431213761e-16,2.323290369611795e-16,0.0034381000004941598,0.0020890000014333054,0.0,0.0,4.298760050427106e-05,4.298758577849664e-05,4.280963561969705,4.280965028451309,1.4664816037068817e-06,3.872150616019659e-17,3.872150616019659e-17,0.0,True,0.005951099999947473,0.0,,
219,arpack_matvec,central_difference,1.0,0.001992175341751609,0.2930709966894749,47459770.78034935,328.69899703647275,328.9886868549593,328.6985536553162,328.9885223159732,2,sparse_direct,not_applicable,1.5488602464078636e-16,1.1616451848058975e-16,0.002834899991285056,0.0027633999998215586,0.0,0.0,4.298758714981732e-05,4.2987599412817484e-05,4.280964891886867,4.280963670663214,1.2212236528696963e-06,3.872150616019659e-17,7.744301232039318e-17,1.1616451848058975e-16,True,0.0060145000024931505,0.0,,
220,arpack_matvec,central_difference,1.0,0.001992175341751609,0.22867629921561164,72583395.73820026,328.6989731530203,328.98869218835847,328.6986059884285,328.98855998752185,2,sparse_direct,not_applicable,1.9360753080098294e-16,2.323290369611795e-16,0.0022637000074610114,0.0027123000036226586,0.0,0.0,4.2987575294629264e-05,4.2987611044967595e-05,4.280966072498788,4.280962512264065,3.5602347230323517e-06,7.744301232039318e-17,0.0,7.744301232039318e-17,True,0.005605599988484755,0.0,,
221,arpack_matvec,central_difference,1.0,0.001992175341751609,0.22211684735906775,43147755.03441483,328.6990158070139,328.9887533788661,328.6985429947185,328.9886083822939,2,sparse_direct,not_applicable,2.323290369611795e-16,2.323290369611795e-16,0.0031922000052873045,0.0026095999928656965,0.015625,0.0,4.298755001105063e-05,4.298763685154547e-05,4.280968590393906,4.280959942292776,8.648101129438146e-06,7.744301232039318e-17,3.872150616019659e-17,3.872150616019659e-17,True,0.006156499992357567,0.015625,,
222,arpack_matvec,central_difference,1.0,0.001992175341751609,0.25042070628078356,71702124.22170869,328.6989185210409,328.9886943000089,328.69862145552685,328.98863259506874,2,sparse_direct,not_applicable,1.1616451848058975e-16,1.9360753080098294e-16,0.002842600006260909,0.003562400001101196,0.0,0.0,4.298755404169573e-05,4.298763225813059e-05,4.280968188997142,4.280960399731907,7.789265235480514e-06,7.744301232039318e-17,0.0,7.744301232039318e-17,True,0.006815100001404062,0.0,,
223,arpack_matvec,central_difference,1.0,0.001992175341751609,0.22871574803985434,54204193.01206326,328.6989532861749,328.98874377605927,328.6985353066998,328.98869272864613,2,sparse_direct,not_applicable,3.4849355544176928e-16,1.5488602464078636e-16,0.0027849000034620985,0.004315999991376884,0.015625,0.0,4.298752646875328e-05,4.298766024147462e-05,4.280970934884128,4.280957612988293,1.332189583536092e-05,7.744301232039318e-17,7.744301232039318e-17,1.5488602464078636e-16,True,0.007505800007493235,0.015625,,
224,arpack_matvec,central_difference,1.0,0.001992175341751609,0.2744630125656963,68387402.97282341,328.6988729666665,328.9886667731137,328.69864139644164,328.98866094498834,2,sparse_direct,not_applicable,1.5488602464078636e-16,1.5488602464078636e-16,0.0023388999979943037,0.004123099992284551,0.0,0.0,4.2987549117467846e-05,4.298763712953296e-05,4.280968679382459,4.280959914609159,8.76477330002956e-06,0.0,3.872150616019659e-17,3.872150616019659e-17,True,0.0068439000024227425,0.0,,
225,arpack_matvec,central_difference,1.0,0.001992175341751609,0.25972691014972094,48816591.077690326,328.6988725659601,328.9886808600248,328.6986074384861,328.98869433471907,2,sparse_direct,not_applicable,1.1616451848058975e-16,1.5488602464078636e-16,0.003514799987897277,0.005079199996544048,0.0,0.015625,4.298753319006347e-05,4.298765348891651e-05,4.280970265533472,4.280958285446841,1.198008663028105e-05,7.744301232039318e-17,3.872150616019659e-17,1.1616451848058975e-16,True,0.009162399990600534,0.015625,,
226,arpack_matvec,central_difference,1.0,0.001992175341751609,0.22782122282632933,72914238.78503726,328.6987741480951,328.9886561023153,328.69867576677643,328.98866093610144,2,sparse_direct,not_applicable,1.5488602464078636e-16,1.1616451848058975e-16,0.0031387000053655356,0.002725999991525896,0.0,0.0,4.298754173580447e-05,4.298764458548475e-05,4.280969414494737,4.280959172102073,1.0242392663784017e-05,0.0,0.0,0.0,True,0.0062212000048020855,0.0,,
227,arpack_matvec,central_difference,1.0,0.001992175341751609,0.20764635363260195,45186340.28906881,328.698459522255,328.9889681064134,328.69864663346016,328.9886833738436,2,sparse_direct,not_applicable,2.323290369611795e-16,2.710505431213761e-16,0.0029974999924888834,0.0030764999974053353,0.0,0.015625,4.298751030058433e-05,4.2987676538858986e-05,4.280972545013696,4.2809559900019565,1.6555011739249892e-05,0.0,1.1616451848058975e-16,1.1616451848058975e-16,True,0.00643760000821203,0.015625,,
228,arpack_matvec,central_difference,1.0,0.001992175341751609,0.30840656814913914,100799730.34324498,328.6987266190709,328.9886627254031,328.69876550742464,328.98858500910166,2,sparse_direct,not_applicable,1.452056481007372e-16,1.1616451848058975e-16,0.0034659000084502622,0.0029971000039950013,0.0,0.0,4.2987554468382564e-05,4.298763172748587e-05,4.280968146505011,4.280960452576619,7.693928392171756e-06,7.744301232039318e-17,3.872150616019659e-17,3.872150616019659e-17,True,0.0068285000015748665,0.0,,
229,arpack_matvec,central_difference,1.0,0.001992175341751609,0.23877577122637828,61092235.507066235,328.69849907549263,328.9887597608103,328.69881384100427,328.9885150923962,2,sparse_direct,not_applicable,1.452056481007372e-16,1.1616451848058975e-16,0.0024184999929275364,0.0024662000068929046,0.0,0.0,4.298753417930061e-05,4.2987652446024244e-05,4.280970167018987,4.280958389304066,1.1777714920668814e-05,3.872150616019659e-17,7.744301232039318e-17,3.872150616019659e-17,True,0.0052404000016395,0.0,,
230,arpack_matvec,central_difference,1.0,0.001992175341751609,0.2561520873489306,79264866.69439596,328.69867148479443,328.9887294328659,328.6988891080128,328.9884358422158,2,sparse_direct,not_applicable,1.9360753080098294e-16,1.9360753080098294e-16,0.002740500000072643,0.003924399992683902,0.015625,0.0,4.2987572045987504e-05,4.298761424540571e-05,4.280966396018458,4.2809621935453865,4.20247307175714e-06,3.872150616019659e-17,0.0,3.872150616019659e-17,True,0.007068999999319203,0.015625,,
231,arpack_matvec,central_difference,1.0,0.001992175341751609,0.292806944085065,47064281.01110561,328.6985817743981,328.9888644723474,328.698994936686,328.98832551314774,2,sparse_direct,not_applicable,2.710505431213761e-16,2.323290369611795e-16,0.002719800002523698,0.0025454999995417893,0.0,0.0,4.298757796286275e-05,4.2987608682892e-05,4.2809658067797685,4.280962747493644,3.059286124873495e-06,3.872150616019659e-17,0.0,3.872150616019659e-17,True,0.005818499994347803,0.0,,
232,arpack_matvec,central_difference,1.0,0.001992175341751609,0.19705478931675469,55896162.685091995,328.6983960361383,328.9891680798811,328.69892343939284,328.9881121966406,2,sparse_direct,not_applicable,2.710505431213761e-16,2.323290369611795e-16,0.002924100001109764,0.00291730000753887,0.015625,0.0,4.2987589058292345e-05,4.298759734221885e-05,4.280964701829346,4.280963876865888,8.24963457546346e-07,3.872150616019659e-17,7.744301232039318e-17,1.1616451848058975e-16,True,0.006185799997183494,0.015625,,
233,arpack_matvec,central_difference,1.0,0.001992175341751609,0.1835443894104207,50647810.11007674,328.6978731356244,328.98998309538143,328.6986827815121,328.98819354205335,2,sparse_direct,not_applicable,1.9360753080098294e-16,1.1616451848058975e-16,0.0033308999991277233,0.0026766000082716346,0.0,0.0,4.29876007207078e-05,4.298758652140529e-05,4.280963540415635,4.280964954467952,1.4140523170169672e-06,7.744301232039318e-17,0.0,7.744301232039318e-17,True,0.0066213000100106,0.0,,
234,arpack_matvec,central_difference,1.0,0.001992175341751609,0.2598391179877626,88439969.68491034,328.69833242155545,328.9893247201495,328.69888691653756,328.9880946001456,2,sparse_direct,not_applicable,2.0328790734103208e-16,1.1616451848058975e-16,0.002489399994374253,0.0030009000038262457,0.0,0.0,4.2987601917466255e-05,4.2987584481489005e-05,4.280963421235241,4.280965157615215,1.7363799740266472e-06,0.0,3.872150616019659e-17,3.872150616019659e-17,True,0.005931199993938208,0.0,,
235,arpack_matvec,central_difference,1.0,0.001992175341751609,0.3020383040765083,54060893.441533804,328.698446075294,328.9891982961923,328.69896264775645,328.9881012146888,2,sparse_direct,not_applicable,1.5488602464078636e-16,1.5488602464078636e-16,0.002842599991708994,0.0030716000037500635,0.015625,0.0,4.298760519839003e-05,4.298758143930679e-05,4.280963094501184,4.280965460574247,2.366073063697627e-06,3.872150616019659e-17,0.0,3.872150616019659e-17,True,0.006347400005324744,0.015625,,
236,arpack_matvec,central_difference,1.0,0.001992175341751609,0.22906266520816088,78643474.16729751,328.6982851319621,328.98948518365125,328.69894914144857,328.98808652511735,2,sparse_direct,not_applicable,1.9360753080098294e-16,1.5488602464078636e-16,0.002568899988546036,0.0027421999984653667,0.0,0.0,4.2987610597525585e-05,4.298757591166663e-05,4.280962556823008,4.2809660110504275,3.4542274196525113e-06,0.0,1.5488602464078636e-16,1.5488602464078636e-16,True,0.00570049999805633,0.0,,
237,arpack_matvec,central_difference,1.0,0.001992175341751609,0.2045854176847586,49323679.62252783,328.6981001604559,328.9898377391367,328.69897559823784,328.9880519891759,2,sparse_direct,not_applicable,1.1616451848058975e-16,2.323290369611795e-16,0.002414900009171106,0.002840700006345287,0.0,0.0,4.298761762302639e-05,4.298756948491642e-05,4.2809618571818655,4.2809666510656585,4.793883793041687e-06,3.872150616019659e-17,1.5488602464078636e-16,1.1616451848058975e-16,True,0.005627000005915761,0.015625,,
238,arpack_matvec,central_difference,1.0,0.001992175341751609,0.19574318564960977,54838424.17454313,328.69853046118027,328.9891153496523,328.699055215077,328.98814536423816,2,sparse_direct,not_applicable,1.5488602464078636e-16,1.2584489502063891e-16,0.0027632999990601093,0.0032184000010602176,0.0,0.0,4.298760344870285e-05,4.298758301211071e-05,4.2809632687455155,4.280965303944849,2.0351993335054885e-06,1.1616451848058975e-16,3.872150616019659e-17,1.5488602464078636e-16,True,0.006482500000856817,0.0,,
239,arpack_matvec,central_difference,1.0,0.001992175341751609,0.34868810013242185,67708939.35968058,328.6987703310375,328.98872686061844,328.69881354238504,328.9884316386279,2,sparse_direct,not_applicable,1.9360753080098294e-16,1.9360753080098294e-16,0.0024465000024065375,0.002297200000612065,0.0,0.0,4.2987595834267945e-05,4.298759068712171e-05,4.2809640270367275,4.2809645396206495,5.125839219743966e-07,7.744301232039318e-17,0.0,7.744301232039318e-17,True,0.005020799988415092,0.0,,
240,arpack_matvec,central_difference,1.0,0.001992175341751609,0.3237814850842115,89448770.50781186,328.6987839675295,328.9886218327919,328.6987162126631,328.98857002773235,2,sparse_direct,not_applicable,2.710505431213761e-16,1.9360753080098294e-16,0.0028734000079566613,0.0028358999988995492,0.015625,0.0,4.2987592509226646e-05,4.2987593740008365e-05,4.280964358164417,4.280964235595736,1.225686814265714e-07,7.744301232039318e-17,7.744301232039318e-17,0.0,True,0.006126600012066774,0.015625,,
241,arpack_matvec,central_difference,1.0,0.001992175341751609,0.22855509713327746,38850857.15798529,328.6982064576191,328.98921258234355,328.6984028506643,328.98881250000017,2,sparse_direct,not_applicable,1.5488602464078636e-16,1.1616451848058975e-16,0.0027229999977862462,0.004036299986182712,0.0,0.0,4.298758519796818e-05,4.2987601512676453e-05,4.280965086263861,4.280963461546639,1.6247172220928974e-06,0.0,0.0,0.0,True,0.0071561999939149246,0.0,,
242,arpack_matvec,central_difference,1.0,0.001992175341751609,0.22617444454900285,66130823.572158135,328.69846802615126,328.98890651919703,328.69847287507986,328.98878883810914,2,sparse_direct,not_applicable,1.9360753080098294e-16,1.1616451848058975e-16,0.0029611000063596293,0.002832499987562187,0.015625,0.0,4.2987584340567965e-05,4.2987601875751665e-05,4.280965171648989,4.28096342538943,1.7462595591766217e-06,3.872150616019659e-17,1.1616451848058975e-16,7.744301232039318e-17,True,0.006150700006401166,0.015625,,
243,arpack_matvec,central_difference,1.0,0.001992175341751609,0.19765534436635157,46061122.82621933,328.69827668136674,328.9894255724462,328.698262909736,328.98890689464724,2,sparse_direct,not_applicable,1.1616451848058975e-16,1.5488602464078636e-16,0.0027772000030381605,0.0027107999922009185,0.0,0.0,4.2987575586500364e-05,4.298761136528403e-05,4.280966043432476,4.280962480365046,3.5630674295461517e-06,7.744301232039318e-17,3.872150616019659e-17,3.872150616019659e-17,True,0.005892900007893331,0.0,,
244,arpack_matvec,central_difference,1.0,0.001992175341751609,0.23058434454260004,71932447.34343444,328.6987656338599,328.9887017516401,328.6985139171339,328.98870150694074,2,sparse_direct,not_applicable,2.710505431213761e-16,1.5488602464078636e-16,0.0038157999952090904,0.002956700001959689,0.0,0.015625,4.298758107982238e-05,4.2987605229430754e-05,4.280965496373897,4.280963091409962,2.404963934665716e-06,0.0,3.872150616019659e-17,3.872150616019659e-17,True,0.007124199997633696,0.015625,,
245,arpack_matvec,central_difference,1.0,0.001992175341751609,0.21882002038357234,43042905.65873617,328.69890170499286,328.98884705012335,328.6984719634829,328.98855865771986,2,sparse_direct,not_applicable,1.9360753080098294e-16,9.438367126547919e-17,0.0029206000035628676,0.002927800000179559,0.0,0.0,4.2987572010071023e-05,4.2987614903931355e-05,4.280966399595242,4.280962127965489,4.271629753027639e-06,7.744301232039318e-17,7.744301232039318e-17,1.5488602464078636e-16,True,0.00626130000455305,0.0,,
246,arpack_matvec,central_difference,1.0,0.001992175341751609,0.32112852491063815,90966310.03457943,328.69886932700115,328.9887932136664,328.69869178357635,328.9884731232979,2,sparse_direct,not_applicable,1.5488602464078636e-16,1.1616451848058975e-16,0.002648499998031184,0.003222599989385344,0.0,0.0,4.298758200424278e-05,4.298760423345808e-05,4.280965404314477,4.280963190594886,2.213719590749008e-06,7.744301232039318e-17,3.872150616019659e-17,3.872150616019659e-17,True,0.006270699988817796,0.0,,
247,arpack_matvec,central_difference,1.0,0.001992175341751609,0.24979240853139104,61340640.216230616,328.6988154434445,328.9891022543825,328.6985889709925,328.98821685433114,2,sparse_direct,not_applicable,1.5488602464078636e-16,1.5488602464078636e-16,0.0022178999934112653,0.00285730000177864,0.0,0.015625,4.298757396789558e-05,4.298761272998444e-05,4.280966204623059,4.280962344460051,3.860163007907147e-06,7.744301232039318e-17,3.872150616019659e-17,1.1616451848058975e-16,True,0.005412800004705787,0.015625,,
248,arpack_matvec,central_difference,1.0,0.001992175341751609,0.35960395549124635,104827149.35711013,328.6987651417919,328.9888853153019,328.6987564850002,328.98833134769586,2,sparse_direct,not_applicable,1.5488602464078636e-16,1.7182668358587237e-16,0.0027728999993996695,0.0027151000103913248,0.0,0.0,4.2987584267447405e-05,4.2987601965029994e-05,4.28096517893078,4.280963416498558,1.762432221497079e-06,0.0,3.872150616019659e-17,3.872150616019659e-17,True,0.005887299994355999,0.0,,
249,arpack_matvec,central_difference,1.0,0.001992175341751609,0.21631225564935821,39120591.78100653,328.6985977941873,328.98938836905387,328.6982265148687,328.9884689279385,2,sparse_direct,not_applicable,2.710505431213761e-16,1.5488602464078636e-16,0.0027883000002475455,0.002140899989171885,0.0,0.0,4.2987576940750064e-05,4.29876099736729e-05,4.2809659085680005,4.280962618949979,3.2896180215402637e-06,1.5488602464078636e-16,0.0,1.5488602464078636e-16,True,0.005931399995461106,0.0,,
250,arpack_matvec,central_difference,1.0,0.001992175341751609,0.22678826840361604,79040703.12154478,328.6986215013106,328.9891078511649,328.69854738706647,328.98823742670993,2,sparse_direct,not_applicable,1.5488602464078636e-16,1.1616451848058975e-16,0.0030168000084813684,0.002802899995003827,0.015625,0.0,4.298758592194526e-05,4.2987600408555807e-05,4.280965014165823,4.280963571501606,1.4426642174214521e-06,3.872150616019659e-17,7.744301232039318e-17,3.872150616019659e-17,True,0.006245299999136478,0.015625,,
251,arpack_matvec,central_difference,1.0,0.001992175341751609,0.2786237579577784,48096005.402281076,328.6985874942476,328.9891548681684,328.6985836107151,328.98817294680146,2,sparse_direct,not_applicable,1.5488602464078636e-16,1.9360753080098294e-16,0.0027224000077694654,0.0024434000079054385,0.0,0.0,4.298758952415269e-05,4.29875970983284e-05,4.280964655436149,4.280963901153968,7.54282180714938e-07,1.1616451848058975e-16,3.872150616019659e-17,1.5488602464078636e-16,True,0.005544200001168065,0.0,,
252,arpack_matvec,central_difference,1.0,0.001992175341751609,0.22880064191234445,67852861.61420003,328.6986271631066,328.9890911697946,328.69872179513726,328.9881476109722,2,sparse_direct,not_applicable,1.9360753080098294e-16,2.710505431213761e-16,0.0027746999985538423,0.0019462999916868284,0.0,0.0,4.2987593884730104e-05,4.2987592428784964e-05,4.280964221183471,4.280964366175286,1.4499181499871838e-07,0.0,1.1616451848058975e-16,1.1616451848058975e-16,True,0.004998499993234873,0.0,,
253,arpack_matvec,central_difference,1.0,0.001992175341751609,0.2256527925723531,40779225.650305025,328.6986024676359,328.98929001892424,328.6986316855486,328.98820988199446,2,sparse_direct,not_applicable,1.5488602464078636e-16,2.710505431213761e-16,0.002380799996899441,0.002711599998292513,0.0,0.0,4.298759941447813e-05,4.298758736178915e-05,4.280963670497837,4.280964870777424,1.2002795877208428e-06,1.1616451848058975e-16,7.744301232039318e-17,3.872150616019659e-17,True,0.0054832000023452565,0.0,,
254,arpack_matvec,central_difference,1.0,0.001992175341751609,0.257360435135997,64824712.82952688,328.69874220342643,328.98895132980886,328.6987528418382,328.9883130264078,2,sparse_direct,not_applicable,1.5488602464078636e-16,1.9360753080098294e-16,0.0027095999976154417,0.003163100001984276,0.0,0.0,4.298759990845448e-05,4.298758637746472e-05,4.280963621304701,4.2809649688024285,1.3474977276217714e-06,3.872150616019659e-17,0.0,3.872150616019659e-17,True,0.006292999998549931,0.0,,
255,arpack_matvec,central_difference,1.0,0.001992175341751609,0.2442703189364617,43873198.72381319,328.69883033801756,328.988993762721,328.6986623616561,328.9883447316712,2,sparse_direct,not_applicable,1.9360753080098294e-16,2.710505431213761e-16,0.0031134000018937513,0.0025271999911637977,0.015625,0.0,4.2987607042397517e-05,4.298757969708997e-05,4.280962910863885,4.280965634074827,2.7232109420793904e-06,1.5488602464078636e-16,0.0,1.5488602464078636e-16,True,0.006090700000640936,0.015625,,
256,arpack_matvec,central_difference,1.0,0.001992175341751609,0.25693073215276946,79315735.12033466,328.6989042532445,328.98876468469484,328.69866516611023,328.98852963490305,2,sparse_direct,not_applicable,1.5488602464078636e-16,1.5488602464078636e-16,0.0028335999959381297,0.0024443000002065673,0.0,0.0,4.298760494380024e-05,4.298758130650459e-05,4.280963119854759,4.2809654737995,2.3539447413511994e-06,0.0,1.1616451848058975e-16,1.1616451848058975e-16,True,0.005686500007868744,0.0,,
257,arpack_matvec,central_difference,1.0,0.001992175341751609,0.25147831836239526,47432906.456278004,328.69881511953855,328.98885742699315,328.6985053114972,328.98865618087365,2,sparse_direct,not_applicable,1.5488602464078636e-16,1.9360753080098294e-16,0.004607499999110587,0.0026531999901635572,0.0,0.0,4.298761478704958e-05,4.298757186062463e-05,4.280962139605271,4.280966414478032,4.274872760667847e-06,7.744301232039318e-17,3.872150616019659e-17,3.872150616019659e-17,True,0.009348699997644871,0.0,,
258,arpack_matvec,central_difference,1.0,0.001992175341751609,0.25515413861807196,78583196.53486438,328.6988657563102,328.9886229868186,328.6985339938591,328.98870161065,2,sparse_direct,not_applicable,1.1616451848058975e-16,1.9360753080098294e-16,0.0035523999977158383,0.0035833000001730397,0.0,0.015625,4.2987609369901585e-05,4.298757689148723e-05,4.2809626790771285,4.280965913473895,3.2343967664161255e-06,1.1616451848058975e-16,3.872150616019659e-17,7.744301232039318e-17,True,0.007638300012331456,0.015625,,
259,arpack_matvec,central_difference,1.0,0.001992175341751609,0.23482043566667826,49386765.246730216,328.69870600022944,328.98920162131344,328.6982921404814,328.9888279098051,2,sparse_direct,not_applicable,2.323290369611795e-16,1.1616451848058975e-16,0.0029500000091502443,0.0028975000022910535,0.0,0.0,4.298762437670894e-05,4.29875620572182e-05,4.280961184610217,4.280967390761674,6.206151456744635e-06,7.744301232039318e-17,3.872150616019659e-17,3.872150616019659e-17,True,0.006942399995750748,0.0,,
260,arpack_matvec,central_difference,1.0,0.001992175341751609,0.25989516908991944,86276010.34653024,328.6989633265206,328.98863468270173,328.69854111909194,328.9886873338384,2,sparse_direct,not_applicable,1.5488602464078636e-16,1.452056481007372e-16,0.005025799997383729,0.0056998000072781,0.015625,0.0,4.298760873249437e-05,4.298757750472291e-05,4.280962742553943,4.280965852404135,3.1098501915849397e-06,3.872150616019659e-17,3.872150616019659e-17,0.0,True,0.01129870000295341,0.015625,,
261,arpack_matvec,central_difference,1.0,0.001992175341751609,0.2446712281283978,55515083.023714885,328.6990370292079,328.988697670066,328.6984368340657,328.9887011732922,2,sparse_direct,not_applicable,7.744301232039318e-17,1.1616451848058975e-16,0.003412999998545274,0.002159900002880022,0.0,0.0,4.298761564711285e-05,4.298757105777967e-05,4.280962053955061,4.280966494430265,4.440475204425809e-06,1.5488602464078636e-16,1.1616451848058975e-16,3.872150616019659e-17,True,0.005923599994275719,0.0,,
262,arpack_matvec,central_difference,1.0,0.001992175341751609,0.2558316262273304,82251702.9285966,328.6989567562058,328.9886974682134,328.69861447139107,328.9885943282833,2,sparse_direct,not_applicable,1.2584489502063891e-16,1.9360753080098294e-16,0.002702600002521649,0.0029346000083023682,0.015625,0.0,4.2987605404128786e-05,4.298758086654494e-05,4.280963074012487,4.280965517613365,2.443600878088148e-06,7.744301232039318e-17,1.1616451848058975e-16,1.9360753080098294e-16,True,0.0060843000101158395,0.015625,,
263,arpack_matvec,central_difference,1.0,0.001992175341751609,0.25712616808440336,49138823.13707104,328.6989965709301,328.9888304765192,328.6985880053678,328.98850507134455,2,sparse_direct,not_applicable,1.2100470675061434e-16,2.323290369611795e-16,0.0037050000100862235,0.0026357000024290755,0.0,0.0,4.298760910732186e-05,4.298757758047394e-05,4.280962705226385,4.2809658448603845,3.1396339998934764e-06,1.1616451848058975e-16,1.1616451848058975e-16,0.0,True,0.006720000004861504,0.0,,
264,arpack_matvec,central_difference,1.0,0.001992175341751609,0.21760434692578995,66785806.027706236,328.6989180659466,328.98881569487367,328.69861684818636,328.98845875342096,2,sparse_direct,not_applicable,1.5488602464078636e-16,1.9360753080098294e-16,0.0020427999988896772,0.002945600004750304,0.0,0.015625,4.298760365132305e-05,4.298758267552514e-05,4.280963248567382,4.28096533746409,2.0888967080523457e-06,1.1616451848058975e-16,3.872150616019659e-17,7.744301232039318e-17,True,0.005499199993209913,0.015625,,
265,arpack_matvec,central_difference,1.0,0.001992175341751609,0.2080523951507722,53161635.706287086,328.69889636521714,328.9889220435623,328.69831636990494,328.9885094882297,2,sparse_direct,not_applicable,1.4036545983071262e-16,2.323290369611795e-16,0.0026883999962592497,0.0024593999987700954,0.0,0.0,4.2987602548885265e-05,4.298758436348572e-05,4.280963358354747,4.2809651693666995,1.8110119528458313e-06,0.0,3.872150616019659e-17,3.872150616019659e-17,True,0.0055607000103918836,0.0,,
266,arpack_matvec,central_difference,1.0,0.001992175341751609,0.25994383603287063,72794593.25956504,328.69883930277535,328.9887637002185,328.6985745220964,328.988406930726,2,sparse_direct,not_applicable,1.9360753080098294e-16,1.5488602464078636e-16,0.0032562999986112118,0.0026390999992145225,0.0,0.0,4.298759534300238e-05,4.2987590935770776e-05,4.280964075959915,4.280964514858671,4.3889875644964604e-07,7.744301232039318e-17,0.0,7.744301232039318e-17,True,0.00619159999769181,0.0,,
267,arpack_matvec,central_difference,1.0,0.001992175341751609,0.29723963449458335,51604318.44657594,328.698849136791,328.9888011118726,328.698430628405,328.9885026539473,2,sparse_direct,not_applicable,1.9360753080098294e-16,1.5488602464078636e-16,0.0023228999925777316,0.0023485999990953133,0.0,0.015625,4.298759202919363e-05,4.298759454392694e-05,4.280964405969008,4.28096415553667,2.504323379781681e-07,0.0,7.744301232039318e-17,7.744301232039318e-17,True,0.005028900006436743,0.015625,,
268,arpack_matvec,central_difference,1.0,0.001992175341751609,0.36977561220676974,114349277.38963063,328.6988495249857,328.98869394206685,328.69871323827476,328.98851302282173,2,sparse_direct,not_applicable,3.097720492815727e-16,1.1616451848058975e-16,0.0021299999934853986,0.002457399998093024,0.0,0.0,4.29875900777598e-05,4.29875961556777e-05,4.280964600304599,4.280963995028806,6.052757930419261e-07,3.872150616019659e-17,7.744301232039318e-17,3.872150616019659e-17,True,0.005017300005420111,0.0,,
269,arpack_matvec,central_difference,1.0,0.001992175341751609,0.26727460647965345,53549510.88976871,328.69896549872897,328.9887821770132,328.69839404097945,328.9886218216684,2,sparse_direct,not_applicable,1.2584489502063891e-16,2.710505431213761e-16,0.0067955999984405935,0.0030211999983293936,0.0,0.015625,4.298758335988321e-05,4.298760326277302e-05,4.280965269311546,4.280963287261523,1.9820500227751836e-06,0.0,3.872150616019659e-17,3.872150616019659e-17,True,0.010193699999945238,0.015625,,
270,arpack_matvec,central_difference,1.0,0.001992175341751609,0.2903750556751919,80848451.79827604,328.69895983211956,328.98866069882246,328.69861139823894,328.98862654083433,2,sparse_direct,not_applicable,2.323290369611795e-16,1.9360753080098294e-16,0.003301899996586144,0.0029040000081295148,0.0,0.0,4.298758476586413e-05,4.2987601459275675e-05,4.28096512929541,4.28096346686461,1.662430800131176e-06,7.744301232039318e-17,3.872150616019659e-17,3.872150616019659e-17,True,0.006670999995549209,0.0,,
271,arpack_matvec,central_difference,1.0,0.001992175341751609,0.241823302415885,42466870.25805467,328.699148570642,328.9886063348412,328.69843236052077,328.9887900554414,2,sparse_direct,not_applicable,1.5488602464078636e-16,1.5488602464078636e-16,0.00396480000927113,0.004241900009219535,0.0,0.015625,4.2987577784256644e-05,4.2987608942140236e-05,4.280965824566457,4.280962721676157,3.1028903002550123e-06,3.872150616019659e-17,0.0,3.872150616019659e-17,True,0.0086518000025535,0.015625,,
272,arpack_matvec,central_difference,1.0,0.001992175341751609,0.25388759539794387,77666605.31865703,328.69895916048296,328.9885090029198,328.6984884404368,328.98881972112014,2,sparse_direct,not_applicable,1.5488602464078636e-16,1.1616451848058975e-16,0.004682200000388548,0.005583999998634681,0.0,0.0,4.298758136659469e-05,4.298760491129298e-05,4.280965467815361,4.280963123092027,2.3447233337137163e-06,3.872150616019659e-17,0.0,3.872150616019659e-17,True,0.010983500003931113,0.0,,
273,arpack_matvec,central_difference,1.0,0.001992175341751609,0.22247801902415443,51809999.33802992,328.69863807906603,328.9888574637794,328.69821383454513,328.98908601165635,2,sparse_direct,not_applicable,1.5488602464078636e-16,2.323290369611795e-16,0.00469149999844376,0.0056314999965252355,0.015625,0.0,4.2987572312044564e-05,4.298761456993522e-05,4.280966369522862,4.280962161226809,4.208296052965466e-06,0.0,0.0,0.0,True,0.011154000007081777,0.015625,,
274,arpack_matvec,central_difference,1.0,0.001992175341751609,0.25331393582042744,73404172.85859197,328.698654174198,328.98867548952563,328.6983802264246,328.9889644983844,2,sparse_direct,not_applicable,1.5488602464078636e-16,1.9360753080098294e-16,0.005276200012303889,0.0025784000026760623,0.0,0.015625,4.2987577996456205e-05,4.298760826277648e-05,4.280965803434327,4.280962789331256,3.0141030711305916e-06,1.5488602464078636e-16,7.744301232039318e-17,2.323290369611795e-16,True,0.00844879999931436,0.015625,,
275,arpack_matvec,central_difference,1.0,0.001992175341751609,0.20086918117609873,42367391.73398029,328.6983420750804,328.9891473200537,328.698165702375,328.9891945749755,2,sparse_direct,not_applicable,2.323290369611795e-16,1.9360753080098294e-16,0.0026766999944811687,0.0025541999930283055,0.0,0.0,4.298756953877322e-05,4.29876172638605e-05,4.280966645702267,4.280961892949734,4.752752532866111e-06,3.872150616019659e-17,3.872150616019659e-17,7.744301232039318e-17,True,0.005626800004392862,0.0,,
276,arpack_matvec,central_difference,1.0,0.001992175341751609,0.3093855060678172,83048749.50834967,328.69879546744534,328.988463834839,328.69860400454394,328.988782226889,2,sparse_direct,not_applicable,1.5488602464078636e-16,1.1616451848058975e-16,0.006319199994322844,0.004224999996949919,0.0,0.015625,4.298758401084283e-05,4.2987602233099896e-05,4.280965204485025,4.280963389802548,1.8146824762865776e-06,7.744301232039318e-17,0.0,7.744301232039318e-17,True,0.011230899996007793,0.015625,,
277,arpack_matvec,central_difference,1.0,0.001992175341751609,0.3273730974446639,65282887.865125455,328.69882659231246,328.98848340623084,328.698648635881,328.9887406772537,2,sparse_direct,not_applicable,1.5488602464078636e-16,1.5488602464078636e-16,0.003185900000971742,0.0031122999935178086,0.0,0.0,4.2987584217314113e-05,4.298760224188058e-05,4.280965183923358,4.280963388928115,1.7949952422213755e-06,1.1616451848058975e-16,3.872150616019659e-17,7.744301232039318e-17,True,0.0069021000090288,0.0,,
278,arpack_matvec,central_difference,1.0,0.001992175341751609,0.2260165220378978,61687817.54354889,328.6987678042025,328.98857099054135,328.698779609746,328.98859082959365,2,sparse_direct,not_applicable,1.5488602464078636e-16,2.323290369611795e-16,0.005443299989565276,0.0048510000051464885,0.015625,0.0,4.298758465420537e-05,4.29876016451673e-05,4.280965140415068,4.280963448352406,1.692062662428384e-06,1.9360753080098294e-16,3.872150616019659e-17,2.323290369611795e-16,True,0.010719199999584816,0.015625,,
279,arpack_matvec,central_difference,1.0,0.001992175341751609,0.26108646870119057,47019324.62835394,328.69861321011945,328.98869837232587,328.69888843454873,328.98849661575775,2,sparse_direct,not_applicable,1.5488602464078636e-16,2.710505431213761e-16,0.0037466999929165468,0.0028282000130275264,0.0,0.0,4.2987581058280125e-05,4.298760561840444e-05,4.280965498519206,4.280963052673634,2.445845571408256e-06,0.0,0.0,0.0,True,0.007324799997149967,0.0,,
280,arpack_matvec,central_difference,1.0,0.001992175341751609,0.21969574677169268,71576410.07795426,328.698536049889,328.98880097029354,328.6989515222646,328.98842719110576,2,sparse_direct,not_applicable,1.7424677772088464e-16,1.452056481007372e-16,0.004687199994805269,0.0038782999909017235,0.015625,0.0,4.298758145255972e-05,4.298760502594853e-05,4.28096545925444,4.28096311167394,2.3475804997730165e-06,3.872150616019659e-17,0.0,3.872150616019659e-17,True,0.00887710000097286,0.015625,,
281,arpack_matvec,central_difference,1.0,0.001992175341751609,0.18708102168761387,39313171.57198854,328.69826893566864,328.9890316193342,328.6988603970821,328.98827076764724,2,sparse_direct,not_applicable,3.872150616019659e-16,1.5488602464078636e-16,0.002968100001453422,0.0038689999928465113,0.0,0.0,4.298756975700561e-05,4.298761750968699e-05,4.280966623969343,4.280961868468875,4.7555004680788215e-06,3.872150616019659e-17,0.0,3.872150616019659e-17,True,0.007469100004527718,0.0,,
282,arpack_matvec,central_difference,1.0,0.001992175341751609,0.20459003609934195,59605225.25680404,328.6986258537912,328.98875588208483,328.69891354704316,328.9884448732759,2,sparse_direct,not_applicable,1.9360753080098294e-16,2.323290369611795e-16,0.007428900004015304,0.005166199989616871,0.015625,0.0,4.298758382923803e-05,4.2987602497478124e-05,4.280965222570336,4.280963363474179,1.859096157019735e-06,1.9360753080098294e-16,3.872150616019659e-17,2.323290369611795e-16,True,0.013385800004471093,0.015625,,
283,arpack_matvec,central_difference,1.0,0.001992175341751609,0.22748622381850728,49577644.30108054,328.6986800687997,328.9887570548458,328.698896518021,328.9884277079726,2,sparse_direct,not_applicable,1.1616451848058975e-16,1.9360753080098294e-16,0.007589200002257712,0.004950499991537072,0.015625,0.0,4.2987584065068466e-05,4.298760269986091e-05,4.280965199084906,4.280963343319686,1.8557652197159769e-06,0.0,7.744301232039318e-17,7.744301232039318e-17,True,0.013189999997848645,0.015625,,
284,arpack_matvec,central_difference,1.0,0.001992175341751609,0.23235802811461903,80380123.3308157,328.69876541657106,328.98864138513625,328.6987949208081,328.9885133069888,2,sparse_direct,not_applicable,1.9360753080098294e-16,1.452056481007372e-16,0.003957900000386871,0.007171799996285699,0.0,0.015625,4.2987589614610344e-05,4.298759670190231e-05,4.280964646427828,4.280963940632467,7.057953608224921e-07,3.872150616019659e-17,3.872150616019659e-17,7.744301232039318e-17,True,0.012373300007311627,0.015625,,
285,arpack_matvec,central_difference,1.0,0.001992175341751609,0.23919779794833407,45104833.21871241,328.6988087527666,328.98860233744097,328.69869500493763,328.9885828129524,2,sparse_direct,not_applicable,1.9360753080098294e-16,1.5488602464078636e-16,0.004921300002024509,0.005171299999346957,0.0,0.015625,4.2987592760507156e-05,4.2987594090640316e-05,4.280964333140385,4.280964200677689,1.324626959231523e-07,7.744301232039318e-17,0.0,7.744301232039318e-17,True,0.010668899994925596,0.015625,,
286,arpack_matvec,central_difference,1.0,0.001992175341751609,0.22140455065716028,70232947.46621802,328.69883562198095,328.9885309891106,328.6986366841906,328.98867362109604,2,sparse_direct,not_applicable,1.9360753080098294e-16,1.9360753080098294e-16,0.006582799993338995,0.003510499998810701,0.0,0.0,4.298759669920018e-05,4.298758965684785e-05,4.280963940901561,4.280964642221561,7.013200002958797e-07,3.872150616019659e-17,0.0,3.872150616019659e-17,True,0.010682099993573502,0.0,,
287,arpack_matvec,central_difference,1.0,0.001992175341751609,0.22747297677565131,56144539.98839126,328.6987577823118,328.9884612233562,328.69854435620806,328.98877414140526,2,sparse_direct,not_applicable,2.323290369611795e-16,1.9360753080098294e-16,0.003004099999088794,0.00338249999913387,0.015625,0.0,4.298760131163755e-05,4.298758554068115e-05,4.2809634815673006,4.2809650521344205,1.5705671199128801e-06,1.5488602464078636e-16,7.744301232039318e-17,2.323290369611795e-16,True,0.006785199992009439,0.015625,,
288,arpack_matvec,central_difference,1.0,0.001992175341751609,0.30020420038508533,80664287.32152097,328.698859618195,328.9884656062186,328.69862439105134,328.98874504699467,2,sparse_direct,not_applicable,1.5488602464078636e-16,2.323290369611795e-16,0.007377899994025938,0.003633299987995997,0.0,0.0,4.298760060274634e-05,4.2987585615073924e-05,4.280963552162945,4.280965044725936,1.492562990534907e-06,3.872150616019659e-17,1.1616451848058975e-16,7.744301232039318e-17,True,0.011498799998662435,0.0,,
289,arpack_matvec,central_difference,1.0,0.001992175341751609,0.20568274678207074,50660916.13581216,328.69870311854766,328.98829868055924,328.6984296572544,328.98898112789817,2,sparse_direct,not_applicable,1.5488602464078636e-16,1.9360753080098294e-16,0.004479299997910857,0.004296200000680983,0.015625,0.0,4.2987612914586265e-05,4.2987573929483115e-05,4.2809623260763034,4.280966208448407,3.8823721038028225e-06,0.0,1.1616451848058975e-16,1.1616451848058975e-16,True,0.009449299992411397,0.015625,,
290,arpack_matvec,central_difference,1.0,0.001992175341751609,0.29494399870259513,88808220.44961752,328.6988618788138,328.9884302975888,328.69864167534683,328.98878251593646,2,sparse_direct,not_applicable,1.1616451848058975e-16,1.5488602464078636e-16,0.004056599995237775,0.003890099993441254,0.0,0.015625,4.298760527781238e-05,4.298758093626491e-05,4.2809630865918304,4.280965510670225,2.4240783949025513e-06,7.744301232039318e-17,0.0,7.744301232039318e-17,True,0.008575799991376698,0.015625,,
291,arpack_matvec,central_difference,1.0,0.001992175341751609,0.2992611337710641,70080793.45172489,328.69886649281796,328.98840613146615,328.6986440041236,328.98881429165,2,sparse_direct,not_applicable,1.5488602464078636e-16,1.4036545983071262e-16,0.00629980000667274,0.0032463999959873036,0.0,0.0,4.298760960341691e-05,4.298757686482915e-05,4.280962655822278,4.28096591612867,3.2603063919722786e-06,3.872150616019659e-17,0.0,3.872150616019659e-17,True,0.01010229998792056,0.0,,
292,arpack_matvec,central_difference,1.0,0.001992175341751609,0.36442635802643153,115499374.03985226,328.6988147922447,328.98850939207694,328.69876235063015,328.988673813107,2,sparse_direct,not_applicable,1.5488602464078636e-16,1.9360753080098294e-16,0.004618699997081421,0.003834100003587082,0.015625,0.0,4.2987603090112525e-05,4.298758313857566e-05,4.28096330445609,4.280965291350698,1.9868946079526495e-06,7.744301232039318e-17,1.1616451848058975e-16,1.9360753080098294e-16,True,0.008993900002678856,0.015625,,
293,arpack_matvec,central_difference,1.0,0.001992175341751609,0.24865418178907397,63661194.7117507,328.69877226212236,328.98849164465923,328.69878854606577,328.9887114100855,2,sparse_direct,not_applicable,1.5488602464078636e-16,2.710505431213761e-16,0.004122400001506321,0.0033503000013297424,0.0,0.0,4.2987614613776736e-05,4.298757204911282e-05,4.28096215686081,4.28096639570722,4.238846409876373e-06,1.1616451848058975e-16,1.1616451848058975e-16,0.0,True,0.00787990000389982,0.0,,
294,arpack_matvec,central_difference,1.0,0.001992175341751609,0.21616961176386681,68124660.79361105,328.6986727851951,328.98857171633506,328.69884279949997,328.9886205469985,2,sparse_direct,not_applicable,1.5488602464078636e-16,1.2100470675061434e-16,0.004895200007013045,0.0035277999995741993,0.015625,0.0,4.298761281940335e-05,4.2987573600354145e-05,4.280962335555184,4.280966241225089,3.905669904824549e-06,0.0,1.5488602464078636e-16,1.5488602464078636e-16,True,0.009081900003366172,0.015625,,
295,arpack_matvec,central_difference,1.0,0.001992175341751609,0.2158779024811056,48690830.90924865,328.6985495268251,328.98863729160297,328.6988253768246,328.9885663075981,2,sparse_direct,not_applicable,1.9360753080098294e-16,1.5488602464078636e-16,0.0057631999952718616,0.0037198999925749376,0.0,0.015625,4.2987618810768334e-05,4.298756816773026e-05,4.280961738899483,4.280966782239164,5.043339680987913e-06,0.0,3.872150616019659e-17,3.872150616019659e-17,True,0.010028500008047558,0.015625,,
296,arpack_matvec,central_difference,1.0,0.001992175341751609,0.23103758378946437,74562915.85267124,328.6985300139062,328.98869900448386,328.6989235106942,328.988501049085,2,sparse_direct,not_applicable,1.5488602464078636e-16,1.9360753080098294e-16,0.004880600012256764,0.005935099994530901,0.0,0.0,4.298761075641146e-05,4.298757560445059e-05,4.280962541000204,4.280966041644882,3.5006446772456457e-06,0.0,3.872150616019659e-17,3.872150616019659e-17,True,0.011556500001461245,0.0,,
297,arpack_matvec,central_difference,1.0,0.001992175341751609,0.21073047603989883,58813927.95623753,328.69838431835467,328.9887976345076,328.6989318078034,328.9884292322793,2,sparse_direct,not_applicable,2.323290369611795e-16,1.5488602464078636e-16,0.0027686999965226278,0.005758100000093691,0.015625,0.0,4.298761560666948e-05,4.298757113982434e-05,4.280962057982651,4.280966486259753,4.428277101453659e-06,0.0,3.872150616019659e-17,3.872150616019659e-17,True,0.008926199996494688,0.015625,,
298,arpack_matvec,central_difference,1.0,0.001992175341751609,0.24007359738554077,71953656.11931892,328.6985600280693,328.9887346189652,328.6990038440547,328.9884687856383,2,sparse_direct,not_applicable,1.6940658945086007e-16,1.9360753080098294e-16,0.006022500005201437,0.004317500002798624,0.0,0.015625,4.298760058312429e-05,4.29875857370022e-05,4.280963554117027,4.280965032583577,1.4784665500755523e-06,7.744301232039318e-17,3.872150616019659e-17,3.872150616019659e-17,True,0.011003099993104115,0.015625,,
299,arpack_matvec,central_difference,1.0,0.001992175341751609,0.19618131319046103,42550211.962916136,328.6983435375949,328.98890461717656,328.6992195379498,328.9883484014229,2,sparse_direct,not_applicable,1.9360753080098294e-16,1.1616451848058975e-16,0.004948400004650466,0.005456700004287995,0.0,0.0,4.2987599951859053e-05,4.298758716237943e-05,4.280963616982213,4.280964890635856,1.2736536429969192e-06,0.0,7.744301232039318e-17,7.744301232039318e-17,True,0.0110452999942936,0.0,,
300,arpack_matvec,central_difference,1.0,0.001992175341751609,0.2980154072178841,98362022.83556166,328.6985484130574,328.98874573400974,328.6989916898399,328.9884509853648,2,sparse_direct,not_applicable,1.1616451848058975e-16,1.9360753080098294e-16,0.002470999999786727,0.0032408000115538016,0.015625,0.0,4.298759199471798e-05,4.29875942356363e-05,4.280964409402301,4.280964186238113,2.2316418846202168e-07,0.0,3.872150616019659e-17,3.872150616019659e-17,True,0.006105300009949133,0.015625,,
301,arpack_matvec,central_difference,1.0,0.001992175341751609,0.2036778291674781,46132684.87314232,328.69808853239346,328.9890421147064,328.69931213933876,328.9882080789217,2,sparse_direct,not_applicable,3.097720492815727e-16,1.1616451848058975e-16,0.0029649000061908737,0.0031285000004572794,0.0,0.0,4.298758246453497e-05,4.298760445588269e-05,4.280965358475776,4.280963168444511,2.190031265669745e-06,3.872150616019659e-17,3.872150616019659e-17,7.744301232039318e-17,True,0.006546499993419275,0.0,,
302,arpack_matvec,central_difference,1.0,0.001992175341751609,0.18994506493247162,70106173.71449012,328.69822672263285,328.9889445083029,328.6992256793182,328.9882745422642,2,sparse_direct,not_applicable,1.9360753080098294e-16,1.5488602464078636e-16,0.003908500002580695,0.002144500002032146,0.015625,0.0,4.298758437727208e-05,4.2987602089601334e-05,4.28096516799377,4.280963404092996,1.7639007738878831e-06,3.872150616019659e-17,1.1616451848058975e-16,7.744301232039318e-17,True,0.006344800000078976,0.015625,,
303,arpack_matvec,central_difference,1.0,0.001992175341751609,0.23473670524000895,49673214.53096665,328.69830397139435,328.9888727866681,328.69921493750957,328.988298529168,2,sparse_direct,not_applicable,1.9360753080098294e-16,1.5488602464078636e-16,0.005421599998953752,0.0031005999917397276,0.0,0.0,4.298758582018374e-05,4.298760105533688e-05,4.280965024299854,4.280963507091261,1.5172085925385659e-06,7.744301232039318e-17,7.744301232039318e-17,1.5488602464078636e-16,True,0.009017500007757917,0.0,,
304,arpack_matvec,central_difference,1.0,0.001992175341751609,0.20769479639830646,72635620.56904928,328.6984798343058,328.9887637207754,328.69909947441477,328.9884196702838,2,sparse_direct,not_applicable,2.710505431213761e-16,1.1616451848058975e-16,0.00511739999637939,0.005695100000593811,0.0,0.0,4.2987588749655514e-05,4.298759769607539e-05,4.280964732565272,4.280963841626722,8.909385504907164e-07,7.744301232039318e-17,1.1616451848058975e-16,1.9360753080098294e-16,True,0.011371700005838647,0.0,,
305,arpack_matvec,central_difference,1.0,0.001992175341751609,0.2254857073132068,45762700.00663297,328.69837695260173,328.9887899006862,328.69911088730254,328.9884649046948,2,sparse_direct,not_applicable,1.9360753080098294e-16,3.097720492815727e-16,0.003306500002508983,0.005673499996191822,0.0,0.0,4.298758948962171e-05,4.298759743200923e-05,4.280964658874954,4.2809638679240205,7.909509331938125e-07,7.744301232039318e-17,7.744301232039318e-17,1.5488602464078636e-16,True,0.009530099996482022,0.0,,
306,arpack_matvec,central_difference,1.0,0.001992175341751609,0.2215900889832498,65019883.16410346,328.698488404602,328.98870359812116,328.6989811206615,328.9885532272113,2,sparse_direct,not_applicable,1.9360753080098294e-16,1.9360753080098294e-16,0.002225499993073754,0.002725700003793463,0.0,0.0,4.2987591714517655e-05,4.2987594675089445e-05,4.280964437306344,4.280964142474716,2.9483162844456956e-07,1.1616451848058975e-16,3.872150616019659e-17,7.744301232039318e-17,True,0.00532039999961853,0.0,,
307,arpack_matvec,central_difference,1.0,0.001992175341751609,0.2809722390697071,54841853.00850344,328.69843641252476,328.98867956673627,328.69891222369154,328.98862454299984,2,sparse_direct,not_applicable,1.1616451848058975e-16,1.1616451848058975e-16,0.004236099994159304,0.00398480000148993,0.0,0.0,4.298759344460403e-05,4.298759310975573e-05,4.280964265013884,4.2809642983601,3.334621645478819e-08,0.0,3.872150616019659e-17,3.872150616019659e-17,True,0.008662799999001436,0.0,,
308,arpack_matvec,central_difference,1.0,0.001992175341751609,0.2616918681556702,73213564.52273121,328.6985348841793,328.9886098578661,328.6989051998842,328.9886578657197,2,sparse_direct,not_applicable,1.9360753080098294e-16,1.9360753080098294e-16,0.0037704999995185062,0.003132799989543855,0.0,0.0,4.298759431583699e-05,4.298759199508706e-05,4.280964178251244,4.280964409365546,2.3111430191846694e-07,7.744301232039318e-17,0.0,7.744301232039318e-17,True,0.007469399992260151,0.015625,,
309,arpack_matvec,central_difference,1.0,0.001992175341751609,0.2211855470574793,48006773.09277733,328.69852918521934,328.9885027606597,328.6988636715372,328.9887668598006,2,sparse_direct,not_applicable,1.9360753080098294e-16,2.323290369611795e-16,0.003235399999539368,0.0017480999958934262,0.0,0.0,4.2987596901466324e-05,4.29875900445818e-05,4.28096392075868,4.280964603608666,6.828499863331672e-07,3.872150616019659e-17,7.744301232039318e-17,1.1616451848058975e-16,True,0.0052644999959738925,0.0,,
310,arpack_matvec,central_difference,1.0,0.001992175341751609,0.28355583875650864,94126767.86147417,328.6987347091961,328.98844012834536,328.69881501619335,328.9887316287286,2,sparse_direct,not_applicable,1.9360753080098294e-16,1.9360753080098294e-16,0.0030494999955408275,0.0034465999924577773,0.015625,0.0,4.298759607903302e-05,4.298759018813524e-05,4.280964002661545,4.280964589312744,5.866511996188706e-07,7.744301232039318e-17,3.872150616019659e-17,3.872150616019659e-17,True,0.006912100012414157,0.015625,,
311,arpack_matvec,central_difference,1.0,0.001992175341751609,0.24516513210814822,59837687.42999508,328.69880290741355,328.98826315544466,328.69877283927343,328.9889256956922,2,sparse_direct,not_applicable,1.5488602464078636e-16,1.5488602464078636e-16,0.0025477000017417595,0.0028371000080369413,0.0,0.0,4.298759939207383e-05,4.2987587256012096e-05,4.2809636727289915,4.280964881311346,1.2085823541951868e-06,3.872150616019659e-17,7.744301232039318e-17,1.1616451848058975e-16,True,0.005812599993078038,0.0,,
312,arpack_matvec,central_difference,1.0,0.001992175341751609,0.2656320063999762,64628655.23154166,328.6988248205476,328.9883140237444,328.698691867252,328.9889175773013,2,sparse_direct,not_applicable,1.1858461261560205e-16,1.9360753080098294e-16,0.0018152999982703477,0.0024240000057034194,0.0,0.0,4.2987598325984786e-05,4.298758785795923e-05,4.280963778896552,4.280964821365797,1.0424692442612127e-06,7.744301232039318e-17,7.744301232039318e-17,1.5488602464078636e-16,True,0.004626900001312606,0.0,,
313,arpack_matvec,central_difference,1.0,0.001992175341751609,0.2730205184301414,48996253.513541065,328.69875184376474,328.9881177096854,328.6985367420506,328.9892196969147,2,sparse_direct,not_applicable,1.1616451848058975e-16,2.323290369611795e-16,0.002450100000714883,0.0033931000070879236,0.015625,0.0,4.2987602636612935e-05,4.29875838942067e-05,4.2809633496182995,4.28096521610036,1.8664820604641363e-06,0.0,7.744301232039318e-17,7.744301232039318e-17,True,0.006224199998541735,0.015625,,
314,arpack_matvec,central_difference,1.0,0.001992175341751609,0.24313746031729275,77859716.94796067,328.6987828984385,328.9882359343695,328.69858381039154,328.9890693432968,2,sparse_direct,not_applicable,1.1616451848058975e-16,2.323290369611795e-16,0.0030049000051803887,0.003506799999740906,0.0,0.0,4.298760031025673e-05,4.2987585928483575e-05,4.280963581290818,4.280965013514698,1.4322238799380216e-06,1.1616451848058975e-16,0.0,1.1616451848058975e-16,True,0.006977799988817424,0.0,,
315,arpack_matvec,central_difference,1.0,0.001992175341751609,0.2545398195744651,39774066.592743665,328.69862699795004,328.98815042033664,328.6985181031385,328.98921323749397,2,sparse_direct,not_applicable,2.710505431213761e-16,2.710505431213761e-16,0.004702099991845898,0.0043960000039078295,0.015625,0.0,4.2987602906321886e-05,4.298758381365801e-05,4.280963322759064,4.280965224121889,1.9013628254072046e-06,7.744301232039318e-17,3.872150616019659e-17,3.872150616019659e-17,True,0.0097348000126658,0.015625,,
316,arpack_matvec,central_difference,1.0,0.001992175341751609,0.22328832234108323,66888729.0401901,328.698676858833,328.98823791055355,328.698602558019,328.9890845383232,2,sparse_direct,not_applicable,1.5488602464078636e-16,2.323290369611795e-16,0.0024288999993586913,0.004518899993854575,0.0,0.0,4.298760116389978e-05,4.2987585120677706e-05,4.280963496279915,4.2809650939609165,1.5976810017193088e-06,3.872150616019659e-17,3.872150616019659e-17,7.744301232039318e-17,True,0.007361399999354035,0.0,,
317,arpack_matvec,central_difference,1.0,0.001992175341751609,0.22497647201396218,40511765.682414725,328.6985309656849,328.98816828297697,328.6986373898621,328.989206793654,2,sparse_direct,not_applicable,1.9360753080098294e-16,3.097720492815727e-16,0.00312619999749586,0.004507600009674206,0.015625,0.0,4.298760424344225e-05,4.2987582644007063e-05,4.280963189600603,4.280965340602852,2.1510022492066128e-06,7.744301232039318e-17,3.872150616019659e-17,3.872150616019659e-17,True,0.008227099999203347,0.015625,,
318,arpack_matvec,central_difference,1.0,0.001992175341751609,0.2563319355613814,70634186.08741975,328.69868632043193,328.9883421756673,328.6988330085265,328.98890877741934,2,sparse_direct,not_applicable,1.1616451848058975e-16,2.323290369611795e-16,0.003184900007909164,0.0020514999923761934,0.0,0.0,4.29875997561203e-05,4.2987586518050646e-05,4.280963636475056,4.280964954802028,1.318326972032935e-06,7.744301232039318e-17,7.744301232039318e-17,0.0,True,0.005717899999581277,0.0,,
319,arpack_matvec,central_difference,1.0,0.001992175341751609,0.25233218440033106,49354454.01023534,328.6985587249714,328.98826979277794,328.6989810312352,328.9889925629428,2,sparse_direct,not_applicable,1.5488602464078636e-16,1.5488602464078636e-16,0.0035626999888336286,0.0030181000038282946,0.015625,0.0,4.2987602509926174e-05,4.2987584170933015e-05,4.280963362234527,4.28096518854227,1.8263077432578712e-06,3.872150616019659e-17,3.872150616019659e-17,0.0,True,0.007072300009895116,0.015625,,
320,arpack_matvec,central_difference,1.0,0.001992175341751609,0.28543063552598164,78767267.44711827,328.69855060201,328.9884442224995,328.6990081312904,328.98873301644966,2,sparse_direct,not_applicable,2.371692252312041e-16,1.9360753080098294e-16,0.003930100006982684,0.004426500003319234,0.0,0.0,4.298759736167009e-05,4.298758887258344e-05,4.280963874928816,4.2809647203233645,8.453945481434744e-07,1.1616451848058975e-16,3.872150616019659e-17,1.5488602464078636e-16,True,0.008936300000641495,0.0,,
321,arpack_matvec,central_difference,1.0,0.001992175341751609,0.18955535805141477,47934126.74515282,328.6978982573479,328.98831681162704,328.6992197894493,328.9888458756433,2,sparse_direct,not_applicable,1.5488602464078636e-16,1.5488602464078636e-16,0.002664700004970655,0.003296599999885075,0.015625,0.0,4.298760262397201e-05,4.298758463466431e-05,4.280963350877158,4.280965142361087,1.791483928315074e-06,0.0,7.744301232039318e-17,7.744301232039318e-17,True,0.006505400000605732,0.015625,,
322,arpack_matvec,central_difference,1.0,0.001992175341751609,0.2253972890360119,80703167.02034028,328.69825234198595,328.9884683471951,328.69909984917376,328.9887079575964,2,sparse_direct,not_applicable,1.4036545983071262e-16,1.5488602464078636e-16,0.0029491000022972003,0.0032414000015705824,0.0,0.0,4.298759698170962e-05,4.2987589361749745e-05,4.280963912767569,4.280964671609219,7.588416499615391e-07,7.744301232039318e-17,0.0,7.744301232039318e-17,True,0.006632699994952418,0.0,,
323,arpack_matvec,central_difference,1.0,0.001992175341751609,0.18306359888782833,51408627.59546692,328.6976167943769,328.9883169010994,328.6991659406985,328.9889688353448,2,sparse_direct,not_applicable,1.1616451848058975e-16,1.5488602464078636e-16,0.003687300006276928,0.00284470000769943,0.0,0.015625,4.298760193884702e-05,4.298758519513326e-05,4.280963419106016,4.28096508654618,1.6674401637217784e-06,0.0,0.0,0.0,True,0.006789599996409379,0.015625,,
324,arpack_matvec,central_difference,1.0,0.001992175341751609,0.2511319155848988,79794836.21025325,328.69843065478614,328.98842261104704,328.6991034818896,328.98873193671966,2,sparse_direct,not_applicable,1.9360753080098294e-16,2.323290369611795e-16,0.002641099999891594,0.0021295999904396012,0.0,0.0,4.298759595532006e-05,4.298759031567118e-05,4.2809640149816275,4.280964576611943,5.616303155875357e-07,0.0,7.744301232039318e-17,7.744301232039318e-17,True,0.00516040000366047,0.0,,
325,arpack_matvec,central_difference,1.0,0.001992175341751609,0.20815465228781765,51503751.82439425,328.69838586116504,328.9882178943246,328.69918954364545,328.9889816903605,2,sparse_direct,not_applicable,1.9360753080098294e-16,2.710505431213761e-16,0.003158199993777089,0.0037492999981623143,0.0,0.0,4.298759732926485e-05,4.2987589820691196e-05,4.280963878155926,4.280964625905048,7.477491221763444e-07,0.0,7.744301232039318e-17,7.744301232039318e-17,True,0.007301100005861372,0.0,,
326,arpack_matvec,central_difference,1.0,0.001992175341751609,0.22823141628051974,77497726.71136193,328.69860558690414,328.9882904004869,328.69891984763393,328.9889118164924,2,sparse_direct,not_applicable,1.1616451848058975e-16,3.097720492815727e-16,0.0028064000071026385,0.0032288999937009066,0.0,0.0,4.298759484464358e-05,4.298759150403179e-05,4.280964125589492,4.280964458267801,3.326783089008245e-07,1.1616451848058975e-16,3.872150616019659e-17,1.5488602464078636e-16,True,0.006481800010078587,0.0,,
327,arpack_matvec,central_difference,1.0,0.001992175341751609,0.22314231008638943,53412790.00394654,328.69865124789345,328.98810223951193,328.6987581170917,328.98913960839485,2,sparse_direct,not_applicable,2.710505431213761e-16,2.323290369611795e-16,0.0030076999973971397,0.0022041000047465786,0.0,0.0,4.298759430426497e-05,4.2987592557848824e-05,4.2809641794036555,4.280964353322326,1.7391867057625632e-07,7.744301232039318e-17,7.744301232039318e-17,1.5488602464078636e-16,True,0.005638799993903376,0.0,,
328,arpack_matvec,central_difference,1.0,0.001992175341751609,0.23827651557299545,84951644.08599412,328.69873286770473,328.9881575808745,328.6986403842217,328.9890629941416,2,sparse_direct,not_applicable,1.1616451848058975e-16,3.097720492815727e-16,0.0036115999973844737,0.002354700001887977,0.0,0.015625,4.298759255321491e-05,4.298759373324109e-05,4.2809643537838,4.2809642362696625,1.1751413708793734e-07,3.872150616019659e-17,3.872150616019659e-17,0.0,True,0.006310200013103895,0.015625,,
329,arpack_matvec,central_difference,1.0,0.001992175341751609,0.221526620776056,57307451.02217204,328.69853549882845,328.9879928470758,328.69845928104013,328.9894081314914,2,sparse_direct,not_applicable,1.9360753080098294e-16,1.5488602464078636e-16,0.0025536000030115247,0.0025064000074053183,0.0,0.0,4.29875913134696e-05,4.298759551212095e-05,4.280964477245137,4.280964059118068,4.1812706896848795e-07,1.1616451848058975e-16,1.1616451848058975e-16,0.0,True,0.005403400005889125,0.0,,
330,arpack_matvec,central_difference,1.0,0.001992175341751609,0.2087349748833804,68579657.2967391,328.69868521021664,328.9879684192429,328.69849790465616,328.9892728744984,2,sparse_direct,not_applicable,1.1616451848058975e-16,1.1616451848058975e-16,0.0030658000032417476,0.005408500001067296,0.0,0.0,4.298759030748135e-05,4.2987595993722724e-05,4.280964577427536,4.280964011157259,5.662702768916006e-07,7.744301232039318e-17,0.0,7.744301232039318e-17,True,0.008869099998264574,0.0,,
331,arpack_matvec,central_difference,1.0,0.001992175341751609,0.19283425450917804,46143175.0552989,328.6985953624927,328.9879329770626,328.6983713409694,328.9895893108909,2,sparse_direct,not_applicable,1.1616451848058975e-16,1.6940658945086007e-16,0.004391599999507889,0.003005900012794882,0.0,0.0,4.298758816392843e-05,4.29875988187526e-05,4.280964790895528,4.280963729823768,1.0610717593451113e-06,3.872150616019659e-17,7.744301232039318e-17,3.872150616019659e-17,True,0.007957399997394532,0.0,,
332,arpack_matvec,central_difference,1.0,0.001992175341751609,0.30070020439844347,86196511.40625754,328.6988727149696,328.98818212301694,328.69865776064063,328.98899651989035,2,sparse_direct,not_applicable,1.5488602464078636e-16,1.9360753080098294e-16,0.0022797000128775835,0.0027393999916967005,0.0,0.0,4.298759023820511e-05,4.298759599838269e-05,4.280964584326484,4.280964010693191,5.736332928663046e-07,0.0,3.872150616019659e-17,3.872150616019659e-17,True,0.005356599998776801,0.0,,
333,arpack_matvec,central_difference,1.0,0.001992175341751609,0.277645061582835,59461077.60832077,328.6989006991655,328.98810947196193,328.69868505389854,328.9891279640201,2,sparse_direct,not_applicable,1.5488602464078636e-16,1.1616451848058975e-16,0.003463999993982725,0.0021315000049071386,0.015625,0.0,4.298758865118258e-05,4.298759795735802e-05,4.280964742371805,4.280963815606625,9.267651801536658e-07,3.872150616019659e-17,0.0,3.872150616019659e-17,True,0.005950400009169243,0.015625,,
334,arpack_matvec,central_difference,1.0,0.001992175341751609,0.24893870609261867,79430758.67418256,328.6987709198192,328.98829253750864,328.6987243052467,328.98897513998094,2,sparse_direct,not_applicable,1.5488602464078636e-16,1.1616451848058975e-16,0.002660199999809265,0.003139799999189563,0.0,0.0,4.298758875838958e-05,4.298759757763176e-05,4.280964731695481,4.280963853422052,8.782734290946337e-07,3.872150616019659e-17,1.1616451848058975e-16,1.5488602464078636e-16,True,0.006213500004378147,0.0,,
335,arpack_matvec,central_difference,1.0,0.001992175341751609,0.22171891371300492,50341688.904240996,328.69863819512386,328.98824163123584,328.69871668672636,328.9891265790114,2,sparse_direct,not_applicable,1.452056481007372e-16,1.1616451848058975e-16,0.0021575999999186024,0.0037429999938467517,0.0,0.015625,4.298758607239115e-05,4.298760078461729e-05,4.2809649991835075,4.280963534051144,1.4651323638759095e-06,1.5488602464078636e-16,0.0,1.5488602464078636e-16,True,0.006326800008537248,0.015625,,
336,arpack_matvec,central_difference,1.0,0.001992175341751609,0.24556548570538947,74554543.11856274,328.6985742853706,328.9884055782343,328.6987804141441,328.98891958813203,2,sparse_direct,not_applicable,1.5488602464078636e-16,1.1616451848058975e-16,0.002210999999078922,0.002079000012599863,0.0,0.0,4.2987587270141446e-05,4.298759904600657e-05,4.28096487990426,4.28096370719245,1.1727118094384537e-06,7.744301232039318e-17,7.744301232039318e-17,1.5488602464078636e-16,True,0.004655500000808388,0.0,,
337,arpack_matvec,central_difference,1.0,0.001992175341751609,0.2362802022428262,46309090.87054395,328.6984607724262,328.98840651173947,328.6988159641263,328.98895264425073,2,sparse_direct,not_applicable,1.9360753080098294e-16,1.5488602464078636e-16,0.002930000002379529,0.002467500002239831,0.0,0.0,4.298758584182206e-05,4.298760082917672e-05,4.280965022144978,4.280963529613648,1.4925313305269583e-06,3.872150616019659e-17,3.872150616019659e-17,7.744301232039318e-17,True,0.005751099990447983,0.0,,
338,arpack_matvec,central_difference,1.0,0.001992175341751609,0.24281753003970044,78818400.71113199,328.6985604589435,328.9885121980963,328.6988757447416,328.9887100903483,2,sparse_direct,not_applicable,2.710505431213761e-16,1.3068508329066348e-16,0.002650599999469705,0.003624899996793829,0.0,0.0,4.298758908535042e-05,4.2987597255303604e-05,4.2809646991347385,4.280963885521431,8.136133073932683e-07,7.744301232039318e-17,1.1616451848058975e-16,1.9360753080098294e-16,True,0.0066931999899679795,0.015625,,
339,arpack_matvec,central_difference,1.0,0.001992175341751609,0.21011126388832438,42975809.50103365,328.6984109535587,328.9885184083045,328.69901738860347,328.9886548336397,2,sparse_direct,not_applicable,2.710505431213761e-16,2.323290369611795e-16,0.0023991999914869666,0.0035502999962773174,0.0,0.0,4.298758811072254e-05,4.29875989287838e-05,4.280964796194093,4.280963718866199,1.0773278935616304e-06,3.872150616019659e-17,3.872150616019659e-17,7.744301232039318e-17,True,0.0062981000082800165,0.0,,
340,arpack_matvec,central_difference,1.0,0.001992175341751609,0.21412662931509865,77680526.72411078,328.69855066232054,328.98863360076615,328.69903087736907,328.9885892063125,2,sparse_direct,not_applicable,3.097720492815727e-16,1.1616451848058975e-16,0.00362920000043232,0.006358399987220764,0.0,0.015625,4.298759096645001e-05,4.298759542961265e-05,4.280964511803447,4.280964067334742,4.4446870450798315e-07,3.872150616019659e-17,0.0,3.872150616019659e-17,True,0.010521100004552864,0.015625,,
341,arpack_matvec,central_difference,1.0,0.001992175341751609,0.22743872739364876,52213672.37093037,328.6983620885237,328.9887695421141,328.6991175179693,328.98856979018905,2,sparse_direct,not_applicable,1.5488602464078636e-16,1.0406404780552833e-16,0.0024911000073188916,0.003995699997176416,0.0,0.0,4.298759203096352e-05,4.2987594829675174e-05,4.280964405792751,4.280964127080136,2.787126156533759e-07,0.0,0.0,0.0,True,0.007153200000175275,0.0,,
342,arpack_matvec,central_difference,1.0,0.001992175341751609,0.23133766572195286,78483550.0397459,328.6983654817311,328.9887979013513,328.6990487488912,328.98855678829625,2,sparse_direct,not_applicable,1.9360753080098294e-16,2.323290369611795e-16,0.0031239000090863556,0.0028509999974630773,0.015625,0.0,4.298759359481638e-05,4.298759270309123e-05,4.28096425005483,4.28096433885821,8.880337976080455e-08,1.1616451848058975e-16,3.872150616019659e-17,1.5488602464078636e-16,True,0.006422600010409951,0.015625,,
343,arpack_matvec,central_difference,1.0,0.001992175341751609,0.19640036619682158,54632627.56592718,328.6980751965989,328.98895308209285,328.69918991198307,328.98853574446247,2,sparse_direct,not_applicable,1.9360753080098294e-16,3.4849355544176928e-16,0.0030218000028980896,0.002326700006960891,0.0,0.0,4.298759545274654e-05,4.298759144838485e-05,4.28096406503093,4.280964463809459,3.987785293091406e-07,3.872150616019659e-17,7.744301232039318e-17,1.1616451848058975e-16,True,0.005957800007308833,0.0,,
344,arpack_matvec,central_difference,1.0,0.001992175341751609,0.20768883254202164,76382779.68081711,328.69821616274004,328.9888684011945,328.6991271251886,328.9885414450458,2,sparse_direct,not_applicable,2.323290369611795e-16,2.323290369611795e-16,0.0022696000087307766,0.002849700002116151,0.0,0.015625,4.298759483964261e-05,4.298759152488962e-05,4.280964126087518,4.2809644561906515,3.3010313327253016e-07,0.0,7.744301232039318e-17,7.744301232039318e-17,True,0.00546050000411924,0.015625,,
345,arpack_matvec,central_difference,1.0,0.001992175341751609,0.2534251849984655,51198757.637866795,328.69828812539384,328.9887927490899,328.69913236955125,328.98854320285625,2,sparse_direct,not_applicable,1.1616451848058975e-16,1.5488602464078636e-16,0.002805600001011044,0.0035441000072751194,0.0,0.0,4.2987594957609946e-05,4.2987591802475637e-05,4.2809641143396195,4.280964428546956,3.142073365935971e-07,3.872150616019659e-17,0.0,3.872150616019659e-17,True,0.006759199997759424,0.0,,
346,arpack_matvec,central_difference,1.0,0.001992175341751609,0.2398627485624847,81076732.21093969,328.6984931987067,328.98865169628505,328.69905222732007,328.98855901564576,2,sparse_direct,not_applicable,2.710505431213761e-16,1.1858461261560205e-16,0.002208800011430867,0.0018240000063087791,0.0,0.0,4.298759424779797e-05,4.2987592122276104e-05,4.28096418502698,4.280964396699292,2.1167231167851241e-07,7.744301232039318e-17,3.872150616019659e-17,1.1616451848058975e-16,True,0.004343300010077655,0.0,,
347,arpack_matvec,central_difference,1.0,0.001992175341751609,0.2497351895736526,47538316.31419773,328.6984052283387,328.98858662041414,328.6991207501974,328.98860276826537,2,sparse_direct,not_applicable,1.9360753080098294e-16,1.5488602464078636e-16,0.0028553000011015683,0.0024751000019023195,0.0,0.015625,4.298759479083485e-05,4.29875920439277e-05,4.28096413094809,4.2809644045017,2.7355360998626566e-07,0.0,1.1616451848058975e-16,1.1616451848058975e-16,True,0.005737800005590543,0.015625,,
348,arpack_matvec,central_difference,1.0,0.001992175341751609,0.25387935584596233,82350345.86573163,328.69851004713644,328.98856702940753,328.6989632365506,328.98867955532495,2,sparse_direct,not_applicable,1.1616451848058975e-16,1.1616451848058975e-16,0.002712200002861209,0.0034887999936472625,0.0,0.0,4.298759400111611e-05,4.298759232024511e-05,4.28096420959305,4.280964376984341,1.6739129105047823e-07,0.0,7.744301232039318e-17,7.744301232039318e-17,True,0.00660799999604933,0.0,,
349,arpack_matvec,central_difference,1.0,0.001992175341751609,0.2128155025895631,49005882.393313184,328.698293101174,328.9885198466523,328.69893825809277,328.98889698722905,2,sparse_direct,not_applicable,1.1616451848058975e-16,1.5488602464078636e-16,0.0028944000077899545,0.002941300001111813,0.0,0.0,4.298759461384142e-05,4.2987592191883394e-05,4.280964148574164,4.280964389767377,2.411932129575689e-07,3.872150616019659e-17,0.0,3.872150616019659e-17,True,0.006242700008442625,0.0,,
350,arpack_matvec,central_difference,1.0,0.001992175341751609,0.25192877677095754,68771546.97437088,328.69846745078945,328.9885025484241,328.6988917852123,328.988851534164,2,sparse_direct,not_applicable,1.4036545983071262e-16,1.9360753080098294e-16,0.0028568999987328425,0.002736099995672703,0.015625,0.0,4.298759383123037e-05,4.298759244281321e-05,4.280964226511298,4.280964364778268,1.3826697031760204e-07,7.744301232039318e-17,3.872150616019659e-17,1.1616451848058975e-16,True,0.00600789999589324,0.015625,,
351,arpack_matvec,central_difference,1.0,0.001992175341751609,0.20185275553470744,49372557.12914671,328.69833323866663,328.9883650425009,328.6988741730534,328.98911152842226,2,sparse_direct,not_applicable,1.9360753080098294e-16,1.9360753080098294e-16,0.004083599997102283,0.002719199997955002,0.0,0.0,4.298759432349633e-05,4.298759269356331e-05,4.280964177488481,4.280964339807057,1.6231857635773395e-07,3.872150616019659e-17,3.872150616019659e-17,7.744301232039318e-17,True,0.0072505999996792525,0.0,,
352,arpack_matvec,central_difference,1.0,0.001992175341751609,0.22704427905488586,69562244.02010186,328.69861646428654,328.98837489967457,328.6988233449655,328.98891562448966,2,sparse_direct,not_applicable,1.5488602464078636e-16,1.1616451848058975e-16,0.002879199993913062,0.002811199999996461,0.015625,0.0,4.298759339177594e-05,4.2987592971073434e-05,4.280964270274824,4.280964312170922,4.1896098146310123e-08,1.1616451848058975e-16,7.744301232039318e-17,1.9360753080098294e-16,True,0.006101000006310642,0.015625,,
353,arpack_matvec,central_difference,1.0,0.001992175341751609,0.3104741068103174,52250437.306209214,328.69873004261956,328.9882685770557,328.69879859513674,328.98894974990156,2,sparse_direct,not_applicable,3.097720492815727e-16,1.9360753080098294e-16,0.0026409999991301447,0.004140300006838515,0.0,0.0,4.298759316445525e-05,4.298759340569816e-05,4.280964292912792,4.280964268888365,2.4024426892310657e-08,3.872150616019659e-17,3.872150616019659e-17,0.0,True,0.007194099991465919,0.0,,
354,arpack_matvec,central_difference,1.0,0.001992175341751609,0.35136529760875396,90060552.61011718,328.69879237035843,328.9883211631591,328.69877052537475,328.98884102052494,2,sparse_direct,not_applicable,1.9360753080098294e-16,1.1616451848058975e-16,0.0025793999957386404,0.002804100004141219,0.0,0.0,4.298759279450511e-05,4.2987593401647e-05,4.280964329754664,4.280964269291805,6.046285871974533e-08,0.0,1.1616451848058975e-16,1.1616451848058975e-16,True,0.005771199997980148,0.0,,
355,arpack_matvec,central_difference,1.0,0.001992175341751609,0.20012625365562545,43121751.076538116,328.6986035772128,328.9878801899822,328.6985845073917,328.9894431371366,2,sparse_direct,not_applicable,1.1616451848058975e-16,2.323290369611795e-16,0.0028708000027108938,0.0018959000008180737,0.015625,0.0,4.298759200913028e-05,4.298759485889431e-05,4.280964407967037,4.2809641241703185,2.837967185698176e-07,7.744301232039318e-17,1.1616451848058975e-16,1.9360753080098294e-16,True,0.005184599998756312,0.015625,,
356,arpack_matvec,central_difference,1.0,0.001992175341751609,0.19555668121937803,66679670.731631055,328.69863548213146,328.9880508800843,328.69860508226145,328.98925327044043,2,sparse_direct,not_applicable,2.710505431213761e-16,1.1616451848058975e-16,0.001691700002993457,0.002615599994896911,0.0,0.0,4.2987591760886346e-05,4.2987594555217315e-05,4.28096443268867,4.280964154412306,2.782763637299013e-07,3.872150616019659e-17,7.744301232039318e-17,1.1616451848058975e-16,True,0.004564999995636754,0.0,,
357,arpack_matvec,central_difference,1.0,0.001992175341751609,0.2088839827116408,50824432.83920447,328.69839295722244,328.9880757749373,328.6985420559783,328.98946408413093,2,sparse_direct,not_applicable,1.5488602464078636e-16,1.5488602464078636e-16,0.005286299987346865,0.0033292000007349998,0.0,0.0,4.29875910904351e-05,4.2987595839528785e-05,4.280964499456261,4.280964026512821,4.729434399664001e-07,3.872150616019659e-17,0.0,3.872150616019659e-17,True,0.009076000002096407,0.015625,,
358,arpack_matvec,central_difference,1.0,0.001992175341751609,0.23850837371561884,79354036.96885161,328.69862288082663,328.9882019889116,328.6986860551137,328.989089227933,2,sparse_direct,not_applicable,1.5488602464078636e-16,1.1616451848058975e-16,0.002975199997308664,0.0029609000048367307,0.0,0.0,4.298759138069128e-05,4.2987594882241795e-05,4.280964470550795,4.280964121845234,3.4870556042676526e-07,0.0,7.744301232039318e-17,7.744301232039318e-17,True,0.0063495000067632645,0.0,,
359,arpack_matvec,central_difference,1.0,0.001992175341751609,0.2761447607251055,47256491.984480925,328.698553148544,328.9881938217606,328.6987707003141,328.9890862719684,2,sparse_direct,not_applicable,1.5488602464078636e-16,1.1616451848058975e-16,0.002916700002970174,0.0032038999925134704,0.0,0.015625,4.298759097287394e-05,4.298759567119781e-05,4.280964511163713,4.280964043276234,4.678874789831866e-07,0.0,7.744301232039318e-17,7.744301232039318e-17,True,0.006579400011105463,0.015625,,
360,arpack_matvec,central_difference,1.0,0.001992175341751609,0.283389833663627,81811324.8959852,328.6985804727255,328.98835289474357,328.6989051579119,328.98884464527106,2,sparse_direct,not_applicable,1.5488602464078636e-16,1.5488602464078636e-16,0.0028202999965287745,0.0028749999910360202,0.0,0.0,4.2987591275895426e-05,4.2987595014426436e-05,4.2809644809869996,4.2809641086814905,3.7230550908873283e-07,1.1616451848058975e-16,7.744301232039318e-17,1.9360753080098294e-16,True,0.006079300001147203,0.0,,
361,arpack_matvec,central_difference,1.0,0.001992175341751609,0.26991680319896627,43865613.39079607,328.69839021748516,328.9882925216993,328.69912224836014,328.9888712854584,2,sparse_direct,not_applicable,1.1616451848058975e-16,1.1616451848058975e-16,0.003205099987098947,0.003323700002511032,0.0,0.0,4.2987590352726374e-05,4.298759639511785e-05,4.2809645729217625,4.280963971183913,6.017378497702452e-07,1.1616451848058975e-16,0.0,1.1616451848058975e-16,True,0.006995499992626719,0.0,,
362,arpack_matvec,central_difference,1.0,0.001992175341751609,0.20734755357490048,65991649.40761273,328.6982961663911,328.9884472956234,328.69925050839726,328.98876089543444,2,sparse_direct,not_applicable,1.9360753080098294e-16,1.1616451848058975e-16,0.0030664999940199777,0.002840100001776591,0.015625,0.0,4.2987590380865127e-05,4.29875959519962e-05,4.280964570119536,4.280964015312637,5.548068982008658e-07,1.1616451848058975e-16,7.744301232039318e-17,1.9360753080098294e-16,True,0.006275899999309331,0.015625,,
363,arpack_matvec,central_difference,1.0,0.001992175341751609,0.2702544106890683,54530534.86202445,328.6979701702893,328.988545441373,328.69939940565337,328.9887331708108,2,sparse_direct,not_applicable,1.5488602464078636e-16,3.097720492815727e-16,0.0032001000072341412,0.004744900012155995,0.0,0.0,4.298758982870838e-05,4.29875967586732e-05,4.280964625106649,4.28096393497888,6.901277691540031e-07,3.872150616019659e-17,7.744301232039318e-17,3.872150616019659e-17,True,0.008581900008721277,0.0,,
364,arpack_matvec,central_difference,1.0,0.001992175341751609,0.21969306860785093,71689356.73724753,328.6980843144555,328.9885942755513,328.69931908967123,328.9886652452247,2,sparse_direct,not_applicable,2.323290369611795e-16,1.5730611877579863e-16,0.0029876000044168904,0.0030172000115271658,0.015625,0.0,4.298759067502009e-05,4.298759568415285e-05,4.280964540825803,4.280964041986094,4.988397090954777e-07,7.744301232039318e-17,3.872150616019659e-17,1.1616451848058975e-16,True,0.006478700001025572,0.015625,,
365,arpack_matvec,central_difference,1.0,0.001992175341751609,0.16537201933566248,43216348.53154375,328.69716605429903,328.9885962137659,328.6991180915242,328.98878946336544,2,sparse_direct,not_applicable,1.5488602464078636e-16,1.9360753080098294e-16,0.0028157000051578507,0.0027649999974528328,0.0,0.0,4.298758790039679e-05,4.298759937046473e-05,4.2809648171396075,4.280963674880955,1.1422586521092626e-06,7.744301232039318e-17,7.744301232039318e-17,1.5488602464078636e-16,True,0.005978900007903576,0.0,,
366,arpack_matvec,central_difference,1.0,0.001992175341751609,0.23462395176328257,74013684.91298062,328.69826042909045,328.98851377830516,328.6992423137911,328.98868260059027,2,sparse_direct,not_applicable,1.5488602464078636e-16,1.1616451848058975e-16,0.0034106999955838546,0.0019623000116553158,0.015625,0.0,4.298759131343649e-05,4.298759499689099e-05,4.280964477248434,4.280964110427775,3.668206582929656e-07,1.1616451848058975e-16,7.744301232039318e-17,1.9360753080098294e-16,True,0.005729099997552112,0.015625,,
367,arpack_matvec,central_difference,1.0,0.001992175341751609,0.24020064041865832,43415731.14849243,328.6982652010006,328.98839145371636,328.6993105057401,328.98878902670083,2,sparse_direct,not_applicable,1.9360753080098294e-16,1.1616451848058975e-16,0.0028439000016078353,0.002747799997450784,0.0,0.0,4.298759176069115e-05,4.298759520789109e-05,4.2809644327081084,4.280964089415113,3.432929958080422e-07,7.744301232039318e-17,3.872150616019659e-17,1.1616451848058975e-16,True,0.0059191999898757786,0.0,,
368,arpack_matvec,central_difference,1.0,0.001992175341751609,0.2937633617513625,85146157.81496838,328.6985632001988,328.98844119083503,328.6989740738969,328.9887709236503,2,sparse_direct,not_applicable,1.5488602464078636e-16,1.9360753080098294e-16,0.002689400003873743,0.0024970000085886568,0.0,0.0,4.298759267184246e-05,4.2987593607959425e-05,4.280964341970151,4.280964248745967,9.322418392798681e-08,7.744301232039318e-17,3.872150616019659e-17,1.1616451848058975e-16,True,0.005556599993724376,0.0,,
369,arpack_matvec,central_difference,1.0,0.001992175341751609,0.22380295111259652,46121891.03873965,328.6984829188722,328.98825060881825,328.69890053078274,328.9890881148842,2,sparse_direct,not_applicable,3.097720492815727e-16,1.9360753080098294e-16,0.003001899996888824,0.0021733000030508265,0.015625,0.0,4.298759356730996e-05,4.2987593244886436e-05,4.280964252794086,4.280964284902969,3.210888266380607e-08,1.5488602464078636e-16,3.872150616019659e-17,1.9360753080098294e-16,True,0.005612900000414811,0.015625,,
370,arpack_matvec,central_difference,1.0,0.001992175341751609,0.23914916146328422,79398315.67289223,328.6986561400081,328.98830298551843,328.69874305018743,328.98899839239334,2,sparse_direct,not_applicable,1.1616451848058975e-16,2.323290369611795e-16,0.002514599997084588,0.0027074000099673867,0.0,0.0,4.2987593937988615e-05,4.298759233370732e-05,4.280964215879667,4.280964375643693,1.5976402600870188e-07,3.872150616019659e-17,3.872150616019659e-17,7.744301232039318e-17,True,0.005620600000838749,0.0,,
371,arpack_matvec,central_difference,1.0,0.001992175341751609,0.2590914671284715,44748813.02818949,328.6986877517329,328.988164536117,328.6986205867581,328.98918534544754,2,sparse_direct,not_applicable,1.1616451848058975e-16,1.5488602464078636e-16,0.001829800006817095,0.0027399000100558624,0.0,0.0,4.298759505527096e-05,4.298759158555446e-05,4.280964104613946,4.28096445014928,3.4553533367898126e-07,3.872150616019659e-17,7.744301232039318e-17,3.872150616019659e-17,True,0.005087899990030564,0.0,,
372,arpack_matvec,central_difference,1.0,0.001992175341751609,0.2206693499160361,73180901.26616473,328.6987637357681,328.9881269482573,328.6985647245898,328.98917700779185,2,sparse_direct,not_applicable,1.9360753080098294e-16,1.1616451848058975e-16,0.0036340999940875918,0.0026665000041248277,0.015625,0.0,4.298759542952187e-05,4.298759084755802e-05,4.280964067343782,4.280964523643431,4.5629964873228346e-07,3.872150616019659e-17,1.1616451848058975e-16,7.744301232039318e-17,True,0.006677500001387671,0.015625,,
373,arpack_matvec,central_difference,1.0,0.001992175341751609,0.2133731150026102,40693767.71901168,328.69873478357425,328.98785480366934,328.6984216277659,328.9894679296028,2,sparse_direct,not_applicable,2.710505431213761e-16,1.9360753080098294e-16,0.002479600007063709,0.0027470999921206385,0.0,0.0,4.298759734819812e-05,4.298758942721174e-05,4.280963876270436,4.280964665090117,7.888196815741821e-07,3.872150616019659e-17,7.744301232039318e-17,1.1616451848058975e-16,True,0.005602100005489774,0.0,,
374,arpack_matvec,central_difference,1.0,0.001992175341751609,0.3367540110003789,90098930.25109503,328.6988296122796,328.9882643197805,328.69866223770026,328.9889069399849,2,sparse_direct,not_applicable,1.9360753080098294e-16,2.323290369611795e-16,0.0023732999979984015,0.0026861999940592796,0.0,0.015625,4.298759490100374e-05,4.2987591315064805e-05,4.280964119976807,4.280964477086276,3.5710946910683106e-07,7.744301232039318e-17,1.1616451848058975e-16,3.872150616019659e-17,True,0.005381299997679889,0.015625,,
375,arpack_matvec,central_difference,1.0,0.001992175341751609,0.25306280464188946,49027895.87681506,328.6988991158198,328.988074145481,328.69862350030735,328.9891454864156,2,sparse_direct,not_applicable,2.710505431213761e-16,1.5488602464078636e-16,0.002298999999766238,0.0024868999898899347,0.0,0.0,4.298759673202772e-05,4.2987590013593694e-05,4.280963937632397,4.280964606694649,6.690622518235045e-07,3.872150616019659e-17,1.9360753080098294e-16,2.323290369611795e-16,True,0.005619799994747154,0.0,,
376,arpack_matvec,central_difference,1.0,0.001992175341751609,0.2239967868960178,76830233.83415565,328.6988367602869,328.98826357079827,328.6986913744591,328.98902894073444,2,sparse_direct,not_applicable,3.097720492815727e-16,1.9360753080098294e-16,0.00300690000585746,0.0023129000037442893,0.0,0.0,4.298759591139888e-05,4.298759045546105e-05,4.280964019355563,4.280964562690822,5.433352585626494e-07,3.872150616019659e-17,3.872150616019659e-17,0.0,True,0.006177799994475208,0.0,,
377,arpack_matvec,central_difference,1.0,0.001992175341751609,0.18573819334508504,47546744.26793637,328.69873323071516,328.98815596807344,328.69860575852306,328.98933222458,2,sparse_direct,not_applicable,1.5488602464078636e-16,1.1616451848058975e-16,0.002873900011763908,0.0035647000040626153,0.0,0.015625,4.298759819906713e-05,4.2987588952549524e-05,4.280963791535776,4.280964712359857,9.208240809854829e-07,0.0,3.872150616019659e-17,3.872150616019659e-17,True,0.006847700002253987,0.015625,,
378,arpack_matvec,central_difference,1.0,0.001992175341751609,0.22345956492305097,64697954.858331494,328.6986676168953,328.98840862224716,328.6986986457157,328.9889599911289,2,sparse_direct,not_applicable,1.3310517742567576e-16,1.9360753080098294e-16,0.0027449000044725835,0.003254800001741387,0.0,0.0,4.2987595578358157e-05,4.2987590725139235e-05,4.280964052521767,4.280964535834635,4.83312867949337e-07,3.872150616019659e-17,1.5488602464078636e-16,1.1616451848058975e-16,True,0.006406200001947582,0.0,,
379,arpack_matvec,central_difference,1.0,0.001992175341751609,0.27967472105392027,48398078.791122176,328.69860878155043,328.988470235433,328.6987237259666,328.98888422811325,2,sparse_direct,not_applicable,1.9360753080098294e-16,1.1616451848058975e-16,0.002618300000904128,0.0024631000123918056,0.0,0.0,4.2987595310106115e-05,4.2987591185497326e-05,4.280964079235924,4.2809644899893895,4.107534659070211e-07,7.744301232039318e-17,0.0,7.744301232039318e-17,True,0.005443199988803826,0.015625,,
380,arpack_matvec,central_difference,1.0,0.001992175341751609,0.24161260822513575,67989205.5637851,328.69858974381935,328.9885471979022,328.6987849518817,328.98871859022626,2,sparse_direct,not_applicable,1.1616451848058975e-16,1.1616451848058975e-16,0.0035801999911200255,0.002253500002552755,0.0,0.0,4.29875943908062e-05,4.298759196128066e-05,4.280964170785357,4.2809644127321915,2.419468341230413e-07,2.323290369611795e-16,3.872150616019659e-17,1.9360753080098294e-16,True,0.006243299998459406,0.0,,
381,arpack_matvec,central_difference,1.0,0.001992175341751609,0.24081869300337433,47666955.70830339,328.6984764492048,328.98859986732407,328.6988554168137,328.9886186075571,2,sparse_direct,not_applicable,1.1616451848058975e-16,1.1616451848058975e-16,0.0024369000020669773,0.0019518000044627115,0.0,0.0,4.298759441660299e-05,4.2987592473070374e-05,4.280964168216357,4.280964361765077,1.9354872016208446e-07,1.1616451848058975e-16,1.5488602464078636e-16,3.872150616019659e-17,True,0.004667200002586469,0.0,,
382,arpack_matvec,central_difference,1.0,0.001992175341751609,0.2282288239830321,75268821.07764547,328.69854889110564,328.98868546190636,328.6989291181707,328.98851752011547,2,sparse_direct,not_applicable,2.710505431213761e-16,1.5488602464078636e-16,0.0028104999946663156,0.0027166000072611496,0.0,0.015625,4.2987593234598144e-05,4.298759315961999e-05,4.2809642859275385,4.280964293394317,7.4667783067639e-09,0.0,7.744301232039318e-17,7.744301232039318e-17,True,0.005974100000457838,0.015625,,
383,arpack_matvec,central_difference,1.0,0.001992175341751609,0.20285946913764946,45012916.940429956,328.6984034379052,328.9889078354933,328.6991264601897,328.98844254839605,2,sparse_direct,not_applicable,1.1374442434557748e-16,1.1616451848058975e-16,0.0032648999913362786,0.0020751999982167035,0.0,0.0,4.298759269009314e-05,4.298759428833707e-05,4.2809643401526385,4.280964180989852,1.5916278606198375e-07,7.744301232039318e-17,7.744301232039318e-17,0.0,True,0.00574860000051558,0.0,,
384,arpack_matvec,central_difference,1.0,0.001992175341751609,0.24252465966138181,89775844.54237933,328.69848828668535,328.9888746969969,328.69903229614323,328.9884764897305,2,sparse_direct,not_applicable,1.5488602464078636e-16,1.5488602464078636e-16,0.002664400002686307,0.002657099990756251,0.0,0.0,4.298759197878849e-05,4.298759434514327e-05,4.2809644109886555,4.280964175332747,2.3565590812069104e-07,1.9360753080098294e-16,7.744301232039318e-17,2.710505431213761e-16,True,0.0055939999874681234,0.0,,
385,ritz_0_real,central_difference,1.0,0.001992175341751609,0.11464389687378641,3801.547195900052,328.69756789185783,328.9905689062304,328.7000204238246,328.9865845555501,2,sparse_direct,not_applicable,1.9360753080098294e-16,1.1616451848058975e-16,0.006881699999212287,0.005906299993512221,0.015625,0.0,4.298791234051016e-05,4.2987281064857254e-05,4.280932507668526,4.280995373902372,6.286623384621493e-05,3.872150616019659e-17,0.0,3.872150616019659e-17,True,0.013676899994607083,0.015625,,
386,ritz_1_real,central_difference,1.0,0.001992175341751609,0.099062289577907,61233.17041390116,328.7007863331814,328.9904192993245,328.69680198250154,328.9867341624616,2,sparse_direct,not_applicable,1.5488602464078636e-16,2.323290369611795e-16,0.0038435000024037436,0.005142499998328276,0.0,0.015625,4.29875637991376e-05,4.298763175405353e-05,4.28096721729057,4.280960449930856,6.7673597143880215e-06,1.1616451848058975e-16,0.0,1.1616451848058975e-16,True,0.009552799994708039,0.015625,,
387,ritz_2_real,central_difference,1.0,0.001992175341751609,0.10707280802466136,150115.74981778025,328.6968657056945,328.9905466725766,328.70072260999024,328.9866067892163,2,sparse_direct,not_applicable,1.5488602464078636e-16,1.9360753080098294e-16,0.005027399995015003,0.0037940000038361177,0.0,0.0,4.298759605346226e-05,4.298759797441063e-05,4.280964005208036,4.280963813908423,1.9129961259523043e-07,0.0,7.744301232039318e-17,7.744301232039318e-17,True,0.009447799995541573,0.0,,
388,ritz_3_real,central_difference,1.0,0.001992175341751609,0.11955485979817318,260232.3123133411,328.70061161108885,328.99053595203685,328.6969767045969,328.98661750975106,2,sparse_direct,not_applicable,3.097720492815727e-16,1.5488602464078636e-16,0.004121499994653277,0.004033900011563674,0.0,0.0,4.298759605100688e-05,4.2987596121176504e-05,4.2809640054525575,4.280963998464643,6.987914247247318e-09,7.744301232039318e-17,3.872150616019659e-17,1.1616451848058975e-16,True,0.00851929999771528,0.0,,
389,ritz_4_real,central_difference,1.0,0.001992175341751609,0.13280047061819986,371154.1873432242,328.6971044573912,328.9904872196719,328.70048385829404,328.98666624211506,2,sparse_direct,not_applicable,1.9360753080098294e-16,1.5488602464078636e-16,0.0034863000037148595,0.0029937999934190884,0.0,0.0,4.29875953691519e-05,4.298759537070015e-05,4.280964073355788,4.280964073201605,1.5418333276784324e-10,0.0,0.0,0.0,True,0.006981499987887219,0.0,,
390,ritz_5_real,central_difference,1.0,0.001992175341751609,0.1411238755564049,456244.49316721916,328.70039575340746,328.9904662403012,328.697192562279,328.9866872214789,2,sparse_direct,not_applicable,8.470329472543003e-17,1.9360753080098294e-16,0.0055081999889807776,0.003948199999285862,0.0,0.0,4.2987595000388024e-05,4.29875950003163e-05,4.28096411007952,4.280964110086663,7.143619029648107e-12,2.323290369611795e-16,0.0,2.323290369611795e-16,True,0.009960499999579042,0.0,,
