{
  "all_finite_loss": true,
  "all_frozen_inputs_unchanged": true,
  "all_used_vo2_sigma": true,
  "benchmark": "synthetic numerical digital-twin phase-transition stress preflight",
  "cases_csv": "outputs\\tables\\pinn_inverse_v2_phase_transition_stress_cases.csv",
  "claim_boundary": "stress preflight only; no F-SPS-PINN performance superiority claim",
  "config": "configs\\pinn_inverse_v2_phase_transition_stress.yaml",
  "epochs": 6,
  "frozen_hashes_after": {
    "sparse_obs": "f45daf53136a255b3666ebeb56e6298ce148a613c46fa596b795e7ade68ea602",
    "train_data": "4e4814d9c66a79cbe86417296b0a797e53ffff2cee2bd881548fbcd35e05c9f8"
  },
  "frozen_hashes_before": {
    "sparse_obs": "f45daf53136a255b3666ebeb56e6298ce148a613c46fa596b795e7ade68ea602",
    "train_data": "4e4814d9c66a79cbe86417296b0a797e53ffff2cee2bd881548fbcd35e05c9f8"
  },
  "frozen_inputs_unchanged": true,
  "frozen_mtimes_after": {
    "sparse_obs": 1782060474121208000,
    "train_data": 1782060474118294900
  },
  "frozen_mtimes_before": {
    "sparse_obs": 1782060474121208000,
    "train_data": 1782060474118294900
  },
  "max_sigma_dynamic_range": 1.0202085779737933,
  "num_cases": 4,
  "output_root": "outputs\\pinn_inverse_v2\\phase_transition_stress",
  "rows": [
    {
      "T_c": 313.0,
      "case_name": "mild_transition",
      "conductivity_mode": "white_box_vo2_sigma",
      "final_loss": 0.08949020504951477,
      "finite_loss": true,
      "frozen_inputs_unchanged": true,
      "initial_loss": 0.08990262448787689,
      "loss_decreased": true,
      "nrmse_c_v": 0.3412382587192515,
      "nrmse_delta_T": 0.47216820007229915,
      "nrmse_m": 0.31248473559538087,
      "nrmse_sigma": 0.18380569851264908,
      "relative_G_error": 0.42666156507013664,
      "relative_I_error": 0.4461685719031997,
      "sigma_contrast": 12.0,
      "sigma_dynamic_range": 1.010512940050241,
      "sigma_ins0": 0.0025,
      "sigma_max": 0.004459326155483723,
      "sigma_met0": 0.03,
      "sigma_min": 0.004412933252751827,
      "transition_width": 5.0,
      "used_free_log_sigma": false,
      "used_vo2_sigma": true
    },
    {
      "T_c": 313.0,
      "case_name": "sharp_transition",
      "conductivity_mode": "white_box_vo2_sigma",
      "final_loss": 0.17876745760440826,
      "finite_loss": true,
      "frozen_inputs_unchanged": true,
      "initial_loss": 0.17952024936676025,
      "loss_decreased": true,
      "nrmse_c_v": 0.3451814005505574,
      "nrmse_delta_T": 0.47217163302931864,
      "nrmse_m": 0.31309521694563713,
      "nrmse_sigma": 0.2502860490249889,
      "relative_G_error": 0.6541468962013739,
      "relative_I_error": 0.6620272150456785,
      "sigma_contrast": 12.0,
      "sigma_dynamic_range": 1.0202085779737933,
      "sigma_ins0": 0.0025,
      "sigma_max": 0.0025596902705729008,
      "sigma_met0": 0.03,
      "sigma_min": 0.002508987206965685,
      "transition_width": 0.75,
      "used_free_log_sigma": false,
      "used_vo2_sigma": true
    },
    {
      "T_c": 300.5,
      "case_name": "near_threshold",
      "conductivity_mode": "white_box_vo2_sigma",
      "final_loss": 0.3482680022716522,
      "finite_loss": true,
      "frozen_inputs_unchanged": true,
      "initial_loss": 0.34904590249061584,
      "loss_decreased": true,
      "nrmse_c_v": 0.34735744056506657,
      "nrmse_delta_T": 0.4721948463577361,
      "nrmse_m": 0.31113318577505117,
      "nrmse_sigma": 0.3110244204386709,
      "relative_G_error": 1.0033520810671768,
      "relative_I_error": 1.0152833663449128,
      "sigma_contrast": 12.0,
      "sigma_dynamic_range": 1.0021420938317573,
      "sigma_ins0": 0.0025,
      "sigma_max": 0.012966097332537174,
      "sigma_met0": 0.03,
      "sigma_min": 0.012938382104039192,
      "transition_width": 1.0,
      "used_free_log_sigma": false,
      "used_vo2_sigma": true
    },
    {
      "T_c": 313.0,
      "case_name": "high_contrast",
      "conductivity_mode": "white_box_vo2_sigma",
      "final_loss": 0.25269144773483276,
      "finite_loss": true,
      "frozen_inputs_unchanged": true,
      "initial_loss": 0.2530696392059326,
      "loss_decreased": true,
      "nrmse_c_v": 0.34313821202924694,
      "nrmse_delta_T": 0.4721681455809179,
      "nrmse_m": 0.31245966767332445,
      "nrmse_sigma": 0.29290442824694246,
      "relative_G_error": 0.7970808136413061,
      "relative_I_error": 0.8011396652516292,
      "sigma_contrast": 300.0,
      "sigma_dynamic_range": 1.0138320564948804,
      "sigma_ins0": 0.001,
      "sigma_max": 0.0014749980764463544,
      "sigma_met0": 0.3,
      "sigma_min": 0.001454874174669385,
      "transition_width": 2.0,
      "used_free_log_sigma": false,
      "used_vo2_sigma": true
    }
  ],
  "seed": 2026,
  "sparse_obs": "data\\processed\\gt_v1_acceptance\\obs_triangle_sparse.npz",
  "stress_cases": [
    "mild_transition",
    "sharp_transition",
    "near_threshold",
    "high_contrast"
  ],
  "summary_json": "outputs\\tables\\pinn_inverse_v2_phase_transition_stress_summary.json",
  "train_data": "data\\processed\\gt_v1_acceptance\\gt_triangle.npz"
}