{
  "definition": {
    "cooling_temperature_rate_fraction": -0.1,
    "fallback_half_width_points": 6,
    "minimum_points": 8,
    "names": [
      "pre_switch",
      "switch",
      "post_switch",
      "cooling_recovery"
    ],
    "posthoc_window_motion": "forbidden",
    "switch_score": "max_normalized_absolute_phase_rate_and_current_rate",
    "switch_threshold_fraction": 0.5
  },
  "posthoc_window_motion": false,
  "protocols": {
    "multi_pulse": {
      "cooling_recovery": {
        "count": 8,
        "indices": [
          152,
          153,
          154,
          155,
          156,
          157,
          158,
          159
        ],
        "t_end_s": 0.015,
        "t_start_s": 0.014339622641509434
      },
      "post_switch": {
        "count": 8,
        "indices": [
          144,
          145,
          146,
          147,
          148,
          149,
          150,
          151
        ],
        "t_end_s": 0.014245283018867924,
        "t_start_s": 0.013584905660377358
      },
      "pre_switch": {
        "count": 32,
        "indices": [
          42,
          43,
          44,
          45,
          46,
          47,
          48,
          49,
          50,
          51,
          52,
          53,
          54,
          55,
          56,
          57,
          58,
          59,
          60,
          61,
          62,
          63,
          64,
          65,
          66,
          67,
          68,
          69,
          70,
          71,
          72,
          73
        ],
        "t_end_s": 0.006886792452830188,
        "t_start_s": 0.003962264150943396
      },
      "switch": {
        "count": 32,
        "indices": [
          74,
          75,
          76,
          77,
          78,
          79,
          87,
          88,
          89,
          90,
          95,
          96,
          103,
          104,
          108,
          109,
          116,
          117,
          121,
          122,
          129,
          130,
          131,
          134,
          135,
          136,
          143,
          144,
          148,
          149,
          156,
          157
        ],
        "t_end_s": 0.014811320754716981,
        "t_start_s": 0.006981132075471698
      }
    },
    "triangle_high_amplitude": {
      "cooling_recovery": {
        "count": 8,
        "indices": [
          152,
          153,
          154,
          155,
          156,
          157,
          158,
          159
        ],
        "t_end_s": 0.003,
        "t_start_s": 0.002867924528301887
      },
      "post_switch": {
        "count": 8,
        "indices": [
          144,
          145,
          146,
          147,
          148,
          149,
          150,
          151
        ],
        "t_end_s": 0.002849056603773585,
        "t_start_s": 0.002716981132075472
      },
      "pre_switch": {
        "count": 54,
        "indices": [
          34,
          35,
          36,
          37,
          38,
          39,
          40,
          41,
          42,
          43,
          44,
          45,
          46,
          47,
          48,
          49,
          50,
          51,
          52,
          53,
          54,
          55,
          56,
          57,
          58,
          59,
          60,
          61,
          62,
          63,
          64,
          65,
          66,
          67,
          68,
          69,
          70,
          71,
          72,
          73,
          74,
          75,
          76,
          77,
          78,
          79,
          80,
          81,
          82,
          83,
          84,
          85,
          86,
          87
        ],
        "t_end_s": 0.0016415094339622643,
        "t_start_s": 0.0006415094339622642
      },
      "switch": {
        "count": 54,
        "indices": [
          88,
          89,
          90,
          91,
          92,
          93,
          94,
          95,
          96,
          97,
          98,
          99,
          100,
          101,
          102,
          103,
          104,
          105,
          106,
          107,
          108,
          109,
          110,
          111,
          112,
          113,
          114,
          115,
          134,
          135,
          136,
          137,
          138,
          139,
          140,
          141,
          142,
          143,
          144,
          145,
          146,
          147,
          148,
          149,
          150,
          151,
          152,
          153,
          154,
          155,
          156,
          157,
          158,
          159
        ],
        "t_end_s": 0.003,
        "t_start_s": 0.0016603773584905662
      }
    },
    "triangle_low_amplitude": {
      "cooling_recovery": {
        "count": 8,
        "indices": [
          152,
          153,
          154,
          155,
          156,
          157,
          158,
          159
        ],
        "t_end_s": 0.003,
        "t_start_s": 0.002867924528301887
      },
      "post_switch": {
        "count": 8,
        "indices": [
          144,
          145,
          146,
          147,
          148,
          149,
          150,
          151
        ],
        "t_end_s": 0.002849056603773585,
        "t_start_s": 0.002716981132075472
      },
      "pre_switch": {
        "count": 8,
        "indices": [
          0,
          1,
          2,
          3,
          4,
          5,
          6,
          7
        ],
        "t_end_s": 0.0001320754716981132,
        "t_start_s": 0.0
      },
      "switch": {
        "count": 160,
        "indices": [
          0,
          1,
          2,
          3,
          4,
          5,
          6,
          7,
          8,
          9,
          10,
          11,
          12,
          13,
          14,
          15,
          16,
          17,
          18,
          19,
          20,
          21,
          22,
          23,
          24,
          25,
          26,
          27,
          28,
          29,
          30,
          31,
          32,
          33,
          34,
          35,
          36,
          37,
          38,
          39,
          40,
          41,
          42,
          43,
          44,
          45,
          46,
          47,
          48,
          49,
          50,
          51,
          52,
          53,
          54,
          55,
          56,
          57,
          58,
          59,
          60,
          61,
          62,
          63,
          64,
          65,
          66,
          67,
          68,
          69,
          70,
          71,
          72,
          73,
          74,
          75,
          76,
          77,
          78,
          79,
          80,
          81,
          82,
          83,
          84,
          85,
          86,
          87,
          88,
          89,
          90,
          91,
          92,
          93,
          94,
          95,
          96,
          97,
          98,
          99,
          100,
          101,
          102,
          103,
          104,
          105,
          106,
          107,
          108,
          109,
          110,
          111,
          112,
          113,
          114,
          115,
          116,
          117,
          118,
          119,
          120,
          121,
          122,
          123,
          124,
          125,
          126,
          127,
          128,
          129,
          130,
          131,
          132,
          133,
          134,
          135,
          136,
          137,
          138,
          139,
          140,
          141,
          142,
          143,
          144,
          145,
          146,
          147,
          148,
          149,
          150,
          151,
          152,
          153,
          154,
          155,
          156,
          157,
          158,
          159
        ],
        "t_end_s": 0.003,