call_index,call_role,perturbation_method,step_multiplier,step_size_K,input_inf_norm,output_inf_norm_per_s,plus_temperature_min_K,plus_temperature_max_K,minus_temperature_min_K,minus_temperature_max_K,unit_bias_electrical_solve_count,electrical_solver_type,electrical_iterations,plus_electrical_residual,minus_electrical_residual,plus_electrical_wall_s,minus_electrical_wall_s,plus_electrical_cpu_s,minus_electrical_cpu_s,plus_G_hat_S,minus_G_hat_S,plus_Vd_V,minus_Vd_V,delta_Vd_V,plus_normalized_current_error,minus_normalized_current_error,normalized_delta_I_cond,finite,operator_wall_s,operator_cpu_s,exception_type,exception_message
1,parent_h_probe,central_difference,1.0,0.0019916115427092624,0.07481376943385959,857750.8794132735,328.8968334289677,328.8974623589286,328.8934791358431,328.894108065804,2,sparse_direct,not_applicable,1.9360753080098294e-16,1.5488602464078636e-16,0.0023600999993504956,0.0017009000002872199,0.0,0.0,4.383067421133048e-05,4.3789771306712236e-05,4.2778260515903765,4.281821859418101,0.003995807827724462,1.5488602464078636e-16,0.0,1.5488602464078636e-16,True,0.004332199998316355,0.0,,
2,parent_h_half_probe,central_difference,0.5,0.0009958057713546312,0.07481376943385959,857750.8917626325,328.8961520881768,328.8964665531572,328.8944749416145,328.8947894065949,2,sparse_direct,not_applicable,1.1616451848058975e-16,1.9360753080098294e-16,0.0016315999964717776,0.0016031999984988943,0.015625,0.0,4.382044204842736e-05,4.3799990598037956e-05,4.2788249327286065,4.280822836715385,0.0019979039867781268,3.872150616019659e-17,1.1616451848058975e-16,7.744301232039318e-17,True,0.003466199996182695,0.015625,,
3,arpack_matvec,central_difference,1.0,0.0019916115427092624,0.07481376943385959,857750.8794132735,328.8968334289677,328.8974623589286,328.8934791358431,328.894108065804,2,sparse_direct,not_applicable,1.9360753080098294e-16,1.5488602464078636e-16,0.0024870000052032992,0.0018219999910797924,0.0,0.0,4.383067421133048e-05,4.3789771306712236e-05,4.2778260515903765,4.281821859418101,0.003995807827724462,1.5488602464078636e-16,0.0,1.5488602464078636e-16,True,0.004557499996735714,0.0,,
4,arpack_matvec,central_difference,1.0,0.0019916115427092624,0.11581534354959289,28157824.196087826,328.89348956376796,328.8974623589286,328.8934791358431,328.89745193100373,2,sparse_direct,not_applicable,2.710505431213761e-16,1.9360753080098294e-16,0.0016448999958811328,0.001600600007805042,0.0,0.0,4.381027339524491e-05,4.3810154305324813e-05,4.27981807619468,4.279829710100124,1.1633905444341508e-05,7.744301232039318e-17,3.872150616019659e-17,1.1616451848058975e-16,True,0.0034742999996524304,0.0,,
5,arpack_matvec,central_difference,1.0,0.0019916115427092624,0.13332888455080236,5415626.198364917,328.8934791358431,328.89740970519176,328.8935317895799,328.8974623589286,2,sparse_direct,not_applicable,2.710505431213761e-16,1.2342480088562662e-16,0.0019093000009888783,0.0019264000002294779,0.0,0.0,4.3809909363926174e-05,4.381052361746964e-05,4.279853638647121,4.279793632168175,6.000647894577327e-05,7.744301232039318e-17,3.872150616019659e-17,3.872150616019659e-17,True,0.004140200006077066,0.0,,
6,arpack_matvec,central_difference,1.0,0.0019916115427092624,0.19099746393538952,11781687.52286707,328.8934791358431,328.8974227924188,328.8935187023529,328.8974623589286,2,sparse_direct,not_applicable,2.323290369611795e-16,1.1616451848058975e-16,0.0016513000009581447,0.001620000010007061,0.015625,0.0,4.381000024123153e-05,4.381042838416943e-05,4.279844760729662,4.2798029354068525,4.182532280960771e-05,1.1616451848058975e-16,7.744301232039318e-17,1.9360753080098294e-16,True,0.003502799998386763,0.015625,,
7,arpack_matvec,central_difference,1.0,0.0019916115427092624,0.34526435422143853,44152043.43397508,328.8934791358431,328.8974512474415,328.8934902473302,328.8974623589286,2,sparse_direct,not_applicable,1.5488602464078636e-16,1.5488602464078636e-16,0.001627700010430999,0.002665100008016452,0.0,0.0,4.381015603697285e-05,4.3810272754339516e-05,4.279829540934812,4.279818138804618,1.140213019379388e-05,7.744301232039318e-17,7.744301232039318e-17,0.0,True,0.004526699995039962,0.0,,
8,arpack_matvec,central_difference,1.0,0.0019916115427092624,0.2825606241613704,91527939.29267177,328.8934791358431,328.8974511493446,328.8934903454271,328.8974623589286,2,sparse_direct,not_applicable,1.839271542609338e-16,1.5488602464078636e-16,0.0016873000131454319,0.0016314999957103282,0.0,0.0,4.381015641972503e-05,4.3810272082858274e-05,4.279829503543618,4.279818204401508,1.1299142109955085e-05,3.872150616019659e-17,7.744301232039318e-17,3.872150616019659e-17,True,0.0035579000104917213,0.0,,
9,arpack_matvec,central_difference,1.0,0.0019916115427092624,0.35093351728256894,64098058.51845876,328.89347913584317,328.8974468033877,328.8934946913841,328.89746235892864,2,sparse_direct,not_applicable,1.5488602464078636e-16,3.4849355544176928e-16,0.0018909999926108867,0.0016183999978238717,0.0,0.0,4.3810134332925116e-05,4.381029424691084e-05,4.279831661211914,4.279816039199988,1.5622011925842116e-05,3.872150616019659e-17,3.872150616019659e-17,0.0,True,0.003734700003406033,0.0,,
10,arpack_matvec,central_difference,1.0,0.0019916115427092624,0.2784341645486907,81210938.60741669,328.8934791358431,328.89743750735147,328.8935039874202,328.8974623589286,2,sparse_direct,not_applicable,1.5488602464078636e-16,1.5488602464078636e-16,0.001588900006026961,0.0015762000111863017,0.0,0.015625,4.3810086405376786e-05,4.3810342054168026e-05,4.279836343280716,4.279811368926795,2.4974353920903525e-05,1.1616451848058975e-16,3.872150616019659e-17,7.744301232039318e-17,True,0.003387099990504794,0.015625,,
11,arpack_matvec,central_difference,1.0,0.0019916115427092624,0.3151326381304453,72967711.86530697,328.8934791358431,328.89743910956315,328.89350238520854,328.8974623589286,2,sparse_direct,not_applicable,1.9360753080098294e-16,1.5488602464078636e-16,0.0015940000012051314,0.0023702000034973025,0.0,0.0,4.381009467125812e-05,4.381033386908968e-05,4.279835535781449,4.279812168523335,2.3367258114248557e-05,3.872150616019659e-17,7.744301232039318e-17,3.872150616019659e-17,True,0.00422190000244882,0.0,,
12,arpack_matvec,central_difference,1.0,0.0019916115427092624,0.32382422243790715,72894877.99130717,328.8934791358431,328.8974440030949,328.8934974916768,328.8974623589286,2,sparse_direct,not_applicable,1.1616451848058975e-16,1.9360753080098294e-16,0.0020726999937323853,0.0017322000057902187,0.0,0.0,4.381011889037322e-05,4.381030973254737e-05,4.279833169802262,4.279814526412793,1.8643389468664395e-05,7.744301232039318e-17,3.872150616019659e-17,3.872150616019659e-17,True,0.00414549998822622,0.0,,
13,arpack_matvec,central_difference,1.0,0.0019916115427092624,0.3173206446404437,77037482.17325233,328.8934791358431,328.8974479094576,328.8934935853141,328.8974623589286,2,sparse_direct,not_applicable,1.5488602464078636e-16,1.452056481007372e-16,0.002208299993071705,0.00376700000197161,0.0,0.015625,4.3810138339594373e-05,4.381029012324854e-05,4.279831269798634,4.279816442039504,1.4827759129865115e-05,3.872150616019659e-17,7.744301232039318e-17,3.872150616019659e-17,True,0.006218399998033419,0.015625,,
14,arpack_matvec,central_difference,1.0,0.0019916115427092624,0.34746303428788167,71696802.35145696,328.8934791358431,328.89745139896525,328.89349009580644,328.8974623589286,2,sparse_direct,not_applicable,1.9360753080098294e-16,1.9360753080098294e-16,0.0017062999977497384,0.001665599993430078,0.0,0.0,4.381015476823825e-05,4.381027375342248e-05,4.279829664877944,4.279818041204374,1.1623673570326787e-05,3.872150616019659e-17,3.872150616019659e-17,0.0,True,0.003619300012360327,0.0,,
15,arpack_matvec,central_difference,1.0,0.0019916115427092624,0.3208154508834204,77209533.71648243,328.8934791358431,328.8974526799369,328.8934888148349,328.8974623589286,2,sparse_direct,not_applicable,1.5488602464078636e-16,1.1616451848058975e-16,0.0025242999981855974,0.0020213999960105866,0.0,0.0,4.381016058402699e-05,4.381026800025269e-05,4.279829096731541,4.2798186032306065,1.0493500934849465e-05,7.744301232039318e-17,7.744301232039318e-17,1.5488602464078636e-16,True,0.0048534999950788915,0.0,,
16,arpack_matvec,central_difference,1.0,0.0019916115427092624,0.326716957828052,68628342.442594,328.8934791358431,328.8974547767746,328.89348671799706,328.8974623589286,2,sparse_direct,not_applicable,3.097720492815727e-16,1.9360753080098294e-16,0.0016601999959675595,0.001974700004211627,0.0,0.0,4.381016956858548e-05,4.381025913312559e-05,4.279828219027227,4.279819469459117,8.749568110033579e-06,0.0,1.9360753080098294e-16,1.9360753080098294e-16,True,0.003871299995807931,0.0,,
17,arpack_matvec,central_difference,1.0,0.0019916115427092624,0.2656488004173055,75283165.618767,328.8934791358431,328.89745739505884,328.89348409971285,328.8974623589286,2,sparse_direct,not_applicable,1.9360753080098294e-16,1.5488602464078636e-16,0.001705599992419593,0.0016378000000258908,0.0,0.015625,4.3810183038194894e-05,4.381024556582359e-05,4.279826903177566,4.27982079484779,6.108329776211008e-06,0.0,3.872150616019659e-17,3.872150616019659e-17,True,0.003577600000426173,0.015625,,
18,arpack_matvec,central_difference,1.0,0.0019916115427092624,0.28531270428578376,66273728.59427769,328.89348100528554,328.8974623589286,328.8934791358431,328.89746048948615,2,sparse_direct,not_applicable,1.5488602464078636e-16,1.5488602464078636e-16,0.0016347999917343259,0.0016213999915635213,0.0,0.0,4.381021985467964e-05,4.381020894103937e-05,4.279823306569688,4.2798243727242005,1.066154512230355e-06,0.0,3.872150616019659e-17,3.872150616019659e-17,True,0.0034933999995701015,0.0,,
19,arpack_matvec,central_difference,1.0,0.0019916115427092624,0.21546464982634625,69542196.02941892,328.8934856482558,328.8974623589286,328.8934791358431,328.89745584651587,2,sparse_direct,not_applicable,1.1616451848058975e-16,1.5488602464078636e-16,0.0016015000001061708,0.0030753000028198585,0.0,0.0,4.3810245417249615e-05,4.381018327545129e-05,4.279820809361975,4.279826879999934,6.07063795943219e-06,0.0,1.1616451848058975e-16,1.1616451848058975e-16,True,0.00491300001158379,0.0,,
20,arpack_matvec,central_difference,1.0,0.0019916115427092624,0.26179356055271963,62381373.73466485,328.8934938559674,328.8974623589286,328.8934791358431,328.8974476388042,2,sparse_direct,not_applicable,1.1616451848058975e-16,1.1616451848058975e-16,0.0021539000008488074,0.0017077000084100291,0.0,0.0,4.3810291549889424e-05,4.381013733963895e-05,4.279816302671312,4.279831367484712,1.5064813399412458e-05,7.744301232039318e-17,1.1616451848058975e-16,1.9360753080098294e-16,True,0.004146099992794916,0.0,,
21,arpack_matvec,central_difference,1.0,0.0019916115427092624,0.22597030110033714,63887325.821930416,328.8934961092198,328.8974623589286,328.8934791358431,328.89744538555186,2,sparse_direct,not_applicable,1.1616451848058975e-16,1.8876734253095837e-16,0.0016195999924093485,0.001579100004164502,0.015625,0.0,4.381030498975003e-05,4.381012362692698e-05,4.279814989735131,4.279832707085927,1.7717350795365405e-05,0.0,3.872150616019659e-17,3.872150616019659e-17,True,0.0034337999968556687,0.015625,,
22,arpack_matvec,central_difference,1.0,0.0019916115427092624,0.22891096314955325,56433806.13929469,328.8935057280003,328.8974623589286,328.8934791358431,328.89743576677137,2,sparse_direct,not_applicable,1.5488602464078636e-16,2.323290369611795e-16,0.001585899997735396,0.0015941000019665807,0.0,0.0,4.381035948232156e-05,4.381006940282238e-05,4.279809666379487,4.279838004272157,2.8337892669760834e-05,7.744301232039318e-17,3.872150616019659e-17,3.872150616019659e-17,True,0.0034010999952442944,0.0,,
23,arpack_matvec,central_difference,1.0,0.0019916115427092624,0.22714370869558603,65198026.680069745,328.8934996197627,328.8974623589286,328.8934791358431,328.897441875009,2,sparse_direct,not_applicable,1.1616451848058975e-16,1.2584489502063891e-16,0.0018718000064836815,0.003459400002611801,0.0,0.0,4.381032716171356e-05,4.381010127256125e-05,4.279812823764046,4.279834890896117,2.2067132070979767e-05,7.744301232039318e-17,3.872150616019659e-17,1.1616451848058975e-16,True,0.005577799995080568,0.0,,
24,arpack_matvec,central_difference,1.0,0.0019916115427092624,0.23199045548742034,48965928.166782126,328.89350357876236,328.8974623589286,328.8934791358431,328.8974379160092,2,sparse_direct,not_applicable,2.323290369611795e-16,1.1616451848058975e-16,0.003381200003786944,0.001740300009259954,0.0,0.015625,4.381035177009026e-05,4.3810077140178565e-05,4.279810419783208,4.279837248404255,2.6828621047414458e-05,7.744301232039318e-17,0.0,7.744301232039318e-17,True,0.00538560000131838,0.015625,,
25,arpack_matvec,central_difference,1.0,0.0019916115427092624,0.2182814584854204,63756916.547663204,328.8934972679122,328.8974623589286,328.8934791358431,328.8974442268595,2,sparse_direct,not_applicable,1.9360753080098294e-16,1.5004583637076176e-16,0.001649899990297854,0.0016321000002790242,0.0,0.0,4.3810317742510955e-05,4.3810110830493006e-05,4.2798137439222685,4.279833957176273,2.0213254004808334e-05,1.1616451848058975e-16,7.744301232039318e-17,3.872150616019659e-17,True,0.0035269999934826046,0.0,,
26,arpack_matvec,central_difference,1.0,0.0019916115427092624,0.2571280148904303,43695320.185987175,328.89350128425076,328.8974623589286,328.8934791358431,328.8974402105209,2,sparse_direct,not_applicable,1.1616451848058975e-16,1.9360753080098294e-16,0.001628900005016476,0.002231300008133985,0.0,0.0,4.381034377021448e-05,4.381008506996973e-05,4.279811201287044,4.27983647373752,2.5272450475455344e-05,0.0,0.0,0.0,True,0.004123300008359365,0.0,,
27,arpack_matvec,central_difference,1.0,0.0019916115427092624,0.31649411601864186,73181072.27815251,328.89349007156073,328.8974623589286,328.8934791358431,328.89745142321095,2,sparse_direct,not_applicable,1.1616451848058975e-16,1.1616451848058975e-16,0.003153600002406165,0.0021585000067716464,0.0,0.0,4.3810279314992436e-05,4.3810149054430334e-05,4.279817497895639,4.279830223061953,1.2725166314453418e-05,1.1616451848058975e-16,3.872150616019659e-17,7.744301232039318e-17,True,0.005682200004230253,0.0,,
28,arpack_matvec,central_difference,1.0,0.0019916115427092624,0.29134496698196416,53202835.81946116,328.89349040993,328.8974623589286,328.8934791358431,328.8974510848417,2,sparse_direct,not_applicable,1.790869659909092e-16,2.323290369611795e-16,0.0017042999970726669,0.001633599997148849,0.0,0.015625,4.3810283962171745e-05,4.381014486304912e-05,4.2798170439136625,4.279830632519627,1.3588605964898193e-05,3.872150616019659e-17,1.1616451848058975e-16,1.5488602464078636e-16,True,0.003573299996787682,0.015625,,
29,arpack_matvec,central_difference,1.0,0.0019916115427092624,0.2770297267160992,42402610.86066026,328.8934872167617,328.8974623589286,328.8934791358431,328.89745427801,2,sparse_direct,not_applicable,1.5488602464078636e-16,8.228320059041775e-17,0.001634200001717545,0.0016175000055227429,0.0,0.0,4.3810268860967665e-05,4.381015968500876e-05,4.279818519147489,4.279829184556932,1.0665409442722762e-05,7.744301232039318e-17,3.872150616019659e-17,1.1616451848058975e-16,True,0.003487699999823235,0.0,,
30,arpack_matvec,central_difference,1.0,0.0019916115427092624,0.27213390693676265,56528619.48312356,328.8934821053578,328.8974623589286,328.8934791358431,328.8974593894139,2,sparse_direct,not_applicable,1.5488602464078636e-16,1.5488602464078636e-16,0.001585899997735396,0.0015811000048415735,0.0,0.0,4.38102363265355e-05,4.381019208525858e-05,4.279821697433593,4.279826019368007,4.321934413908934e-06,3.872150616019659e-17,3.872150616019659e-17,7.744301232039318e-17,True,0.0033862999989651144,0.0,,
31,arpack_matvec,central_difference,1.0,0.0019916115427092624,0.1822752641094716,6386685.086877619,328.8934791358431,328.8974471577366,328.89349433703507,328.8974623589286,2,sparse_direct,not_applicable,1.1616451848058975e-16,1.9360753080098294e-16,0.00292839999019634,0.001801200007321313,0.0,0.0,4.381000999828066e-05,4.3810419672619934e-05,4.2798438075535365,4.279803786430772,4.002112276424441e-05,0.0,0.0,0.0,True,0.00503749999916181,0.0,,
32,arpack_matvec,central_difference,1.0,0.0019916115427092624,0.13629116776063155,32686137.403558172,328.8934791358431,328.89742613107217,328.8935153636995,328.8974623589286,2,sparse_direct,not_applicable,2.710505431213761e-16,1.5488602464078636e-16,0.0016407999937655404,0.0015838999970583245,0.015625,0.0,4.38101557736249e-05,4.381027215883919e-05,4.279829566661366,4.279818196978945,1.1369682421324967e-05,3.872150616019659e-17,7.744301232039318e-17,3.872150616019659e-17,True,0.003453600002103485,0.015625,,
33,arpack_matvec,central_difference,1.0,0.0019916115427092624,0.1474244884596912,14411741.936153041,328.89353284458554,328.8974623589286,328.8934791358431,328.89740865018615,2,sparse_direct,not_applicable,1.5488602464078636e-16,1.9360753080098294e-16,0.0015782999980729073,0.0016217000083997846,0.0,0.0,4.381010899839612e-05,4.3810319982534056e-05,4.2798341361548395,4.279813525095252,2.06110595879494e-05,3.872150616019659e-17,7.744301232039318e-17,3.872150616019659e-17,True,0.00342100000125356,0.0,,
34,arpack_matvec,central_difference,1.0,0.0019916115427092624,0.17879697126408228,69967437.86018445,328.893499424301,328.8974623589286,328.8934791358431,328.8974420704707,2,sparse_direct,not_applicable,1.1616451848058975e-16,1.5488602464078636e-16,0.0015924999897833914,0.0015761000104248524,0.0,0.0,4.3810207498617046e-05,4.3810220964511597e-05,4.279824513634609,4.279823198150132,1.3154844769047713e-06,1.1616451848058975e-16,3.872150616019659e-17,1.5488602464078636e-16,True,0.003398200002266094,0.0,,
35,arpack_matvec,central_difference,1.0,0.0019916115427092624,0.22313572164391188,14488102.197567409,328.8934791358431,328.8973531745632,328.8935883202085,328.8974623589286,2,sparse_direct,not_applicable,2.323290369611795e-16,1.5488602464078636e-16,0.003332699998281896,0.002213400002801791,0.0,0.015625,4.3810234745567605e-05,4.381019477130313e-05,4.279821851878341,4.279825756967819,3.90508947756274e-06,3.872150616019659e-17,3.872150616019659e-17,0.0,True,0.005811899987747893,0.015625,,
36,arpack_matvec,central_difference,1.0,0.0019916115427092624,0.22518558043990453,90248117.3861701,328.8934791358431,328.89739795954796,328.8935435352237,328.8974623589286,2,sparse_direct,not_applicable,1.9360753080098294e-16,2.323290369611795e-16,0.0017070000030798838,0.0016361000016331673,0.0,0.0,4.381021892115046e-05,4.381020952611897e-05,4.279823397766218,4.279824315567708,9.178014899191567e-07,3.872150616019659e-17,0.0,3.872150616019659e-17,True,0.003584899997804314,0.0,,
37,arpack_matvec,central_difference,1.0,0.0019916115427092624,0.19089812428035716,35398326.25823712,328.8934791358431,328.897373465716,328.8935680290557,328.8974623589286,2,sparse_direct,not_applicable,1.1616451848058975e-16,1.5972621291081093e-16,0.0016343000024789944,0.0016132000018842518,0.0,0.0,4.3810235236241174e-05,4.381019324179289e-05,4.279821803944441,4.279825906385953,4.102441511832922e-06,3.872150616019659e-17,3.872150616019659e-17,7.744301232039318e-17,True,0.003475699995760806,0.0,,
38,arpack_matvec,central_difference,1.0,0.0019916115427092624,0.2226288455228434,87459038.49241123,328.89353817310257,328.8974623589286,328.8934791358431,328.8974033216691,2,sparse_direct,not_applicable,1.9360753080098294e-16,1.1616451848058975e-16,0.001590200001373887,0.001584000012371689,0.0,0.0,4.3810221782193693e-05,4.3810206606692884e-05,4.279823118270719,4.2798246007667915,1.4824960725690062e-06,1.9360753080098294e-16,1.1616451848058975e-16,3.097720492815727e-16,True,0.0033930999925360084,0.0,,
39,arpack_matvec,central_difference,1.0,0.0019916115427092624,0.22845195182608335,73727134.00267957,328.89357363916366,328.8974623589286,328.8934791358431,328.897367855608,2,sparse_direct,not_applicable,1.9360753080098294e-16,1.9360753080098294e-16,0.0031729000038467348,0.0020530000037979335,0.0,0.0,4.3810217683280156e-05,4.381021062143899e-05,4.279823518693859,4.279824208565774,6.898719151493538e-07,3.872150616019659e-17,7.744301232039318e-17,3.872150616019659e-17,True,0.005573000002186745,0.0,,
40,arpack_matvec,central_difference,1.0,0.0019916115427092624,0.1835234951578772,51892288.438369915,328.89352107463867,328.8974623589286,328.8934791358431,328.897420420133,2,sparse_direct,not_applicable,1.2584489502063891e-16,1.1616451848058975e-16,0.0016791000089142472,0.0016235999937634915,0.0,0.0,4.381022171365205e-05,4.381020682164122e-05,4.279823124966557,4.27982457976846,1.4548019038329585e-06,0.0,0.0,0.0,True,0.003539999990607612,0.015625,,
41,arpack_matvec,central_difference,1.0,0.0019916115427092624,0.24066876216508584,76140299.88859922,328.8934791358431,328.8973781948527,328.893563299919,328.8974623589286,2,sparse_direct,not_applicable,3.097720492815727e-16,1.5004583637076176e-16,0.0016777999990154058,0.001589899999089539,0.0,0.0,4.3810216415970474e-05,4.3810211890492276e-05,4.279823642497442,4.279824084591826,4.4209438332387663e-07,7.744301232039318e-17,7.744301232039318e-17,1.5488602464078636e-16,True,0.0035019000060856342,0.0,,
42,arpack_matvec,central_difference,1.0,0.0019916115427092624,0.23435101121985852,44115236.55593661,328.89358161862486,328.8974623589286,328.8934791358431,328.8973598761468,2,sparse_direct,not_applicable,1.5488602464078636e-16,1.5488602464078636e-16,0.001606499994522892,0.0015955999988364056,0.0,0.0,4.3810213110395856e-05,4.3810215797949127e-05,4.279823965419323,4.279823702871999,2.6254732343744536e-07,3.872150616019659e-17,1.5488602464078636e-16,1.1616451848058975e-16,True,0.00342399999499321,0.0,,
43,arpack_matvec,central_difference,1.0,0.0019916115427092624,0.22897911062132084,81140821.49528553,328.8934791358431,328.8973724081023,328.8935690866694,328.8974623589286,2,sparse_direct,not_applicable,1.9360753080098294e-16,1.5488602464078636e-16,0.002249400000437163,0.0029017000051680952,0.0,0.015625,4.381021301339006e-05,4.381021549815329e-05,4.279823974895828,4.27982373215908,2.427367480350995e-07,7.744301232039318e-17,3.872150616019659e-17,3.872150616019659e-17,True,0.0053884000080870464,0.015625,,
44,arpack_matvec,central_difference,1.0,0.0019916115427092624,0.36419731520713977,71722389.27570859,328.89403328670727,328.8974623589286,328.8934791358431,328.8969082080644,2,sparse_direct,not_applicable,1.1616451848058975e-16,1.1616451848058975e-16,0.0016752000083215535,0.0016509999986737967,0.0,0.0,4.381021287979413e-05,4.381021574682378e-05,4.279823987946828,4.279823707866439,2.80080389103432e-07,0.0,3.872150616019659e-17,3.872150616019659e-17,True,0.003572299989173189,0.0,,
45,arpack_matvec,central_difference,1.0,0.0019916115427092624,0.33470105314677795,72935989.21034898,328.8938955367043,328.8974623589286,328.8934791358431,328.8970459580674,2,sparse_direct,not_applicable,1.5488602464078636e-16,1.5488602464078636e-16,0.0016097000043373555,0.00159200000052806,0.0,0.0,4.381021235077345e-05,4.381021616824112e-05,4.279824039626911,4.279823666698143,3.7292876786665374e-07,3.872150616019659e-17,3.872150616019659e-17,7.744301232039318e-17,True,0.0034257999941473827,0.0,,
46,arpack_matvec,central_difference,1.0,0.0019916115427092624,0.3298903125705357,68811678.696768,328.8940214527989,328.8974623589286,328.8934791358431,328.8969200419728,2,sparse_direct,not_applicable,1.1616451848058975e-16,2.323290369611795e-16,0.0015853999939281493,0.0021040999999968335,0.0,0.0,4.3810210648764066e-05,4.381021799860852e-05,4.279824205896385,4.2798234878894075,7.180069774292974e-07,7.744301232039318e-17,7.744301232039318e-17,0.0,True,0.003931900006136857,0.0,,
47,arpack_matvec,central_difference,1.0,0.0019916115427092624,0.28607298422248556,78707482.8214502,328.8940050800521,328.8974623589286,328.8934791358431,328.89693641471956,2,sparse_direct,not_applicable,1.5488602464078636e-16,1.5488602464078636e-16,0.001871699991170317,0.003608999992138706,0.0,0.0,4.381021063940119e-05,4.38102178123323e-05,4.279824206811045,4.279823506086745,7.007242999179653e-07,1.1616451848058975e-16,1.1616451848058975e-16,0.0,True,0.005762100001447834,0.0,,
48,arpack_matvec,central_difference,1.0,0.0019916115427092624,0.27341056373301315,50786237.34700065,328.89433443870166,328.8974623589286,328.8934791358431,328.89660705607,2,sparse_direct,not_applicable,1.5488602464078636e-16,1.5488602464078636e-16,0.00182679999852553,0.0016663999995216727,0.0,0.0,4.3810208868712814e-05,4.381021984777613e-05,4.27982437978979,4.279823307244092,1.0725456984772563e-06,7.744301232039318e-17,3.872150616019659e-17,3.872150616019659e-17,True,0.0037638999929185957,0.0,,
49,arpack_matvec,central_difference,1.0,0.0019916115427092624,0.23805571180511634,73673595.6423013,328.89365020833026,328.8974623589286,328.8934791358431,328.89729128644143,2,sparse_direct,not_applicable,1.9360753080098294e-16,1.1616451848058975e-16,0.0016368999931728467,0.0016207000007852912,0.0,0.0,4.3810210350790994e-05,4.381021810308697e-05,4.279824235005407,4.2798234776829,7.573225069279488e-07,7.744301232039318e-17,3.872150616019659e-17,1.1616451848058975e-16,True,0.003483100008452311,0.0,,
50,arpack_matvec,central_difference,1.0,0.0019916115427092624,0.3419581863400535,56553254.60622088,328.8942407418305,328.8974623589285,328.89347913584305,328.8967007529412,2,sparse_direct,not_applicable,1.5488602464078636e-16,1.5488602464078636e-16,0.0022551000001840293,0.0017149999912362546,0.0,0.0,4.381021207546263e-05,4.38102165674832e-05,4.279824066522052,4.279823627696151,4.388259009502349e-07,0.0,7.744301232039318e-17,7.744301232039318e-17,True,0.00421739999728743,0.0,,
51,arpack_matvec,central_difference,1.0,0.0019916115427092624,0.24667387273000768,65279826.36545775,328.89357268521627,328.8974623589285,328.89347913584305,328.8973688095554,2,sparse_direct,not_applicable,9.19635771304669e-17,1.5972621291081093e-16,0.0016324000025633723,0.0029397000034805387,0.0,0.0,4.381021261399996e-05,4.3810215902005335e-05,4.279824013912286,4.2798236927067395,3.212055466050856e-07,3.872150616019659e-17,0.0,3.872150616019659e-17,True,0.004820500005735084,0.015625,,
52,arpack_matvec,central_difference,1.0,0.0019916115427092624,0.30635479032485335,41374574.236486726,328.8942107806559,328.8974623589286,328.8934791358431,328.8967307141158,2,sparse_direct,not_applicable,1.1616451848058975e-16,1.1616451848058975e-16,0.001716900005703792,0.001642199989873916,0.0,0.0,4.381021337502912e-05,4.381021542439786e-05,4.279823939567274,4.279823739364255,2.0020301949585928e-07,1.1616451848058975e-16,7.744301232039318e-17,3.872150616019659e-17,True,0.0036056999961147085,0.0,,
53,arpack_matvec,central_difference,1.0,0.0019916115427092624,0.2214988192866184,60643523.41153669,328.89347913584305,328.89721716508825,328.89372432968344,328.8974623589285,2,sparse_direct,not_applicable,1.1616451848058975e-16,2.323290369611795e-16,0.001640999995288439,0.0015950000088196248,0.0,0.0,4.381021360328693e-05,4.381021486419332e-05,4.279823917268747,4.279823794090685,1.2317806152850608e-07,1.1616451848058975e-16,0.0,1.1616451848058975e-16,True,0.0034630000009201467,0.0,,
54,arpack_matvec,central_difference,1.0,0.0019916115427092624,0.26216445159738744,35416751.61719494,328.8940659992628,328.8974623589286,328.8934791358431,328.8968754955089,2,sparse_direct,not_applicable,1.5488602464078636e-16,1.1616451848058975e-16,0.003009600011864677,0.0023086000001057982,0.0,0.015625,4.381021413309828e-05,4.381021473197342e-05,4.2798238655114265,4.279823807007259,5.850416773256484e-08,1.5488602464078636e-16,3.872150616019659e-17,1.1616451848058975e-16,True,0.005626900005154312,0.015625,,
55,arpack_matvec,central_difference,1.0,0.0019916115427092624,0.2822248147382009,59709240.06564748,328.8934791358431,328.89694842439116,328.89399307038053,328.8974623589286,2,sparse_direct,not_applicable,2.710505431213761e-16,1.2584489502063891e-16,0.0030184999923221767,0.0017345000087516382,0.0,0.0,4.3810214617087945e-05,4.3810213953684e-05,4.279823818230432,4.279823883038424,6.480799186192598e-08,3.872150616019659e-17,3.872150616019659e-17,7.744301232039318e-17,True,0.005044699995778501,0.0,,
56,arpack_matvec,central_difference,1.0,0.0019916115427092624,0.25918857602333456,50690706.512084015,328.8934791358431,328.8971745460967,328.89376694867497,328.8974623589286,2,sparse_direct,not_applicable,1.1616451848058975e-16,2.323290369611795e-16,0.0016402999899582937,0.0016030000115279108,0.0,0.0,4.381021518923022e-05,4.381021360268789e-05,4.279823762337802,4.279823917327267,1.5498946481784515e-07,0.0,7.744301232039318e-17,7.744301232039318e-17,True,0.0034804000024450943,0.0,,
57,arpack_matvec,central_difference,1.0,0.0019916115427092624,0.2208448984529649,46230214.544476405,328.8934791358431,328.89691227302956,328.89402922174213,328.8974623589286,2,sparse_direct,not_applicable,1.5488602464078636e-16,2.323290369611795e-16,0.0020899999944958836,0.0036302999942563474,0.0,0.0,4.381021699596541e-05,4.38102120625021e-05,4.279823585837691,4.279824067788168,4.819504768605043e-07,1.5488602464078636e-16,7.744301232039318e-17,2.323290369611795e-16,True,0.006062400003429502,0.0,,
58,arpack_matvec,central_difference,1.0,0.0019916115427092624,0.24522489214791202,75262423.62564316,328.8934791358431,328.8974561394922,328.8934853552795,328.8974623589286,2,sparse_direct,not_applicable,7.744301232039318e-17,1.1616451848058975e-16,0.0019897000020137057,0.0028726000018650666,0.0,0.0,4.38102166156145e-05,4.381021184713981e-05,4.2798236229942015,4.279824088826932,4.6583273061173713e-07,3.872150616019659e-17,3.872150616019659e-17,0.0,True,0.005183499990380369,0.0,,
59,arpack_matvec,central_difference,1.0,0.0019916115427092624,0.23513572443505953,42590955.15602695,328.89378895954434,328.8974623589286,328.8934791358431,328.89715253522735,2,sparse_direct,not_applicable,1.1616451848058975e-16,1.5488602464078636e-16,0.0017356000025756657,0.0016426000074716285,0.0,0.0,4.38102174165453e-05,4.381021169587036e-05,4.279823544751208,4.27982410360446,5.58853251675373e-07,0.0,3.872150616019659e-17,3.872150616019659e-17,True,0.0036242000060155988,0.0,,
60,arpack_matvec,central_difference,1.0,0.0019916115427092624,0.3134986864652914,86617518.49775515,328.8940390257986,328.8974623589286,328.8934791358431,328.8969024689731,2,sparse_direct,not_applicable,1.9360753080098294e-16,1.790869659909092e-16,0.001637500012293458,0.0018391000048723072,0.0,0.0,4.381021530223719e-05,4.381021317844764e-05,4.279823751298141,4.279823958771337,2.0747319595670888e-07,3.872150616019659e-17,7.744301232039318e-17,1.1616451848058975e-16,True,0.0037049999955343083,0.0,,
61,arpack_matvec,central_difference,1.0,0.0019916115427092624,0.2437077552297242,57003081.3368213,328.8934791358431,328.897395969747,328.8935455250248,328.8974623589286,2,sparse_direct,not_applicable,1.5488602464078636e-16,1.1616451848058975e-16,0.0016603999974904582,0.0017039000085787848,0.0,0.0,4.381021597190227e-05,4.381021306449457e-05,4.279823685878502,4.279823969903424,2.840249218039048e-07,7.744301232039318e-17,0.0,7.744301232039318e-17,True,0.003596999988076277,0.0,,
62,arpack_matvec,central_difference,1.0,0.0019916115427092624,0.23736303139624354,65776971.36811106,328.8934791358431,328.8972145359054,328.8937269588663,328.8974623589286,2,sparse_direct,not_applicable,1.2100470675061434e-16,1.5488602464078636e-16,0.0018125000060535967,0.0030372999899554998,0.015625,0.0,4.38102151994776e-05,4.381021324415883e-05,4.2798237613367345,4.279823952352005,1.910152702677692e-07,0.0,0.0,0.0,True,0.0051407999999355525,0.015625,,
63,arpack_matvec,central_difference,1.0,0.0019916115427092624,0.20842733891825638,37025393.14627182,328.8938697894493,328.8974623589286,328.8934791358431,328.8970717053224,2,sparse_direct,not_applicable,1.9360753080098294e-16,1.5488602464078636e-16,0.0019035000004805624,0.0016956000035861507,0.0,0.0,4.3810216507060485e-05,4.381021253591658e-05,4.279823633598852,4.27982402154026,3.8794140788667164e-07,7.744301232039318e-17,7.744301232039318e-17,1.5488602464078636e-16,True,0.003867600011290051,0.0,,
64,arpack_matvec,central_difference,1.0,0.0019916115427092624,0.2401094108971564,69035454.3679925,328.8936313136442,328.8974623589286,328.8934791358431,328.89731018112747,2,sparse_direct,not_applicable,1.1616451848058975e-16,1.9360753080098294e-16,0.0020162000000709668,0.001665500007220544,0.0,0.0,4.3810215461079414e-05,4.381021298632272e-05,4.27982373578083,4.2798239775400395,2.417592090964149e-07,7.744301232039318e-17,3.872150616019659e-17,3.872150616019659e-17,True,0.003927700003259815,0.0,,
65,arpack_matvec,central_difference,1.0,0.0019916115427092624,0.22776638429332968,55381093.19639447,328.8934791358431,328.89712755166636,328.89381394310533,328.8974623589286,2,sparse_direct,not_applicable,1.5488602464078636e-16,1.1616451848058975e-16,0.0019025000074179843,0.0016939000051934272,0.0,0.015625,4.381021563041e-05,4.3810213271520557e-05,4.2798237192389115,4.279823949679035,2.3044012387174462e-07,7.744301232039318e-17,0.0,7.744301232039318e-17,True,0.003941700007999316,0.015625,,
66,arpack_matvec,central_difference,1.0,0.0019916115427092624,0.27057767358072826,88012220.06562875,328.89347913584317,328.89732614843473,328.89361534633696,328.89746235892864,2,sparse_direct,not_applicable,1.1616451848058975e-16,1.5488602464078636e-16,0.0016475000011269003,0.0016202999977394938,0.0,0.0,4.3810214545858336e-05,4.381021392244494e-05,4.279823825188859,4.2798238860901705,6.090131154934397e-08,3.872150616019659e-17,7.744301232039318e-17,3.872150616019659e-17,True,0.0035102999972878024,0.0,,
67,arpack_matvec,central_difference,1.0,0.0019916115427092624,0.22803575701499987,43166068.77807143,328.89384494160976,328.8974623589286,328.8934791358431,328.89709655316193,2,sparse_direct,not_applicable,1.9360753080098294e-16,1.5488602464078636e-16,0.0015952999965520576,0.003144000002066605,0.0,0.0,4.3810214732353103e-05,4.381021433589972e-05,4.279823806970168,4.2798238456997355,3.8729567108930496e-08,0.0,1.1616451848058975e-16,1.1616451848058975e-16,True,0.0049740999966161326,0.0,,
68,arpack_matvec,central_difference,1.0,0.0019916115427092624,0.2185494978976682,68868982.1527903,328.8934791358431,328.8971331989522,328.8938082958195,328.8974623589286,2,sparse_direct,not_applicable,1.5488602464078636e-16,1.5488602464078636e-16,0.0018343999981880188,0.0019688000029418617,0.0,0.0,4.381021402762161e-05,4.381021451565556e-05,4.279823875815452,4.279823828139371,4.7676080860981074e-08,3.872150616019659e-17,7.744301232039318e-17,1.1616451848058975e-16,True,0.004071699993801303,0.0,,
69,arpack_matvec,central_difference,1.0,0.0019916115427092624,0.2332127690225218,49093308.39893852,328.8934791358431,328.8970418877847,328.89389960698696,328.8974623589286,2,sparse_direct,not_applicable,1.9360753080098294e-16,1.9360753080098294e-16,0.0016776999982539564,0.001633299994864501,0.0,0.015625,4.3810213916520676e-05,4.3810215038477404e-05,4.279823886668913,4.279823777064858,1.096040547210464e-07,7.744301232039318e-17,7.744301232039318e-17,0.0,True,0.003552999987732619,0.015625,,
70,arpack_matvec,central_difference,1.0,0.0019916115427092624,0.2822111247137253,70989444.4457018,328.8940763671491,328.8974623589286,328.8934791358431,328.89686512762256,2,sparse_direct,not_applicable,2.1296828388108122e-16,1.5488602464078636e-16,0.001625800010515377,0.0015882000006968156,0.0,0.0,4.3810213867026386e-05,4.3810214734738904e-05,4.279823891504014,4.279823806737099,8.476691526482227e-08,3.872150616019659e-17,1.5488602464078636e-16,1.1616451848058975e-16,True,0.003439400010393001,0.0,,
71,arpack_matvec,central_difference,1.0,0.0019916115427092624,0.26472789461097695,63078365.91626524,328.8934791358431,328.89733223324635,328.89360926152534,328.8974623589286,2,sparse_direct,not_applicable,1.2100470675061434e-16,1.9360753080098294e-16,0.0015940000012051314,0.0024203999928431585,0.0,0.0,4.3810213876087084e-05,4.381021498986242e-05,4.279823890618874,4.27982378181406,1.0880481404740294e-07,7.744301232039318e-17,0.0,7.744301232039318e-17,True,0.004253999999491498,0.0,,
72,arpack_matvec,central_difference,1.0,0.0019916115427092624,0.27769321458411667,75250383.733426,328.8934791358431,328.89689073183354,328.89405076293815,328.8974623589286,2,sparse_direct,not_applicable,1.5488602464078636e-16,2.323290369611795e-16,0.0017687000072328374,0.0021392000053310767,0.0,0.0,4.38102135400856e-05,4.381021500593268e-05,4.2798239234428905,4.279823780244155,1.4319873553603202e-07,2.323290369611795e-16,3.872150616019659e-17,2.710505431213761e-16,True,0.0041591000044718385,0.0,,
73,arpack_matvec,central_difference,1.0,0.0019916115427092624,0.27088847754254386,63402864.759156376,328.8934791358431,328.8971609402307,328.89378055454085,328.8974623589286,2,sparse_direct,not_applicable,1.5488602464078636e-16,1.1616451848058975e-16,0.0016341999871656299,0.0015961000026436523,0.0,0.015625,4.38102133262401e-05,4.3810215473584886e-05,4.2798239443334785,4.27982373455917,2.097743081463932e-07,3.872150616019659e-17,7.744301232039318e-17,1.1616451848058975e-16,True,0.0034657000069273636,0.015625,,
74,arpack_matvec,central_difference,1.0,0.0019916115427092624,0.211250760415665,72859130.69081676,328.89361556007515,328.8974623589286,328.8934791358431,328.89732593469654,2,sparse_direct,not_applicable,1.5488602464078636e-16,1.5488602464078636e-16,0.0015872999938437715,0.0015878999984124675,0.0,0.0,4.381021314343035e-05,4.381021527316135e-05,4.27982396219218,4.279823754138563,2.0805361700126923e-07,3.872150616019659e-17,0.0,3.872150616019659e-17,True,0.00339509999321308,0.0,,
75,arpack_matvec,central_difference,1.0,0.0019916115427092624,0.19352930970555235,40956170.02272632,328.8934791358431,328.8974208873389,328.89352060743266,328.8974623589286,2,sparse_direct,not_applicable,1.1616451848058975e-16,1.9360753080098294e-16,0.001593599998159334,0.0015715999907115474,0.0,0.0,4.381021252548286e-05,4.381021633340186e-05,4.279824022559532,4.279823650563578,3.719959540404716e-07,0.0,3.872150616019659e-17,3.872150616019659e-17,True,0.003401500012842007,0.0,,
76,arpack_matvec,central_difference,1.0,0.0019916115427092624,0.23235560992485796,76793252.25654052,328.8938410248438,328.8974623589286,328.8934791358431,328.897100469928,2,sparse_direct,not_applicable,1.2584489502063891e-16,1.1616451848058975e-16,0.002737999995588325,0.0019648000015877187,0.0,0.0,4.381021356089645e-05,4.3810214959156224e-05,4.279823921409877,4.279823784813751,1.365961255217485e-07,0.0,1.5488602464078636e-16,1.5488602464078636e-16,True,0.004945199994836003,0.0,,
77,arpack_matvec,central_difference,1.0,0.0019916115427092624,0.23259039576376841,56780959.90310742,328.89366490797306,328.8974623589286,328.8934791358431,328.8972765867986,2,sparse_direct,not_applicable,1.5488602464078636e-16,2.323290369611795e-16,0.0016613000043435022,0.0016024000069592148,0.0,0.015625,4.381021386754499e-05,4.3810215179966966e-05,4.279823891453352,4.27982376324273,1.2821062256307414e-07,3.872150616019659e-17,1.1616451848058975e-16,1.5488602464078636e-16,True,0.003541599988238886,0.015625,,
78,arpack_matvec,central_difference,1.0,0.0019916115427092624,0.2631163585177105,83388460.82121144,328.8935929790838,328.8974623589286,328.8934791358431,328.8973485156878,2,sparse_direct,not_applicable,1.4036545983071262e-16,1.1616451848058975e-16,0.0015955999988364056,0.0015798000094946474,0.0,0.0,4.3810213870198185e-05,4.38102145287664e-05,4.279823891194161,4.279823826858572,6.43355884122343e-08,3.872150616019659e-17,3.872150616019659e-17,7.744301232039318e-17,True,0.0033973999961744994,0.0,,
79,arpack_matvec,central_difference,1.0,0.0019916115427092624,0.17684497856953063,51990672.43277516,328.8935567011246,328.8974623589286,328.8934791358431,328.89738479364706,2,sparse_direct,not_applicable,1.9360753080098294e-16,1.1616451848058975e-16,0.001596300004166551,0.001582800003234297,0.0,0.0,4.381021375832845e-05,4.38102153025114e-05,4.279823902122726,4.279823751271354,1.5085137228254553e-07,1.5488602464078636e-16,3.872150616019659e-17,1.1616451848058975e-16,True,0.0034048000088660046,0.0,,
80,arpack_matvec,central_difference,1.0,0.0019916115427092624,0.22174335895472833,80254069.55951747,328.8935211261736,328.8974623589285,328.89347913584305,328.8974203685981,2,sparse_direct,not_applicable,1.1616451848058975e-16,1.5488602464078636e-16,0.0021250999998301268,0.003657799999928102,0.0,0.0,4.381021378038185e-05,4.381021471626738e-05,4.279823899968328,4.279823808541584,9.142674350925972e-08,0.0,7.744301232039318e-17,7.744301232039318e-17,True,0.006077700003515929,0.0,,
81,arpack_matvec,central_difference,1.0,0.0019916115427092624,0.17992462490623137,40845581.64033104,328.8934791358431,328.8974266913631,328.8935148034086,328.8974623589286,2,sparse_direct,not_applicable,2.323290369611795e-16,1.9360753080098294e-16,0.0018985999922733754,0.0016828999941935763,0.015625,0.0,4.3810214522746886e-05,4.3810215257286905e-05,4.279823827446618,4.279823755689338,7.175728011787896e-08,7.744301232039318e-17,7.744301232039318e-17,1.5488602464078636e-16,True,0.003831399997579865,0.015625,,
82,arpack_matvec,central_difference,1.0,0.0019916115427092624,0.24056993755980025,88033914.12938564,328.89347913584317,328.89712426751856,328.8938172272531,328.89746235892864,2,sparse_direct,not_applicable,1.2826498915565119e-16,1.5488602464078636e-16,0.001670199999352917,0.0016361000016331673,0.0,0.0,4.381021423617969e-05,4.3810214226925765e-05,4.279823855441394,4.279823856345411,9.040173054586376e-10,7.744301232039318e-17,3.872150616019659e-17,3.872150616019659e-17,True,0.003539999990607612,0.0,,
83,arpack_matvec,central_difference,1.0,0.0019916115427092624,0.23147498928406082,52910459.92833195,328.8934791358431,328.89716841551166,328.8937730792599,328.8974623589286,2,sparse_direct,not_applicable,1.1616451848058975e-16,2.323290369611795e-16,0.0015968999941833317,0.00157789999502711,0.0,0.0,4.381021478365194e-05,4.3810214194378545e-05,4.279823801958781,4.279823859524952,5.756617138530373e-08,1.1616451848058975e-16,7.744301232039318e-17,3.872150616019659e-17,True,0.0034051999973598868,0.0,,
84,arpack_matvec,central_difference,1.0,0.0019916115427092624,0.21669688194184022,63001315.98056941,328.89347913584305,328.8971606507758,328.8937808439958,328.8974623589285,2,sparse_direct,not_applicable,1.5488602464078636e-16,1.9360753080098294e-16,0.00563529999635648,0.002282100002048537,0.015625,0.0,4.381021453414802e-05,4.381021396003467e-05,4.279823826332841,4.279823882418026,5.6085185384802116e-08,7.744301232039318e-17,3.872150616019659e-17,3.872150616019659e-17,True,0.008568599994760007,0.015625,,
85,arpack_matvec,central_difference,1.0,0.0019916115427092624,0.22384080525034736,53704193.98132748,328.89377253914853,328.8974623589286,328.8934791358431,328.89716895562316,2,sparse_direct,not_applicable,1.9360753080098294e-16,1.1616451848058975e-16,0.001832999987527728,0.0016858000017236918,0.0,0.0,4.381021492071732e-05,4.381021416412283e-05,4.279823788568851,4.279823862480635,7.391178424853706e-08,3.872150616019659e-17,1.1616451848058975e-16,7.744301232039318e-17,True,0.003779399994527921,0.0,,
86,arpack_matvec,central_difference,1.0,0.0019916115427092624,0.2328500865023483,74785996.85952148,328.8934791358431,328.8970075838321,328.8939339109396,328.8974623589286,2,sparse_direct,not_applicable,1.1616451848058975e-16,1.9360753080098294e-16,0.0016564999968977645,0.0016331000078935176,0.0,0.0,4.381021459013709e-05,4.38102139578077e-05,4.279823820863263,4.279823882635579,6.177231615112078e-08,3.872150616019659e-17,3.872150616019659e-17,0.0,True,0.003518700003041886,0.0,,
87,arpack_matvec,central_difference,1.0,0.0019916115427092624,0.22634212770282547,56336083.10761642,328.8934791358431,328.8973287511148,328.8936127436569,328.8974623589286,2,sparse_direct,not_applicable,1.9360753080098294e-16,3.097720492815727e-16,0.00335359999735374,0.0023978000099305063,0.0,0.015625,4.381021518083755e-05,4.381021382211222e-05,4.279823763157683,4.279823895891684,1.3273400067959074e-07,3.872150616019659e-17,7.744301232039318e-17,3.872150616019659e-17,True,0.006367299996782094,0.015625,,
88,arpack_matvec,central_difference,1.0,0.0019916115427092624,0.26062028694735123,77347511.70461127,328.8934791358431,328.89693904754057,328.8940024472311,328.8974623589286,2,sparse_direct,not_applicable,1.1374442434557748e-16,1.1616451848058975e-16,0.0018137000006390736,0.0016794999974081293,0.0,0.0,4.381021470788816e-05,4.3810213768822484e-05,4.27982380936015,4.279823901097563,9.173741322143769e-08,0.0,3.872150616019659e-17,3.872150616019659e-17,True,0.003751900003408082,0.0,,
89,arpack_matvec,central_difference,1.0,0.0019916115427092624,0.24607912238092727,49095742.87605244,328.89347913584317,328.897385045338,328.8935564494337,328.89746235892864,2,sparse_direct,not_applicable,1.9360753080098294e-16,2.323290369611795e-16,0.0016478000034112483,0.0016577000060351565,0.0,0.0,4.3810215075908115e-05,4.3810213875904836e-05,4.279823773408248,4.279823890636678,1.1722842963024505e-07,0.0,3.872150616019659e-17,3.872150616019659e-17,True,0.0035346999939065427,0.0,,
90,arpack_matvec,central_difference,1.0,0.0019916115427092624,0.21277182683462767,61804048.936551765,328.8934791358431,328.89727191829905,328.89366957647263,328.8974623589286,2,sparse_direct,not_applicable,1.5488602464078636e-16,9.19635771304669e-17,0.001619100003154017,0.0016048999968916178,0.0,0.0,4.381021474422251e-05,4.381021371541881e-05,4.279823805810645,4.279823906314572,1.00503926958595e-07,3.872150616019659e-17,7.744301232039318e-17,3.872150616019659e-17,True,0.0034885000059148297,0.0,,
91,arpack_matvec,central_difference,1.0,0.0019916115427092624,0.21208539409619298,42867755.8506784,328.89347913584305,328.8970958311618,328.8938456636099,328.8974623589285,2,sparse_direct,not_applicable,1.1616451848058975e-16,1.5488602464078636e-16,0.0030778000073041767,0.0017625000036787242,0.0,0.0,4.381021509305295e-05,4.381021386584022e-05,4.279823771733368,4.279823891619891,1.1988652293126734e-07,7.744301232039318e-17,0.0,7.744301232039318e-17,True,0.005118800007039681,0.0,,
92,arpack_matvec,central_difference,1.0,0.0019916115427092624,0.22525282300760255,71647793.04060018,328.8936513863904,328.8974623589286,328.8934791358431,328.8972901083813,2,sparse_direct,not_applicable,1.5488602464078636e-16,2.323290369611795e-16,0.0016405000060331076,0.0016090999997686595,0.0,0.0,4.3810214405509937e-05,4.3810213987138145e-05,4.279823838899507,4.2798238797702854,4.087077876135936e-08,3.872150616019659e-17,7.744301232039318e-17,3.872150616019659e-17,True,0.0034824999893317,0.015625,,
93,arpack_matvec,central_difference,1.0,0.0019916115427092624,0.23745989009471805,78162494.72360896,328.89366133028824,328.8974623589286,328.8934791358431,328.89728016448345,2,sparse_direct,not_applicable,1.5488602464078636e-16,2.323290369611795e-16,0.0016036000015446916,0.0015835999947739765,0.0,0.0,4.3810214667320584e-05,4.3810214140905335e-05,4.279823813323201,4.279823864748755,5.142555359327616e-08,1.1616451848058975e-16,1.9360753080098294e-16,7.744301232039318e-17,True,0.0034180000075139105,0.0,,
94,arpack_matvec,central_difference,1.0,0.0019916115427092624,0.23360418323311444,72487159.00178073,328.89347913584317,328.8972917133941,328.8936497813776,328.89746235892864,2,sparse_direct,not_applicable,1.5488602464078636e-16,1.5488602464078636e-16,0.0015925999905448407,0.0015783000126248226,0.0,0.0,4.381021452417006e-05,4.381021401843147e-05,4.279823827307589,4.2798238767132375,4.940564846123152e-08,3.872150616019659e-17,3.872150616019659e-17,0.0,True,0.0033909000048879534,0.0,,
95,arpack_matvec,central_difference,1.0,0.0019916115427092624,0.20548233282811573,46558924.20366832,328.89354498482345,328.8974623589286,328.8934791358431,328.89739650994824,2,sparse_direct,not_applicable,1.5488602464078636e-16,1.5488602464078636e-16,0.003123100002994761,0.0019157000060658902,0.0,0.015625,4.3810214796280286e-05,4.3810214334906576e-05,4.279823800725116,4.279823845796756,4.507163975375761e-08,0.0,7.744301232039318e-17,7.744301232039318e-17,True,0.005299600001308136,0.015625,,
96,arpack_matvec,central_difference,1.0,0.0019916115427092624,0.22501895267415195,73115589.69380924,328.8934791358431,328.8971603522889,328.8937811424828,328.8974623589286,2,sparse_direct,not_applicable,2.323290369611795e-16,3.097720492815727e-16,0.0016838000010466203,0.001613899992662482,0.0,0.0,4.381021432635815e-05,4.381021419458061e-05,4.279823846631852,4.279823859505211,1.2873359267473461e-08,3.872150616019659e-17,3.872150616019659e-17,0.0,True,0.0035398000036366284,0.0,,
97,arpack_matvec,central_difference,1.0,0.0019916115427092624,0.21831202374605202,49080607.49387558,328.8936596119565,328.89746235892864,328.89347913584317,328.8972818828153,2,sparse_direct,not_applicable,1.5488602464078636e-16,1.2100470675061434e-16,0.001596600006450899,0.0015776000072946772,0.0,0.0,4.3810214557871885e-05,4.3810214720669294e-05,4.279823824015254,4.27982380811156,1.5903693473262592e-08,7.744301232039318e-17,7.744301232039318e-17,1.5488602464078636e-16,True,0.003395699997781776,0.0,,
98,arpack_matvec,central_difference,1.0,0.0019916115427092624,0.26476643193322424,87369123.1293178,328.8936927945236,328.8974623589286,328.8934791358431,328.8972487002481,2,sparse_direct,not_applicable,1.5488602464078636e-16,1.1858461261560205e-16,0.0016528999985894188,0.0017729999963194132,0.0,0.0,4.381021412538627e-05,4.381021438152095e-05,4.279823866264813,4.279823841242993,2.502182017138921e-08,7.744301232039318e-17,7.744301232039318e-17,0.0,True,0.0037158999912207946,0.0,,
99,arpack_matvec,central_difference,1.0,0.0019916115427092624,0.17659941949150454,62727933.64815427,328.8934791358431,328.8974463566495,328.8934951381222,328.8974623589286,2,sparse_direct,not_applicable,1.5488602464078636e-16,3.097720492815727e-16,0.001768000001902692,0.0029085999995004386,0.0,0.015625,4.3810214406896265e-05,4.381021522810462e-05,4.279823838764076,4.279823758540158,8.022391817519292e-08,3.872150616019659e-17,3.872150616019659e-17,0.0,True,0.004965500003891066,0.015625,,
100,arpack_matvec,central_difference,1.0,0.0019916115427092624,0.2445238038151447,85501990.95943017,328.8934791358431,328.8973972080884,328.89354428668327,328.8974623589286,2,sparse_direct,not_applicable,1.5488602464078636e-16,1.5488602464078636e-16,0.001744900000630878,0.0016468000103486702,0.0,0.0,4.381021404896551e-05,4.381021448874921e-05,4.279823873730364,4.279823830767854,4.296250999402673e-08,7.744301232039318e-17,7.744301232039318e-17,0.0,True,0.003642499999841675,0.0,,
101,arpack_matvec,central_difference,1.0,0.0019916115427092624,0.22721001801441915,51995940.32576565,328.8934791358431,328.89740144928425,328.89354004548755,328.8974623589286,2,sparse_direct,not_applicable,1.9360753080098294e-16,2.710505431213761e-16,0.0016500999918207526,0.0016171999886864796,0.0,0.0,4.3810214297723314e-05,4.381021484677406e-05,4.279823849429191,4.279823795792375,5.3636816765845197e-08,3.872150616019659e-17,0.0,3.872150616019659e-17,True,0.0035014000022783875,0.0,,
102,arpack_matvec,central_difference,1.0,0.0019916115427092624,0.2387535683027144,77802078.6181744,328.8940325906825,328.8974623589286,328.8934791358431,328.8969089040892,2,sparse_direct,not_applicable,1.1616451848058975e-16,2.323290369611795e-16,0.0015883000014582649,0.002197800000431016,0.0,0.0,4.381021399132203e-05,4.3810214611288446e-05,4.279823879361561,4.279823818796985,6.056457557690464e-08,3.872150616019659e-17,1.5488602464078636e-16,1.1616451848058975e-16,True,0.004011600001831539,0.0,,
103,arpack_matvec,central_difference,1.0,0.0019916115427092624,0.21930637729616412,45205130.03323177,328.8934791358431,328.89725610309375,328.89368539167793,328.8974623589286,2,sparse_direct,not_applicable,1.5488602464078636e-16,7.744301232039318e-17,0.0016754000098444521,0.0026021999947261065,0.0,0.015625,4.381021405310699e-05,4.381021516911307e-05,4.279823873325783,4.279823764303048,1.090227348399253e-07,1.1616451848058975e-16,0.0,1.1616451848058975e-16,True,0.004522200004430488,0.015625,,
104,arpack_matvec,central_difference,1.0,0.0019916115427092624,0.22806385932745163,74569650.35733679,328.89377908995294,328.8974623589286,328.8934791358431,328.89716240481874,2,sparse_direct,not_applicable,1.1616451848058975e-16,1.9360753080098294e-16,0.0017222999886143953,0.0016527000116184354,0.0,0.0,4.381021390599134e-05,4.381021464233048e-05,4.279823887697525,4.279823815764486,7.193303908081816e-08,0.0,3.872150616019659e-17,3.872150616019659e-17,True,0.0036512999940896407,0.0,,
105,arpack_matvec,central_difference,1.0,0.0019916115427092624,0.20895956694144663,44185349.08527349,328.8934791358431,328.8973165891734,328.8936249055983,328.8974623589286,2,sparse_direct,not_applicable,1.5488602464078636e-16,2.323290369611795e-16,0.0016367000062018633,0.0016035000007832423,0.0,0.0,4.381021414719599e-05,4.381021507042608e-05,4.27982386413422,4.279823773943789,9.019043023528184e-08,3.872150616019659e-17,0.0,3.872150616019659e-17,True,0.003471999996691011,0.0,,
106,arpack_matvec,central_difference,1.0,0.0019916115427092624,0.28809344864857717,82846014.71946053,328.8934791358431,328.89733629667074,328.89360519810094,328.8974623589286,2,sparse_direct,not_applicable,1.1616451848058975e-16,1.1616451848058975e-16,0.0016015000001061708,0.0023244999902090058,0.0,0.0,4.3810214048574745e-05,4.381021437928413e-05,4.279823873768538,4.279823841461508,3.230702994017065e-08,0.0,3.872150616019659e-17,3.872150616019659e-17,True,0.0041548000008333474,0.0,,
107,arpack_matvec,central_difference,1.0,0.0019916115427092624,0.18892132978665124,48208154.3519635,328.8934791358431,328.89740800967377,328.8935334850979,328.8974623589286,2,sparse_direct,not_applicable,1.9360753080098294e-16,1.5488602464078636e-16,0.0018172999989474192,0.002581100008683279,0.015625,0.0,4.381021435361269e-05,4.3810215019103016e-05,4.2798238439693534,4.279823778957543,6.501181015750035e-08,0.0,3.872150616019659e-17,3.872150616019659e-17,True,0.004669799993280321,0.015625,,
108,arpack_matvec,central_difference,1.0,0.0019916115427092624,0.1978403162139612,64690014.99345884,328.89378876442123,328.8974623589286,328.8934791358431,328.89715273035046,2,sparse_direct,not_applicable,1.9360753080098294e-16,1.5488602464078636e-16,0.0018498999997973442,0.0016548999992664903,0.0,0.0,4.381021402101682e-05,4.3810214516129654e-05,4.279823876460674,4.279823828093057,4.836761746673801e-08,3.872150616019659e-17,1.1616451848058975e-16,7.744301232039318e-17,True,0.003752600008738227,0.0,,
109,arpack_matvec,central_difference,1.0,0.0019916115427092624,0.17015552564376368,52090023.40790548,328.8934791358431,328.89734176590935,328.89359972886234,328.8974623589286,2,sparse_direct,not_applicable,1.1616451848058975e-16,2.323290369611795e-16,0.0016392000106861815,0.0016343000024789944,0.0,0.0,4.381021450166535e-05,4.381021501932424e-05,4.279823829506076,4.279823778935932,5.0570143628192454e-08,1.1616451848058975e-16,3.872150616019659e-17,7.744301232039318e-17,True,0.0034993000008398667,0.0,,
110,arpack_matvec,central_difference,1.0,0.0019916115427092624,0.22803971219414046,72280731.91375117,328.8938536794491,328.8974623589286,328.8934791358431,328.8970878153227,2,sparse_direct,not_applicable,2.323290369611795e-16,1.1616451848058975e-16,0.0016052999999374151,0.0020087000011699274,0.0,0.0,4.3810214233175825e-05,4.381021425082217e-05,4.279823855734842,4.279823854010969,1.7238726002233307e-09,7.744301232039318e-17,3.872150616019659e-17,3.872150616019659e-17,True,0.0038475000037578866,0.0,,
111,arpack_matvec,central_difference,1.0,0.0019916115427092624,0.2435393431610253,50135382.88979942,328.8934791358431,328.89721793839374,328.89372355637795,328.8974623589286,2,sparse_direct,not_applicable,1.1616451848058975e-16,1.5972621291081093e-16,0.0016693999932613224,0.0016359000001102686,0.015625,0.0,4.38102147142752e-05,4.3810214381612054e-05,4.2798238087362,4.2798238412340925,3.249789237713685e-08,0.0,7.744301232039318e-17,7.744301232039318e-17,True,0.003536899996106513,0.015625,,
112,arpack_matvec,central_difference,1.0,0.0019916115427092624,0.2503550723779852,60985558.09146629,328.89369573133,328.89746235892864,328.89347913584317,328.8972457634417,2,sparse_direct,not_applicable,1.5488602464078636e-16,2.710505431213761e-16,0.0027176000003237277,0.0018382999987807125,0.0,0.0,4.381021445213467e-05,4.381021411502966e-05,4.279823834344732,4.279823867276551,3.2931819049508704e-08,3.872150616019659e-17,3.872150616019659e-17,7.744301232039318e-17,True,0.004953399999067187,0.0,,
113,arpack_matvec,central_difference,1.0,0.0019916115427092624,0.24759318606152397,47038124.844497874,328.89384576801916,328.8974623589286,328.8934791358431,328.8970957267525,2,sparse_direct,not_applicable,2.323290369611795e-16,1.5488602464078636e-16,0.0016999000072246417,0.0016245000006165355,0.0,0.0,4.3810214813354884e-05,4.381021426432233e-05,4.279823799057097,4.279823852692137,5.3635039520827377e-08,1.1616451848058975e-16,0.0,1.1616451848058975e-16,True,0.003565799997886643,0.0,,
114,arpack_matvec,central_difference,1.0,0.0019916115427092624,0.24976430155712978,79863259.49468474,328.8934791358431,328.8973922852078,328.8935492095639,328.8974623589286,2,sparse_direct,not_applicable,1.9360753080098294e-16,1.9360753080098294e-16,0.001948899996932596,0.001655100000789389,0.0,0.0,4.3810214432835694e-05,4.3810214063467685e-05,4.279823836230051,4.279823872313646,3.608359477880185e-08,7.744301232039318e-17,1.1616451848058975e-16,3.872150616019659e-17,True,0.003836599993519485,0.0,,
115,arpack_matvec,central_difference,1.0,0.0019916115427092624,0.3054270546363596,48619005.496119685,328.8942266279117,328.8974623589286,328.8934791358431,328.8967148668599,2,sparse_direct,not_applicable,1.1616451848058975e-16,1.1616451848058975e-16,0.001640999995288439,0.0016246000013779849,0.015625,0.0,4.381021455684938e-05,4.3810214198390953e-05,4.279823824115143,4.279823859132979,3.5017836630402144e-08,1.1616451848058975e-16,0.0,1.1616451848058975e-16,True,0.0034916000004159287,0.015625,,
116,arpack_matvec,central_difference,1.0,0.0019916115427092624,0.22556333693630218,65195632.456680775,328.8934791358431,328.8972235615812,328.8937179331905,328.8974623589286,2,sparse_direct,not_applicable,1.9360753080098294e-16,2.323290369611795e-16,0.0026856000040424988,0.0018699999927775934,0.0,0.0,4.381021439437041e-05,4.381021407946491e-05,4.279823839987728,4.279823870750875,3.076314758487797e-08,1.5488602464078636e-16,7.744301232039318e-17,7.744301232039318e-17,True,0.004818000001250766,0.0,,
117,arpack_matvec,central_difference,1.0,0.0019916115427092624,0.22205368176113857,60584654.72218479,328.8934791358431,328.8973425251656,328.893598969606,328.8974623589286,2,sparse_direct,not_applicable,1.3068508329066348e-16,1.5488602464078636e-16,0.001662800001213327,0.0016331999941030517,0.0,0.0,4.3810214752280035e-05,4.381021428033932e-05,4.279823805023504,4.279823851127436,4.610393133930302e-08,0.0,7.744301232039318e-17,7.744301232039318e-17,True,0.003533199997036718,0.0,,
118,arpack_matvec,central_difference,1.0,0.0019916115427092624,0.24985574460867374,78178004.11419438,328.89347913584305,328.89744087832787,328.8935006164438,328.8974623589285,2,sparse_direct,not_applicable,1.5488602464078636e-16,1.5488602464078636e-16,0.0020160999993095174,0.001625500008231029,0.0,0.0,4.381021438251055e-05,4.3810214022286265e-05,4.279823841146318,4.279823876336662,3.519034397214682e-08,3.872150616019659e-17,3.872150616019659e-17,7.744301232039318e-17,True,0.003879600000800565,0.0,,
119,arpack_matvec,central_difference,1.0,0.0019916115427092624,0.24843317620150743,51456385.02154257,328.8934791358431,328.89734421224045,328.89359728253123,328.8974623589286,2,sparse_direct,not_applicable,1.1616451848058975e-16,1.839271542609338e-16,0.0016025000077206641,0.001597900001797825,0.015625,0.0,4.381021468420088e-05,4.381021416274553e-05,4.279823811674163,4.279823862615184,5.0941021179085055e-08,3.872150616019659e-17,7.744301232039318e-17,1.1616451848058975e-16,True,0.003429200005484745,0.015625,,
120,arpack_matvec,central_difference,1.0,0.0019916115427092624,0.2782179752033252,88662365.0857896,328.89370746951954,328.8974623589286,328.8934791358431,328.89723402525215,2,sparse_direct,not_applicable,1.9360753080098294e-16,1.1616451848058975e-16,0.0018641999922692776,0.0028941000055056065,0.0,0.0,4.381021430563465e-05,4.381021413328092e-05,4.279823848656332,4.279823865493584,1.6837251592960456e-08,0.0,3.872150616019659e-17,3.872150616019659e-17,True,0.005210999996052124,0.0,,
121,arpack_matvec,central_difference,1.0,0.0019916115427092624,0.26330049946982215,44557225.63527292,328.8934791358431,328.8972247152536,328.89371677951806,328.8974623589286,2,sparse_direct,not_applicable,1.9360753080098294e-16,1.5004583637076176e-16,0.0017177000117953867,0.001971699995920062,0.0,0.0,4.381021455960157e-05,4.3810214396830024e-05,4.279823823846281,4.279823839747448,1.5901166605658545e-08,7.744301232039318e-17,7.744301232039318e-17,0.0,True,0.003957199995056726,0.0,,
122,arpack_matvec,central_difference,1.0,0.0019916115427092624,0.21629503054693908,73185701.74328904,328.89347913584317,328.89729651191476,328.8936449828569,328.89746235892864,2,sparse_direct,not_applicable,1.1616451848058975e-16,1.1616451848058975e-16,0.0025114000018220395,0.0021551000099861994,0.0,0.015625,4.381021431894419e-05,4.3810214259271724e-05,4.279823847356122,4.279823853185531,5.829408955548843e-09,3.872150616019659e-17,0.0,3.872150616019659e-17,True,0.005017299990868196,0.015625,,
123,arpack_matvec,central_difference,1.0,0.0019916115427092624,0.18000613203312407,62320278.33181663,328.8934791358431,328.89716111185487,328.8937803829168,328.8974623589286,2,sparse_direct,not_applicable,2.323290369611795e-16,1.9360753080098294e-16,0.0016081000067060813,0.0015962000034051016,0.0,0.0,4.38102147022292e-05,4.381021462510963e-05,4.279823809912974,4.279823817446792,7.533818013882865e-09,3.872150616019659e-17,0.0,3.872150616019659e-17,True,0.00342619999719318,0.0,,
124,arpack_matvec,central_difference,1.0,0.0019916115427092624,0.22213963577712817,77656523.13435777,328.8934791358431,328.89732101981247,328.8936204749592,328.8974623589286,2,sparse_direct,not_applicable,1.1616451848058975e-16,1.1616451848058975e-16,0.003051799998502247,0.0019425999926170334,0.0,0.0,4.3810214249260656e-05,4.381021424896199e-05,4.279823854163514,4.279823854192689,2.9175772908729414e-11,3.872150616019659e-17,3.872150616019659e-17,7.744301232039318e-17,True,0.005244800006039441,0.0,,
125,arpack_matvec,central_difference,1.0,0.0019916115427092624,0.29044428744498335,47575115.62866829,328.8934791358431,328.89679445395257,328.89414704081923,328.8974623589286,2,sparse_direct,not_applicable,1.1616451848058975e-16,1.5488602464078636e-16,0.0021785999997518957,0.0016999999934341758,0.0,0.0,4.381021442635947e-05,4.381021448162145e-05,4.279823836862714,4.2798238314641655,5.398548275081794e-09,3.872150616019659e-17,3.872150616019659e-17,0.0,True,0.004123499995330349,0.0,,
126,arpack_matvec,central_difference,1.0,0.0019916115427092624,0.24980114175232238,79410583.75347938,328.89347913584305,328.89737417235034,328.89356732242135,328.8974623589285,2,sparse_direct,not_applicable,1.1616451848058975e-16,1.1616451848058975e-16,0.001636900007724762,0.0016209000023081899,0.015625,0.0,4.381021420110596e-05,4.3810214282642454e-05,4.27982385886775,4.279823850902442,7.965307524671061e-09,3.872150616019659e-17,0.0,3.872150616019659e-17,True,0.003487099995254539,0.015625,,
127,arpack_matvec,central_difference,1.0,0.0019916115427092624,0.23541789190301668,57049397.997738644,328.8934791358431,328.89733776945997,328.8936037253117,328.8974623589286,2,sparse_direct,not_applicable,1.0648414194054061e-16,3.4849355544176928e-16,0.0016374999977415428,0.0015936000127112493,0.0,0.0,4.38102144233183e-05,4.381021460912847e-05,4.279823837159806,4.279823819007993,1.8151812497535502e-08,7.744301232039318e-17,1.5488602464078636e-16,7.744301232039318e-17,True,0.003500599996186793,0.0,,
128,arpack_matvec,central_difference,1.0,0.0019916115427092624,0.23526828618060866,81492068.42248315,328.8934791358431,328.8973356489668,328.89360584580487,328.8974623589286,2,sparse_direct,not_applicable,1.5488602464078636e-16,1.1616451848058975e-16,0.0023280999885173514,0.0017195999971590936,0.0,0.0,4.3810214109025786e-05,4.381021430327554e-05,4.279823867863071,4.279823848886794,1.897627655012002e-08,0.0,7.744301232039318e-17,7.744301232039318e-17,True,0.004329000003053807,0.0,,
129,arpack_matvec,central_difference,1.0,0.0019916115427092624,0.22726742552345777,45494027.80444707,328.8934791358431,328.8971380542314,328.8938034405403,328.8974623589286,2,sparse_direct,not_applicable,1.9360753080098294e-16,1.1616451848058975e-16,0.0031530999985989183,0.0016410000098403543,0.015625,0.0,4.381021425327046e-05,4.3810214600367095e-05,4.279823853771795,4.279823819863894,3.390790137558497e-08,1.5488602464078636e-16,0.0,1.5488602464078636e-16,True,0.005254100004094653,0.015625,,
130,arpack_matvec,central_difference,1.0,0.0019916115427092624,0.25225372756307773,85243109.87852228,328.8936498511431,328.8974623589286,328.8934791358431,328.8972916436286,2,sparse_direct,not_applicable,3.097720492815727e-16,1.5488602464078636e-16,0.0016124999965541065,0.001596600006450899,0.0,0.0,4.3810214119545623e-05,4.3810214320583906e-05,4.279823866835387,4.279823847195939,1.9639448289865413e-08,3.872150616019659e-17,3.872150616019659e-17,7.744301232039318e-17,True,0.003442799992626533,0.0,,
131,arpack_matvec,central_difference,1.0,0.0019916115427092624,0.24151443266459294,50455077.5138626,328.8938632265935,328.8974623589286,328.8934791358431,328.8970782681783,2,sparse_direct,not_applicable,1.1616451848058975e-16,1.7424677772088464e-16,0.001590500003658235,0.003384900002856739,0.0,0.0,4.381021437498755e-05,4.381021466494886e-05,4.2798238418812415,4.279823813554895,2.8326346601659225e-08,1.1616451848058975e-16,3.872150616019659e-17,7.744301232039318e-17,True,0.005242599989287555,0.0,,
132,arpack_matvec,central_difference,1.0,0.0019916115427092624,0.25369966975961394,87524578.46001683,328.8934791358431,328.8973517744277,328.893589720344,328.8974623589286,2,sparse_direct,not_applicable,3.4849355544176928e-16,1.5488602464078636e-16,0.0017305999936070293,0.0016404999914811924,0.0,0.015625,4.381021408898508e-05,4.3810214330873554e-05,4.279823869820849,4.279823846190742,2.363010676020849e-08,7.744301232039318e-17,7.744301232039318e-17,0.0,True,0.0036140000011073425,0.015625,,
133,arpack_matvec,central_difference,1.0,0.0019916115427092624,0.2211272524502488,48895799.35930916,328.89377824880336,328.8974623589286,328.8934791358431,328.89716324596833,2,sparse_direct,not_applicable,1.4036545983071262e-16,1.452056481007372e-16,0.0016768999921623617,0.001594500005012378,0.0,0.0,4.381021416465655e-05,4.381021472685155e-05,4.279823862428496,4.279823807507616,5.4920880288023e-08,3.872150616019659e-17,1.1616451848058975e-16,7.744301232039318e-17,True,0.0035060000082012266,0.0,,
134,arpack_matvec,central_difference,1.0,0.0019916115427092624,0.2665408713250231,84199148.6858093,328.8936321693862,328.8974623589286,328.8934791358431,328.8973093253855,2,sparse_direct,not_applicable,1.9360753080098294e-16,2.710505431213761e-16,0.0016133000026457012,0.001611400002730079,0.0,0.0,4.3810214031107286e-05,4.381021437871316e-05,4.279823875474936,4.2798238415172865,3.3957649137050794e-08,3.872150616019659e-17,3.872150616019659e-17,7.744301232039318e-17,True,0.003446100003202446,0.0,,
135,arpack_matvec,central_difference,1.0,0.0019916115427092624,0.2288121501732266,53485554.05897033,328.8934791358431,328.8971733746248,328.8937681201469,328.8974623589286,2,sparse_direct,not_applicable,1.8876734253095837e-16,1.1616451848058975e-16,0.0016021000046748668,0.0033862999989651144,0.0,0.0,4.381021418505712e-05,4.381021471620686e-05,4.279823860435563,4.279823808547496,5.1888067176264485e-08,7.744301232039318e-17,7.744301232039318e-17,1.5488602464078636e-16,True,0.005238099998678081,0.0,,
136,arpack_matvec,central_difference,1.0,0.0019916115427092624,0.24131102120187314,73290584.4459029,328.89352097065535,328.8974623589286,328.8934791358431,328.89742052411634,2,sparse_direct,not_applicable,1.9360753080098294e-16,1.1616451848058975e-16,0.0018363999988650903,0.0016898000030778348,0.0,0.015625,4.3810214075084044e-05,4.381021436637165e-05,4.279823871178842,4.27982384272293,2.845591229316824e-08,0.0,3.872150616019659e-17,3.872150616019659e-17,True,0.003787699999520555,0.015625,,
137,arpack_matvec,central_difference,1.0,0.0019916115427092624,0.21895808182044874,68064759.05935386,328.89375676056153,328.8974623589286,328.8934791358431,328.89718473421016,2,sparse_direct,not_applicable,1.9360753080098294e-16,1.5488602464078636e-16,0.0016324000025633723,0.0016242999990936369,0.0,0.0,4.3810214362693824e-05,4.38102147092311e-05,4.279823843082217,4.279823809228958,3.385325886284818e-08,1.1616451848058975e-16,1.5488602464078636e-16,3.872150616019659e-17,True,0.003485799999907613,0.0,,
138,arpack_matvec,central_difference,1.0,0.0019916115427092624,0.2828850134218723,97522785.4812493,328.8934791358431,328.8974430035288,328.8934984912429,328.8974623589286,2,sparse_direct,not_applicable,1.5488602464078636e-16,2.710505431213761e-16,0.0016222999984165654,0.0015883000014582649,0.0,0.0,4.38102141376475e-05,4.381021429675393e-05,4.279823865067013,4.279823849523891,1.554312234475219e-08,3.872150616019659e-17,1.1616451848058975e-16,7.744301232039318e-17,True,0.0034318999969400465,0.0,,
139,arpack_matvec,central_difference,1.0,0.0019916115427092624,0.23021539657555617,54515294.29907412,328.89347913584305,328.89741981812904,328.89352167664265,328.8974623589285,2,sparse_direct,not_applicable,1.5488602464078636e-16,1.9360753080098294e-16,0.0015917999990051612,0.004981599995517172,0.0,0.0,4.381021440830108e-05,4.381021463518515e-05,4.2798238386268395,4.279823816462514,2.216432548607372e-08,3.872150616019659e-17,0.0,3.872150616019659e-17,True,0.006841299997176975,0.0,,
140,arpack_matvec,central_difference,1.0,0.0019916115427092624,0.3205331174985937,99761422.20943248,328.89347913584317,328.89683923573364,328.89410225903805,328.89746235892864,2,sparse_direct,not_applicable,1.5488602464078636e-16,1.9360753080098294e-16,0.0027762999961851165,0.0017025999986799434,0.0,0.0,4.381021417862296e-05,4.381021424626885e-05,4.279823861064116,4.279823854455783,6.608333436020075e-09,3.872150616019659e-17,3.872150616019659e-17,0.0,True,0.004808700003195554,0.0,,
141,arpack_matvec,central_difference,1.0,0.0019916115427092624,0.23595476867210693,50350908.19844511,328.89361763302173,328.8974623589286,328.8934791358431,328.89732386174995,2,sparse_direct,not_applicable,1.9360753080098294e-16,1.1616451848058975e-16,0.0016489999979967251,0.0016347000055247918,0.0,0.0,4.3810214514468284e-05,4.381021455797846e-05,4.279823828255355,4.2798238240048425,4.250512830594744e-09,7.744301232039318e-17,7.744301232039318e-17,0.0,True,0.0035211999929742888,0.0,,
142,arpack_matvec,central_difference,1.0,0.0019916115427092624,0.3417880533352357,104125686.25168252,328.8941094772371,328.8974623589286,328.8934791358431,328.89683201753456,2,sparse_direct,not_applicable,1.3552527156068805e-16,1.5488602464078636e-16,0.0015951000095810741,0.0015874999953666702,0.0,0.0,4.3810214227972576e-05,4.3810214194752574e-05,4.279823856243148,4.279823859488412,3.2452645015723647e-09,7.744301232039318e-17,7.744301232039318e-17,1.5488602464078636e-16,True,0.003404600007343106,0.0,,
143,arpack_matvec,central_difference,1.0,0.0019916115427092624,0.2355088113670918,43468377.71548976,328.8936424043307,328.89746235892864,328.89347913584317,328.897299090441,2,sparse_direct,not_applicable,1.9360753080098294e-16,1.2100470675061434e-16,0.002887800001190044,0.0017674999980954453,0.0,0.0,4.381021461849768e-05,4.381021445458043e-05,4.279823818092715,4.279823834105805,1.6013090409217057e-08,3.872150616019659e-17,3.872150616019659e-17,0.0,True,0.004975000003469177,0.0,,
144,arpack_matvec,central_difference,1.0,0.0019916115427092624,0.2331635842599794,75679254.77830566,328.8936969321225,328.89746235892864,328.89347913584317,328.8972445626492,2,sparse_direct,not_applicable,1.5488602464078636e-16,1.5488602464078636e-16,0.0016617999935988337,0.0016392999968957156,0.0,0.0,4.381021441725569e-05,4.381021421929459e-05,4.279823837752063,4.279823857090901,1.9338838086468968e-08,3.872150616019659e-17,7.744301232039318e-17,1.1616451848058975e-16,True,0.0035348000092199072,0.0,,
145,arpack_matvec,central_difference,1.0,0.0019916115427092624,0.21365178384885683,39251213.181201935,328.8934791358431,328.8968001057272,328.8941413890445,328.8974623589286,2,sparse_direct,not_applicable,1.9360753080098294e-16,1.5488602464078636e-16,0.0016232000052696094,0.0015890000067884102,0.0,0.0,4.3810214945170965e-05,4.381021457153259e-05,4.279823786179972,4.279823822680739,3.6500766853464484e-08,0.0,0.0,0.0,True,0.0034352999937254936,0.0,,
146,arpack_matvec,central_difference,1.0,0.0019916115427092624,0.23596941698666504,75900008.651321,328.89347913584317,328.89735003311836,328.89359146165333,328.89746235892864,2,sparse_direct,not_applicable,1.2100470675061434e-16,2.323290369611795e-16,0.0015916999982437119,0.002267399991978891,0.0,0.0,4.381021440400235e-05,4.381021418607807e-05,4.2798238390467835,4.279823860335826,2.1289042528849222e-08,0.0,7.744301232039318e-17,7.744301232039318e-17,True,0.004103500003111549,0.0,,
147,arpack_matvec,central_difference,1.0,0.0019916115427092624,0.22275308443120836,49606324.85042518,328.89354346922374,328.8974623589286,328.8934791358431,328.89739802554783,2,sparse_direct,not_applicable,7.744301232039318e-17,1.9360753080098294e-16,0.003499099999316968,0.001785800006473437,0.015625,0.0,4.381021472154404e-05,4.38102144718326e-05,4.279823808026106,4.27982383242044,2.4394333664190526e-08,3.872150616019659e-17,0.0,3.872150616019659e-17,True,0.005647400001180358,0.015625,,
148,arpack_matvec,central_difference,1.0,0.0019916115427092624,0.2546142312803544,74013696.37420665,328.8935958643679,328.8974623589286,328.8934791358431,328.8973456304038,2,sparse_direct,not_applicable,1.9360753080098294e-16,1.1616451848058975e-16,0.0016535000031581149,0.0016347999917343259,0.0,0.0,4.381021429111323e-05,4.381021417791705e-05,4.279823850074931,4.279823861133076,1.105814551038975e-08,1.1616451848058975e-16,0.0,1.1616451848058975e-16,True,0.0035288000071886927,0.0,,
149,arpack_matvec,central_difference,1.0,0.0019916115427092624,0.2333991428253592,60455493.57223305,328.8934791358431,328.8971022050462,328.89383928972546,328.8974623589286,2,sparse_direct,not_applicable,1.5488602464078636e-16,1.5972621291081093e-16,0.0022309000050881878,0.0015974999987520278,0.0,0.0,4.3810214585485864e-05,4.381021446241656e-05,4.279823821317642,4.279823833340294,1.2022652207122064e-08,3.872150616019659e-17,1.5488602464078636e-16,1.9360753080098294e-16,True,0.0040536000014981255,0.0,,
150,arpack_matvec,central_difference,1.0,0.0019916115427092624,0.2528671938767069,74244234.15094842,328.8938270224152,328.8974623589286,328.8934791358431,328.89711447235646,2,sparse_direct,not_applicable,1.9360753080098294e-16,1.1616451848058975e-16,0.002168599996366538,0.0016059999907156453,0.0,0.0,4.381021425013439e-05,4.381021418938594e-05,4.279823854078158,4.279823860012679,5.934521318806674e-09,0.0,1.5488602464078636e-16,1.5488602464078636e-16,True,0.0040069999959087,0.0,,
151,arpack_matvec,central_difference,1.0,0.0019916115427092624,0.21152300435676694,48287047.21717123,328.8934791358431,328.8972988492772,328.8936426454945,328.8974623589286,2,sparse_direct,not_applicable,1.5488602464078636e-16,1.1616451848058975e-16,0.0024446000024909154,0.001648300007218495,0.0,0.0,4.381021455181349e-05,4.38102144768949e-05,4.279823824607099,4.279823831925903,7.31880334114976e-09,7.744301232039318e-17,0.0,7.744301232039318e-17,True,0.004542900001979433,0.0,,
152,arpack_matvec,central_difference,1.0,0.0019916115427092624,0.23615818284152532,77736211.45009764,328.8936664173432,328.8974623589286,328.8934791358431,328.8972750774285,2,sparse_direct,not_applicable,2.323290369611795e-16,1.2584489502063891e-16,0.0016229000029852614,0.0015994999994290993,0.0,0.0,4.3810214228911685e-05,4.3810214192911714e-05,4.279823856151406,4.279823859668246,3.516840152428813e-09,3.872150616019659e-17,3.872150616019659e-17,7.744301232039318e-17,True,0.0034574000019347295,0.0,,
153,arpack_matvec,central_difference,1.0,0.0019916115427092624,0.21382725413057654,42783883.98055749,328.89364296953835,328.8974623589286,328.8934791358431,328.89729852523334,2,sparse_direct,not_applicable,3.097720492815727e-16,1.5488602464078636e-16,0.0016028999962145463,0.001589899999089539,0.0,0.0,4.381021446865106e-05,4.3810214442228415e-05,4.279823832731244,4.279823835312476,2.5812312287598616e-09,1.1616451848058975e-16,3.872150616019659e-17,1.5488602464078636e-16,True,0.0034139999916078523,0.0,,
154,arpack_matvec,central_difference,1.0,0.0019916115427092624,0.23991874379204428,76837151.32797168,328.8934791358431,328.897371792918,328.89356970185366,328.8974623589286,2,sparse_direct,not_applicable,2.323290369611795e-16,1.9360753080098294e-16,0.002073199997539632,0.0016916000022320077,0.0,0.0,4.381021421199289e-05,4.381021421226568e-05,4.279823857804204,4.279823857777556,2.6648017126262857e-11,3.872150616019659e-17,7.744301232039318e-17,1.1616451848058975e-16,True,0.003999300010036677,0.0,,
155,arpack_matvec,central_difference,1.0,0.0019916115427092624,0.26249551354187833,52244162.81549483,328.8940721093721,328.8974623589286,328.8934791358431,328.8968693853996,2,sparse_direct,not_applicable,2.710505431213761e-16,1.1616451848058975e-16,0.0026151000056415796,0.001983299996936694,0.015625,0.0,4.3810214418588444e-05,4.381021444663557e-05,4.2798238376218665,4.27982383488194,2.7399265078997814e-09,3.872150616019659e-17,3.872150616019659e-17,0.0,True,0.0048462999984622,0.015625,,
156,arpack_matvec,central_difference,1.0,0.0019916115427092624,0.29669435272445627,87615899.3160554,328.89374175398467,328.8974623589286,328.8934791358431,328.897199740787,2,sparse_direct,not_applicable,1.5488602464078636e-16,1.645664011808355e-16,0.0017899000085890293,0.0017659000004641712,0.0,0.0,4.3810214203509967e-05,4.38102142348814e-05,4.279823858632902,4.279823855568225,3.064677400743676e-09,3.872150616019659e-17,3.872150616019659e-17,7.744301232039318e-17,True,0.0038051000010455027,0.0,,
157,arpack_matvec,central_difference,1.0,0.0019916115427092624,0.21660129231550748,53547934.460045904,328.8940274832364,328.8974623589286,328.8934791358431,328.8969140115353,2,sparse_direct,not_applicable,1.1616451848058975e-16,1.5488602464078636e-16,0.0018337999936193228,0.002132299996446818,0.0,0.0,4.381021444869369e-05,4.381021454714918e-05,4.279823834680882,4.279823825062756,9.618125851318382e-09,1.1616451848058975e-16,3.872150616019659e-17,7.744301232039318e-17,True,0.004227400000672787,0.0,,
158,arpack_matvec,central_difference,1.0,0.0019916115427092624,0.2533418830951924,62776259.210081965,328.89390176841,328.8974623589286,328.8934791358431,328.8970397263617,2,sparse_direct,not_applicable,1.9360753080098294e-16,1.5488602464078636e-16,0.0016875000001164153,0.0020071000035386533,0.0,0.0,4.381021418284306e-05,4.3810214256440114e-05,4.279823860651854,4.279823853462151,7.189703055132668e-09,7.744301232039318e-17,3.872150616019659e-17,3.872150616019659e-17,True,0.0039480999985244125,0.0,,
159,arpack_matvec,central_difference,1.0,0.0019916115427092624,0.2350146602305049,45035597.58113585,328.89393039279065,328.8974623589286,328.8934791358431,328.89701110198104,2,sparse_direct,not_applicable,1.1616451848058975e-16,1.3068508329066348e-16,0.0025279000110458583,0.0018035999964922667,0.015625,0.0,4.381021445306134e-05,4.3810214569169814e-05,4.279823834254206,4.279823822911558,1.1342647709966514e-08,3.872150616019659e-17,0.0,3.872150616019659e-17,True,0.004584899987094104,0.015625,,
160,arpack_matvec,central_difference,1.0,0.0019916115427092624,0.3027986498555302,91269345.08647317,328.8939432354634,328.8974623589286,328.8934791358431,328.8969982593084,2,sparse_direct,not_applicable,1.1616451848058975e-16,1.9360753080098294e-16,0.0016355999978259206,0.0015764999989187345,0.0,0.0,4.381021419856167e-05,4.381021426181734e-05,4.279823859116302,4.2798238529368495,6.179452505250538e-09,3.872150616019659e-17,3.872150616019659e-17,7.744301232039318e-17,True,0.003440900007262826,0.0,,
161,arpack_matvec,central_difference,1.0,0.0019916115427092624,0.2401293677540495,54347535.342783004,328.8938672236156,328.8974623589286,328.8934791358431,328.8970742711561,2,sparse_direct,not_applicable,1.1616451848058975e-16,1.9360753080098294e-16,0.001596699992660433,0.0019823000038741156,0.0,0.0,4.381021453700071e-05,4.381021464886411e-05,4.2798238260541615,4.279823815126216,1.0927945659489069e-08,3.872150616019659e-17,3.872150616019659e-17,0.0,True,0.003799999991315417,0.0,,
162,arpack_matvec,central_difference,1.0,0.0019916115427092624,0.32625011248069746,99710144.64432657,328.8934791358431,328.8970327174428,328.8939087773289,328.8974623589286,2,sparse_direct,not_applicable,1.5488602464078636e-16,2.323290369611795e-16,0.0016526999970665202,0.0016315999964717776,0.0,0.0,4.381021420402035e-05,4.381021424851717e-05,4.279823858583043,4.279823854236144,4.346898840879021e-09,3.872150616019659e-17,7.744301232039318e-17,1.1616451848058975e-16,True,0.003509200003463775,0.0,,
163,arpack_matvec,central_difference,1.0,0.0019916115427092624,0.20903208431596215,52384465.19470617,328.89349657540896,328.8974623589286,328.8934791358431,328.8974449193627,2,sparse_direct,not_applicable,1.1616451848058975e-16,1.5488602464078636e-16,0.0016979000065475702,0.0027532999956747517,0.015625,0.0,4.381021462067925e-05,4.3810214692047305e-05,4.279823817879597,4.279823810907645,6.971951904688467e-09,3.872150616019659e-17,0.0,3.872150616019659e-17,True,0.0049300999962724745,0.015625,,
164,arpack_matvec,central_difference,1.0,0.0019916115427092624,0.21614655975793692,76364608.3349473,328.89365419189187,328.8974623589286,328.8934791358431,328.8972873028798,2,sparse_direct,not_applicable,1.9360753080098294e-16,2.323290369611795e-16,0.0017359999910695478,0.0017402999947080389,0.0,0.0,4.3810214360399225e-05,4.3810214416696125e-05,4.279823843306376,4.279823837806727,5.499649624596259e-09,7.744301232039318e-17,3.872150616019659e-17,1.1616451848058975e-16,True,0.0037235999916447327,0.0,,
165,arpack_matvec,central_difference,1.0,0.0019916115427092624,0.21670757320508247,48694595.733809374,328.8939138528804,328.8974623589286,328.8934791358431,328.89702764189127,2,sparse_direct,not_applicable,1.5488602464078636e-16,1.9360753080098294e-16,0.0017235999985132366,0.0018714999896474183,0.0,0.0,4.381021469208459e-05,4.381021474234396e-05,4.279823810904003,4.279823805994161,4.909842310496515e-09,3.872150616019659e-17,3.872150616019659e-17,0.0,True,0.0041252999944845214,0.0,,
166,arpack_matvec,central_difference,1.0,0.0019916115427092624,0.21667827898383138,64342768.49438563,328.89359659370837,328.8974623589285,328.89347913584305,328.8973449010633,2,sparse_direct,not_applicable,1.9360753080098294e-16,1.2100470675061434e-16,0.001728300005197525,0.0017260000022361055,0.0,0.015625,4.381021429925961e-05,4.381021432221139e-05,4.279823849279111,4.279823847036949,2.242162011611981e-09,7.744301232039318e-17,3.872150616019659e-17,1.1616451848058975e-16,True,0.0036950999929104,0.015625,,
167,arpack_matvec,central_difference,1.0,0.0019916115427092624,0.22335752910702852,49260319.25642373,328.8934791358431,328.89743961431634,328.89350188045535,328.8974623589286,2,sparse_direct,not_applicable,1.9360753080098294e-16,1.1616451848058975e-16,0.0020013000030303374,0.0022446000075433403,0.0,0.0,4.3810214558771746e-05,4.381021456970141e-05,4.279823823927346,4.279823822859626,1.0677201345288267e-09,7.744301232039318e-17,0.0,7.744301232039318e-17,True,0.005012599998735823,0.0,,
168,arpack_matvec,central_difference,1.0,0.0019916115427092624,0.24615937158666237,88093650.72867744,328.8935346997003,328.8974623589286,328.8934791358431,328.8974067950714,2,sparse_direct,not_applicable,1.1616451848058975e-16,2.710505431213761e-16,0.0017728999955579638,0.0017287999944528565,0.0,0.0,4.381021423513613e-05,4.3810214229493685e-05,4.27982385554334,4.27982385609455,5.512106326932553e-10,7.744301232039318e-17,7.744301232039318e-17,1.5488602464078636e-16,True,0.003748300005099736,0.0,,
169,arpack_matvec,central_difference,1.0,0.0019916115427092624,0.2708869607822021,51428554.39192592,328.89347913584305,328.89743510138413,328.89350639338755,328.8974623589285,2,sparse_direct,not_applicable,2.323290369611795e-16,1.9360753080098294e-16,0.0023101999977370724,0.0017460999952163547,0.0,0.0,4.3810214404566986e-05,4.381021437736947e-05,4.279823838991623,4.279823841648551,2.656928010935644e-09,7.744301232039318e-17,0.0,7.744301232039318e-17,True,0.004357099998742342,0.0,,
170,arpack_matvec,central_difference,1.0,0.0019916115427092624,0.23011293015375933,67669936.24737349,328.8935043132474,328.8974623589286,328.8934791358431,328.8974371815243,2,sparse_direct,not_applicable,1.9360753080098294e-16,1.2584489502063891e-16,0.0017269999952986836,0.001711699995212257,0.015625,0.0,4.381021423634375e-05,4.381021419577049e-05,4.279823855425367,4.279823859388972,3.963604555679012e-09,3.872150616019659e-17,0.0,3.872150616019659e-17,True,0.0036766999983228743,0.015625,,
171,arpack_matvec,central_difference,1.0,0.0019916115427092624,0.2593587826311933,48373073.7830265,328.8939159466549,328.8974623589286,328.8934791358431,328.8970255481168,2,sparse_direct,not_applicable,1.2584489502063891e-16,1.5488602464078636e-16,0.002538099986850284,0.0019223999988753349,0.0,0.0,4.381021445895999e-05,4.3810214389413424e-05,4.279823833677966,4.279823840471977,6.794010687372065e-09,3.872150616019659e-17,1.9360753080098294e-16,1.5488602464078636e-16,True,0.004733999987365678,0.0,,
172,arpack_matvec,central_difference,1.0,0.0019916115427092624,0.22799900716186391,79769993.12573785,328.8934943891579,328.8974623589286,328.8934791358431,328.89744710561376,2,sparse_direct,not_applicable,1.1858461261560205e-16,1.1616451848058975e-16,0.0017404999962309375,0.0017171000072266906,0.0,0.0,4.3810214265899256e-05,4.38102141923577e-05,4.279823852538087,4.279823859722368,7.184281614058818e-09,3.872150616019659e-17,0.0,3.872150616019659e-17,True,0.003698700005770661,0.0,,
173,arpack_matvec,central_difference,1.0,0.0019916115427092624,0.22702589903846992,50241887.603849776,328.8934791358431,328.89691950368984,328.89402199108184,328.8974623589286,2,sparse_direct,not_applicable,2.323290369611795e-16,1.1616451848058975e-16,0.0021126000065123662,0.0017249999946216121,0.0,0.0,4.381021454789245e-05,4.381021437207905e-05,4.279823824990146,4.279823842165373,1.7175227462473686e-08,3.872150616019659e-17,3.872150616019659e-17,7.744301232039318e-17,True,0.004079000005731359,0.0,,
174,arpack_matvec,central_difference,1.0,0.0019916115427092624,0.19334317797558068,61302040.91804526,328.8935426664558,328.8974623589286,328.8934791358431,328.8973988283159,2,sparse_direct,not_applicable,1.3068508329066348e-16,1.5488602464078636e-16,0.00171639998734463,0.0017323999927612022,0.015625,0.0,4.3810214329032396e-05,4.381021416064392e-05,4.279823846370604,4.27982386282049,1.6449885897884542e-08,7.744301232039318e-17,3.872150616019659e-17,3.872150616019659e-17,True,0.0036874999932479113,0.015625,,
175,arpack_matvec,central_difference,1.0,0.0019916115427092624,0.24999019816079457,62489654.01653839,328.8935380755917,328.89746235892864,328.89347913584317,328.89740341917997,2,sparse_direct,not_applicable,1.5488602464078636e-16,1.5488602464078636e-16,0.003125300005194731,0.0019751999934669584,0.0,0.0,4.381021453261653e-05,4.381021438831751e-05,4.279823826482453,4.279823840579036,1.4096583456080225e-08,7.744301232039318e-17,3.872150616019659e-17,1.1616451848058975e-16,True,0.005401899994467385,0.0,,
176,arpack_matvec,central_difference,1.0,0.0019916115427092624,0.24654154543601545,71446000.68258199,328.89398680751674,328.8974623589286,328.8934791358431,328.89695468725483,2,sparse_direct,not_applicable,1.1616451848058975e-16,1.9360753080098294e-16,0.0017924999992828816,0.0020828999986406416,0.0,0.0,4.3810214291357055e-05,4.381021420005938e-05,4.2798238500511125,4.279823858969991,8.918878080521608e-09,1.1616451848058975e-16,3.872150616019659e-17,1.5488602464078636e-16,True,0.004125099992961623,0.0,,
177,arpack_matvec,central_difference,1.0,0.0019916115427092624,0.2410155506507076,49748320.03572913,328.8934791358431,328.896990706471,328.8939507883007,328.8974623589286,2,sparse_direct,not_applicable,1.1616451848058975e-16,2.323290369611795e-16,0.0016844999918248504,0.001636999993934296,0.0,0.015625,4.3810214598899376e-05,4.381021447617728e-05,4.279823820007275,4.279823831996008,1.1988732673273717e-08,3.872150616019659e-17,7.744301232039318e-17,3.872150616019659e-17,True,0.003556900002877228,0.015625,,
178,arpack_matvec,central_difference,1.0,0.0019916115427092624,0.2629394874100997,84650904.93217485,328.8934791358431,328.89731823763424,328.89362325713745,328.8974623589286,2,sparse_direct,not_applicable,1.5488602464078636e-16,1.9360753080098294e-16,0.0016346999909728765,0.00159420000272803,0.0,0.0,4.381021426707168e-05,4.381021419848574e-05,4.279823852423553,4.279823859123719,6.70016664372497e-09,7.744301232039318e-17,1.1616451848058975e-16,3.872150616019659e-17,True,0.0034530999982962385,0.0,,
179,arpack_matvec,central_difference,1.0,0.0019916115427092624,0.2907441251659666,54992684.1399164,328.8934791358431,328.89689345253396,328.8940480422377,328.8974623589286,2,sparse_direct,not_applicable,1.5004583637076176e-16,1.1616451848058975e-16,0.0018691000004764646,0.0022573000023839995,0.0,0.0,4.381021444374704e-05,4.381021436392702e-05,4.2798238351641205,4.279823842961745,7.797624768102196e-09,7.744301232039318e-17,3.872150616019659e-17,1.1616451848058975e-16,True,0.004784799995832145,0.0,,
180,arpack_matvec,central_difference,1.0,0.0019916115427092624,0.24543470394112984,74106404.49062024,328.8934791358431,328.8971529721759,328.8937885225958,328.8974623589286,2,sparse_direct,not_applicable,2.323290369611795e-16,3.097720492815727e-16,0.002270700002554804,0.0017308000096818432,0.0,0.0,4.3810214283157945e-05,4.3810214226606e-05,4.279823850852084,4.279823856376648,5.524563917447267e-09,0.0,0.0,0.0,True,0.004284400012693368,0.0,,
181,arpack_matvec,central_difference,1.0,0.0019916115427092624,0.2053713297855405,45526993.004857905,328.8934791358431,328.89732603202043,328.89361546275126,328.8974623589286,2,sparse_direct,not_applicable,1.9360753080098294e-16,1.9360753080098294e-16,0.0016441000043414533,0.0021348000009311363,0.015625,0.0,4.3810214729329636e-05,4.3810214661397086e-05,4.279823807265531,4.279823813901868,6.6363368134148004e-09,3.872150616019659e-17,3.872150616019659e-17,7.744301232039318e-17,True,0.004029400006402284,0.015625,,
182,arpack_matvec,central_difference,1.0,0.0019916115427092624,0.260674403627181,80286227.1183599,328.8938679507981,328.8974623589286,328.8934791358431,328.8970735439736,2,sparse_direct,not_applicable,1.4036545983071262e-16,1.1616451848058975e-16,0.0016863000055309385,0.0016388999938499182,0.0,0.0,4.381021425281079e-05,4.381021424149787e-05,4.2798238538167,4.279823854921861,1.1051604076328658e-09,7.744301232039318e-17,3.872150616019659e-17,1.1616451848058975e-16,True,0.003562700003385544,0.0,,
183,arpack_matvec,central_difference,1.0,0.0019916115427092624,0.24468971988891938,55429943.541605085,328.8934791358431,328.8972033738087,328.8937381209631,328.8974623589286,2,sparse_direct,not_applicable,1.5488602464078636e-16,1.1616451848058975e-16,0.002511200000299141,0.0019440000032773241,0.0,0.0,4.3810214436564184e-05,4.381021445245176e-05,4.279823835865814,4.279823834313756,1.5520580376460202e-09,0.0,7.744301232039318e-17,7.744301232039318e-17,True,0.004756800000905059,0.0,,
184,arpack_matvec,central_difference,1.0,0.0019916115427092624,0.22997998709230588,78692646.54086788,328.8935028562116,328.8974623589286,328.8934791358431,328.89743863856006,2,sparse_direct,not_applicable,1.5488602464078636e-16,1.5488602464078636e-16,0.002275599996210076,0.0016660999972373247,0.0,0.0,4.381021428728023e-05,4.38102143044937e-05,4.279823850449377,4.2798238487677915,1.681585537482988e-09,3.872150616019659e-17,7.744301232039318e-17,3.872150616019659e-17,True,0.004178300005150959,0.0,,
185,arpack_matvec,central_difference,1.0,0.0019916115427092624,0.23022346470726707,39693423.71723293,328.8934791358431,328.89701223656704,328.89392925820465,328.8974623589286,2,sparse_direct,not_applicable,1.9360753080098294e-16,1.1616451848058975e-16,0.0026639000134309754,0.0019400999881327152,0.015625,0.0,4.38102146023276e-05,4.381021462749006e-05,4.279823819672371,4.279823817214249,2.4581225943620666e-09,1.1616451848058975e-16,7.744301232039318e-17,3.872150616019659e-17,True,0.00490479999280069,0.015625,,
186,arpack_matvec,central_difference,1.0,0.0019916115427092624,0.23003376022515457,71775304.22329152,328.89366249286593,328.8974623589286,328.8934791358431,328.8972790019059,2,sparse_direct,not_applicable,1.5488602464078636e-16,1.2100470675061434e-16,0.0016206000000238419,0.0015888000052655116,0.0,0.0,4.38102142784775e-05,4.3810214295693104e-05,4.279823851309317,4.279823849627523,1.6817933712331978e-09,1.1616451848058975e-16,3.872150616019659e-17,1.5488602464078636e-16,True,0.0034420000010868534,0.0,,
187,arpack_matvec,central_difference,1.0,0.0019916115427092624,0.23088296346255108,43784979.20297802,328.89347913584305,328.8970527165861,328.8938887781856,328.8974623589285,2,sparse_direct,not_applicable,1.5488602464078636e-16,1.7424677772088464e-16,0.002894200006267056,0.0033632999984547496,0.0,0.0,4.381021454156144e-05,4.381021456151884e-05,4.279823825608623,4.279823823658982,1.949640449083745e-09,7.744301232039318e-17,1.5488602464078636e-16,2.323290369611795e-16,True,0.006526600001961924,0.0,,
188,arpack_matvec,central_difference,1.0,0.0019916115427092624,0.25365873899303165,76783646.59393565,328.893563594388,328.8974623589286,328.8934791358431,328.8973779003837,2,sparse_direct,not_applicable,1.5488602464078636e-16,1.9360753080098294e-16,0.0034447000070940703,0.0024390999897150323,0.015625,0.0,4.3810214225349674e-05,4.381021423537151e-05,4.279823856499379,4.279823855520345,9.790346311433495e-10,3.872150616019659e-17,0.0,3.872150616019659e-17,True,0.006292500009294599,0.015625,,
189,arpack_matvec,central_difference,1.0,0.0019916115427092624,0.242317718813449,42996060.336642206,328.8934791358431,328.89718944392047,328.8937520508512,328.8974623589286,2,sparse_direct,not_applicable,1.9360753080098294e-16,1.5488602464078636e-16,0.0020029000006616116,0.0016100999928312376,0.0,0.0,4.3810214509996065e-05,4.381021452235451e-05,4.279823828692248,4.279823827484949,1.2072982613631211e-09,1.1616451848058975e-16,3.872150616019659e-17,7.744301232039318e-17,True,0.0038561000110348687,0.0,,
190,arpack_matvec,central_difference,1.0,0.0019916115427092624,0.24052742820476922,68652666.93521751,328.89371619537224,328.8974623589286,328.8934791358431,328.89722529939945,2,sparse_direct,not_applicable,1.645664011808355e-16,2.710505431213761e-16,0.004131900001084432,0.001712900004349649,0.0,0.015625,4.381021423925428e-05,4.3810214245318313e-05,4.279823855141037,4.279823854548641,5.923954660147501e-10,7.744301232039318e-17,3.872150616019659e-17,3.872150616019659e-17,True,0.006344399997033179,0.015625,,
191,arpack_matvec,central_difference,1.0,0.0019916115427092624,0.19950499508216976,48238260.42172505,328.893482139899,328.8974623589286,328.8934791358431,328.8974593548727,2,sparse_direct,not_applicable,1.9360753080098294e-16,1.5488602464078636e-16,0.0016461000050185248,0.0016259000112768263,0.0,0.0,4.3810214622400915e-05,4.381021463228308e-05,4.279823817711407,4.279823816746018,9.653895460814965e-10,7.744301232039318e-17,0.0,7.744301232039318e-17,True,0.003509599991957657,0.0,,
192,arpack_matvec,central_difference,1.0,0.0019916115427092624,0.20597672868588435,70089838.71682623,328.8934791358431,328.8974188074453,328.89352268732637,328.8974623589286,2,sparse_direct,not_applicable,1.5488602464078636e-16,1.5488602464078636e-16,0.0015964000049280003,0.001588600003742613,0.0,0.0,4.38102142278634e-05,4.381021423595864e-05,4.279823856253813,4.279823855462988,7.908251831167945e-10,3.872150616019659e-17,3.872150616019659e-17,0.0,True,0.0034069999965140596,0.0,,
193,arpack_matvec,central_difference,1.0,0.0019916115427092624,0.24015967740029318,52163585.60425236,328.8934791358431,328.8968392056735,328.8941022890982,328.8974623589286,2,sparse_direct,not_applicable,1.5488602464078636e-16,2.323290369611795e-16,0.0020404999959282577,0.0017560999986017123,0.0,0.0,4.381021443319179e-05,4.381021443896179e-05,4.279823836195264,4.279823835631592,5.636717759216481e-10,0.0,1.1616451848058975e-16,1.1616451848058975e-16,True,0.004175499998382293,0.0,,
194,arpack_matvec,central_difference,1.0,0.0019916115427092624,0.26306299763844476,85457930.47062843,328.89352376814264,328.8974623589286,328.8934791358431,328.89741772662904,2,sparse_direct,not_applicable,1.1616451848058975e-16,1.1616451848058975e-16,0.0018942000024253502,0.002817700005834922,0.0,0.015625,4.3810214217832284e-05,4.3810214217932234e-05,4.279823857233754,4.27982385722399,9.763745367763477e-12,3.872150616019659e-17,7.744301232039318e-17,3.872150616019659e-17,True,0.0051727999962167814,0.015625,,
195,arpack_matvec,central_difference,1.0,0.0019916115427092624,0.24840522025844788,53428175.82074098,328.8938493644094,328.8974623589286,328.8934791358431,328.8970921303623,2,sparse_direct,not_applicable,1.1616451848058975e-16,2.323290369611795e-16,0.00188390001130756,0.0016887000092538074,0.0,0.0,4.381021445568928e-05,4.381021445446109e-05,4.279823833997482,4.279823834117464,1.1998224636045052e-10,1.5488602464078636e-16,3.872150616019659e-17,1.1616451848058975e-16,True,0.0038281000015558675,0.0,,
196,arpack_matvec,central_difference,1.0,0.0019916115427092624,0.2853761984261746,80233204.69222853,328.8941273113403,328.8974623589286,328.8934791358431,328.8968141834314,2,sparse_direct,not_applicable,1.5488602464078636e-16,1.5488602464078636e-16,0.001655400003073737,0.001636000000871718,0.0,0.0,4.381021419810093e-05,4.3810214195576886e-05,4.279823859161311,4.279823859407886,2.4657431652030937e-10,0.0,3.872150616019659e-17,3.872150616019659e-17,True,0.003528999994159676,0.0,,
197,arpack_matvec,central_difference,1.0,0.0019916115427092624,0.30251462868157036,53148242.061893925,328.89347913584305,328.89681180581664,328.89412968895516,328.8974623589285,2,sparse_direct,not_applicable,3.097720492815727e-16,1.1616451848058975e-16,0.0016079000051831827,0.002928700007032603,0.0,0.0,4.381021433174263e-05,4.381021432247767e-05,4.279823846105842,4.279823847010936,9.050946658817338e-10,0.0,0.0,0.0,True,0.004776400004629977,0.0,,
198,arpack_matvec,central_difference,1.0,0.0019916115427092624,0.23166867971272231,70559310.2057657,328.8934791358431,328.8973786154089,328.8935628793628,328.8974623589286,2,sparse_direct,not_applicable,1.9360753080098294e-16,1.3552527156068805e-16,0.002704400001675822,0.0018949999939650297,0.015625,0.0,4.381021421914311e-05,4.381021420247926e-05,4.279823857105699,4.279823858733592,1.627893375655276e-09,3.872150616019659e-17,3.872150616019659e-17,0.0,True,0.004971100002876483,0.015625,,
199,arpack_matvec,central_difference,1.0,0.0019916115427092624,0.25911258826418704,50109470.2578917,328.8934791358431,328.89732171777337,328.8936197769983,328.8974623589286,2,sparse_direct,not_applicable,2.323290369611795e-16,2.323290369611795e-16,0.0017269999952986836,0.0016462000057799742,0.0,0.0,4.3810214430237776e-05,4.3810214400394495e-05,4.279823836483842,4.279823839399235,2.9153932601388988e-09,7.744301232039318e-17,0.0,7.744301232039318e-17,True,0.0036078999983146787,0.0,,
200,arpack_matvec,central_difference,1.0,0.0019916115427092624,0.2888367998142416,84244124.31069091,328.89408805218403,328.8974623589286,328.8934791358431,328.89685344258754,2,sparse_direct,not_applicable,1.2584489502063891e-16,1.1616451848058975e-16,0.0016524999955436215,0.0015872999938437715,0.0,0.0,4.381021421992339e-05,4.381021419359468e-05,4.2798238570294735,4.279823859601527,2.5720536811491e-09,7.744301232039318e-17,3.872150616019659e-17,3.872150616019659e-17,True,0.0034760999988066033,0.0,,
201,arpack_matvec,central_difference,1.0,0.0019916115427092624,0.26747202587394064,44349617.093908,328.8934791358431,328.89716860365405,328.89377289111764,328.8974623589286,2,sparse_direct,not_applicable,1.5488602464078636e-16,1.9360753080098294e-16,0.00264690000039991,0.002082099992549047,0.0,0.0,4.3810214484752966e-05,4.3810214419444916e-05,4.2798238311582475,4.279823837538197,6.379949901713644e-09,3.872150616019659e-17,1.1616451848058975e-16,1.5488602464078636e-16,True,0.004997700001695193,0.0,,
202,arpack_matvec,central_difference,1.0,0.0019916115427092624,0.21704841034224015,78113943.68350126,328.8935820417045,328.8974623589286,328.8934791358431,328.89735945306717,2,sparse_direct,not_applicable,1.452056481007372e-16,1.5488602464078636e-16,0.0027150000096298754,0.0019436000002315268,0.015625,0.0,4.381021428910746e-05,4.3810214182842234e-05,4.279823850270875,4.279823860651935,1.0381059567521334e-08,3.872150616019659e-17,3.872150616019659e-17,7.744301232039318e-17,True,0.004985699997632764,0.015625,,
203,arpack_matvec,central_difference,1.0,0.0019916115427092624,0.20407532731621014,48605408.72848688,328.8935695102638,328.8974623589286,328.8934791358431,328.8973719845079,2,sparse_direct,not_applicable,1.5488602464078636e-16,1.2100470675061434e-16,0.0016522999940207228,0.0016344000032404438,0.0,0.0,4.3810214660102365e-05,4.38102143668181e-05,4.279823814028349,4.279823842679315,2.8650966044097004e-08,1.1616451848058975e-16,7.744301232039318e-17,1.9360753080098294e-16,True,0.0035229000059189275,0.0,,
204,arpack_matvec,central_difference,1.0,0.0019916115427092624,0.23235439192718016,84307054.60452819,328.8935256628362,328.8974623589286,328.8934791358431,328.89741583193546,2,sparse_direct,not_applicable,1.9360753080098294e-16,1.1616451848058975e-16,0.001617899994016625,0.002034799996181391,0.0,0.0,4.381021433890649e-05,4.381021412261779e-05,4.279823845406003,4.279823866535266,2.112926278385885e-08,1.5488602464078636e-16,7.744301232039318e-17,7.744301232039318e-17,True,0.003900800002156757,0.0,,
205,arpack_matvec,central_difference,1.0,0.0019916115427092624,0.21878065433946067,52787957.771945134,328.8934791358431,328.89745722143596,328.89348427333573,328.8974623589286,2,sparse_direct,not_applicable,1.9360753080098294e-16,1.2826498915565119e-16,0.0019709999905899167,0.0017828999989433214,0.0,0.0,4.381021471196039e-05,4.381021440283796e-05,4.279823808962334,4.2798238391605326,3.019819860838879e-08,7.744301232039318e-17,7.744301232039318e-17,0.0,True,0.0040459000010741875,0.0,,
206,arpack_matvec,central_difference,1.0,0.0019916115427092624,0.24505090552568368,80335674.61993183,328.89347913584305,328.8972460244886,328.8936954702832,328.8974623589285,2,sparse_direct,not_applicable,1.5488602464078636e-16,1.5488602464078636e-16,0.0028143999952590093,0.0019343000021763146,0.015625,0.0,4.381021438470979e-05,4.3810214119566914e-05,4.279823840931475,4.279823866833307,2.590183179052019e-08,7.744301232039318e-17,7.744301232039318e-17,1.5488602464078636e-16,True,0.005065299992565997,0.015625,,
207,arpack_matvec,central_difference,1.0,0.0019916115427092624,0.2219746373141003,46835370.20392249,328.89402783484223,328.8974623589286,328.8934791358431,328.89691365992945,2,sparse_direct,not_applicable,1.3068508329066348e-16,1.9360753080098294e-16,0.0016821000026538968,0.001636600005440414,0.0,0.0,4.381021485105672e-05,4.381021434253545e-05,4.279823795374001,4.2798238450514905,4.967748967743546e-08,3.872150616019659e-17,7.744301232039318e-17,3.872150616019659e-17,True,0.0035506999993231148,0.0,,
208,arpack_matvec,central_difference,1.0,0.0019916115427092624,0.24440112666876967,74574588.25748268,328.8934791358431,328.89701058773505,328.89393090703663,328.8974623589286,2,sparse_direct,not_applicable,1.5488602464078636e-16,1.5488602464078636e-16,0.0016293999942718074,0.001987600000575185,0.0,0.0,4.3810214420782855e-05,4.381021413110251e-05,4.279823837407494,4.279823865706393,2.8298899223955232e-08,0.0,7.744301232039318e-17,7.744301232039318e-17,True,0.003950600003008731,0.0,,
209,arpack_matvec,central_difference,1.0,0.0019916115427092624,0.2685158823834402,52203172.46701731,328.8938263443833,328.8974623589286,328.8934791358431,328.8971151503883,2,sparse_direct,not_applicable,1.5488602464078636e-16,1.5488602464078636e-16,0.0016036000015446916,0.001604099990800023,0.0,0.015625,4.381021455906478e-05,4.381021432109618e-05,4.27982382389872,4.279823847145894,2.32471739636253e-08,3.872150616019659e-17,3.872150616019659e-17,7.744301232039318e-17,True,0.003444000001763925,0.015625,,
210,arpack_matvec,central_difference,1.0,0.0019916115427092624,0.22557537707805916,66049878.30666322,328.8934791358431,328.89736030659304,328.89358118817864,328.8974623589286,2,sparse_direct,not_applicable,2.323290369611795e-16,1.5488602464078636e-16,0.0015984000056050718,0.0025485999940428883,0.0,0.0,4.381021435112455e-05,4.3810214186018506e-05,4.2798238442124195,4.2798238603416445,1.6129225066663366e-08,0.0,0.0,0.0,True,0.0046125999942887574,0.0,,
211,arpack_matvec,central_difference,1.0,0.0019916115427092624,0.2254934135229084,50029156.89375151,328.8934791358431,328.897399337004,328.8935421577677,328.8974623589286,2,sparse_direct,not_applicable,2.323290369611795e-16,1.9360753080098294e-16,0.0021056999976281077,0.0016486999957123771,0.0,0.0,4.381021459500422e-05,4.3810214481328195e-05,4.279823820387793,4.2798238314928145,1.1105021791024683e-08,3.872150616019659e-17,0.0,3.872150616019659e-17,True,0.004270299992640503,0.0,,
212,arpack_matvec,central_difference,1.0,0.0019916115427092624,0.2139731261880692,63656722.89524032,328.8934791358431,328.8970448386096,328.8938966561621,328.8974623589286,2,sparse_direct,not_applicable,1.9360753080098294e-16,1.5488602464078636e-16,0.0019844000053126365,0.0016561000084038824,0.0,0.0,4.3810214285966124e-05,4.38102142683007e-05,4.279823850577753,4.2798238523034895,1.7257368867262812e-09,0.0,0.0,0.0,True,0.0038742000033380464,0.0,,
213,arpack_matvec,central_difference,1.0,0.0019916115427092624,0.3560714964909177,64951318.578401126,328.8934791358431,328.89647744051837,328.8944640542533,328.8974623589286,2,sparse_direct,not_applicable,1.1616451848058975e-16,1.9360753080098294e-16,0.0016169000009540468,0.0016456999874208122,0.0,0.015625,4.38102142931291e-05,4.381021434783743e-05,4.279823849878,4.2798238445335395,5.344460873857315e-09,1.9360753080098294e-16,3.872150616019659e-17,2.323290369611795e-16,True,0.00349290001031477,0.015625,,
214,arpack_matvec,central_difference,1.0,0.0019916115427092624,0.23757922082024727,69274410.33800747,328.8934791358431,328.8972287475465,328.8937127472252,328.8974623589286,2,sparse_direct,not_applicable,1.9360753080098294e-16,2.323290369611795e-16,0.0016143000102601945,0.002510599995730445,0.0,0.0,4.38102141689711e-05,4.3810214287940815e-05,4.2798238620070075,4.279823850384845,1.1622162787716661e-08,0.0,1.1616451848058975e-16,1.1616451848058975e-16,True,0.004384200001368299,0.0,,
215,arpack_matvec,central_difference,1.0,0.0019916115427092624,0.22982193553603222,53173042.378749445,328.8934791358431,328.8972160971112,328.8937253976606,328.8974623589286,2,sparse_direct,not_applicable,1.5488602464078636e-16,1.2342480088562662e-16,0.0016441000043414533,0.0015977000002749264,0.0,0.0,4.3810214360244916e-05,4.38102146454391e-05,4.27982384332145,4.279823815460805,2.78606453463226e-08,3.872150616019659e-17,1.1616451848058975e-16,1.5488602464078636e-16,True,0.0034813999955076724,0.0,,
216,arpack_matvec,central_difference,1.0,0.0019916115427092624,0.2573178213648469,72176785.39312282,328.8934791358431,328.8972865572543,328.8936549375174,328.8974623589286,2,sparse_direct,not_applicable,1.9360753080098294e-16,1.5488602464078636e-16,0.0024010000051930547,0.0018605000077513978,0.0,0.0,4.3810214094295334e-05,4.3810214338007957e-05,4.279823869302089,4.279823845493781,2.3808308213801865e-08,3.872150616019659e-17,7.744301232039318e-17,1.1616451848058975e-16,True,0.0045163000031607226,0.0,,
217,arpack_matvec,central_difference,1.0,0.0019916115427092624,0.22263555238837518,42718193.5747968,328.89347913584305,328.89724920368656,328.89369229108513,328.8974623589285,2,sparse_direct,not_applicable,1.5488602464078636e-16,2.710505431213761e-16,0.001724099987768568,0.0016629999881843105,0.0,0.015625,4.381021419415897e-05,4.381021477149602e-05,4.279823859546402,4.279823803146293,5.640010947161045e-08,3.872150616019659e-17,1.9360753080098294e-16,1.5488602464078636e-16,True,0.003633800006355159,0.015625,,
218,arpack_matvec,central_difference,1.0,0.0019916115427092624,0.2515886618026115,82280559.35391061,328.8934791358431,328.8971695768971,328.8937719178746,328.8974623589286,2,sparse_direct,not_applicable,2.323290369611795e-16,1.5488602464078636e-16,0.0016235999937634915,0.0027314000035403296,0.0,0.0,4.381021400178289e-05,4.381021442667728e-05,4.279823878339639,4.279823836831667,4.1507972170506946e-08,1.1616451848058975e-16,3.872150616019659e-17,1.5488602464078636e-16,True,0.004594900005031377,0.0,,
219,arpack_matvec,central_difference,1.0,0.0019916115427092624,0.3468750095644563,55772980.135442704,328.8934791358431,328.89646436642204,328.89447712834965,328.8974623589286,2,sparse_direct,not_applicable,2.323290369611795e-16,1.9360753080098294e-16,0.0017308000096818432,0.0016451999981654808,0.0,0.0,4.381021406157812e-05,4.381021456194879e-05,4.279823872498238,4.279823823616981,4.888125637592111e-08,3.872150616019659e-17,1.1616451848058975e-16,1.5488602464078636e-16,True,0.0036373999901115894,0.0,,
220,arpack_matvec,central_difference,1.0,0.0019916115427092624,0.25844939518459764,93317893.75122598,328.8935434222386,328.8974623589286,328.8934791358431,328.89739807253306,2,sparse_direct,not_applicable,1.5488602464078636e-16,1.5488602464078636e-16,0.002035299999988638,0.0016886999947018921,0.0,0.0,4.381021391008008e-05,4.381021449651558e-05,4.279823887298095,4.279823830009157,5.7288938037913795e-08,7.744301232039318e-17,7.744301232039318e-17,1.5488602464078636e-16,True,0.004087299996172078,0.0,,
221,arpack_matvec,central_difference,1.0,0.0019916115427092624,0.21426911778036906,54119234.714764416,328.8934791358431,328.8974523311424,328.8934891636293,328.8974623589286,2,sparse_direct,not_applicable,1.9360753080098294e-16,1.3552527156068805e-16,0.0016948999982560053,0.001641899987589568,0.015625,0.0,4.3810213834544095e-05,4.3810215088069164e-05,4.279823894677213,4.279823772220235,1.2245697789126098e-07,7.744301232039318e-17,0.0,7.744301232039318e-17,True,0.003576300005079247,0.015625,,
222,arpack_matvec,central_difference,1.0,0.0019916115427092624,0.2808493959960733,89263144.14728358,328.89377665141575,328.8974623589286,328.8934791358431,328.89716484335594,2,sparse_direct,not_applicable,1.5488602464078636e-16,2.323290369611795e-16,0.0016278999974019825,0.002805900003295392,0.0,0.0,4.381021383927894e-05,4.3810214579451385e-05,4.2798238942146645,4.279823821907151,7.230751375431055e-08,0.0,3.872150616019659e-17,3.872150616019659e-17,True,0.004692399990744889,0.0,,
223,arpack_matvec,central_difference,1.0,0.0019916115427092624,0.245824749708826,53384474.61556826,328.8942027429374,328.8974623589286,328.8934791358431,328.89673875183416,2,sparse_direct,not_applicable,1.2584489502063891e-16,1.1616451848058975e-16,0.0017407999985152856,0.002181799995014444,0.0,0.0,4.381021353986594e-05,4.381021505971441e-05,4.279823923464349,4.279823774990213,1.4847413609686555e-07,3.872150616019659e-17,0.0,3.872150616019659e-17,True,0.004242900002282113,0.0,,
224,arpack_matvec,central_difference,1.0,0.0019916115427092624,0.24379625856739637,77151853.31737857,328.89378409092683,328.89746235892864,328.89347913584317,328.897157403845,2,sparse_direct,not_applicable,1.3068508329066348e-16,1.5488602464078636e-16,0.0021160000032978132,0.001653899991651997,0.0,0.015625,4.3810213641982525e-05,4.381021472892386e-05,4.2798239134885705,4.2798238073051715,1.0618339896240059e-07,0.0,1.1616451848058975e-16,1.1616451848058975e-16,True,0.004040299987536855,0.015625,,
225,arpack_matvec,central_difference,1.0,0.0019916115427092624,0.27569999962689845,43566539.12578641,328.8934791358431,328.89688733228616,328.89405416248553,328.8974623589286,2,sparse_direct,not_applicable,1.9360753080098294e-16,1.2584489502063891e-16,0.0016431000112788752,0.0016346000047633424,0.0,0.0,4.3810213750342115e-05,4.381021513409993e-05,4.279823902902912,4.279823767723485,1.351794267634432e-07,0.0,3.872150616019659e-17,3.872150616019659e-17,True,0.0035229000059189275,0.0,,
226,arpack_matvec,central_difference,1.0,0.0019916115427092624,0.3058882668977443,92799795.87976299,328.8937582049612,328.8974623589286,328.8934791358431,328.89718328981047,2,sparse_direct,not_applicable,1.1616451848058975e-16,1.5488602464078636e-16,0.0016119000065373257,0.002475299988873303,0.0,0.0,4.381021381092662e-05,4.3810214661311495e-05,4.279823896984405,4.279823813910229,8.307417598274469e-08,0.0,3.872150616019659e-17,3.872150616019659e-17,True,0.004318000006605871,0.0,,
227,arpack_matvec,central_difference,1.0,0.0019916115427092624,0.25493725993661465,43362916.77816183,328.89347913584305,328.8970309529103,328.8939105418614,328.8974623589285,2,sparse_direct,not_applicable,1.5488602464078636e-16,1.1616451848058975e-16,0.0017629000067245215,0.002090300011332147,0.0,0.0,4.381021385031497e-05,4.38102151761446e-05,4.279823893136554,4.279823763616138,1.2952041661407065e-07,7.744301232039318e-17,3.872150616019659e-17,3.872150616019659e-17,True,0.004122900005313568,0.0,,
228,arpack_matvec,central_difference,1.0,0.0019916115427092624,0.21098866877222103,70466358.57960065,328.89378127771005,328.8974623589286,328.8934791358431,328.89716021706164,2,sparse_direct,not_applicable,1.3068508329066348e-16,1.1616451848058975e-16,0.0017167000041808933,0.0016089999990072101,0.0,0.015625,4.3810213950277724e-05,4.381021463748197e-05,4.279823883371184,4.279823816238138,6.713304578909174e-08,3.872150616019659e-17,0.0,3.872150616019659e-17,True,0.0035749999951804057,0.015625,,
229,arpack_matvec,central_difference,1.0,0.0019916115427092624,0.22990242313519288,53006837.39192036,328.89357483801194,328.89746235892864,328.89347913584317,328.89736665675986,2,sparse_direct,not_applicable,1.5488602464078636e-16,1.5488602464078636e-16,0.0016032999992603436,0.0015906000044196844,0.0,0.0,4.381021433433669e-05,4.381021476803278e-05,4.279823845852428,4.279823803484617,4.236781059319128e-08,7.744301232039318e-17,0.0,7.744301232039318e-17,True,0.003414499995415099,0.0,,
230,arpack_matvec,central_difference,1.0,0.0019916115427092624,0.23230124022223095,76171583.21921499,328.89358548532226,328.8974623589286,328.8934791358431,328.8973560094494,2,sparse_direct,not_applicable,1.5488602464078636e-16,2.323290369611795e-16,0.0015988000086508691,0.0015915000112727284,0.0,0.0,4.381021431500238e-05,4.381021419741204e-05,4.2798238477411985,4.2798238592286095,1.1487411022415017e-08,7.744301232039318e-17,7.744301232039318e-17,1.5488602464078636e-16,True,0.003425200004130602,0.0,,
231,arpack_matvec,central_difference,1.0,0.0019916115427092624,0.20080013832239335,49040963.38792731,328.8934791358431,328.897412457704,328.8935290370677,328.8974623589286,2,sparse_direct,not_applicable,1.9360753080098294e-16,1.1616451848058975e-16,0.0025136000040220097,0.0022603999968850985,0.0,0.0,4.3810214964207136e-05,4.381021424134989e-05,4.279823784320327,4.279823854936317,7.061598950031112e-08,0.0,7.744301232039318e-17,7.744301232039318e-17,True,0.005264999999781139,0.0,,
232,arpack_matvec,central_difference,1.0,0.0019916115427092624,0.22883331387811656,78443749.84570344,328.89352551856405,328.8974623589286,328.8934791358431,328.89741597620764,2,sparse_direct,not_applicable,1.9360753080098294e-16,1.5488602464078636e-16,0.0017862000095192343,0.0016924999945331365,0.0,0.0,4.381021473482172e-05,4.381021380623367e-05,4.279823806729008,4.27982389744286,9.071385154157952e-08,3.872150616019659e-17,7.744301232039318e-17,3.872150616019659e-17,True,0.00373139999283012,0.0,,
233,arpack_matvec,central_difference,1.0,0.0019916115427092624,0.2848554302514224,51294384.881081596,328.8940989763224,328.8974623589286,328.8934791358431,328.89684251844926,2,sparse_direct,not_applicable,1.5488602464078636e-16,2.323290369611795e-16,0.0016446000081487,0.0016247000021394342,0.015625,0.0,4.3810215049802526e-05,4.381021369014796e-05,4.279823775958506,4.279823908783285,1.3282477873133303e-07,3.872150616019659e-17,7.744301232039318e-17,1.1616451848058975e-16,True,0.0035004999954253435,0.015625,,
234,arpack_matvec,central_difference,1.0,0.0019916115427092624,0.28660272493489386,84878640.27390017,328.8938910048188,328.8974623589286,328.8934791358431,328.8970504899529,2,sparse_direct,not_applicable,1.5488602464078636e-16,1.9360753080098294e-16,0.001632999992580153,0.0016240999975707382,0.0,0.0,4.381021500747777e-05,4.381021344096008e-05,4.279823780093214,4.2798239331264725,1.5303325806570456e-07,0.0,7.744301232039318e-17,7.744301232039318e-17,True,0.0034820000000763685,0.0,,
235,arpack_matvec,central_difference,1.0,0.0019916115427092624,0.22551397179164376,52922056.81420937,328.8936518298157,328.8974623589286,328.8934791358431,328.89728966495596,2,sparse_direct,not_applicable,1.5488602464078636e-16,1.2100470675061434e-16,0.0031281999981729314,0.0017730999970808625,0.0,0.0,4.381021587289058e-05,4.381021296908161e-05,4.279823695550963,4.279823979224326,2.836733630218191e-07,3.872150616019659e-17,3.872150616019659e-17,0.0,True,0.005170599994016811,0.0,,
236,arpack_matvec,central_difference,1.0,0.0019916115427092624,0.24257256797203441,83799239.76921524,328.8934791358431,328.8973090420325,328.8936324527392,328.8974623589286,2,sparse_direct,not_applicable,2.710505431213761e-16,1.1616451848058975e-16,0.0016867000085767359,0.0016465000080643222,0.0,0.015625,4.381021557796293e-05,4.381021287112879e-05,4.27982372436247,4.279823988793346,2.6443087630667605e-07,7.744301232039318e-17,7.744301232039318e-17,1.5488602464078636e-16,True,0.0036327999987406656,0.015625,,
237,arpack_matvec,central_difference,1.0,0.0019916115427092624,0.2228905094028715,49987495.88569328,328.89394171595603,328.8974623589286,328.8934791358431,328.89699977881565,2,sparse_direct,not_applicable,1.5488602464078636e-16,1.9360753080098294e-16,0.0016352999955415726,0.001602799995453097,0.0,0.0,4.3810216408074995e-05,4.3810212399204e-05,4.279823643268752,4.279824034895725,3.9162697262895563e-07,7.744301232039318e-17,3.872150616019659e-17,3.872150616019659e-17,True,0.0034638000070117414,0.0,,
238,arpack_matvec,central_difference,1.0,0.0019916115427092624,0.2618410005774724,84239666.97697884,328.89347913584305,328.8971820706713,328.8937594241004,328.8974623589285,2,sparse_direct,not_applicable,1.9360753080098294e-16,1.1616451848058975e-16,0.0016172000032383949,0.0018959000008180737,0.0,0.0,4.381021544841965e-05,4.3810212987190665e-05,4.279823737017564,4.2798239774552504,2.4043768664938625e-07,7.744301232039318e-17,7.744301232039318e-17,1.5488602464078636e-16,True,0.004005700000561774,0.0,,
239,arpack_matvec,central_difference,1.0,0.0019916115427092624,0.2236328629146939,54683157.16798862,328.8938056051593,328.8974623589286,328.8934791358431,328.8971358896124,2,sparse_direct,not_applicable,1.9360753080098294e-16,1.5488602464078636e-16,0.0034633000032044947,0.0017697000002954155,0.0,0.0,4.3810216505943906e-05,4.381021233857735e-05,4.279823633707931,4.279824040818349,4.0711041826568817e-07,7.744301232039318e-17,1.1616451848058975e-16,3.872150616019659e-17,True,0.005492800002684817,0.0,,
240,arpack_matvec,central_difference,1.0,0.0019916115427092624,0.2263613661665182,71593962.61852981,328.89361793901844,328.8974623589286,328.8934791358431,328.89732355575313,2,sparse_direct,not_applicable,1.1616451848058975e-16,1.1616451848058975e-16,0.0016470000118715689,0.0016250000044237822,0.0,0.015625,4.381021652080699e-05,4.381021196823906e-05,4.279823632255955,4.279824076996734,4.4474077931511147e-07,7.744301232039318e-17,3.872150616019659e-17,1.1616451848058975e-16,True,0.0035056000051554292,0.015625,,
241,arpack_matvec,central_difference,1.0,0.0019916115427092624,0.23049559499402664,52960521.64872141,328.89398700959146,328.8974623589285,328.89347913584305,328.89695448518023,2,sparse_direct,not_applicable,1.5246593050577406e-16,1.5488602464078636e-16,0.0016164000116987154,0.0018638000037753955,0.0,0.0,4.381021723860329e-05,4.3810211575148076e-05,4.279823562134377,4.279824115397832,5.532634554938909e-07,1.1616451848058975e-16,3.872150616019659e-17,7.744301232039318e-17,True,0.0038567000010516495,0.0,,
242,arpack_matvec,central_difference,1.0,0.0019916115427092624,0.2434389154833018,66259764.676632926,328.8937773976648,328.8974623589286,328.8934791358431,328.8971640971069,2,sparse_direct,not_applicable,1.5488602464078636e-16,1.5488602464078636e-16,0.001841500008595176,0.0016035000007832423,0.0,0.0,4.38102164615837e-05,4.381021202669877e-05,4.279823638041483,4.279824071285799,4.3324431597824287e-07,1.1616451848058975e-16,0.0,1.1616451848058975e-16,True,0.0036903000000165775,0.0,,
243,arpack_matvec,central_difference,1.0,0.0019916115427092624,0.2016520068730446,54220501.075801365,328.8934791358431,328.8974326605021,328.8935088342696,328.8974623589286,2,sparse_direct,not_applicable,1.5488602464078636e-16,1.5488602464078636e-16,0.004176100002950989,0.0017187000048579648,0.0,0.0,4.381021861450542e-05,4.381021023543518e-05,4.279823427722394,4.279824246274528,8.185521345183133e-07,1.5488602464078636e-16,0.0,1.5488602464078636e-16,True,0.00614339999447111,0.0,,
244,arpack_matvec,central_difference,1.0,0.0019916115427092624,0.24616927947884606,71342547.17020442,328.89374739313104,328.8974623589286,328.8934791358431,328.89719410164065,2,sparse_direct,not_applicable,1.1616451848058975e-16,1.5488602464078636e-16,0.0016586999990977347,0.001627400008146651,0.015625,0.0,4.38102171260083e-05,4.381021133341495e-05,4.27982357313379,4.279824139012767,5.658789774543038e-07,1.1616451848058975e-16,0.0,1.1616451848058975e-16,True,0.00352920001023449,0.015625,,
245,arpack_matvec,central_difference,1.0,0.0019916115427092624,0.20075231680920191,55178016.34308368,328.89367380676134,328.8974623589286,328.8934791358431,328.89726768801034,2,sparse_direct,not_applicable,1.9360753080098294e-16,1.9360753080098294e-16,0.0015933999966364354,0.0015757999935885891,0.0,0.0,4.381021855242843e-05,4.381021049505009e-05,4.279823433786699,4.27982422091272,7.871260203629049e-07,1.1616451848058975e-16,0.0,1.1616451848058975e-16,True,0.0033888000034494326,0.0,,
246,arpack_matvec,central_difference,1.0,0.0019916115427092624,0.21171631027274182,64509579.327362806,328.8934791358431,328.8973366745661,328.8936048202056,328.8974623589286,2,sparse_direct,not_applicable,2.323290369611795e-16,1.5488602464078636e-16,0.0015847999893594533,0.0021100000012665987,0.0,0.0,4.3810217274572346e-05,4.381021126314762e-05,4.279823558620556,4.27982414587719,5.872566335440865e-07,0.0,7.744301232039318e-17,7.744301232039318e-17,True,0.0039259000041056424,0.0,,
247,arpack_matvec,central_difference,1.0,0.0019916115427092624,0.2596253606415965,50378964.57323436,328.8934791358431,328.89707464082073,328.89386685395095,328.8974623589286,2,sparse_direct,not_applicable,1.9360753080098294e-16,7.744301232039318e-17,0.0025910999975167215,0.0016788999928394333,0.0,0.015625,4.381021748200797e-05,4.381021138149907e-05,4.279823538356155,4.279824134315424,5.95959269489299e-07,3.872150616019659e-17,3.872150616019659e-17,7.744301232039318e-17,True,0.00471889998880215,0.015625,,
248,arpack_matvec,central_difference,1.0,0.0019916115427092624,0.22582354796913667,71968502.82588889,328.8939121846617,328.8974623589286,328.8934791358431,328.89702931011,2,sparse_direct,not_applicable,1.5488602464078636e-16,1.5488602464078636e-16,0.001655100000789389,0.0016016000008676201,0.0,0.0,4.381021671746339e-05,4.3810211837749676e-05,4.2798236130445755,4.279824089744255,4.766996797300749e-07,7.744301232039318e-17,1.1616451848058975e-16,3.872150616019659e-17,True,0.003490799994324334,0.0,,
249,arpack_matvec,central_difference,1.0,0.0019916115427092624,0.22093926946214174,53970613.25382149,328.89402813330827,328.8974623589286,328.8934791358431,328.8969133614634,2,sparse_direct,not_applicable,1.9360753080098294e-16,2.323290369611795e-16,0.001588999992236495,0.0015799999964656308,0.0,0.0,4.381021797983837e-05,4.38102111415993e-05,4.279823489723064,4.279824157751258,6.680281936510823e-07,7.744301232039318e-17,0.0,7.744301232039318e-17,True,0.0033888000034494326,0.0,,
250,arpack_matvec,central_difference,1.0,0.0019916115427092624,0.2277420825078746,70802564.37108809,328.89383361493407,328.8974623589286,328.8934791358431,328.8971078798376,2,sparse_direct,not_applicable,2.323290369611795e-16,1.9360753080098294e-16,0.001595699999597855,0.0027313000027788803,0.0,0.0,4.381021667286608e-05,4.381021193270899e-05,4.27982361740129,4.27982408046767,4.6306638079585127e-07,7.744301232039318e-17,3.872150616019659e-17,1.1616451848058975e-16,True,0.004562100002658553,0.0,,
251,arpack_matvec,central_difference,1.0,0.0019916115427092624,0.3058204524032768,61786156.364162,328.8934791358431,328.89657583925384,328.89436565551784,328.8974623589286,2,sparse_direct,not_applicable,1.452056481007372e-16,1.5488602464078636e-16,0.0029052000027149916,0.001701200002571568,0.0,0.015625,4.381021590085054e-05,4.381021289666271e-05,4.279823692819552,4.2798239862989345,2.9347938212964664e-07,7.744301232039318e-17,3.872150616019659e-17,3.872150616019659e-17,True,0.00485820000176318,0.015625,,
252,arpack_matvec,central_difference,1.0,0.0019916115427092624,0.30617395267099184,100544726.74077179,328.8937163073061,328.8974623589286,328.8934791358431,328.8972251874656,2,sparse_direct,not_applicable,2.323290369611795e-16,1.5488602464078636e-16,0.001642199989873916,0.001636000000871718,0.0,0.0,4.38102146243057e-05,4.381021381584976e-05,4.279823817525329,4.279823896503464,7.897813514290419e-08,3.872150616019659e-17,7.744301232039318e-17,1.1616451848058975e-16,True,0.00350770000659395,0.0,,
253,arpack_matvec,central_difference,1.0,0.0019916115427092624,0.2301430592316844,54371005.87258555,328.89386700142813,328.8974623589286,328.8934791358431,328.89707449334355,2,sparse_direct,not_applicable,9.680376540049147e-17,1.5488602464078636e-16,0.0016193999908864498,0.0015740999951958656,0.0,0.0,4.381021383747351e-05,4.381021503584826e-05,4.279823894391038,4.279823777321699,1.1706933911170836e-07,3.872150616019659e-17,7.744301232039318e-17,3.872150616019659e-17,True,0.0034143999946536496,0.0,,
254,arpack_matvec,central_difference,1.0,0.0019916115427092624,0.2175584829983613,75332245.20093806,328.89355516793097,328.8974623589286,328.8934791358431,328.8973863268407,2,sparse_direct,not_applicable,1.1616451848058975e-16,1.2584489502063891e-16,0.0015905999898677692,0.0019905999943148345,0.0,0.0,4.381021311453532e-05,4.3810215338788436e-05,4.279823965014939,4.279823747727447,2.172874919992296e-07,7.744301232039318e-17,3.872150616019659e-17,3.872150616019659e-17,True,0.003918799993698485,0.0,,
255,arpack_matvec,central_difference,1.0,0.0019916115427092624,0.20115291498122886,42303298.607677005,328.89350324637485,328.8974623589286,328.8934791358431,328.89743824839684,2,sparse_direct,not_applicable,1.9360753080098294e-16,1.5488602464078636e-16,0.0035905000113416463,0.0018533999973442405,0.0,0.0,4.381021141540539e-05,4.381021758509922e-05,4.279824131003113,4.279823528285163,6.027179502154922e-07,1.1616451848058975e-16,3.872150616019659e-17,7.744301232039318e-17,True,0.005735300001106225,0.0,,
256,arpack_matvec,central_difference,1.0,0.0019916115427092624,0.2874189867952765,85670953.01926263,328.89402043013536,328.8974623589286,328.8934791358431,328.89692106463633,2,sparse_direct,not_applicable,1.5488602464078636e-16,1.5488602464078636e-16,0.0017053000046871603,0.00163790000078734,0.0,0.0,4.3810212490905435e-05,4.3810215950986066e-05,4.279824025937403,4.279823687921808,3.380155950694075e-07,3.872150616019659e-17,7.744301232039318e-17,1.1616451848058975e-16,True,0.003578700008802116,0.0,,
257,arpack_matvec,central_difference,1.0,0.0019916115427092624,0.2051356767486187,47138089.46185595,328.89382092474955,328.8974623589286,328.8934791358431,328.897120570022,2,sparse_direct,not_applicable,1.1616451848058975e-16,3.097720492815727e-16,0.0018419999978505075,0.002144900005077943,0.0,0.0,4.3810208747413305e-05,4.3810220035769914e-05,4.279824391639553,4.2798232888789665,1.1027605868463297e-06,3.872150616019659e-17,3.872150616019659e-17,7.744301232039318e-17,True,0.00434030000178609,0.0,,
258,arpack_matvec,central_difference,1.0,0.0019916115427092624,0.20980794939813266,68964093.01489931,328.8934791358431,328.89712580848715,328.89381568628465,328.8974623589286,2,sparse_direct,not_applicable,1.1616451848058975e-16,3.097720492815727e-16,0.001673200007644482,0.0016222999984165654,0.0,0.0,4.381020950734328e-05,4.381021882664472e-05,4.279824317401907,4.27982340699849,9.104034166540487e-07,3.872150616019659e-17,3.872150616019659e-17,0.0,True,0.0035337000008439645,0.0,,
259,arpack_matvec,central_difference,1.0,0.0019916115427092624,0.27232443727983346,46848701.20901878,328.8934791358431,328.89678322020194,328.89415827456975,328.8974623589286,2,sparse_direct,not_applicable,1.2584489502063891e-16,1.9360753080098294e-16,0.001610199993592687,0.003150299991830252,0.015625,0.0,4.381020872506382e-05,4.381021999228419e-05,4.279824393822878,4.27982329312709,1.100695787847883e-06,3.872150616019659e-17,0.0,3.872150616019659e-17,True,0.004997600000933744,0.015625,,
260,arpack_matvec,central_difference,1.0,0.0019916115427092624,0.28918416295899946,85992787.39421369,328.89381689296715,328.8974623589286,328.8934791358431,328.89712460180453,2,sparse_direct,not_applicable,2.710505431213761e-16,2.323290369611795e-16,0.0018684999959077686,0.0016925000090850517,0.0,0.0,4.381021049541405e-05,4.381021791267014e-05,4.279824220877164,4.279823496284734,7.245924305010476e-07,0.0,1.5488602464078636e-16,1.5488602464078636e-16,True,0.003814100011368282,0.0,,
261,arpack_matvec,central_difference,1.0,0.0019916115427092624,0.23669643044715172,44366647.48312303,328.89347913584305,328.8968536344079,328.8940878603639,328.8974623589285,2,sparse_direct,not_applicable,1.1616451848058975e-16,3.4849355544176928e-16,0.002175900008296594,0.0019657000084407628,0.0,0.0,4.381020617933376e-05,4.381022273103605e-05,4.279824642515558,4.279823025578256,1.616937301385235e-06,3.872150616019659e-17,0.0,3.872150616019659e-17,True,0.004410900000948459,0.0,,
262,arpack_matvec,central_difference,1.0,0.0019916115427092624,0.21776104119574238,76195552.54711494,328.8934791358431,328.897405031313,328.8935364634587,328.8974623589286,2,sparse_direct,not_applicable,1.5488602464078636e-16,1.9360753080098294e-16,0.0017432999884476885,0.0016629000019747764,0.0,0.015625,4.381020698175578e-05,4.381022139909661e-05,4.27982456412685,4.279823155695496,1.4084313537665594e-06,0.0,1.1616451848058975e-16,1.1616451848058975e-16,True,0.003647100005764514,0.015625,,
263,arpack_matvec,central_difference,1.0,0.0019916115427092624,0.19770915414198992,48848018.72126299,328.8934791358431,328.89738479520895,328.8935566995626,328.8974623589286,2,sparse_direct,not_applicable,1.1616451848058975e-16,1.9360753080098294e-16,0.0016543000092497095,0.0026799999905051664,0.0,0.0,4.381020310983946e-05,4.3810225869363945e-05,4.279824942374869,4.279822718994857,2.223380012544851e-06,0.0,3.872150616019659e-17,3.872150616019659e-17,True,0.004952000002958812,0.0,,
264,arpack_matvec,central_difference,1.0,0.0019916115427092624,0.22761746251716689,77103134.79839611,328.8934791358431,328.89727392405484,328.89366757071684,328.8974623589286,2,sparse_direct,not_applicable,1.5488602464078636e-16,1.9360753080098294e-16,0.0017118000105256215,0.0016450000111944973,0.0,0.0,4.3810207463098366e-05,4.381022095146592e-05,4.279824517104434,4.279823199424565,1.3176798683289803e-06,7.744301232039318e-17,7.744301232039318e-17,0.0,True,0.003598100011004135,0.0,,
265,arpack_matvec,central_difference,1.0,0.0019916115427092624,0.2630516758941354,48155051.92101902,328.8934791358431,328.896806835771,328.8941346590007,328.8974623589286,2,sparse_direct,not_applicable,1.1616451848058975e-16,1.5488602464078636e-16,0.002125799990608357,0.0016478000034112483,0.0,0.0,4.3810206100151474e-05,4.381022271238479e-05,4.279824650250886,4.279823027400298,1.6228505872462051e-06,1.5488602464078636e-16,7.744301232039318e-17,7.744301232039318e-17,True,0.004011299999547191,0.0,,
266,arpack_matvec,central_difference,1.0,0.0019916115427092624,0.28031926404270446,79923530.97976059,328.8934791358431,328.89680892167416,328.8941325730975,328.8974623589286,2,sparse_direct,not_applicable,1.1616451848058975e-16,1.5488602464078636e-16,0.0015977000002749264,0.00159420000272803,0.0,0.015625,4.3810208402479026e-05,4.3810220024233075e-05,4.279824425336224,4.279823290006002,1.1353302218353178e-06,3.872150616019659e-17,7.744301232039318e-17,3.872150616019659e-17,True,0.00341810000827536,0.015625,,
267,arpack_matvec,central_difference,1.0,0.0019916115427092624,0.22270161710075648,41704672.37779524,328.8937967927113,328.8974623589286,328.8934791358431,328.89714470206036,2,sparse_direct,not_applicable,1.5488602464078636e-16,1.9360753080098294e-16,0.001585899997735396,0.0029635999962920323,0.0,0.0,4.3810203556866806e-05,4.381022543148678e-05,4.279824898704706,4.279822761771094,2.13693361139633e-06,3.872150616019659e-17,3.872150616019659e-17,7.744301232039318e-17,True,0.004787700003362261,0.0,,
268,arpack_matvec,central_difference,1.0,0.0019916115427092624,0.2652021081264894,76129602.36140645,328.89385984005924,328.8974623589286,328.8934791358431,328.89708165471245,2,sparse_direct,not_applicable,1.5488602464078636e-16,1.1616451848058975e-16,0.0018659000052139163,0.0017136000096797943,0.0,0.0,4.381020657095552e-05,4.3810221836680856e-05,4.279824604257978,4.279823112947866,1.4913101127334016e-06,3.872150616019659e-17,0.0,3.872150616019659e-17,True,0.0038419000047724694,0.0,,
269,arpack_matvec,central_difference,1.0,0.0019916115427092624,0.2258810225782627,50677750.74853563,328.8934791358431,328.89726388994063,328.89367760483105,328.8974623589286,2,sparse_direct,not_applicable,1.4036545983071262e-16,1.5488602464078636e-16,0.0024974999978439882,0.0016758999990997836,0.0,0.0,4.381020015384037e-05,4.381022877287185e-05,4.279825231146859,4.279822435351072,2.795795786880717e-06,0.0,3.872150616019659e-17,3.872150616019659e-17,True,0.004418600001372397,0.0,,
270,arpack_matvec,central_difference,1.0,0.0019916115427092624,0.2709257388142859,76232574.35373291,328.8934791358431,328.8968752453215,328.8940662494502,328.8974623589286,2,sparse_direct,not_applicable,1.5488602464078636e-16,1.1616451848058975e-16,0.0016563999961363152,0.0016002999909687787,0.015625,0.0,4.3810204710601134e-05,4.381022374616941e-05,4.279824785996241,4.2798229264098255,1.859586415520198e-06,0.0,1.1616451848058975e-16,1.1616451848058975e-16,True,0.0034930999972857535,0.015625,,
271,arpack_matvec,central_difference,1.0,0.0019916115427092624,0.2649986700340617,51526465.48231942,328.89406686072385,328.8974623589286,328.8934791358431,328.89687463404783,2,sparse_direct,not_applicable,1.9360753080098294e-16,1.1616451848058975e-16,0.0015877999976510182,0.0030267999973148108,0.0,0.0,4.381019632578811e-05,4.38102325965158e-05,4.2798256051099095,4.279822061819224,3.5432906857479907e-06,0.0,3.872150616019659e-17,3.872150616019659e-17,True,0.004847699994570576,0.0,,
272,arpack_matvec,central_difference,1.0,0.0019916115427092624,0.27543777896099186,86027780.87554733,328.8934791358431,328.8968457036343,328.8940957911374,328.8974623589286,2,sparse_direct,not_applicable,2.323290369611795e-16,1.1616451848058975e-16,0.001706800001556985,0.002038399994489737,0.0,0.0,4.381019372572301e-05,4.3810234728475496e-05,4.27982585911073,4.27982185354807,4.005562660225337e-06,7.744301232039318e-17,3.872150616019659e-17,1.1616451848058975e-16,True,0.003999900000053458,0.0,,
273,arpack_matvec,central_difference,1.0,0.0019916115427092624,0.2059969349054637,56112343.60992398,328.8934791358431,328.8972911068163,328.8936503879554,328.8974623589286,2,sparse_direct,not_applicable,1.1616451848058975e-16,3.097720492815727e-16,0.0016484999941894785,0.001606199992238544,0.0,0.015625,4.381016579026302e-05,4.3810263440028346e-05,4.27982858813268,4.279819048718295,9.539414384640565e-06,7.744301232039318e-17,3.872150616019659e-17,3.872150616019659e-17,True,0.0034835999977076426,0.015625,,
274,arpack_matvec,central_difference,1.0,0.0019916115427092624,0.24824662733047448,83021675.5481045,328.8934791358431,328.8972164928176,328.89372500195407,328.8974623589286,2,sparse_direct,not_applicable,1.5488602464078636e-16,1.3552527156068805e-16,0.0016109999996842816,0.0016246000013779849,0.0,0.0,4.3810181463964185e-05,4.3810247107746804e-05,4.279827056964534,4.2798206442173905,6.412747143080821e-06,3.872150616019659e-17,3.872150616019659e-17,7.744301232039318e-17,True,0.0034564999950816855,0.0,,
275,arpack_matvec,central_difference,1.0,0.0019916115427092624,0.2288695545514133,49265633.75666668,328.8934791358431,328.89737569639095,328.89356579838073,328.8974623589286,2,sparse_direct,not_applicable,1.6940658945086007e-16,1.9360753080098294e-16,0.0015911999944364652,0.0029125000000931323,0.0,0.0,4.381017677750426e-05,4.38102524787676e-05,4.279827514785969,4.279820119522728,7.395263240894678e-06,1.1616451848058975e-16,0.0,1.1616451848058975e-16,True,0.004760899988468736,0.0,,
276,arpack_matvec,central_difference,1.0,0.0019916115427092624,0.24083930366042378,70598564.5987849,328.8934971532226,328.8974623589286,328.8934791358431,328.8974443415491,2,sparse_direct,not_applicable,1.452056481007372e-16,1.790869659909092e-16,0.0017685000057099387,0.0020480000093812123,0.0,0.0,4.3810193583521374e-05,4.381023497701552e-05,4.2798258730024346,4.279821829268195,4.043734239900232e-06,7.744301232039318e-17,0.0,7.744301232039318e-17,True,0.004092299990588799,0.0,,
277,arpack_matvec,central_difference,1.0,0.0019916115427092624,0.26221704125810213,62376799.089634515,328.8934791358431,328.89737607069054,328.89356542408115,328.8974623589286,2,sparse_direct,not_applicable,1.9360753080098294e-16,1.1616451848058975e-16,0.0018304999975953251,0.0017147000035038218,0.0,0.015625,4.381019438502386e-05,4.381023453373281e-05,4.27982579470351,4.279821872572483,3.922131027067621e-06,7.744301232039318e-17,1.1616451848058975e-16,3.872150616019659e-17,True,0.003797800003667362,0.015625,,
278,arpack_matvec,central_difference,1.0,0.0019916115427092624,0.2654739159186452,83038532.37647822,328.8937351329956,328.8974623589286,328.8934791358431,328.8972063617761,2,sparse_direct,not_applicable,1.5488602464078636e-16,2.710505431213761e-16,0.0016456000012112781,0.0016203999985009432,0.0,0.0,4.381020622646261e-05,4.381022225444336e-05,4.279824637911535,4.279823072136622,1.5657749123931808e-06,3.872150616019659e-17,7.744301232039318e-17,3.872150616019659e-17,True,0.0035022000083699822,0.0,,
279,arpack_matvec,central_difference,1.0,0.0019916115427092624,0.27952746604998246,67154526.1044921,328.8943101611943,328.8974623589286,328.8934791358431,328.8966313335774,2,sparse_direct,not_applicable,1.5488602464078636e-16,1.452056481007372e-16,0.00163569999858737,0.002925900000263937,0.0,0.0,4.381021113934346e-05,4.381021775100825e-05,4.279824157971632,4.279823512077496,6.458941355091952e-07,3.872150616019659e-17,0.0,3.872150616019659e-17,True,0.004813699997612275,0.0,,
280,arpack_matvec,central_difference,1.0,0.0019916115427092624,0.2498484178129753,81613404.97727321,328.893750412103,328.8974623589286,328.8934791358431,328.8971910826687,2,sparse_direct,not_applicable,1.9360753080098294e-16,1.1858461261560205e-16,0.001881500007584691,0.0021822999988216907,0.0,0.0,4.38102169368099e-05,4.381021156662987e-05,4.279823591616597,4.279824116229977,5.246133802927488e-07,0.0,0.0,0.0,True,0.004388499990454875,0.0,,
281,arpack_matvec,central_difference,1.0,0.0019916115427092624,0.22970599526382451,47084148.18082215,328.8934791358431,328.89695124150586,328.8939902532658,328.8974623589286,2,sparse_direct,not_applicable,1.2584489502063891e-16,1.5488602464078636e-16,0.0017168000049423426,0.0016452999989269301,0.0,0.015625,4.38102260594253e-05,4.381020296279577e-05,4.279822700427755,4.2798249567395885,2.2563118333707166e-06,1.1616451848058975e-16,0.0,1.1616451848058975e-16,True,0.003600200012442656,0.015625,,
282,arpack_matvec,central_difference,1.0,0.0019916115427092624,0.27538245405235057,83134410.52640878,328.8934791358431,328.89703108998503,328.89391040478665,328.8974623589286,2,sparse_direct,not_applicable,1.7182668358587237e-16,2.323290369611795e-16,0.0016778999997768551,0.0016270999913103878,0.0,0.0,4.381022427861626e-05,4.381020416937461e-05,4.279822874395068,4.279824838868733,1.964473665516664e-06,3.872150616019659e-17,1.5488602464078636e-16,1.1616451848058975e-16,True,0.003532699993229471,0.0,,
283,arpack_matvec,central_difference,1.0,0.0019916115427092624,0.2354202939612611,49292871.079205915,328.8936306904555,328.8974623589286,328.8934791358431,328.8973108043162,2,sparse_direct,not_applicable,1.1616451848058975e-16,1.1616451848058975e-16,0.0016341000009560958,0.002554099992266856,0.0,0.0,4.381023426577977e-05,4.381019475223767e-05,4.279821898748816,4.279825758830327,3.8600815113198905e-06,3.872150616019659e-17,3.872150616019659e-17,0.0,True,0.00442480000492651,0.0,,
284,arpack_matvec,central_difference,1.0,0.0019916115427092624,0.24973709790104598,94962524.29086222,328.8934791358431,328.8974114360947,328.89353005867696,328.8974623589286,2,sparse_direct,not_applicable,1.1616451848058975e-16,1.3310517742567576e-16,0.002657300006831065,0.0017158999980892986,0.0,0.0,4.3810232201777916e-05,4.3810196235423136e-05,4.279822100381172,4.279825613937678,3.5135565061850116e-06,0.0,1.5488602464078636e-16,1.5488602464078636e-16,True,0.004677799995988607,0.0,,
285,arpack_matvec,central_difference,1.0,0.0019916115427092624,0.20701204439208687,50597940.86103762,328.89347913584305,328.89707588852275,328.89386560624894,328.8974623589285,2,sparse_direct,not_applicable,1.9360753080098294e-16,1.5488602464078636e-16,0.0016253000067081302,0.001592900007381104,0.0,0.015625,4.381026697643721e-05,4.381016226287918e-05,4.279818703246992,4.279828932723921,1.022947692952414e-05,7.744301232039318e-17,7.744301232039318e-17,0.0,True,0.003454700010479428,0.015625,,
286,arpack_matvec,central_difference,1.0,0.0019916115427092624,0.24299554131422293,77861010.11423773,328.8934791358431,328.8973937534902,328.8935477412815,328.8974623589286,2,sparse_direct,not_applicable,1.9360753080098294e-16,2.323290369611795e-16,0.001578499999595806,0.0015936999989207834,0.0,0.0,4.381026414639958e-05,4.381016426411948e-05,4.27981897971298,4.279828737222117,9.757509137564568e-06,0.0,1.1616451848058975e-16,1.1616451848058975e-16,True,0.003391999998711981,0.0,,
287,arpack_matvec,central_difference,1.0,0.0019916115427092624,0.21831718158664085,49591876.78063881,328.89347913584317,328.89729850749984,328.89364298727185,328.89746235892864,2,sparse_direct,not_applicable,1.645664011808355e-16,1.5488602464078636e-16,0.001604600009159185,0.0015887999907135963,0.0,0.0,4.381033159005937e-05,4.381009733293589e-05,4.279812391160811,4.2798352757605,2.2884599689021456e-05,3.872150616019659e-17,3.872150616019659e-17,7.744301232039318e-17,True,0.003426499999477528,0.0,,
288,arpack_matvec,central_difference,1.0,0.0019916115427092624,0.24453367429396905,79385959.73226942,328.8939407081637,328.89746235892864,328.89347913584317,328.897000786608,2,sparse_direct,not_applicable,1.5488602464078636e-16,2.323290369611795e-16,0.002391600006376393,0.001669800010859035,0.0,0.0,4.381029823150297e-05,4.381013017394515e-05,4.279815649946275,4.27983206750457,1.6417558295067636e-05,7.744301232039318e-17,7.744301232039318e-17,0.0,True,0.004925800007185899,0.0,,
289,arpack_matvec,central_difference,1.0,0.0019916115427092624,0.21972107008093594,54713883.72594756,328.89347913584317,328.89700934535114,328.89393214942055,328.89746235892864,2,sparse_direct,not_applicable,1.2584489502063891e-16,2.1780847215110582e-16,0.0016513000009581447,0.0016428999952040613,0.015625,0.0,4.381039565383002e-05,4.3810033136415936e-05,4.279806132807848,4.279841547167093,3.541435924514502e-05,0.0,7.744301232039318e-17,7.744301232039318e-17,True,0.0035306000063428655,0.015625,,
290,arpack_matvec,central_difference,1.0,0.0019916115427092624,0.19268989930012573,62391425.999533266,328.89357521632826,328.8974623589286,328.8934791358431,328.8973662784434,2,sparse_direct,not_applicable,1.1616451848058975e-16,1.1616451848058975e-16,0.0016095000028144568,0.0015740999951958656,0.0,0.0,4.38103206482378e-05,4.38101077586582e-05,4.279813460062906,4.279834257265536,2.0797202630262746e-05,7.744301232039318e-17,0.0,7.744301232039318e-17,True,0.003402799993637018,0.0,,
291,arpack_matvec,central_difference,1.0,0.0019916115427092624,0.19250073136020712,51633701.19003766,328.89359179415976,328.8974623589286,328.8934791358431,328.8973497006119,2,sparse_direct,not_applicable,1.1616451848058975e-16,1.1616451848058975e-16,0.001589800012880005,0.0015890000067884102,0.0,0.0,4.381032414562879e-05,4.381010526786988e-05,4.279813118404146,4.279834500592072,2.138218792602231e-05,3.872150616019659e-17,3.872150616019659e-17,0.0,True,0.00340400000277441,0.0,,
292,arpack_matvec,central_difference,1.0,0.0019916115427092624,0.223714157556306,79369943.65988132,328.89347913584317,328.897226018454,328.8937154763177,328.89746235892864,2,sparse_direct,not_applicable,1.5488602464078636e-16,1.5488602464078636e-16,0.0033745999971870333,0.0017991999920923263,0.0,0.0,4.381027130453037e-05,4.381015719366683e-05,4.279818280436233,4.279829427936973,1.114750074027171e-05,1.1616451848058975e-16,7.744301232039318e-17,3.872150616019659e-17,True,0.005475400001159869,0.0,,
293,arpack_matvec,central_difference,1.0,0.0019916115427092624,0.21680270529194462,42756778.034876786,328.89363942997556,328.8974623589286,328.8934791358431,328.8973020647961,2,sparse_direct,not_applicable,1.5488602464078636e-16,1.5488602464078636e-16,0.001665200004936196,0.0016318999987561256,0.015625,0.0,4.381026273544714e-05,4.3810166402529826e-05,4.279819117548744,4.279828528320148,9.410771403928209e-06,3.872150616019659e-17,3.872150616019659e-17,7.744301232039318e-17,True,0.00353729999915231,0.015625,,
294,arpack_matvec,central_difference,1.0,0.0019916115427092624,0.24420500631668554,85651218.14220369,328.8934791358431,328.89745862546124,328.89348286931045,328.8974623589286,2,sparse_direct,not_applicable,1.5488602464078636e-16,1.2100470675061434e-16,0.0016312000079778954,0.0016042999923229218,0.0,0.0,4.3810222747070655e-05,4.381020576822758e-05,4.279823024011835,4.279824682676574,1.6586647388905362e-06,1.1616451848058975e-16,3.872150616019659e-17,1.5488602464078636e-16,True,0.003461300002527423,0.0,,
295,arpack_matvec,central_difference,1.0,0.0019916115427092624,0.20798206159073296,50625013.182155244,328.893568603066,328.8974623589286,328.8934791358431,328.8973728917057,2,sparse_direct,not_applicable,1.6940658945086007e-16,1.5488602464078636e-16,0.0015982000040821731,0.0015751999890198931,0.0,0.0,4.38101900951275e-05,4.381023917056037e-05,4.2798262137843,4.2798214196008395,4.79418346088778e-06,0.0,3.872150616019659e-17,3.872150616019659e-17,True,0.0034018000005744398,0.0,,
296,arpack_matvec,central_difference,1.0,0.0019916115427092624,0.25747369086145344,69580283.61091843,328.8934791358431,328.8970317587971,328.8939097359746,328.8974623589286,2,sparse_direct,not_applicable,1.9360753080098294e-16,1.1616451848058975e-16,0.0030894999945303425,0.002631499999552034,0.0,0.015625,4.3810176477749456e-05,4.381025198551389e-05,4.279827544069093,4.279820167708643,7.376360449562469e-06,0.0,3.872150616019659e-17,3.872150616019659e-17,True,0.006132599999546073,0.015625,,
297,arpack_matvec,central_difference,1.0,0.0019916115427092624,0.18930718377721945,54439745.527297035,328.8934791358431,328.8974023287518,328.89353916601976,328.8974623589286,2,sparse_direct,not_applicable,1.1616451848058975e-16,2.323290369611795e-16,0.0017608999914955348,0.0016481000056955963,0.0,0.0,4.381009350668288e-05,4.3810335816906735e-05,4.279835649549535,4.2798119782419555,2.3671307579853362e-05,0.0,3.872150616019659e-17,3.872150616019659e-17,True,0.003658400004496798,0.0,,
298,arpack_matvec,central_difference,1.0,0.0019916115427092624,0.24755355648711747,64442509.91103236,328.8934791358431,328.8969707988988,328.8939706958729,328.8974623589286,2,sparse_direct,not_applicable,1.5004583637076176e-16,1.1616451848058975e-16,0.0015986999933375046,0.0015736000059405342,0.0,0.0,4.381011767933804e-05,4.3810310747445925e-05,4.279833288108919,4.279814427267694,1.8860841224821456e-05,2.323290369611795e-16,3.872150616019659e-17,2.710505431213761e-16,True,0.0033946000039577484,0.0,,
299,arpack_matvec,central_difference,1.0,0.0019916115427092624,0.22803092415281573,48338477.36635446,328.8934791358431,328.89743423719875,328.89350725757294,328.8974623589286,2,sparse_direct,not_applicable,1.5488602464078636e-16,1.1616451848058975e-16,0.0015899999998509884,0.00160009998944588,0.0,0.0,4.381004549662538e-05,4.3810383392610854e-05,4.279840339687455,4.27980733059789,3.300908956482829e-05,3.872150616019659e-17,0.0,3.872150616019659e-17,True,0.003427999996347353,0.0,,
300,arpack_matvec,central_difference,1.0,0.0019916115427092624,0.2443427527819237,69700609.91160604,328.89347913584317,328.897008904604,328.8939325901677,328.89746235892864,2,sparse_direct,not_applicable,1.5488602464078636e-16,1.5488602464078636e-16,0.004255199994076975,0.0017999000119743869,0.015625,0.0,4.3810080463559774e-05,4.3810347979247484e-05,4.279836923740833,4.279810790108694,2.6133632138325424e-05,1.1616451848058975e-16,1.5488602464078636e-16,2.710505431213761e-16,True,0.006378599995514378,0.015625,,
301,arpack_matvec,central_difference,1.0,0.0019916115427092624,0.21696292271504555,44555278.045746446,328.8934791358431,328.8973112780342,328.8936302167375,328.8974623589286,2,sparse_direct,not_applicable,1.1616451848058975e-16,1.9360753080098294e-16,0.001660999987507239,0.001626199999009259,0.0,0.0,4.380995813072246e-05,4.3810470882508274e-05,4.2798488745533065,4.279798783784838,5.009076846818061e-05,7.744301232039318e-17,7.744301232039318e-17,0.0,True,0.003518500001518987,0.0,,
302,arpack_matvec,central_difference,1.0,0.0019916115427092624,0.3455424133019213,101631060.6962044,328.8934791358431,328.8967456802012,328.8941958145705,328.8974623589286,2,sparse_direct,not_applicable,1.9360753080098294e-16,1.1616451848058975e-16,0.0016162999963853508,0.0016017000016290694,0.0,0.0,4.381008809460311e-05,4.38103403081195e-05,4.279836178259085,4.279811539497447,2.4638761638051676e-05,7.744301232039318e-17,0.0,7.744301232039318e-17,True,0.0034482000046409667,0.0,,
303,arpack_matvec,central_difference,1.0,0.0019916115427092624,0.26784373488694724,54503186.54104402,328.8934791358431,328.89634932012746,328.89459217464423,328.8974623589286,2,sparse_direct,not_applicable,1.5488602464078636e-16,1.9360753080098294e-16,0.001602799995453097,0.0020782999927178025,0.0,0.0,4.380989803662824e-05,4.381053051220349e-05,4.279854745227584,4.27979295863061,6.178659697386735e-05,0.0,1.1616451848058975e-16,1.1616451848058975e-16,True,0.003904900004272349,0.0,,
304,arpack_matvec,central_difference,1.0,0.0019916115427092624,0.24501026730143438,65286518.659891754,328.8934791358431,328.89690485790805,328.89403663686363,328.8974623589286,2,sparse_direct,not_applicable,1.9360753080098294e-16,1.9360753080098294e-16,0.0048470000037923455,0.0022235000069485977,0.015625,0.0,4.38099699507508e-05,4.381045841173468e-05,4.279847719840463,4.279800002041931,4.771779853207647e-05,1.5488602464078636e-16,1.1616451848058975e-16,3.872150616019659e-17,True,0.007546299995738082,0.015625,,
305,arpack_matvec,central_difference,1.0,0.0019916115427092624,0.26047431617283384,54507258.819735155,328.8934791358431,328.8970047768977,328.893936717874,328.8974623589286,2,sparse_direct,not_applicable,2.323290369611795e-16,1.5488602464078636e-16,0.0017619999998714775,0.0016675000078976154,0.0,0.0,4.3809902080165056e-05,4.3810526675575076e-05,4.279854350208436,4.279793333425814,6.101678262204757e-05,3.872150616019659e-17,1.1616451848058975e-16,7.744301232039318e-17,True,0.003683999995701015,0.0,,
306,arpack_matvec,central_difference,1.0,0.0019916115427092624,0.28231130528691856,73577217.92725527,328.8934791358431,328.8967835935424,328.8941579012293,328.8974623589286,2,sparse_direct,not_applicable,2.323290369611795e-16,1.9360753080098294e-16,0.0016264000005321577,0.001958699998795055,0.0,0.0,4.3810016269578704e-05,4.3810412122329734e-05,4.279843194904229,4.279804524012526,3.867089170306315e-05,3.872150616019659e-17,1.1616451848058975e-16,7.744301232039318e-17,True,0.003815000003669411,0.0,,
307,arpack_matvec,central_difference,1.0,0.0019916115427092624,0.244710549762382,47986256.10757942,328.8934791358431,328.8968941370624,328.89404735770927,328.8974623589286,2,sparse_direct,not_applicable,1.1616451848058975e-16,1.5488602464078636e-16,0.001965599993127398,0.0031306000018958002,0.0,0.0,4.380991106124839e-05,4.3810517790474385e-05,4.279853472833256,4.279794201399913,5.9271433343610624e-05,0.0,3.872150616019659e-17,3.872150616019659e-17,True,0.0055659999925410375,0.015625,,
308,arpack_matvec,central_difference,1.0,0.0019916115427092624,0.24091079354634687,76482855.22869071,328.8934791358431,328.8970846317282,328.8938568630435,328.8974623589286,2,sparse_direct,not_applicable,1.9360753080098294e-16,1.5488602464078636e-16,0.0018316000059712678,0.0016469999973196536,0.0,0.0,4.3810031868661846e-05,4.381039654966228e-05,4.279841671015134,4.279806045294639,3.562572049542467e-05,3.872150616019659e-17,1.5488602464078636e-16,1.9360753080098294e-16,True,0.0037665999989258125,0.0,,
309,arpack_matvec,central_difference,1.0,0.0019916115427092624,0.22460195800654426,43881215.23987162,328.8934791358431,328.89726405330924,328.89367744146244,328.8974623589286,2,sparse_direct,not_applicable,1.9360753080098294e-16,1.5488602464078636e-16,0.0016401000029873103,0.0016309000056935474,0.0,0.0,4.38098796946362e-05,4.381054931425134e-05,4.279856537085088,4.279791121884136,6.54152009520459e-05,0.0,3.872150616019659e-17,3.872150616019659e-17,True,0.0034964999940712005,0.0,,
310,arpack_matvec,central_difference,1.0,0.0019916115427092624,0.2577651096580621,72905490.70950581,328.8934791358431,328.89704784409315,328.89389365067854,328.8974623589286,2,sparse_direct,not_applicable,1.5488602464078636e-16,1.9360753080098294e-16,0.001662100010435097,0.0018328000005567446,0.0,0.0,4.380999950455527e-05,4.381042891070814e-05,4.279844832696337,4.279802883969741,4.1948726596352515e-05,3.872150616019659e-17,3.872150616019659e-17,0.0,True,0.003797599987592548,0.0,,
311,arpack_matvec,central_difference,1.0,0.0019916115427092624,0.24297901824381687,49364285.23093049,328.89379921747707,328.8974623589286,328.8934791358431,328.8971422772946,2,sparse_direct,not_applicable,1.9360753080098294e-16,1.1616451848058975e-16,0.0026562999992165715,0.0020770999981323257,0.015625,0.0,4.380988089022549e-05,4.38105479324837e-05,4.27985642028608,4.279791256867083,6.51634189976491e-05,1.1616451848058975e-16,7.744301232039318e-17,3.872150616019659e-17,True,0.005114200001116842,0.015625,,
312,arpack_matvec,central_difference,1.0,0.0019916115427092624,0.25482043857117076,75358460.14109766,328.8934791358431,328.8971281281259,328.89381336664576,328.8974623589286,2,sparse_direct,not_applicable,2.710505431213761e-16,1.9360753080098294e-16,0.0016781000012997538,0.0016418000013800338,0.0,0.0,4.381000274067938e-05,4.3810425679614085e-05,4.279844516556,4.279803199612546,4.131694345410608e-05,3.872150616019659e-17,0.0,3.872150616019659e-17,True,0.0035571999906096607,0.0,,
313,arpack_matvec,central_difference,1.0,0.0019916115427092624,0.21660678241540693,45585708.72432172,328.8934791358431,328.8971495717157,328.89379192305597,328.8974623589286,2,sparse_direct,not_applicable,1.5488602464078636e-16,1.5488602464078636e-16,0.001618199996300973,0.0015822999994270504,0.0,0.0,4.380994855694886e-05,4.381048056008419e-05,4.279849809827269,4.2797978383928434,5.197143442536856e-05,3.872150616019659e-17,3.872150616019659e-17,7.744301232039318e-17,True,0.0034256999933859333,0.0,,
314,arpack_matvec,central_difference,1.0,0.0019916115427092624,0.2625317728710076,99078684.24835633,328.89349129073514,328.8974623589286,328.8934791358431,328.89745020403655,2,sparse_direct,not_applicable,2.323290369611795e-16,1.9360753080098294e-16,0.001975099992705509,0.0016213999915635213,0.0,0.0,4.381010284239649e-05,4.381032558808543e-05,4.279834737537983,4.279812977491136,2.1760046847063563e-05,3.872150616019659e-17,7.744301232039318e-17,1.1616451848058975e-16,True,0.003845800005365163,0.0,,
315,arpack_matvec,central_difference,1.0,0.0019916115427092624,0.21615079936967707,57107837.152194686,328.89370150722254,328.8974623589285,328.89347913584305,328.89723998754914,2,sparse_direct,not_applicable,1.1616451848058975e-16,1.5488602464078636e-16,0.001590200001373887,0.0030626999941887334,0.015625,0.0,4.3809991059094064e-05,4.381043806536816e-05,4.279845657742467,4.279801989659113,4.366808335376504e-05,0.0,3.872150616019659e-17,3.872150616019659e-17,True,0.00490699999500066,0.015625,,
316,arpack_matvec,central_difference,1.0,0.0019916115427092624,0.2450895861102431,84354083.11868905,328.8936755433202,328.89746235892864,328.89347913584317,328.89726595145146,2,sparse_direct,not_applicable,1.5488602464078636e-16,1.1616451848058975e-16,0.001764900007401593,0.0016381000023102388,0.0,0.0,4.381009342000797e-05,4.381033512595736e-05,4.279835658016862,4.279812045740489,2.3612276372375618e-05,0.0,1.1616451848058975e-16,1.1616451848058975e-16,True,0.0036522000009426847,0.0,,
317,arpack_matvec,central_difference,1.0,0.0019916115427092624,0.1965787564312765,51560090.930067144,328.89347913584305,328.8973848446702,328.89355665010135,328.8974623589285,2,sparse_direct,not_applicable,1.1616451848058975e-16,1.9360753080098294e-16,0.001635099994018674,0.0015882000006968156,0.0,0.0,4.3810165177919223e-05,4.381026416345897e-05,4.279828647952734,4.279818978046451,9.669906283704677e-06,3.872150616019659e-17,3.872150616019659e-17,0.0,True,0.0034511999983806163,0.0,,
318,arpack_matvec,central_difference,1.0,0.0019916115427092624,0.18901393329320632,65763681.48577165,328.8934791358431,328.89730865290693,328.89363284186476,328.8974623589286,2,sparse_direct,not_applicable,1.5488602464078636e-16,1.5488602464078636e-16,0.001995600003283471,0.0016425000067101792,0.0,0.0,4.3810155164993236e-05,4.381027360973404e-05,4.279829626118809,4.279818055241273,1.1570877536115631e-05,1.1616451848058975e-16,0.0,1.1616451848058975e-16,True,0.003869400010444224,0.0,,
319,arpack_matvec,central_difference,1.0,0.0019916115427092624,0.20377737751535271,52573189.858057536,328.893888063012,328.8974623589286,328.8934791358431,328.8970534317597,2,sparse_direct,not_applicable,2.710505431213761e-16,1.1616451848058975e-16,0.001606199992238544,0.002940999998827465,0.015625,0.0,4.381014823804954e-05,4.3810281228509565e-05,4.279830302814507,4.279817310964538,1.2991849969168356e-05,3.872150616019659e-17,1.1616451848058975e-16,1.5488602464078636e-16,True,0.004782299991347827,0.015625,,
320,arpack_matvec,central_difference,1.0,0.0019916115427092624,0.2453845434953067,82082972.98518212,328.8934791358431,328.89724192095247,328.8936995738192,328.8974623589286,2,sparse_direct,not_applicable,2.323290369611795e-16,2.323290369611795e-16,0.0017258000007132068,0.0016273000073852018,0.0,0.0,4.381018550791007e-05,4.3810243080430786e-05,4.279826661910534,4.279821037645708,5.6242648263094e-06,0.0,0.0,0.0,True,0.00360989999899175,0.0,,
321,arpack_matvec,central_difference,1.0,0.0019916115427092624,0.254882504813875,56973587.63096982,328.8934791358431,328.89712327189653,328.89381822287515,328.8974623589286,2,sparse_direct,not_applicable,1.6940658945086007e-16,1.5488602464078636e-16,0.0028869999950984493,0.0016757999983383343,0.015625,0.0,4.381019284756756e-05,4.3810236167093e-05,4.279825944897898,4.27982171300953,4.231888368622094e-06,3.872150616019659e-17,0.0,3.872150616019659e-17,True,0.004997600000933744,0.015625,,
322,arpack_matvec,central_difference,1.0,0.0019916115427092624,0.27435306440444646,91435019.19961405,328.89388400441146,328.8974623589286,328.8934791358431,328.8970574903602,2,sparse_direct,not_applicable,1.5488602464078636e-16,8.712338886044232e-17,0.0016414999990956858,0.001633299994864501,0.0,0.0,4.381021199119787e-05,4.381021646126723e-05,4.279824074753885,4.279823638072399,4.366814865264246e-07,7.744301232039318e-17,7.744301232039318e-17,0.0,True,0.003592000008211471,0.0,,
323,arpack_matvec,central_difference,1.0,0.0019916115427092624,0.25892844508953716,44985411.55936441,328.8934791358431,328.8967513677101,328.89419012706156,328.8974623589286,2,sparse_direct,not_applicable,1.2584489502063891e-16,1.1616451848058975e-16,0.0020151999924564734,0.0016712999931769446,0.0,0.0,4.3810234721421874e-05,4.381019401014546e-05,4.279821854237138,4.279825831325449,3.9770883111245325e-06,1.1616451848058975e-16,1.1616451848058975e-16,0.0,True,0.004495000001043081,0.0,,
324,arpack_matvec,central_difference,1.0,0.0019916115427092624,0.2825678738241282,79267344.47929454,328.8934791358431,328.8970392251852,328.8939022695865,328.8974623589286,2,sparse_direct,not_applicable,1.9360753080098294e-16,1.3552527156068805e-16,0.002708800006075762,0.0020684000046458095,0.0,0.0,4.381023435442672e-05,4.381019405219039e-05,4.279821890088895,4.2798258272180725,3.9371291773449e-06,0.0,7.744301232039318e-17,7.744301232039318e-17,True,0.005092600011266768,0.0,,
325,arpack_matvec,central_difference,1.0,0.0019916115427092624,0.22157465729085551,52136584.74869995,328.8937288058703,328.8974623589286,328.8934791358431,328.8972126889014,2,sparse_direct,not_applicable,1.9360753080098294e-16,1.1616451848058975e-16,0.0016660999972373247,0.001644900010433048,0.015625,0.0,4.381025770260137e-05,4.3810171274373165e-05,4.2798196092068785,4.279828052388337,8.443181458872573e-06,1.1616451848058975e-16,1.1616451848058975e-16,0.0,True,0.0035459999926388264,0.015625,,
326,arpack_matvec,central_difference,1.0,0.0019916115427092624,0.22487446850078444,70031131.14986478,328.89348438269,328.8974623589286,328.8934791358431,328.89745711208167,2,sparse_direct,not_applicable,1.1616451848058975e-16,2.323290369611795e-16,0.0015936999989207834,0.0026150000048801303,0.0,0.0,4.381025569182533e-05,4.381017284914659e-05,4.279819805639393,4.279827898548281,8.092908887924466e-06,0.0,3.872150616019659e-17,3.872150616019659e-17,True,0.004484100005356595,0.0,,
327,arpack_matvec,central_difference,1.0,0.0019916115427092624,0.21494441702838535,53721067.55117584,328.8934791358431,328.89742267990636,328.89351881486533,328.8974623589286,2,sparse_direct,not_applicable,1.5488602464078636e-16,1.1616451848058975e-16,0.001993199999560602,0.002498399990145117,0.0,0.0,4.3810293511986155e-05,4.381013550830009e-05,4.279816110994588,4.279831546389008,1.5435394420393322e-05,0.0,0.0,0.0,True,0.004792600011569448,0.0,,
328,arpack_matvec,central_difference,1.0,0.0019916115427092624,0.2856562988075933,70442186.30064975,328.8934791358431,328.8971212672037,328.89382022756797,328.8974623589286,2,sparse_direct,not_applicable,1.1616451848058975e-16,2.323290369611795e-16,0.0016668999887770042,0.0016303000011248514,0.015625,0.0,4.381026933798766e-05,4.381015909039152e-05,4.279818472547479,4.27982924264529,1.077009781091931e-05,1.1616451848058975e-16,3.872150616019659e-17,1.5488602464078636e-16,True,0.0035351999977137893,0.015625,,
329,arpack_matvec,central_difference,1.0,0.0019916115427092624,0.22583422401318873,52595490.77681119,328.8936140125132,328.8974623589286,328.8934791358431,328.8973274822585,2,sparse_direct,not_applicable,1.9360753080098294e-16,1.9360753080098294e-16,0.0016165999986696988,0.001582800003234297,0.0,0.0,4.381033340834759e-05,4.3810095415104944e-05,4.2798122135330265,4.279835463114589,2.3249581562190258e-05,1.5488602464078636e-16,0.0,1.5488602464078636e-16,True,0.003423100002692081,0.0,,
330,arpack_matvec,central_difference,1.0,0.0019916115427092624,0.24193069825065822,71683340.404452,328.89380186341907,328.8974623589286,328.8934791358431,328.8971396313526,2,sparse_direct,not_applicable,1.5488602464078636e-16,1.1616451848058975e-16,0.001581899996381253,0.001864299993030727,0.0,0.0,4.381030629582514e-05,4.381012218171528e-05,4.2798148621450665,4.279832848269379,1.7986124312585616e-05,0.0,7.744301232039318e-17,7.744301232039318e-17,True,0.00377370000933297,0.0,,
331,arpack_matvec,central_difference,1.0,0.0019916115427092624,0.2483147586555343,51469848.22362716,328.893520423513,328.8974623589286,328.8934791358431,328.8974210712587,2,sparse_direct,not_applicable,1.5488602464078636e-16,1.5488602464078636e-16,0.0023268999939318746,0.0028190000011818483,0.0,0.0,4.3810354118877236e-05,4.381007460213129e-05,4.279810190331445,4.279837496347893,2.7306016447958825e-05,1.1616451848058975e-16,7.744301232039318e-17,3.872150616019659e-17,True,0.005827200002386235,0.0,,
332,arpack_matvec,central_difference,1.0,0.0019916115427092624,0.2704268367442268,82112713.93297519,328.8934791358431,328.8968678388553,328.8940736559164,328.8974623589286,2,sparse_direct,not_applicable,1.2584489502063891e-16,1.1616451848058975e-16,0.002802299990435131,0.0020212999952491373,0.015625,0.0,4.3810301042853544e-05,4.3810127375465145e-05,4.279815375306249,4.2798323408894055,1.6965583156114405e-05,1.5488602464078636e-16,3.872150616019659e-17,1.9360753080098294e-16,True,0.005203000007895753,0.015625,,
333,arpack_matvec,central_difference,1.0,0.0019916115427092624,0.2402000630762261,53202061.09319,328.8934791358431,328.89677209237817,328.8941694023935,328.8974623589286,2,sparse_direct,not_applicable,1.1616451848058975e-16,1.645664011808355e-16,0.0016475000011269003,0.0016306000034091994,0.0,0.0,4.3810395095369563e-05,4.381003342425719e-05,4.27980618736345,4.279841519047622,3.533168417213517e-05,0.0,0.0,0.0,True,0.003510800001095049,0.0,,
334,arpack_matvec,central_difference,1.0,0.0019916115427092624,0.2610845333850614,82225021.01314658,328.8934791358431,328.8971619004463,328.8937795943254,328.8974623589286,2,sparse_direct,not_applicable,2.323290369611795e-16,1.1616451848058975e-16,0.0025113999872701243,0.002269499993417412,0.0,0.0,4.3810323251498515e-05,4.381010514142539e-05,4.2798132057513785,4.2798345129445075,2.1307193128983215e-05,1.1616451848058975e-16,7.744301232039318e-17,3.872150616019659e-17,True,0.005025000005844049,0.0,,
335,arpack_matvec,central_difference,1.0,0.0019916115427092624,0.22814017791895455,48643467.88426637,328.8936288687626,328.8974623589286,328.8934791358431,328.89731262600907,2,sparse_direct,not_applicable,1.5488602464078636e-16,1.9360753080098294e-16,0.0017534000071464106,0.001699100001133047,0.0,0.015625,4.3810389237615964e-05,4.381003968807941e-05,4.279806759603289,4.279840907129291,3.41475260015045e-05,3.872150616019659e-17,3.872150616019659e-17,7.744301232039318e-17,True,0.0036980000004405156,0.015625,,
336,arpack_matvec,central_difference,1.0,0.0019916115427092624,0.25798224698037536,66744224.05058007,328.8938803576873,328.8974623589286,328.8934791358431,328.8970611370844,2,sparse_direct,not_applicable,1.2584489502063891e-16,1.5488602464078636e-16,0.0016411999968113378,0.0016346000047633424,0.0,0.0,4.381032251007346e-05,4.381010590930743e-05,4.279813278180901,4.279834437929669,2.1159748767374253e-05,7.744301232039318e-17,0.0,7.744301232039318e-17,True,0.003502700012177229,0.0,,
337,arpack_matvec,central_difference,1.0,0.0019916115427092624,0.24867781784231846,45959347.124727294,328.8938607834243,328.8974623589286,328.8934791358431,328.89708071134737,2,sparse_direct,not_applicable,1.9360753080098294e-16,1.5488602464078636e-16,0.0016204999992623925,0.0016145999979926273,0.0,0.0,4.3810355759929215e-05,4.381007306774427e-05,4.2798100300179565,4.279837646243263,2.7616225306559272e-05,7.744301232039318e-17,0.0,7.744301232039318e-17,True,0.00346180000633467,0.0,,
338,arpack_matvec,central_difference,1.0,0.0019916115427092624,0.2988485888144208,96865328.68878703,328.8934791358431,328.8970539314824,328.8938875632893,328.8974623589286,2,sparse_direct,not_applicable,2.323290369611795e-16,3.097720492815727e-16,0.0016344000032404438,0.0027892999933101237,0.0,0.0,4.3810296582122416e-05,4.381013183593181e-05,4.2798158110738,4.279831905144324,1.609407052338696e-05,0.0,7.744301232039318e-17,7.744301232039318e-17,True,0.004966899999999441,0.0,,
339,arpack_matvec,central_difference,1.0,0.0019916115427092624,0.2445107376405114,46280958.25752198,328.89383398563274,328.8974623589286,328.8934791358431,328.89710750913895,2,sparse_direct,not_applicable,1.1616451848058975e-16,1.1616451848058975e-16,0.001631699997233227,0.0015950999950291589,0.0,0.015625,4.3810353505371286e-05,4.381007543617196e-05,4.279810250264516,4.279837414869865,2.7164605349128124e-05,3.872150616019659e-17,1.1616451848058975e-16,7.744301232039318e-17,True,0.0034619999933056533,0.015625,,
340,arpack_matvec,central_difference,1.0,0.0019916115427092624,0.25325770012118054,77171567.76996098,328.89370880338805,328.8974623589286,328.8934791358431,328.89723269138364,2,sparse_direct,not_applicable,1.9360753080098294e-16,1.1616451848058975e-16,0.0015899999998509884,0.0016291999927489087,0.0,0.0,4.3810318809089766e-05,4.381010966079887e-05,4.279813639728581,4.279834071444344,2.043171576282532e-05,1.9360753080098294e-16,1.1616451848058975e-16,7.744301232039318e-17,True,0.0034425000048941,0.0,,
341,arpack_matvec,central_difference,1.0,0.0019916115427092624,0.19781736311649004,42356488.55975508,328.8934791358431,328.897418790779,328.8935227039927,328.8974623589286,2,sparse_direct,not_applicable,1.1616451848058975e-16,2.323290369611795e-16,0.0015882000006968156,0.0022018999879946932,0.0,0.0,4.381039628050163e-05,4.381003302137285e-05,4.279806071588749,4.279841558405756,3.548681700671352e-05,7.744301232039318e-17,3.872150616019659e-17,1.1616451848058975e-16,True,0.004015899990918115,0.0,,
342,arpack_matvec,central_difference,1.0,0.0019916115427092624,0.2587979035542553,83473521.596173,328.8934791358431,328.89739848140005,328.89354301337164,328.8974623589286,2,sparse_direct,not_applicable,1.9360753080098294e-16,1.5488602464078636e-16,0.001603700002306141,0.0037529999972321093,0.0,0.0,4.381027918450739e-05,4.38101493036254e-05,4.279817510642697,4.279830198717992,1.2688075294420287e-05,7.744301232039318e-17,0.0,7.744301232039318e-17,True,0.005597400013357401,0.0,,
343,arpack_matvec,central_difference,1.0,0.0019916115427092624,0.23183714681653683,46879820.393911205,328.8938118756079,328.8974623589286,328.8934791358431,328.89712961916376,2,sparse_direct,not_applicable,1.1616451848058975e-16,1.5488602464078636e-16,0.0017517000087536871,0.0016497000033268705,0.015625,0.0,4.381028486094087e-05,4.381014425451003e-05,4.279816956113105,4.279830691968056,1.373585495034746e-05,3.872150616019659e-17,0.0,3.872150616019659e-17,True,0.003649800011771731,0.015625,,
344,arpack_matvec,central_difference,1.0,0.0019916115427092624,0.28799057600952727,89503743.39893971,328.89370442493964,328.8974623589286,328.8934791358431,328.89723706983204,2,sparse_direct,not_applicable,1.3552527156068805e-16,1.5488602464078636e-16,0.0016486999957123771,0.0015941000019665807,0.0,0.0,4.3810230002486406e-05,4.381019848619009e-05,4.279822315229996,4.279825394059879,3.0788298825967786e-06,7.744301232039318e-17,0.0,7.744301232039318e-17,True,0.0034721999982139096,0.0,,
345,arpack_matvec,central_difference,1.0,0.0019916115427092624,0.2344857432251923,56741535.905817434,328.8937910977916,328.8974623589286,328.8934791358431,328.89715039698007,2,sparse_direct,not_applicable,1.1616451848058975e-16,1.5488602464078636e-16,0.0015903000021353364,0.0015921000012895092,0.0,0.0,4.381020959471833e-05,4.381021942527699e-05,4.279824308866228,4.279823348518062,9.603481663233993e-07,7.744301232039318e-17,7.744301232039318e-17,1.5488602464078636e-16,True,0.0034060999896610156,0.0,,
346,arpack_matvec,central_difference,1.0,0.0019916115427092624,0.19038979491087463,63713351.49021949,328.89352878446476,328.8974623589286,328.8934791358431,328.8974127103069,2,sparse_direct,not_applicable,1.5488602464078636e-16,1.1616451848058975e-16,0.001653599989367649,0.00296100000559818,0.0,0.0,4.381017477932527e-05,4.381025389079689e-05,4.2798277099886,4.279819981581701,7.728406899332185e-06,1.1616451848058975e-16,0.0,1.1616451848058975e-16,True,0.004960799997206777,0.0,,
347,arpack_matvec,central_difference,1.0,0.0019916115427092624,0.2744038370287307,57742413.696135394,328.8940648739128,328.8974623589286,328.8934791358431,328.8968766208588,2,sparse_direct,not_applicable,1.9360753080098294e-16,1.5488602464078636e-16,0.0017356000025756657,0.0016346000047633424,0.015625,0.0,4.3810164877205546e-05,4.381026391465539e-05,4.279828677329547,4.27981900235204,9.674977507145854e-06,1.5488602464078636e-16,3.872150616019659e-17,1.1616451848058975e-16,True,0.0036188999947626144,0.015625,,
348,arpack_matvec,central_difference,1.0,0.0019916115427092624,0.2166727219911522,72138889.35754469,328.8938316115991,328.89746235892864,328.89347913584317,328.89710988317256,2,sparse_direct,not_applicable,1.9360753080098294e-16,1.9360753080098294e-16,0.0016316000110236928,0.0016318999987561256,0.0,0.0,4.381014943067366e-05,4.38102791823508e-05,4.279830186306599,4.279817510853374,1.2675453224808564e-05,3.872150616019659e-17,7.744301232039318e-17,3.872150616019659e-17,True,0.0034936999873025343,0.0,,
349,arpack_matvec,central_difference,1.0,0.0019916115427092624,0.21652438411739652,61185029.57155959,328.89357934998,328.8974623589285,328.89347913584305,328.8973621447917,2,sparse_direct,not_applicable,1.5488602464078636e-16,1.9360753080098294e-16,0.001574800000526011,0.001589899999089539,0.0,0.0,4.381013851862749e-05,4.38102906563043e-05,4.279831252308812,4.279816389965419,1.4862343392429977e-05,1.1616451848058975e-16,0.0,1.1616451848058975e-16,True,0.0033870000042952597,0.0,,
350,arpack_matvec,central_difference,1.0,0.0019916115427092624,0.29480392050481824,88802662.90711099,328.89377117004557,328.8974623589286,328.8934791358431,328.8971703247261,2,sparse_direct,not_applicable,1.1616451848058975e-16,1.5488602464078636e-16,0.0019166000129189342,0.0026021000085165724,0.0,0.0,4.3810178454594894e-05,4.381025003734261e-05,4.279827350950557,4.279820358025355,6.99292520156547e-06,3.872150616019659e-17,7.744301232039318e-17,3.872150616019659e-17,True,0.004948999994667247,0.0,,
351,arpack_matvec,central_difference,1.0,0.0019916115427092624,0.2570389523369254,51123977.01939898,328.8937686508204,328.8974623589285,328.89347913584305,328.8971728439513,2,sparse_direct,not_applicable,1.9360753080098294e-16,2.323290369611795e-16,0.0017795000021578744,0.0016493000002810732,0.015625,0.0,4.381017542074443e-05,4.381025352055936e-05,4.279827647328192,4.279820017750175,7.62957801736519e-06,7.744301232039318e-17,7.744301232039318e-17,0.0,True,0.0036743000091519207,0.015625,,
352,arpack_matvec,central_difference,1.0,0.0019916115427092624,0.24674631982614856,83114145.48942766,328.8936983324568,328.8974623589286,328.8934791358431,328.897243162315,2,sparse_direct,not_applicable,1.1616451848058975e-16,1.5488602464078636e-16,0.001609599989023991,0.0015834999940125272,0.0,0.0,4.3810197424849535e-05,4.381023108204649e-05,4.279825497742412,4.27982220976775,3.287974662313786e-06,0.0,3.872150616019659e-17,3.872150616019659e-17,True,0.003427400006330572,0.0,,
353,arpack_matvec,central_difference,1.0,0.0019916115427092624,0.24824861561382047,47832124.4066067,328.893756800702,328.8974623589286,328.8934791358431,328.89718469406967,2,sparse_direct,not_applicable,1.5488602464078636e-16,1.5488602464078636e-16,0.0015933999966364354,0.0015793000056874007,0.0,0.0,4.3810208087001266e-05,4.3810220906760504e-05,4.279824456155284,4.279823203791841,1.252363443171589e-06,3.872150616019659e-17,0.0,3.872150616019659e-17,True,0.003396000000066124,0.0,,
354,arpack_matvec,central_difference,1.0,0.0019916115427092624,0.23267134052097582,76539588.98300621,328.8934791358431,328.89715880810166,328.89378268667,328.8974623589286,2,sparse_direct,not_applicable,1.2584489502063891e-16,2.323290369611795e-16,0.001903999989735894,0.0016535000031581149,0.0,0.0,4.3810220239217104e-05,4.381020826335211e-05,4.279823269004198,4.279824438927549,1.1699233510853446e-06,7.744301232039318e-17,0.0,7.744301232039318e-17,True,0.0037926999939372763,0.0,,
355,arpack_matvec,central_difference,1.0,0.0019916115427092624,0.21777236204035252,55317529.456489086,328.89370486052735,328.8974623589286,328.8934791358431,328.89723663424434,2,sparse_direct,not_applicable,1.5488602464078636e-16,3.097720492815727e-16,0.002606900001410395,0.001666199997998774,0.0,0.0,4.3810241514049274e-05,4.3810187568431845e-05,4.279821190665467,4.279826460617718,5.269952251474308e-06,1.9360753080098294e-16,3.872150616019659e-17,1.5488602464078636e-16,True,0.004516800006967969,0.0,,
356,arpack_matvec,central_difference,1.0,0.0019916115427092624,0.26235711071898143,91098269.71618237,328.8934791358431,328.8973675115883,328.8935739831835,328.8974623589286,2,sparse_direct,not_applicable,1.9360753080098294e-16,1.5488602464078636e-16,0.0016424000059487298,0.001585599995451048,0.0,0.0,4.381024173137176e-05,4.381018670289575e-05,4.279821169435239,4.279826545172123,5.375736884083437e-06,3.872150616019659e-17,7.744301232039318e-17,3.872150616019659e-17,True,0.0034546000097179785,0.0,,
357,arpack_matvec,central_difference,1.0,0.0019916115427092624,0.2259978375417964,50941070.783637725,328.89371930395157,328.8974623589285,328.89347913584305,328.8972221908201,2,sparse_direct,not_applicable,1.9360753080098294e-16,1.5488602464078636e-16,0.0015853999939281493,0.0015959000011207536,0.0,0.0,4.381027755809799e-05,4.381015140586251e-05,4.279817669526317,4.279829993349656,1.2323823339599471e-05,3.872150616019659e-17,1.1616451848058975e-16,7.744301232039318e-17,True,0.0034035999997286126,0.0,,
358,arpack_matvec,central_difference,1.0,0.0019916115427092624,0.22511893065103405,70733032.0348124,328.8934791358431,328.8971716350523,328.8937698597194,328.8974623589286,2,sparse_direct,not_applicable,1.790869659909092e-16,1.9360753080098294e-16,0.002129199987393804,0.0016770999936852604,0.0,0.0,4.381027491921374e-05,4.3810153517013394e-05,4.279817927318431,4.279829787110551,1.1859792119928159e-05,3.872150616019659e-17,7.744301232039318e-17,1.1616451848058975e-16,True,0.004040500003611669,0.0,,
359,arpack_matvec,central_difference,1.0,0.0019916115427092624,0.23903421621664553,47327666.91282848,328.89375866196264,328.8974623589286,328.8934791358431,328.89718283280905,2,sparse_direct,not_applicable,1.5488602464078636e-16,1.5488602464078636e-16,0.0016922000068007037,0.0025859000015771016,0.015625,0.0,4.38103174302688e-05,4.3810111453320655e-05,4.279813774425089,4.279833896331897,2.012190680744652e-05,3.872150616019659e-17,7.744301232039318e-17,1.1616451848058975e-16,True,0.0049586999957682565,0.015625,,
360,arpack_matvec,central_difference,1.0,0.0019916115427092624,0.22523467123872495,75153521.11660515,328.8935117775536,328.8974623589286,328.8934791358431,328.8974297172181,2,sparse_direct,not_applicable,1.5488602464078636e-16,2.323290369611795e-16,0.0017031999886967242,0.001646799995796755,0.0,0.0,4.381029860383037e-05,4.381012979427221e-05,4.279815613573716,4.2798321045949965,1.6491021280096163e-05,1.9360753080098294e-16,0.0,1.9360753080098294e-16,True,0.0035967000003438443,0.0,,
361,arpack_matvec,central_difference,1.0,0.0019916115427092624,0.23828902895888002,42660132.67574066,328.8934791358431,328.8969770810349,328.8939644137367,328.8974623589286,2,sparse_direct,not_applicable,1.1616451848058975e-16,3.097720492815727e-16,0.0016045000083977357,0.00159420000272803,0.0,0.0,4.381035333640678e-05,4.381007522009381e-05,4.2798102667705695,4.279837435978694,2.7169208124178112e-05,1.1616451848058975e-16,1.1616451848058975e-16,0.0,True,0.003427799994824454,0.0,,
362,arpack_matvec,central_difference,1.0,0.0019916115427092624,0.21143091878317138,68554032.1013473,328.8934791358431,328.897081088387,328.8938604063847,328.8974623589286,2,sparse_direct,not_applicable,1.5488602464078636e-16,1.1616451848058975e-16,0.001699400003417395,0.001604699995368719,0.0,0.0,4.381031308031138e-05,4.381011535378654e-05,4.27981419937087,4.279833515293272,1.9315922402007857e-05,3.872150616019659e-17,7.744301232039318e-17,1.1616451848058975e-16,True,0.003778700003749691,0.0,,
363,arpack_matvec,central_difference,1.0,0.0019916115427092624,0.21478147742020573,48557903.944749184,328.8934791358431,328.89673746343186,328.8942040313398,328.8974623589286,2,sparse_direct,not_applicable,1.9360753080098294e-16,1.5488602464078636e-16,0.0016081000067060813,0.003053000007639639,0.015625,0.0,4.381038941995513e-05,4.381003910651937e-05,4.279806741790702,4.279840963942398,3.422215169557319e-05,3.872150616019659e-17,7.744301232039318e-17,1.1616451848058975e-16,True,0.004908000002615154,0.015625,,
364,arpack_matvec,central_difference,1.0,0.0019916115427092624,0.2555109305854861,83223144.21619332,328.8934791358431,328.89727406654333,328.89366742822835,328.8974623589286,2,sparse_direct,not_applicable,1.1616451848058975e-16,2.323290369611795e-16,0.0017534000071464106,0.0016324000025633723,0.0,0.0,4.381031244281624e-05,4.381011591140033e-05,4.279814261647549,4.279833460819685,1.9199172135664355e-05,0.0,3.872150616019659e-17,3.872150616019659e-17,True,0.0036289999989094213,0.0,,
365,arpack_matvec,central_difference,1.0,0.0019916115427092624,0.19651658886091597,44211640.07698945,328.8935480876939,328.8974623589286,328.8934791358431,328.8973934070778,2,sparse_direct,not_applicable,1.5972621291081093e-16,1.5246593050577406e-16,0.0016363999893656,0.0016069999983301386,0.0,0.0,4.3810403703704664e-05,4.381002537547114e-05,4.279805346421512,4.279842305340906,3.695891939425877e-05,7.744301232039318e-17,3.872150616019659e-17,3.872150616019659e-17,True,0.003478500002529472,0.0,,
366,arpack_matvec,central_difference,1.0,0.0019916115427092624,0.21334364520828955,74941419.10029392,328.8934791358431,328.897313398598,328.8936280961737,328.8974623589286,2,sparse_direct,not_applicable,1.5488602464078636e-16,1.1616451848058975e-16,0.0018570999964140356,0.00163790000078734,0.0,0.0,4.3810332990258925e-05,4.381009541326543e-05,4.2798122543759245,4.279835463294292,2.3208918367600972e-05,3.872150616019659e-17,3.872150616019659e-17,0.0,True,0.0038474000029964373,0.0,,
367,arpack_matvec,central_difference,1.0,0.0019916115427092624,0.24143210242739122,47728136.052844234,328.8939714850877,328.8974623589285,328.89347913584305,328.89697000968397,2,sparse_direct,not_applicable,2.323290369611795e-16,1.4278555396572492e-16,0.0016275999951176345,0.0026871000009123236,0.015625,0.0,4.3810352785351146e-05,4.381007608304316e-05,4.279810320602904,4.279837351676559,2.7031073654981697e-05,7.744301232039318e-17,1.1616451848058975e-16,3.872150616019659e-17,True,0.004567699987092055,0.015625,,
368,arpack_matvec,central_difference,1.0,0.0019916115427092624,0.3115009029208101,104684256.11829066,328.8934791358431,328.8971362153016,328.8938052794701,328.8974623589286,2,sparse_direct,not_applicable,1.1616451848058975e-16,1.9360753080098294e-16,0.0018586999940453097,0.001661800008150749,0.0,0.0,4.38102918466545e-05,4.381013656335568e-05,4.2798162736804075,4.279831443320163,1.5169639755896469e-05,3.872150616019659e-17,3.872150616019659e-17,7.744301232039318e-17,True,0.0038422000070568174,0.0,,
369,arpack_matvec,central_difference,1.0,0.0019916115427092624,0.2285670816439306,57113089.43128288,328.8937431252189,328.8974623589286,328.8934791358431,328.89719836955277,2,sparse_direct,not_applicable,1.5488602464078636e-16,1.1616451848058975e-16,0.0016436000005342066,0.0020743000059155747,0.0,0.0,4.381036970815939e-05,4.381005927688542e-05,4.279808667423306,4.279838993482638,3.0326059332175248e-05,1.1616451848058975e-16,3.872150616019659e-17,7.744301232039318e-17,True,0.003966699994634837,0.0,,
370,arpack_matvec,central_difference,1.0,0.0019916115427092624,0.23982715291065218,78531709.52502951,328.8934791358431,328.8969979871134,328.89394350765826,328.8974623589286,2,sparse_direct,not_applicable,1.9360753080098294e-16,1.1616451848058975e-16,0.006853400002000853,0.0024062000011326745,0.0,0.0,4.38103386858384e-05,4.3810089738069876e-05,4.2798116979773315,4.279836017707747,2.4319730415278684e-05,7.744301232039318e-17,3.872150616019659e-17,3.872150616019659e-17,True,0.00976010000158567,0.0,,
371,arpack_matvec,central_difference,1.0,0.0019916115427092624,0.231080741475862,44398913.01545385,328.8937159253756,328.8974623589286,328.8934791358431,328.8972255693961,2,sparse_direct,not_applicable,1.5488602464078636e-16,1.5488602464078636e-16,0.0016704000008758157,0.0016281999996863306,0.0,0.0,4.381042100140651e-05,4.38100078606422e-05,4.279803656622711,4.279844016381592,4.035975888072585e-05,0.0,3.872150616019659e-17,3.872150616019659e-17,True,0.0035382999922148883,0.0,,
372,arpack_matvec,central_difference,1.0,0.0019916115427092624,0.23618221100480627,77345551.15664428,328.8934791358431,328.8973780545603,328.8935634402114,328.8974623589286,2,sparse_direct,not_applicable,1.1858461261560205e-16,1.9360753080098294e-16,0.002134000009391457,0.001713200006633997,0.0,0.0,4.3810342955280286e-05,4.381008546743099e-05,4.2798112808975715,4.279836434909264,2.515401169222997e-05,0.0,0.0,0.0,True,0.004096899996511638,0.0,,
373,arpack_matvec,central_difference,1.0,0.0019916115427092624,0.24662385401634881,45598226.69301475,328.8938147284092,328.8974623589286,328.8934791358431,328.8971267663625,2,sparse_direct,not_applicable,1.5488602464078636e-16,1.1616451848058975e-16,0.0016761000006226823,0.0016797999996924773,0.0,0.015625,4.3810402794385406e-05,4.381002607154246e-05,4.279805435252227,4.279842237341049,3.680208882261837e-05,1.5488602464078636e-16,3.872150616019659e-17,1.1616451848058975e-16,True,0.0035891000006813556,0.015625,,
374,arpack_matvec,central_difference,1.0,0.0019916115427092624,0.28916375954190204,97285258.8332773,328.8934791358431,328.89714245848165,328.89379903629003,328.8974623589286,2,sparse_direct,not_applicable,1.5488602464078636e-16,2.710505431213761e-16,0.0016776999982539564,0.0030123000033199787,0.0,0.0,4.3810354366978147e-05,4.381007408053447e-05,4.2798101660946,4.27983754730306,2.7381208460575124e-05,0.0,1.1616451848058975e-16,1.1616451848058975e-16,True,0.004929700007778592,0.0,,
375,arpack_matvec,central_difference,1.0,0.0019916115427092624,0.25163186042340624,61097623.299641885,328.89399449129337,328.8974623589285,328.89347913584305,328.8969470034783,2,sparse_direct,not_applicable,1.9360753080098294e-16,1.9360753080098294e-16,0.0019533999875420704,0.0017541999986860901,0.0,0.0,4.3810498903643444e-05,4.3809930116693355e-05,4.279796046431391,4.279851611280131,5.5564848739919626e-05,3.872150616019659e-17,1.9360753080098294e-16,1.5488602464078636e-16,True,0.003968699995311908,0.0,,
376,arpack_matvec,central_difference,1.0,0.0019916115427092624,0.2120098335452517,77619370.96695118,328.8934791358431,328.8973229419867,328.89361855278486,328.8974623589286,2,sparse_direct,not_applicable,1.9360753080098294e-16,1.1616451848058975e-16,0.0017460000090068206,0.0016606999997748062,0.0,0.0,4.3810654335062806e-05,4.380977412868175e-05,4.27978086257294,4.279866850015233,8.598744229271205e-05,7.744301232039318e-17,0.0,7.744301232039318e-17,True,0.003751600001123734,0.0,,
377,arpack_matvec,central_difference,1.0,0.0019916115427092624,0.2600204404459333,37573593.068473436,328.894519720654,328.8974623589286,328.8934791358431,328.8964217741177,2,sparse_direct,not_applicable,1.839271542609338e-16,1.5488602464078636e-16,0.0016841000033309683,0.0016420999891124666,0.015625,0.0,4.381118031189529e-05,4.3809248284487506e-05,4.279729481497019,4.27991822143162,0.00018873993460122307,0.0,3.872150616019659e-17,3.872150616019659e-17,True,0.003558399999747053,0.015625,,
378,arpack_matvec,central_difference,1.0,0.0019916115427092624,0.2171826802382355,75346822.79481283,328.8934791358431,328.8973400513154,328.8936014434563,328.8974623589286,2,sparse_direct,not_applicable,1.9360753080098294e-16,1.5488602464078636e-16,0.001589500010595657,0.002754900007857941,0.0,0.0,4.3810862056525484e-05,4.38095663780306e-05,4.279760570748059,4.27988714569945,0.00012657495139123398,3.872150616019659e-17,3.872150616019659e-17,0.0,True,0.00457740000274498,0.0,,
379,arpack_matvec,central_difference,1.0,0.0019916115427092624,0.24931654618883664,51132054.7849555,328.8939019218331,328.8974623589285,328.89347913584305,328.8970395729386,2,sparse_direct,not_applicable,1.5488602464078636e-16,1.1616451848058975e-16,0.0016714000084903091,0.0021942999883322045,0.0,0.0,4.381085378503885e-05,4.3809575229858226e-05,4.2797613787666045,4.279886280938196,0.00012490217159122352,3.872150616019659e-17,0.0,3.872150616019659e-17,True,0.00410849999752827,0.0,,
380,arpack_matvec,central_difference,1.0,0.0019916115427092624,0.236032736925303,80352035.54997377,328.8934791358431,328.8970872734013,328.89385422137036,328.8974623589286,2,sparse_direct,not_applicable,1.5488602464078636e-16,1.9360753080098294e-16,0.0018395999941276386,0.0017046000139089301,0.0,0.015625,4.381077154057383e-05,4.380965700383939e-05,4.279769413016463,4.279878292212329,0.00010887919586632933,3.872150616019659e-17,0.0,3.872150616019659e-17,True,0.0038373999996110797,0.015625,,
381,arpack_matvec,central_difference,1.0,0.0019916115427092624,0.22825866911604184,47222976.37567522,328.8934791358431,328.89715821859744,328.89378327617425,328.8974623589286,2,sparse_direct,not_applicable,1.9360753080098294e-16,2.710505431213761e-16,0.0016476000018883497,0.0016240999975707382,0.0,0.0,4.3810983919333584e-05,4.3809445091629135e-05,4.279748666344312,4.279898994562395,0.00015032821808347308,3.872150616019659e-17,7.744301232039318e-17,3.872150616019659e-17,True,0.003503400002955459,0.0,,
382,arpack_matvec,central_difference,1.0,0.0019916115427092624,0.26046021422382176,77300108.4200982,328.8939758097195,328.8974623589286,328.8934791358431,328.8969656850522,2,sparse_direct,not_applicable,1.1616451848058975e-16,1.1616451848058975e-16,0.0016180999955395237,0.003259100005379878,0.0,0.0,4.3810629276783265e-05,4.3809799193180655e-05,4.2797833104707905,4.279864401414236,8.109094344543877e-05,7.744301232039318e-17,0.0,7.744301232039318e-17,True,0.005117699998663738,0.0,,
383,arpack_matvec,central_difference,1.0,0.0019916115427092624,0.296781414839546,42888670.633677654,328.8943492511635,328.8974623589286,328.8934791358431,328.8965922436082,2,sparse_direct,not_applicable,1.1616451848058975e-16,1.1616451848058975e-16,0.002043300002696924,0.0016642999980831519,0.0,0.0,4.381063269665276e-05,4.3809796142466426e-05,4.279782976389781,4.279864699444457,8.172305467635255e-05,3.872150616019659e-17,7.744301232039318e-17,3.872150616019659e-17,True,0.003970899997511879,0.0,,
384,arpack_matvec,central_difference,1.0,0.0019916115427092624,0.23105044517795673,70626794.6685219,328.8935692039331,328.89746235892864,328.89347913584317,328.8973722908386,2,sparse_direct,not_applicable,1.645664011808355e-16,1.1616451848058975e-16,0.0016485999949509278,0.0015951000095810741,0.0,0.015625,4.381041493165426e-05,4.3810013597039085e-05,4.279804249571852,4.279843455987246,3.920641539423286e-05,1.1616451848058975e-16,3.872150616019659e-17,7.744301232039318e-17,True,0.003467799993813969,0.015625,,
385,arpack_matvec,central_difference,1.0,0.0019916115427092624,0.27507990397985466,54008807.49936028,328.8934791358431,328.896799198139,328.8941422966327,328.8974623589286,2,sparse_direct,not_applicable,1.5488602464078636e-16,1.9360753080098294e-16,0.003017900002305396,0.0016515000024810433,0.0,0.0,4.381032004088903e-05,4.381010877047984e-05,4.279813519394576,4.279834158420108,2.0639025532176447e-05,1.1616451848058975e-16,7.744301232039318e-17,1.9360753080098294e-16,True,0.005087500001536682,0.0,,
386,arpack_matvec,central_difference,1.0,0.0019916115427092624,0.25622208225910365,82607117.39234164,328.8934791358431,328.8973103500902,328.8936311446815,328.8974623589286,2,sparse_direct,not_applicable,1.5488602464078636e-16,1.1616451848058975e-16,0.00502339999366086,0.0018659999914234504,0.0,0.0,4.3810162601091156e-05,4.3810265900764266e-05,4.279828899683884,4.27981880832933,1.0091354553765086e-05,1.1616451848058975e-16,3.872150616019659e-17,1.5488602464078636e-16,True,0.007281400001375005,0.015625,,
387,arpack_matvec,central_difference,1.0,0.0019916115427092624,0.2547212447488257,56946817.1915057,328.8934791358431,328.8968665516687,328.89407494310296,328.8974623589286,2,sparse_direct,not_applicable,2.323290369611795e-16,1.1616451848058975e-16,0.001658799999859184,0.0016013999993447214,0.0,0.0,4.38100184688393e-05,4.381041046000009e-05,4.279842980056329,4.2798046864042005,3.829365212837388e-05,0.0,1.1616451848058975e-16,1.1616451848058975e-16,True,0.0034916000004159287,0.0,,
388,arpack_matvec,central_difference,1.0,0.0019916115427092624,0.21028158797661714,74792125.4033018,328.8934791358431,328.8973822458884,328.89355924888326,328.8974623589286,2,sparse_direct,not_applicable,2.710505431213761e-16,2.323290369611795e-16,0.0015989999956218526,0.0015941000019665807,0.0,0.0,4.3809841859375445e-05,4.381058668563306e-05,4.27986023327483,4.27978747112938,7.276214545015591e-05,7.744301232039318e-17,3.872150616019659e-17,1.1616451848058975e-16,True,0.003414499995415099,0.0,,
389,arpack_matvec,central_difference,1.0,0.0019916115427092624,0.20671402724808913,54485401.63036055,328.8934791358431,328.89745059153665,328.89349090323503,328.8974623589286,2,sparse_direct,not_applicable,1.5488602464078636e-16,1.5488602464078636e-16,0.0020464999979594722,0.0024397999950451776,0.0,0.0,4.38095181988831e-05,4.381091088152112e-05,4.279891852469179,4.27975580117612,0.0001360512930590474,3.872150616019659e-17,7.744301232039318e-17,1.1616451848058975e-16,True,0.004726799990748987,0.0,,
390,arpack_matvec,central_difference,1.0,0.0019916115427092624,0.20516244155621638,64574712.88210605,328.8934791358431,328.8971789751595,328.8937625196122,328.8974623589286,2,sparse_direct,not_applicable,2.323290369611795e-16,1.5488602464078636e-16,0.001894100001663901,0.0016116000042529777,0.0,0.0,4.3809596424467235e-05,4.381083202531733e-05,4.279884210375494,4.279763504414794,0.00012070596069957418,7.744301232039318e-17,3.872150616019659e-17,1.1616451848058975e-16,True,0.0037468999944394454,0.015625,,
391,arpack_matvec,central_difference,1.0,0.0019916115427092624,0.21024756382807894,57064773.57014961,328.8934791358431,328.8974225576137,328.89351893715786,328.8974623589286,2,sparse_direct,not_applicable,1.5488602464078636e-16,1.1616451848058975e-16,0.0015954000118654221,0.0015973999979905784,0.0,0.0,4.380944188494953e-05,4.3810987127819144e-05,4.279899307834244,4.279748352918099,0.00015095491614491863,3.872150616019659e-17,7.744301232039318e-17,3.872150616019659e-17,True,0.0034171000006608665,0.0,,
392,arpack_matvec,central_difference,1.0,0.0019916115427092624,0.2365214796058971,87154565.60046765,328.8934791358431,328.8972188388898,328.8937226558819,328.8974623589286,2,sparse_direct,not_applicable,1.5488602464078636e-16,1.5488602464078636e-16,0.0015947000065352768,0.0015950000088196248,0.0,0.0,4.380951567465386e-05,4.3810912826176574e-05,4.279892099069215,4.2797556112086,0.0001364878606153752,3.872150616019659e-17,3.872150616019659e-17,0.0,True,0.003409500000998378,0.0,,
393,arpack_matvec,central_difference,1.0,0.0019916115427092624,0.24262563743322949,60306687.31077368,328.8934791358431,328.89707560841003,328.89386588636165,328.8974623589286,2,sparse_direct,not_applicable,1.9360753080098294e-16,1.4036545983071262e-16,0.001987700001336634,0.0016056000022217631,0.0,0.0,4.380920878141508e-05,4.3811220028577075e-05,4.279922080664054,4.279725601745351,0.00019647891870278045,3.872150616019659e-17,0.0,3.872150616019659e-17,True,0.0038176000089151785,0.0,,
394,arpack_matvec,central_difference,1.0,0.0019916115427092624,0.275936830764568,74672240.57059222,328.8934791358431,328.8968702885506,328.8940712062211,328.8974623589286,2,sparse_direct,not_applicable,1.9360753080098294e-16,1.1616451848058975e-16,0.0020693999977083877,0.0016455000004498288,0.0,0.015625,4.3809537139951116e-05,4.3810891347146736e-05,4.279890002056507,4.279757709431111,0.00013229262539571351,1.1616451848058975e-16,7.744301232039318e-17,1.9360753080098294e-16,True,0.004465999998501502,0.015625,,
395,arpack_matvec,central_difference,1.0,0.0019916115427092624,0.30406693423395154,65280391.50731649,328.8934791358431,328.89665950783865,328.89428198693304,328.8974623589286,2,sparse_direct,not_applicable,1.9360753080098294e-16,1.3552527156068805e-16,0.001607700003660284,0.0015771000034874305,0.0,0.0,4.380951733898967e-05,4.381091133314871e-05,4.279891936474918,4.279755757057982,0.00013617941693588875,0.0,3.872150616019659e-17,3.872150616019659e-17,True,0.003410800010897219,0.0,,
396,arpack_matvec,central_difference,1.0,0.0019916115427092624,0.3349731731727517,81217416.9579141,328.8934791358431,328.896520464547,328.8944210302247,328.8974623589286,2,sparse_direct,not_applicable,1.2100470675061434e-16,1.1616451848058975e-16,0.0015916999982437119,0.0015983999910531566,0.0,0.0,4.3809664725854174e-05,4.3810763727714035e-05,4.279877537828937,4.279770176236172,0.00010736159276447665,1.1616451848058975e-16,3.872150616019659e-17,7.744301232039318e-17,True,0.003413800004636869,0.0,,
397,arpack_matvec,central_difference,1.0,0.0019916115427092624,0.26387976491804377,51521387.072397016,328.8934791358431,328.8968504335341,328.8940910612376,328.8974623589286,2,sparse_direct,not_applicable,1.452056481007372e-16,2.710505431213761e-16,0.002080599995679222,0.0017829999997047707,0.0,0.0,4.380941941664789e-05,4.3811009342031785e-05,4.279901502843215,4.279746182887291,0.0001553199559234386,0.0,3.872150616019659e-17,3.872150616019659e-17,True,0.004154099995503202,0.0,,
398,arpack_matvec,central_difference,1.0,0.0019916115427092624,0.23078581545802618,76016947.6052227,328.8934791358431,328.8973466683723,328.8935948263995,328.8974623589286,2,sparse_direct,not_applicable,2.323290369611795e-16,1.9360753080098294e-16,0.002526299998862669,0.001714199999696575,0.0,0.015625,4.38095835709113e-05,4.381084498908285e-05,4.279885466076339,4.2797622380194404,0.0001232280568981281,0.0,7.744301232039318e-17,7.744301232039318e-17,True,0.004494299995712936,0.015625,,
399,arpack_matvec,central_difference,1.0,0.0019916115427092624,0.26225080661803846,52767090.11413735,328.8934791358431,328.89687279480376,328.89406869996793,328.8974623589286,2,sparse_direct,not_applicable,1.1616451848058975e-16,1.839271542609338e-16,0.001607700003660284,0.0015940000012051314,0.0,0.0,4.380953385160152e-05,4.381089498827622e-05,4.279890323305635,4.279757353739861,0.00013296956577324437,7.744301232039318e-17,7.744301232039318e-17,0.0,True,0.0034254999918630347,0.0,,
400,arpack_matvec,central_difference,1.0,0.0019916115427092624,0.24671651255041346,72893269.69254635,328.8937267117866,328.8974623589286,328.8934791358431,328.8972147829851,2,sparse_direct,not_applicable,1.1616451848058975e-16,1.5972621291081093e-16,0.001594800007296726,0.0015838000108487904,0.0,0.0,4.3809664210709166e-05,4.381076430509233e-05,4.279877588154763,4.279770119833449,0.00010746832131403039,3.872150616019659e-17,3.872150616019659e-17,0.0,True,0.0034001000021817163,0.0,,
401,arpack_matvec,central_difference,1.0,0.0019916115427092624,0.2338384314589832,56488891.36792334,328.8934791358431,328.8973093500379,328.8936321447338,328.8974623589286,2,sparse_direct,not_applicable,1.2584489502063891e-16,1.790869659909092e-16,0.0019463000062387437,0.0016142000094987452,0.0,0.0,4.380959041919479e-05,4.3810838415136575e-05,4.279884797047737,4.279762880210461,0.00012191683727635905,3.872150616019659e-17,7.744301232039318e-17,3.872150616019659e-17,True,0.003819099991233088,0.0,,
402,arpack_matvec,central_difference,1.0,0.0019916115427092624,0.23100542651309658,69307966.46341744,328.8934791358431,328.8974404498083,328.8935010449634,328.8974623589286,2,sparse_direct,not_applicable,1.7424677772088464e-16,2.323290369611795e-16,0.0015984000056050718,0.003286499995738268,0.0,0.0,4.380975186225725e-05,4.381067672556969e-05,4.2798690252690985,4.279778675287328,9.034998177082088e-05,3.872150616019659e-17,3.872150616019659e-17,7.744301232039318e-17,True,0.0051199000008637086,0.0,,
403,arpack_matvec,central_difference,1.0,0.0019916115427092624,0.2242113024311596,51771600.713038534,328.8934791358431,328.8970775846767,328.893863910095,328.8974623589286,2,sparse_direct,not_applicable,1.5488602464078636e-16,2.323290369611795e-16,0.0017914000054588541,0.0016856000002007931,0.0,0.0,4.380983074711912e-05,4.381059841908326e-05,4.279861318850902,4.279786324907348,7.499394355381384e-05,0.0,3.872150616019659e-17,3.872150616019659e-17,True,0.0037309000035747886,0.0,,
404,arpack_matvec,central_difference,1.0,0.0019916115427092624,0.2636037275855084,96859229.28243165,328.8934791358431,328.8973669373113,328.8935745574604,328.8974623589286,2,sparse_direct,not_applicable,1.5488602464078636e-16,1.5488602464078636e-16,0.001639699999941513,0.0016297999973176047,0.0,0.0,4.381004439905767e-05,4.381038412377119e-05,4.279840446909774,4.2798072591713225,3.318773845162326e-05,3.872150616019659e-17,3.872150616019659e-17,7.744301232039318e-17,True,0.00350099999923259,0.0,,
405,arpack_matvec,central_difference,1.0,0.0019916115427092624,0.20607687330560595,52563398.965281114,328.8934791358431,328.89688628819545,328.89405520657624,328.8974623589286,2,sparse_direct,not_applicable,1.5488602464078636e-16,1.5488602464078636e-16,0.0017493999912403524,0.0016449999966425821,0.0,0.0,4.381003651341179e-05,4.3810392598806596e-05,4.279841217265356,4.279806431250916,3.478601444051321e-05,3.872150616019659e-17,3.872150616019659e-17,7.744301232039318e-17,True,0.004109800007427111,0.0,,
406,arpack_matvec,central_difference,1.0,0.0019916115427092624,0.2880260620101998,100227622.49469014,328.8934791358431,328.89697896234907,328.8939625324226,328.8974623589286,2,sparse_direct,not_applicable,1.815070601259215e-16,1.9360753080098294e-16,0.0016359000001102686,0.00484409999626223,0.0,0.015625,4.381017001841764e-05,4.381025845593573e-05,4.279828175082993,4.279819535613722,8.639469270654843e-06,1.1616451848058975e-16,3.872150616019659e-17,1.5488602464078636e-16,True,0.0067236000031698495,0.015625,,
407,arpack_matvec,central_difference,1.0,0.0019916115427092624,0.2508863624873214,60212442.97656836,328.8938489871764,328.8974623589286,328.8934791358431,328.8970925075953,2,sparse_direct,not_applicable,1.1616451848058975e-16,1.2584489502063891e-16,0.0022410000092349946,0.0018315000052098185,0.0,0.0,4.381029047825636e-05,4.38101385019269e-05,4.2798164073588785,4.2798312539403,1.4846581421146254e-05,3.872150616019659e-17,3.872150616019659e-17,0.0,True,0.004383200008305721,0.0,,
408,arpack_matvec,central_difference,1.0,0.0019916115427092624,0.256885492907471,73484116.88684937,328.8934791358431,328.8973299234172,328.8936115713545,328.8974623589286,2,sparse_direct,not_applicable,3.097720492815727e-16,1.5488602464078636e-16,0.002144600002793595,0.0016486999957123771,0.0,0.0,4.3810358581390996e-05,4.381006996446326e-05,4.279809754390894,4.279837949405045,2.8195014150966813e-05,7.744301232039318e-17,0.0,7.744301232039318e-17,True,0.004037199993035756,0.0,,
409,arpack_matvec,central_difference,1.0,0.0019916115427092624,0.22918359019820853,51023703.54648068,328.8934791358431,328.89711846982414,328.89382302494755,328.8974623589286,2,sparse_direct,not_applicable,1.1616451848058975e-16,1.1616451848058975e-16,0.0016462000057799742,0.0021640999912051484,0.0,0.015625,4.3810607888341886e-05,4.380982111870928e-05,4.279785399871026,4.2798622594678175,7.685959679193388e-05,7.744301232039318e-17,7.744301232039318e-17,0.0,True,0.0040720999968471006,0.015625,,
410,arpack_matvec,central_difference,1.0,0.0019916115427092624,0.2415868806827492,73957760.82882173,328.89348597980944,328.8974623589286,328.8934791358431,328.89745551496225,2,sparse_direct,not_applicable,1.5488602464078636e-16,2.323290369611795e-16,0.0026141999987885356,0.0017809999990276992,0.0,0.0,4.381058147680115e-05,4.380984704160434e-05,4.279787979972056,4.279859727013867,7.174704181078795e-05,7.744301232039318e-17,0.0,7.744301232039318e-17,True,0.0047519000072497874,0.0,,
411,arpack_matvec,central_difference,1.0,0.0019916115427092624,0.2508507529698634,42489566.01418776,328.8935974270403,328.8974623589286,328.8934791358431,328.8973440677314,2,sparse_direct,not_applicable,1.5488602464078636e-16,1.9360753080098294e-16,0.001650799997150898,0.002125800005160272,0.0,0.0,4.381079722380684e-05,4.380963172139272e-05,4.279766904084372,4.279880762121123,0.00011385803675079131,7.744301232039318e-17,1.5488602464078636e-16,7.744301232039318e-17,True,0.0040166999970097095,0.0,,
412,arpack_matvec,central_difference,1.0,0.0019916115427092624,0.2867925248914369,94768433.80987613,328.8937362739003,328.8974623589286,328.8934791358431,328.8972052208714,2,sparse_direct,not_applicable,1.1616451848058975e-16,1.1616451848058975e-16,0.0017751999985193834,0.0016934000013861805,0.0,0.0,4.381061546207938e-05,4.380981296132193e-05,4.279784660005338,4.279863056378187,7.839637284945411e-05,7.744301232039318e-17,3.872150616019659e-17,3.872150616019659e-17,True,0.003715400001965463,0.0,,
413,arpack_matvec,central_difference,1.0,0.0019916115427092624,0.23822005863498985,62969780.07804499,328.8935973245384,328.8974623589286,328.8934791358431,328.8973441702333,2,sparse_direct,not_applicable,1.8876734253095837e-16,1.9360753080098294e-16,0.0016814999980852008,0.002686299994820729,0.015625,0.0,4.3811015155303815e-05,4.3809413690627477e-05,4.279745615008901,4.279902062239046,0.00015644723014496265,3.872150616019659e-17,1.1616451848058975e-16,7.744301232039318e-17,True,0.004609099996741861,0.015625,,
414,arpack_matvec,central_difference,1.0,0.0019916115427092624,0.26654260512064787,84186024.10506275,328.8938958717407,328.8974623589286,328.8934791358431,328.897045623031,2,sparse_direct,not_applicable,2.323290369611795e-16,1.1616451848058975e-16,0.0018801999976858497,0.0017299000028287992,0.0,0.0,4.381077297867426e-05,4.380965546505387e-05,4.279769272531878,4.279878442540257,0.00010917000837906699,3.872150616019659e-17,0.0,3.872150616019659e-17,True,0.0038564999995287508,0.0,,
415,arpack_matvec,central_difference,1.0,0.0019916115427092624,0.2590320272480394,46475085.376829594,328.8941084205394,328.8974623589286,328.8934791358431,328.8968330742323,2,sparse_direct,not_applicable,2.323290369611795e-16,1.5488602464078636e-16,0.0016758999990997836,0.0020297000010032207,0.0,0.0,4.381103136399743e-05,4.3809397546879395e-05,4.279744031638611,4.279903639381498,0.00015960774288714674,1.1616451848058975e-16,3.872150616019659e-17,1.5488602464078636e-16,True,0.003939200003514998,0.0,,
416,arpack_matvec,central_difference,1.0,0.0019916115427092624,0.22669541202688082,68657077.07400312,328.8934791358431,328.897314473189,328.8936270215827,328.8974623589286,2,sparse_direct,not_applicable,1.5488602464078636e-16,1.5488602464078636e-16,0.001661800008150749,0.0016493999864906073,0.0,0.0,4.3810911563190636e-05,4.3809516901880104e-05,4.279755734585881,4.279891979177551,0.00013624459166994285,1.1616451848058975e-16,0.0,1.1616451848058975e-16,True,0.003541300000506453,0.0,,
417,arpack_matvec,central_difference,1.0,0.0019916115427092624,0.24030707547786778,48351316.77685632,328.8934791358431,328.89717081660916,328.8937706781625,328.8974623589286,2,sparse_direct,not_applicable,1.5488602464078636e-16,1.645664011808355e-16,0.0016125999973155558,0.0015962000034051016,0.015625,0.0,4.381128777314541e-05,4.380914107012857e-05,4.279718984086336,4.279928695699711,0.0002097116133752408,3.872150616019659e-17,7.744301232039318e-17,3.872150616019659e-17,True,0.003435999999055639,0.015625,,
418,arpack_matvec,central_difference,1.0,0.0019916115427092624,0.25413796785439413,79336057.90987664,328.8938960642811,328.8974623589286,328.8934791358431,328.8970454304906,2,sparse_direct,not_applicable,2.2748884869115496e-16,1.9360753080098294e-16,0.002681099998881109,0.0016719000122975558,0.0,0.0,4.381100298981678e-05,4.380942541878859e-05,4.2797468034133255,4.279900916472342,0.00015411305901658068,3.872150616019659e-17,1.9360753080098294e-16,1.5488602464078636e-16,True,0.005139100001542829,0.0,,
419,arpack_matvec,central_difference,1.0,0.0019916115427092624,0.17185013506282548,49447091.77604772,328.8937897911198,328.8974623589286,328.8934791358431,328.8971517036519,2,sparse_direct,not_applicable,1.5488602464078636e-16,1.1616451848058975e-16,0.0021447999897645786,0.0016402000037487596,0.0,0.0,4.381222082851456e-05,4.380820784156553e-05,4.279627840229645,4.280019869292592,0.00039202906294733,7.744301232039318e-17,1.5488602464078636e-16,2.323290369611795e-16,True,0.004030600000987761,0.0,,
420,arpack_matvec,central_difference,1.0,0.0019916115427092624,0.21003645960156048,66822249.632844694,328.8937174336087,328.8974623589286,328.8934791358431,328.897224061163,2,sparse_direct,not_applicable,2.323290369611795e-16,1.5488602464078636e-16,0.0016105999966384843,0.0016095000028144568,0.0,0.0,4.38110479606478e-05,4.3809380405554896e-05,4.279742410371404,4.279905313982153,0.00016290361074844384,3.872150616019659e-17,3.872150616019659e-17,0.0,True,0.0034579999919515103,0.0,,
421,arpack_matvec,central_difference,1.0,0.0019916115427092624,0.3164835607346839,60396700.60285434,328.8941208403819,328.8974623589286,328.8934791358431,328.8968206543898,2,sparse_direct,not_applicable,1.5488602464078636e-16,1.1616451848058975e-16,0.0016008999955374748,0.0015859999984968454,0.015625,0.0,4.3810948112455884e-05,4.380948064860815e-05,4.2797521642014384,4.279895520878698,0.00014335667725973167,7.744301232039318e-17,7.744301232039318e-17,1.5488602464078636e-16,True,0.0034102999925380573,0.015625,,
422,arpack_matvec,central_difference,1.0,0.0019916115427092624,0.3014780082920522,74895824.01269308,328.8941297823386,328.8974623589286,328.8934791358431,328.8968117124331,2,sparse_direct,not_applicable,1.9360753080098294e-16,1.5488602464078636e-16,0.0027397000085329637,0.001707999996142462,0.0,0.0,4.3810881365080984e-05,4.38095470757167e-05,4.279758684550112,4.279889031400871,0.00013034685075918873,1.1616451848058975e-16,0.0,1.1616451848058975e-16,True,0.004926000008708797,0.0,,
423,arpack_matvec,central_difference,1.0,0.0019916115427092624,0.2417138384789294,64999408.71367194,328.8939611643448,328.8974623589286,328.8934791358431,328.8969803304269,2,sparse_direct,not_applicable,1.5488602464078636e-16,1.1616451848058975e-16,0.0020554999937303364,0.0016949999990174547,0.0,0.0,4.381129119646014e-05,4.3809137677502306e-05,4.279718649678821,4.279929027141946,0.0002103774631248001,3.872150616019659e-17,3.872150616019659e-17,0.0,True,0.00400469999294728,0.0,,
424,arpack_matvec,central_difference,1.0,0.0019916115427092624,0.26873890293462416,78527768.66836469,328.893757160141,328.8974623589286,328.8934791358431,328.8971843346308,2,sparse_direct,not_applicable,1.5488602464078636e-16,1.452056481007372e-16,0.001644300005864352,0.001647099998081103,0.0,0.015625,4.381084314791817e-05,4.3809585280598326e-05,4.279762417877816,4.2798852990520535,0.00012288117423775446,1.1616451848058975e-16,3.872150616019659e-17,7.744301232039318e-17,True,0.0035282000026199967,0.015625,,
425,arpack_matvec,central_difference,1.0,0.0019916115427092624,0.25768732879352335,41224172.3248309,328.89385700490834,328.8974623589286,328.8934791358431,328.89708448986335,2,sparse_direct,not_applicable,1.5488602464078636e-16,2.710505431213761e-16,0.0016112000012071803,0.0015916999982437119,0.0,0.0,4.381112407663275e-05,4.380930481637942e-05,4.2797349748897595,4.279912698589491,0.0001777236997311249,0.0,3.872150616019659e-17,3.872150616019659e-17,True,0.003425899994908832,0.0,,
426,arpack_matvec,central_difference,1.0,0.0019916115427092624,0.26717805232285374,85794660.09753299,328.8934791358431,328.8973458915135,328.8935956032582,328.8974623589286,2,sparse_direct,not_applicable,2.323290369611795e-16,1.5488602464078636e-16,0.003036399997654371,0.0017557999963173643,0.0,0.0,4.381078775227812e-05,4.38096407213139e-05,4.2797678293344585,4.279879882894796,0.0001120535603371664,3.872150616019659e-17,0.0,3.872150616019659e-17,True,0.0050463999941712245,0.0,,
427,arpack_matvec,central_difference,1.0,0.0019916115427092624,0.2726300086328287,47236510.19797269,328.89404514917294,328.8974623589286,328.8934791358431,328.89689634559863,2,sparse_direct,not_applicable,1.1616451848058975e-16,1.9360753080098294e-16,0.0021412999922176823,0.0017111000051954761,0.0,0.0,4.3810891426605785e-05,4.380953742717552e-05,4.27975770166899,4.279889973996661,0.00013227232767132335,7.744301232039318e-17,7.744301232039318e-17,1.5488602464078636e-16,True,0.004103500003111549,0.0,,
428,arpack_matvec,central_difference,1.0,0.0019916115427092624,0.21567249790464227,60319452.52183699,328.89365349594686,328.8974623589286,328.8934791358431,328.8972879988248,2,sparse_direct,not_applicable,1.1616451848058975e-16,1.5488602464078636e-16,0.0016370000084862113,0.0016303000011248514,0.015625,0.0,4.3810716450309136e-05,4.380971213263434e-05,4.279774794659332,4.279872906545057,9.811188572506069e-05,0.0,0.0,0.0,True,0.003497900004731491,0.015625,,
429,arpack_matvec,central_difference,1.0,0.0019916115427092624,0.24486178806785777,53265898.74426954,328.89377298792897,328.8974623589286,328.8934791358431,328.8971685068427,2,sparse_direct,not_applicable,2.323290369611795e-16,1.1616451848058975e-16,0.0016211000038310885,0.0016577999922446907,0.0,0.0,4.381068142164994e-05,4.3809747620432515e-05,4.279778216536552,4.279869439662134,9.122312558229595e-05,0.0,0.0,0.0,True,0.0035042000090470538,0.0,,
430,arpack_matvec,central_difference,1.0,0.0019916115427092624,0.21218319431781835,71887303.68108171,328.8934791358431,328.89736612316545,328.89357537160623,328.8974623589286,2,sparse_direct,not_applicable,1.5488602464078636e-16,1.9360753080098294e-16,0.002892799995606765,0.0018485000036889687,0.0,0.0,4.3810475301626706e-05,4.380995324486133e-05,4.279798352085854,4.279849351859164,5.099977330935701e-05,3.872150616019659e-17,0.0,3.872150616019659e-17,True,0.005049400002462789,0.0,,
431,arpack_matvec,central_difference,1.0,0.0019916115427092624,0.19284173605649021,51743156.72220876,328.8939829493615,328.8974623589286,328.8934791358431,328.8969585454102,2,sparse_direct,not_applicable,1.5488602464078636e-16,1.1616451848058975e-16,0.0022437000006902963,0.0017435000045225024,0.0,0.015625,4.3810421807957245e-05,4.381000745314044e-05,4.279803577831441,4.279844056190851,4.047835941012323e-05,3.872150616019659e-17,3.872150616019659e-17,7.744301232039318e-17,True,0.004627700007404201,0.015625,,
432,arpack_matvec,central_difference,1.0,0.0019916115427092624,0.272529600932487,97689253.32806751,328.8934791358431,328.89705205395467,328.893889440817,328.8974623589286,2,sparse_direct,not_applicable,1.5488602464078636e-16,1.5488602464078636e-16,0.0016657999949529767,0.0016543000092497095,0.0,0.0,4.381033228253303e-05,4.381009621810988e-05,4.279812323513359,4.279835384668539,2.3061155180137405e-05,3.872150616019659e-17,1.1616451848058975e-16,1.5488602464078636e-16,True,0.0035480999940773472,0.0,,
433,arpack_matvec,central_difference,1.0,0.0019916115427092624,0.2388628307984669,58916830.635122806,328.8936005842871,328.8974623589286,328.8934791358431,328.89734091048456,2,sparse_direct,not_applicable,1.5488602464078636e-16,2.323290369611795e-16,0.0016227000014623627,0.0015829000039957464,0.0,0.0,4.38103515962263e-05,4.381007754216832e-05,4.279810436767888,4.279837209133594,2.677236570569619e-05,7.744301232039318e-17,0.0,7.744301232039318e-17,True,0.003444600006332621,0.0,,
434,arpack_matvec,central_difference,1.0,0.0019916115427092624,0.2512945020893284,74631280.38059694,328.8938765075494,328.8974623589286,328.8934791358431,328.8970649872223,2,sparse_direct,not_applicable,2.323290369611795e-16,1.645664011808355e-16,0.002829300006851554,0.0028411999956006184,0.0,0.0,4.381028986029123e-05,4.381013867881465e-05,4.2798164677277395,4.279831236660059,1.4768932319775274e-05,3.872150616019659e-17,3.872150616019659e-17,7.744301232039318e-17,True,0.006008800002746284,0.0,,
435,arpack_matvec,central_difference,1.0,0.0019916115427092624,0.1998671942660458,41568537.37023068,328.8934791358431,328.8974178530537,328.893523641718,328.8974623589286,2,sparse_direct,not_applicable,1.5488602464078636e-16,1.1616451848058975e-16,0.0017025999986799434,0.0016506999963894486,0.0,0.015625,4.381031356250406e-05,4.381011576156347e-05,4.279814152265636,4.279833475457327,1.9323191691178465e-05,3.872150616019659e-17,7.744301232039318e-17,3.872150616019659e-17,True,0.0035906000121030957,0.015625,,
436,arpack_matvec,central_difference,1.0,0.0019916115427092624,0.2700056455187918,74899268.7166694,328.8937438867273,328.8974623589286,328.8934791358431,328.8971976080444,2,sparse_direct,not_applicable,1.5488602464078636e-16,1.9360753080098294e-16,0.0016222999984165654,0.0015947000065352768,0.0,0.0,4.381024667802649e-05,4.3810181783357006e-05,4.279820686196745,4.279827025762973,6.339566228419358e-06,3.872150616019659e-17,7.744301232039318e-17,3.872150616019659e-17,True,0.003485499997623265,0.0,,
437,arpack_matvec,central_difference,1.0,0.0019916115427092624,0.27184934021468576,41502088.25833689,328.8934791358431,328.89700272879185,328.89393876597984,328.8974623589286,2,sparse_direct,not_applicable,1.1616451848058975e-16,1.5488602464078636e-16,0.0016044000076362863,0.001596699992660433,0.0,0.0,4.381022697307079e-05,4.381020188004818e-05,4.279822611173693,4.279825062513357,2.4513396637004803e-06,0.0,7.744301232039318e-17,7.744301232039318e-17,True,0.00342100000125356,0.0,,
438,arpack_matvec,central_difference,1.0,0.0019916115427092624,0.2989128829151171,92884844.76777934,328.89390468964933,328.8974623589286,328.8934791358431,328.89703680512235,2,sparse_direct,not_applicable,1.5488602464078636e-16,1.5488602464078636e-16,0.00350550000439398,0.0017865000118035823,0.0,0.0,4.381019935350727e-05,4.3810229061176144e-05,4.279825309331525,4.279822407186618,2.9021449066135574e-06,3.872150616019659e-17,1.1616451848058975e-16,1.5488602464078636e-16,True,0.005597700001089834,0.0,,
439,arpack_matvec,central_difference,1.0,0.0019916115427092624,0.31454851431615977,60956433.18628338,328.8934791358431,328.8967064199098,328.8942350748619,328.8974623589286,2,sparse_direct,not_applicable,1.9360753080098294e-16,1.1616451848058975e-16,0.001832599999033846,0.0019537000043783337,0.0,0.015625,4.3810165794122526e-05,4.381026285441218e-05,4.2798285877556435,4.279819105927064,9.481828579183116e-06,7.744301232039318e-17,3.872150616019659e-17,3.872150616019659e-17,True,0.00404619998880662,0.015625,,
440,arpack_matvec,central_difference,1.0,0.0019916115427092624,0.25634207127680675,80282097.28271246,328.8934791358431,328.8970238449569,328.8939176498148,328.8974623589286,2,sparse_direct,not_applicable,1.2342480088562662e-16,2.710505431213761e-16,0.0021258999913698062,0.0022367999918060377,0.0,0.0,4.38101474446613e-05,4.381028101335789e-05,4.279830380320912,4.279817331982661,1.3048338250776226e-05,7.744301232039318e-17,3.872150616019659e-17,1.1616451848058975e-16,True,0.004653900003177114,0.0,,
441,arpack_matvec,central_difference,1.0,0.0019916115427092624,0.21116739635835838,49807167.87806427,328.8936001078142,328.8974623589286,328.8934791358431,328.89734138695746,2,sparse_direct,not_applicable,1.5488602464078636e-16,1.5488602464078636e-16,0.002307000002474524,0.003678700013551861,0.0,0.0,4.3810077622555365e-05,4.381035156698151e-05,4.279837201280527,4.279810439624796,2.676165573145539e-05,3.872150616019659e-17,1.1616451848058975e-16,7.744301232039318e-17,True,0.006674100004602224,0.0,,
442,arpack_matvec,central_difference,1.0,0.0019916115427092624,0.2316968507809175,78659007.12770125,328.8934791358431,328.89724320196126,328.8936982928104,328.8974623589286,2,sparse_direct,not_applicable,1.4036545983071262e-16,2.323290369611795e-16,0.0018409999902360141,0.001690499993856065,0.0,0.0,4.3810088054539045e-05,4.3810340344934936e-05,4.27983618217297,4.279811535900965,2.4646272004602565e-05,0.0,1.1616451848058975e-16,1.1616451848058975e-16,True,0.0038050999864935875,0.015625,,
443,arpack_matvec,central_difference,1.0,0.0019916115427092624,0.2953234678483015,52584275.21918679,328.8934791358431,328.8967208569364,328.8942206378353,328.8974623589286,2,sparse_direct,not_applicable,1.5004583637076176e-16,1.4036545983071262e-16,0.0016484999941894785,0.0016426999936811626,0.0,0.0,4.381003702086996e-05,4.38103915535577e-05,4.279841167691319,4.2798065333605475,3.46343307713326e-05,7.744301232039318e-17,3.872150616019659e-17,1.1616451848058975e-16,True,0.0035549999884096906,0.0,,
444,arpack_matvec,central_difference,1.0,0.0019916115427092624,0.22546754687120132,73695158.6239346,328.8934791358431,328.89721193997343,328.89372955479826,328.8974623589286,2,sparse_direct,not_applicable,1.9360753080098294e-16,1.5488602464078636e-16,0.0016472999996040016,0.0023059999948600307,0.0,0.0,4.3810046323527475e-05,4.381038207103368e-05,4.279840258906692,4.2798074597018925,3.2799204799260906e-05,7.744301232039318e-17,7.744301232039318e-17,1.5488602464078636e-16,True,0.004185700003290549,0.0,,
445,arpack_matvec,central_difference,1.0,0.0019916115427092624,0.17833001323607578,50543648.49601934,328.8934791358431,328.89715000614325,328.89379148862844,328.8974623589286,2,sparse_direct,not_applicable,2.323290369611795e-16,1.9360753080098294e-16,0.0029894000035710633,0.0018356000073254108,0.0,0.0,4.380980531996245e-05,4.3810623200984316e-05,4.279863802877102,4.279783904004985,7.989887211756752e-05,3.872150616019659e-17,0.0,3.872150616019659e-17,True,0.005111400008900091,0.0,,
446,arpack_matvec,central_difference,1.0,0.0019916115427092624,0.225870397440794,79165463.51235014,328.8936329692962,328.8974623589286,328.8934791358431,328.89730852547547,2,sparse_direct,not_applicable,1.9360753080098294e-16,1.1616451848058975e-16,0.0017118999967351556,0.0016448999958811328,0.015625,0.0,4.381002796916385e-05,4.381040037020755e-05,4.2798420519606575,4.279805672068359,3.637989229865468e-05,1.1616451848058975e-16,7.744301232039318e-17,3.872150616019659e-17,True,0.00360250000085216,0.015625,,
447,arpack_matvec,central_difference,1.0,0.0019916115427092624,0.3359103763577037,62825373.21549212,328.8942686786594,328.8974623589286,328.8934791358431,328.8966728161123,2,sparse_direct,not_applicable,1.1616451848058975e-16,1.5488602464078636e-16,0.001633599997148849,0.0016226000007009134,0.0,0.0,4.381005844131511e-05,4.381037025333345e-05,4.279839075110157,4.279808614165581,3.0460944576482518e-05,1.1616451848058975e-16,1.5488602464078636e-16,3.872150616019659e-17,True,0.003482100000837818,0.0,,
448,arpack_matvec,central_difference,1.0,0.0019916115427092624,0.2634389763765992,77044694.41592824,328.8934791358431,328.8972214729575,328.8937200218143,328.8974623589286,2,sparse_direct,not_applicable,1.9360753080098294e-16,1.5488602464078636e-16,0.0016051999991759658,0.0015860999992582947,0.0,0.0,4.381003914480974e-05,4.381038931265817e-05,4.279840960201779,4.279806752272468,3.420792931052574e-05,1.1616451848058975e-16,0.0,1.1616451848058975e-16,True,0.003422100009629503,0.0,,
449,arpack_matvec,central_difference,1.0,0.0019916115427092624,0.2519641551862808,53668527.84541306,328.8934791358431,328.8969627826088,328.8939787121629,328.8974623589286,2,sparse_direct,not_applicable,2.4684960177125323e-16,1.9360753080098294e-16,0.0018447999900672585,0.0016660999972373247,0.0,0.0,4.3809948241667194e-05,4.3810480551219615e-05,4.279849840627538,4.279797839258814,5.200136872396399e-05,3.872150616019659e-17,3.872150616019659e-17,0.0,True,0.0038507999997818843,0.0,,
450,arpack_matvec,central_difference,1.0,0.0019916115427092624,0.2605413653159888,72791271.2487746,328.8939828857829,328.8974623589286,328.8934791358431,328.8969586089889,2,sparse_direct,not_applicable,2.323290369611795e-16,1.1616451848058975e-16,0.001636699991649948,0.0021400000114226714,0.0,0.0,4.3810023974193e-05,4.381040444298518e-05,4.279842442233081,4.279805274201755,3.7168031325585105e-05,7.744301232039318e-17,1.5488602464078636e-16,7.744301232039318e-17,True,0.004015099999378435,0.0,,
451,arpack_matvec,central_difference,1.0,0.0019916115427092624,0.2027116091574735,47247463.20275599,328.8934791358431,328.8973725840199,328.8935689107518,328.8974623589286,2,sparse_direct,not_applicable,1.9360753080098294e-16,1.5488602464078636e-16,0.0017033000040100887,0.001597900001797825,0.0,0.0,4.3809866919305074e-05,4.381056225914935e-05,4.279857785127785,4.279789857315577,6.792781220799071e-05,7.744301232039318e-17,7.744301232039318e-17,1.5488602464078636e-16,True,0.003550800000084564,0.0,,
452,arpack_matvec,central_difference,1.0,0.0019916115427092624,0.2642237635103451,84282544.44118935,328.8935357216195,328.8974623589286,328.8934791358431,328.8974057731522,2,sparse_direct,not_applicable,2.710505431213761e-16,1.5488602464078636e-16,0.0034297999955015257,0.0017580999992787838,0.015625,0.0,4.381002601763287e-05,4.381040242433811e-05,4.279842242607528,4.27980547140187,3.6771205658148176e-05,0.0,3.872150616019659e-17,3.872150616019659e-17,True,0.005436099992948584,0.015625,,
453,arpack_matvec,central_difference,1.0,0.0019916115427092624,0.2286748308135582,39292087.48974482,328.89353335100907,328.8974623589286,328.8934791358431,328.8974081437625,2,sparse_direct,not_applicable,1.1616451848058975e-16,1.9360753080098294e-16,0.001663100003497675,0.0016355000116163865,0.0,0.0,4.380991167161722e-05,4.3810517364026615e-05,4.279853413205444,4.279794243059058,5.9170146386122724e-05,3.872150616019659e-17,7.744301232039318e-17,3.872150616019659e-17,True,0.0035380000044824556,0.0,,
454,arpack_matvec,central_difference,1.0,0.0019916115427092624,0.21650106014940815,67418829.90478328,328.8937275568274,328.8974623589286,328.8934791358431,328.8972139379443,2,sparse_direct,not_applicable,1.5488602464078636e-16,1.9360753080098294e-16,0.0019937000033678487,0.00167350000992883,0.0,0.0,4.381000204929278e-05,4.381042652137262e-05,4.279844584098274,4.2798031173818725,4.1466716401927783e-05,3.872150616019659e-17,3.872150616019659e-17,7.744301232039318e-17,True,0.003910600004019216,0.0,,
455,arpack_matvec,central_difference,1.0,0.0019916115427092624,0.23548950277332031,55194271.060597524,328.893754911896,328.8974623589286,328.8934791358431,328.8971865828757,2,sparse_direct,not_applicable,1.1616451848058975e-16,1.5488602464078636e-16,0.001615100001799874,0.0016193000046769157,0.0,0.015625,4.3809939522119297e-05,4.381048965700806e-05,4.279850692451486,4.279796949724504,5.374272698244198e-05,7.744301232039318e-17,3.872150616019659e-17,1.1616451848058975e-16,True,0.003464900000835769,0.015625,,
456,arpack_matvec,central_difference,1.0,0.0019916115427092624,0.2396301163287661,86099256.06579046,328.8934791358431,328.8971046135641,328.89383688120756,328.8974623589286,2,sparse_direct,not_applicable,1.4036545983071262e-16,2.323290369611795e-16,0.003634799999417737,0.001701800007140264,0.0,0.0,4.381000239465663e-05,4.381042619447388e-05,4.279844550359321,4.279803149316331,4.1401042990329984e-05,7.744301232039318e-17,3.872150616019659e-17,1.1616451848058975e-16,True,0.005583999998634681,0.0,,
457,arpack_matvec,central_difference,1.0,0.0019916115427092624,0.21312843166691103,46375659.27982427,328.8936628352612,328.8974623589285,328.89347913584305,328.8972786595105,2,sparse_direct,not_applicable,7.744301232039318e-17,1.5488602464078636e-16,0.0016556999908061698,0.001639699999941513,0.0,0.0,4.3809937768769444e-05,4.38104915530636e-05,4.27985086373855,4.279796764501,5.409923754928769e-05,7.744301232039318e-17,1.9360753080098294e-16,1.1616451848058975e-16,True,0.0035319000016897917,0.0,,
458,arpack_matvec,central_difference,1.0,0.0019916115427092624,0.23652658066972648,85668109.99067822,328.8934791358431,328.89705867261654,328.89388282215515,328.8974623589286,2,sparse_direct,not_applicable,1.6940658945086007e-16,1.9360753080098294e-16,0.0020708999945782125,0.0016724000015528873,0.0,0.0,4.3810001559142764e-05,4.38104270718249e-05,4.279844631981539,4.279803063608661,4.1568372878053594e-05,0.0,0.0,0.0,True,0.003975699990405701,0.0,,
459,arpack_matvec,central_difference,1.0,0.0019916115427092624,0.22782615138838644,59013661.10354138,328.89362395148214,328.8974623589286,328.8934791358431,328.89731754328955,2,sparse_direct,not_applicable,1.1616451848058975e-16,1.5488602464078636e-16,0.0017305000073974952,0.0025210000021615997,0.0,0.015625,4.380998674742129e-05,4.38104425411068e-05,4.279846078954509,4.279801552428307,4.4526526202126604e-05,7.744301232039318e-17,3.872150616019659e-17,1.1616451848058975e-16,True,0.004515799999353476,0.015625,,
460,arpack_matvec,central_difference,1.0,0.0019916115427092624,0.2682402659069105,74276039.82878178,328.89380804261197,328.8974623589286,328.8934791358431,328.8971334521597,2,sparse_direct,not_applicable,1.1616451848058975e-16,2.323290369611795e-16,0.002282999994349666,0.0019247000018367544,0.0,0.0,4.381012719363747e-05,4.381030130871278e-05,4.279832358652238,4.279815349334539,1.7009317699212545e-05,3.872150616019659e-17,3.872150616019659e-17,0.0,True,0.004538699999102391,0.0,,
461,arpack_matvec,central_difference,1.0,0.0019916115427092624,0.22653244921145935,44372624.49840473,328.8938011824056,328.8974623589286,328.8934791358431,328.8971403123661,2,sparse_direct,not_applicable,1.1616451848058975e-16,1.1616451848058975e-16,0.0019500000053085387,0.0032852000003913417,0.0,0.0,4.381014103383725e-05,4.381028809541567e-05,4.279831006596904,4.279816640138007,1.4366458897185908e-05,7.744301232039318e-17,3.872150616019659e-17,3.872150616019659e-17,True,0.005519099999219179,0.0,,
462,arpack_matvec,central_difference,1.0,0.0019916115427092624,0.25152953022016417,87503459.61287974,328.89363995537684,328.8974623589286,328.8934791358431,328.89730153939485,2,sparse_direct,not_applicable,2.710505431213761e-16,1.5488602464078636e-16,0.0033626999938860536,0.004164700003457256,0.015625,0.0,4.381020432716297e-05,4.3810224130057445e-05,4.2798248234543665,4.279822888907785,1.9345465815945317e-06,3.872150616019659e-17,3.872150616019659e-17,7.744301232039318e-17,True,0.007981899994774722,0.015625,,
463,arpack_matvec,central_difference,1.0,0.0019916115427092624,0.23034649091904086,46704385.8124843,328.8936455463292,328.8974623589286,328.8934791358431,328.8972959484425,2,sparse_direct,not_applicable,1.5488602464078636e-16,1.1616451848058975e-16,0.0018165999936172739,0.0016761000006226823,0.0,0.0,4.381025970539254e-05,4.381016922463392e-05,4.279819413554422,4.279828252627955,8.839073533550845e-06,1.5488602464078636e-16,0.0,1.5488602464078636e-16,True,0.003760200008400716,0.0,,
464,arpack_matvec,central_difference,1.0,0.0019916115427092624,0.23039165179389795,66377168.76210073,328.8935071460625,328.8974623589286,328.8934791358431,328.89743434870906,2,sparse_direct,not_applicable,1.5488602464078636e-16,2.323290369611795e-16,0.002726300008362159,0.0020512999908532947,0.0,0.0,4.381028374192e-05,4.381014467830282e-05,4.279817065430008,4.279830650567567,1.3585137559779525e-05,0.0,3.872150616019659e-17,3.872150616019659e-17,True,0.005050599997048266,0.0,,
465,arpack_matvec,central_difference,1.0,0.0019916115427092624,0.2502519267278516,53834203.03778838,328.8934791358431,328.8969490069366,328.8939924878351,328.8974623589286,2,sparse_direct,not_applicable,2.323290369611795e-16,1.1616451848058975e-16,0.0018140000029234216,0.001708900002995506,0.015625,0.0,4.381034318775669e-05,4.381008562591856e-05,4.279811258187063,4.279836419426507,2.5161239443960426e-05,3.872150616019659e-17,3.872150616019659e-17,0.0,True,0.003779000006034039,0.015625,,
466,arpack_matvec,central_difference,1.0,0.0019916115427092624,0.2584653756459534,76362053.58651897,328.8934791358431,328.89716938580335,328.89377210896845,328.8974623589286,2,sparse_direct,not_applicable,1.1616451848058975e-16,1.5488602464078636e-16,0.0024407999881077558,0.0018645000091055408,0.0,0.0,4.381033295452206e-05,4.381009551516999e-05,4.279812257867043,4.279835453339173,2.319547212970008e-05,0.0,0.0,0.0,True,0.0045529000053647906,0.0,,
467,arpack_matvec,central_difference,1.0,0.0019916115427092624,0.3332689060814173,59056959.60768168,328.8943298338385,328.8974623589286,328.8934791358431,328.89661166093316,2,sparse_direct,not_applicable,1.1616451848058975e-16,1.5488602464078636e-16,0.0016633000050205737,0.002014099998632446,0.0,0.0,4.381037029113099e-05,4.3810058408243935e-05,4.279808610473162,4.279839078340906,3.0467867744299326e-05,1.1616451848058975e-16,3.872150616019659e-17,1.5488602464078636e-16,True,0.003909100007149391,0.0,,
468,arpack_matvec,central_difference,1.0,0.0019916115427092624,0.21203580411001366,74670986.904669,328.8934791358431,328.89745834128854,328.89348315348315,328.8974623589286,2,sparse_direct,not_applicable,1.5488602464078636e-16,1.5488602464078636e-16,0.0016566999984206632,0.0015869999915594235,0.0,0.0,4.381049665280663e-05,4.380993168957521e-05,4.279796266313,4.279851457623171,5.5191310170954466e-05,1.1616451848058975e-16,7.744301232039318e-17,3.872150616019659e-17,True,0.0034783000010065734,0.0,,
469,arpack_matvec,central_difference,1.0,0.0019916115427092624,0.21062050421598058,53041041.72884409,328.8934791358431,328.8967533780805,328.89418811669117,328.8974623589286,2,sparse_direct,not_applicable,1.1616451848058975e-16,1.5488602464078636e-16,0.0015980000025592744,0.001589899999089539,0.015625,0.0,4.381072023828281e-05,4.3809708336680814e-05,4.279774424620352,4.279873277380639,9.88527602867606e-05,3.872150616019659e-17,1.1616451848058975e-16,7.744301232039318e-17,True,0.003412699996260926,0.015625,,
470,arpack_matvec,central_difference,1.0,0.0019916115427092624,0.2185126982071083,74786226.58789784,328.8934975860072,328.8974623589286,328.8934791358431,328.8974439087645,2,sparse_direct,not_applicable,1.5488602464078636e-16,1.5488602464078636e-16,0.0015930999943520874,0.0029907000134699047,0.0,0.0,4.381047726205318e-05,4.3809951142507915e-05,4.279798160573903,4.279849557240718,5.139666681497346e-05,3.872150616019659e-17,0.0,3.872150616019659e-17,True,0.0048211999965133145,0.0,,
471,arpack_matvec,central_difference,1.0,0.0019916115427092624,0.21914121193871972,52668929.42565023,328.8934791358431,328.89683696375675,328.89410453101493,328.8974623589286,2,sparse_direct,not_applicable,1.9360753080098294e-16,2.323290369611795e-16,0.0021770000021206215,0.0018183000065619126,0.0,0.0,4.38107819491603e-05,4.380964655871813e-05,4.279768396226804,4.279879312623385,0.00011091639658111774,1.1616451848058975e-16,0.0,1.1616451848058975e-16,True,0.004296200000680983,0.0,,
472,arpack_matvec,central_difference,1.0,0.0019916115427092624,0.2121305495338123,72079378.70626338,328.8935138673397,328.8974623589286,328.8934791358431,328.89742762743197,2,sparse_direct,not_applicable,3.4849355544176928e-16,1.1616451848058975e-16,0.0016863999917404726,0.0016219999961322173,0.0,0.0,4.381058409649651e-05,4.380984422770587e-05,4.279787724058083,4.279860001908492,7.227785040964108e-05,0.0,0.0,0.0,True,0.003546799998730421,0.0,,
473,arpack_matvec,central_difference,1.0,0.0019916115427092624,0.35622697307984214,65294043.45625842,328.8943822495448,328.8974623589286,328.8934791358431,328.8965592452269,2,sparse_direct,not_applicable,2.323290369611795e-16,1.9360753080098294e-16,0.0016318999987561256,0.0016330000071320683,0.015625,0.0,4.381045538435199e-05,4.380997327174898e-05,4.2798002977839475,4.279847395408252,4.709762430454845e-05,7.744301232039318e-17,7.744301232039318e-17,0.0,True,0.003489499998977408,0.015625,,
474,arpack_matvec,central_difference,1.0,0.0019916115427092624,0.2509546796708803,68949121.5909066,328.8934791358431,328.8971316426309,328.8938098521408,328.8974623589286,2,sparse_direct,not_applicable,1.1616451848058975e-16,2.710505431213761e-16,0.0015927000058582053,0.0029467999993357807,0.0,0.0,4.381048639870683e-05,4.38099420809998e-05,4.2797972680242715,4.279850442471094,5.317444682262362e-05,7.744301232039318e-17,3.872150616019659e-17,1.1616451848058975e-16,True,0.0048150000075111166,0.0,,
475,arpack_matvec,central_difference,1.0,0.0019916115427092624,0.2335678459109732,50828272.266389176,328.8934791358431,328.8971518783706,328.8937896164011,328.8974623589286,2,sparse_direct,not_applicable,1.9360753080098294e-16,1.1616451848058975e-16,0.002136899987817742,0.0016781000012997538,0.0,0.0,4.3810657124434276e-05,4.3809771789098844e-05,4.279780590084477,4.279867078573906,8.64884894289375e-05,3.872150616019659e-17,7.744301232039318e-17,3.872150616019659e-17,True,0.004075799995916896,0.0,,
476,arpack_matvec,central_difference,1.0,0.0019916115427092624,0.22496162598802608,61865570.805148296,328.89360736989215,328.8974623589286,328.8934791358431,328.8973341248794,2,sparse_direct,not_applicable,1.5488602464078636e-16,2.323290369611795e-16,0.001651099999435246,0.0016223999991780147,0.0,0.015625,4.381058053377095e-05,4.3809847899653186e-05,4.279788072095221,4.279859643189592,7.157109437105902e-05,7.744301232039318e-17,0.0,7.744301232039318e-17,True,0.00350550000439398,0.015625,,
477,arpack_matvec,central_difference,1.0,0.0019916115427092624,0.23094062374961635,44993969.47385954,328.8934791358431,328.89736763564525,328.89357385912643,328.8974623589286,2,sparse_direct,not_applicable,1.5004583637076176e-16,1.1616451848058975e-16,0.001603799988515675,0.0016511000139871612,0.0,0.0,4.3810723460213546e-05,4.380970547652974e-05,4.279774109876936,4.279873556795531,9.944691859509192e-05,7.744301232039318e-17,3.872150616019659e-17,1.1616451848058975e-16,True,0.0036890999908791855,0.0,,
478,arpack_matvec,central_difference,1.0,0.0019916115427092624,0.24255590872254842,84204723.41689618,328.8934791358431,328.89742104692516,328.8935204478465,328.8974623589286,2,sparse_direct,not_applicable,2.710505431213761e-16,1.5488602464078636e-16,0.0019571000011637807,0.003054800006793812,0.0,0.0,4.38105174963104e-05,4.380991096514206e-05,4.279794230136422,4.279853482222022,5.925208560064732e-05,1.1616451848058975e-16,3.872150616019659e-17,1.5488602464078636e-16,True,0.0053730999934487045,0.0,,
479,arpack_matvec,central_difference,1.0,0.0019916115427092624,0.2474323776752578,40063356.9263552,328.89409555733084,328.8974623589286,328.8934791358431,328.89684593744084,2,sparse_direct,not_applicable,1.1616451848058975e-16,1.1616451848058975e-16,0.001771399998688139,0.0019293999939691275,0.0,0.0,4.3810590811085285e-05,4.380983818722442e-05,4.279787068120464,4.27986059201373,7.352389326609199e-05,7.744301232039318e-17,1.5488602464078636e-16,7.744301232039318e-17,True,0.0041019000054802746,0.0,,
480,arpack_matvec,central_difference,1.0,0.0019916115427092624,0.26522207446988144,69416755.00469501,328.89393504640987,328.8974623589286,328.8934791358431,328.8970064483618,2,sparse_direct,not_applicable,1.9360753080098294e-16,1.452056481007372e-16,0.0020564000005833805,0.0018388000025879592,0.015625,0.0,4.381045156641661e-05,4.380997693734515e-05,4.279800670754332,4.279847037311916,4.636655758449848e-05,3.872150616019659e-17,1.5488602464078636e-16,1.1616451848058975e-16,True,0.00424629999906756,0.015625,,
481,arpack_matvec,central_difference,1.0,0.0019916115427092624,0.24347625492878117,59868536.74059877,328.89375926873885,328.8974623589286,328.8934791358431,328.89718222603284,2,sparse_direct,not_applicable,1.5488602464078636e-16,1.5488602464078636e-16,0.0018837999959941953,0.0016789000073913485,0.0,0.0,4.3810616869087673e-05,4.380981228136286e-05,4.27978452255709,4.279863122804669,7.860024757899708e-05,1.5488602464078636e-16,1.5488602464078636e-16,3.097720492815727e-16,True,0.0038186000019777566,0.0,,
482,arpack_matvec,central_difference,1.0,0.0019916115427092624,0.21987695150050254,82652888.15367156,328.8934791358431,328.8972085459631,328.8937329488086,328.8974623589286,2,sparse_direct,not_applicable,1.9360753080098294e-16,1.1616451848058975e-16,0.003965399999287911,0.002495900000212714,0.0,0.0,4.381055556293585e-05,4.380987308498051e-05,4.279790511458997,4.279857182792918,6.667133392124214e-05,1.5488602464078636e-16,3.872150616019659e-17,1.1616451848058975e-16,True,0.006854999999632128,0.0,,
483,ritz_0_real,central_difference,1.0,0.0019916115427092624,0.091233955813705,12058.933307872403,328.8934791358431,328.89746235892005,328.89347913585163,328.8974623589286,2,sparse_direct,not_applicable,1.2584489502063891e-16,2.710505431213761e-16,0.0021100000012665987,0.0016937999898800626,0.0,0.0,4.381021998643057e-05,4.3810219986454755e-05,4.27982329369893,4.279823293696568,2.362554596402333e-12,0.0,0.0,0.0,True,0.004227599987643771,0.0,,
484,ritz_1_real,central_difference,1.0,0.0019916115427092624,0.10571708569020902,133016.655222956,328.8934791358431,328.8974623589283,328.8934791358434,328.8974623589286,2,sparse_direct,not_applicable,1.9360753080098294e-16,1.1616451848058975e-16,0.0016495000018039718,0.0016414999990956858,0.015625,0.0,4.381021837255855e-05,4.381021837255633e-05,4.279823451358201,4.279823451358419,2.1760371282653068e-13,7.744301232039318e-17,3.872150616019659e-17,1.1616451848058975e-16,True,0.003523999999742955,0.015625,,
485,ritz_2_real,central_difference,1.0,0.0019916115427092624,0.0971792511398509,44727.198393713035,328.8934948402623,328.8974623589286,328.8934791358431,328.8974466545094,2,sparse_direct,not_applicable,2.323290369611795e-16,2.323290369611795e-16,0.0016384000045945868,0.0015988999948604032,0.0,0.0,4.381021926475345e-05,4.3810219264807505e-05,4.2798233641996175,4.279823364194337,5.2802207051172445e-12,7.744301232039318e-17,3.872150616019659e-17,1.1616451848058975e-16,True,0.003460699997958727,0.0,,
486,ritz_3_real,central_difference,1.0,0.0019916115427092624,0.11831520050177509,317516.5038422784,328.89347913584373,328.8974623589286,328.8934791358431,328.89746235892795,2,sparse_direct,not_applicable,1.9360753080098294e-16,2.323290369611795e-16,0.0015859999984968454,0.0027172999980393797,0.0,0.0,4.381021716909746e-05,4.381021716910354e-05,4.279823568924407,4.279823568923813,5.933031843596837e-13,3.872150616019659e-17,0.0,3.872150616019659e-17,True,0.004572399993776344,0.0,,
487,ritz_4_real,central_difference,1.0,0.0019916115427092624,0.11573075946175639,237072.60959304913,328.8934791358431,328.8974466544883,328.8934948402834,328.8974623589286,2,sparse_direct,not_applicable,7.744301232039318e-17,9.680376540049147e-17,0.001852300003520213,0.001655400003073737,0.0,0.0,4.381021750917938e-05,4.3810217509241476e-05,4.2798235357017775,4.279823535695711,6.066258606551855e-12,0.0,7.744301232039318e-17,7.744301232039318e-17,True,0.003798699995968491,0.0,,
488,ritz_5_real,central_difference,1.0,0.0019916115427092624,0.13531662933000713,466858.3075493046,328.89347913594474,328.8974623589286,328.8934791358431,328.89746235882694,2,sparse_direct,not_applicable,3.097720492815727e-16,1.1616451848058975e-16,0.001632600004086271,0.0015803999995114282,0.015625,0.0,4.381021625364739e-05,4.381021625364732e-05,4.279823658354798,4.279823658354805,7.105427357601002e-15,3.872150616019659e-17,1.5488602464078636e-16,1.1616451848058975e-16,True,0.003435700011323206,0.015625,,
489,ritz_6_real,central_difference,1.0,0.0019916115427092624,0.1309555342959184,410679.8229480147,328.89349484030066,328.8974623589286,328.8934791358431,328.897446654471,2,sparse_direct,not_applicable,1.1616451848058975e-16,2.0812809561105665e-16,0.001590200001373887,0.0016421000036643818,0.0,0.0,4.381021648351261e-05,4.381021648359049e-05,4.279823635899246,4.2798236358916375,7.608136343151273e-12,3.872150616019659e-17,3.872150616019659e-17,0.0,True,0.003452399992966093,0.0,,
490,ritz_7_real,central_difference,1.0,0.0019916115427092624,0.1409101073235094,545358.0112516767,328.8934791359204,328.8974623589286,328.8934791358431,328.8974623588514,2,sparse_direct,not_applicable,1.5488602464078636e-16,1.1616451848058975e-16,0.0015945999912219122,0.002053499993053265,0.0,0.0,4.3810216036159735e-05,4.381021603616419e-05,4.2798236796011855,4.27982367960075,4.3520742565306136e-13,1.1616451848058975e-16,0.0,1.1616451848058975e-16,True,0.0038695999974152073,0.0,,
491,ritz_8_real,central_difference,1.0,0.0019916115427092624,0.13884112862722653,511097.45990155265,328.8934791358431,328.89744665451957,328.8934948402521,328.8974623589286,2,sparse_direct,not_applicable,1.5488602464078636e-16,1.5488602464078636e-16,0.0034654999908525497,0.001954399995156564,0.0,0.015625,4.3810216107659446e-05,4.381021610759493e-05,4.279823672616373,4.279823672622675,6.302514066192089e-12,3.872150616019659e-17,7.744301232039318e-17,1.1616451848058975e-16,True,0.00568570000177715,0.015625,,
492,ritz_9_real,central_difference,1.0,0.0019916115427092624,0.14293423400400224,577815.7677986489,328.8934791358431,328.89708199508505,328.89385949968664,328.8974623589286,2,sparse_direct,not_applicable,1.9360753080098294e-16,1.5488602464078636e-16,0.001739700004691258,0.0016651999903842807,0.0,0.0,4.3810215984499365e-05,4.381021598441628e-05,4.279823684647891,4.279823684656008,8.117062577639444e-12,1.1616451848058975e-16,1.1616451848058975e-16,2.323290369611795e-16,True,0.003644899989012629,0.0,,
