model,step,stage,anchor_loss,constitutive_loss,local_current_cv_loss,local_energy_cv_loss,external_robin_loss,interface_state_loss,interface_flux_loss,port_loss,ledger_loss,total_loss,finite
B0-R,1,1,0.043816771475058476,0.0,0.0,0.0,0.0,0.0,0.0,0.0,0.0,0.21908385737529237,True
B0-R,5,1,0.03637574695041999,0.0,0.0,0.0,0.0,0.0,0.0,0.0,0.0,0.18187873475209998,True
B0-R,10,1,0.03000660683636854,0.0,0.0,0.0,0.0,0.0,0.0,0.0,0.0,0.1500330341818427,True
B0-R,15,1,0.025434738596290786,0.0,0.0,0.0,0.0,0.0,0.0,0.0,0.0,0.12717369298145392,True
B0-R,20,1,0.02238491935849934,0.0,0.0,0.0,0.0,0.0,0.0,0.0,0.0,0.11192459679249671,True
B0-R,25,1,0.0201704058860012,0.0,0.0,0.0,0.0,0.0,0.0,0.0,0.0,0.10085202943000598,True
B0-R,30,1,0.018326997311945033,0.0,0.0,0.0,0.0,0.0,0.0,0.0,0.0,0.09163498655972517,True
B0-R,35,1,0.017231867567880102,0.0,0.0,0.0,0.0,0.0,0.0,0.0,0.0,0.08615933783940051,True
B0-R,40,1,0.01646273092288559,0.0,0.0,0.0,0.0,0.0,0.0,0.0,0.0,0.08231365461442794,True
B0-R,45,1,0.0154769138416756,0.0,0.0,0.0,0.0,0.0,0.0,0.0,0.0,0.077384569208378,True
B0-R,50,1,0.014437782103201277,0.0,0.0,0.0,0.0,0.0,0.0,0.0,0.0,0.07218891051600639,True
B0-R,55,1,0.013103034636852286,0.0,0.0,0.0,0.0,0.0,0.0,0.0,0.0,0.06551517318426142,True
B0-R,60,1,0.011510385636128016,0.0,0.0,0.0,0.0,0.0,0.0,0.0,0.0,0.05755192818064008,True
B0-R,65,1,0.009703544296029157,0.0,0.0,0.0,0.0,0.0,0.0,0.0,0.0,0.048517721480145784,True
B0-R,70,1,0.007839281625679411,0.0,0.0,0.0,0.0,0.0,0.0,0.0,0.0,0.03919640812839706,True
B0-R,75,1,0.006054644393780305,0.0,0.0,0.0,0.0,0.0,0.0,0.0,0.0,0.030273221968901524,True
B0-R,80,1,0.004506140257618214,0.0,0.0,0.0,0.0,0.0,0.0,0.0,0.0,0.02253070128809107,True
B0-R,85,1,0.003354997817823604,0.0,0.0,0.0,0.0,0.0,0.0,0.0,0.0,0.016774989089118023,True
B0-R,90,1,0.002590174282520352,0.0,0.0,0.0,0.0,0.0,0.0,0.0,0.0,0.01295087141260176,True
B0-R,95,1,0.002126943382036316,0.0,0.0,0.0,0.0,0.0,0.0,0.0,0.0,0.010634716910181578,True
B0-R,100,1,0.0018540660112098646,0.0,0.0,0.0,0.0,0.0,0.0,0.0,0.0,0.009270330056049323,True
B0-R,105,1,0.0016753503818791975,0.0,0.0,0.0,0.0,0.0,0.0,0.0,0.0,0.008376751909395987,True
B0-R,110,1,0.0015350047704459806,0.0,0.0,0.0,0.0,0.0,0.0,0.0,0.0,0.007675023852229903,True
B0-R,115,1,0.001404463299783376,0.0,0.0,0.0,0.0,0.0,0.0,0.0,0.0,0.00702231649891688,True
B0-R,120,1,0.00129897647595158,0.0,0.0,0.0,0.0,0.0,0.0,0.0,0.0,0.006494882379757901,True
B0-R,125,1,0.001217791627541471,0.0,0.0,0.0,0.0,0.0,0.0,0.0,0.0,0.006088958137707355,True
B0-R,130,1,0.0011477105391512574,0.0,0.0,0.0,0.0,0.0,0.0,0.0,0.0,0.005738552695756287,True
B0-R,135,1,0.0010892101537021376,0.0,0.0,0.0,0.0,0.0,0.0,0.0,0.0,0.005446050768510688,True
B0-R,140,1,0.0010405344760394592,0.0,0.0,0.0,0.0,0.0,0.0,0.0,0.0,0.005202672380197296,True
B0-R,145,1,0.000998436228189492,0.0,0.0,0.0,0.0,0.0,0.0,0.0,0.0,0.0049921811409474595,True
B0-R,150,1,0.0009606230277526616,0.0,0.0,0.0,0.0,0.0,0.0,0.0,0.0,0.004803115138763308,True
B0-R,155,1,0.0009262511597144215,0.0,0.0,0.0,0.0,0.0,0.0,0.0,0.0,0.004631255798572108,True
B0-R,160,1,0.0008942089392338532,0.0,0.0,0.0,0.0,0.0,0.0,0.0,0.0,0.004471044696169266,True
B0-R,165,1,0.0008642395897223593,0.0,0.0,0.0,0.0,0.0,0.0,0.0,0.0,0.0043211979486117965,True
B0-R,170,1,0.0008362405321147332,0.0,0.0,0.0,0.0,0.0,0.0,0.0,0.0,0.004181202660573665,True
B0-R,175,1,0.0008100001973854938,0.0,0.0,0.0,0.0,0.0,0.0,0.0,0.0,0.004050000986927468,True
B0-R,180,1,0.0007854807915633438,0.0,0.0,0.0,0.0,0.0,0.0,0.0,0.0,0.0039274039578167195,True
B0-R,185,1,0.0007689648637719106,0.0,0.0,0.0,0.0,0.0,0.0,0.0,0.0,0.0038448243188595526,True
B0-R,190,1,0.0007427438253032069,0.0,0.0,0.0,0.0,0.0,0.0,0.0,0.0,0.0037137191265160345,True
B0-R,195,1,0.0007322583148962992,0.0,0.0,0.0,0.0,0.0,0.0,0.0,0.0,0.003661291574481496,True
B0-R,200,1,0.0007049297730448378,0.0,0.0,0.0,0.0,0.0,0.0,0.0,0.0,0.0035246488652241888,True
B0-R,205,1,0.0006915661071689044,0.0,0.0,0.0,0.0,0.0,0.0,0.0,0.0,0.003457830535844522,True
B0-R,210,1,0.0006722559639604099,0.0,0.0,0.0,0.0,0.0,0.0,0.0,0.0,0.0033612798198020496,True
B0-R,215,1,0.0006584792763510729,0.0,0.0,0.0,0.0,0.0,0.0,0.0,0.0,0.0032923963817553647,True
B0-R,220,1,0.0006436140735549929,0.0,0.0,0.0,0.0,0.0,0.0,0.0,0.0,0.003218070367774964,True
B0-R,225,1,0.0006301697784248167,0.0,0.0,0.0,0.0,0.0,0.0,0.0,0.0,0.0031508488921240833,True
B0-R,230,1,0.0006177022335407134,0.0,0.0,0.0,0.0,0.0,0.0,0.0,0.0,0.0030885111677035667,True
B0-R,235,1,0.0006053472535717578,0.0,0.0,0.0,0.0,0.0,0.0,0.0,0.0,0.003026736267858789,True
B0-R,240,1,0.0005936459529985515,0.0,0.0,0.0,0.0,0.0,0.0,0.0,0.0,0.0029682297649927573,True
B0-R,245,1,0.0005824723529844837,0.0,0.0,0.0,0.0,0.0,0.0,0.0,0.0,0.0029123617649224184,True
B0-R,250,1,0.000571663661529225,0.0,0.0,0.0,0.0,0.0,0.0,0.0,0.0,0.002858318307646125,True
B0-R,255,1,0.0005611737057775941,0.0,0.0,0.0,0.0,0.0,0.0,0.0,0.0,0.0028058685288879707,True
B0-R,260,1,0.000550977198383463,0.0,0.0,0.0,0.0,0.0,0.0,0.0,0.0,0.002754885991917315,True
B0-R,265,1,0.0005410475702418325,0.0,0.0,0.0,0.0,0.0,0.0,0.0,0.0,0.0027052378512091623,True
B0-R,270,1,0.0005313614716481846,0.0,0.0,0.0,0.0,0.0,0.0,0.0,0.0,0.002656807358240923,True
B0-R,275,1,0.0005218920734570431,0.0,0.0,0.0,0.0,0.0,0.0,0.0,0.0,0.0026094603672852153,True
B0-R,280,1,0.0005125999314440086,0.0,0.0,0.0,0.0,0.0,0.0,0.0,0.0,0.002562999657220043,True
B0-R,285,1,0.0005034724359687266,0.0,0.0,0.0,0.0,0.0,0.0,0.0,0.0,0.0025173621798436335,True
B0-R,290,1,0.0004944764862395915,0.0,0.0,0.0,0.0,0.0,0.0,0.0,0.0,0.002472382431197958,True
B0-R,295,1,0.00048559324097144737,0.0,0.0,0.0,0.0,0.0,0.0,0.0,0.0,0.002427966204857237,True
B0-R,300,1,0.000476802540299356,0.0,0.0,0.0,0.0,0.0,0.0,0.0,0.0,0.00238401270149678,True
B0-R,301,2,0.0004750584002613142,0.0,0.0,0.0,0.0,0.0,0.0,0.0,0.0,0.002375292001306571,True
B0-R,305,2,0.00047293507044970755,0.0,0.0,0.0,0.0,0.0,0.0,0.0,0.0,0.0023646753522485377,True
B0-R,310,2,0.0004703000434773045,0.0,0.0,0.0,0.0,0.0,0.0,0.0,0.0,0.0023515002173865223,True
B0-R,315,2,0.0004676540145937626,0.0,0.0,0.0,0.0,0.0,0.0,0.0,0.0,0.0023382700729688128,True
B0-R,320,2,0.0004649932577197671,0.0,0.0,0.0,0.0,0.0,0.0,0.0,0.0,0.0023249662885988353,True
B0-R,325,2,0.00046231628761535715,0.0,0.0,0.0,0.0,0.0,0.0,0.0,0.0,0.002311581438076786,True
B0-R,330,2,0.00045962232874786283,0.0,0.0,0.0,0.0,0.0,0.0,0.0,0.0,0.0022981116437393143,True
B0-R,335,2,0.0004569107929230791,0.0,0.0,0.0,0.0,0.0,0.0,0.0,0.0,0.0022845539646153957,True
B0-R,340,2,0.0004541811704827409,0.0,0.0,0.0,0.0,0.0,0.0,0.0,0.0,0.0022709058524137044,True
B0-R,345,2,0.0004514330223318585,0.0,0.0,0.0,0.0,0.0,0.0,0.0,0.0,0.0022571651116592923,True
B0-R,350,2,0.0004486659781654034,0.0,0.0,0.0,0.0,0.0,0.0,0.0,0.0,0.002243329890827017,True
B0-R,355,2,0.00044587972623348274,0.0,0.0,0.0,0.0,0.0,0.0,0.0,0.0,0.0022293986311674135,True
B0-R,360,2,0.00044307400183955645,0.0,0.0,0.0,0.0,0.0,0.0,0.0,0.0,0.0022153700091977822,True
B0-R,365,2,0.00044024857903022656,0.0,0.0,0.0,0.0,0.0,0.0,0.0,0.0,0.002201242895151133,True
B0-R,370,2,0.00043740326590135893,0.0,0.0,0.0,0.0,0.0,0.0,0.0,0.0,0.0021870163295067946,True
B0-R,375,2,0.0004345379027246752,0.0,0.0,0.0,0.0,0.0,0.0,0.0,0.0,0.002172689513623376,True
B0-R,380,2,0.00043165236243968816,0.0,0.0,0.0,0.0,0.0,0.0,0.0,0.0,0.0021582618121984407,True
B0-R,385,2,0.0004287465527186151,0.0,0.0,0.0,0.0,0.0,0.0,0.0,0.0,0.0021437327635930757,True
B0-R,390,2,0.00042582041905511546,0.0,0.0,0.0,0.0,0.0,0.0,0.0,0.0,0.0021291020952755773,True
B0-R,395,2,0.00042287394819623544,0.0,0.0,0.0,0.0,0.0,0.0,0.0,0.0,0.002114369740981177,True
B0-R,400,2,0.0004199071717784169,0.0,0.0,0.0,0.0,0.0,0.0,0.0,0.0,0.0020995358588920847,True
B0-R,405,2,0.0004169201702581041,0.0,0.0,0.0,0.0,0.0,0.0,0.0,0.0,0.0020846008512905205,True
B0-R,410,2,0.00041391307704914595,0.0,0.0,0.0,0.0,0.0,0.0,0.0,0.0,0.0020695653852457296,True
B0-R,415,2,0.00041088608276507627,0.0,0.0,0.0,0.0,0.0,0.0,0.0,0.0,0.0020544304138253814,True
B0-R,420,2,0.0004078394394741473,0.0,0.0,0.0,0.0,0.0,0.0,0.0,0.0,0.0020391971973707365,True
B0-R,425,2,0.0004047734648985778,0.0,0.0,0.0,0.0,0.0,0.0,0.0,0.0,0.002023867324492889,True
B0-R,430,2,0.0004016885465433259,0.0,0.0,0.0,0.0,0.0,0.0,0.0,0.0,0.0020084427327166296,True
B0-R,435,2,0.000398585145765326,0.0,0.0,0.0,0.0,0.0,0.0,0.0,0.0,0.00199292572882663,True
B0-R,440,2,0.00039546380175139106,0.0,0.0,0.0,0.0,0.0,0.0,0.0,0.0,0.001977319008756955,True
B0-R,445,2,0.0003923251353384038,0.0,0.0,0.0,0.0,0.0,0.0,0.0,0.0,0.001961625676692019,True
B0-R,450,2,0.00038916985261742553,0.0,0.0,0.0,0.0,0.0,0.0,0.0,0.0,0.0019458492630871275,True
B0-R,455,2,0.0003859987482764759,0.0,0.0,0.0,0.0,0.0,0.0,0.0,0.0,0.0019299937413823796,True
B0-R,460,2,0.0003828127086417918,0.0,0.0,0.0,0.0,0.0,0.0,0.0,0.0,0.0019140635432089589,True
B0-R,465,2,0.0003796127143775148,0.0,0.0,0.0,0.0,0.0,0.0,0.0,0.0,0.001898063571887574,True
B0-R,470,2,0.00037639984278619253,0.0,0.0,0.0,0.0,0.0,0.0,0.0,0.0,0.0018819992139309627,True
B0-R,475,2,0.00037317526964969727,0.0,0.0,0.0,0.0,0.0,0.0,0.0,0.0,0.0018658763482484863,True
B0-R,480,2,0.0003699402705527572,0.0,0.0,0.0,0.0,0.0,0.0,0.0,0.0,0.001849701352763786,True
B0-R,485,2,0.0003666962216386853,0.0,0.0,0.0,0.0,0.0,0.0,0.0,0.0,0.0018334811081934265,True
B0-R,490,2,0.0003634445997419475,0.0,0.0,0.0,0.0,0.0,0.0,0.0,0.0,0.0018172229987097376,True
B0-R,495,2,0.00036018698184119263,0.0,0.0,0.0,0.0,0.0,0.0,0.0,0.0,0.0018009349092059633,True
B0-R,500,2,0.0003569250437788495,0.0,0.0,0.0,0.0,0.0,0.0,0.0,0.0,0.0017846252188942475,True
B0-R,505,2,0.0003536605582018907,0.0,0.0,0.0,0.0,0.0,0.0,0.0,0.0,0.0017683027910094535,True
B0-R,510,2,0.0003503953916788962,0.0,0.0,0.0,0.0,0.0,0.0,0.0,0.0,0.001751976958394481,True
B0-R,515,2,0.00034713150095382474,0.0,0.0,0.0,0.0,0.0,0.0,0.0,0.0,0.0017356575047691237,True
B0-R,520,2,0.0003438709283051667,0.0,0.0,0.0,0.0,0.0,0.0,0.0,0.0,0.0017193546415258335,True
B0-R,525,2,0.0003406157959887779,0.0,0.0,0.0,0.0,0.0,0.0,0.0,0.0,0.0017030789799438893,True
B0-R,530,2,0.0003373682997511766,0.0,0.0,0.0,0.0,0.0,0.0,0.0,0.0,0.001686841498755883,True
B0-R,535,2,0.0003341307014109508,0.0,0.0,0.0,0.0,0.0,0.0,0.0,0.0,0.001670653507054754,True
B0-R,540,2,0.00033090532051729336,0.0,0.0,0.0,0.0,0.0,0.0,0.0,0.0,0.0016545266025864667,True
B0-R,545,2,0.0003276945251082535,0.0,0.0,0.0,0.0,0.0,0.0,0.0,0.0,0.0016384726255412674,True
B0-R,550,2,0.00032450072160480025,0.0,0.0,0.0,0.0,0.0,0.0,0.0,0.0,0.0016225036080240013,True
B0-R,555,2,0.0003213263438908887,0.0,0.0,0.0,0.0,0.0,0.0,0.0,0.0,0.0016066317194544436,True
B0-R,560,2,0.0003181738416436591,0.0,0.0,0.0,0.0,0.0,0.0,0.0,0.0,0.0015908692082182954,True
B0-R,565,2,0.0003150456679928353,0.0,0.0,0.0,0.0,0.0,0.0,0.0,0.0,0.0015752283399641767,True
B0-R,570,2,0.0003119442666027912,0.0,0.0,0.0,0.0,0.0,0.0,0.0,0.0,0.001559721333013956,True
B0-R,575,2,0.0003088720582846394,0.0,0.0,0.0,0.0,0.0,0.0,0.0,0.0,0.001544360291423197,True
B0-R,580,2,0.000305831427258335,0.0,0.0,0.0,0.0,0.0,0.0,0.0,0.0,0.001529157136291675,True
B0-R,585,2,0.00030282470719671713,0.0,0.0,0.0,0.0,0.0,0.0,0.0,0.0,0.0015141235359835857,True
B0-R,590,2,0.00029985416719388916,0.0,0.0,0.0,0.0,0.0,0.0,0.0,0.0,0.0014992708359694458,True
B0-R,595,2,0.0002969219978088219,0.0,0.0,0.0,0.0,0.0,0.0,0.0,0.0,0.0014846099890441096,True
B0-R,600,2,0.0002940302973413418,0.0,0.0,0.0,0.0,0.0,0.0,0.0,0.0,0.001470151486706709,True
B0-R,605,2,0.0002911810585017548,0.0,0.0,0.0,0.0,0.0,0.0,0.0,0.0,0.001455905292508774,True
B0-R,610,2,0.0002883761556368952,0.0,0.0,0.0,0.0,0.0,0.0,0.0,0.0,0.001441880778184476,True
B0-R,615,2,0.000285617332673866,0.0,0.0,0.0,0.0,0.0,0.0,0.0,0.0,0.00142808666336933,True
B0-R,620,2,0.00028290619193848147,0.0,0.0,0.0,0.0,0.0,0.0,0.0,0.0,0.0014145309596924074,True
B0-R,625,2,0.0002802441839980994,0.0,0.0,0.0,0.0,0.0,0.0,0.0,0.0,0.0014012209199904969,True
B0-R,630,2,0.00027763259866823964,0.0,0.0,0.0,0.0,0.0,0.0,0.0,0.0,0.0013881629933411982,True
B0-R,635,2,0.0002750725573090025,0.0,0.0,0.0,0.0,0.0,0.0,0.0,0.0,0.0013753627865450125,True
B0-R,640,2,0.00027256500652137914,0.0,0.0,0.0,0.0,0.0,0.0,0.0,0.0,0.0013628250326068957,True
B0-R,645,2,0.0002701107133347723,0.0,0.0,0.0,0.0,0.0,0.0,0.0,0.0,0.0013505535666738615,True
B0-R,650,2,0.00026771026195623394,0.0,0.0,0.0,0.0,0.0,0.0,0.0,0.0,0.0013385513097811698,True
B0-R,655,2,0.00026536405212906916,0.0,0.0,0.0,0.0,0.0,0.0,0.0,0.0,0.0013268202606453458,True
B0-R,660,2,0.0002630722991242816,0.0,0.0,0.0,0.0,0.0,0.0,0.0,0.0,0.001315361495621408,True
B0-R,665,2,0.00026083503536308275,0.0,0.0,0.0,0.0,0.0,0.0,0.0,0.0,0.0013041751768154137,True
B0-R,670,2,0.00025865211364320694,0.0,0.0,0.0,0.0,0.0,0.0,0.0,0.0,0.0012932605682160346,True
B0-R,675,2,0.00025652321191635955,0.0,0.0,0.0,0.0,0.0,0.0,0.0,0.0,0.0012826160595817977,True
B0-R,680,2,0.00025444783953956925,0.0,0.0,0.0,0.0,0.0,0.0,0.0,0.0,0.0012722391976978463,True
B0-R,685,2,0.0002524253449000657,0.0,0.0,0.0,0.0,0.0,0.0,0.0,0.0,0.0012621267245003286,True
B0-R,690,2,0.0002504549242921233,0.0,0.0,0.0,0.0,0.0,0.0,0.0,0.0,0.0012522746214606165,True
B0-R,695,2,0.00024853563190555894,0.0,0.0,0.0,0.0,0.0,0.0,0.0,0.0,0.0012426781595277947,True
B0-R,700,2,0.0002466663907699681,0.0,0.0,0.0,0.0,0.0,0.0,0.0,0.0,0.0012333319538498403,True
B0-R,705,2,0.00024484600448633655,0.0,0.0,0.0,0.0,0.0,0.0,0.0,0.0,0.0012242300224316828,True
B0-R,710,2,0.00024307316956907374,0.0,0.0,0.0,0.0,0.0,0.0,0.0,0.0,0.0012153658478453687,True
B0-R,715,2,0.0002413464882166356,0.0,0.0,0.0,0.0,0.0,0.0,0.0,0.0,0.001206732441083178,True
B0-R,720,2,0.00023966448132802125,0.0,0.0,0.0,0.0,0.0,0.0,0.0,0.0,0.0011983224066401063,True
B0-R,725,2,0.00023802560158539624,0.0,0.0,0.0,0.0,0.0,0.0,0.0,0.0,0.0011901280079269813,True
B0-R,730,2,0.00023642824642975955,0.0,0.0,0.0,0.0,0.0,0.0,0.0,0.0,0.0011821412321487978,True
B0-R,735,2,0.00023487077076665862,0.0,0.0,0.0,0.0,0.0,0.0,0.0,0.0,0.001174353853833293,True
B0-R,740,2,0.00023335149925211385,0.0,0.0,0.0,0.0,0.0,0.0,0.0,0.0,0.0011667574962605691,True
B0-R,745,2,0.0002318687380246081,0.0,0.0,0.0,0.0,0.0,0.0,0.0,0.0,0.0011593436901230405,True
B0-R,750,2,0.00023042078576679409,0.0,0.0,0.0,0.0,0.0,0.0,0.0,0.0,0.0011521039288339705,True
B0-R,755,2,0.00022900594399977555,0.0,0.0,0.0,0.0,0.0,0.0,0.0,0.0,0.0011450297199988777,True
B0-R,760,2,0.00022762252653300613,0.0,0.0,0.0,0.0,0.0,0.0,0.0,0.0,0.0011381126326650308,True
B0-R,765,2,0.00022626886801325183,0.0,0.0,0.0,0.0,0.0,0.0,0.0,0.0,0.0011313443400662593,True
B0-R,770,2,0.0002249433315362377,0.0,0.0,0.0,0.0,0.0,0.0,0.0,0.0,0.0011247166576811884,True
B0-R,775,2,0.00022364431530399749,0.0,0.0,0.0,0.0,0.0,0.0,0.0,0.0,0.0011182215765199875,True
B0-R,780,2,0.00022237025832910388,0.0,0.0,0.0,0.0,0.0,0.0,0.0,0.0,0.0011118512916455194,True
B0-R,785,2,0.00022111964520346968,0.0,0.0,0.0,0.0,0.0,0.0,0.0,0.0,0.0011055982260173485,True
B0-R,790,2,0.0002198910099640517,0.0,0.0,0.0,0.0,0.0,0.0,0.0,0.0,0.0010994550498202584,True
B0-R,795,2,0.00021868293910025577,0.0,0.0,0.0,0.0,0.0,0.0,0.0,0.0,0.001093414695501279,True
B0-R,800,2,0.00021749407375809673,0.0,0.0,0.0,0.0,0.0,0.0,0.0,0.0,0.0010874703687904837,True
B0-R,805,2,0.00021632311120408547,0.0,0.0,0.0,0.0,0.0,0.0,0.0,0.0,0.0010816155560204274,True
B0-R,810,2,0.0002151688056175355,0.0,0.0,0.0,0.0,0.0,0.0,0.0,0.0,0.0010758440280876774,True
B0-R,815,2,0.00021402996828348586,0.0,0.0,0.0,0.0,0.0,0.0,0.0,0.0,0.0010701498414174293,True
B0-R,820,2,0.0002129054672600046,0.0,0.0,0.0,0.0,0.0,0.0,0.0,0.0,0.001064527336300023,True
B0-R,825,2,0.00021179422659340199,0.0,0.0,0.0,0.0,0.0,0.0,0.0,0.0,0.00105897113296701,True
B0-R,830,2,0.00021069522515306,0.0,0.0,0.0,0.0,0.0,0.0,0.0,0.0,0.0010534761257652999,True
B0-R,835,2,0.00020960749515454053,0.0,0.0,0.0,0.0,0.0,0.0,0.0,0.0,0.0010480374757727026,True
B0-R,840,2,0.00020853012043545077,0.0,0.0,0.0,0.0,0.0,0.0,0.0,0.0,0.0010426506021772538,True
B0-R,845,2,0.00020746223454366896,0.0,0.0,0.0,0.0,0.0,0.0,0.0,0.0,0.0010373111727183448,True
B0-R,850,2,0.00020640301869205644,0.0,0.0,0.0,0.0,0.0,0.0,0.0,0.0,0.0010320150934602823,True
B0-R,855,2,0.00020535169962798407,0.0,0.0,0.0,0.0,0.0,0.0,0.0,0.0,0.0010267584981399204,True
B0-R,860,2,0.00020430754746014214,0.0,0.0,0.0,0.0,0.0,0.0,0.0,0.0,0.0010215377373007108,True
B0-R,865,2,0.00020326987347921583,0.0,0.0,0.0,0.0,0.0,0.0,0.0,0.0,0.0010163493673960792,True
B0-R,870,2,0.00020223802800336358,0.0,0.0,0.0,0.0,0.0,0.0,0.0,0.0,0.001011190140016818,True
B0-R,875,2,0.00020121139827407515,0.0,0.0,0.0,0.0,0.0,0.0,0.0,0.0,0.0010060569913703757,True
B0-R,880,2,0.00020018940642303203,0.0,0.0,0.0,0.0,0.0,0.0,0.0,0.0,0.0010009470321151602,True
B0-R,885,2,0.00019917150752603484,0.0,0.0,0.0,0.0,0.0,0.0,0.0,0.0,0.0009958575376301743,True
B0-R,890,2,0.00019815718775601418,0.0,0.0,0.0,0.0,0.0,0.0,0.0,0.0,0.000990785938780071,True
B0-R,895,2,0.00019714596264361093,0.0,0.0,0.0,0.0,0.0,0.0,0.0,0.0,0.0009857298132180546,True
B0-R,900,2,0.0001961373754506459,0.0,0.0,0.0,0.0,0.0,0.0,0.0,0.0,0.0009806868772532294,True
B0-R,905,2,0.0001951309956592374,0.0,0.0,0.0,0.0,0.0,0.0,0.0,0.0,0.000975654978296187,True
B0-R,910,2,0.00019412641757708741,0.0,0.0,0.0,0.0,0.0,0.0,0.0,0.0,0.0009706320878854371,True
B0-R,915,2,0.00019312325905765964,0.0,0.0,0.0,0.0,0.0,0.0,0.0,0.0,0.0009656162952882982,True
B0-R,920,2,0.00019212116033250973,0.0,0.0,0.0,0.0,0.0,0.0,0.0,0.0,0.0009606058016625486,True
B0-R,925,2,0.00019111978295191268,0.0,0.0,0.0,0.0,0.0,0.0,0.0,0.0,0.0009555989147595634,True
B0-R,930,2,0.0001901188088289972,0.0,0.0,0.0,0.0,0.0,0.0,0.0,0.0,0.0009505940441449861,True
B0-R,935,2,0.00018911793938200956,0.0,0.0,0.0,0.0,0.0,0.0,0.0,0.0,0.0009455896969100478,True
B0-R,940,2,0.00018811689476880703,0.0,0.0,0.0,0.0,0.0,0.0,0.0,0.0,0.0009405844738440351,True
B0-R,945,2,0.00018711541320740047,0.0,0.0,0.0,0.0,0.0,0.0,0.0,0.0,0.0009355770660370023,True
B0-R,950,2,0.00018611325037614068,0.0,0.0,0.0,0.0,0.0,0.0,0.0,0.0,0.0009305662518807034,True
B0-R,955,2,0.0001851101788870877,0.0,0.0,0.0,0.0,0.0,0.0,0.0,0.0,0.0009255508944354385,True
B0-R,960,2,0.00018410598782601337,0.0,0.0,0.0,0.0,0.0,0.0,0.0,0.0,0.0009205299391300669,True
B0-R,965,2,0.0001831004823525705,0.0,0.0,0.0,0.0,0.0,0.0,0.0,0.0,0.0009155024117628524,True
B0-R,970,2,0.00018209348335419232,0.0,0.0,0.0,0.0,0.0,0.0,0.0,0.0,0.0009104674167709616,True
B0-R,975,2,0.0001810848271473875,0.0,0.0,0.0,0.0,0.0,0.0,0.0,0.0,0.0009054241357369375,True
B0-R,980,2,0.0001800743652202262,0.0,0.0,0.0,0.0,0.0,0.0,0.0,0.0,0.0009003718261011309,True
B0-R,985,2,0.0001790619640099212,0.0,0.0,0.0,0.0,0.0,0.0,0.0,0.0,0.0008953098200496061,True
B0-R,990,2,0.0001780475047095688,0.0,0.0,0.0,0.0,0.0,0.0,0.0,0.0,0.000890237523547844,True
B0-R,995,2,0.00017703088309825474,0.0,0.0,0.0,0.0,0.0,0.0,0.0,0.0,0.0008851544154912737,True
B0-R,1000,2,0.0001760120093889176,0.0,0.0,0.0,0.0,0.0,0.0,0.0,0.0,0.000880060046944588,True
B0-R,1005,2,0.00017499080808850337,0.0,0.0,0.0,0.0,0.0,0.0,0.0,0.0,0.0008749540404425168,True
B0-R,1010,2,0.00017396721786517962,0.0,0.0,0.0,0.0,0.0,0.0,0.0,0.0,0.000869836089325898,True
B0-R,1015,2,0.00017294119141753362,0.0,0.0,0.0,0.0,0.0,0.0,0.0,0.0,0.0008647059570876681,True
B0-R,1020,2,0.00017191269534095292,0.0,0.0,0.0,0.0,0.0,0.0,0.0,0.0,0.0008595634767047647,True
B0-R,1025,2,0.00017088170998658168,0.0,0.0,0.0,0.0,0.0,0.0,0.0,0.0,0.0008544085499329084,True
B0-R,1030,2,0.0001698482293085473,0.0,0.0,0.0,0.0,0.0,0.0,0.0,0.0,0.0008492411465427365,True
B0-R,1035,2,0.00016881226069541096,0.0,0.0,0.0,0.0,0.0,0.0,0.0,0.0,0.0008440613034770548,True
B0-R,1040,2,0.00016777382478213457,0.0,0.0,0.0,0.0,0.0,0.0,0.0,0.0,0.0008388691239106729,True
B0-R,1045,2,0.00016673295523915568,0.0,0.0,0.0,0.0,0.0,0.0,0.0,0.0,0.0008336647761957785,True
B0-R,1050,2,0.00016568969853557363,0.0,0.0,0.0,0.0,0.0,0.0,0.0,0.0,0.0008284484926778682,True
B0-R,1055,2,0.0001646441136737783,0.0,0.0,0.0,0.0,0.0,0.0,0.0,0.0,0.0008232205683688915,True
B0-R,1060,2,0.0001635962718933155,0.0,0.0,0.0,0.0,0.0,0.0,0.0,0.0,0.0008179813594665774,True
B0-R,1065,2,0.0001625462563421547,0.0,0.0,0.0,0.0,0.0,0.0,0.0,0.0,0.0008127312817107735,True
B0-R,1070,2,0.0001614941617140286,0.0,0.0,0.0,0.0,0.0,0.0,0.0,0.0,0.0008074708085701429,True
B0-R,1075,2,0.00016044009385091695,0.0,0.0,0.0,0.0,0.0,0.0,0.0,0.0,0.0008022004692545847,True
B0-R,1080,2,0.0001593841693102397,0.0,0.0,0.0,0.0,0.0,0.0,0.0,0.0,0.0007969208465511985,True
B0-R,1085,2,0.00015832651489679244,0.0,0.0,0.0,0.0,0.0,0.0,0.0,0.0,0.0007916325744839622,True
B0-R,1090,2,0.00015726726715991734,0.0,0.0,0.0,0.0,0.0,0.0,0.0,0.0,0.0007863363357995867,True
B0-R,1095,2,0.00015620657185684973,0.0,0.0,0.0,0.0,0.0,0.0,0.0,0.0,0.0007810328592842487,True
B0-R,1100,2,0.00015514458338364642,0.0,0.0,0.0,0.0,0.0,0.0,0.0,0.0,0.000775722916918232,True
B0-R,1105,2,0.00015408146417550853,0.0,0.0,0.0,0.0,0.0,0.0,0.0,0.0,0.0007704073208775426,True
B0-R,1110,2,0.00015301738407870892,0.0,0.0,0.0,0.0,0.0,0.0,0.0,0.0,0.0007650869203935446,True
B0-R,1115,2,0.0001519525196967154,0.0,0.0,0.0,0.0,0.0,0.0,0.0,0.0,0.0007597625984835769,True
B0-R,1120,2,0.00015088705371342633,0.0,0.0,0.0,0.0,0.0,0.0,0.0,0.0,0.0007544352685671317,True
B0-R,1125,2,0.00014982117419672133,0.0,0.0,0.0,0.0,0.0,0.0,0.0,0.0,0.0007491058709836067,True
B0-R,1130,2,0.000148755073885799,0.0,0.0,0.0,0.0,0.0,0.0,0.0,0.0,0.0007437753694289949,True
B0-R,1135,2,0.00014768894946598984,0.0,0.0,0.0,0.0,0.0,0.0,0.0,0.0,0.0007384447473299492,True
B0-R,1140,2,0.00014662300083486296,0.0,0.0,0.0,0.0,0.0,0.0,0.0,0.0,0.0007331150041743149,True
B0-R,1145,2,0.00014555743036361797,0.0,0.0,0.0,0.0,0.0,0.0,0.0,0.0,0.0007277871518180898,True
B0-R,1150,2,0.00014449244215779014,0.0,0.0,0.0,0.0,0.0,0.0,0.0,0.0,0.0007224622107889507,True
B0-R,1155,2,0.00014342824132136127,0.0,0.0,0.0,0.0,0.0,0.0,0.0,0.0,0.0007171412066068063,True
B0-R,1160,2,0.00014236503322834966,0.0,0.0,0.0,0.0,0.0,0.0,0.0,0.0,0.0007118251661417483,True
B0-R,1165,2,0.0001413030228059028,0.0,0.0,0.0,0.0,0.0,0.0,0.0,0.0,0.0007065151140295139,True
B0-R,1170,2,0.00014024241383287875,0.0,0.0,0.0,0.0,0.0,0.0,0.0,0.0,0.0007012120691643937,True
B0-R,1175,2,0.00013918340825771444,0.0,0.0,0.0,0.0,0.0,0.0,0.0,0.0,0.0006959170412885723,True
B0-R,1180,2,0.00013812620553931725,0.0,0.0,0.0,0.0,0.0,0.0,0.0,0.0,0.0006906310276965863,True
B0-R,1185,2,0.0001370710020144802,0.0,0.0,0.0,0.0,0.0,0.0,0.0,0.0,0.0006853550100724009,True
B0-R,1190,2,0.00013601799029516455,0.0,0.0,0.0,0.0,0.0,0.0,0.0,0.0,0.0006800899514758228,True
B0-R,1195,2,0.0001349673586987359,0.0,0.0,0.0,0.0,0.0,0.0,0.0,0.0,0.0006748367934936796,True
B0-R,1200,2,0.0001339192907140235,0.0,0.0,0.0,0.0,0.0,0.0,0.0,0.0,0.0006695964535701175,True
B0-R,1205,2,0.00013287396450578328,0.0,0.0,0.0,0.0,0.0,0.0,0.0,0.0,0.0006643698225289164,True
B0-R,1210,2,0.00013183155245988053,0.0,0.0,0.0,0.0,0.0,0.0,0.0,0.0,0.0006591577622994027,True
B0-R,1215,2,0.0001307922207711872,0.0,0.0,0.0,0.0,0.0,0.0,0.0,0.0,0.000653961103855936,True
B0-R,1220,2,0.00012975612907588192,0.0,0.0,0.0,0.0,0.0,0.0,0.0,0.0,0.0006487806453794096,True
B0-R,1225,2,0.00012872343012952325,0.0,0.0,0.0,0.0,0.0,0.0,0.0,0.0,0.0006436171506476162,True
B0-R,1230,2,0.00012769426953189965,0.0,0.0,0.0,0.0,0.0,0.0,0.0,0.0,0.0006384713476594982,True
B0-R,1235,2,0.0001266687854993461,0.0,0.0,0.0,0.0,0.0,0.0,0.0,0.0,0.0006333439274967304,True
B0-R,1240,2,0.000125647108684834,0.0,0.0,0.0,0.0,0.0,0.0,0.0,0.0,0.00062823554342417,True
B0-R,1245,2,0.00012462936204583083,0.0,0.0,0.0,0.0,0.0,0.0,0.0,0.0,0.0006231468102291542,True
B0-R,1250,2,0.00012361566075952374,0.0,0.0,0.0,0.0,0.0,0.0,0.0,0.0,0.0006180783037976188,True
B0-R,1255,2,0.00012260611218470823,0.0,0.0,0.0,0.0,0.0,0.0,0.0,0.0,0.0006130305609235412,True
B0-R,1260,2,0.00012160081586928787,0.0,0.0,0.0,0.0,0.0,0.0,0.0,0.0,0.0006080040793464393,True
B0-R,1265,2,0.00012059986360208942,0.0,0.0,0.0,0.0,0.0,0.0,0.0,0.0,0.0006029993180104471,True
B0-R,1270,2,0.00011960333951062349,0.0,0.0,0.0,0.0,0.0,0.0,0.0,0.0,0.0005980166975531174,True
B0-R,1275,2,0.0001186113204438006,0.0,0.0,0.0,0.0,0.0,0.0,0.0,0.0,0.000593056602219003,True
B0-R,1280,2,0.0001176238951822641,0.0,0.0,0.0,0.0,0.0,0.0,0.0,0.0,0.0005881194759113205,True
B0-R,1285,2,0.00011664288239640676,0.0,0.0,0.0,0.0,0.0,0.0,0.0,0.0,0.0005832144119820338,True
B0-R,1290,2,0.00011585057288600819,0.0,0.0,0.0,0.0,0.0,0.0,0.0,0.0,0.0005792528644300409,True
B0-R,1295,2,0.00012704385114957185,0.0,0.0,0.0,0.0,0.0,0.0,0.0,0.0,0.0006352192557478593,True
B0-R,1300,2,0.00012174162353173471,0.0,0.0,0.0,0.0,0.0,0.0,0.0,0.0,0.0006087081176586735,True
B0-R,1305,2,0.00011538884789137998,0.0,0.0,0.0,0.0,0.0,0.0,0.0,0.0,0.0005769442394568999,True
B0-R,1310,2,0.00011319821268645057,0.0,0.0,0.0,0.0,0.0,0.0,0.0,0.0,0.0005659910634322529,True
B0-R,1315,2,0.00011189274917194501,0.0,0.0,0.0,0.0,0.0,0.0,0.0,0.0,0.0005594637458597251,True
B0-R,1320,2,0.00011067966646816904,0.0,0.0,0.0,0.0,0.0,0.0,0.0,0.0,0.0005533983323408452,True
B0-R,1325,2,0.00010931632960075628,0.0,0.0,0.0,0.0,0.0,0.0,0.0,0.0,0.0005465816480037815,True
B0-R,1330,2,0.00010856419460885152,0.0,0.0,0.0,0.0,0.0,0.0,0.0,0.0,0.0005428209730442576,True
B0-R,1335,2,0.00010735650941294488,0.0,0.0,0.0,0.0,0.0,0.0,0.0,0.0,0.0005367825470647244,True
B0-R,1340,2,0.000106572110160049,0.0,0.0,0.0,0.0,0.0,0.0,0.0,0.0,0.0005328605508002451,True
B0-R,1345,2,0.00010555633536247647,0.0,0.0,0.0,0.0,0.0,0.0,0.0,0.0,0.0005277816768123824,True
B0-R,1350,2,0.0001047164559486086,0.0,0.0,0.0,0.0,0.0,0.0,0.0,0.0,0.000523582279743043,True
B0-R,1355,2,0.00010378843905079697,0.0,0.0,0.0,0.0,0.0,0.0,0.0,0.0,0.0005189421952539848,True
B0-R,1360,2,0.00010292800684744396,0.0,0.0,0.0,0.0,0.0,0.0,0.0,0.0,0.0005146400342372198,True
B0-R,1365,2,0.0001020397528237241,0.0,0.0,0.0,0.0,0.0,0.0,0.0,0.0,0.0005101987641186205,True
B0-R,1370,2,0.00010117726511316213,0.0,0.0,0.0,0.0,0.0,0.0,0.0,0.0,0.0005058863255658106,True
B0-R,1375,2,0.00010030926015648055,0.0,0.0,0.0,0.0,0.0,0.0,0.0,0.0,0.0005015463007824027,True
B0-R,1380,2,9.945146614845892e-05,0.0,0.0,0.0,0.0,0.0,0.0,0.0,0.0,0.0004972573307422946,True
B0-R,1385,2,9.859657642823651e-05,0.0,0.0,0.0,0.0,0.0,0.0,0.0,0.0,0.0004929828821411826,True
B0-R,1390,2,9.774644604646232e-05,0.0,0.0,0.0,0.0,0.0,0.0,0.0,0.0,0.0004887322302323116,True
B0-R,1395,2,9.69015504502065e-05,0.0,0.0,0.0,0.0,0.0,0.0,0.0,0.0,0.00048450775225103253,True
B0-R,1400,2,9.606046126889363e-05,0.0,0.0,0.0,0.0,0.0,0.0,0.0,0.0,0.0004803023063444682,True
B0-R,1405,2,9.522439302334523e-05,0.0,0.0,0.0,0.0,0.0,0.0,0.0,0.0,0.00047612196511672615,True
B0-R,1410,2,9.439261289280977e-05,0.0,0.0,0.0,0.0,0.0,0.0,0.0,0.0,0.00047196306446404884,True
B0-R,1415,2,9.356531912462667e-05,0.0,0.0,0.0,0.0,0.0,0.0,0.0,0.0,0.00046782659562313335,True
B0-R,1420,2,9.274258029616716e-05,0.0,0.0,0.0,0.0,0.0,0.0,0.0,0.0,0.0004637129014808358,True
B0-R,1425,2,9.192426418892064e-05,0.0,0.0,0.0,0.0,0.0,0.0,0.0,0.0,0.0004596213209446032,True
B0-R,1430,2,9.111043651608826e-05,0.0,0.0,0.0,0.0,0.0,0.0,0.0,0.0,0.00045555218258044134,True
B0-R,1435,2,9.030110249734201e-05,0.0,0.0,0.0,0.0,0.0,0.0,0.0,0.0,0.00045150551248671,True
B0-R,1440,2,8.949624436412515e-05,0.0,0.0,0.0,0.0,0.0,0.0,0.0,0.0,0.0004474812218206258,True
B0-R,1445,2,8.869587874529814e-05,0.0,0.0,0.0,0.0,0.0,0.0,0.0,0.0,0.00044347939372649074,True
B0-R,1450,2,8.790001845703069e-05,0.0,0.0,0.0,0.0,0.0,0.0,0.0,0.0,0.0004395000922851534,True
B0-R,1455,2,8.71086708668335e-05,0.0,0.0,0.0,0.0,0.0,0.0,0.0,0.0,0.0004355433543341675,True
B0-R,1460,2,8.632184912740657e-05,0.0,0.0,0.0,0.0,0.0,0.0,0.0,0.0,0.00043160924563703286,True
B0-R,1465,2,8.553957003484323e-05,0.0,0.0,0.0,0.0,0.0,0.0,0.0,0.0,0.0004276978501742162,True
B0-R,1470,2,8.476185136064277e-05,0.0,0.0,0.0,0.0,0.0,0.0,0.0,0.0,0.0004238092568032139,True
B0-R,1475,2,8.398871260950126e-05,0.0,0.0,0.0,0.0,0.0,0.0,0.0,0.0,0.0004199435630475063,True
B0-R,1480,2,8.32201756810224e-05,0.0,0.0,0.0,0.0,0.0,0.0,0.0,0.0,0.000416100878405112,True
B0-R,1485,2,8.245626470022007e-05,0.0,0.0,0.0,0.0,0.0,0.0,0.0,0.0,0.0004122813235011004,True
B0-R,1490,2,8.169700579629702e-05,0.0,0.0,0.0,0.0,0.0,0.0,0.0,0.0,0.0004084850289814851,True
B0-R,1495,2,8.094242704414993e-05,0.0,0.0,0.0,0.0,0.0,0.0,0.0,0.0,0.00040471213522074963,True
B0-R,1500,2,8.019255844228668e-05,0.0,0.0,0.0,0.0,0.0,0.0,0.0,0.0,0.00040096279221143343,True
B1-R,1,1,0.043816771475058476,0.0,0.0,0.0,637.0509635696925,0.0029097139842715098,0.0,0.0,0.0,637.2729571410521,True
B1-R,5,1,0.038747124153410445,0.0,0.0,0.0,575.3483734174486,0.001309840117164402,0.0,0.0,0.0,575.5434188783328,True
B1-R,10,1,0.03293340421581481,0.0,0.0,0.0,107.54196480319155,0.000904652359822049,0.0,0.0,0.0,107.70753647663044,True
B1-R,15,1,0.02695665184171793,0.0,0.0,0.0,91.65587751748008,0.0016062873154807336,0.0,0.0,0.0,91.79226706400415,True
B1-R,20,1,0.022052216556925394,0.0,0.0,0.0,114.69210748903058,0.015902758945387285,0.0,0.0,0.0,114.8182713307606,True
B1-R,25,1,0.019734901087876643,0.0,0.0,0.0,104.37366828664481,0.054234066995507986,0.0,0.0,0.0,104.5265768590797,True
B1-R,30,1,0.019246883922877666,0.0,0.0,0.0,15.624550811175963,0.014613739874878521,0.0,0.0,0.0,15.73539897066523,True
B1-R,35,1,0.018745169307279833,0.0,0.0,0.0,9.190468246137012,0.017030459869998894,0.0,0.0,0.0,9.30122455254341,True
B1-R,40,1,0.01870965986918699,0.0,0.0,0.0,11.081924142543455,0.04674171907761017,0.0,0.0,0.0,11.222214160967,True
B1-R,45,1,0.01847380547441726,0.0,0.0,0.0,11.153404054412302,0.08677007422025881,0.0,0.0,0.0,11.332543156004647,True
B1-R,50,1,0.018154099261041674,0.0,0.0,0.0,1.9538011053823148,0.021933314355705575,0.0,0.0,0.0,2.066504916043229,True
B1-R,55,1,0.018074944746269056,0.0,0.0,0.0,1.6809424364962753,0.02050772672355792,0.0,0.0,0.0,1.7918248869511784,True
B1-R,60,1,0.018017885287580068,0.0,0.0,0.0,2.7917862788894743,0.05127066892983993,0.0,0.0,0.0,2.933146374257215,True
B1-R,65,1,0.017670581689857277,0.0,0.0,0.0,3.9923904268763897,0.08826220109184968,0.0,0.0,0.0,4.169005536417526,True
B1-R,70,1,0.017397836442502316,0.0,0.0,0.0,0.9231834844030435,0.0194674652021561,0.0,0.0,0.0,1.029640131817711,True
B1-R,75,1,0.01717995240628687,0.0,0.0,0.0,0.8936463884763804,0.017167593856894217,0.0,0.0,0.0,0.996713744364709,True
B1-R,80,1,0.016860168476639507,0.0,0.0,0.0,1.806158630517532,0.03981739973168069,0.0,0.0,0.0,1.93027687263241,True
B1-R,85,1,0.016556623031898622,0.0,0.0,0.0,2.7385326536106693,0.06788967418445095,0.0,0.0,0.0,2.8892054429546135,True
B1-R,90,1,0.01633985879055445,0.0,0.0,0.0,0.6341671517325722,0.015248615316798164,0.0,0.0,0.0,0.7311150610021426,True
B1-R,95,1,0.016070169800010338,0.0,0.0,0.0,0.6375496888390908,0.012118212411656877,0.0,0.0,0.0,0.7300187502507994,True
B1-R,100,1,0.015817692953693226,0.0,0.0,0.0,1.2641208686442698,0.03373261553107168,0.0,0.0,0.0,1.3769419489438077,True
B1-R,105,1,0.01561733602191255,0.0,0.0,0.0,1.9968095498763532,0.057257910867315444,0.0,0.0,0.0,2.132154140853231,True
B1-R,110,1,0.01543073143552012,0.0,0.0,0.0,0.4914926694936559,0.010702462087219035,0.0,0.0,0.0,0.5793487887584755,True
B1-R,115,1,0.015268930003707699,0.0,0.0,0.0,0.49943114844132974,0.008065068625111275,0.0,0.0,0.0,0.5838408670849795,True
B1-R,120,1,0.01513836451736948,0.0,0.0,0.0,1.0576316605135303,0.019231838595326074,0.0,0.0,0.0,1.1525553216957038,True
B1-R,125,1,0.015030491615287626,0.0,0.0,0.0,1.6636591851600007,0.034775146075447835,0.0,0.0,0.0,1.7735867893118866,True
B1-R,130,1,0.014952292962018922,0.0,0.0,0.0,0.39645837473437795,0.007715722243836379,0.0,0.0,0.0,0.47893556178830893,True
B1-R,135,1,0.014899232299055029,0.0,0.0,0.0,0.40538227698781354,0.004968203007087766,0.0,0.0,0.0,0.4848466414901765,True
B1-R,140,1,0.014851051267893357,0.0,0.0,0.0,0.8260718464347814,0.01809740174899592,0.0,0.0,0.0,0.918424504523244,True
B1-R,145,1,0.01482503846336166,0.0,0.0,0.0,1.3283129680188352,0.03315144810245012,0.0,0.0,0.0,1.4355896084380937,True
B1-R,150,1,0.014830539862756995,0.0,0.0,0.0,0.33083680431406787,0.00533574481625505,0.0,0.0,0.0,0.4103252484441079,True
B1-R,155,1,0.014820480320294737,0.0,0.0,0.0,0.3397092989023496,0.0035161782268439286,0.0,0.0,0.0,0.4173278787306672,True
B1-R,160,1,0.014820933153624228,0.0,0.0,0.0,0.7294267073171649,0.009117839693932178,0.0,0.0,0.0,0.8126492127792182,True
B1-R,165,1,0.014845759750407398,0.0,0.0,0.0,1.1624546285297392,0.018405825376636514,0.0,0.0,0.0,1.2550892526584128,True
B1-R,170,1,0.014852331338709645,0.0,0.0,0.0,0.28020781143996637,0.0043101827676516715,0.0,0.0,0.0,0.35877965090116626,True
B1-R,175,1,0.014881192602087836,0.0,0.0,0.0,0.2880712571976629,0.002397258229754653,0.0,0.0,0.0,0.36487447843785675,True
B1-R,180,1,0.014893437472716313,0.0,0.0,0.0,0.5959173666494357,0.01149842307053003,0.0,0.0,0.0,0.6818829770835474,True
B1-R,185,1,0.014897739738415055,0.0,0.0,0.0,0.9671776244270833,0.022791903851888257,0.0,0.0,0.0,1.0644582269710468,True
B1-R,190,1,0.014943550194799064,0.0,0.0,0.0,0.2422745481491488,0.003549587944253153,0.0,0.0,0.0,0.3205418870673973,True
B1-R,195,1,0.014958248081252373,0.0,0.0,0.0,0.2500676264763523,0.002146891642545149,0.0,0.0,0.0,0.3270057585251593,True
B1-R,200,1,0.014965954157101193,0.0,0.0,0.0,0.5415302252154217,0.00592352058843353,0.0,0.0,0.0,0.6222835165893612,True
B1-R,205,1,0.014989694127447774,0.0,0.0,0.0,0.8702055720966877,0.01293520835143703,0.0,0.0,0.0,0.9580892510853636,True
B1-R,210,1,0.015003179026645089,0.0,0.0,0.0,0.211306076936514,0.003141175440427681,0.0,0.0,0.0,0.2894631475101671,True
B1-R,215,1,0.0150288260285299,0.0,0.0,0.0,0.21780302699769688,0.0016630428990155454,0.0,0.0,0.0,0.2946102000393619,True
B1-R,220,1,0.015033426350179527,0.0,0.0,0.0,0.45546037126388245,0.009226216526709909,0.0,0.0,0.0,0.5398537195414901,True
B1-R,225,1,0.015026539860506503,0.0,0.0,0.0,0.7438457388839014,0.019034718960447432,0.0,0.0,0.0,0.8380131571468813,True
B1-R,230,1,0.015064019003197968,0.0,0.0,0.0,0.18698646253958032,0.003039395812226102,0.0,0.0,0.0,0.26534595336779626,True
B1-R,235,1,0.015072165753714575,0.0,0.0,0.0,0.19359684494718957,0.0017664962570571887,0.0,0.0,0.0,0.2707241699728197,True
B1-R,240,1,0.01506703459546029,0.0,0.0,0.0,0.4218076537159154,0.004990799147969435,0.0,0.0,0.0,0.5021336258411863,True
B1-R,245,1,0.015075021372971505,0.0,0.0,0.0,0.6818601247423914,0.011258709215379886,0.0,0.0,0.0,0.7684939408226288,True
B1-R,250,1,0.015083245874532764,0.0,0.0,0.0,0.16643201946590772,0.0027499206145566325,0.0,0.0,0.0,0.24459816945312818,True
B1-R,255,1,0.015096948889151507,0.0,0.0,0.0,0.171787769750257,0.0014615316959364058,0.0,0.0,0.0,0.24873404589195094,True
B1-R,260,1,0.015090749137184525,0.0,0.0,0.0,0.36221779165500684,0.008458747222556467,0.0,0.0,0.0,0.4461302845634859,True
B1-R,265,1,0.015073582182274926,0.0,0.0,0.0,0.5942541735268597,0.017690236237839743,0.0,0.0,0.0,0.6873123206760741,True
B1-R,270,1,0.015102418119209062,0.0,0.0,0.0,0.1497337357625575,0.0029154992046924325,0.0,0.0,0.0,0.22816132556329524,True
B1-R,275,1,0.015103554191166949,0.0,0.0,0.0,0.15532770071367785,0.0016816596536628355,0.0,0.0,0.0,0.23252713132317543,True
B1-R,280,1,0.015089071162175019,0.0,0.0,0.0,0.3400132240484566,0.004764732190474471,0.0,0.0,0.0,0.4202233120498061,True
B1-R,285,1,0.015088683807314734,0.0,0.0,0.0,0.5521126921768307,0.01081328550177198,0.0,0.0,0.0,0.6383693967151763,True
B1-R,290,1,0.015092345918437208,0.0,0.0,0.0,0.13528359935891499,0.002632806466702963,0.0,0.0,0.0,0.213378135417804,True
B1-R,295,1,0.01509858502955239,0.0,0.0,0.0,0.13974357315708458,0.001424137974783343,0.0,0.0,0.0,0.21666063627962986,True
B1-R,300,1,0.015087575916355511,0.0,0.0,0.0,0.2965867282269157,0.008229740282044233,0.0,0.0,0.0,0.38025434809073744,True
B1-R,301,2,0.015082582685849619,0.0,0.9420022827475035,1695.183206876469,0.5111239364198467,0.010768201914085257,1.9957019224716965,0.2749608988940161,0.05650739800594825,1699.0496844303514,True
B1-R,305,2,0.015642633222119066,0.0,0.2902078782037925,1411.864662286017,0.48182913182200793,0.025376263867725398,1.9968736264835225,0.11601418362301874,0.05114379752194494,1414.9043203336494,True
B1-R,310,2,0.015848558706441303,0.0,2.1862779655738355e-05,92.10507661699963,0.11508957191322565,0.006324226362556284,1.589969898414273,8533.24929132893,0.9013901163018008,8628.046406415233,True
B1-R,315,2,0.018180439063469715,0.0,4.9044336667972614e-05,50.61118158977926,0.11052346263166071,0.005201666042347865,1.8334245866376147,3347.92483188362,0.8652435536845755,3401.4413579820493,True
B1-R,320,2,0.021323158915371863,0.0,0.0011215478452095068,220.32595802424308,0.22098831396365354,0.023215376217538462,1.9938018373983115,76.49526747368135,0.7504626124003343,299.91743098032634,True
B1-R,325,2,0.02430590436351096,0.0,0.02827535470154217,523.0304238204318,0.325954450042385,0.060971097497859686,1.9975345061487042,0.035975120480832026,0.24584159007978262,525.8465054612003,True
B1-R,330,2,0.02692810966429122,0.0,2.778424344627097e-06,31.779050474840233,0.0725774015267373,0.013570890466953072,1.677125873524154,2163.4292393798682,0.9072332417507755,2198.013440588723,True
B1-R,335,2,0.028982530556830175,0.0,2.018600746347342e-06,25.578209687198854,0.06663075533468207,0.011735449456339498,1.4568080284476126,4641.804179310607,0.905604258005882,4669.968082160435,True
B1-R,340,2,0.030599570007551,0.0,0.0008307115359827643,122.2123878040835,0.12939512157656916,0.04356914364583633,1.9960730281481462,6.348810450950469,0.8017201989989695,131.68578430897722,True
B1-R,345,2,0.031993288003244205,0.0,0.00578986856851213,303.4719726950218,0.1929410556208914,0.08619086299555036,1.9982287859781,0.15633710228428438,0.4781953170251862,306.54962212751053,True
B1-R,350,2,0.03318315158523581,0.0,4.15648813253781e-07,18.76342979185577,0.04362194972181149,0.01713156259712672,1.1754709551370714,3045.2708304012335,0.9199082586949539,3066.3563090928155,True
B1-R,355,2,0.03424837184284499,0.0,3.638734259108526e-06,14.924302580858837,0.040464989697684875,0.013600036482027502,1.6956154974716575,1176.0872115484156,0.9025400057708352,1193.834980156645,True
B1-R,360,2,0.03521789169640198,0.0,0.00012584191915861992,72.31022117962057,0.08146564593524071,0.04032625316607139,1.9908563785162896,23.852829106490603,0.8283579099814329,99.28027177411137,True
B1-R,365,2,0.0360791715662362,0.0,0.0038668982833246976,183.80936347641637,0.12187979056352341,0.07946189804800972,1.9985972639423013,0.14861807263303312,0.38099533761062415,186.72317859532836,True
B1-R,370,2,0.036948662341350746,0.0,8.277998206756855e-07,11.090812384088274,0.027496644987263973,0.017860311089594613,1.4863259572265488,797.4950629183469,0.9325288166446233,811.2348311718898,True
B1-R,375,2,0.03773009941501607,0.0,7.944949364598784e-07,9.575892006472523,0.02539331916248907,0.01536900443819361,1.286055326082294,1742.7660810894101,0.9336291105273739,1754.791071147663,True
B1-R,380,2,0.03844338540097898,0.0,0.0004406933238607582,47.60510373666116,0.05142181990082205,0.04861677812733274,1.9953595349846451,1.5185090077824754,0.8343454774793833,52.24601397526457,True
B1-R,385,2,0.03914747732085674,0.0,0.004493670371804833,122.75302043915848,0.07855694471152044,0.09000155788522105,1.998843029037297,0.37108686216044684,0.5236824502300825,126.01542234015915,True
B1-R,390,2,0.03980243761250846,0.0,3.8100943316664844e-07,7.654899985377191,0.018025514732261164,0.019372609620719808,0.9715750588987498,1233.9604099371734,0.9426541005169392,1243.7659497753912,True
B1-R,395,2,0.04042233115902688,0.0,2.988228677389617e-06,6.336275434464323,0.016865148757438435,0.01644556172390916,1.5922973354117531,475.62790603324265,0.9263593045129037,484.7182634621368,True
B1-R,400,2,0.04100694659937928,0.0,8.016583057359355e-05,31.425439731904728,0.034943173026216946,0.045029068063580806,1.9874742404089787,8.171534685866243,0.8543285430974342,42.72386434119465,True
B1-R,405,2,0.041551156297341366,0.0,0.0033638131049031836,81.7220644288487,0.05341636396138383,0.08480975715355765,1.9990274523356633,0.3452556288512776,0.4177656629135819,84.83345888865578,True
B1-R,410,2,0.042099989002911564,0.0,6.698294074624944e-07,4.964893626337666,0.01222736291353033,0.02019157392658794,1.313359036850775,341.77559319744705,0.9495428896117963,349.2463083019314,True
B1-R,415,2,0.04260901835877531,0.0,6.857248564896766e-07,4.366453086515757,0.01137014100004451,0.01776835559184409,1.127387720585712,761.9467224069444,0.9505533067094134,768.6333007948659,True
B1-R,420,2,0.0430835579160282,0.0,0.00028206730350908727,22.045940456493653,0.023603956645218548,0.0527400997861781,1.993691029521455,0.27954352083870404,0.8570871280465795,25.468306048215435,True
B1-R,425,2,0.043557067819762575,0.0,0.0033683705830266386,57.61391468198766,0.036556903181720564,0.09502523917862116,1.9991100597720621,0.5359785049151257,0.5644740566887618,61.066213155405784,True
B1-R,430,2,0.04401568643481653,0.0,3.7338569490459205e-07,3.593845529495635,0.0084541398985121,0.021205436895986886,0.7800109986653615,562.7699054567383,0.9569005539034603,568.3504009211571,True
B1-R,435,2,0.04444983588267053,0.0,2.6810750441903983e-06,3.0371859339962817,0.00793962160448929,0.019000812005523497,1.467289617051233,214.68392443712625,0.9413051537319986,220.37889743600417,True
B1-R,440,2,0.044866876263035545,0.0,5.8277972486473095e-05,15.235387650848528,0.01672257863349067,0.04947133412159234,1.9821150370698275,2.8012483922398284,0.8736860079252429,21.183023660126175,True
B1-R,445,2,0.045271506794629754,0.0,0.003083261693872475,40.041986392747084,0.025886559123766008,0.09081622326237253,1.9991998653397323,0.5064427821995849,0.45517385622391526,43.34894647456348,True
B1-R,450,2,0.04566872650746288,0.0,5.501698760701234e-07,2.4408385430816835,0.005977226024466918,0.022250555626725683,1.126663071342133,159.23457302451342,0.960375321823216,164.01902192511884,True
B1-R,455,2,0.04603994749109798,0.0,6.334135490449101e-07,2.174457181157486,0.005581202332095692,0.019909537232214877,0.9611109895632968,362.4933889900187,0.9612426304771255,366.8458909016499,True
B1-R,460,2,0.0463803052308858,0.0,0.00018572076275085825,11.118970379223555,0.011780512148434733,0.05661723616315581,1.9910947385742532,0.02561187579396005,0.8726593552522139,14.308821344072753,True
B1-R,465,2,0.04670775757367294,0.0,0.0023532946452318715,29.46596564293519,0.01842267744022962,0.10033584696200502,1.9992354606675646,0.6551835795088707,0.5927139213831432,33.0677492114106,True
B1-R,470,2,0.04701817960115539,0.0,3.026926793494259e-07,1.8531265130990262,0.004288140889067974,0.022838074621400202,0.6298868076029163,275.56407625508365,0.9663602045034236,279.2756671964979,True
B1-R,475,2,0.04730427961934278,0.0,2.159286081430933e-06,1.6015382892191203,0.00404305483816229,0.021087525644059437,1.3318502711936626,103.47668103793933,0.9510391875993878,107.62276292381652,True
B1-R,480,2,0.04757126561033834,0.0,4.0294637763472524e-05,8.177726735789028,0.008624017354230271,0.05332514228581722,1.9749710136612362,0.8611166648747356,0.8866124013568473,12.20027259801135,True
B1-R,485,2,0.04782009643639541,0.0,0.0023144848255374395,21.850594206294314,0.013495342508352357,0.09611652671978936,1.9992676971315926,0.6263363802512112,0.47753120594000353,25.30475632585278,True
B1-R,490,2,0.04806166931973457,0.0,4.0453957561572925e-07,1.3597679303002599,0.0031404307937070147,0.023733805668357397,0.9677390930166339,78.70106394917097,0.9677392560327558,82.26349321612093,True
B1-R,495,2,0.04828532387402451,0.0,5.013593178797657e-07,1.2336841824654348,0.0029462840107204397,0.021537059556239472,0.8150563489459356,183.94404237352768,0.9686062432920566,187.2272996125275,True
B1-R,500,2,0.048490236509410076,0.0,0.00012850751970541635,6.421364098919239,0.0063005457510562305,0.059190009332167025,1.9883516748164718,0.06807819179472971,0.8796235810100941,9.665487791690513,True
B1-R,505,2,0.04868812884421299,0.0,0.001611826923553283,17.27797315158985,0.009930360250571148,0.10378710552662691,1.9993159597601033,0.7395126729026505,0.595492820008737,20.97106454118316,True
B1-R,510,2,0.048875096994864684,0.0,2.1806580718324883e-07,1.1045246672907976,0.002323966555847645,0.023936835568418982,0.6684441721228415,142.93025793392368,0.9729905289951413,145.94685380749686,True
B1-R,515,2,0.049050538718242116,0.0,1.640315789048527e-06,0.9665093182155783,0.0021975255803829883,0.022328318871476488,1.2207599082968401,52.41747360100935,0.956905161142245,55.83142816702287,True
B1-R,520,2,0.04921747273415782,0.0,2.8026361885758592e-05,4.992294345558303,0.004730148421016983,0.05568338130064629,1.9681021998415,0.19681973803111483,0.8912866005823485,8.355031803767606,True
B1-R,525,2,0.04937065695764515,0.0,0.001623022797350984,13.461935802753525,0.007454697180800407,0.09921332880125748,1.9993027753999955,0.7137118893153812,0.469125721504359,16.999220522540895,True
B1-R,530,2,0.0495208797446778,0.0,2.946018621180636e-07,0.8512334800109715,0.0017430578580666242,0.024518034836928472,0.8652052815881274,40.38282620638956,0.9721293790709524,43.345260133079854,True
B1-R,535,2,0.04966128422753955,0.0,3.777106901145313e-07,0.7795703454390854,0.0016396660415726506,0.022488364708782047,0.7252817026113748,97.31605535618245,0.9731062642167972,100.06644849804844,True
B1-R,540,2,0.04979503979661901,0.0,9.59184389633093e-05,4.1044970367833775,0.003535657956285102,0.060477187298507894,1.9862497747749637,0.1896734324213965,0.8767426433859763,7.470246850042566,True
B1-R,545,2,0.0499258017743328,0.0,0.0011510571551892963,11.167268124796033,0.005599349486776343,0.10548694395415119,1.999375307401509,0.8006035572489357,0.5704118334576579,14.899525182371917,True
B1-R,550,2,0.05004789205167136,0.0,1.5456117903240763e-07,0.7271345731723816,0.0013144457453832,0.02458064037184577,0.6137704999557136,76.41337105321327,0.9771504001322815,79.00756122741042,True
B1-R,555,2,0.0501684552554704,0.0,1.2470941861172242e-06,0.6432410230071385,0.0012445229869052722,0.023100961725039497,1.1344574863579013,27.065800333532387,0.9599450440223602,30.078632895003267,True
B1-R,560,2,0.05028741054828873,0.0,2.010292889761253e-05,3.3685036733839815,0.0026949303250310397,0.05719690964558197,1.961957648935199,0.02339149997676048,0.8907071670288949,6.55590898496579,True
B1-R,565,2,0.05039934127597101,0.0,0.0011393196074254799,9.21290562791206,0.004266000428083783,0.10137981248265054,1.9993097220683116,0.7788448587452367,0.4483880856830822,12.798230133306703,True
B1-R,570,2,0.05051000779914693,0.0,2.1379229840380928e-07,0.5927998363611002,0.0010003371657278382,0.025141560186382597,0.7816049777397772,20.899568168688955,0.9750721523774867,23.52773728530746,True
B1-R,575,2,0.05062089919156382,0.0,2.8561557925337084e-07,0.5500811734649386,0.0009425314997600806,0.02328999444174233,0.630692584232846,52.37090113654691,0.97634317933967,54.80535538109927,True
B1-R,580,2,0.05072173191584078,0.0,7.138835298771161e-05,2.9348002748846866,0.0020432392866430267,0.06176990700154649,1.9838067616324306,0.3228670877817231,0.8751139116326524,6.4340812301518735,True
B1-R,585,2,0.0508210794394355,0.0,0.0007975097053857591,8.075862353576266,0.0032456591903798717,0.10742961861051395,1.999385359228557,0.8461036949823557,0.5558731766925914,11.842802769183226,True
B1-R,590,2,0.050914682674586195,0.0,1.0711186194506608e-07,0.5314861034725937,0.0007633286865311663,0.025254446009577068,0.44885307954265413,41.23941463890562,0.9803757653102456,43.480720882412015,True
B1-R,595,2,0.05100679400188067,0.0,9.058305794939988e-07,0.47608685934221756,0.000722973759040884,0.023999990547093696,1.031236368941129,13.9011875540448,0.9634029029968916,16.651671525471155,True
B1-R,600,2,0.05110893091199378,0.0,1.3865508769999256e-05,2.5180055058908732,0.0015723125493817198,0.058918846435247085,1.9534967066826212,0.048346264154151275,0.8940345256508611,5.729932681431874,True
B1-R,605,2,0.05120580923275311,0.0,0.0007543045760315736,6.926469324672122,0.0024963251914315657,0.10399654621265196,1.999254045289994,0.8282576151742038,0.44968742769077064,10.566944634970971,True
B1-R,610,2,0.05129647252959596,0.0,1.3874043902438204e-07,0.44979576362352636,0.0005864114663069797,0.02593989985210339,0.6727899807205123,10.668086139262996,0.9782930750737178,13.051973771387583,True
B1-R,615,2,0.051404047854674485,0.0,1.9749298341857157e-07,0.42095744642902305,0.0005530817265654788,0.02426535702737666,0.5293397074386564,28.185573257232313,0.9796911875457437,30.397400474166034,True
B1-R,620,2,0.05150557695155848,0.0,4.807447728664324e-05,2.264127412136933,0.0012044122216917686,0.06353759224121147,1.9792465247818751,0.4455586300909906,0.8834755874472644,5.894726118155045,True
B1-R,625,2,0.05160871183266991,0.0,0.00047092172412454154,6.264724540690597,0.0019198245450723949,0.11026550475917836,1.999307699892421,0.8804511284929822,0.5795424571968004,10.094725636464524,True
B1-R,630,2,0.05170605669473921,0.0,6.507633115294116e-08,0.41189946018262114,0.0004536109048298621,0.02618646269153774,0.2935261954039871,22.275114309744914,0.9836993902247861,24.249409777702702,True
B1-R,635,2,0.05178158587635531,0.0,5.645416282165156e-07,0.373723649539683,0.00043106743195024373,0.025249874630642294,0.8718481095741922,7.032365606611629,0.9690927681556112,9.531619569867113,True
B1-R,640,2,0.051866510285470235,0.0,8.483539579578375e-06,1.9909358857465211,0.0009470776951523261,0.06120454236175888,1.9378984870615745,0.145737873000473,0.9058484168720562,5.301913317704466,True
B1-R,645,2,0.05194081777181844,0.0,0.0004458475979145979,5.4818716960712415,0.0015186510328962493,0.10735287343299221,1.9990862857006422,0.864603731320523,0.49055178193391863,9.205134955949221,True
B1-R,650,2,0.05199741317776207,0.0,7.791316717491874e-08,0.3573993930199979,0.00035984796929973986,0.02691684624176547,0.5337377680494138,5.486119653011836,0.9821325466975113,7.646653198791802,True
B1-R,655,2,0.05206788371663926,0.0,1.2588561944317146e-07,0.3371526966730718,0.0003436811526886823,0.025325686961798006,0.4187791657998351,15.780817173741067,0.9830682262002626,17.805826174997538,True
B1-R,660,2,0.052130498378245405,0.0,3.106331829365497e-05,1.8251041621080129,0.000758383436650458,0.06524354076159505,1.9721428640348995,0.5413022132315666,0.897259644052655,5.5624943628349,True
B1-R,665,2,0.05219096493976828,0.0,0.00027070472720973766,5.07535241002772,0.001224284705268413,0.11263010874025556,1.9991604015761721,0.9038920206986422,0.6169690463356621,8.970453801509771,True
B1-R,670,2,0.05224955199247308,0.0,3.94130403357886e-08,0.3327496733426562,0.00029289420061915457,0.02691323356214246,0.22874448879481113,12.92430775932068,0.9862307892321369,14.760486637828452,True
B1-R,675,2,0.05230069631976597,0.0,3.50037728492814e-07,0.3049014013104238,0.0002808240682472682,0.026174460856583467,0.7237206495113903,3.7961434478368394,0.9737955024955041,6.086520117715546,True
B1-R,680,2,0.05236282262926001,0.0,5.416867685805073e-06,1.633184600090427,0.0006249903547412023,0.06282088014215306,1.9194379523844414,0.24493252822931083,0.9159321481867311,5.03875262940179,True
B1-R,685,2,0.05242153782796758,0.0,0.00027480144400363304,4.507516645745712,0.0010126149376544803,0.10963911311812609,1.9988732595858636,0.8886707199113943,0.5289178976032958,8.297012741485888,True
B1-R,690,2,0.0524673336917582,0.0,4.575367304726797e-08,0.2939879836357104,0.00024188281232435303,0.02758807181296863,0.4259069971872345,3.0303292844758967,0.9849291828396225,5.025320116976221,True
B1-R,695,2,0.052523581899201,0.0,8.15035586106294e-08,0.27895792611974557,0.00023305770821909492,0.026122965385285083,0.3323630392880481,9.574377424067295,0.9856064379108569,11.460278841479013,True
B1-R,700,2,0.0525774017984565,0.0,2.1034305545964525e-05,1.5166614536648622,0.0005190801583863191,0.06648095580425518,1.9634667067729852,0.6102143379820936,0.9094477957475327,5.329698373427944,True
B1-R,705,2,0.05262709552177918,0.0,0.00016139505877310354,4.237484690176319,0.0008456321970766337,0.1144503370832327,1.9989583104821966,0.9197661500371391,0.6552763391341574,8.19007833177779,True
B1-R,710,2,0.05267416317836184,0.0,2.420180715725866e-08,0.27645947609062155,0.00020410283186226817,0.027530894081584618,0.17713672489877585,8.037341355767945,0.9882782446564797,9.770321638420885,True
B1-R,715,2,0.052714892177708236,0.0,2.1976368668336634e-07,0.25549342564973415,0.00019751096900956012,0.0269394751338642,0.5908260751574346,2.1707069032549935,0.9778274325853957,4.285565503402659,True
B1-R,720,2,0.052762080483913086,0.0,3.513695912862879e-06,1.374460831497075,0.00044481059243638827,0.06423901620152797,1.8957229423128372,0.32807520225437004,0.9262612722462101,4.853017991219935,True
B1-R,725,2,0.05280687333584219,0.0,0.00017284308468880873,3.806128163483527,0.0007290772829735565,0.11162426198726495,1.998586261543492,0.905090525216768,0.5732034761664229,7.659568975444349,True
B1-R,730,2,0.052838708275950524,0.0,2.7933707501803692e-08,0.24779299965663712,0.00017629860384131915,0.028125735081339035,0.33937498060249627,1.7965316652628696,0.9871708040845582,3.663366052605202,True
B1-R,735,2,0.052878297615054866,0.0,5.402161616391553e-08,0.23631777092239906,0.00017181547259656623,0.026773218848607942,0.26463845453339774,6.323623809123994,0.9876282251903168,8.103544836188203,True
B1-R,740,2,0.05291552005403187,0.0,1.4998530204274137e-05,1.2892749058568531,0.00038806524675565935,0.06739631970547744,1.9535339046577263,0.6571839924344408,0.9197163599050462,5.152086146606663,True
B1-R,745,2,0.052949277646329715,0.0,0.00010335845728423909,3.6178144598286104,0.0006399877745116105,0.11572871497248996,1.9987279956382766,0.9299973333505593,0.6874274239835643,7.615185662236945,True
B1-R,750,2,0.05298159035916396,0.0,1.5940270415398648e-08,0.23508269194588824,0.00015612165490936893,0.027966106943947206,0.14216896141873395,5.537292755150594,0.9896821597100007,7.197256764560164,True
B1-R,755,2,0.05300873082908001,0.0,1.4795367207471768e-07,0.21874960298099397,0.00015269606422821922,0.027454851241846503,0.49289187088632175,1.3806999720313142,0.9806176979925887,3.3656104932963657,True
B1-R,760,2,0.0530413870937284,0.0,2.476242817329823e-06,1.1806624438698228,0.0003475153643029925,0.06517667981058337,1.8722080191153325,0.3867091327266356,0.9334501577843926,4.703763360382529,True
B1-R,765,2,0.053073469222095666,0.0,0.00011878882069522661,3.280708265155179,0.0005750095519861163,0.11288328444512004,1.9983018147684262,0.9154626035781953,0.6047945470792322,7.178211659509312,True
B1-R,770,2,0.05309480665012939,0.0,1.883308767156505e-08,0.2131976642568089,0.00014025340524162713,0.02846097114251193,0.28180159223695744,1.1829643478009486,0.9886258898282889,2.9606647707544917,True
B1-R,775,2,0.05312293708707136,0.0,3.848890078515926e-08,0.20410955736362305,0.00013769603524181536,0.02719819657276818,0.219850785728983,4.603713192993664,0.9889459819694177,6.309570134587955,True
B1-R,780,2,0.053149769286101545,0.0,1.1524456089457475e-05,1.1162297537883799,0.00031360672925952806,0.0679509856703764,1.9439988714349177,0.6884510281151389,0.9266887132759734,5.009393329900643,True
B1-R,785,2,0.05317404335394431,0.0,7.255687127725835e-05,3.142573769741021,0.0005208553329537631,0.11649230453085234,1.9985049224826184,0.9367263306582306,0.7099743127208775,7.170735269107552,True
B1-R,790,2,0.05319772667496551,0.0,1.1355346403548138e-08,0.20365016182482065,0.00012782529166701018,0.028250290968514478,0.11903677043145619,4.134074771911131,0.990618191137227,5.74174665629499,True
B1-R,795,2,0.05321733705888291,0.0,1.063011780561385e-07,0.19046477742987103,0.00012576412751563504,0.027796347946223075,0.42146977354864573,0.948959326831105,0.9825818004145022,2.837484581893455,True
B1-R,800,2,0.05324153854913308,0.0,1.8658166370232963e-06,1.0305160094845958,0.00028797067132429045,0.06580776820507575,1.8495526557874518,0.4296578416649926,0.9386389001780374,4.580670704553779,True
B1-R,805,2,0.05326634398686134,0.0,8.748065040283079e-05,2.8718296876020886,0.0004791027241402856,0.11372497980164636,1.998021905764108,0.9226744821559222,0.6287831738195968,6.801932532452211,True
B1-R,810,2,0.05328205818051414,0.0,1.3658868280156851e-08,0.1863333235400014,0.00011745302313586508,0.028685161851580182,0.24030213590592378,0.8292288493557414,0.9896806006461982,2.5407578288840194,True
B1-R,815,2,0.05330362373272725,0.0,2.8816597714622153e-08,0.17892378602211859,0.00011581102824327304,0.02750276846954622,0.18738356002816348,3.550019261942763,0.9899183444006462,5.200381679371715,True
B1-R,820,2,0.053324600446802164,0.0,9.270059281065114e-06,0.9802383365191908,0.000265117518344924,0.06832278032527835,1.934472583417236,0.711321919642687,0.9321189942726198,4.893372003988649,True
B1-R,825,2,0.05334357543925297,0.0,5.4232257330613874e-05,2.7669664449971143,0.0004422417648977064,0.11700273371409026,1.9982792191784435,0.9416145876325092,0.7282044873279568,6.819281824068606,True
B1-R,830,2,0.053362432881496565,0.0,8.53779324358439e-09,0.1789307022970421,0.0001089366120885126,0.028458167213741354,0.10196735688258178,3.2380163490997953,0.9913345379648437,4.805628223015368,True
B1-R,835,2,0.05337803301242334,0.0,7.97439510229334e-08,0.16801559365095056,0.00010757635062372149,0.028047542418807116,0.3653691135651973,0.6823320181694145,0.9841387110299041,2.494900799990965,True
B1-R,840,2,0.05339736179590495,0.0,1.467771170617675e-06,0.9108124394226197,0.0002473064827120754,0.06628715934730015,1.826598498826994,0.4631397731365329,0.9429528548364906,4.477026308803345,True
B1-R,845,2,0.053418089125238835,0.0,6.759223281497947e-05,2.5445421936150123,0.00041292632476191136,0.11436773605669588,1.9977307837441023,0.9281012908611828,0.6498221441686608,6.502135112629425,True
B1-R,850,2,0.05343097176427457,0.0,1.0416443473324826e-08,0.1648576402010903,0.00010156691238159181,0.028854284461647402,0.20766279858259873,0.6035969893461401,0.9905395895627146,2.2627677383043894,True
B1-R,855,2,0.053448864278178576,0.0,2.2288159818961612e-08,0.1586867400534712,0.00010043302914848149,0.027747241066360024,0.16173129701894223,2.840013209598605,0.9907245108126191,4.446247775258199,True
B1-R,860,2,0.05346665979217199,0.0,7.657549235660583e-06,0.8706012747172052,0.00023072222720123194,0.06861088875205981,1.9243800459434413,0.7291051777961525,0.9369552011327127,4.797224267078868,True
B1-R,865,2,0.05348282690929956,0.0,4.22990884698815e-05,2.463054131403387,0.00038601518193646424,0.11740521624110528,1.9980357300632532,0.9453927270118311,0.7451871556450048,6.536917409181486,True
B1-R,870,2,0.05349917483899392,0.0,6.661185856082121e-09,0.15896552682942763,9.53287410951074e-05,0.02863106569870367,0.08816710157002734,2.618325562700253,0.9919528375953861,4.1536333039910485,True
B1-R,875,2,0.05351289018747748,0.0,6.151248629277374e-08,0.14976841729995993,9.437637894825094e-05,0.02825585832071021,0.31818198010199417,0.5048722257447888,0.9855078145484173,2.2542451848446925,True
B1-R,880,2,0.053529562603778745,0.0,1.1857223912931663e-06,0.8132022564817264,0.00021757746596404292,0.06670407268475002,1.8018121783258587,0.49031713108071223,0.9470432281184091,4.386945442898705,True
B1-R,885,2,0.053548227774840265,0.0,5.3945193218081033e-05,2.276911372290703,0.00036421655067959415,0.1149404743642948,1.9974050432661736,0.9323915963470069,0.6710623591026821,6.260870145988959,True
B1-R,890,2,0.053560047493764106,0.0,8.205794988883995e-09,0.1472945568686391,8.979829613665565e-05,0.029001935055375246,0.17984434575352748,0.4502489149284063,0.9913186508393579,2.0655984474160585,True
B1-R,895,2,0.0535761329995289,0.0,1.757996045473754e-08,0.14207420423440903,8.897625169209845e-05,0.027969088116780096,0.13979049713207345,2.3313577476864147,0.9914691681685099,3.900630364167484,True
B1-R,900,2,0.05359249057090996,0.0,6.397876703054734e-06,0.7803953812675323,0.00020493193926744146,0.068878366225616,1.9128185968602796,0.7434915089591163,0.9418541587444033,4.715611794727468,True
B1-R,905,2,0.05360750381013272,0.0,3.384904586109458e-05,2.2125950323212265,0.0003436158830852844,0.11779526873265228,1.9977491707040462,0.9484334224950474,0.7633252590862991,6.308313137318882,True
B1-R,910,2,0.05362292795343527,0.0,5.3145823264105005e-09,0.1424943781302467,8.501615254919524e-05,0.028796856217605415,0.0759897541438231,2.1663835524899606,0.9925527925800585,3.674416994796002,True
B1-R,915,2,0.05363622981879894,0.0,4.814967800354681e-08,0.13465115509775907,8.432160681292156e-05,0.02845388364735789,0.2755533845075147,0.3807639132514936,0.9868400892315764,2.0745279445861873,True
B1-R,920,2,0.053651787539146484,0.0,9.693209675165183e-07,0.732152066933601,0.00019481462482722536,0.06712332511570149,1.7726682103726839,0.5130015250331545,0.9514342207448764,4.304834069841545,True
B1-R,925,2,0.05366984537453023,0.0,4.380897775941368e-05,2.0544187770401643,0.0003267410351412405,0.11554056208206889,1.9970028352188889,0.9358993544486145,0.6954899548127607,6.067071260488049,True
B1-R,930,2,0.05368193371958064,0.0,6.562228595043487e-09,0.13266385829935573,8.070242737217651e-05,0.02915330113805958,0.15408538703901717,0.34143731992205634,0.9921049194003926,1.9179351633863855,True
B1-R,935,2,0.053697611071591815,0.0,1.3963116575526874e-08,0.12819824293948068,8.008539067985596e-05,0.02819807806466779,0.11943046350362173,1.9509876696314954,0.9922338695657758,3.487616478416797,True
B1-R,940,2,0.0537138717808685,0.0,5.320057448595447e-06,0.7049410389272716,0.0001848243582748375,0.06917645879054828,1.8981060976158093,0.7554575808670667,0.9474310721156645,4.643871751636427,True
B1-R,945,2,0.053729047072185655,0.0,2.7288757311592533e-05,2.003236027025412,0.0003104224421138207,0.1182541585897486,1.9973705222289209,0.9509512868947906,0.7851256693960149,6.123920610695241,True
B1-R,950,2,0.0537448622109929,0.0,4.26532505029157e-09,0.12866460847880218,7.691335343615837e-05,0.028979924218651032,0.06424627139546292,1.8239992032411574,0.9932038082392068,3.3078950442470063,True
B1-R,955,2,0.05375901593299909,0.0,3.7683863501687365e-08,0.12192939836985621,7.639154849561349e-05,0.028670318110607898,0.2339213424231663,0.29088979908722956,0.9882696165475989,1.9325519834358134,True
B1-R,960,2,0.05377476124138122,0.0,7.882941893406408e-07,0.6638466884335137,0.00017679282085422254,0.06760674424006845,1.7343582278190193,0.5323259441327353,0.9566676062529957,4.223856598200282,True
B1-R,965,2,0.0537935112768776,0.0,3.5531728886680155e-05,1.867123209679171,0.00029696498073283114,0.11626509688405422,1.996438018907419,0.9388378018743595,0.7266239560413151,5.914588136480327,True
B1-R,970,2,0.05380715570907693,0.0,5.2138483369732256e-09,0.12028630185639783,7.345071079224944e-05,0.02933292274682878,0.12812397498314357,0.2618118133777068,0.9929804152203555,1.8016446626544576,True
B1-R,975,2,0.053823741540605416,0.0,1.098658256304427e-08,0.11643970923473755,7.297533492609071e-05,0.02846509390228583,0.09890526026753473,1.65738244534252,0.9930975040253966,3.1634817067970107,True
B1-R,980,2,0.053841212976093726,0.0,4.305557986810072e-06,0.6409560678741486,0.00016868825220447698,0.06955955564405522,1.8766639439874238,0.7656158839916068,0.9543628019951017,4.576537312182996,True
B1-R,985,2,0.053857894118528024,0.0,2.1620340955463396e-05,1.8263770487131215,0.00028370208710480464,0.11887203110981168,1.9967906875099888,0.9530804060434603,0.813559056217908,5.9782740226149915,True
B1-R,990,2,0.0538754908764049,0.0,3.363244788963982e-09,0.11687450609767845,7.037280836470256e-05,0.029207828063673277,0.05194253491019918,1.5570981227656555,0.9939768299688692,3.0185476523597097,True
B1-R,995,2,0.05389189585184216,0.0,2.8864831239836717e-08,0.11108225039074682,6.99717087339565e-05,0.028937597289137612,0.18995711116153624,0.2241303091075639,0.9899325468072355,1.813569294588996,True
B1-R,1000,2,0.05390923260219813,0.0,6.217262801576353e-07,0.6055658074496291,0.00016216054269585026,0.06822901001288012,1.6765465122563048,0.5490431238646174,0.9633456840600279,4.132439082923426,True
B1-R,1005,2,0.053930140870684054,0.0,2.796653012957297e-05,1.7080752971440847,0.00027272350752166797,0.11723507649569248,1.9955049455177742,0.9413444620100928,0.7687750378080058,5.800886213366722,True
B1-R,1010,2,0.053946903416200176,0.0,3.983174908999021e-09,0.10967404434475074,6.753155551933516e-05,0.02957057079598869,0.09998740854025348,0.2022079515580452,0.9940260099270374,1.7052680377857707,True
B1-R,1015,2,0.05396594703161041,0.0,8.33571105979846e-09,0.10635279020080605,6.715768464228877e-05,0.028809210099375357,0.07670864383771434,1.4251645927426446,0.9941383486768766,2.9010704867358226,True
B1-R,1020,2,0.05398619186057825,0.0,3.265837357700341e-06,0.5860564119231312,0.00015545089470223522,0.07009705815579874,1.839695905470799,0.7743733399246215,0.963338299116305,4.503650690625607,True
B1-R,1025,2,0.054006055957283056,0.0,1.615729836823215e-05,1.6758189712753646,0.0002617293303179563,0.11976656741877303,1.995722107399974,0.9549095346968173,0.8517760828751608,5.868301430081192,True
B1-R,1030,2,0.05402716945011146,0.0,2.5023886308974343e-09,0.10668361475749881,6.498295230126052e-05,0.029516614453234384,0.03833034270930123,1.3443851882355502,0.9949361960383306,2.7840527888991624,True
B1-R,1035,2,0.05404759907039641,0.0,2.0841086594281468e-08,0.10172937967595667,6.466849232809421e-05,0.029297861805557827,0.14084812102805652,0.17359209633854414,0.9919459119527911,1.7077160554863031,True
B1-R,1040,2,0.05406829535568926,0.0,4.5447744669983496e-07,0.555303942508054,0.00015004672334733313,0.06908962733098294,1.5741313932976062,0.5636759372311718,0.9719776937340325,4.004670572081087,True
B1-R,1045,2,0.054093187727375494,0.0,2.029109190504968e-05,1.5722444200594008,0.00025261254908360794,0.1186121650039708,1.9936075155703428,0.943512600064785,0.8259179999209383,5.724633542897304,True
B1-R,1050,2,0.054115057470958634,0.0,2.760516374186157e-09,0.10046616365526795,6.261102410481779e-05,0.02990464863550129,0.06861593312213535,0.1568291415931145,0.9952900514592885,1.6217438396047221,True
B1-R,1055,2,0.054138490461430926,0.0,5.7865112646057304e-09,0.09760793532083402,6.231151663311317e-05,0.029281386513367643,0.052104992267963744,1.2379327926598835,0.9953993003573555,2.6830811767297034,True
B1-R,1060,2,0.05416334852491036,0.0,2.1594923372316985e-06,0.5384325758289318,0.0001444036032806708,0.07087687954303566,1.7613508677943135,0.7820126208276729,0.9746014185234846,4.398237668237607,True
B1-R,1065,2,0.05418845623518074,0.0,1.0535316304651248e-05,1.5465319434346363,0.0002433575662825804,0.12108482217412331,1.9932027092831193,0.956500146037643,0.900784462026303,5.789300257014316,True
B1-R,1070,2,0.05421504897750058,0.0,1.6266395378897172e-09,0.0977621334666513,6.046867394923727e-05,0.02995014971775355,0.023530662896898022,1.171851772289217,0.9960830314073373,2.590313464965949,True
B1-R,1075,2,0.05424135750178003,0.0,1.3161989223472293e-08,0.09358648110809603,6.021651464790289e-05,0.029800521020157077,0.08673583739032042,0.134780690114009,0.9942867506661678,1.6104572974842877,True
B1-R,1080,2,0.05426734825654503,0.0,2.8139656448513436e-07,0.5115164035426191,0.00013986145576224752,0.07030090540150043,1.3602016502714602,0.576603169456372,0.9822936899569008,3.7723927027639044,True
B1-R,1085,2,0.0542977978281728,0.0,1.2273772916764597e-05,1.4552723434422645,0.0002356760258243891,0.12056700461845031,1.9884643196564327,0.9454084248966323,0.8961160636522981,5.677565095205683,True
B1-R,1090,2,0.054326351774942244,0.0,1.5498927187262393e-09,0.09239330330437046,5.84601372671305e-05,0.030371349778138285,0.03626324666917686,0.12183324810722995,0.9966760840757791,1.5492274524965657,True
B1-R,1095,2,0.054355597251641935,0.0,3.297254705600262e-09,0.08995835063144796,5.821503701792724e-05,0.029926532264564584,0.027089027602031544,1.084564182134828,0.9967685957046235,2.500142892929978,True
B1-R,1100,2,0.054385662386591455,0.0,1.0758020856240426e-06,0.49663462384003915,0.00013505453899091336,0.07196123830356797,1.5508582408681815,0.7887400537233414,0.9866201125827909,4.166878711591955,True
B1-R,1105,2,0.054416853245235146,0.0,5.136575805770166e-06,1.4330508005128026,0.00022778605328614964,0.12291006938592051,1.9846847061066393,0.9578970598510452,0.9526533374505111,5.723513162162186,True
B1-R,1110,2,0.054448781126755545,0.0,8.011065331629123e-10,0.08987982841784452,5.6636419271396984e-05,0.030525887109977702,0.010029686122611533,1.0298410555772608,0.9972116064306682,2.4297886065125187,True
B1-R,1115,2,0.05447983861934133,0.0,6.295165429791089e-09,0.08644164476577613,5.6426521409119946e-05,0.030454512433801574,0.03701966413729414,0.10463763254358104,0.996506860175421,1.5275159399691551,True
B1-R,1120,2,0.05451026722723274,0.0,1.2495819242346468e-07,0.47297929391111476,0.00013118337947084087,0.07185147547070306,0.8952146458453414,0.5881171619274074,0.9917963148139464,3.29264153644234,True
B1-R,1125,2,0.05454286369908396,0.0,5.2132820297827335e-06,1.351854982921652,0.00022122735878262354,0.12301129191531866,1.9676743833708468,0.9470818869307845,0.9595625783428963,5.6221258826177305,True
B1-R,1130,2,0.05457395748493174,0.0,5.862647877268891e-10,0.0852809255392773,5.491266086535269e-05,0.030930608553558253,0.011828903728073497,0.09457122354126248,0.9977783774116074,1.4933147394455677,True
B1-R,1135,2,0.05460407198077355,0.0,1.3129681175899915e-09,0.08323335611494515,5.4706803542750745e-05,0.030670905384813398,0.008842170727490054,0.9571841648508775,0.9978218431451389,2.3508275082436434,True
B1-R,1140,2,0.05463199583851779,0.0,3.277873556251097e-07,0.4596299585161588,0.00012704260749912924,0.07316401632377675,0.9710127586500074,0.7947172889432047,0.994964926370348,3.5667762983909395,True
B1-R,1145,2,0.05466081018133214,0.0,1.5514246033442417e-06,1.3297542812411447,0.00021442391095999008,0.12483834758422495,1.940423637602747,0.9591352179775009,0.9862153100374047,5.613886820685247,True
B1-R,1150,2,0.05468745448227253,0.0,2.721072203598717e-10,0.0829695842832095,5.334294249970252e-05,0.031096474200670708,0.0028523412003961606,0.9114330974188884,0.9978842528432195,2.299726365572354,True
B1-R,1155,2,0.05471149876035202,0.0,2.0836876873745094e-09,0.08016039375640747,5.315859704016139e-05,0.03106466904163007,0.009778353493995457,0.08103014930162612,0.9977642008317504,1.4734084209078975,True
B1-R,1160,2,0.0547341983786503,0.0,3.7663751700844486e-08,0.43893797748181346,0.000123701128055052,0.07320470853487851,0.322106612813116,0.5984521575835721,0.9965976485084737,2.7030938356069116,True
B1-R,1165,2,0.05475513085776348,0.0,1.5503763479180284e-06,1.25761838013326,0.00020875654081867803,0.12499024651935987,1.863090215791552,0.9485720512465543,0.9889985545128521,5.457255409409562,True
B1-R,1170,2,0.054774994184904474,0.0,1.5703378327388577e-10,0.07907990481801205,5.184473259115267e-05,0.031341997153577716,0.0025022771206374425,0.07318568419882222,0.9982320124588355,1.4582686915640322,True
B1-R,1175,2,0.05479294948980061,0.0,4.145096720974031e-10,0.07733727236597944,5.167001216346778e-05,0.0311879501094903,0.005228025801996965,0.8502252597073461,0.9982426746536979,2.236237600514187,True
B1-R,1180,2,0.05480873000984669,0.0,7.129409055595412e-08,0.4270819107660988,0.00012009665821351987,0.07391708600996683,0.3069979372642777,0.8000735567188021,0.9976788138466088,2.8799131226072916,True
B1-R,1185,2,0.05482434055247384,0.0,3.5190325327636087e-07,1.2364194412461214,0.00020282616070297125,0.12594073084900917,1.7164417103496303,0.9602422887885733,0.9960073029197128,5.309376354979372,True
B1-R,1190,2,0.054839459861387815,0.0,8.849656217887174e-11,0.07703629899573812,5.0481019393711294e-05,0.03141113827236998,0.0013982951551590136,0.8116346782205244,0.9980897591868798,2.1938179502455006,True
B1-R,1195,2,0.054853525417269004,0.0,6.26786948584785e-10,0.07463899571047991,5.03144492463374e-05,0.03138759720280568,0.005348162654128731,0.06247506602653187,0.9981435044696407,1.4463112682259651,True
B1-R,1200,2,0.05486703390168158,0.0,1.0044688842903453e-08,0.40890537460894255,0.0001171820951322582,0.07389453774990472,0.07518061590390356,0.6077954951133913,0.9978694753799825,2.4380978604043535,True
B1-R,1205,2,0.054880214575924395,0.0,3.9172953840272874e-07,1.1726380706327755,0.00019787442401053432,0.12597667689073588,1.4238088911907236,0.9499103414407069,0.9964128190048915,4.943346138193005,True
B1-R,1210,2,0.05489426683510861,0.0,3.4676109304998e-11,0.07366376790525721,4.916292799792602e-05,0.03153904716749742,0.0010873100586344215,0.05634967126979421,0.9983583770767874,1.4355186706161878,True
B1-R,1215,2,0.05490798862705535,0.0,1.079917073933608e-10,0.07212818516109117,4.9011811518601154e-05,0.03146149113720081,0.00457113921166579,0.7594458901772528,0.9983747038678353,2.140570364609833,True
B1-R,1220,2,0.054921122244783564,0.0,8.649465640420185e-09,0.39832098701320184,0.00011400691861513697,0.07429771560214067,0.036817240206391995,0.8049154352330713,0.9983075819922873,2.5873785868390917,True
B1-R,1225,2,0.05493345190630656,0.0,3.592002554770771e-08,1.1532236897650432,0.00019264431696255308,0.12652395564879124,0.6323677327976005,0.9612413262002956,0.9982106877918452,4.146427331972096,True
B1-R,1230,2,0.054945839777282915,0.0,2.4497085843325078e-11,0.07182544687577334,4.79649323255945e-05,0.03159702465043147,0.0012680717209626366,0.7265671169843188,0.998156201424075,2.1041910254987988,True
B1-R,1235,2,0.05495585817740571,0.0,1.0998093886758025e-10,0.069721839866761,4.78070371833571e-05,0.03158788373093448,0.006354098745578861,0.0478282956729762,0.9982680120272336,1.428587228077677,True
B1-R,1240,2,0.05496350160580069,0.0,1.165306239876149e-09,0.38212474136237845,0.00011143409008444388,0.07432567221039711,0.009950047968741611,0.6163197547571989,0.9982103875270298,2.35585954711014,True
B1-R,1245,2,0.05496855775188906,0.0,3.8534608466438784e-08,1.096436175553595,0.00018827517359720777,0.12656169251232072,0.15119719516056243,0.9511228436896879,0.9981193402675177,3.5984683496513346,True
B1-R,1250,2,0.05497197812012847,0.0,3.3361178295624638e-12,0.06886611259283039,4.6796103885437827e-05,0.03164062670233637,0.0016580353178104054,0.04306987459808086,0.9984035077903183,1.41854484370924,True
B1-R,1255,2,0.054973401618097856,0.0,1.79029805557386e-11,0.0674864620199235,4.666368750109945e-05,0.03159283174798083,0.00539354246497321,0.6816890783584024,0.9984245731982064,2.0595001595853795,True
B1-R,1260,2,0.054973446487806804,0.0,2.5984425795198663e-10,0.37282454023335254,0.00010862990725845275,0.0743994931577207,0.004380804137512761,0.8093132985374684,0.9984078073193821,2.534301805991573,True
B1-R,1265,2,0.05497273882395156,0.0,1.774744287485291e-08,1.0798400300922513,0.00018364827369979022,0.12658680167041703,0.01080398373717535,0.9621467733212384,0.9984297193442372,3.45285466830622,True
B1-R,1270,2,0.0549715588522162,0.0,1.46123727445544e-11,0.06728178273861313,4.5741063165695345e-05,0.031607033280187144,0.0016207208413634535,0.6536508374070372,0.9981919347046773,2.027255844310737,True
B1-R,1275,2,0.054970151639168525,0.0,4.172604094815074e-11,0.0653384433596776,4.560043424893418e-05,0.03157937535197557,0.006793614849336649,0.03633272884925505,0.9983082947889315,1.413248815870994,True
B1-R,1280,2,0.054968645641059376,0.0,4.387027891851526e-10,0.3582242198642363,0.00010635401017603557,0.07425280392586349,0.010619430863184185,0.6240942526550197,0.9982600759603009,2.3404003659227803,True
B1-R,1285,2,0.05496711874963935,0.0,1.6926343219713387e-08,1.0282021663073662,0.0001797748622212604,0.12635462147515386,0.019243243192543395,0.952223393677691,0.9982074138097683,3.399246223999284,True
B1-R,1290,2,0.05496595143569226,0.0,1.9869361665890444e-12,0.0646152749421828,4.4701059351074685e-05,0.03157396817746591,0.0015940367197349338,0.032626843653303664,0.9984341763295432,1.4037187580620298,True
B1-R,1295,2,0.054964867698015896,0.0,1.196557118093297e-11,0.06332376586692649,4.458740143040861e-05,0.03152660243374796,0.004726653783215071,0.6149478086809914,0.9984538648099481,1.9878476214783045,True
B1-R,1300,2,0.05496394232191063,0.0,2.1550110304618514e-10,0.34999890363633684,0.00010385128939872187,0.0742135784813166,0.0038193879879563045,0.8133253793747748,0.9984376182355785,2.514718430830416,True
B1-R,1305,2,0.05496331500856609,0.0,1.8770086250028634e-08,1.014198293357901,0.0001756387939397292,0.12626118626869165,0.011489799953795647,0.9629721792441198,0.9984577176121343,3.388371409043499,True
B1-R,1310,2,0.05496296032205247,0.0,1.1203411730131609e-11,0.06321492691898284,4.3760000736309215e-05,0.0315286793190892,0.0013430920676643,0.5905997806876118,0.9982254936612185,1.9597705342767688,True
B1-R,1315,2,0.05496283483620138,0.0,3.941138248923136e-11,0.06138175829669693,4.363985374073386e-05,0.03150128168623672,0.00569402557912021,0.027295451006122913,0.9983376061080369,1.3990679367503727,True
B1-R,1320,2,0.054962890823335164,0.0,3.607692740467937e-10,0.3366265163528877,0.00010182263229251028,0.07407463051204291,0.008715488065095332,0.6312327304589278,0.998289898816282,2.3238555413149733,True
B1-R,1325,2,0.054963092788972934,0.0,1.4258329802680797e-08,0.966492278179139,0.00017218127713856962,0.126056192761693,0.018053232185391007,0.953229426123487,0.9982373053714627,3.3370560941015057,True
B1-R,1330,2,0.0549637073660463,0.0,1.932568304083054e-12,0.06077011248932714,4.2828357685391834e-05,0.031501092532888984,0.0013098892946625206,0.024405481038973633,0.9984614364572644,1.391309377002966,True
B1-R,1335,2,0.0549644079592892,0.0,1.0571851477781954e-11,0.059556719793861956,4.2731113326332044e-05,0.03145921007177812,0.003959834439980852,0.5569677818913441,0.9984793377015658,1.925287654818875,True
B1-R,1340,2,0.05496522306540631,0.0,2.8405612210548e-10,0.3293280509668172,9.957219852018017e-05,0.07405335919710102,0.0031123832536314377,0.8170065080684769,0.9984642791962249,2.4968902684918595,True
B1-R,1345,2,0.05496625630372447,0.0,1.8446078272400426e-08,0.9547172890147624,0.00016846098813270676,0.12599675864824122,0.0076045053094378375,0.96372840345971,0.9984834847107338,3.3255302020957185,True
B1-R,1350,2,0.054967507140364795,0.0,8.862061692201973e-12,0.05952815952897492,4.198377561185296e-05,0.03146738559234986,0.0011269133934081227,0.535659134188761,0.9982554807099084,1.9009165928997003,True
B1-R,1355,2,0.054968886267974804,0.0,3.771511626637542e-11,0.05779372909156414,4.188108503438801e-05,0.03144191954515863,0.004878372435212327,0.020198650535057285,0.9983637118677002,1.3875626959373162,True
B1-R,1360,2,0.05497035574945048,0.0,3.0282270970191277e-10,0.3170308773766594,9.775442897380528e-05,0.07394172461069255,0.007389300918347384,0.6378157360431534,0.9983166659329467,2.309443838360848,True
B1-R,1365,2,0.05497190266808458,0.0,1.2187228009804018e-08,0.9104706594570876,0.00016535902785720668,0.12583498155929423,0.01505107200381554,0.9541529167081123,0.9982650285527207,3.2787995428365386,True
B1-R,1370,2,0.05497376630597887,0.0,1.862037458540439e-12,0.057276866696723695,4.114476486004617e-05,0.03144724126811264,0.0011162739952680944,0.017967557899996475,0.9984858048087304,1.3812037209654477,True
B1-R,1375,2,0.054975648671052015,0.0,9.235107675497285e-12,0.05613313139131468,4.1061550345598695e-05,0.03140990231128112,0.0034071178725357427,0.5062668941485617,0.9985020928753556,1.8706384435138896,True
B1-R,1380,2,0.05497757633652874,0.0,3.8156117467452385e-10,0.31052811777737027,9.57202390886726e-05,0.07393435335506555,0.002632223959195055,0.8203963002098764,0.9984880421501625,2.4809626397549636,True
B1-R,1385,2,0.05497964675278391,0.0,1.878538921877237e-08,0.9005814904501067,0.00016199558920559822,0.12579933367983187,0.0062457484347434745,0.9644238094607799,0.9985061331695051,3.2706167633334817,True
B1-R,1390,2,0.05498188855329912,0.0,7.214072437616014e-12,0.05617058251756374,4.038308985221576e-05,0.031421834968447915,0.0009682792558064943,0.4875156831609875,0.9982822168708273,1.8493084226371947,True
B1-R,1395,2,0.054984191579431185,0.0,3.6101446171231225e-11,0.05452560407315451,4.0295304872201994e-05,0.03139766261523828,0.00425245674615923,0.014670529918884316,0.9983869600546644,1.3781944666462302,True
B1-R,1400,2,0.054986528641512836,0.0,2.5949399717697565e-10,0.29917323880304125,9.408398672877704e-05,0.0738422778856949,0.006380021369741362,0.6439054328854302,0.9983405100342748,2.29666820843197,True
B1-R,1405,2,0.054988904008798446,0.0,1.072265274967376e-08,0.8593912265190653,0.00015920002141992876,0.1256685070378565,0.012453103014479211,0.9550035995853199,0.9982897550424681,3.2259099219872542,True
B1-R,1410,2,0.054991533049636956,0.0,1.8148597992065103e-12,0.05408930999118197,3.9623980487318164e-05,0.03140667115526392,0.0009654653790121273,0.012975363587088375,0.9985075330989531,1.3729416324419865,True
B1-R,1415,2,0.054994141591599106,0.0,8.175197343443443e-12,0.053008583051312785,3.955287921985693e-05,0.031372913359293986,0.002969908991342186,0.46170179748826534,0.9985223475639308,1.8225858112995357,True
B1-R,1420,2,0.05499675249316439,0.0,4.954710638317874e-10,0.29335835995241993,9.223683272925963e-05,0.07384433516140981,0.0022567225547606125,0.8235276337615473,0.9985092244619398,2.4665722756861,True
B1-R,1425,2,0.05499945557269713,0.0,1.909228953964971e-08,0.8511074235299164,0.00015614555547937046,0.12564963186321146,0.005221635004241617,0.9650653599421875,0.9985263009630658,3.2207237938138773,True
B1-R,1430,2,0.055002300336507395,0.0,5.985908134165531e-12,0.05310049885275927,3.893415059477026e-05,0.03138749998501922,0.0008418215393387551,0.44511961293238334,0.998306016285105,1.803805885433723,True
B1-R,1435,2,0.055005160225363385,0.0,3.481670512957222e-11,0.051537401834987416,3.8859231093356557e-05,0.0313643009292884,0.0037459125638525824,0.01041855227948861,0.9984076106438904,1.3705384386442343,True
B1-R,1440,2,0.05500801550565183,0.0,2.2801254218840977e-10,0.28283800636909134,9.075810690806595e-05,0.07376731177083595,0.005571665226892423,0.6495538780700635,0.9983616740884595,2.285223371388523,True
B1-R,1445,2,0.05501088270151956,0.0,9.710555900743272e-09,0.8126455123893775,0.00015361615884864992,0.12554265237384246,0.010507928918581941,0.9557895786378161,0.998311626920344,3.1780053386169644,True
B1-R,1450,2,0.05501395677081625,0.0,1.7861527241682771e-12,0.0511700672687978,3.8244514331768454e-05,0.03137604695618261,0.000844035999921357,0.009161476129837514,0.9985269069875189,1.3661865617124573,True
B1-R,1455,2,0.05501698379774663,0.0,7.327901950641331e-12,0.05014671792052927,3.81839391407941e-05,0.0313451856594399,0.0026157422971467485,0.4223491632265886,0.9985403738000547,1.780120285838961,True
B1-R,1460,2,0.055019983396514996,0.0,6.141015140978358e-10,0.2776220159070686,8.907394193729325e-05,0.07377626365377124,0.0019565810088113065,0.8264281400333363,0.9985281093026486,2.4535001014442495,True
B1-R,1465,2,0.055023038505861654,0.0,1.935748776393934e-08,0.805736179169993,0.00015083117490840472,0.12553616420244784,0.004440475487111809,0.965658899985039,0.9985442602700491,3.175182022176345,True
B1-R,1470,2,0.055026214346285504,0.0,5.053798017131102e-12,0.050283631870878955,3.761738756672427e-05,0.031361680606084005,0.000739394260032452,0.4076199694514976,0.9983271974455745,1.7635005627581157,True
B1-R,1475,2,0.05502937286304386,0.0,3.3745826183595516e-11,0.04879584844494162,3.755363592719511e-05,0.03133922539723204,0.003329832271338965,0.007209524704416506,0.9984259489507403,1.3642847977535617,True
B1-R,1480,2,0.05503250025224193,0.0,2.0455340654430063e-10,0.2678451460823718,8.773284590821983e-05,0.07371094602646956,0.0049145929950480255,0.654805434611058,0.99838045771163,2.2749068117382487,True
B1-R,1485,2,0.0550356221964651,0.0,8.99797010703473e-09,0.769723743569321,0.0001485345549748741,0.12544764700594077,0.008981694358353283,0.9565177110185962,0.998330997646037,3.1343284481335187,True
B1-R,1490,2,0.05503891627542003,0.0,1.7682579936268147e-12,0.04848778313207494,3.698855809175863e-05,0.03135296290249915,0.0007449005489355958,0.006312034606271494,0.9985441760370684,1.3606734271638097,True
B1-R,1495,2,0.055042146508976784,0.0,6.635155973052933e-12,0.04751692851019323,3.6937182213400464e-05,0.03132446651026865,0.0023245168895537176,0.3874551648390236,0.9985564065539896,1.7424251530367614,True
B1-R,1500,2,0.05504532979306978,0.0,7.297736189925308e-10,0.26315314468142254,8.619164943080566e-05,0.07372479750626242,0.001713263957531109,0.8291213696475368,0.9985449368823792,2.441570354019685,True
P0-RCV,1,1,0.04168075897463971,0.0,0.0,0.0,661.6150749069202,0.005489231351405212,0.0,0.0,0.0,661.8289679331448,True
P0-RCV,5,1,0.03761038763397265,0.0,0.0,0.0,579.8294056624192,0.003222042956513476,0.0,0.0,0.0,580.0206796435456,True
P0-RCV,10,1,0.03219932913323375,0.0,0.0,0.0,109.4592583503951,0.0012738919867965699,0.0,0.0,0.0,109.62152888804808,True
P0-RCV,15,1,0.026347334802480818,0.0,0.0,0.0,87.82311873472199,0.0019336249435744641,0.0,0.0,0.0,87.95678903367796,True
P0-RCV,20,1,0.02175539304921818,0.0,0.0,0.0,98.85800395067494,0.019462235286805008,0.0,0.0,0.0,98.98624315120784,True
P0-RCV,25,1,0.019704276820029384,0.0,0.0,0.0,73.49064072083138,0.0650767830868133,0.0,0.0,0.0,73.65423888801834,True
P0-RCV,30,1,0.018745516524885045,0.0,0.0,0.0,9.137125840221238,0.014986971523221326,0.0,0.0,0.0,9.245840394368884,True
P0-RCV,35,1,0.0180246418877621,0.0,0.0,0.0,4.631081567389674,0.01638817328383713,0.0,0.0,0.0,4.7375929501123215,True
P0-RCV,40,1,0.01818922519063957,0.0,0.0,0.0,3.8354919158412994,0.04477347105410625,0.0,0.0,0.0,3.9712115128486034,True
P0-RCV,45,1,0.017794500890172822,0.0,0.0,0.0,2.9447223502731905,0.08343977839575778,0.0,0.0,0.0,3.1171346331198126,True
P0-RCV,50,1,0.017539173164758663,0.0,0.0,0.0,0.45774739563831296,0.01947689968918184,0.0,0.0,0.0,0.5649201611512882,True
P0-RCV,55,1,0.017388772853016054,0.0,0.0,0.0,0.38284440984929224,0.018073654024223628,0.0,0.0,0.0,0.48786192813859613,True
P0-RCV,60,1,0.017306154479225396,0.0,0.0,0.0,0.45896237913908466,0.044843652737047136,0.0,0.0,0.0,0.5903368042722588,True
P0-RCV,65,1,0.01705339699640184,0.0,0.0,0.0,0.5694962063981998,0.07713459370836627,0.0,0.0,0.0,0.7318977850885753,True
P0-RCV,70,1,0.016766492953264264,0.0,0.0,0.0,0.13755314335654578,0.016871529238897915,0.0,0.0,0.0,0.23825713736176504,True
P0-RCV,75,1,0.016565171079843365,0.0,0.0,0.0,0.16258203084114686,0.014102679537031084,0.0,0.0,0.0,0.2595105657773948,True
P0-RCV,80,1,0.016404272164144102,0.0,0.0,0.0,0.2540826363795521,0.03546851689898339,0.0,0.0,0.0,0.371572514099256,True
P0-RCV,85,1,0.016195305216219445,0.0,0.0,0.0,0.33663127436500995,0.06321745044236168,0.0,0.0,0.0,0.48082525088846884,True
P0-RCV,90,1,0.016017428872377195,0.0,0.0,0.0,0.08034037912274294,0.013069312348701803,0.0,0.0,0.0,0.1734968358333307,True
P0-RCV,95,1,0.0158552795145743,0.0,0.0,0.0,0.09394420485208368,0.011169339562057734,0.0,0.0,0.0,0.18438994198701292,True
P0-RCV,100,1,0.015699852930656833,0.0,0.0,0.0,0.1280418033574489,0.030324772399136852,0.0,0.0,0.0,0.23686584040986994,True
P0-RCV,105,1,0.015556579467462502,0.0,0.0,0.0,0.1806163382112545,0.05419878386870116,0.0,0.0,0.0,0.31259801941726817,True
P0-RCV,110,1,0.015412344718249251,0.0,0.0,0.0,0.05086214612353236,0.010484575435638705,0.0,0.0,0.0,0.13840844515041734,True
P0-RCV,115,1,0.015286528863367607,0.0,0.0,0.0,0.0713883244990374,0.007620336802789669,0.0,0.0,0.0,0.1554413056186651,True
P0-RCV,120,1,0.015177106746977356,0.0,0.0,0.0,0.1088870210910079,0.02092375323489474,0.0,0.0,0.0,0.2056963080607894,True
P0-RCV,125,1,0.015112636587101581,0.0,0.0,0.0,0.14442673105046777,0.0396973090488617,0.0,0.0,0.0,0.2596872230348374,True
P0-RCV,130,1,0.015000427984813262,0.0,0.0,0.0,0.03626262439242901,0.007683494633803206,0.0,0.0,0.0,0.11894825895029854,True
P0-RCV,135,1,0.014929195676464835,0.0,0.0,0.0,0.04643743063699555,0.0059117195766483594,0.0,0.0,0.0,0.12699512859596807,True
P0-RCV,140,1,0.014866404747690829,0.0,0.0,0.0,0.056462781938829296,0.01881784367094087,0.0,0.0,0.0,0.1496126493482243,True
P0-RCV,145,1,0.014806519974929112,0.0,0.0,0.0,0.0780603470790317,0.03594705964044308,0.0,0.0,0.0,0.18804000659412035,True
P0-RCV,150,1,0.014777789189946305,0.0,0.0,0.0,0.023774196959736663,0.006373490772428273,0.0,0.0,0.0,0.10403663368189646,True
P0-RCV,155,1,0.014722740270713599,0.0,0.0,0.0,0.038040896575746865,0.004035530171053808,0.0,0.0,0.0,0.11569012810036867,True
P0-RCV,160,1,0.014682469451630768,0.0,0.0,0.0,0.05287503464989786,0.011936483735183424,0.0,0.0,0.0,0.1382238656432351,True
P0-RCV,165,1,0.014693649208403263,0.0,0.0,0.0,0.06700934707278791,0.024274100311364025,0.0,0.0,0.0,0.16475169342616824,True
P0-RCV,170,1,0.014641477539987173,0.0,0.0,0.0,0.017483045277466223,0.004564002586882905,0.0,0.0,0.0,0.09525443556428499,True
P0-RCV,175,1,0.014640733804887025,0.0,0.0,0.0,0.024729104100222457,0.003196103730904643,0.0,0.0,0.0,0.10112887685556222,True
P0-RCV,180,1,0.014632113195011311,0.0,0.0,0.0,0.02527108682749548,0.012302158325186828,0.0,0.0,0.0,0.11073381112773886,True
P0-RCV,185,1,0.01460415624521921,0.0,0.0,0.0,0.033445966564878485,0.02504978415794258,0.0,0.0,0.0,0.1315165319489171,True
P0-RCV,190,1,0.01462917677828986,0.0,0.0,0.0,0.011350207864063143,0.004432729955779157,0.0,0.0,0.0,0.0889288217112916,True
P0-RCV,195,1,0.014622465703120438,0.0,0.0,0.0,0.021525656279438938,0.002514529273275677,0.0,0.0,0.0,0.0971525140683168,True
P0-RCV,200,1,0.014609778949889926,0.0,0.0,0.0,0.026339061330100784,0.007612414547658008,0.0,0.0,0.0,0.10700037062720844,True
P0-RCV,205,1,0.0146308348520667,0.0,0.0,0.0,0.03115929630633387,0.016518533965638488,0.0,0.0,0.0,0.12083200453230586,True
P0-RCV,210,1,0.014621837130416277,0.0,0.0,0.0,0.008571805033174028,0.0030309898868052607,0.0,0.0,0.0,0.08471198057206068,True
P0-RCV,215,1,0.014640000398314297,0.0,0.0,0.0,0.013814096838117632,0.0020264389309428885,0.0,0.0,0.0,0.08904053776063199,True
P0-RCV,220,1,0.014643500236107807,0.0,0.0,0.0,0.011039917586473911,0.00913060753107671,0.0,0.0,0.0,0.09338802629808965,True
P0-RCV,225,1,0.014626697855100264,0.0,0.0,0.0,0.01360216191705129,0.019427581508785458,0.0,0.0,0.0,0.10616323270133807,True
P0-RCV,230,1,0.014659685783881205,0.0,0.0,0.0,0.005443568838280543,0.0036179355455202835,0.0,0.0,0.0,0.08235993330320684,True
P0-RCV,235,1,0.014670560179837056,0.0,0.0,0.0,0.012905637914789991,0.0019287002116935555,0.0,0.0,0.0,0.08818713902566883,True
P0-RCV,240,1,0.01466040957098378,0.0,0.0,0.0,0.013385454388287595,0.00577433064563995,0.0,0.0,0.0,0.09246183288884643,True
P0-RCV,245,1,0.014669468743875737,0.0,0.0,0.0,0.014331154507128775,0.013192964421758775,0.0,0.0,0.0,0.10087146264826621,True
P0-RCV,250,1,0.01467810810738742,0.0,0.0,0.0,0.00425751337259001,0.0023565428711803784,0.0,0.0,0.0,0.0800045967807075,True
P0-RCV,255,1,0.014689324246840885,0.0,0.0,0.0,0.008132415654592298,0.0015595511715172027,0.0,0.0,0.0,0.08313858806031393,True
P0-RCV,260,1,0.014686232649910105,0.0,0.0,0.0,0.004600863773997992,0.007707682292271312,0.0,0.0,0.0,0.08573970931581983,True
P0-RCV,265,1,0.014671674841021089,0.0,0.0,0.0,0.005027236261237744,0.01678303479981341,0.0,0.0,0.0,0.09516864526615659,True
P0-RCV,270,1,0.014695332991256974,0.0,0.0,0.0,0.0026159732964794492,0.0032708262613775113,0.0,0.0,0.0,0.07936346451414182,True
P0-RCV,275,1,0.014704624105977329,0.0,0.0,0.0,0.008248765786924066,0.001710450517964624,0.0,0.0,0.0,0.08348233683477532,True
P0-RCV,280,1,0.014691148742643767,0.0,0.0,0.0,0.006978361103113441,0.005020991840633326,0.0,0.0,0.0,0.0854550966569656,True
P0-RCV,285,1,0.014687542461512444,0.0,0.0,0.0,0.006481399443886562,0.011865529691031764,0.0,0.0,0.0,0.09178464144248054,True
P0-RCV,290,1,0.014697801245299583,0.0,0.0,0.0,0.002155116425375384,0.002082668562408004,0.0,0.0,0.0,0.0777267912142813,True
P0-RCV,295,1,0.014697827943678694,0.0,0.0,0.0,0.00509497012904917,0.0013785039849184486,0.0,0.0,0.0,0.07996261383236108,True
P0-RCV,300,1,0.014685204055878618,0.0,0.0,0.0,0.0017846355136434465,0.007112201439872567,0.0,0.0,0.0,0.0823228572329091,True
P0-RCV,301,2,0.014682344306472896,0.3116097652429538,0.0017438871521203393,7.620065980969629,0.004698214743646557,0.01160437497804129,1.813315078445497,1.6748685936758088,0.19485890121546984,11.706176517955532,True
P0-RCV,305,2,0.01562609834669376,0.32763709716094913,0.0014283007552438663,9.803474229294796,0.00022062217875212087,0.016666549398121996,1.758643035445728,0.5102666458599097,0.16179724403394233,12.65826421586091,True
P0-RCV,310,2,0.017855552704840922,0.06496000653280305,0.0002910008707142815,1.5218629124974554,0.0005668029966113731,0.008180388233366665,1.3883670635598644,23632.22312789956,0.8520447189423983,23636.148678556718,True
P0-RCV,315,2,0.01781835205280621,0.06454420968545448,0.00048031561019164107,0.5575926133119311,0.0022992137654533956,0.0031596855083130533,1.275169404090363,9306.302329057624,0.8010815453271356,9309.095747805186,True
P0-RCV,320,2,0.015328301633321398,0.1595584503702595,0.000908390612815122,2.27622025405641,0.03193408489584595,0.01152097001580696,1.121854017334849,202.36507214170433,0.7050897150842874,206.7487995322412,True
P0-RCV,325,2,0.016412020913479503,0.2860677330333027,0.0008540068356707807,3.9596741564667948,0.1109756536011528,0.02760937441902115,0.9485675986103532,0.33569036683671555,0.20336022601767792,5.954859220388086,True
P0-RCV,330,2,0.017138499378238747,0.06866169843922652,0.00021504872244855358,0.5496560737318137,0.04007616411970347,0.005656100472630158,0.6875557325037516,4837.013367263372,0.8756028617725977,4839.326483440025,True
P0-RCV,335,2,0.01895914487505912,0.06930609071527868,0.00015497198576708732,0.3316664325143407,0.05136565907594949,0.0055668520438607455,0.521298977506915,9904.522960903465,0.8749449813908496,9906.472060593074,True
P0-RCV,340,2,0.020523475401859684,0.17210552026056494,0.0001763584503779102,1.8493781131096458,0.17018655089303675,0.025157243194312257,0.3277899883150765,15.714978828769402,0.7188655280872112,19.081255508088926,True
P0-RCV,345,2,0.021296544373645754,0.28699464703096983,0.00021806941880983318,3.719198584300142,0.35215613634958864,0.049509761395314295,0.25788180206278977,0.016835331831299004,0.2473816171954707,5.036658671452613,True
P0-RCV,350,2,0.02195359349668921,0.0756173852229092,4.8037133122460125e-05,0.4175627910116142,0.09961723474335019,0.01024768713610991,0.21670296283834076,5790.059548249242,0.9126490054315279,5791.901761320242,True
P0-RCV,355,2,0.022813931977224425,0.07482921246654145,0.00012168123730383464,0.202163725419502,0.10780816267761398,0.0060975817446385135,0.22093228800081455,2228.0014399019956,0.8785801099553505,2229.6060423233835,True
P0-RCV,360,2,0.023724470810400047,0.1843124082311021,0.00015346122938820187,1.0194256630570304,0.2939216574073451,0.022217206920166398,0.15366316617158343,47.019387078426654,0.7659894346459029,49.57769243014117,True
P0-RCV,365,2,0.02464997704020736,0.3024078259391476,0.00012743674501132052,2.2909902736534984,0.5532593900641735,0.04805513382323606,0.1162431412134754,0.025122324936860896,0.1973583595828602,3.6568137711593005,True
P0-RCV,370,2,0.02549427835945974,0.07972735541789641,3.1271988285163944e-05,0.265908678276191,0.14806919944562874,0.009887145137573801,0.09177861004564328,1401.3758537041206,0.9248321025237995,1403.023559458753,True
P0-RCV,375,2,0.026189138114885463,0.07932128920432824,2.7007571707928185e-05,0.1886238108344826,0.1563773470307761,0.008520620834406762,0.09631306920918432,2993.382683402131,0.9270753485043561,2994.969887585895,True
P0-RCV,380,2,0.026770973955295665,0.18928752740813337,3.907162883299159e-05,1.028618498088372,0.3985260635476075,0.0292949366270084,0.06566783578424865,3.441817995364217,0.7197696838449575,6.006876482069856,True
P0-RCV,385,2,0.027235960705811572,0.2974888901841238,4.9156487741154365e-05,2.3280853012145437,0.7154485156465459,0.056495351300820965,0.056516920190793705,0.23687370691994877,0.18584572804865726,4.012983373522233,True
P0-RCV,390,2,0.027729990301745094,0.08224121965499877,1.0665723355477151e-05,0.2514960931258011,0.18595489945619223,0.0126254472698407,0.053556200663476355,2040.9349114401712,0.9435264088091462,2042.6029723263828,True
P0-RCV,395,2,0.02818657461386142,0.08091657350061995,3.9325006187201386e-05,0.13052787758475107,0.1910701894727691,0.007847588232820862,0.06419282645362807,791.697135111754,0.9109404967952287,793.2236028618694,True
P0-RCV,400,2,0.028618349713600597,0.19431223469392508,4.8305132271443756e-05,0.690119448244999,0.4722266725169495,0.02662073274987181,0.04941130237301636,15.017791461202052,0.7805531136398725,17.37417501912096,True
P0-RCV,405,2,0.029060135483921192,0.3079787419615913,4.708817187176673e-05,1.614661238479696,0.8346399525918413,0.053483917669914886,0.04218553991492868,0.21962038583843105,0.1378503075562453,3.3557678496041254,True
P0-RCV,410,2,0.02947186898851932,0.08292633233212715,1.3051758549931317e-05,0.1813440872536588,0.214465116225742,0.010862241648021633,0.037637362211131446,554.8322904992948,0.9406670573726201,556.4475650930392,True
P0-RCV,415,2,0.029876918039287603,0.08238831866287552,1.172475628352582e-05,0.1325433467966239,0.21953298261787607,0.009514191144216479,0.041936102150061896,1218.219055706719,0.945900428436278,1219.8002673914798,True
P0-RCV,420,2,0.030262908435759638,0.19332090372273303,1.8856838849348372e-05,0.7210812350187769,0.5343432912078634,0.030774825812721684,0.02982495618594718,0.7583738482037663,0.6929952912407704,3.1120477504102264,True
P0-RCV,425,2,0.03058272216541053,0.2979077338499989,2.395953529799271e-05,1.6931047878900065,0.9313355263079948,0.05842110384469476,0.026768641076869215,0.4354037741480565,0.10190216652489029,3.6977813040048613,True
P0-RCV,430,2,0.03095179694319635,0.08400926536984595,5.275380589024146e-06,0.18143326793075334,0.2371047532031173,0.013278758207287005,0.026475392643786042,890.2530208658665,0.9547928495570412,891.9048794128748,True
P0-RCV,435,2,0.03127837785411452,0.08273998087539004,2.2041224041993075e-05,0.09510161797749803,0.24017868782371105,0.008612244444224672,0.033084215037175985,344.38117248710637,0.9196150481162219,345.9169182118752,True
P0-RCV,440,2,0.031578231244913185,0.19649087580936742,2.6170760217677148e-05,0.5061805015295364,0.5782575500782166,0.028304643140860966,0.026007874429227588,5.359693702561947,0.766915773572779,7.619768248106719,True
P0-RCV,445,2,0.031877593651964735,0.306881964265719,2.6779038959806873e-05,1.2245917225287517,1.001883223774981,0.05580865735133891,0.0228119539333206,0.4027761999644788,0.06761716684207102,3.2417856359594444,True
P0-RCV,450,2,0.032153523372446285,0.08392904598385617,7.58687887751138e-06,0.13906958875111528,0.25381349291937566,0.011486226360230601,0.021000166961121083,256.68055707189336,0.945229269143951,258.29586006575414,True
P0-RCV,455,2,0.032430603522323846,0.08336536474562689,6.966397997822947e-06,0.1014747301296071,0.25672834992687493,0.01013963478061181,0.024120672765613645,579.046187801464,0.9526478640658247,580.6368244018878,True
P0-RCV,460,2,0.03270073106339485,0.19374877226811102,1.1781071032130093e-05,0.5534179569409036,0.6142129483250064,0.03197454189352825,0.017350735412558094,0.10357203791543311,0.6567666744662131,2.3345591036097595,True
P0-RCV,465,2,0.032908233872366334,0.2949192541072671,1.4963777081862352e-05,1.3192085132724518,1.0579706656770278,0.06007643008011799,0.01585984128128607,0.5740934440782777,0.03643147923433384,3.5231157608696764,True
P0-RCV,470,2,0.03317224362190114,0.0843720824541768,3.383032224098351e-06,0.14399455333996256,0.2669293357722503,0.013785368747012557,0.01606237972903152,445.55273705379904,0.9584705290841307,447.2022159040673,True
P0-RCV,475,2,0.033404828595744396,0.0831701450288123,1.5067449199830168e-05,0.07500240820719982,0.2686525387450861,0.009126165326966064,0.020480483141001656,171.06274317061644,0.9196733146274851,172.60588743612092,True
P0-RCV,480,2,0.03361695079296256,0.1960558035819771,1.757314122709875e-05,0.3991867642549016,0.6398338175655489,0.029491121711219814,0.01618792819068354,1.9765849194858924,0.7453950819699617,4.170837763866225,True
P0-RCV,485,2,0.03383201277765936,0.30330013379531645,1.844643026589133e-05,0.9761627153361896,1.0992165842173054,0.057614557209390044,0.014295902786732869,0.5374267841340475,0.01777640861358759,3.174971596411132,True
P0-RCV,490,2,0.03403565294840509,0.0839346056639203,5.269645942156161e-06,0.11445784209879373,0.27673249358433705,0.011980637117434962,0.013242502147325547,131.99062900736007,0.9448831611181268,133.606043783478,True
P0-RCV,495,2,0.03424668375481131,0.08336937401578778,4.895084816859602e-06,0.08245077366958278,0.27839239838609114,0.010642313946573816,0.01542995864728071,304.61296370717986,0.9543088020844477,306.20879564178847,True
P0-RCV,500,2,0.0344604901135801,0.19252932538452872,8.457724691086041e-06,0.45097178544495,0.6609291012730917,0.03306437116065056,0.010968936007921695,0.0004376020734281323,0.6187249178771187,2.139936947514281,True
P0-RCV,505,2,0.03461319881887481,0.2906568881317301,1.0661297681345486e-05,1.0758509986219362,1.131997355006968,0.0617802212993564,0.010022111221832481,0.6720184334749538,0.005580226353598693,3.420982889502431,True
P0-RCV,510,2,0.0348312875381269,0.08401712819815914,2.451235152285877e-06,0.12014947689816043,0.2843067178465305,0.014252668542623125,0.010201537645166762,239.98310402072815,0.9589025648505496,241.62909300363512,True
P0-RCV,515,2,0.0350258830615292,0.0828687541612276,1.119963358859625e-05,0.0618819481188438,0.28513757526836203,0.00964354980261891,0.013084305472879866,90.58695074171033,0.9164844791925364,92.13119196866802,True
P0-RCV,520,2,0.03520272926937237,0.1943064229453736,1.2848121117773271e-05,0.32911424065060724,0.6751459425047102,0.03075799228644157,0.010207888531091572,0.6485513819967978,0.7232164470106972,2.787326810393699,True
P0-RCV,525,2,0.035382875370587964,0.29866167641835606,1.3591943463855813e-05,0.7971685797233501,1.1543378122558803,0.059743909850173055,0.008922539239912474,0.638462143893258,4.209384772079902e-05,3.134266724025054,True
P0-RCV,530,2,0.03556079584574863,0.08331599145639189,3.9179233688385925e-06,0.09677204058711726,0.2894770934625206,0.01253114670953499,0.008160474614122183,70.94716555191123,0.9424608606301079,72.55769105652313,True
P0-RCV,535,2,0.03574464082522454,0.08273746500260158,3.6425956943059054e-06,0.0688122042503079,0.2901617715906546,0.011224250394321681,0.00954056776093058,167.60669369673295,0.9538986864497295,169.2017954889033,True
P0-RCV,540,2,0.03593258725152222,0.19017159983744764,6.364525629652377e-06,0.37808361929706347,0.6855101972111128,0.03438515723270279,0.006573187195965231,0.06617171720629211,0.5845835934289254,2.12514837219275,True
P0-RCV,545,2,0.03605856161059004,0.28564200039083615,7.994476388567217e-06,0.8950022306843122,1.1694282539652248,0.06396254508877412,0.005929393774061745,0.7447360065665118,0.013804605077182418,3.3588058380762424,True
P0-RCV,550,2,0.03624598029817883,0.08303491442518837,1.8710389622168583e-06,0.1014192412420741,0.29267577969720526,0.01475602059914195,0.006007971959201885,133.53738626127398,0.9578688873539499,135.1743808490806,True
P0-RCV,555,2,0.03641331937469567,0.08189391743040307,8.637620232617531e-06,0.05188258777804351,0.2926355376879759,0.010267812721330464,0.007688008743907889,49.16917478363285,0.912087814442712,50.70770569693093,True
P0-RCV,560,2,0.03656058229610103,0.19123252569896004,9.892604357641256e-06,0.27601538276171755,0.6898196425126668,0.03216434524985219,0.005859645776427138,0.1437475499904498,0.702503596625524,2.2241554927004605,True
P0-RCV,565,2,0.03670910336077081,0.29254916154142807,1.059894569575472e-05,0.6619715732104892,1.174759106156809,0.06203218036432279,0.011845741924691188,0.7159967622697075,0.012600413132684866,3.1153110543496823,True
P0-RCV,570,2,0.03684954966571402,0.08191417294328109,3.17526617985829e-06,0.08171197735634222,0.29354737461192604,0.013064893089351966,0.004624753039748859,38.71055158662282,0.9384230533720097,40.30808873463023,True
P0-RCV,575,2,0.03699573416406485,0.08122734743124359,3.0153065312017288e-06,0.05784835455764664,0.2932085158103567,0.01178782823444223,0.005621453336316476,94.04632944464456,0.9520121174058103,95.63301674754723,True
P0-RCV,580,2,0.037144164247751674,0.18620045930418513,5.404266799674192e-06,0.31949965281587445,0.6897063125197297,0.03551943993391,0.0038623104201694377,0.18394474870470987,0.5491376879892719,2.1535968371934087,True
P0-RCV,585,2,0.037241667893487616,0.2792553557443808,6.961619183308487e-06,0.7615452355986168,1.1718231694343237,0.06574862229230964,0.003576126939755656,0.8001248247929879,0.04271687763235237,3.3110055135213488,True
P0-RCV,590,2,0.03739057915825522,0.08097372309647886,1.687562962794732e-06,0.08584944047909161,0.2920885901655732,0.015074893918344585,0.003655968345630107,75.269346003268,0.9552469292635717,76.88919013189093,True
P0-RCV,595,2,0.0375297022800279,0.07968919078069331,7.695790727678757e-06,0.043955336698195416,0.29089157644618846,0.010830254982891384,0.004543682785561892,26.78281017524315,0.9054945104335106,28.305870934561057,True
P0-RCV,600,2,0.0376398526468093,0.18569486627689152,9.083119104514934e-06,0.2336930591503948,0.6822909662211614,0.03320324361172692,0.0036097380512989854,0.004227048087276797,0.6771204150865475,2.008047682838449,True
P0-RCV,605,2,0.03775644772574353,0.28340741522882595,9.814972981021996e-06,0.5650332291019564,1.1561116244129983,0.06360613189741024,0.007072765312814397,0.7762454955569684,0.04298218814680223,3.083250903259475,True
P0-RCV,610,2,0.03787296320671985,0.07902539440909334,3.0607702690245568e-06,0.06951825155490998,0.28737298559933594,0.013441908470731456,0.003047972333696238,21.052121264790863,0.9320625701779863,22.625958224140486,True
P0-RCV,615,2,0.03799016905142455,0.07811739549187453,2.9442019013760743e-06,0.04912505356706537,0.2854243232298529,0.012207908236310938,0.004920585459770775,53.02693524290467,0.9483375914037568,54.595021889752324,True
P0-RCV,620,2,0.03810863168104175,0.17838494838111563,5.2753256890427155e-06,0.27232026224162326,0.6671147076089474,0.03629095123523383,0.0034567853321171003,0.31037869126775197,0.5069319631407129,2.1654267429383998,True
P0-RCV,625,2,0.03818412842762532,0.26572375774889717,6.961237731492878e-06,0.6631574345751032,1.125951404250856,0.06690764473447855,0.0034227446309392975,0.8429219895229066,0.08278313057180588,3.241795709410845,True
P0-RCV,630,2,0.03830220957999441,0.07693959690906362,1.7567872793576014e-06,0.0733275417138397,0.2786488336616437,0.015214718039034984,0.0047070983922141,42.43326638254585,0.9508489197609635,44.02446589570987,True
P0-RCV,635,2,0.03840633348906387,0.07533838150903363,7.717130964306141e-06,0.03760911279051919,0.2754622084354659,0.011276078131691767,0.003815654871250409,14.405978625603511,0.8958889893137496,15.897408435231506,True
P0-RCV,640,2,0.03849300404778637,0.17445733498514224,9.578861483282314e-06,0.19992192083729027,0.6406017079797233,0.03386862851957854,0.006239249284277101,0.029509057631997303,0.6444894604640723,1.9215619588024964,True
P0-RCV,645,2,0.03857582906449547,0.2633104290547988,1.0464778285050487e-05,0.49563038170153506,1.0755858893184997,0.06447760056319408,0.006028749981755069,0.8233955060546524,0.08511753990935732,3.0064357066845546,True
P0-RCV,650,2,0.038670467023528284,0.07339696193874881,3.493781984090326e-06,0.05986336373989638,0.2647511581349613,0.013648244083732292,0.006993716805157988,11.234385919309926,0.9227435690264347,12.769138761938484,True
P0-RCV,655,2,0.03874930280784951,0.07202079331773714,3.5173051643306383e-06,0.042277558601494514,0.2602166763188444,0.012447091960708688,0.007913138470314465,29.716905424662794,0.9423795850292981,31.2479102997056,True
P0-RCV,660,2,0.0388372387404913,0.1629050075818267,6.411395244467702e-06,0.2350053663470071,0.6014856862851135,0.036611353469901,0.01128679157552699,0.428343415990411,0.4541416582691181,2.1239718846166054,True
P0-RCV,665,2,0.03888790791605376,0.23840119277969704,8.982122152506095e-06,0.5942400467953602,1.0035043728988118,0.06727207141389997,0.014337897769818687,0.8761366333710607,0.13143882147643982,3.11977955820751,True
P0-RCV,670,2,0.038973447272250474,0.06935715848523102,2.4701624325207255e-06,0.06383244773701122,0.24540742024994555,0.015134777231456058,0.017070843702196564,23.840055176329805,0.9439811549996109,25.38970868525894,True
P0-RCV,675,2,0.03905183915918641,0.06717138212309359,1.0354198803723053e-05,0.03281353064379894,0.23979390494799757,0.011522891579036116,0.01704557507639165,7.6221977450505065,0.8817401549212995,9.06755473433686,True
P0-RCV,680,2,0.03911223200076257,0.15425019950644125,1.424597993283662e-05,0.17405284087926626,0.551095662232548,0.034049332906230904,0.023547978617781042,0.12085061421875735,0.601061022700436,1.8544830570452064,True
P0-RCV,685,2,0.03917139803526991,0.22857523903349147,1.630564718423364e-05,0.44677941129217336,0.9151971841047388,0.06461585538928886,0.029268254745450317,0.858854388624439,0.1353285793383994,2.8744922083515148,True
P0-RCV,690,2,0.03923542780321547,0.06392613355987693,6.17782600382479e-06,0.05301618414554666,0.22307099026618088,0.013634649133134955,0.03316386833163081,6.0361531200536,0.9098306962936287,7.52897895862568,True
P0-RCV,695,2,0.03929264334356434,0.06210053589037625,6.949607951084217e-06,0.03747420856808148,0.21740129663151664,0.012496849971618016,0.06464427864351832,17.2641492257247,0.9341708312878153,18.7889073930434,True
P0-RCV,700,2,0.039353670814335814,0.13952001917097323,1.2724074567200209e-05,0.20787766565051383,0.49828675507026154,0.03651910421039335,0.045286750147466824,0.5217209145658119,0.3969490643920873,2.0429413513537544,True
P0-RCV,705,2,0.03938299037918172,0.20057309880698482,1.9770538496932628e-05,0.5479476613875252,0.8263378160713983,0.06703550076771461,0.05158012482156918,0.8992532569688225,0.17989752261147737,2.9695597038698973,True
P0-RCV,710,2,0.039439289023555035,0.058841964306598285,6.273610349174761e-06,0.058114285162369876,0.20107953080503357,0.01499146478062082,0.054911236871574724,14.297342529945187,0.9355641269995287,15.818047857599037,True
P0-RCV,715,2,0.03948139945415331,0.05623169384455989,2.3768279715127667e-05,0.029585916896535086,0.19599493870913182,0.011528213016583282,0.04876400780076673,4.28225897142282,0.8640517492547257,5.685846256495604,True
P0-RCV,720,2,0.03950543244403584,0.12927641849481217,3.846164278665833e-05,0.1558188356279779,0.45096856689490794,0.033828739323750474,0.056552151196687876,0.2159171722852794,0.5526951536491044,1.792622661335486,True
P0-RCV,725,2,0.039526907163131945,0.18967242429738113,4.7918236310404077e-05,0.41263165448710093,0.7517634056496298,0.06410586814201498,0.05806318281542791,0.8828757797687506,0.1844406027393047,2.7412353719515803,True
P0-RCV,730,2,0.03955105322744538,0.05275497658130897,2.1670430638512162e-05,0.0490540192376404,0.18394604895405975,0.013412645072452248,0.05219016396559666,3.458515535242821,0.8941046416906253,4.90175496731237,True
P0-RCV,735,2,0.03957451924106984,0.05057926508902313,2.7201250678073574e-05,0.03412627982547645,0.17986099846410766,0.012318862693634483,0.0429599080202883,10.7681965581052,0.9237458683168511,12.20968753797061,True
P0-RCV,740,2,0.03959640094217638,0.11277427092414745,5.1373216380519253e-05,0.18951285992201228,0.4131653130026595,0.03592648145961654,0.04612521486154972,0.5906240361258452,0.34221880723112524,1.9283803614542185,True
P0-RCV,745,2,0.03960479331674288,0.1589490449902428,8.88984362852287e-05,0.5256633550753225,0.6831319360115513,0.06602086731180117,0.043316802085359825,0.9153464380157577,0.22665930318240107,2.817200611692436,True
P0-RCV,750,2,0.03964280564798279,0.046442456111207446,3.14252405497821e-05,0.05459853490263892,0.1646543338383266,0.014579821569200586,0.03578216442599016,9.088566831759794,0.9249401711139071,10.527809767201527,True
P0-RCV,755,2,0.03967299083990373,0.04251956631873166,9.751840221612795e-05,0.027329426869904003,0.15764456391591242,0.011395169806572675,0.019766164447789225,2.5197680160488622,0.8428519478556424,3.8197373278651496,True
P0-RCV,760,2,0.03970071817430118,0.09577841448003917,0.00017270468678541313,0.14292548114901824,0.35252359001108247,0.03332847997408453,0.023744161208377818,0.29870595358882396,0.5025055218777421,1.6481878978474596,True
P0-RCV,765,2,0.03973152428919193,0.13492083200110308,0.00020557225433849965,0.3855419086028241,0.5640421228748265,0.06346800160975546,0.023427114418337912,0.8998420492556054,0.2266569363865124,2.496762158849263,True
P0-RCV,770,2,0.03976786945992002,0.03624370052272316,9.555347715489793e-05,0.046914008710294636,0.1307602961355367,0.013212710630498423,0.014239288542003101,2.0938451416706374,0.8784676897880197,3.4126177367764683,True
P0-RCV,775,2,0.039805431059969976,0.03273036681835508,0.00011371480624603646,0.03197100193363508,0.1197234046130406,0.012188810493313218,0.006717511433450019,7.194859086936895,0.9137389275319203,8.511069979866706,True
P0-RCV,780,2,0.03983664801498166,0.06891716792864618,0.00019100942495635563,0.17790058885592025,0.25489459877838894,0.035728767734270105,0.010928435031950677,0.6394491131311648,0.3120689478300214,1.699261868790227,True
P0-RCV,785,2,0.03985483771700246,0.08801337248367636,0.00031511133464910907,0.49101295671066725,0.3865943305128467,0.06593087255920328,0.010228359626040526,0.9261002471704308,0.25673263306397487,2.4242020720465014,True
P0-RCV,790,2,0.0398961396626681,0.0253663304008998,0.00010896249150050722,0.05249756924984851,0.08456960327954116,0.014494286444363942,0.00794097249226998,6.312881323112843,0.9167779950953192,7.6141177408799265,True
P0-RCV,795,2,0.039926997549868934,0.020276914092433606,0.00027109735642811064,0.025658874220738037,0.0731964060599623,0.011345149522742575,0.00545280064112573,1.6273229943685485,0.825898581405829,2.7890578054171526,True
P0-RCV,800,2,0.03996412917830271,0.04239064317946215,0.00047421116827851893,0.13323277672183145,0.14750898923085212,0.03333881462948417,0.0031014018043209668,0.35903617262000365,0.47093388660483404,1.3898375418505806,True
P0-RCV,805,2,0.040009656130849745,0.05274846972293237,0.0005053981359283052,0.3527625197056823,0.21263408031469122,0.06374218507101079,0.0032963498406960246,0.9108058480633183,0.24869032016374218,2.0452334516722503,True
P0-RCV,810,2,0.04006699154970257,0.013261859511266625,0.000224517933150606,0.044556502341618044,0.044559006151237715,0.01325474665041045,0.006744344176683964,1.3970860625716695,0.8680435442289929,2.5880655413135427,True
P0-RCV,815,2,0.040139120364884255,0.010785535576776625,0.0002394284079197543,0.029773430350315093,0.036988798801643026,0.012311492427301932,0.00807663258086064,5.26937495421589,0.9075958970017415,6.47584177118687,True
P0-RCV,820,2,0.04020402591376737,0.021074344701378398,0.00032746630694930213,0.16658929732973818,0.07388446627167045,0.03624898099812931,0.0077368014857502315,0.6723752659695865,0.30647496845111505,1.4857317210831542,True
P0-RCV,825,2,0.0402578237546712,0.026733372099226996,0.0004870775154410291,0.44308520411101093,0.10574966575740143,0.06714579327837433,0.004586390317624471,0.9332436762475135,0.2655521038187537,2.0478724019187022,True
P0-RCV,830,2,0.04033719062680623,0.007222135657803734,0.00015601739522754779,0.0491737986999823,0.021304610771706207,0.014750179556704365,0.01265752844433967,4.736906590945695,0.9138333281687075,5.957690142774198,True
P0-RCV,835,2,0.040400857087100464,0.0051543721819101735,0.00029812743243547266,0.023765518230500972,0.017445187987000964,0.01158247615901527,0.030570656625175666,1.1323434886822243,0.8181184789170626,2.241282591650828,True
P0-RCV,840,2,0.04046572746489202,0.011374613141085243,0.0004951444256742766,0.1235332669713128,0.03449354156957609,0.03421522670356856,0.007508110257906102,0.4037320108756225,0.4645357731449715,1.282216324414177,True
P0-RCV,845,2,0.04054877398902804,0.01697556943041606,0.00046965478962759076,0.30957921222994655,0.05000741010743574,0.06548268590178949,0.007494129383058767,0.9184781483640229,0.25145909359872054,1.8226897737501577,True
P0-RCV,850,2,0.04062055295387071,0.0035974745465667123,0.00020512519551715348,0.04128100109414976,0.01103595525414619,0.013576931602443075,0.0031262192493620544,0.9904935794850961,0.8644531497710946,2.1308722009677292,True
P0-RCV,855,2,0.04070268189652189,0.0030163065352690963,0.00021777244510729637,0.02723890975699255,0.00942622052437422,0.012601283676747873,0.012477910760439088,4.080582440615088,0.9046561109874267,5.2537303647840545,True
P0-RCV,860,2,0.040775078934886,0.006940217384829638,0.00026174557870111976,0.1536642419635991,0.019642662718634595,0.037035686931882354,0.008859365593744903,0.6965999559731088,0.30568442603874457,1.432563696857675,True
P0-RCV,865,2,0.04083952524498792,0.014699353907501966,0.00037457985253060226,0.3962319373283819,0.03176052282151292,0.06856411575461868,0.016846527709465972,0.9384570897334799,0.27090557318585606,1.9420373265182875,True
P0-RCV,870,2,0.04092800344459064,0.0026885164270801904,0.0001221671675141583,0.04504264129293063,0.006428181435575539,0.015066674045885435,0.03203676702045132,3.7242477232738844,0.9114315540524875,4.941704241938763,True
P0-RCV,875,2,0.040976598878693316,0.0021432921244291274,0.00021574463618337413,0.021812545728001814,0.006174183645360566,0.011595896705847708,0.07598833627075915,0.8235456492223439,0.8090006296221419,1.9553592723485342,True
P0-RCV,880,2,0.041070772923577165,0.006308726558431895,0.00034514181650855357,0.11253326957006798,0.015148313965584635,0.03486678260725089,0.003570808116239361,0.4388077656236638,0.4546318682176091,1.2715665410932422,True
P0-RCV,885,2,0.04113172368459924,0.01313723535059763,0.0003276567801190354,0.2829126003127171,0.02447941955485593,0.06658020177726087,0.011694463384018187,0.9242715132552447,0.25887601522361275,1.7879377240614223,True
P0-RCV,890,2,0.041193812561874134,0.002131931397692287,0.00014939306783481738,0.038026665040977556,0.005561826586901727,0.013725825934987682,0.009602842162148307,0.728811493353323,0.8591368354833101,1.863115875836546,True
P0-RCV,895,2,0.04127860507942169,0.002045788789437237,0.00015680031904298264,0.024863452045441714,0.005653908590434605,0.01275502573683226,0.010207624572946801,3.2758627402336344,0.9008380968184115,4.43877646250329,True
P0-RCV,900,2,0.04133370791786158,0.005495912903285845,0.00018515135743303964,0.1398153634553767,0.013277522982784704,0.03745150217180977,0.0064678853432911885,0.7155010374522831,0.30029934674122905,1.4251622619968014,True
P0-RCV,905,2,0.041389411634470005,0.013404679670824005,0.00026769956804145576,0.3642392396153767,0.020634518024704587,0.06936151221958285,0.011027012246237235,0.9424970153884652,0.2795291045856042,1.9079078394911866,True
P0-RCV,910,2,0.04146681032010176,0.002141564533257855,8.685288073997325e-05,0.04088701429811228,0.0051558205730895,0.015201254375745939,0.010564170417561657,3.0211992868155937,0.908272500798907,4.210842516293517,True
P0-RCV,915,2,0.04151531327577008,0.0018719143286698291,0.0001517103493717981,0.020050375080176402,0.0049987910760390586,0.011588386790862722,0.02908916273877808,0.616324348409936,0.7999989218319776,1.691650176984662,True
P0-RCV,920,2,0.041582801712413894,0.005211264169458917,0.0002469926769774354,0.10243645282678915,0.010808991766261754,0.035218625776895045,0.0030896150139008978,0.4673980204998348,0.4414478668083031,1.2737718381004905,True
P0-RCV,925,2,0.04162455012545711,0.011945522042221953,0.00023080994058723538,0.2645322791710407,0.019952447676707643,0.06723546307088563,0.018504472329963186,0.9288609261133688,0.26705683272947073,1.7864415037015313,True
P0-RCV,930,2,0.04169501305257105,0.0018592193898945598,0.00010532113424091574,0.0347941624868603,0.004551753809056944,0.013867417191664242,0.01481532901688979,0.5496037884081542,0.8542452623683148,1.682317319067931,True
P0-RCV,935,2,0.04173448398977975,0.0017175314669639757,0.0001158581731488301,0.022821992959545477,0.004497569954005291,0.012853227310518278,0.0166981025484678,2.697521542424912,0.8969410888103018,3.8618393335967625,True
P0-RCV,940,2,0.04179444253602382,0.004713750021214113,0.0001332796380522903,0.12722949349803453,0.010460859729672686,0.03779368367391612,0.031457123925517326,0.7308260657094026,0.29685875921830557,1.4484452280942344,True
P0-RCV,945,2,0.041836070462528116,0.012765871355623097,0.00018946140407413866,0.33805607696525275,0.018156603245965523,0.07003726791817075,0.018628019085960967,0.9457539828139575,0.2848521957994003,1.8976198309010457,True
P0-RCV,950,2,0.04188771861517889,0.0018625697184527772,6.44198980651607e-05,0.03767662774129144,0.004301646519760227,0.015312674519388609,0.005843824483641808,2.506942094753272,0.9053556622215422,3.6867981129313088,True
P0-RCV,955,2,0.041939801020418714,0.001629225283240481,0.00011262183686079527,0.018385525451940905,0.004012901269173627,0.011707125195616772,0.03472598712812295,0.4703202648281711,0.792998064510483,1.5435907206057031,True
P0-RCV,960,2,0.041988354586508805,0.004957951788891627,0.0001803938047831503,0.09429214722376447,0.00990565710612493,0.0355318478290776,0.004021395454104684,0.4913438820107751,0.43050800245175513,1.2806830506018207,True
P0-RCV,965,2,0.04202538773029999,0.011383170290552042,0.0001704477038098293,0.24619204209981632,0.01629100505190483,0.06789013425052685,0.009035340706080008,0.9326199908145284,0.2741025269443257,1.7678115965130439,True
P0-RCV,970,2,0.04207519260699684,0.0015899086131524857,7.86641739603551e-05,0.0319971148475138,0.0037388260911814454,0.013960601327151819,0.007232680264776819,0.42148763038284875,0.8491026040927964,1.539563992828366,True
P0-RCV,975,2,0.042131805070281955,0.0015653453834332215,8.609808610163282e-05,0.021128923026235126,0.0038598050273143418,0.012945015524318199,0.0074740074045476735,2.263776913394626,0.8935357009664295,3.4150308341644156,True
P0-RCV,980,2,0.042172026610254064,0.00434069190974839,9.593515748877554e-05,0.11748607663483128,0.0087598502220326,0.038112453136209416,0.005932854899982373,0.7436015803954173,0.29532826393327793,1.4245178393402584,True
P0-RCV,985,2,0.04220170816249097,0.0122852637899906,0.0001375616507078085,0.3161783204246,0.014826358270316555,0.07057027240599613,0.010625064248794122,0.9484560105846934,0.2896679108446465,1.8737553030321998,True
P0-RCV,990,2,0.042275214174006336,0.0016588923194384676,4.680441466635778e-05,0.03491300883291507,0.0035438360401881487,0.015418733925905006,0.018399805946746207,2.116208496969152,0.9028875341236916,3.3044531834427344,True
P0-RCV,995,2,0.04230603868698453,0.0014941835848360909,8.120505375595835e-05,0.017066845001670262,0.0035617749340691733,0.011778453304088918,0.020418820298395327,0.36373011367238417,0.7860691079634139,1.4157306972475365,True
P0-RCV,1000,2,0.0423436738883784,0.004422734994772983,0.00013134014992229162,0.08725738979897815,0.008328814993165465,0.035770808095263174,0.009533065509786998,0.5118096989277144,0.4205292091752262,1.2895014310867217,True
P0-RCV,1005,2,0.04239831391522725,0.010214710210607943,0.00012144281292744967,0.23079234865673634,0.013789284905718367,0.06846318469733606,0.010443855544418394,0.9357755289604989,0.2795786257899534,1.7611705511543332,True
P0-RCV,1010,2,0.042432715546444705,0.0014832152162905644,5.5741690872016544e-05,0.02979818102823938,0.003569597352275621,0.014046168167820472,0.0024046933821439977,0.32696896376855855,0.8446178548731482,1.4351079932115725,True
P0-RCV,1015,2,0.042479046774605705,0.001426097166592416,6.341824378212565e-05,0.019648919939594365,0.003386900957501138,0.01300842122448296,0.009195989677796288,1.9280340351458103,0.8900033605837082,3.0771623768122964,True
P0-RCV,1020,2,0.04251760528160115,0.003933202686239946,6.841754903708295e-05,0.10894227354206622,0.007803525776882425,0.03836259433385586,0.004850007457525364,0.754476523632967,0.293936182630071,1.4249607540166507,True
P0-RCV,1025,2,0.04254610735473113,0.01120439789895067,9.725288279512819e-05,0.2959829744349268,0.013238695714025809,0.07110584901026086,0.008323655250171922,0.9507464200684824,0.2940191024637612,1.8574488844970305,True
P0-RCV,1030,2,0.042592325117546945,0.0014712028276573919,3.4146184539027025e-05,0.03263189630678326,0.0032553135438032794,0.015462612918123727,0.004537338593408775,1.8106960334179083,0.9002568415517371,2.9813070109316957,True
P0-RCV,1035,2,0.0426357538862711,0.001344032252998782,5.941301588898533e-05,0.015902471507045834,0.003045847339569504,0.011809818491552259,0.019556037532904937,0.2838709167826777,0.7786986974179344,1.327466003771928,True
P0-RCV,1040,2,0.04266830759225319,0.003962740524757801,9.485501351285299e-05,0.08113821946092964,0.007017207061968706,0.03598274390961736,0.003795967954949447,0.5295802620078194,0.41148101365656303,1.2863945475513843,True
P0-RCV,1045,2,0.04269314953437572,0.009877869988484916,8.752831994851536e-05,0.21775952465552267,0.012374652032732778,0.06885862349933942,0.015886506392474513,0.9384746197502581,0.28496132229056315,1.7617463946012029,True
P0-RCV,1050,2,0.042735327837432904,0.0012791515601810717,4.1445118103407446e-05,0.027925631270077148,0.0027614193463464513,0.014096578057185975,0.0074438564887492785,0.25560087512815743,0.8398286238168681,1.3626542199728333,True
P0-RCV,1055,2,0.04276896008616741,0.0012489993884481844,4.831957104866884e-05,0.018419928245456477,0.0027163007726598845,0.013034746956786965,0.00915102968505184,1.6616205260041392,0.886333138504003,2.8064177895584312,True
P0-RCV,1060,2,0.04279374814643554,0.0036602399985995794,4.982063695643628e-05,0.10192155354642578,0.006731539718793302,0.038573898976893,0.008245685239347706,0.7638839826107594,0.2934241376020882,1.4304595990620412,True
P0-RCV,1065,2,0.04283311078957396,0.010875920743316243,7.133947410390523e-05,0.27834131983659455,0.010685884218156605,0.07157569951287573,0.008856859340831512,0.9527206066173854,0.29762891803950287,1.8449221017306365,True
P0-RCV,1070,2,0.0428723408910354,0.0013308055537450455,2.5690240561374812e-05,0.030786562739783703,0.0027914086684175466,0.015508340602440916,0.0020073184338058863,1.5663151246410079,0.8976365955803562,2.730763550915295,True
P0-RCV,1075,2,0.04290063161824766,0.0012389152546291406,4.48885915198817e-05,0.014932017759819338,0.00270202291573995,0.011843978090952457,0.023342520373575832,0.22284439010034443,0.7714346764314399,1.262886567609259,True
P0-RCV,1080,2,0.042946451904847464,0.0038921682321114027,7.072575407828233e-05,0.07604285293012365,0.006288543668674403,0.036127412576093657,0.0023183055590979378,0.5452075397694179,0.40207754536776086,1.2867573533815957,True
P0-RCV,1085,2,0.04296538957085051,0.009664618461073061,6.510202108977164e-05,0.20563630510169514,0.011113757428801987,0.06924757497695636,0.005758722479888804,0.9408182778649986,0.2905110985441587,1.747642404732915,True
P0-RCV,1090,2,0.043004548127224575,0.0012281345490021682,3.070892162447402e-05,0.02635683819964857,0.0025795381237698695,0.014135657762260164,0.008199989679890017,0.2007346870314656,0.8351798302093467,1.3034681251131304,True
P0-RCV,1095,2,0.043038905717009406,0.001233727484816188,3.576179823574258e-05,0.01735745238127012,0.002690744330969759,0.013044746273085972,0.009302220904198376,1.4459968177549998,0.8826863853567759,2.5875423848693986,True
P0-RCV,1100,2,0.04306143601291759,0.0035109876306442145,3.604444877401576e-05,0.09559784365709284,0.006375406744643634,0.03876586651688577,0.020001994482254558,0.7721295177826664,0.29302805492737355,1.444752896254923,True
P0-RCV,1105,2,0.04309018458105367,0.010503747881894383,5.161600818167622e-05,0.2627967474913496,0.010125228898210702,0.07198529268871577,0.011860966625703764,0.954445276708801,0.30122893276430274,1.838448731972428,True
P0-RCV,1110,2,0.04311990858381637,0.001287042993864327,1.978340168379383e-05,0.02922404755372512,0.002536818352387847,0.015522749800152344,0.00548639568441831,1.3672552946451384,0.8947603205074486,2.5316919958579005,True
P0-RCV,1115,2,0.04314724210460635,0.0012576415523440508,3.3884481189015773e-05,0.014072622436630433,0.002796353066551819,0.011839219651338792,0.011781558260651647,0.17549377770186542,0.7636369815014719,1.1966482491750747,True
P0-RCV,1120,2,0.04318514028300234,0.003987083687890526,5.401182039638682e-05,0.07157345223143757,0.0062893114237375,0.03619126238061156,0.007792510435511943,0.5590903094321319,0.3922079676953057,1.2931116105220348,True
P0-RCV,1125,2,0.04319762839186825,0.009880021879825888,5.06746800737164e-05,0.19602671228562704,0.011370929540731692,0.06947690822415903,0.007844255660198467,0.9428777068751054,0.2964449202876645,1.749960271392727,True
P0-RCV,1130,2,0.04323603423494531,0.0012992464461149867,2.350234496931679e-05,0.02503247204473443,0.0028872592623309197,0.014140551245078486,0.002958758748337245,0.15798295531616724,0.8300928118206538,1.250597728403113,True
P0-RCV,1135,2,0.04327391377908985,0.0013383507794097447,2.8534616264281967e-05,0.01644856420918055,0.0027454430367448808,0.013012871102653268,0.019331107891635457,1.268679470993307,0.8785741293856916,2.416528040910336,True
P0-RCV,1140,2,0.04328035694028564,0.00379190609243039,2.781845008845554e-05,0.09039594852813591,0.0076173152031859415,0.03884845950512258,0.022243754185767142,0.7794319435398055,0.29306392725776437,1.4518228574637284,True
P0-RCV,1145,2,0.04332360447490431,0.010399177267953981,3.954058200308901e-05,0.24975472797085657,0.012118627791542406,0.07228377996457244,0.009770160992660839,0.9559683413320267,0.3054803074532968,1.8324326857294344,True
P0-RCV,1150,2,0.04335524170602746,0.0014526740230587215,1.4995597618491214e-05,0.027752100461287083,0.003250623058152262,0.015526874147509187,0.001722902666428815,1.2026730395562002,0.8920344408026173,2.3612038588430093,True
P0-RCV,1155,2,0.04337966124336688,0.0014235055379242256,2.6617764516814804e-05,0.013344890613907524,0.0033080207565795356,0.011750752007591302,0.008106066274520799,0.13833199292293505,0.7545737418272951,1.1477638939221046,True
P0-RCV,1160,2,0.043406855468201805,0.004193209964578279,4.15008966323948e-05,0.06742182269229917,0.00784659004999182,0.03624153479002077,0.0025835395736982015,0.5715276058153707,0.38324905615987903,1.2901391372834794,True
P0-RCV,1165,2,0.04342266644526489,0.009694391683959191,3.879113698663195e-05,0.18670719919885548,0.012855870751862225,0.06976099775011149,0.002829611422815511,0.94470516366689,0.30120463133183656,1.7449099891696416,True
P0-RCV,1170,2,0.043447835922575034,0.0013895161453713863,1.878817658041694e-05,0.02393904512211206,0.0032134995891945376,0.01410314657207034,0.005527858836636683,0.12432790853134061,0.8246046809567982,1.2143636235429793,True
P0-RCV,1175,2,0.043472986981522174,0.0013695022931778796,2.337830977499116e-05,0.015609162873962032,0.003010277526479599,0.012980245026436464,0.006688099665772183,1.1209079597787963,0.8744066073737098,2.25236016775572,True
P0-RCV,1180,2,0.04348773949945929,0.0039000205577817684,2.225633301491245e-05,0.08580399420671064,0.006924669586176291,0.038918751774948426,0.002814510063841403,0.7859559840015656,0.2935345801157003,1.435313464137036,True
P0-RCV,1185,2,0.04351481452838859,0.011104776495908318,3.1292393180401795e-05,0.23791877004872075,0.010825087417817725,0.07256859248222647,0.00804805284930299,0.9573254928547954,0.3089912634352392,1.824387400619134,True
P0-RCV,1190,2,0.04354168062427126,0.0013127828622621152,1.237315906001022e-05,0.026652062657825864,0.002646909848752742,0.015513890996545265,0.0008087117418931267,1.0648796466275736,0.8891826886598202,2.2187174696750893,True
P0-RCV,1195,2,0.043564260476714065,0.0012591273908207547,2.2076325264687848e-05,0.012716590818320916,0.0025653066096660328,0.011689185738987647,0.009285541532093619,0.10891424929871404,0.7456968831340038,1.1099702632314419,True
P0-RCV,1200,2,0.04359607990961602,0.003990514149254111,3.385617011936358e-05,0.06404033635478583,0.0056381220386390995,0.036276931685561946,0.008636438061057433,0.5827530203335195,0.37481401012835863,1.294163628469376,True
P0-RCV,1205,2,0.04360130476872522,0.010551358454330943,3.083400896493991e-05,0.17793994168878025,0.010952259519388562,0.07000188152180514,0.05393728436379983,0.9463407677284293,0.3052169566017032,1.7929778077308285,True
P0-RCV,1210,2,0.0436413443060188,0.0012867306895316829,1.499103402459854e-05,0.023010515102511772,0.0025478911383094074,0.014084957537901514,0.013194714591181244,0.09762155318871885,0.819698497056739,1.189666571869012,True
P0-RCV,1215,2,0.0436672759587405,0.001330195072314632,1.9735722413003682e-05,0.014914018366027832,0.0026738153829588655,0.01292024805322844,0.013193526187888547,0.9962911675247579,0.8702102915282277,2.1298893776315193,True
P0-RCV,1220,2,0.04367772134558811,0.004019138092209986,1.798271104843297e-05,0.08160328261066799,0.007610385400458396,0.039031817814909685,0.01586386425908367,0.7918298553479995,0.2941702816666993,1.4525352146310175,True
P0-RCV,1225,2,0.04371424417813148,0.010911294879477262,2.5318515088011564e-05,0.22633233032807076,0.012457665515574897,0.07291798636977545,0.014204829642709329,0.9585446052516847,0.31157369421705544,1.8255389456100932,True
P0-RCV,1230,2,0.0437283781527387,0.001497748130859425,1.0424131464987532e-05,0.02563477195873616,0.0034537924098139395,0.015503132926210455,0.0018054041262524259,0.9482420814016203,0.8862253296714712,2.1010145755201224,True
P0-RCV,1235,2,0.04375535245324117,0.0014720913701908452,1.973442275417084e-05,0.0120895205981222,0.003239387618730053,0.011625155225364937,0.01721755316541351,0.08546767283403943,0.7367328782314769,1.086640755732298,True
P0-RCV,1240,2,0.04377581608621549,0.004452972400317142,2.9250006507262813e-05,0.06087740980066697,0.007984714521918292,0.036246579484920535,0.0016283626132008128,0.5929473326501723,0.3653061681834523,1.288351870092233,True
P0-RCV,1245,2,0.043786871126328425,0.010341552142803993,2.6489013305926168e-05,0.17039663445509617,0.013635707961893895,0.07022649668243759,0.005995161487156146,0.9478150089927909,0.3104422314691676,1.7478136378362943,True
P0-RCV,1250,2,0.04381460302327187,0.0014076108395353149,1.3173612593038085e-05,0.022024791908383745,0.003205924483453254,0.014056964423906963,0.003942606848427192,0.0763176733699995,0.8141903824353158,1.1542321430379743,True
P0-RCV,1255,2,0.04383477413885735,0.0013741997346695875,1.734381926006233e-05,0.014287987393556245,0.0030619229688893784,0.012830495408805884,0.004886785738295804,0.8902144645883313,0.8655736231800799,2.011420693526175,True
P0-RCV,1260,2,0.043845841598064116,0.0038330063490491944,1.5308691400637612e-05,0.07788618835325342,0.0068889936986238865,0.03909945352594893,0.0021237346890978785,0.7971507367297029,0.29499757955570194,1.4412242095830994,True
P0-RCV,1265,2,0.04386726705229083,0.010746266256281247,2.1675268409801883e-05,0.21683129320531752,0.010786082509364796,0.07316872593038795,0.0061983273416467205,0.9596465807288559,0.3143254669521278,1.8110607534538459,True
P0-RCV,1270,2,0.04388650405326971,0.0012757150893733305,9.075431232071126e-06,0.02474966956461737,0.0026737698163123978,0.015470366219055792,0.0010687394103207591,0.8486172174993307,0.8831402462695159,1.996437319566107,True
P0-RCV,1275,2,0.04390574772314054,0.001215785858530834,1.699236807383609e-05,0.011561787302493763,0.002431472725482768,0.01156057625860666,0.01169337831398996,0.066707016122219,0.7274330561596829,1.0521488037247826,True
P0-RCV,1280,2,0.043928880165632934,0.0038736786792687174,2.542756589607798e-05,0.05811843175988356,0.005523704438191774,0.03620272040031912,0.002543056101685567,0.6022547178333801,0.3565716344185845,1.2847577720253742,True
P0-RCV,1285,2,0.04393587031363773,0.010052828068201052,2.2811867254491348e-05,0.16349566045461528,0.00997408693430784,0.0704013448673057,0.01699168248647316,0.9491520144860374,0.314743425491311,1.7545132062236946,True
P0-RCV,1290,2,0.043968242391010694,0.0011634863303021045,1.1304621809494227e-05,0.02123842400126616,0.002309866690566012,0.014014401293599684,0.0050851789289625944,0.05926390283521959,0.8086642089564009,1.13159198561318,True
P0-RCV,1295,2,0.043994575502195356,0.0011707344560248699,1.5141960242454698e-05,0.013720874903455105,0.0022917479308064747,0.012735941423458876,0.007578904264135333,0.7991179501504466,0.8609413157205619,1.9175454883201084,True
P0-RCV,1300,2,0.04400028153834317,0.0034704205552206634,1.2319693071435424e-05,0.07458878617231457,0.005772130889606222,0.039177219612136854,0.009173882822042807,0.8019989058938275,0.2960260807881475,1.4502211541180836,True
P0-RCV,1305,2,0.044028785844500984,0.010140350004772796,1.7640012982748157e-05,0.20736700882977632,0.008750803942737828,0.07347243717474443,0.010829751859517123,0.9606487729592984,0.3164235247689112,1.8077942187752458,True
P0-RCV,1310,2,0.04404480499312066,0.0011696092203642879,7.6590880411332e-06,0.023931635613206045,0.0023629796381139908,0.015441116720475665,0.00197629160953174,0.7628168727614185,0.8800974876053305,1.9080276772220852,True
P0-RCV,1315,2,0.04406443670997707,0.0011647272302566741,1.3902165854626192e-05,0.011070135678647185,0.0023746389375809878,0.011463067117242935,0.008775751866421341,0.05165505972101048,0.7177322745162591,1.0245717407831587,True
P0-RCV,1320,2,0.044096958935564194,0.0038246953606011773,2.0399938770415912e-05,0.0554245435356156,0.00539555083984396,0.036184528222775625,0.011276459255928212,0.6107933592104915,0.34864676996029437,1.2920511010021418,True
P0-RCV,1325,2,0.04410215749022729,0.009819615286250914,1.8022945893031135e-05,0.1571841252350356,0.010490568918461278,0.07062692947006594,0.01308083398208782,0.9503711096322754,0.3185470971074109,1.7506490900286173,True
P0-RCV,1330,2,0.044131570705209025,0.0012140187975612535,8.862877329135604e-06,0.02044942345554384,0.002572042357514293,0.013950936931928087,0.002606537879799603,0.045594475508977335,0.8029023154890089,1.1099564668237076,True
P0-RCV,1335,2,0.04415471753062952,0.0012486733910141029,1.2177943392615233e-05,0.013172486603313898,0.0025393345039666413,0.012639190874330714,0.009828407426829458,0.7203323165914377,0.8561831050236097,1.8367292800110424,True
P0-RCV,1340,2,0.04415976222884992,0.003601240064445084,9.47451277805111e-06,0.07123410118080412,0.006655829108189404,0.03919195087869145,0.012428403837174142,0.8064367807601,0.2967098244615832,1.457066415948015,True
P0-RCV,1345,2,0.04418902665377446,0.010040918394467876,1.3182318259900239e-05,0.19926314046430046,0.0104178393590459,0.07371892989256183,0.007096059926847028,0.961564467686738,0.31902810060322956,1.802087771914323,True
P0-RCV,1350,2,0.04421011687276388,0.0012631839273811848,5.846037263346032e-06,0.02301230104182055,0.002740790611383949,0.015405254746259004,0.0025879088473720196,0.688425728480376,0.8771179328808318,1.8316095309365072,True
P0-RCV,1355,2,0.044225102171499296,0.0012399806941391393,1.0947393554392673e-05,0.010580227649818644,0.002767516232349147,0.011321598706504786,0.006407868253616909,0.039581574250166396,0.7068357397361994,0.9998709637738452,True
P0-RCV,1360,2,0.04425072854101401,0.0037867841355266967,1.5552842443985383e-05,0.05274447776489229,0.006180601407662947,0.036137219462016125,0.00459572201149808,0.6186547783418256,0.34088148830322,1.2842502669741558,True
P0-RCV,1365,2,0.04425430146579683,0.00924519913250623,1.346108544855013e-05,0.15157300296406262,0.011385124945841693,0.0708144914519368,0.01381610503742945,0.9514873843781291,0.32211532565036133,1.7517216019747,True
P0-RCV,1370,2,0.044284394517285997,0.0012034539533365368,6.734816461844024e-06,0.019718437194497812,0.0026362745292147875,0.013865258400270284,0.005599460919169377,0.03464996263561463,0.7967095200184708,1.095811075053466,True
P0-RCV,1375,2,0.04430424882404137,0.0011968933027665957,9.650794733508172e-06,0.012629322825510554,0.002628665118305442,0.012542369588079048,0.004132628258224389,0.6517592820423377,0.8512701129546046,1.7576901690047686,True
P0-RCV,1380,2,0.04430904432220556,0.003295296757895777,7.127542578295022e-06,0.06816013637631017,0.006411371640844596,0.03921253274190989,0.0060051000733182,0.8105154380851373,0.29744845842856354,1.4526006832575855,True
P0-RCV,1385,2,0.04433247294864337,0.009266974389076543,9.909497838073086e-06,0.19159775624430192,0.010076305761106592,0.07397740419641718,0.00435818402205277,0.9624046802611322,0.3210511667361319,1.7944047458512737,True
P0-RCV,1390,2,0.04435168444022435,0.0011544266135451876,4.6084567328202576e-06,0.022277106006560812,0.002560037734588026,0.01535845669892271,0.0002455561981881965,0.6235284147730761,0.8739982956151974,1.760885324297933,True
P0-RCV,1395,2,0.04436648433391509,0.0011287192895011536,8.778964199386494e-06,0.01015403933825849,0.00247838326609319,0.011173469857847552,0.009076356926566994,0.029915384450873262,0.6955869018735653,0.9813544556364808,True
P0-RCV,1400,2,0.044386109296042656,0.003333317155569345,1.2521246516707193e-05,0.05042489667595509,0.005561508302683265,0.036064338912450235,0.0010728333296289203,0.6259202620543198,0.33325497242137747,1.2775751965787143,True
P0-RCV,1405,2,0.044387988354314824,0.008408028179619645,1.0671289099729861e-05,0.14611840205112525,0.009696113518505058,0.07099948578304101,0.010212832374257932,0.9525138960063295,0.3254858260267172,1.7453851970002696,True
P0-RCV,1410,2,0.04441857367468545,0.00105361038491655,5.4898796615866935e-06,0.019067709025738434,0.0021785445264056033,0.013778367695249505,0.011273993796481233,0.02591239846407471,0.790300202310543,1.085663184456498,True
P0-RCV,1415,2,0.0444297165505779,0.001062932978450554,8.31671736512345e-06,0.012205334818923845,0.002234250075549003,0.012410602380586253,0.018813916105500345,0.5917220909362697,0.845924830450705,1.7065308572162392,True
P0-RCV,1420,2,0.0444394318959721,0.0031155923358712244,6.070846683932472e-06,0.06543302465001705,0.005668614215933707,0.039221375873305646,0.030350552236013333,0.8142782580886097,0.2983730999165495,1.4786437476428445,True
P0-RCV,1425,2,0.04446355065906021,0.009148471222538973,8.784660540135475e-06,0.18461971491041868,0.009218373380491795,0.07420403870556366,0.026665147712703098,0.963178683955716,0.32315176394360273,1.8125127317868763,True
P0-RCV,1430,2,0.044475183836544085,0.0012432350397494144,4.4117116714830605e-06,0.021694366988572536,0.002882379221369595,0.015293377476401986,0.004132871846554287,0.5665925453464546,0.8705004520570131,1.7047195588705075,True
P0-RCV,1435,2,0.0444982459387212,0.0012914276836260585,9.084959169390826e-06,0.009760708937344209,0.002779501464243132,0.011017664297286891,0.014673043197588515,0.022209338630881415,0.6836953340420693,0.9679273329058149,True
P0-RCV,1440,2,0.04451001294924897,0.003926059265507891,1.2235501203545552e-05,0.04843523681190834,0.00743830109627254,0.035957285333481366,0.013114599196854431,0.632656385647477,0.3254833602698122,1.2895735278687621,True
P0-RCV,1445,2,0.04452379599323561,0.008930000375890762,1.1228806659232197e-05,0.14142962127862016,0.01122858930230893,0.07118841286112046,0.013187544882815802,0.953461267639861,0.32937234861833226,1.7514279937317867,True
P0-RCV,1450,2,0.04453696600997248,0.001283323805825288,5.760609701763854e-06,0.018505524757027485,0.0031428392945596854,0.013673589681415205,0.005490927043158584,0.018978256483899312,0.783243028579707,1.0670080803051567,True
P0-RCV,1455,2,0.044564239049086775,0.001318714990564352,8.397216274075327e-06,0.011792069518713423,0.002881174244767413,0.012257542523537848,0.006617827706076756,0.5388920841518516,0.8402787357076043,1.6368677413048236,True
P0-RCV,1460,2,0.0445668853584811,0.0036659681049781693,5.6975269327775355e-06,0.06295513150673512,0.00702736606837795,0.03918452674884698,0.003955605896482551,0.8177596170213989,0.29952677764933827,1.4569151173154962,True
P0-RCV,1465,2,0.044589847883851015,0.010064299114127208,7.623632496625205e-06,0.17839116409110364,0.011113604504892492,0.0744271944226376,0.0076658917087754,0.9638938082359774,0.3250334661566611,1.7935462912859266,True
P0-RCV,1470,2,0.04460452104573825,0.001240931480004138,3.7147882104794314e-06,0.02104138902579026,0.0027337611680676925,0.015231219329348901,0.004328188425432245,0.5164159986129131,0.8671625969983461,1.6511804050568042,True
P0-RCV,1475,2,0.04462321251856775,0.001196790316850638,7.650582253545198e-06,0.009382630600700865,0.0024970189388471504,0.010821996618720742,0.006630778548128857,0.01611049271942855,0.6704665604183243,0.9402299813360934,True
P0-RCV,1480,2,0.044636055791984236,0.0036838483075660343,1.0083494531490677e-05,0.046341746085509214,0.005626687312061864,0.035879833605204726,0.0022753426209835346,0.6389164337639281,0.3187663880443919,1.2746806421940982,True
P0-RCV,1485,2,0.04464135454584883,0.009329147834262632,8.538063106597874e-06,0.13648664117343184,0.009133953984992463,0.07138092359986312,0.0026128407659936396,0.954337967958856,0.33147134946949,1.7379681355792402,True
P0-RCV,1490,2,0.044668178856797705,0.0010754214321937986,4.444026855332238e-06,0.017953708951750198,0.002075112997802295,0.01352474189150397,0.006196027683037188,0.01352241287946754,0.775759728206382,1.0534524923529807,True
P0-RCV,1495,2,0.04468471707496044,0.0010734956506421667,6.9037146352351434e-06,0.011373574157446944,0.002031780081196166,0.01212698538873709,0.0036433045624919866,0.49219474421504633,0.8346940543599437,1.5805684275049419,True
P0-RCV,1500,2,0.044684519107437905,0.00329777652907102,4.4994566605244114e-06,0.06064914570217744,0.005008835863900112,0.03912776160523404,0.01116437204223969,0.8209912701542773,0.3007616952769859,1.4644279521677355,True
