call_index,call_role,perturbation_method,step_multiplier,step_size_K,input_inf_norm,output_inf_norm_per_s,plus_temperature_min_K,plus_temperature_max_K,minus_temperature_min_K,minus_temperature_max_K,unit_bias_electrical_solve_count,electrical_solver_type,electrical_iterations,plus_electrical_residual,minus_electrical_residual,plus_electrical_wall_s,minus_electrical_wall_s,plus_electrical_cpu_s,minus_electrical_cpu_s,plus_G_hat_S,minus_G_hat_S,plus_Vd_V,minus_Vd_V,delta_Vd_V,plus_normalized_current_error,minus_normalized_current_error,normalized_delta_I_cond,finite,operator_wall_s,operator_cpu_s,exception_type,exception_message
1,parent_h_probe,central_difference,1.0,0.0019917962667916496,0.07481376943385959,862137.3076753233,328.9273389590133,328.92796794730805,328.92398435477446,328.9246133430692,2,sparse_direct,not_applicable,1.9360753080098294e-16,2.710505431213761e-16,0.0057053000055020675,0.0060895999922649935,0.0,0.0,4.420583209327401e-05,4.4164296312233016e-05,4.276274459312067,4.280296223824231,0.004021764512163628,3.872150616019659e-17,3.872150616019659e-17,0.0,True,0.012797799994586967,0.0,,
2,parent_h_half_probe,central_difference,0.5,0.0009958981333958248,0.07481376943385959,862137.3201429154,328.92665755502725,328.92697204917465,328.92498025290786,328.92529474705526,2,sparse_direct,not_applicable,2.323290369611795e-16,1.9360753080098294e-16,0.0019394999981159344,0.0032291000097757205,0.015625,0.0,4.41954416040598e-05,4.4174673715490637e-05,4.277279825070025,4.2792907073995305,0.0020108823295057476,3.872150616019659e-17,3.872150616019659e-17,0.0,True,0.005482100008521229,0.015625,,
3,arpack_matvec,central_difference,1.0,0.0019917962667916496,0.07481376943385959,862137.3076753233,328.9273389590133,328.92796794730805,328.92398435477446,328.9246133430692,2,sparse_direct,not_applicable,1.9360753080098294e-16,2.710505431213761e-16,0.0027289999998174608,0.003596900001866743,0.0,0.0,4.420583209327401e-05,4.4164296312233016e-05,4.276274459312067,4.280296223824231,0.004021764512163628,3.872150616019659e-17,3.872150616019659e-17,0.0,True,0.006743799996911548,0.0,,
4,arpack_matvec,central_difference,1.0,0.0019917962667916496,0.11597599327304287,28151285.02134974,328.9239945882519,328.92796794730805,328.92398435477446,328.9279577138306,2,sparse_direct,not_applicable,1.9360753080098294e-16,4.2593656776216244e-16,0.004223500000080094,0.003479099992546253,0.0,0.0,4.418511435846135e-05,4.418499589449193e-05,4.278279540016746,4.278291010471057,1.1470454310824607e-05,3.872150616019659e-17,3.872150616019659e-17,7.744301232039318e-17,True,0.008323999994900078,0.0,,
5,arpack_matvec,central_difference,1.0,0.0019917962667916496,0.13301214531620142,5459226.881508861,328.92398435477446,328.9279147358589,328.9240375662236,328.92796794730805,2,sparse_direct,not_applicable,1.9360753080098294e-16,1.9360753080098294e-16,0.0033411000040359795,0.0029887999990023673,0.0,0.0,4.4184742493901576e-05,4.418537320154832e-05,4.278315546575752,4.2782544773545395,6.106922121240643e-05,7.744301232039318e-17,0.0,7.744301232039318e-17,True,0.006716599993524142,0.0,,
6,arpack_matvec,central_difference,1.0,0.0019917962667916496,0.1903624468821434,11741421.401648132,328.92398435477446,328.92792819504496,328.92402410703755,328.92796794730805,2,sparse_direct,not_applicable,2.710505431213761e-16,1.5488602464078636e-16,0.0028996000037295744,0.0033130999945569783,0.0,0.015625,4.418483769145131e-05,4.4185273517087896e-05,4.278306328817392,4.278264129337093,4.219948029859921e-05,7.744301232039318e-17,3.872150616019659e-17,3.872150616019659e-17,True,0.0066550000046845526,0.015625,,
7,arpack_matvec,central_difference,1.0,0.0019917962667916496,0.34520028365190863,44177075.80326594,328.92398435477446,328.92795684405974,328.92399545802266,328.92796794730805,2,sparse_direct,not_applicable,1.9360753080098294e-16,2.323290369611795e-16,0.0031525000085821375,0.002965599996969104,0.0,0.0,4.418499661833512e-05,4.418511478004853e-05,4.27829094038365,4.278279499196036,1.1441187614202875e-05,3.872150616019659e-17,1.5488602464078636e-16,1.9360753080098294e-16,True,0.006472099994425662,0.0,,
8,arpack_matvec,central_difference,1.0,0.0019917962667916496,0.28266193719040544,91593912.04630192,328.92398435477446,328.9279567178489,328.92399558423364,328.92796794730805,2,sparse_direct,not_applicable,3.097720492815727e-16,2.710505431213761e-16,0.0030026999884285033,0.002836799991200678,0.0,0.0,4.418499684384987e-05,4.418511425610128e-05,4.278290918547784,4.278279549927889,1.1368619894369658e-05,1.5488602464078636e-16,0.0,1.5488602464078636e-16,True,0.00625160000345204,0.0,,
9,arpack_matvec,central_difference,1.0,0.0019917962667916496,0.3508000310006973,64020268.31136024,328.92398435477446,328.9279523238348,328.9239999782476,328.92796794730805,2,sparse_direct,not_applicable,1.9360753080098294e-16,2.323290369611795e-16,0.0030637000018032268,0.0025803999888012186,0.015625,0.0,4.4184974208958874e-05,4.418513697331779e-05,4.278293110212491,4.278277350305811,1.5759906680123947e-05,7.744301232039318e-17,7.744301232039318e-17,0.0,True,0.0059834999992745,0.015625,,
10,arpack_matvec,central_difference,1.0,0.0019917962667916496,0.27824797500484966,81227464.67020015,328.92398435477446,328.92794302829935,328.92400927378304,328.92796794730805,2,sparse_direct,not_applicable,1.9360753080098294e-16,2.710505431213761e-16,0.002395500006969087,0.00285059999441728,0.0,0.0,4.418492562595877e-05,4.418518543083361e-05,4.278297814357891,4.278272658355549,2.515600234165305e-05,0.0,7.744301232039318e-17,7.744301232039318e-17,True,0.005578800002695061,0.0,,
11,arpack_matvec,central_difference,1.0,0.0019917962667916496,0.31499766258669476,72940278.95916665,328.92398435477446,328.927944658671,328.9240076434115,328.92796794730805,2,sparse_direct,not_applicable,1.9360753080098294e-16,1.5488602464078636e-16,0.0027489000058267266,0.0030337000061990693,0.0,0.015625,4.4184934152143656e-05,4.418517698965543e-05,4.278296988792371,4.2782734756808205,2.3513111550244048e-05,7.744301232039318e-17,7.744301232039318e-17,0.0,True,0.006298600012087263,0.015625,,
12,arpack_matvec,central_difference,1.0,0.0019917962667916496,0.3238413593308873,72893630.60360233,328.92398435477446,328.9279496639417,328.9240026381408,328.92796794730805,2,sparse_direct,not_applicable,1.9360753080098294e-16,1.5488602464078636e-16,0.0023385999957099557,0.0024889000051189214,0.0,0.0,4.4184959283501445e-05,4.4185151942794905e-05,4.278294555398426,4.278275900869246,1.8654529180039958e-05,3.872150616019659e-17,3.872150616019659e-17,7.744301232039318e-17,True,0.005170499993255362,0.0,,
13,arpack_matvec,central_difference,1.0,0.0019917962667916496,0.3174401374928728,77050733.36283363,328.92398435477446,328.9279535965293,328.92399870555323,328.92796794730805,2,sparse_direct,not_applicable,1.9360753080098294e-16,2.710505431213761e-16,0.0022290000051725656,0.0025710000045364723,0.0,0.0,4.418497914160031e-05,4.418513192098186e-05,4.278292632600274,4.278277839504178,1.4793096095644387e-05,7.744301232039318e-17,3.872150616019659e-17,1.1616451848058975e-16,True,0.005053600005339831,0.0,,
14,arpack_matvec,central_difference,1.0,0.0019917962667916496,0.3471849858077313,71685054.88113482,328.92398435477446,328.9279572151862,328.9239950868963,328.92796794730805,2,sparse_direct,not_applicable,1.9360753080098294e-16,3.097720492815727e-16,0.002764400007436052,0.0034312999923713505,0.0,0.015625,4.4184996450846216e-05,4.418511467356374e-05,4.278290956601062,4.27827950950656,1.1447094501626509e-05,7.744301232039318e-17,7.744301232039318e-17,1.5488602464078636e-16,True,0.006583199996384792,0.015625,,
15,arpack_matvec,central_difference,1.0,0.0019917962667916496,0.32019355149485784,77155716.18603306,328.92398435477446,328.9279585862771,328.9239937158054,328.92796794730805,2,sparse_direct,not_applicable,1.5488602464078636e-16,1.1616451848058975e-16,0.002063099993392825,0.0021378999954322353,0.0,0.0,4.418500282007286e-05,4.418510836883166e-05,4.278290339889439,4.27828011997029,1.021991914917919e-05,3.872150616019659e-17,1.1616451848058975e-16,7.744301232039318e-17,True,0.004502800002228469,0.0,,
16,arpack_matvec,central_difference,1.0,0.0019917962667916496,0.325061337520983,68438405.07508491,328.92398435477446,328.92796098415033,328.9239913179322,328.92796794730805,2,sparse_direct,not_applicable,2.710505431213761e-16,1.9360753080098294e-16,0.0027129999944008887,0.002842300003976561,0.0,0.0,4.418501353872557e-05,4.418509777675642e-05,4.278289302037357,4.278281145561885,8.156475471920999e-06,1.1616451848058975e-16,0.0,1.1616451848058975e-16,True,0.005886999992071651,0.0,,
17,arpack_matvec,central_difference,1.0,0.0019917962667916496,0.2636702281226287,75254471.03167298,328.92398435477446,328.9279637527509,328.9239885493316,328.92796794730805,2,sparse_direct,not_applicable,2.710505431213761e-16,1.1616451848058975e-16,0.0027343999972799793,0.003502400009892881,0.015625,0.0,4.418502805703295e-05,4.41850831539899e-05,4.278287896277942,4.278282561431266,5.334846676419147e-06,3.872150616019659e-17,0.0,3.872150616019659e-17,True,0.006644699999014847,0.015625,,
18,arpack_matvec,central_difference,1.0,0.0019917962667916496,0.2852102766051933,66171736.22138901,328.9239871134011,328.92796794730805,328.92398435477446,328.9279651886814,2,sparse_direct,not_applicable,1.5488602464078636e-16,3.097720492815727e-16,0.002220199996372685,0.002680400008102879,0.0,0.0,4.4185066133181835e-05,4.418504526921827e-05,4.278284209495481,4.278286229680485,2.0201850041701164e-06,7.744301232039318e-17,3.872150616019659e-17,1.1616451848058975e-16,True,0.0052170999988447875,0.0,,
19,arpack_matvec,central_difference,1.0,0.0019917962667916496,0.21517168511262785,69548740.42285004,328.9239917089502,328.927967947308,328.9239843547744,328.9279605931324,2,sparse_direct,not_applicable,2.710505431213761e-16,2.710505431213761e-16,0.0025225000135833398,0.00273429999651853,0.0,0.015625,4.4185091858471524e-05,4.418501942679433e-05,4.278281718607807,4.278288731915132,7.013307325109963e-06,3.872150616019659e-17,7.744301232039318e-17,3.872150616019659e-17,True,0.00559380000049714,0.015625,,
20,arpack_matvec,central_difference,1.0,0.0019917962667916496,0.26150970929776945,62326843.40035442,328.92399978879064,328.927967947308,328.9239843547744,328.92795251329187,2,sparse_direct,not_applicable,1.5488602464078636e-16,1.9360753080098294e-16,0.002737600007094443,0.0036448000028030947,0.0,0.0,4.4185138022979234e-05,4.418497346653121e-05,4.278277248671122,4.278293182099445,1.5933428323400278e-05,3.872150616019659e-17,1.5488602464078636e-16,1.9360753080098294e-16,True,0.006768499995814636,0.0,,
21,arpack_matvec,central_difference,1.0,0.0019917962667916496,0.22592085491302694,63884487.716100425,328.9240018467479,328.927967947308,328.9239843547744,328.9279504553346,2,sparse_direct,not_applicable,3.097720492815727e-16,3.097720492815727e-16,0.0025320000131614506,0.0028556999895954505,0.0,0.0,4.418515057112512e-05,4.418496063561105e-05,4.278276033682684,4.27829442447779,1.839079510546071e-05,3.872150616019659e-17,7.744301232039318e-17,1.1616451848058975e-16,True,0.0057265000068582594,0.0,,
22,arpack_matvec,central_difference,1.0,0.0019917962667916496,0.2295357037932416,56406939.74931959,328.9240112619401,328.92796794730805,328.92398435477446,328.9279410401424,2,sparse_direct,not_applicable,1.5488602464078636e-16,3.097720492815727e-16,0.0027107999922009185,0.0027107999922009185,0.015625,0.0,4.4185204857520614e-05,4.418490662077291e-05,4.278270777348906,4.278299654575544,2.8877226637469278e-05,3.872150616019659e-17,0.0,3.872150616019659e-17,True,0.005801599996630102,0.015625,,
23,arpack_matvec,central_difference,1.0,0.0019917962667916496,0.2270100350724861,65221144.07780012,328.9240050049909,328.92796794730805,328.92398435477446,328.92794729709163,2,sparse_direct,not_applicable,2.323290369611795e-16,1.1616451848058975e-16,0.004182400007266551,0.0025347000046167523,0.0,0.0,4.418517115580818e-05,4.4184939868143405e-05,4.2782740405489275,4.278296435329028,2.2394780100576384e-05,0.0,7.744301232039318e-17,7.744301232039318e-17,True,0.007100100003299303,0.0,,
24,arpack_matvec,central_difference,1.0,0.0019917962667916496,0.2318506211185263,48974336.29310253,328.9240087688622,328.927967947308,328.9239843547744,328.9279435332203,2,sparse_direct,not_applicable,1.9360753080098294e-16,1.5488602464078636e-16,0.0028223999979672953,0.0027245999954175204,0.0,0.0,4.418519510846548e-05,4.4184916405506014e-05,4.278271721309832,4.2782987071476954,2.6985837863868767e-05,7.744301232039318e-17,7.744301232039318e-17,0.0,True,0.005954799999017268,0.0,,
25,arpack_matvec,central_difference,1.0,0.0019917962667916496,0.2179211036985079,63764554.9294416,328.92400236512316,328.92796794730805,328.92398435477446,328.92794993695935,2,sparse_direct,not_applicable,2.710505431213761e-16,2.710505431213761e-16,0.002726599996094592,0.006354700002702884,0.015625,0.0,4.418516001072611e-05,4.4184951158953766e-05,4.278275119683082,4.278295342073689,2.0222390607393947e-05,7.744301232039318e-17,3.872150616019659e-17,3.872150616019659e-17,True,0.009502600005362183,0.015625,,
26,arpack_matvec,central_difference,1.0,0.0019917962667916496,0.2570169950531013,43721075.30932718,328.9240060925483,328.927967947308,328.9239843547744,328.9279462095342,2,sparse_direct,not_applicable,1.9360753080098294e-16,1.9360753080098294e-16,0.0026639999996405095,0.003038599999854341,0.0,0.015625,4.418518485082807e-05,4.418492659829208e-05,4.278272714515139,4.278297720209687,2.5005694547886037e-05,1.1616451848058975e-16,3.872150616019659e-17,7.744301232039318e-17,True,0.006152500005555339,0.015625,,
27,arpack_matvec,central_difference,1.0,0.0019917962667916496,0.31573932433210616,73149594.20125194,328.923994991913,328.92796794730805,328.92398435477446,328.9279573101695,2,sparse_direct,not_applicable,2.323290369611795e-16,1.9360753080098294e-16,0.002852400008123368,0.0024332000029971823,0.0,0.0,4.418512000550502e-05,4.418499096244646e-05,4.278278993234676,4.278291488025206,1.2494790530226396e-05,3.872150616019659e-17,3.872150616019659e-17,7.744301232039318e-17,True,0.005681099995854311,0.0,,
28,arpack_matvec,central_difference,1.0,0.0019917962667916496,0.290160839889383,53153828.99115116,328.9239950772905,328.92796794730805,328.92398435477446,328.927957224792,2,sparse_direct,not_applicable,1.9360753080098294e-16,1.5488602464078636e-16,0.003263100006734021,0.002881399996113032,0.0,0.0,4.418512333327645e-05,4.418498810599988e-05,4.278278671019109,4.27829176460582,1.3093586710866134e-05,0.0,3.872150616019659e-17,3.872150616019659e-17,True,0.006422799997380935,0.0,,
29,arpack_matvec,central_difference,1.0,0.0019917962667916496,0.27675743448926493,42381659.531305,328.92399143355914,328.92796794730805,328.92398435477446,328.92796086852337,2,sparse_direct,not_applicable,1.5488602464078636e-16,2.323290369611795e-16,0.0028755999956047162,0.0023760000040056184,0.015625,0.0,4.418510492984205e-05,4.4185006228429235e-05,4.278280452954921,4.2782900098693855,9.556914464248223e-06,3.872150616019659e-17,3.872150616019659e-17,7.744301232039318e-17,True,0.005674500003806315,0.015625,,
30,arpack_matvec,central_difference,1.0,0.0019917962667916496,0.2714817236765327,56596411.01629625,328.9239866986177,328.92796794730805,328.92398435477446,328.9279656034648,2,sparse_direct,not_applicable,1.9360753080098294e-16,3.097720492815727e-16,0.002838600004906766,0.0031767999898875132,0.0,0.0,4.4185073462650986e-05,4.418503755009561e-05,4.278283499808936,4.2782869770967595,3.4772878239053284e-06,0.0,1.1616451848058975e-16,1.1616451848058975e-16,True,0.006377900004736148,0.0,,
31,arpack_matvec,central_difference,1.0,0.0019917962667916496,0.18389286039109004,6473812.0332237,328.92398435477446,328.92795053353325,328.92400176854926,328.92796794730805,2,sparse_direct,not_applicable,2.710505431213761e-16,5.033795800825557e-16,0.002159299998311326,0.0027566999924601987,0.0,0.0,4.418484037760575e-05,4.41852718481798e-05,4.278306068723852,4.278264290930071,4.177779378089497e-05,1.1616451848058975e-16,7.744301232039318e-17,3.872150616019659e-17,True,0.005259400000795722,0.0,,
32,arpack_matvec,central_difference,1.0,0.0019917962667916496,0.1389124702863671,34084349.610546805,328.92406152544237,328.9279679473081,328.9239843547745,328.92789077664014,2,sparse_direct,not_applicable,1.9360753080098294e-16,1.1616451848058975e-16,0.0028209999873070046,0.002730299995164387,0.015625,0.0,4.418499798054582e-05,4.4185112518627416e-05,4.2782908084851785,4.278279718161,1.109032417812017e-05,7.744301232039318e-17,7.744301232039318e-17,0.0,True,0.005950599996140227,0.015625,,
33,arpack_matvec,central_difference,1.0,0.0019917962667916496,0.15378870053135354,18317256.078447793,328.9240284874438,328.92796794730805,328.92398435477446,328.9279238146387,2,sparse_direct,not_applicable,4.2593656776216244e-16,1.5488602464078636e-16,0.0019902000058209524,0.0032076999923447147,0.0,0.0,4.418495597954633e-05,4.4185155500462514e-05,4.278294875310325,4.278275556394197,1.931891612816372e-05,0.0,7.744301232039318e-17,7.744301232039318e-17,True,0.005525300002773292,0.0,,
34,arpack_matvec,central_difference,1.0,0.0019917962667916496,0.183010546821497,70727237.236014,328.9239893104074,328.92796794730805,328.92398435477446,328.9279629916751,2,sparse_direct,not_applicable,3.097720492815727e-16,2.710505431213761e-16,0.0019775999971898273,0.0023112999915611,0.0,0.015625,4.418504504057294e-05,4.4185066007507746e-05,4.278286251819427,4.27828422166406,2.030155367371833e-06,7.744301232039318e-17,7.744301232039318e-17,0.0,True,0.004774600005475804,0.015625,,
35,arpack_matvec,central_difference,1.0,0.0019917962667916496,0.21988106509829686,12158230.63582927,328.92398435477446,328.9278642230907,328.9240880789918,328.92796794730805,2,sparse_direct,not_applicable,1.1616451848058975e-16,3.097720492815727e-16,0.0021140000026207417,0.0019251000048825517,0.0,0.0,4.4185079353686224e-05,4.4185032878292304e-05,4.278282929401024,4.27828742945164,4.500050616584872e-06,1.5488602464078636e-16,0.0,1.5488602464078636e-16,True,0.004357099998742342,0.0,,
36,arpack_matvec,central_difference,1.0,0.0019917962667916496,0.27506701141762924,106874034.6177826,328.92398435477446,328.9279143683936,328.9240379336889,328.92796794730805,2,sparse_direct,not_applicable,1.9360753080098294e-16,1.1616451848058975e-16,0.0024474000092595816,0.0030472000071313232,0.0,0.0,4.418505934588532e-05,4.41850516538759e-05,4.2782848666855795,4.278285611476097,7.447905172597302e-07,0.0,1.5488602464078636e-16,1.5488602464078636e-16,True,0.005812400006107055,0.0,,
37,arpack_matvec,central_difference,1.0,0.0019917962667916496,0.18035143893374594,27871056.996943336,328.92398435477446,328.9278849586958,328.9240673433866,328.92796794730805,2,sparse_direct,not_applicable,1.5488602464078636e-16,4.2593656776216244e-16,0.002261100002215244,0.0024571999965701252,0.0,0.015625,4.418507737104573e-05,4.418503377140044e-05,4.278283121373008,4.278287342974998,4.22160199065047e-06,3.872150616019659e-17,7.744301232039318e-17,1.1616451848058975e-16,True,0.005406399999628775,0.015625,,
38,arpack_matvec,central_difference,1.0,0.0019917962667916496,0.19894112075532214,72749435.45940918,328.92403905356565,328.92796794730805,328.92398435477446,328.92791324851686,2,sparse_direct,not_applicable,1.5488602464078636e-16,2.323290369611795e-16,0.0031519000040134415,0.001862799996160902,0.0,0.0,4.4185062403003254e-05,4.41850485776844e-05,4.278284570675555,4.278285909333093,1.3386575377083432e-06,3.872150616019659e-17,0.0,3.872150616019659e-17,True,0.005353599990485236,0.0,,
39,arpack_matvec,central_difference,1.0,0.0019917962667916496,0.21416749055727752,64409475.598497935,328.9239843547744,328.92767581866065,328.92427648342186,328.927967947308,2,sparse_direct,not_applicable,1.9360753080098294e-16,1.1616451848058975e-16,0.002732699998887256,0.0033580000017536804,0.0,0.0,4.418506076600915e-05,4.41850501142244e-05,4.278284729179957,4.278285760555227,1.0313752705215506e-06,0.0,0.0,0.0,True,0.006444899991038255,0.0,,
40,arpack_matvec,central_difference,1.0,0.0019917962667916496,0.19857372738541113,54117548.24225827,328.9240189390617,328.92796794730805,328.92398435477446,328.9279333630207,2,sparse_direct,not_applicable,3.872150616019659e-16,1.9360753080098294e-16,0.0021268999989842996,0.0020392000005813316,0.0,0.015625,4.4185063073986604e-05,4.4185047918779965e-05,4.278284505706592,4.2782859731325384,1.4674259460889516e-06,3.872150616019659e-17,1.1616451848058975e-16,7.744301232039318e-17,True,0.004526799995801412,0.015625,,
41,arpack_matvec,central_difference,1.0,0.0019917962667916496,0.23471753698158504,78845667.81322238,328.92398435477446,328.92776737012656,328.92418493195595,328.92796794730805,2,sparse_direct,not_applicable,1.1616451848058975e-16,1.5972621291081093e-16,0.0021945000044070184,0.0023963999992702156,0.0,0.0,4.4185057180106154e-05,4.418505370491144e-05,4.278285076390416,4.278285412881434,3.364910181602454e-07,1.1616451848058975e-16,1.5488602464078636e-16,2.710505431213761e-16,True,0.004910000003292225,0.0,,
42,arpack_matvec,central_difference,1.0,0.0019917962667916496,0.22347650847988026,64018070.204017475,328.92398435477446,328.9276827380594,328.9242695640231,328.92796794730805,2,sparse_direct,not_applicable,1.5488602464078636e-16,2.323290369611795e-16,0.0029149999900255352,0.0034881000028690323,0.0,0.0,4.418505523322682e-05,4.418505626418215e-05,4.278285264899965,4.278285165076148,9.982381765638593e-08,1.1616451848058975e-16,3.872150616019659e-17,7.744301232039318e-17,True,0.0068146999983582646,0.0,,
43,arpack_matvec,central_difference,1.0,0.0019917962667916496,0.2375157886870233,69259826.63453762,328.92398435477446,328.92757260077417,328.92437970130834,328.92796794730805,2,sparse_direct,not_applicable,2.710505431213761e-16,1.2100470675061434e-16,0.002181200004997663,0.003482500003883615,0.0,0.015625,4.418505482548179e-05,4.4185056535740375e-05,4.278285304380498,4.27828513878211,1.6559838833529739e-07,1.1616451848058975e-16,7.744301232039318e-17,1.9360753080098294e-16,True,0.00603610000689514,0.015625,,
44,arpack_matvec,central_difference,1.0,0.0019917962667916496,0.2636492756345825,64776381.94239848,328.92398435477446,328.92773288861076,328.92421941347175,328.92796794730805,2,sparse_direct,not_applicable,2.323290369611795e-16,1.9360753080098294e-16,0.0022308999905362725,0.0026486999995540828,0.0,0.0,4.4185053683420954e-05,4.418505757083116e-05,4.2782854149622835,4.278285038557876,3.764044071985495e-07,3.872150616019659e-17,3.872150616019659e-17,7.744301232039318e-17,True,0.005178800012799911,0.0,,
45,arpack_matvec,central_difference,1.0,0.0019917962667916496,0.2662162670162723,50929444.12236556,328.92398435477446,328.9278661880484,328.9240861140341,328.92796794730805,2,sparse_direct,not_applicable,3.097720492815727e-16,1.1616451848058975e-16,0.002751799998804927,0.0032251999946311116,0.0,0.015625,4.4185052622363225e-05,4.418505868180645e-05,4.278285517700824,4.2782849309860165,5.867148074045758e-07,1.1616451848058975e-16,3.872150616019659e-17,1.5488602464078636e-16,True,0.0063771999994060025,0.015625,,
46,arpack_matvec,central_difference,1.0,0.0019917962667916496,0.25924069288516577,56877475.838102706,328.9241585523447,328.92796794730805,328.92398435477446,328.9277937497378,2,sparse_direct,not_applicable,1.5488602464078636e-16,1.1616451848058975e-16,0.002453199995215982,0.0020425999973667786,0.0,0.0,4.418505157448516e-05,4.418505974329974e-05,4.278285619163228,4.27828482820533,7.909578974008014e-07,3.872150616019659e-17,3.872150616019659e-17,0.0,True,0.004818200002773665,0.0,,
47,arpack_matvec,central_difference,1.0,0.0019917962667916496,0.21914497757102505,64499404.37313513,328.9240820255082,328.92796794730805,328.92398435477446,328.9278702765743,2,sparse_direct,not_applicable,1.9360753080098294e-16,1.9360753080098294e-16,0.002817100001266226,0.002627800000482239,0.0,0.0,4.4185051528174514e-05,4.4185059701483664e-05,4.278285623647327,4.278284832254235,7.913930923919565e-07,7.744301232039318e-17,0.0,7.744301232039318e-17,True,0.005783800006611273,0.0,,
48,arpack_matvec,central_difference,1.0,0.0019917962667916496,0.23486972646794474,55710175.132456094,328.92398435477446,328.92777172459824,328.92418057748426,328.92796794730805,2,sparse_direct,not_applicable,1.9360753080098294e-16,3.097720492815727e-16,0.002720799995586276,0.0033255000016652048,0.0,0.015625,4.418505069393336e-05,4.4185060712829225e-05,4.278285704424012,4.2782847343291825,9.700948293556166e-07,7.744301232039318e-17,7.744301232039318e-17,0.0,True,0.006436199997551739,0.015625,,
49,arpack_matvec,central_difference,1.0,0.0019917962667916496,0.2442176166287812,76765294.25459428,328.924052529159,328.92796794730805,328.92398435477446,328.9278997729235,2,sparse_direct,not_applicable,1.9360753080098294e-16,1.9360753080098294e-16,0.0022969999990891665,0.002270099997986108,0.0,0.0,4.4185051444345885e-05,4.418505972590393e-05,4.278285631764163,4.278284829889706,8.018744575011283e-07,3.872150616019659e-17,7.744301232039318e-17,1.1616451848058975e-16,True,0.004843800008529797,0.0,,
50,arpack_matvec,central_difference,1.0,0.0019917962667916496,0.24556937974085954,70313357.31567019,328.92406400003426,328.92796794730805,328.92398435477446,328.92788830204825,2,sparse_direct,not_applicable,2.710505431213761e-16,1.9360753080098294e-16,0.002864199996110983,0.002836700004991144,0.0,0.0,4.418505163812162e-05,4.418505968504131e-05,4.278285613001529,4.27828483384629,7.791552389946332e-07,0.0,3.872150616019659e-17,3.872150616019659e-17,True,0.006124899999122135,0.0,,
51,arpack_matvec,central_difference,1.0,0.0019917962667916496,0.2751804681047011,72574451.93318439,328.92398435477446,328.92772415444676,328.92422814763574,328.92796794730805,2,sparse_direct,not_applicable,1.5488602464078636e-16,3.097720492815727e-16,0.002303099987329915,0.0033795000053942204,0.0,0.0,4.418505261471715e-05,4.418505855194213e-05,4.278285518441166,4.278284943560325,5.748808407091133e-07,0.0,0.0,0.0,True,0.0063375000027008355,0.015625,,
52,arpack_matvec,central_difference,1.0,0.0019917962667916496,0.2531069398667301,45933836.56565907,328.92435479385676,328.92796794730805,328.92398435477446,328.92759750822563,2,sparse_direct,not_applicable,1.5488602464078636e-16,1.9360753080098294e-16,0.0020508999878074974,0.0031426999921677634,0.0,0.0,4.418505303036687e-05,4.418505837431531e-05,4.278285478195245,4.27828496075931,5.174359349879865e-07,3.872150616019659e-17,3.872150616019659e-17,0.0,True,0.005585299993981607,0.0,,
53,arpack_matvec,central_difference,1.0,0.0019917962667916496,0.23073920343441323,57895113.7437113,328.92440112361845,328.92796794730805,328.92398435477446,328.92755117846406,2,sparse_direct,not_applicable,1.9360753080098294e-16,3.4849355544176928e-16,0.002944099993328564,0.0028267000016057864,0.0,0.015625,4.4185053719541685e-05,4.4185057370730784e-05,4.2782854114648385,4.278285057932898,3.5353194061116255e-07,3.872150616019659e-17,3.872150616019659e-17,0.0,True,0.006183699995744973,0.015625,,
54,arpack_matvec,central_difference,1.0,0.0019917962667916496,0.23216240816920702,33890595.20647752,328.9240062654215,328.92796794730805,328.92398435477446,328.927946036661,2,sparse_direct,not_applicable,1.5488602464078636e-16,1.9360753080098294e-16,0.004570999997667968,0.0028387999918777496,0.0,0.0,4.418505450089053e-05,4.418505712740979e-05,4.278285335809543,4.278285081492822,2.5431672145970197e-07,1.1616451848058975e-16,0.0,1.1616451848058975e-16,True,0.007784500005072914,0.0,,
55,arpack_matvec,central_difference,1.0,0.0019917962667916496,0.29268293401235,68139664.96135835,328.9245065553682,328.92796794730805,328.92398435477446,328.9274457467143,2,sparse_direct,not_applicable,1.9360753080098294e-16,2.710505431213761e-16,0.0020148000039625913,0.0023591000062879175,0.0,0.0,4.4185055463086954e-05,4.418505557231463e-05,4.278285242643407,4.2782852320672715,1.057613552291059e-08,0.0,3.872150616019659e-17,3.872150616019659e-17,True,0.0048531999927945435,0.0,,
56,arpack_matvec,central_difference,1.0,0.0019917962667916496,0.26310886412011447,44849763.35762868,328.9241069399816,328.92796794730805,328.92398435477446,328.9278453621009,2,sparse_direct,not_applicable,2.323290369611795e-16,2.323290369611795e-16,0.0022825999913038686,0.004263100010575727,0.0,0.015625,4.41850562736261e-05,4.418505513143376e-05,4.278285164161723,4.278285274756233,1.1059451043848867e-07,3.872150616019659e-17,1.1616451848058975e-16,1.5488602464078636e-16,True,0.006904299996676855,0.015625,,
57,arpack_matvec,central_difference,1.0,0.0019917962667916496,0.3098185099435398,50081450.73758988,328.92407232502956,328.92796794730805,328.92398435477446,328.92787997705295,2,sparse_direct,not_applicable,2.323290369611795e-16,3.872150616019659e-16,0.0020206999906804413,0.002621100007672794,0.0,0.0,4.4185057192892564e-05,4.418505423614151e-05,4.278285075152353,4.27828536144427,2.862919172841316e-07,1.1616451848058975e-16,3.872150616019659e-17,7.744301232039318e-17,True,0.00498709999374114,0.0,,
58,arpack_matvec,central_difference,1.0,0.0019917962667916496,0.2548826589714723,65494959.88857885,328.9240604547841,328.92796794730805,328.92398435477446,328.9278918472984,2,sparse_direct,not_applicable,2.323290369611795e-16,3.4849355544176928e-16,0.0024953999964054674,0.0027346999995643273,0.0,0.0,4.418505727216102e-05,4.4185053858751604e-05,4.278285067477065,4.278285397985625,3.305085600757707e-07,0.0,0.0,0.0,True,0.005566499996348284,0.0,,
59,arpack_matvec,central_difference,1.0,0.0019917962667916496,0.3050784376288103,45469313.533182755,328.92398435477446,328.9277919862713,328.9241603158112,328.92796794730805,2,sparse_direct,not_applicable,1.5488602464078636e-16,1.9360753080098294e-16,0.0027968000067630783,0.003257599993958138,0.015625,0.0,4.418505786849187e-05,4.418505357855975e-05,4.278285009736428,4.278285425115629,4.1537920125733763e-07,0.0,1.1616451848058975e-16,1.1616451848058975e-16,True,0.006453200010582805,0.015625,,
60,arpack_matvec,central_difference,1.0,0.0019917962667916496,0.23930467327984778,70609091.15455022,328.92398435477446,328.9274281017148,328.9245242003677,328.92796794730805,2,sparse_direct,not_applicable,3.872150616019659e-16,1.5972621291081093e-16,0.0026560999976936728,0.0028452000115066767,0.0,0.0,4.418505715553726e-05,4.418505395278037e-05,4.278285078769337,4.278285388881145,3.101118082327048e-07,3.872150616019659e-17,3.872150616019659e-17,0.0,True,0.005853499998920597,0.0,,
61,arpack_matvec,central_difference,1.0,0.0019917962667916496,0.31442404224760084,42837847.44409011,328.92398435477446,328.92792075589455,328.92403154618796,328.92796794730805,2,sparse_direct,not_applicable,3.097720492815727e-16,1.9360753080098294e-16,0.0028352999943308532,0.002744500001426786,0.0,0.015625,4.418505733738505e-05,4.418505395982043e-05,4.278285061161649,4.278285388199482,3.2703783237053585e-07,3.872150616019659e-17,0.0,3.872150616019659e-17,True,0.0059772999957203865,0.015625,,
62,arpack_matvec,central_difference,1.0,0.0019917962667916496,0.20030407950686954,69917477.20864023,328.92398435477446,328.92781891050885,328.92413339157366,328.92796794730805,2,sparse_direct,not_applicable,2.323290369611795e-16,1.9360753080098294e-16,0.003236999997170642,0.002278300002217293,0.0,0.0,4.418505913282811e-05,4.4185051950719495e-05,4.278284887315165,4.278285582733759,6.954185947094516e-07,3.872150616019659e-17,0.0,3.872150616019659e-17,True,0.005887599996640347,0.0,,
63,arpack_matvec,central_difference,1.0,0.0019917962667916496,0.26045436109619097,43386524.664776176,328.92398435477446,328.927827140427,328.9241251616555,328.92796794730805,2,sparse_direct,not_applicable,3.097720492815727e-16,3.872150616019659e-16,0.00294690000009723,0.00284539999847766,0.0,0.0,4.4185061074485365e-05,4.418505038002971e-05,4.278284699311285,4.278285734818218,1.03550693353327e-06,1.1616451848058975e-16,3.872150616019659e-17,7.744301232039318e-17,True,0.006207000013091601,0.0,,
64,arpack_matvec,central_difference,1.0,0.0019917962667916496,0.24016136040577654,57234120.472303,328.92398435477446,328.9277867444097,328.92416555767284,328.92796794730805,2,sparse_direct,not_applicable,1.5488602464078636e-16,1.5488602464078636e-16,0.002708700005314313,0.00332989999151323,0.015625,0.0,4.418506121748382e-05,4.418504986950326e-05,4.278284685465246,4.2782857842507305,1.0987854848210077e-06,1.1616451848058975e-16,7.744301232039318e-17,1.9360753080098294e-16,True,0.006857899992610328,0.015625,,
65,arpack_matvec,central_difference,1.0,0.0019917962667916496,0.27473623710835066,50911753.42732592,328.92398435477446,328.927818505744,328.9241337963385,328.92796794730805,2,sparse_direct,not_applicable,1.5488602464078636e-16,2.323290369611795e-16,0.006205800003954209,0.0044024999951943755,0.0,0.015625,4.4185063228018895e-05,4.418504820987115e-05,4.278284490792187,4.278285944947181,1.4541549946400778e-06,1.9360753080098294e-16,3.872150616019659e-17,2.323290369611795e-16,True,0.01156030000129249,0.015625,,
66,arpack_matvec,central_difference,1.0,0.0019917962667916496,0.30671543817857494,71429966.78988904,328.924047808199,328.927967947308,328.9239843547744,328.9279044938835,2,sparse_direct,not_applicable,1.1616451848058975e-16,1.9360753080098294e-16,0.0031783000013092533,0.0026492000033613294,0.0,0.0,4.418506161574303e-05,4.418504962733507e-05,4.278284646903201,4.2782858076990395,1.1607958381176786e-06,0.0,7.744301232039318e-17,7.744301232039318e-17,True,0.006232699990505353,0.0,,
67,arpack_matvec,central_difference,1.0,0.0019917962667916496,0.31180989221530764,89740178.6366632,328.9245072281686,328.92796794730805,328.92398435477446,328.92744507391393,2,sparse_direct,not_applicable,1.9360753080098294e-16,3.872150616019659e-16,0.004080500002601184,0.002968799992231652,0.0,0.0,4.4185060382936726e-05,4.4185050722378694e-05,4.278284766271518,4.278285701669749,9.353982308724085e-07,3.872150616019659e-17,1.1616451848058975e-16,7.744301232039318e-17,True,0.007497599988710135,0.0,,
68,arpack_matvec,central_difference,1.0,0.0019917962667916496,0.282760569811277,69028115.7995247,328.92451522153027,328.92796794730805,328.92398435477446,328.92743708055224,2,sparse_direct,not_applicable,2.323290369611795e-16,1.5488602464078636e-16,0.0034429000079398975,0.002247699987492524,0.015625,0.0,4.4185062342046826e-05,4.418504874623209e-05,4.278284576577752,4.278285893013201,1.3164354486505658e-06,3.872150616019659e-17,0.0,3.872150616019659e-17,True,0.006176299997605383,0.015625,,
69,arpack_matvec,central_difference,1.0,0.0019917962667916496,0.23895772179951688,67448539.56484023,328.9240682898603,328.927967947308,328.9239843547744,328.9278840122221,2,sparse_direct,not_applicable,3.4849355544176928e-16,2.323290369611795e-16,0.002835199993569404,0.0035465999972075224,0.0,0.0,4.418506503209837e-05,4.418504622381691e-05,4.278284316109514,4.278286137249978,1.8211404642087814e-06,0.0,0.0,0.0,True,0.006743600009940565,0.0,,
70,arpack_matvec,central_difference,1.0,0.0019917962667916496,0.24550903567402566,49874473.95505537,328.9241003511634,328.9279679473081,328.9239843547745,328.9278519509191,2,sparse_direct,not_applicable,1.1616451848058975e-16,1.5488602464078636e-16,0.0022311999928206205,0.002619200007757172,0.0,0.015625,4.418506368656547e-05,4.4185047828756605e-05,4.278284446392732,4.27828598184919,1.5354564579794783e-06,1.1616451848058975e-16,3.872150616019659e-17,7.744301232039318e-17,True,0.00527449999935925,0.015625,,
71,arpack_matvec,central_difference,1.0,0.0019917962667916496,0.21726954227470704,70621399.34573817,328.92437192204017,328.92796794730805,328.92398435477446,328.92758038004223,2,sparse_direct,not_applicable,1.9360753080098294e-16,3.872150616019659e-16,0.0021025000023655593,0.0028701999981421977,0.0,0.0,4.418506255467721e-05,4.4185048728301685e-05,4.278284555989498,4.278285894749341,1.3387598425396163e-06,3.872150616019659e-17,1.5488602464078636e-16,1.1616451848058975e-16,True,0.005313600006047636,0.0,,
72,arpack_matvec,central_difference,1.0,0.0019917962667916496,0.2338494521961318,59301867.60249323,328.92398435477446,328.9277015634663,328.9242507386162,328.92796794730805,2,sparse_direct,not_applicable,2.323290369611795e-16,3.097720492815727e-16,0.002854000005754642,0.0032956000068224967,0.0,0.0,4.4185062037814384e-05,4.4185049484795335e-05,4.278284606035513,4.2782858215006705,1.2154651578555331e-06,7.744301232039318e-17,7.744301232039318e-17,1.5488602464078636e-16,True,0.006546800010255538,0.0,,
73,arpack_matvec,central_difference,1.0,0.0019917962667916496,0.23301033730991508,62596754.95880372,328.92398435477446,328.92781977675264,328.92413252532987,328.92796794730805,2,sparse_direct,not_applicable,1.9360753080098294e-16,3.097720492815727e-16,0.002452599990647286,0.002906900001107715,0.015625,0.0,4.4185060125730036e-05,4.418505115840763e-05,4.278284791175942,4.278285659450575,8.682746335253455e-07,3.872150616019659e-17,7.744301232039318e-17,3.872150616019659e-17,True,0.0057034999917959794,0.015625,,
74,arpack_matvec,central_difference,1.0,0.0019917962667916496,0.23716152683509353,43458332.73618726,328.92412082708597,328.92796794730805,328.92398435477446,328.92783147499654,2,sparse_direct,not_applicable,1.4036545983071262e-16,1.5488602464078636e-16,0.0026151000056415796,0.002896400008467026,0.0,0.0,4.418505813334525e-05,4.418505350174969e-05,4.2782849840915995,4.278285432552881,4.484612814437128e-07,3.872150616019659e-17,3.872150616019659e-17,7.744301232039318e-17,True,0.0058760999963851646,0.0,,
75,arpack_matvec,central_difference,1.0,0.0019917962667916496,0.19797620362265964,63025822.8698699,328.9239843547744,328.9277640670112,328.9241882350713,328.927967947308,2,sparse_direct,not_applicable,1.5488602464078636e-16,1.9360753080098294e-16,0.0035263000027043745,0.0022933000000193715,0.0,0.015625,4.418505588214219e-05,4.4185055389723025e-05,4.278285202067747,4.278285249746982,4.767923478254943e-08,1.5488602464078636e-16,3.872150616019659e-17,1.1616451848058975e-16,True,0.006183099991176277,0.015625,,
76,arpack_matvec,central_difference,1.0,0.0019917962667916496,0.22233632457271127,58140013.15778714,328.92398435477446,328.9277472212,328.92420508088253,328.92796794730805,2,sparse_direct,not_applicable,2.323290369611795e-16,1.1616451848058975e-16,0.0030670999985886738,0.001968999989912845,0.0,0.0,4.4185053066242276e-05,4.4185058616478036e-05,4.278285474721554,4.278284937311538,5.374100160437933e-07,7.744301232039318e-17,3.872150616019659e-17,3.872150616019659e-17,True,0.00540049999835901,0.0,,
77,arpack_matvec,central_difference,1.0,0.0019917962667916496,0.26837995788470964,77397615.3373007,328.9243141392158,328.92796794730805,328.92398435477446,328.9276381628667,2,sparse_direct,not_applicable,1.9360753080098294e-16,2.323290369611795e-16,0.002860799999325536,0.0028083000070182607,0.0,0.0,4.4185052582823374e-05,4.418505850799292e-05,4.27828552152933,4.278284947815773,5.737135575500929e-07,7.744301232039318e-17,0.0,7.744301232039318e-17,True,0.006081999992602505,0.0,,
78,arpack_matvec,central_difference,1.0,0.0019917962667916496,0.33203804543258186,51610413.27247175,328.92398435477446,328.9279252008057,328.9240271012768,328.92796794730805,2,sparse_direct,not_applicable,1.9360753080098294e-16,3.097720492815727e-16,0.003130899989628233,0.0026151999918511137,0.015625,0.0,4.41850506782348e-05,4.418506054419912e-05,4.278285705944049,4.278284750657045,9.5528700416736e-07,1.1616451848058975e-16,3.872150616019659e-17,1.5488602464078636e-16,True,0.006090399998356588,0.015625,,
79,arpack_matvec,central_difference,1.0,0.0019917962667916496,0.22884124897224772,68620159.21135965,328.92398435477446,328.9278585490212,328.9240937530613,328.92796794730805,2,sparse_direct,not_applicable,1.5488602464078636e-16,1.9360753080098294e-16,0.002507600001990795,0.002559300002758391,0.0,0.0,4.418504966830017e-05,4.4185061374231575e-05,4.278285803732531,4.27828467028791,1.1334446208266513e-06,7.744301232039318e-17,7.744301232039318e-17,0.0,True,0.005525299988221377,0.0,,
80,arpack_matvec,central_difference,1.0,0.0019917962667916496,0.20865090470834277,52094544.93260505,328.924006592924,328.92796794730805,328.92398435477446,328.9279457091585,2,sparse_direct,not_applicable,1.5488602464078636e-16,1.9360753080098294e-16,0.002949699992313981,0.0034752000065054744,0.0,0.0,4.418503976049756e-05,4.418507178146205e-05,4.278286763071065,4.278283662592486,3.1004785787658307e-06,3.872150616019659e-17,7.744301232039318e-17,3.872150616019659e-17,True,0.0068362000019988045,0.0,,
81,arpack_matvec,central_difference,1.0,0.0019917962667916496,0.2264512306503114,82915219.58722708,328.92404131286116,328.92796794730805,328.92398435477446,328.92791098922135,2,sparse_direct,not_applicable,1.9360753080098294e-16,2.323290369611795e-16,0.002150100001017563,0.0023650000075576827,0.0,0.0,4.4185043209577665e-05,4.4185067770301386e-05,4.278286429108422,4.278284050978971,2.3781294515856644e-06,3.872150616019659e-17,3.872150616019659e-17,7.744301232039318e-17,True,0.004820000001927838,0.0,,
82,arpack_matvec,central_difference,1.0,0.0019917962667916496,0.30283742416134923,69174948.55533817,328.9246777188438,328.92796794730805,328.92398435477446,328.9272745832387,2,sparse_direct,not_applicable,1.9360753080098294e-16,2.323290369611795e-16,0.0027833000058308244,0.002783200005069375,0.0,0.0,4.4185040796867666e-05,4.418507044663405e-05,4.278286662722882,4.278283791839147,2.870883735184293e-06,1.5488602464078636e-16,3.872150616019659e-17,1.9360753080098294e-16,True,0.005907300001126714,0.0,,
83,arpack_matvec,central_difference,1.0,0.0019917962667916496,0.3076879830989884,88882096.21674189,328.9239843547744,328.92733206636336,328.92462023571915,328.927967947308,2,sparse_direct,not_applicable,2.710505431213761e-16,1.5488602464078636e-16,0.0024099000002024695,0.0035133000055793673,0.0,0.015625,4.418504511237769e-05,4.4185065941834856e-05,4.27828624486682,4.278284228022934,2.016843885677133e-06,3.872150616019659e-17,1.1616451848058975e-16,7.744301232039318e-17,True,0.0063270000100601465,0.015625,,
84,arpack_matvec,central_difference,1.0,0.0019917962667916496,0.3354092629436792,88218834.69145295,328.9239843547744,328.92745280766104,328.92449949442135,328.927967947308,2,sparse_direct,not_applicable,1.5488602464078636e-16,1.5488602464078636e-16,0.0024526000051992014,0.0020585000020219013,0.0,0.0,4.41850436302057e-05,4.418506766248266e-05,4.27828638838045,4.2782840614186775,2.3269617726029423e-06,1.1616451848058975e-16,0.0,1.1616451848058975e-16,True,0.005008699998143129,0.0,,
85,arpack_matvec,central_difference,1.0,0.0019917962667916496,0.2730274917678142,86645419.3980283,328.92420259138197,328.92796794730805,328.92398435477446,328.9277497107004,2,sparse_direct,not_applicable,1.9360753080098294e-16,2.323290369611795e-16,0.0029141999984858558,0.0027563000039663166,0.0,0.0,4.418503957449608e-05,4.418507161061279e-05,4.278286781080953,4.278283679135214,3.1019457393810512e-06,3.872150616019659e-17,0.0,3.872150616019659e-17,True,0.006081200001062825,0.0,,
86,arpack_matvec,central_difference,1.0,0.0019917962667916496,0.1869061642667769,52505517.07285002,328.92398435477446,328.9278362333442,328.92411606873833,328.92796794730805,2,sparse_direct,not_applicable,1.9360753080098294e-16,1.5972621291081093e-16,0.00271210000209976,0.003160699998261407,0.0,0.015625,4.418501764906582e-05,4.418509410477253e-05,4.278288904046688,4.278281501106663,7.402940025436067e-06,1.5488602464078636e-16,7.744301232039318e-17,2.323290369611795e-16,True,0.006246099990676157,0.015625,,
87,arpack_matvec,central_difference,1.0,0.0019917962667916496,0.24170293253128983,82579512.76126735,328.9242918283802,328.92796794730805,328.92398435477446,328.9276604737023,2,sparse_direct,not_applicable,2.323290369611795e-16,1.9360753080098294e-16,0.0024084000033326447,0.002878299987060018,0.0,0.0,4.418504310268497e-05,4.418506795872922e-05,4.278286439458475,4.278284032734169,2.4067243060699184e-06,3.872150616019659e-17,0.0,3.872150616019659e-17,True,0.005646300007356331,0.0,,
88,arpack_matvec,central_difference,1.0,0.0019917962667916496,0.1842844275824734,62027256.41268273,328.92398435477446,328.9276686011345,328.924283700948,328.92796794730805,2,sparse_direct,not_applicable,2.323290369611795e-16,1.5488602464078636e-16,0.002769400001852773,0.0025803000025916845,0.0,0.0,4.418501923232842e-05,4.418509267664578e-05,4.27828875074462,4.278281639386972,7.1113576485259955e-06,3.872150616019659e-17,0.0,3.872150616019659e-17,True,0.00574199999391567,0.0,,
89,arpack_matvec,central_difference,1.0,0.0019917962667916496,0.239339227600579,74369602.82144101,328.9243985686095,328.92796794730805,328.92398435477446,328.927553733473,2,sparse_direct,not_applicable,1.1616451848058975e-16,1.5488602464078636e-16,0.0031768000044394284,0.0025233000051230192,0.015625,0.0,4.4185038538598194e-05,4.418507268726845e-05,4.278286881383417,4.27828357488647,3.306496947352855e-06,0.0,3.872150616019659e-17,3.872150616019659e-17,True,0.006080800012568943,0.015625,,
90,arpack_matvec,central_difference,1.0,0.0019917962667916496,0.2530428910983853,61501198.91386738,328.9239843547744,328.9275817367591,328.9243705653234,328.927967947308,2,sparse_direct,not_applicable,1.9360753080098294e-16,2.710505431213761e-16,0.002982899997732602,0.0028651000029640272,0.0,0.0,4.4185043337956085e-05,4.418506836031929e-05,4.27828641667798,4.278283993849622,2.422828357495632e-06,0.0,0.0,0.0,True,0.006256499997107312,0.0,,
91,arpack_matvec,central_difference,1.0,0.0019917962667916496,0.2404253819012881,79738153.15274686,328.92398435477446,328.92767277983904,328.92427952224347,328.92796794730805,2,sparse_direct,not_applicable,1.5488602464078636e-16,1.5488602464078636e-16,0.002718899995670654,0.0026910000015050173,0.0,0.015625,4.4185050737058006e-05,4.4185060395189146e-05,4.278285700248402,4.27828476508516,9.351632419551947e-07,0.0,1.1616451848058975e-16,1.1616451848058975e-16,True,0.005808499990962446,0.015625,,
92,arpack_matvec,central_difference,1.0,0.0019917962667916496,0.2590932248903718,47690121.50850312,328.92409023769625,328.92796794730805,328.92398435477446,328.92786206438626,2,sparse_direct,not_applicable,2.710505431213761e-16,1.9360753080098294e-16,0.004757499991683289,0.003525899999658577,0.0,0.0,4.4185054008402e-05,4.4185057390186595e-05,4.278285383495497,4.27828505604906,3.2744643707616206e-07,3.872150616019659e-17,7.744301232039318e-17,3.872150616019659e-17,True,0.008846400000038557,0.0,,
93,arpack_matvec,central_difference,1.0,0.0019917962667916496,0.24744021304229247,78404165.948703,328.92434344325466,328.92796794730805,328.92398435477446,328.92760885882785,2,sparse_direct,not_applicable,9.680376540049147e-17,8.95434829954546e-17,0.002978200005600229,0.0028535000019473955,0.0,0.015625,4.41850585406453e-05,4.418505243496363e-05,4.278284944654158,4.278285535846077,5.911919194190318e-07,0.0,3.872150616019659e-17,3.872150616019659e-17,True,0.006252799998037517,0.015625,,
94,arpack_matvec,central_difference,1.0,0.0019917962667916496,0.18898646978294092,41893134.278411224,328.92398435477446,328.92778335576673,328.9241689463158,328.92796794730805,2,sparse_direct,not_applicable,2.323290369611795e-16,2.710505431213761e-16,0.005025999998906627,0.002858599997125566,0.0,0.0,4.418507075377121e-05,4.418504103689722e-05,4.278283762100145,4.278286639481641,2.877381495736131e-06,1.1616451848058975e-16,0.0,1.1616451848058975e-16,True,0.008241699993959628,0.0,,
95,arpack_matvec,central_difference,1.0,0.0019917962667916496,0.26108363080722835,81055981.55089155,328.9242835401569,328.92796794730805,328.92398435477446,328.9276687619256,2,sparse_direct,not_applicable,1.9360753080098294e-16,1.9360753080098294e-16,0.0029877000051783398,0.0028439000016078353,0.0,0.015625,4.4185066880649346e-05,4.418504411028863e-05,4.2782841371208375,4.278286341895666,2.2047748284848012e-06,0.0,0.0,0.0,True,0.006276800006162375,0.015625,,
96,arpack_matvec,central_difference,1.0,0.0019917962667916496,0.30710723159938286,41603948.10820373,328.92398435477446,328.92772921464604,328.9242230874365,328.92796794730805,2,sparse_direct,not_applicable,2.710505431213761e-16,3.4849355544176928e-16,0.0025750999921001494,0.0060508000024128705,0.0,0.0,4.4185081484999844e-05,4.4185029747189613e-05,4.278282723033572,4.2782877326257545,5.009592182858569e-06,1.5488602464078636e-16,7.744301232039318e-17,2.323290369611795e-16,True,0.009174299993901514,0.0,,
97,arpack_matvec,central_difference,1.0,0.0019917962667916496,0.21370139773196073,68215730.60837153,328.92398435477446,328.92771044734206,328.92424185474044,328.92796794730805,2,sparse_direct,not_applicable,1.1616451848058975e-16,1.5488602464078636e-16,0.0032746999931987375,0.0029894000035710633,0.0,0.015625,4.418508750984905e-05,4.418502351170196e-05,4.278282139669145,4.278288336387125,6.196717980522237e-06,3.872150616019659e-17,1.1616451848058975e-16,1.5488602464078636e-16,True,0.006714300005114637,0.015625,,
98,arpack_matvec,central_difference,1.0,0.0019917962667916496,0.22100759317575466,53887982.96004169,328.92420554032515,328.92796794730805,328.92398435477446,328.92774676175736,2,sparse_direct,not_applicable,2.323290369611795e-16,1.5488602464078636e-16,0.0036656000011134893,0.004031299991765991,0.0,0.0,4.4185102084262353e-05,4.4185009572562826e-05,4.278280728481907,4.278289686067864,8.957585956537173e-06,0.0,0.0,0.0,True,0.008108900001388974,0.0,,
99,arpack_matvec,central_difference,1.0,0.0019917962667916496,0.268511090944958,95638008.53598961,328.92399627229406,328.92796794730805,328.92398435477446,328.92795602978845,2,sparse_direct,not_applicable,1.9360753080098294e-16,1.5488602464078636e-16,0.0026513000047998503,0.0030617000011261553,0.0,0.015625,4.4185083453954675e-05,4.418502763769151e-05,4.278282532386757,4.278287936881367,5.404494610061761e-06,3.872150616019659e-17,3.872150616019659e-17,7.744301232039318e-17,True,0.006083999993279576,0.015625,,
100,arpack_matvec,central_difference,1.0,0.0019917962667916496,0.23171483942734722,45526660.005694225,328.9241763200549,328.92796794730805,328.92398435477446,328.9277759820276,2,sparse_direct,not_applicable,2.323290369611795e-16,1.5488602464078636e-16,0.002934899996034801,0.0023880000080680475,0.0,0.0,4.418510234200394e-05,4.418500940813205e-05,4.278280703525739,4.2782897019891575,8.99846341884114e-06,1.1616451848058975e-16,0.0,1.1616451848058975e-16,True,0.005747800008975901,0.0,,
101,arpack_matvec,central_difference,1.0,0.0019917962667916496,0.24396290041754792,77721637.35922849,328.92398435477446,328.9274196509192,328.9245326511633,328.92796794730805,2,sparse_direct,not_applicable,2.323290369611795e-16,1.1616451848058975e-16,0.003180700005032122,0.0025962999934563413,0.0,0.0,4.4185085081069866e-05,4.41850260262821e-05,4.2782823748390575,4.2782880929087375,5.718069679971904e-06,0.0,7.744301232039318e-17,7.744301232039318e-17,True,0.00613899999007117,0.0,,
102,arpack_matvec,central_difference,1.0,0.0019917962667916496,0.26756975160827584,63888879.5312543,328.92398435477446,328.92743854161336,328.92451376046915,328.92796794730805,2,sparse_direct,not_applicable,2.323290369611795e-16,1.5488602464078636e-16,0.0029789999971399084,0.0022634000051766634,0.0,0.015625,4.418509063272693e-05,4.418502087515956e-05,4.278281837292201,4.278288591674739,6.754382538609605e-06,3.872150616019659e-17,7.744301232039318e-17,1.1616451848058975e-16,True,0.005633399996440858,0.015625,,
103,arpack_matvec,central_difference,1.0,0.0019917962667916496,0.20802308575871692,69816811.70894182,328.9241020154181,328.92796794730805,328.92398435477446,328.9278502866644,2,sparse_direct,not_applicable,2.710505431213761e-16,1.5488602464078636e-16,0.0025215999921783805,0.00266389999887906,0.0,0.0,4.418508049496237e-05,4.4185030673810244e-05,4.278282818895346,4.2782876429042,4.824008853709927e-06,0.0,1.1616451848058975e-16,1.1616451848058975e-16,True,0.005533900010050274,0.0,,
104,arpack_matvec,central_difference,1.0,0.0019917962667916496,0.2560302046723807,46498082.2815073,328.9242324222475,328.927967947308,328.9239843547744,328.927719879835,2,sparse_direct,not_applicable,2.710505431213761e-16,1.5488602464078636e-16,0.0021062000014353544,0.002936999997473322,0.0,0.0,4.4185073813491795e-05,4.418503769031831e-05,4.2782834658382685,4.278286963519473,3.497681204223113e-06,7.744301232039318e-17,3.872150616019659e-17,3.872150616019659e-17,True,0.0059231000050203875,0.0,,
105,arpack_matvec,central_difference,1.0,0.0019917962667916496,0.22434245771450065,75956640.32082781,328.92398435477446,328.92796571888704,328.9239865831955,328.92796794730805,2,sparse_direct,not_applicable,1.1616451848058975e-16,1.5488602464078636e-16,0.001858100004028529,0.0022544999956153333,0.015625,0.0,4.4185058597639915e-05,4.4185052574381844e-05,4.278284939135568,4.278285522346694,5.832111265036133e-07,3.872150616019659e-17,1.1616451848058975e-16,7.744301232039318e-17,True,0.004398599994601682,0.015625,,
106,arpack_matvec,central_difference,1.0,0.0019917962667916496,0.22867714689609223,61638586.60172267,328.92398435477446,328.92779218434833,328.9241601177342,328.92796794730805,2,sparse_direct,not_applicable,1.7424677772088464e-16,2.323290369611795e-16,0.0020247000065864995,0.0027950000076089054,0.0,0.0,4.418505040383305e-05,4.418506122503169e-05,4.278285732513423,4.278284684734412,1.0477790111096397e-06,7.744301232039318e-17,3.872150616019659e-17,1.1616451848058975e-16,True,0.005310900000040419,0.0,,
107,arpack_matvec,central_difference,1.0,0.0019917962667916496,0.25880610158828743,79414389.27568287,328.92430800143194,328.927967947308,328.9239843547744,328.92764430065057,2,sparse_direct,not_applicable,1.5488602464078636e-16,2.323290369611795e-16,0.003056999994441867,0.0025605999981053174,0.0,0.0,4.418504221691698e-05,4.418506886939368e-05,4.27828652522436,4.2782839445577485,2.580666611073923e-06,0.0,0.0,0.0,True,0.005957299988949671,0.0,,
108,arpack_matvec,central_difference,1.0,0.0019917962667916496,0.22318797196902013,46733628.3391725,328.92427358918064,328.927967947308,328.9239843547744,328.92767871290187,2,sparse_direct,not_applicable,1.5488602464078636e-16,1.9360753080098294e-16,0.0029491000022972003,0.0028769000055035576,0.015625,0.0,4.418502116009687e-05,4.4185090523730884e-05,4.278288564085208,4.278281847845892,6.716239315807115e-06,1.1616451848058975e-16,3.872150616019659e-17,1.5488602464078636e-16,True,0.006237800000235438,0.015625,,
109,arpack_matvec,central_difference,1.0,0.0019917962667916496,0.25111356849576205,60557646.40327463,328.92411439757376,328.92796794730805,328.92398435477446,328.92783790450875,2,sparse_direct,not_applicable,1.5488602464078636e-16,1.9360753080098294e-16,0.002650299997185357,0.0034398999996483326,0.0,0.0,4.4185023235716036e-05,4.4185087866109006e-05,4.278288363109921,4.2782821051737825,6.25793613817649e-06,7.744301232039318e-17,3.872150616019659e-17,3.872150616019659e-17,True,0.006425100000342354,0.0,,
110,arpack_matvec,central_difference,1.0,0.0019917962667916496,0.22313601483353596,47554532.95413327,328.92398435477446,328.9277427514346,328.9242095506479,328.92796794730805,2,sparse_direct,not_applicable,2.323290369611795e-16,2.323290369611795e-16,0.002148599989595823,0.002932699993834831,0.0,0.015625,4.418500498677918e-05,4.418510663287491e-05,4.278290130094313,4.278280288056548,9.842037765217526e-06,0.0,3.872150616019659e-17,3.872150616019659e-17,True,0.005478200007928535,0.015625,,
111,arpack_matvec,central_difference,1.0,0.0019917962667916496,0.2922997086771521,91325092.22791056,328.92432722227034,328.92796794730805,328.92398435477446,328.9276250798122,2,sparse_direct,not_applicable,3.097720492815727e-16,1.9360753080098294e-16,0.0026184999878751114,0.002802600007271394,0.0,0.0,4.4185025500603065e-05,4.41850856383201e-05,4.278288143808479,4.278282320882528,5.82292595119327e-06,7.744301232039318e-17,3.872150616019659e-17,1.1616451848058975e-16,True,0.00584569999773521,0.0,,
112,arpack_matvec,central_difference,1.0,0.0019917962667916496,0.22435068591931293,64974279.15923401,328.92400559286796,328.92796794730805,328.92398435477446,328.92794670921455,2,sparse_direct,not_applicable,1.1616451848058975e-16,1.5488602464078636e-16,0.0027338999934727326,0.0032018000056268647,0.0,0.0,4.418500592247906e-05,4.418510567599361e-05,4.278290039493544,4.278280380707824,9.658785719679486e-06,0.0,1.5488602464078636e-16,1.5488602464078636e-16,True,0.0063485999999102205,0.0,,
113,arpack_matvec,central_difference,1.0,0.0019917962667916496,0.25430170782382494,72802931.06603718,328.92398435477446,328.92782305668743,328.9241292453951,328.92796794730805,2,sparse_direct,not_applicable,2.710505431213761e-16,2.710505431213761e-16,0.0029934000049252063,0.002606599999126047,0.015625,0.0,4.4185023428267394e-05,4.418508788560102e-05,4.278288344465816,4.278282103286441,6.241179375088279e-06,3.872150616019659e-17,3.872150616019659e-17,7.744301232039318e-17,True,0.006055799996829592,0.015625,,
114,arpack_matvec,central_difference,1.0,0.0019917962667916496,0.22760752453614555,63626411.20403819,328.92398435477446,328.927672707289,328.9242795947934,328.92796794730805,2,sparse_direct,not_applicable,2.710505431213761e-16,1.5488602464078636e-16,0.0023098000092431903,0.002613700009533204,0.0,0.0,4.4185006820100946e-05,4.418510474216847e-05,4.278289952579745,4.278280471126661,9.48145308399262e-06,7.744301232039318e-17,0.0,7.744301232039318e-17,True,0.005250899994280189,0.0,,
115,arpack_matvec,central_difference,1.0,0.0019917962667916496,0.2537571294485734,80058948.15013732,328.9244034223039,328.92796794730805,328.92398435477446,328.9275488797786,2,sparse_direct,not_applicable,3.097720492815727e-16,1.5488602464078636e-16,0.003454500008956529,0.0019052999996347353,0.0,0.0,4.418502002768852e-05,4.418509135257253e-05,4.278288673732543,4.2782817675921665,6.906140376905512e-06,3.872150616019659e-17,3.872150616019659e-17,7.744301232039318e-17,True,0.005693200000678189,0.0,,
116,arpack_matvec,central_difference,1.0,0.0019917962667916496,0.20066925885338546,62372385.332025856,328.9240506871392,328.92796794730805,328.92398435477446,328.9279016149433,2,sparse_direct,not_applicable,1.9360753080098294e-16,1.4036545983071262e-16,0.003078800000366755,0.00170310000248719,0.015625,0.0,4.418501462456878e-05,4.41850973676365e-05,4.278289196898738,4.2782811851754685,8.011723269696347e-06,0.0,0.0,0.0,True,0.005044400008046068,0.015625,,
117,arpack_matvec,central_difference,1.0,0.0019917962667916496,0.23823910567484616,67376412.35072313,328.92398435477446,328.92775231546074,328.9241999866218,328.92796794730805,2,sparse_direct,not_applicable,1.9360753080098294e-16,1.9360753080098294e-16,0.0028458000015234575,0.002505399999790825,0.0,0.0,4.418504463240543e-05,4.41850667060966e-05,4.278286291340887,4.278284154022164,2.1373187228945767e-06,1.5488602464078636e-16,7.744301232039318e-17,2.323290369611795e-16,True,0.005748499999754131,0.0,,
118,arpack_matvec,central_difference,1.0,0.0019917962667916496,0.2029846504326907,58479884.28731942,328.92398435477446,328.92783337794435,328.92411892413816,328.92796794730805,2,sparse_direct,not_applicable,2.323290369611795e-16,1.9360753080098294e-16,0.003475100005744025,0.0021015999955125153,0.0,0.015625,4.4185058056866875e-05,4.41850536849822e-05,4.278284991496734,4.278285414811114,4.233143799936556e-07,3.872150616019659e-17,3.872150616019659e-17,0.0,True,0.0059443999925861135,0.015625,,
119,arpack_matvec,central_difference,1.0,0.0019917962667916496,0.2476242386626016,75941970.84734227,328.9244917844128,328.92796794730805,328.92398435477446,328.9274605176697,2,sparse_direct,not_applicable,1.1616451848058975e-16,1.3552527156068805e-16,0.002383900005952455,0.0021634000004269183,0.0,0.0,4.4185082971429496e-05,4.4185028299492996e-05,4.278282579107932,4.278287872801351,5.293693418728651e-06,0.0,7.744301232039318e-17,7.744301232039318e-17,True,0.004805699994903989,0.0,,
120,arpack_matvec,central_difference,1.0,0.0019917962667916496,0.2574361200380012,72847466.44015718,328.92455823149163,328.92796794730805,328.92398435477446,328.9273940705909,2,sparse_direct,not_applicable,1.9360753080098294e-16,2.323290369611795e-16,0.002710999993723817,0.0027020999987144023,0.0,0.0,4.418509868195012e-05,4.418501258898699e-05,4.278281057915297,4.278289393997416,8.33608211880943e-06,7.744301232039318e-17,7.744301232039318e-17,0.0,True,0.0057960999984061345,0.0,,
121,arpack_matvec,central_difference,1.0,0.0019917962667916496,0.23036687872860617,82846596.4658788,328.9241763882545,328.92796794730805,328.92398435477446,328.927775913828,2,sparse_direct,not_applicable,2.710505431213761e-16,3.097720492815727e-16,0.00343510000675451,0.0020841000077780336,0.015625,0.0,4.4185133307794116e-05,4.41849778937705e-05,4.27827770522444,4.278292753423715,1.5048199275113916e-05,3.872150616019659e-17,0.0,3.872150616019659e-17,True,0.005922999989707023,0.015625,,
122,arpack_matvec,central_difference,1.0,0.0019917962667916496,0.23897850729673856,70502833.10829176,328.92398435477446,328.9276369685775,328.92431533350504,328.92796794730805,2,sparse_direct,not_applicable,2.323290369611795e-16,1.5488602464078636e-16,0.0018284999969182536,0.002322300002560951,0.0,0.0,4.4185134168115614e-05,4.4184977097663084e-05,4.278277621922797,4.278292830508299,1.5208585502080041e-05,0.0,7.744301232039318e-17,7.744301232039318e-17,True,0.004515900000114925,0.0,,
123,arpack_matvec,central_difference,1.0,0.0019917962667916496,0.22948663376443368,73521559.14294979,328.92414224097087,328.92796794730805,328.92398435477446,328.92781006111164,2,sparse_direct,not_applicable,2.323290369611795e-16,1.645664011808355e-16,0.0024544999905629084,0.0026350999978603795,0.0,0.0,4.4185149096977655e-05,4.418496220322268e-05,4.278276176418647,4.278294272690762,1.8096272115464274e-05,1.5488602464078636e-16,0.0,1.5488602464078636e-16,True,0.005449400006909855,0.0,,
124,arpack_matvec,central_difference,1.0,0.0019917962667916496,0.23204536916820767,64128264.2060257,328.92405311153357,328.92796794730805,328.92398435477446,328.9278991905488,2,sparse_direct,not_applicable,1.9360753080098294e-16,2.2264866042113036e-16,0.003867699997499585,0.0028664999990724027,0.015625,0.0,4.4185169357297634e-05,4.418494209153564e-05,4.278274214691543,4.2782962200445755,2.2005353032206187e-05,7.744301232039318e-17,7.744301232039318e-17,0.0,True,0.007093600012012757,0.015625,,
125,arpack_matvec,central_difference,1.0,0.0019917962667916496,0.28791866508633673,78431391.4999851,328.92398435477446,328.92781133132905,328.92414097075334,328.92796794730805,2,sparse_direct,not_applicable,1.5488602464078636e-16,1.1616451848058975e-16,0.002962300000945106,0.002842000001692213,0.0,0.0,4.418514161902988e-05,4.418496962244585e-05,4.278276900479375,4.278293554310275,1.6653830900104083e-05,3.872150616019659e-17,0.0,3.872150616019659e-17,True,0.006223000003956258,0.0,,
126,arpack_matvec,central_difference,1.0,0.0019917962667916496,0.2745686948514971,76973617.02875462,328.92398435477446,328.9278867232251,328.92406557885744,328.92796794730805,2,sparse_direct,not_applicable,4.2593656776216244e-16,1.645664011808355e-16,0.002742299999226816,0.002892799995606765,0.0,0.015625,4.4185143365958636e-05,4.4184967911202416e-05,4.2782767313310055,4.278293720004675,1.698867366961565e-05,3.872150616019659e-17,3.872150616019659e-17,7.744301232039318e-17,True,0.0061153999995440245,0.015625,,
127,arpack_matvec,central_difference,1.0,0.0019917962667916496,0.19620188615663023,48303342.26329587,328.92400996165696,328.92796794730805,328.92398435477446,328.92794234042555,2,sparse_direct,not_applicable,2.323290369611795e-16,3.097720492815727e-16,0.0034648000000743195,0.004109799992875196,0.0,0.0,4.418516343563178e-05,4.418494818999483e-05,4.278274788062973,4.278295629549033,2.0841486060518832e-05,7.744301232039318e-17,7.744301232039318e-17,0.0,True,0.008063699991907924,0.0,,
128,arpack_matvec,central_difference,1.0,0.0019917962667916496,0.2250989640200158,68706688.13141082,328.9244176526115,328.92796794730805,328.92398435477446,328.927534649471,2,sparse_direct,not_applicable,3.097720492815727e-16,2.323290369611795e-16,0.0029910000012023374,0.0029193999944254756,0.0,0.0,4.4185118068862404e-05,4.4184993152894894e-05,4.278279180752506,4.278291275931094,1.2095178588467093e-05,3.872150616019659e-17,3.872150616019659e-17,0.0,True,0.006330699994578026,0.0,,
129,arpack_matvec,central_difference,1.0,0.0019917962667916496,0.28345256454584017,74033315.5363545,328.9239843547745,328.9274565168967,328.9244957851858,328.9279679473081,2,sparse_direct,not_applicable,1.9360753080098294e-16,1.9360753080098294e-16,0.005627999998978339,0.002660500002093613,0.0,0.015625,4.418508151344529e-05,4.418502985466227e-05,4.278282720279301,4.278287722219539,5.001940238003044e-06,7.744301232039318e-17,1.1616451848058975e-16,1.9360753080098294e-16,True,0.008776200003921986,0.015625,,
130,arpack_matvec,central_difference,1.0,0.0019917962667916496,0.22964303153440127,68817921.07345223,328.92398435477446,328.92779373229394,328.9241585697886,328.92796794730805,2,sparse_direct,not_applicable,1.9360753080098294e-16,2.323290369611795e-16,0.0021684000093955547,0.002083999992464669,0.0,0.0,4.4185062051847335e-05,4.418504921558e-05,4.278284604676751,4.278285847567862,1.242891110919686e-06,0.0,1.1616451848058975e-16,1.1616451848058975e-16,True,0.004783899988979101,0.0,,
131,arpack_matvec,central_difference,1.0,0.0019917962667916496,0.2772357117640712,53558467.25572592,328.92398435477446,328.92781916434603,328.9241331377365,328.92796794730805,2,sparse_direct,not_applicable,3.097720492815727e-16,1.9360753080098294e-16,0.002064000000245869,0.0026892000023508444,0.0,0.0,4.418502544935252e-05,4.418508592426846e-05,4.278288148770897,4.278282293195181,5.855575715862926e-06,3.872150616019659e-17,3.872150616019659e-17,7.744301232039318e-17,True,0.005575799994403496,0.0,,
132,arpack_matvec,central_difference,1.0,0.0019917962667916496,0.2928797198571754,88596875.2247052,328.92398435477446,328.92739240487197,328.92455989721054,328.92796794730805,2,sparse_direct,not_applicable,1.5488602464078636e-16,1.9360753080098294e-16,0.0026053000037791207,0.002343899992411025,0.0,0.015625,4.4185012401447515e-05,4.418509865848876e-05,4.278289412156247,4.278281060186975,8.351969271735982e-06,1.5488602464078636e-16,3.872150616019659e-17,1.9360753080098294e-16,True,0.00525529999868013,0.015625,,
133,arpack_matvec,central_difference,1.0,0.0019917962667916496,0.2733275091994459,76586505.83842345,328.92398435477446,328.92745575141385,328.92449655066866,328.92796794730805,2,sparse_direct,not_applicable,1.5488602464078636e-16,2.323290369611795e-16,0.0023585000017192215,0.0017645000043557957,0.0,0.0,4.418494595752567e-05,4.4185165234695844e-05,4.278295845712319,4.278274613866715,2.1231845603431054e-05,1.1616451848058975e-16,0.0,1.1616451848058975e-16,True,0.004429699998581782,0.0,,
134,arpack_matvec,central_difference,1.0,0.0019917962667916496,0.30594180984060576,95876752.9981196,328.92398435477446,328.92746994675343,328.92448235532896,328.92796794730805,2,sparse_direct,not_applicable,1.3068508329066348e-16,1.9360753080098294e-16,0.0034002999891526997,0.0026890000008279458,0.0,0.0,4.418496441154987e-05,4.41851466277741e-05,4.278294058865229,4.278276415502039,1.7643363189989714e-05,3.872150616019659e-17,3.872150616019659e-17,7.744301232039318e-17,True,0.006439799995860085,0.0,,
135,arpack_matvec,central_difference,1.0,0.0019917962667916496,0.22141373764954608,52328694.01014593,328.9239843547744,328.927724015162,328.9242282869205,328.927967947308,2,sparse_direct,not_applicable,1.5004583637076176e-16,1.9360753080098294e-16,0.002705400009290315,0.0028448000084608793,0.015625,0.0,4.418489098242875e-05,4.4185220504535093e-05,4.278301168792755,4.278269262313697,3.1906479057930426e-05,3.872150616019659e-17,0.0,3.872150616019659e-17,True,0.005998300010105595,0.015625,,
136,arpack_matvec,central_difference,1.0,0.0019917962667916496,0.24211318473480484,69060525.98386541,328.9239843547744,328.92776941347586,328.92418288860665,328.927967947308,2,sparse_direct,not_applicable,2.710505431213761e-16,1.1616451848058975e-16,0.0040979000041261315,0.003939600006560795,0.0,0.0,4.418491991970963e-05,4.418519130319528e-05,4.2782983668774675,4.278272089758613,2.6277118854167725e-05,7.744301232039318e-17,0.0,7.744301232039318e-17,True,0.008597899999585934,0.0,,
137,arpack_matvec,central_difference,1.0,0.0019917962667916496,0.2613638023636732,83953701.21052721,328.92398435477446,328.9276502367016,328.9243020653809,328.92796794730805,2,sparse_direct,not_applicable,1.9360753080098294e-16,1.9360753080098294e-16,0.0028554000018630177,0.0034339999983785674,0.015625,0.0,4.418488000702558e-05,4.4185231125303634e-05,4.278302231511047,4.278268233949548,3.3997561498466666e-05,0.0,1.1616451848058975e-16,1.1616451848058975e-16,True,0.0067282000090926886,0.015625,,
138,arpack_matvec,central_difference,1.0,0.0019917962667916496,0.20579620655201403,62506198.68564864,328.92398435477446,328.92765173130243,328.9243005707801,328.92796794730805,2,sparse_direct,not_applicable,1.5488602464078636e-16,3.4849355544176928e-16,0.002212599996710196,0.00289949998841621,0.0,0.0,4.418476313809612e-05,4.418534806450133e-05,4.278313547642813,4.278256911253751,5.663638906128199e-05,1.1616451848058975e-16,0.0,1.1616451848058975e-16,True,0.005711899997550063,0.0,,
139,arpack_matvec,central_difference,1.0,0.0019917962667916496,0.2287636157377632,71390995.94126451,328.92398435477446,328.92747241095384,328.92447989112867,328.92796794730805,2,sparse_direct,not_applicable,3.097720492815727e-16,2.323290369611795e-16,0.003416000006836839,0.0019179000082658604,0.0,0.0,4.418479640521286e-05,4.418531463625325e-05,4.278310326463407,4.278260147954328,5.01785090785134e-05,1.5488602464078636e-16,3.872150616019659e-17,1.1616451848058975e-16,True,0.0058095999993383884,0.0,,
140,arpack_matvec,central_difference,1.0,0.0019917962667916496,0.26241059900021635,74161054.7926448,328.92445148693906,328.92796794730805,328.92398435477446,328.92750081514345,2,sparse_direct,not_applicable,1.1616451848058975e-16,1.5488602464078636e-16,0.0023970000038389117,0.0024727999989409,0.015625,0.0,4.418490892485382e-05,4.418520237692485e-05,4.278299431477911,4.278271017534756,2.8413943154781407e-05,0.0,3.872150616019659e-17,3.872150616019659e-17,True,0.0051122000004397705,0.015625,,
141,arpack_matvec,central_difference,1.0,0.0019917962667916496,0.24459528930676766,64263888.25142652,328.9243634453531,328.92796794730805,328.92398435477446,328.9275888567294,2,sparse_direct,not_applicable,1.9360753080098294e-16,3.4849355544176928e-16,0.0021566999930655584,0.0027497999981278554,0.0,0.0,4.418492867605078e-05,4.418518272605717e-05,4.278297519026375,4.27827292024812,2.459877825522483e-05,3.872150616019659e-17,7.744301232039318e-17,1.1616451848058975e-16,True,0.005237699995632283,0.0,,
142,arpack_matvec,central_difference,1.0,0.0019917962667916496,0.22154815660265556,74556405.32330653,328.9241885896938,328.92796794730805,328.92398435477446,328.9277637123887,2,sparse_direct,not_applicable,1.9360753080098294e-16,3.4849355544176928e-16,0.0045446000003721565,0.0032136999943759292,0.015625,0.0,4.418490102598854e-05,4.4185210230315766e-05,4.278300196302774,4.2782702571234195,2.9939179354343537e-05,3.872150616019659e-17,7.744301232039318e-17,1.1616451848058975e-16,True,0.00915779999922961,0.015625,,
143,arpack_matvec,central_difference,1.0,0.0019917962667916496,0.21372816390204963,73468802.57710198,328.92398435477446,328.92758494422657,328.92436735785594,328.92796794730805,2,sparse_direct,not_applicable,1.5488602464078636e-16,1.9360753080098294e-16,0.002430399996228516,0.0034653000038815662,0.0,0.0,4.41849285271426e-05,4.418518271772588e-05,4.278297533444719,4.278272921054804,2.4612389914580035e-05,7.744301232039318e-17,3.872150616019659e-17,1.1616451848058975e-16,True,0.0062864999927114695,0.0,,
144,arpack_matvec,central_difference,1.0,0.0019917962667916496,0.27552612009840133,93196745.02365716,328.92398435477446,328.9276554246793,328.9242968774031,328.92796794730805,2,sparse_direct,not_applicable,1.1616451848058975e-16,1.9360753080098294e-16,0.003357900000992231,0.002325800000107847,0.0,0.0,4.418503513269273e-05,4.418507593765507e-05,4.278287211165676,4.278283260163107,3.951002568669537e-06,3.872150616019659e-17,7.744301232039318e-17,3.872150616019659e-17,True,0.006077800004277378,0.0,,
145,arpack_matvec,central_difference,1.0,0.0019917962667916496,0.21206787804482766,49992725.23704265,328.92398435477446,328.92767346420345,328.92427883787894,328.92796794730805,2,sparse_direct,not_applicable,1.1616451848058975e-16,1.1616451848058975e-16,0.002738600000157021,0.0021262000082060695,0.0,0.0,4.418506613496648e-05,4.4185045493051164e-05,4.278284209322679,4.278286208007514,1.998684834525477e-06,0.0,1.5488602464078636e-16,1.5488602464078636e-16,True,0.005366500001400709,0.015625,,
146,arpack_matvec,central_difference,1.0,0.0019917962667916496,0.22257615429385152,69034467.29751454,328.9241418775913,328.927967947308,328.9239843547744,328.9278104244912,2,sparse_direct,not_applicable,1.5488602464078636e-16,1.5488602464078636e-16,0.0023504000128014013,0.0021828999888384715,0.0,0.0,4.418511744838283e-05,4.418499375196701e-05,4.278279240831215,4.278291217924862,1.1977093647530523e-05,7.744301232039318e-17,3.872150616019659e-17,3.872150616019659e-17,True,0.004880899999989197,0.0,,
147,arpack_matvec,central_difference,1.0,0.0019917962667916496,0.20772804497429226,53501270.32327379,328.9241419517412,328.92796794730805,328.92398435477446,328.9278103503413,2,sparse_direct,not_applicable,9.922385953550376e-17,3.097720492815727e-16,0.0032636000105412677,0.0023880000080680475,0.0,0.015625,4.418518700133307e-05,4.418492469938627e-05,4.278272506290448,4.278297904075212,2.5397784764180642e-05,7.744301232039318e-17,0.0,7.744301232039318e-17,True,0.006032499994034879,0.015625,,
148,arpack_matvec,central_difference,1.0,0.0019917962667916496,0.2616680417038977,65648769.787101164,328.92430763005035,328.92796794730805,328.92398435477446,328.92764467203216,2,sparse_direct,not_applicable,2.710505431213761e-16,1.9360753080098294e-16,0.002447299993946217,0.0029497999930754304,0.0,0.0,4.418517688553821e-05,4.418493431648219e-05,4.278273485762074,4.2782969728799545,2.348711788080493e-05,1.1616451848058975e-16,3.872150616019659e-17,7.744301232039318e-17,True,0.005834200012031943,0.0,,
149,arpack_matvec,central_difference,1.0,0.0019917962667916496,0.2741977938189794,60878735.990824014,328.9244094170348,328.92796794730805,328.92398435477446,328.9275428850477,2,sparse_direct,not_applicable,1.5488602464078636e-16,1.9360753080098294e-16,0.002842000001692213,0.0029839000053470954,0.0,0.0,4.4185183458482595e-05,4.418492784715885e-05,4.278272849330323,4.27829759928556,2.474995523726875e-05,3.872150616019659e-17,7.744301232039318e-17,1.1616451848058975e-16,True,0.006341699991025962,0.0,,
150,arpack_matvec,central_difference,1.0,0.0019917962667916496,0.23389205076642836,65089905.9066529,328.9240127214943,328.92796794730805,328.92398435477446,328.9279395805881,2,sparse_direct,not_applicable,1.9360753080098294e-16,3.4849355544176928e-16,0.0023062999971443787,0.0021893999946769327,0.015625,0.0,4.418522073982783e-05,4.4184890424834454e-05,4.27826923953129,4.278301222783074,3.1983251783884725e-05,1.1616451848058975e-16,3.872150616019659e-17,7.744301232039318e-17,True,0.004856100000324659,0.015625,,
151,arpack_matvec,central_difference,1.0,0.0019917962667916496,0.2530134665609689,64143889.863737755,328.92398435477446,328.92774313436917,328.92420916771334,328.92796794730805,2,sparse_direct,not_applicable,1.5488602464078636e-16,1.9360753080098294e-16,0.00281360000371933,0.0028510999982245266,0.0,0.0,4.418523313085603e-05,4.41848780964537e-05,4.278268039760438,4.278302416506555,3.437674611639352e-05,7.744301232039318e-17,3.872150616019659e-17,1.1616451848058975e-16,True,0.005996399995638058,0.0,,
152,arpack_matvec,central_difference,1.0,0.0019917962667916496,0.27968035380872,94427689.65748718,328.92437743794324,328.92796794730805,328.92398435477446,328.9275748641393,2,sparse_direct,not_applicable,1.1616451848058975e-16,2.323290369611795e-16,0.0028132000006735325,0.004388099987409078,0.0,0.015625,4.418518807614074e-05,4.4184923092728194e-05,4.278272402221182,4.2782980596432525,2.5657422070501923e-05,3.872150616019659e-17,0.0,3.872150616019659e-17,True,0.0076757999922847375,0.015625,,
153,arpack_matvec,central_difference,1.0,0.0019917962667916496,0.286269822674318,98340752.50195892,328.9241569936772,328.92796794730805,328.92398435477446,328.92779530840534,2,sparse_direct,not_applicable,2.710505431213761e-16,3.872150616019659e-16,0.0023522999981651083,0.002282000001287088,0.0,0.0,4.4185185182676645e-05,4.418492601190713e-05,4.278272682383584,4.2782977769876345,2.509460405075714e-05,1.1616451848058975e-16,3.872150616019659e-17,1.5488602464078636e-16,True,0.005006799998227507,0.0,,
154,arpack_matvec,central_difference,1.0,0.0019917962667916496,0.22229459115422923,78054401.60355085,328.9241402659897,328.92796794730805,328.92398435477446,328.9278120360928,2,sparse_direct,not_applicable,2.710505431213761e-16,1.3552527156068805e-16,0.0024935999972512946,0.0027203000063309446,0.0,0.0,4.418520006830536e-05,4.4184911220791614e-05,4.278271241068877,4.278299209168777,2.7968099900022025e-05,1.1616451848058975e-16,0.0,1.1616451848058975e-16,True,0.005619100003968924,0.0,,
155,arpack_matvec,central_difference,1.0,0.0019917962667916496,0.2117705650957479,74798014.61396001,328.9240215879276,328.92796794730805,328.92398435477446,328.9279307141549,2,sparse_direct,not_applicable,2.420094135012287e-16,1.9360753080098294e-16,0.0035217000113334507,0.0023538000095868483,0.015625,0.0,4.418520864954093e-05,4.418490274179954e-05,4.278270410183282,4.278300030165607,2.96199823246468e-05,7.744301232039318e-17,3.872150616019659e-17,3.872150616019659e-17,True,0.006561900008819066,0.015625,,
156,arpack_matvec,central_difference,1.0,0.0019917962667916496,0.2832349172609701,83472705.08239783,328.92449634029344,328.92796794730805,328.92398435477446,328.92745596178906,2,sparse_direct,not_applicable,2.323290369611795e-16,1.9360753080098294e-16,0.0029377999890130013,0.0027868000033777207,0.0,0.0,4.4185155546072074e-05,4.4184955562223236e-05,4.278275551978002,4.278294915718451,1.9363740449307443e-05,3.872150616019659e-17,7.744301232039318e-17,1.1616451848058975e-16,True,0.006168399995658547,0.0,,
157,arpack_matvec,central_difference,1.0,0.0019917962667916496,0.25866062463702055,77430863.36132821,328.92456782689675,328.92796794730805,328.92398435477446,328.92738447518576,2,sparse_direct,not_applicable,1.9360753080098294e-16,2.323290369611795e-16,0.0028748000040650368,0.002744700002949685,0.0,0.015625,4.418516165133887e-05,4.418494954361724e-05,4.2782749608290125,4.278295498481851,2.0537652838825693e-05,0.0,3.872150616019659e-17,3.872150616019659e-17,True,0.0060350999992806464,0.015625,,
158,arpack_matvec,central_difference,1.0,0.0019917962667916496,0.20376151168983744,64438504.39238349,328.92398435477446,328.9279071431389,328.9240451589436,328.92796794730805,2,sparse_direct,not_applicable,2.323290369611795e-16,2.323290369611795e-16,0.003487100009806454,0.002949300003820099,0.0,0.0,4.418515621852782e-05,4.4184955120640234e-05,4.278275486866748,4.278294958475591,1.947160884352428e-05,0.0,3.872150616019659e-17,3.872150616019659e-17,True,0.006955200005904771,0.0,,
159,arpack_matvec,central_difference,1.0,0.0019917962667916496,0.2334869608097598,63885278.738084525,328.92398435477446,328.9279505730974,328.924001728985,328.92796794730805,2,sparse_direct,not_applicable,1.5488602464078636e-16,1.9360753080098294e-16,0.0028718999965349212,0.0027612999983830377,0.0,0.0,4.418515870000443e-05,4.4184952703968927e-05,4.278275246595107,4.278295192474545,1.9945879437877068e-05,7.744301232039318e-17,1.9360753080098294e-16,1.1616451848058975e-16,True,0.006042100008926354,0.0,,
160,arpack_matvec,central_difference,1.0,0.0019917962667916496,0.24026060964940868,63490127.9960005,328.92398435477446,328.9277644773996,328.9241878246829,328.92796794730805,2,sparse_direct,not_applicable,2.710505431213761e-16,1.5488602464078636e-16,0.002580400003353134,0.0031679999956395477,0.015625,0.0,4.418515617905555e-05,4.418495519041501e-05,4.278275490688692,4.278294951719512,1.946103081973405e-05,0.0,3.872150616019659e-17,3.872150616019659e-17,True,0.006124899999122135,0.015625,,
161,arpack_matvec,central_difference,1.0,0.0019917962667916496,0.24285701879538193,76287143.19366673,328.92398435477446,328.9279254784801,328.9240268236024,328.92796794730805,2,sparse_direct,not_applicable,1.9360753080098294e-16,1.5488602464078636e-16,0.0017724000063026324,0.002577699997345917,0.0,0.0,4.418514930556144e-05,4.418496216199974e-05,4.278276156222289,4.278294276682253,1.8120459963633095e-05,0.0,7.744301232039318e-17,7.744301232039318e-17,True,0.0046922999899834394,0.0,,
162,arpack_matvec,central_difference,1.0,0.0019917962667916496,0.26325267284623466,91953459.72558059,328.92398435477446,328.9277636496349,328.9241886524476,328.92796794730805,2,sparse_direct,not_applicable,1.9360753080098294e-16,2.323290369611795e-16,0.0021524999901885167,0.0025671000039437786,0.0,0.0,4.4185139889929255e-05,4.418497128516989e-05,4.278277067901528,4.27829339331387,1.6325412341977596e-05,0.0,1.1616451848058975e-16,1.1616451848058975e-16,True,0.005110199999762699,0.0,,
163,arpack_matvec,central_difference,1.0,0.0019917962667916496,0.2207959905115876,67272353.57193772,328.92422794446867,328.92796794730805,328.92398435477446,328.92772435761384,2,sparse_direct,not_applicable,1.1616451848058975e-16,1.2826498915565119e-16,0.002686500010895543,0.0027323999966029078,0.015625,0.0,4.418517203940661e-05,4.418493953158723e-05,4.278273954993614,4.278296467916762,2.2512923147921526e-05,1.1616451848058975e-16,1.1616451848058975e-16,0.0,True,0.005821099999593571,0.015625,,
164,arpack_matvec,central_difference,1.0,0.0019917962667916496,0.240094928162502,88362664.4567827,328.92401985591096,328.92796794730805,328.92398435477446,328.92793244617155,2,sparse_direct,not_applicable,3.097720492815727e-16,1.1616451848058975e-16,0.0021720000077039003,0.0021549000084633008,0.0,0.0,4.418514268139973e-05,4.418496858381105e-05,4.278276797614201,4.278293654878063,1.6857263861247418e-05,0.0,3.872150616019659e-17,3.872150616019659e-17,True,0.004603199995472096,0.0,,
165,arpack_matvec,central_difference,1.0,0.0019917962667916496,0.26968357782420715,73785466.56288739,328.9245561058065,328.92796794730805,328.92398435477446,328.927396196276,2,sparse_direct,not_applicable,2.710505431213761e-16,1.5488602464078636e-16,0.002811299986205995,0.002718999996432103,0.0,0.0,4.418511313957394e-05,4.418499831586445e-05,4.278279658037064,4.278290776017358,1.1117980293740004e-05,1.1616451848058975e-16,0.0,1.1616451848058975e-16,True,0.005899299998418428,0.0,,
166,arpack_matvec,central_difference,1.0,0.0019917962667916496,0.25114721118937716,63640773.833418146,328.92398435477446,328.92781108305206,328.92414121903045,328.92796794730805,2,sparse_direct,not_applicable,2.710505431213761e-16,1.1616451848058975e-16,0.0028342000005068257,0.0030746999982511625,0.015625,0.0,4.4185104551503134e-05,4.418500684960265e-05,4.278280489588081,4.278289949723191,9.460135109939927e-06,3.872150616019659e-17,1.1616451848058975e-16,1.5488602464078636e-16,True,0.006277500011492521,0.015625,,
167,arpack_matvec,central_difference,1.0,0.0019917962667916496,0.25112656173929154,59226618.912198514,328.92410237928414,328.927967947308,328.9239843547744,328.9278499227984,2,sparse_direct,not_applicable,1.9360753080098294e-16,1.9360753080098294e-16,0.002564800000982359,0.002805399999488145,0.0,0.0,4.4185076645114285e-05,4.4185034766447626e-05,4.278283191662356,4.278287246627948,4.0549655917487826e-06,7.744301232039318e-17,3.872150616019659e-17,3.872150616019659e-17,True,0.005714099999750033,0.0,,
168,arpack_matvec,central_difference,1.0,0.0019917962667916496,0.21821901202888166,63724287.67996325,328.9240153910716,328.9279679473081,328.9239843547745,328.92793691101093,2,sparse_direct,not_applicable,2.323290369611795e-16,2.323290369611795e-16,0.002540800007409416,0.0030767999996896833,0.0,0.015625,4.4185053598469275e-05,4.418505772102109e-05,4.278285423187859,4.278285024015509,3.991723502849709e-07,3.872150616019659e-17,1.1616451848058975e-16,7.744301232039318e-17,True,0.005927999998675659,0.015625,,
169,arpack_matvec,central_difference,1.0,0.0019917962667916496,0.235752625156033,70549117.75849868,328.92413597785816,328.92796794730805,328.92398435477446,328.92781632422435,2,sparse_direct,not_applicable,2.710505431213761e-16,1.9360753080098294e-16,0.0018549000087659806,0.0032921999954851344,0.0,0.0,4.418500515778588e-05,4.418510619635971e-05,4.278290113536292,4.2782803303226995,9.783213592129414e-06,7.744301232039318e-17,7.744301232039318e-17,0.0,True,0.005465399997774512,0.0,,
170,arpack_matvec,central_difference,1.0,0.0019917962667916496,0.22538907517027615,68146050.49116607,328.92412036723573,328.92796794730805,328.92398435477446,328.9278319348468,2,sparse_direct,not_applicable,1.5488602464078636e-16,1.621463070458232e-16,0.0026796000020112842,0.002481400006217882,0.0,0.0,4.418498604055129e-05,4.418512522050346e-05,4.278291964596642,4.27827848828605,1.34763105918978e-05,0.0,3.872150616019659e-17,3.872150616019659e-17,True,0.005497899997862987,0.0,,
171,arpack_matvec,central_difference,1.0,0.0019917962667916496,0.2796657776876335,87699886.81205264,328.92460945927485,328.92796794730805,328.92398435477446,328.92734284280766,2,sparse_direct,not_applicable,2.323290369611795e-16,1.5488602464078636e-16,0.0024588999949628487,0.002435000002151355,0.0,0.015625,4.4184974536781435e-05,4.418513674092434e-05,4.2782930784704565,4.278277372807578,1.5705662878673365e-05,7.744301232039318e-17,0.0,7.744301232039318e-17,True,0.005271099988021888,0.015625,,
172,arpack_matvec,central_difference,1.0,0.0019917962667916496,0.25157490267726407,78660533.76941828,328.9244811036977,328.92796794730805,328.92398435477446,328.9274711983848,2,sparse_direct,not_applicable,1.645664011808355e-16,2.710505431213761e-16,0.0025298999971710145,0.0029550000035669655,0.0,0.0,4.418496405524547e-05,4.418514723298781e-05,4.278294093365087,4.278276356901543,1.7736463544082426e-05,3.872150616019659e-17,0.0,3.872150616019659e-17,True,0.005806099987239577,0.0,,
173,arpack_matvec,central_difference,1.0,0.0019917962667916496,0.2840419525108968,69823949.2732702,328.92398435477446,328.9273463533647,328.9246059487179,328.92796794730805,2,sparse_direct,not_applicable,3.4849355544176928e-16,1.5488602464078636e-16,0.002596400008769706,0.002232599988928996,0.0,0.0,4.418496135627509e-05,4.4185149962135806e-05,4.278294354698099,4.278276092648748,1.8262049350958875e-05,7.744301232039318e-17,0.0,7.744301232039318e-17,True,0.005115099993417971,0.0,,
174,arpack_matvec,central_difference,1.0,0.0019917962667916496,0.3101653109996363,70055765.41923709,328.9239843547744,328.92759311250916,328.92435918957335,328.927967947308,2,sparse_direct,not_applicable,2.323290369611795e-16,1.1616451848058975e-16,0.002580100001068786,0.002819200002704747,0.015625,0.0,4.418498396202407e-05,4.418512720010464e-05,4.278292165853845,4.278278296608767,1.386924507773557e-05,7.744301232039318e-17,0.0,7.744301232039318e-17,True,0.005796900004497729,0.015625,,
175,arpack_matvec,central_difference,1.0,0.0019917962667916496,0.2589130066346798,59048526.66152513,328.92398435477446,328.9275920118416,328.9243602902409,328.92796794730805,2,sparse_direct,not_applicable,1.5488602464078636e-16,1.8876734253095837e-16,0.0034588999988045543,0.0024372000043513253,0.0,0.0,4.418498165265122e-05,4.418512982326616e-05,4.278292389463122,4.278278042618,1.4346845121693264e-05,0.0,2.323290369611795e-16,2.323290369611795e-16,True,0.006281499998294748,0.0,,
176,arpack_matvec,central_difference,1.0,0.0019917962667916496,0.272153632712924,77650526.17499143,328.92398435477446,328.9275787971956,328.9243735048869,328.92796794730805,2,sparse_direct,not_applicable,1.5488602464078636e-16,2.323290369611795e-16,0.0028728000033879653,0.0027202000055694953,0.0,0.015625,4.4185014580110615e-05,4.418509661360472e-05,4.278289201203476,4.278281258185606,7.94301787010454e-06,0.0,3.872150616019659e-17,3.872150616019659e-17,True,0.005949799990048632,0.015625,,
177,arpack_matvec,central_difference,1.0,0.0019917962667916496,0.2714398783480446,55228295.14629697,328.9245099862043,328.92796794730805,328.92398435477446,328.9274423158782,2,sparse_direct,not_applicable,3.872150616019659e-16,2.323290369611795e-16,0.003001999997650273,0.0026357000024290755,0.0,0.0,4.4185051107964464e-05,4.4185060306069544e-05,4.278285664334812,4.278284773714299,8.90620513338547e-07,1.1616451848058975e-16,3.872150616019659e-17,1.5488602464078636e-16,True,0.0060182000015629455,0.0,,
178,arpack_matvec,central_difference,1.0,0.0019917962667916496,0.2143781668993593,62917190.54957377,328.92431297519175,328.92796794730805,328.92398435477446,328.92763932689076,2,sparse_direct,not_applicable,1.1616451848058975e-16,3.097720492815727e-16,0.0035771000111708418,0.0023348999966401607,0.0,0.0,4.4185074950490616e-05,4.418503626416977e-05,4.278283355746721,4.278287101608591,3.745861869575151e-06,7.744301232039318e-17,7.744301232039318e-17,0.0,True,0.006271100006415509,0.0,,
179,arpack_matvec,central_difference,1.0,0.0019917962667916496,0.22517824734780678,55911690.305539146,328.9240798732996,328.92796794730805,328.92398435477446,328.927872428783,2,sparse_direct,not_applicable,1.5488602464078636e-16,1.9360753080098294e-16,0.002846899995347485,0.0022102000075392425,0.0,0.015625,4.418511528961912e-05,4.4184996296691735e-05,4.278279449856221,4.278290971527344,1.1521671122949328e-05,7.744301232039318e-17,0.0,7.744301232039318e-17,True,0.005394799998612143,0.015625,,
180,arpack_matvec,central_difference,1.0,0.0019917962667916496,0.2384423479274334,81574603.0092695,328.92411059878503,328.92796794730805,328.92398435477446,328.92784170329736,2,sparse_direct,not_applicable,2.323290369611795e-16,1.9360753080098294e-16,0.0027192999987164512,0.003617800000938587,0.0,0.0,4.41851186845737e-05,4.418499244557365e-05,4.278279121135492,4.278291344418745,1.2223283253121053e-05,3.872150616019659e-17,3.872150616019659e-17,0.0,True,0.006733300004270859,0.0,,
181,arpack_matvec,central_difference,1.0,0.0019917962667916496,0.22716690720627933,58227991.66525292,328.9242963222394,328.92796794730805,328.92398435477446,328.9276559798431,2,sparse_direct,not_applicable,2.710505431213761e-16,2.710505431213761e-16,0.009318099997472018,0.0030307999986689538,0.0,0.0,4.418519242011879e-05,4.41849191719027e-05,4.2782719816114625,4.278298439285457,2.645767399478416e-05,3.872150616019659e-17,3.872150616019659e-17,7.744301232039318e-17,True,0.012953199999174103,0.0,,
182,arpack_matvec,central_difference,1.0,0.0019917962667916496,0.3004654606354227,104860965.19745596,328.92398435477446,328.927631651241,328.9243206508414,328.92796794730805,2,sparse_direct,not_applicable,4.64658073922359e-16,1.5488602464078636e-16,0.002463299999362789,0.0031387999915750697,0.0,0.0,4.418514217780716e-05,4.4184968851339206e-05,4.278276846375126,4.278293628974141,1.6782599014497634e-05,3.872150616019659e-17,3.872150616019659e-17,7.744301232039318e-17,True,0.005994000006467104,0.0,,
183,arpack_matvec,central_difference,1.0,0.0019917962667916496,0.23172329450253623,61212424.7833271,328.92436625358397,328.92796794730805,328.92398435477446,328.92758604849854,2,sparse_direct,not_applicable,3.4849355544176928e-16,2.710505431213761e-16,0.0033557999995537102,0.0017597000114619732,0.015625,0.0,4.41852390811902e-05,4.4184872285815135e-05,4.278267463614987,4.278302979135067,3.5515520080409146e-05,1.5488602464078636e-16,7.744301232039318e-17,2.323290369611795e-16,True,0.005546899992623366,0.015625,,
184,arpack_matvec,central_difference,1.0,0.0019917962667916496,0.2913334012282492,85156368.727626,328.92460230668956,328.92796794730805,328.92398435477446,328.92734999539294,2,sparse_direct,not_applicable,1.9360753080098294e-16,3.4849355544176928e-16,0.003294199996162206,0.002949900008388795,0.0,0.0,4.4185169535073105e-05,4.4184941505770254e-05,4.278274197478251,4.278296276762492,2.2079284240916763e-05,1.1616451848058975e-16,0.0,1.1616451848058975e-16,True,0.00669539999216795,0.0,,
185,arpack_matvec,central_difference,1.0,0.0019917962667916496,0.2541490577529335,66341979.51264652,328.92398435477446,328.92783455374666,328.92411774833585,328.92796794730805,2,sparse_direct,not_applicable,3.097720492815727e-16,2.710505431213761e-16,0.0031506999948760495,0.002286300004925579,0.0,0.015625,4.418517845176283e-05,4.4184932990670896e-05,4.27827333411083,4.278297101254359,2.376714352880782e-05,1.1616451848058975e-16,7.744301232039318e-17,1.9360753080098294e-16,True,0.005778699996881187,0.015625,,
186,arpack_matvec,central_difference,1.0,0.0019917962667916496,0.28063980564453306,76116804.77404684,328.92398435477446,328.92775035757336,328.92420194450915,328.92796794730805,2,sparse_direct,not_applicable,1.9360753080098294e-16,2.323290369611795e-16,0.0017705000063870102,0.0028701999981421977,0.0,0.0,4.418515283341339e-05,4.4184958262880155e-05,4.278275814634134,4.278294654222068,1.8839587934138535e-05,0.0,1.1616451848058975e-16,1.1616451848058975e-16,True,0.005553499999223277,0.0,,
187,arpack_matvec,central_difference,1.0,0.0019917962667916496,0.23323489770896694,79078127.80887881,328.92398435477446,328.92789328276194,328.92405901932057,328.92796794730805,2,sparse_direct,not_applicable,1.5488602464078636e-16,1.5488602464078636e-16,0.002730899999733083,0.003577899988158606,0.0,0.0,4.4185213886196384e-05,4.4184897445512086e-05,4.278269903139724,4.278300542990307,3.063985058293639e-05,7.744301232039318e-17,0.0,7.744301232039318e-17,True,0.006702300001052208,0.0,,
188,arpack_matvec,central_difference,1.0,0.0019917962667916496,0.25079976408882987,89430140.72462481,328.924047125194,328.92796794730805,328.92398435477446,328.9279051768885,2,sparse_direct,not_applicable,3.097720492815727e-16,3.4849355544176928e-16,0.0024040999996941537,0.0029322999907890335,0.015625,0.0,4.418519720362078e-05,4.4184913932163845e-05,4.278271518444523,4.278298946634336,2.7428189812717108e-05,3.872150616019659e-17,7.744301232039318e-17,1.1616451848058975e-16,True,0.005739400003221817,0.015625,,
189,arpack_matvec,central_difference,1.0,0.0019917962667916496,0.2666294887091837,70358018.91408317,328.9241406467805,328.92796794730805,328.92398435477446,328.92781165530204,2,sparse_direct,not_applicable,2.323290369611795e-16,5.033795800825557e-16,0.002364899992244318,0.002717700001085177,0.0,0.0,4.418517077752921e-05,4.418494061269172e-05,4.278274077176173,4.278296363236628,2.2286060455734003e-05,0.0,0.0,0.0,True,0.005403899995144457,0.0,,
190,arpack_matvec,central_difference,1.0,0.0019917962667916496,0.29708208211841575,81446735.18901385,328.92452212830455,328.92796794730805,328.92398435477446,328.92743017377796,2,sparse_direct,not_applicable,1.9360753080098294e-16,1.5488602464078636e-16,0.0027452999929664657,0.0038038000056985766,0.0,0.015625,4.418514790820728e-05,4.418496329729963e-05,4.278276291522663,4.278294166754652,1.7875231988817575e-05,0.0,7.744301232039318e-17,7.744301232039318e-17,True,0.006893900004797615,0.015625,,
191,arpack_matvec,central_difference,1.0,0.0019917962667916496,0.20358496128997744,61666020.94993119,328.92423640967365,328.92796794730805,328.92398435477446,328.92771589240886,2,sparse_direct,not_applicable,1.5488602464078636e-16,1.5488602464078636e-16,0.0023413000017171726,0.0025045999936992303,0.0,0.0,4.4185214334543025e-05,4.418489742874431e-05,4.27826985972819,4.2783005446138835,3.06848856936881e-05,7.744301232039318e-17,1.1616451848058975e-16,3.872150616019659e-17,True,0.005122499991557561,0.0,,
192,arpack_matvec,central_difference,1.0,0.0019917962667916496,0.26422083714646205,86068561.88587548,328.9241413286176,328.927967947308,328.9239843547744,328.9278109734649,2,sparse_direct,not_applicable,2.323290369611795e-16,2.323290369611795e-16,0.0027709999994840473,0.0027502000011736527,0.0,0.0,4.418512725347702e-05,4.418498391280002e-05,4.278278291440921,4.2782921706200545,1.3879179133091668e-05,3.872150616019659e-17,0.0,3.872150616019659e-17,True,0.0059126999985892326,0.0,,
193,arpack_matvec,central_difference,1.0,0.0019917962667916496,0.2868438876290657,76070186.48110463,328.92398435477446,328.92752558464133,328.92442671744107,328.92796794730805,2,sparse_direct,not_applicable,1.9360753080098294e-16,1.5488602464078636e-16,0.005309499989380129,0.0032377999887103215,0.0,0.015625,4.418506626158523e-05,4.418504502287724e-05,4.278284197062632,4.2782862535328405,2.056470208344763e-06,7.744301232039318e-17,7.744301232039318e-17,1.5488602464078636e-16,True,0.009321399993496016,0.015625,,
194,arpack_matvec,central_difference,1.0,0.0019917962667916496,0.25971887627712575,74647136.46796903,328.92410655092067,328.927967947308,328.9239843547744,328.92784575116184,2,sparse_direct,not_applicable,2.323290369611795e-16,1.5488602464078636e-16,0.0032863000087672845,0.0024428000033367425,0.0,0.0,4.418503691747019e-05,4.418507426817708e-05,4.2782870383517295,4.27828342181271,3.6165390193687585e-06,3.872150616019659e-17,3.872150616019659e-17,0.0,True,0.006132299997261725,0.0,,
195,arpack_matvec,central_difference,1.0,0.0019917962667916496,0.18767512668314876,63094549.544797085,328.92398435477446,328.92796640478247,328.92398589730004,328.92796794730805,2,sparse_direct,not_applicable,1.9360753080098294e-16,1.9360753080098294e-16,0.0020995000086259097,0.002564199996413663,0.0,0.0,4.418494111955328e-05,4.418517033242512e-05,4.278296314158731,4.27827412027383,2.219388490143359e-05,0.0,0.0,0.0,True,0.005073099993751384,0.0,,
196,arpack_matvec,central_difference,1.0,0.0019917962667916496,0.2135039338912077,55768800.89641917,328.92398435477446,328.92776071447315,328.92419158760936,328.92796794730805,2,sparse_direct,not_applicable,3.097720492815727e-16,2.710505431213761e-16,0.0027960000006714836,0.002220499998657033,0.0,0.015625,4.418491654320868e-05,4.4185194777152e-05,4.2782986938143415,4.278271753389562,2.6940424779908767e-05,3.872150616019659e-17,3.872150616019659e-17,0.0,True,0.005394599997089244,0.015625,,
197,arpack_matvec,central_difference,1.0,0.0019917962667916496,0.2472315325918242,64130549.89124692,328.9243111077052,328.92796794730805,328.92398435477446,328.9276411943773,2,sparse_direct,not_applicable,1.3068508329066348e-16,1.9360753080098294e-16,0.004007499999715947,0.002087699991534464,0.0,0.0,4.418488460018199e-05,4.41852266833057e-05,4.278301786768202,4.278268664049381,3.31227188201666e-05,3.872150616019659e-17,3.872150616019659e-17,7.744301232039318e-17,True,0.006362599990097806,0.0,,
198,arpack_matvec,central_difference,1.0,0.0019917962667916496,0.2967487417849036,71640157.81996998,328.92443896987936,328.92796794730805,328.92398435477446,328.92751333220315,2,sparse_direct,not_applicable,2.710505431213761e-16,1.9360753080098294e-16,0.0025276999949710444,0.0021620000043185428,0.0,0.0,4.4184897947651615e-05,4.418521321042636e-05,4.278300494369535,4.278269968571716,3.052579781925857e-05,7.744301232039318e-17,3.872150616019659e-17,3.872150616019659e-17,True,0.004970499998307787,0.0,,
199,arpack_matvec,central_difference,1.0,0.0019917962667916496,0.2891440028973579,80869765.39227518,328.92433333261056,328.92796794730805,328.92398435477446,328.92761896947195,2,sparse_direct,not_applicable,2.710505431213761e-16,1.6940658945086007e-16,0.0027009000041289255,0.002090399997541681,0.015625,0.0,4.418484005293702e-05,4.418527119523249e-05,4.278306100160703,4.2782643541520695,4.174600863304789e-05,1.5488602464078636e-16,7.744301232039318e-17,2.323290369611795e-16,True,0.005090800012112595,0.015625,,
200,arpack_matvec,central_difference,1.0,0.0019917962667916496,0.312674036407613,94426394.2178561,328.9243982585116,328.92796794730805,328.92398435477446,328.9275540435708,2,sparse_direct,not_applicable,1.5488602464078636e-16,1.9360753080098294e-16,0.0033353000035276636,0.002075099997455254,0.0,0.0,4.418486078294344e-05,4.418525035266325e-05,4.278304092927651,4.2782663722468035,3.77206808472863e-05,3.872150616019659e-17,3.872150616019659e-17,7.744301232039318e-17,True,0.005745099988416769,0.0,,
201,arpack_matvec,central_difference,1.0,0.0019917962667916496,0.31684515980170624,93801916.06311873,328.9247150691429,328.92796794730805,328.92398435477446,328.9272372329396,2,sparse_direct,not_applicable,2.323290369611795e-16,1.9360753080098294e-16,0.002577999999630265,0.0023665000044275075,0.0,0.0,4.418480139702264e-05,4.4185309816380956e-05,4.2783098431182145,4.2782606146403745,4.922847783994655e-05,0.0,3.872150616019659e-17,3.872150616019659e-17,True,0.005246999993687496,0.0,,
202,arpack_matvec,central_difference,1.0,0.0019917962667916496,0.3147682305239132,99951834.09283398,328.92453775110727,328.92796794730805,328.92398435477446,328.92741455097524,2,sparse_direct,not_applicable,2.323290369611795e-16,4.2593656776216244e-16,0.002378099990892224,0.001976300001842901,0.015625,0.0,4.4184820025399766e-05,4.4185291129930606e-05,4.278308039377265,4.278262423964304,4.5615412960664514e-05,0.0,7.744301232039318e-17,7.744301232039318e-17,True,0.004686600004788488,0.015625,,
203,arpack_matvec,central_difference,1.0,0.0019917962667916496,0.24819319016433444,75987749.35988441,328.92443864149845,328.92796794730805,328.92398435477446,328.92751366058405,2,sparse_direct,not_applicable,1.1616451848058975e-16,1.5488602464078636e-16,0.0034103999932995066,0.001829200002248399,0.0,0.0,4.418477320171082e-05,4.418533822372107e-05,4.278312573205332,4.27825786408987,5.4709115461903934e-05,3.872150616019659e-17,7.744301232039318e-17,3.872150616019659e-17,True,0.005556799995247275,0.0,,
204,arpack_matvec,central_difference,1.0,0.0019917962667916496,0.25842453904184604,86732283.69504564,328.924089163593,328.92796794730805,328.92398435477446,328.9278631384895,2,sparse_direct,not_applicable,1.5488602464078636e-16,1.5488602464078636e-16,0.002753099994151853,0.002705300008528866,0.0,0.0,4.4184839149858876e-05,4.418527206077501e-05,4.278306187603472,4.278264270345418,4.1917258053914e-05,3.872150616019659e-17,0.0,3.872150616019659e-17,True,0.005782099993666634,0.0,,
205,arpack_matvec,central_difference,1.0,0.0019917962667916496,0.255959736425156,72880688.6233665,328.92398435477446,328.92784139697085,328.92411090511166,328.92796794730805,2,sparse_direct,not_applicable,4.2593656776216244e-16,1.5730611877579863e-16,0.0021948000066913664,0.0026079999952344224,0.015625,0.0,4.4184883269048745e-05,4.418522814966658e-05,4.278301915658204,4.2782685220678625,3.3393590341823653e-05,3.872150616019659e-17,7.744301232039318e-17,1.1616451848058975e-16,True,0.005116900007124059,0.015625,,
206,arpack_matvec,central_difference,1.0,0.0019917962667916496,0.23691038263707156,78825593.57291058,328.92398435477446,328.9278738185228,328.9240784835597,328.92796794730805,2,sparse_direct,not_applicable,2.710505431213761e-16,2.710505431213761e-16,0.0034438000002410263,0.0018697999912546948,0.0,0.0,4.418497183010871e-05,4.418513939969479e-05,4.278293340549138,4.278277115369045,1.6225180092810376e-05,3.872150616019659e-17,7.744301232039318e-17,1.1616451848058975e-16,True,0.005644800010486506,0.0,,
207,arpack_matvec,central_difference,1.0,0.0019917962667916496,0.24055063898162024,68799241.76064447,328.92401568480085,328.92796794730805,328.92398435477446,328.92793661728166,2,sparse_direct,not_applicable,1.5488602464078636e-16,1.5488602464078636e-16,0.0027378999948268756,0.003489200011244975,0.0,0.015625,4.418512909980831e-05,4.418498231237796e-05,4.278278112667674,4.278292325583863,1.4212916189748626e-05,7.744301232039318e-17,7.744301232039318e-17,0.0,True,0.006635500001721084,0.015625,,
208,arpack_matvec,central_difference,1.0,0.0019917962667916496,0.27711838072569905,73584748.04363953,328.92424570648615,328.927967947308,328.9239843547744,328.92770659559636,2,sparse_direct,not_applicable,1.9360753080098294e-16,2.323290369611795e-16,0.0024839999969117343,0.0027425999869592488,0.0,0.0,4.418517025937692e-05,4.4184940879108676e-05,4.278274127346796,4.278296337440267,2.22100934710312e-05,3.872150616019659e-17,0.0,3.872150616019659e-17,True,0.005572399997618049,0.0,,
209,arpack_matvec,central_difference,1.0,0.0019917962667916496,0.28680978477179403,67305910.92935587,328.92456923250745,328.92796794730805,328.92398435477446,328.92738306957494,2,sparse_direct,not_applicable,1.9360753080098294e-16,1.9360753080098294e-16,0.0033279999915976077,0.001930400001583621,0.0,0.0,4.418528300534274e-05,4.418482831624913e-05,4.278263210631643,4.2783072365947525,4.402596310981721e-05,3.872150616019659e-17,1.1616451848058975e-16,1.5488602464078636e-16,True,0.005571800007601269,0.0,,
210,arpack_matvec,central_difference,1.0,0.0019917962667916496,0.2990535392886454,82294749.42648844,328.9246826824639,328.92796794730805,328.92398435477446,328.92726961961847,2,sparse_direct,not_applicable,1.9360753080098294e-16,1.5488602464078636e-16,0.002823599992552772,0.00195789999270346,0.015625,0.0,4.418530092836705e-05,4.4184810148227023e-05,4.278261475226114,4.278308995759954,4.752053383949573e-05,1.1616451848058975e-16,7.744301232039318e-17,1.9360753080098294e-16,True,0.005102299997815862,0.015625,,
211,arpack_matvec,central_difference,1.0,0.0019917962667916496,0.27256128374159094,81829404.1348309,328.9245801335688,328.92796794730805,328.92398435477446,328.9273721685137,2,sparse_direct,not_applicable,1.9360753080098294e-16,2.323290369611795e-16,0.0027704999956768006,0.0026304000057280064,0.0,0.0,4.418551853560832e-05,4.418459261235329e-05,4.27824040541166,4.278330059339598,8.965392793758298e-05,3.872150616019659e-17,1.5488602464078636e-16,1.9360753080098294e-16,True,0.00578569999197498,0.0,,
212,arpack_matvec,central_difference,1.0,0.0019917962667916496,0.2707694287896705,90698614.78556818,328.92435495753153,328.92796794730805,328.92398435477446,328.927597344551,2,sparse_direct,not_applicable,1.9360753080098294e-16,1.9360753080098294e-16,0.002740700001595542,0.0025451999972574413,0.0,0.0,4.418555009272303e-05,4.418456094989509e-05,4.278237349912228,4.278333125171728,9.577525950010823e-05,0.0,0.0,0.0,True,0.005607800005236641,0.0,,
213,arpack_matvec,central_difference,1.0,0.0019917962667916496,0.3322347376101688,82314245.77652967,328.9245216707769,328.92796794730805,328.92398435477446,328.9274306313056,2,sparse_direct,not_applicable,1.1616451848058975e-16,1.5488602464078636e-16,0.0030337999924086034,0.0032470000005559996,0.015625,0.0,4.4185364067263544e-05,4.418474708058132e-05,4.278255361783027,4.27831510245726,5.9740674232422464e-05,0.0,3.872150616019659e-17,3.872150616019659e-17,True,0.00665830000070855,0.015625,,
214,arpack_matvec,central_difference,1.0,0.0019917962667916496,0.2871929133961289,65089942.09493263,328.9242823187176,328.927967947308,328.9239843547744,328.9276699833649,2,sparse_direct,not_applicable,3.097720492815727e-16,1.5488602464078636e-16,0.0026988999888999388,0.003321299998788163,0.0,0.0,4.418536013880321e-05,4.4184751117893796e-05,4.278255742156898,4.278314711532913,5.896937601512775e-05,3.872150616019659e-17,0.0,3.872150616019659e-17,True,0.006401899998309091,0.0,,
215,arpack_matvec,central_difference,1.0,0.0019917962667916496,0.2187541975370691,70201638.32879555,328.92398435477446,328.92783836245127,328.92411393963124,328.92796794730805,2,sparse_direct,not_applicable,3.097720492815727e-16,1.5488602464078636e-16,0.0019125000108033419,0.0024582999903941527,0.0,0.015625,4.4185396182355766e-05,4.418471525940059e-05,4.278252252236042,4.278318183636742,6.593140069988124e-05,3.872150616019659e-17,7.744301232039318e-17,3.872150616019659e-17,True,0.004677900011301972,0.015625,,
216,arpack_matvec,central_difference,1.0,0.0019917962667916496,0.2164695785419402,70730538.04772218,328.92398435477446,328.927888278774,328.9240640233085,328.92796794730805,2,sparse_direct,not_applicable,4.2593656776216244e-16,2.710505431213761e-16,0.002290100004756823,0.0026829999987967312,0.0,0.0,4.418537087899705e-05,4.418474055828812e-05,4.278254702235879,4.278315733997133,6.103176125460408e-05,7.744301232039318e-17,7.744301232039318e-17,0.0,True,0.005299299999023788,0.0,,
217,arpack_matvec,central_difference,1.0,0.0019917962667916496,0.216244693006623,64254949.20843989,328.9240617696532,328.92796794730805,328.92398435477446,328.92789053242933,2,sparse_direct,not_applicable,2.323290369611795e-16,1.9360753080098294e-16,0.002528899989556521,0.003634699998656288,0.0,0.0,4.418530649700046e-05,4.418480491091484e-05,4.278260936040767,4.278309502876368,4.8566835601171476e-05,3.872150616019659e-17,3.872150616019659e-17,7.744301232039318e-17,True,0.006655599994701333,0.0,,
218,arpack_matvec,central_difference,1.0,0.0019917962667916496,0.24718233753290414,72726028.76894684,328.9239843547745,328.9278795093842,328.9240727926983,328.9279679473081,2,sparse_direct,not_applicable,1.9360753080098294e-16,3.097720492815727e-16,0.0025082999927690253,0.003034599998500198,0.015625,0.0,4.418521013893554e-05,4.4184901080328804e-05,4.278270265971387,4.278300191041158,2.9925069770619928e-05,3.872150616019659e-17,0.0,3.872150616019659e-17,True,0.006177200004458427,0.015625,,
219,arpack_matvec,central_difference,1.0,0.0019917962667916496,0.3013454626604438,101547236.06040826,328.92445548308075,328.92796794730805,328.92398435477446,328.92749681900176,2,sparse_direct,not_applicable,1.5488602464078636e-16,3.872150616019659e-16,0.002772399995592423,0.003042900003492832,0.0,0.0,4.418509586164164e-05,4.4185015296662454e-05,4.2782813309954415,4.278289131822127,7.800826685055995e-06,7.744301232039318e-17,1.1616451848058975e-16,3.872150616019659e-17,True,0.00625090001267381,0.0,,
220,arpack_matvec,central_difference,1.0,0.0019917962667916496,0.24443704118094545,78341269.55559644,328.9244615077089,328.92796794730805,328.92398435477446,328.9274907943736,2,sparse_direct,not_applicable,2.323290369611795e-16,1.9360753080098294e-16,0.004667499990318902,0.008818399990559556,0.0,0.0,4.418505939948999e-05,4.418505199597794e-05,4.2782848614952265,4.27828557835154,7.168563138648665e-07,1.5488602464078636e-16,7.744301232039318e-17,7.744301232039318e-17,True,0.01499389999662526,0.015625,,
221,arpack_matvec,central_difference,1.0,0.0019917962667916496,0.22093804981684415,69314877.31527695,328.92399796729035,328.92796794730805,328.92398435477446,328.92795433479216,2,sparse_direct,not_applicable,1.1616451848058975e-16,2.323290369611795e-16,0.009666900004958734,0.0056539000070188195,0.0,0.0,4.418495922193715e-05,4.418515226593991e-05,4.278294561359508,4.2782758695803755,1.8691779132495867e-05,3.872150616019659e-17,3.872150616019659e-17,0.0,True,0.01755609999236185,0.0,,
222,arpack_matvec,central_difference,1.0,0.0019917962667916496,0.2688989177138663,63571313.84596597,328.92398435477446,328.92754365875373,328.9244086433288,328.92796794730805,2,sparse_direct,not_applicable,1.5488602464078636e-16,2.710505431213761e-16,0.003985599993029609,0.002885900001274422,0.0,0.0,4.4184937665925945e-05,4.4185173576981935e-05,4.278296648563211,4.278273806116334,2.2842446877113787e-05,3.872150616019659e-17,3.872150616019659e-17,0.0,True,0.007487799986847676,0.0,,
223,arpack_matvec,central_difference,1.0,0.0019917962667916496,0.2650200960170778,59925460.21373219,328.9244313277013,328.92796794730805,328.92398435477446,328.9275209743812,2,sparse_direct,not_applicable,1.9360753080098294e-16,1.5488602464078636e-16,0.0024889000051189214,0.004442400007974356,0.0,0.0,4.418482811153069e-05,4.4185283093623404e-05,4.278307256417131,4.278263202083821,4.4054333310228344e-05,3.872150616019659e-17,3.872150616019659e-17,0.0,True,0.007368899998255074,0.0,,
224,arpack_matvec,central_difference,1.0,0.0019917962667916496,0.2389241470549878,60130226.53258993,328.92398435477446,328.9279366158713,328.9240156862112,328.92796794730805,2,sparse_direct,not_applicable,1.9360753080098294e-16,2.710505431213761e-16,0.004989699998986907,0.0022544999956153333,0.0,0.0,4.418477561120491e-05,4.418533565425666e-05,4.278312339899431,4.278258112879002,5.422702042867655e-05,7.744301232039318e-17,3.872150616019659e-17,1.1616451848058975e-16,True,0.007843100000172853,0.0,,
225,arpack_matvec,central_difference,1.0,0.0019917962667916496,0.2319311210141283,54941544.340331845,328.92411843742207,328.92796794730805,328.92398435477446,328.92783386466033,2,sparse_direct,not_applicable,1.5488602464078636e-16,1.9360753080098294e-16,0.003544299994246103,0.002936099990620278,0.0,0.0,4.418473700079736e-05,4.418537446491146e-05,4.278316078461529,4.278254355029243,6.172343228616484e-05,3.872150616019659e-17,7.744301232039318e-17,3.872150616019659e-17,True,0.006975899988901801,0.0,,
226,arpack_matvec,central_difference,1.0,0.0019917962667916496,0.23556350749937308,69543424.94440772,328.92398435477446,328.92781482067437,328.92413748140814,328.92796794730805,2,sparse_direct,not_applicable,2.323290369611795e-16,1.5488602464078636e-16,0.002904499997384846,0.0034339999983785674,0.0,0.015625,4.418475207530328e-05,4.418535917069095e-05,4.2783146188290075,4.2782558358945515,5.878293445604754e-05,3.872150616019659e-17,0.0,3.872150616019659e-17,True,0.006770299994968809,0.015625,,
227,arpack_matvec,central_difference,1.0,0.0019917962667916496,0.24092338351986725,67850517.4917249,328.9239843547744,328.92760236040914,328.92434994167337,328.927967947308,2,sparse_direct,not_applicable,3.872150616019659e-16,2.323290369611795e-16,0.002577300008852035,0.0027788000006694347,0.0,0.0,4.4184674852368977e-05,4.418543643735388e-05,4.278322096172903,4.278248354548246,7.374162465634271e-05,0.0,3.872150616019659e-17,3.872150616019659e-17,True,0.005798700003651902,0.0,,
228,arpack_matvec,central_difference,1.0,0.0019917962667916496,0.2776254946492502,75169909.9720276,328.92398435477446,328.92732222404845,328.92463007803394,328.92796794730805,2,sparse_direct,not_applicable,1.5488602464078636e-16,1.2584489502063891e-16,0.0028600000077858567,0.002824800001690164,0.0,0.0,4.418476131468813e-05,4.418534980763525e-05,4.27831372419941,4.278256742474399,5.698172501045207e-05,3.872150616019659e-17,0.0,3.872150616019659e-17,True,0.00608500000089407,0.0,,
229,arpack_matvec,central_difference,1.0,0.0019917962667916496,0.26963289912908034,66524601.84899866,328.92398435477446,328.92726466484766,328.92468763723485,328.92796794730805,2,sparse_direct,not_applicable,1.5488602464078636e-16,1.9360753080098294e-16,0.00380480001331307,0.0020332999993115664,0.015625,0.0,4.418473590941131e-05,4.418537537093022e-05,4.27831618413817,4.278254267303867,6.19168343032328e-05,0.0,0.0,0.0,True,0.006220099996426143,0.015625,,
230,arpack_matvec,central_difference,1.0,0.0019917962667916496,0.2648974285414153,84648595.79398789,328.92398435477446,328.92772269993,328.9242296021524,328.92796794730805,2,sparse_direct,not_applicable,1.5488602464078636e-16,3.097720492815727e-16,0.0033842000120785087,0.0031349999917438254,0.0,0.0,4.4184749152053464e-05,4.418536202329637e-05,4.278314901881027,4.278255559690504,5.934219052239342e-05,3.872150616019659e-17,0.0,3.872150616019659e-17,True,0.007001699996180832,0.0,,
231,arpack_matvec,central_difference,1.0,0.0019917962667916496,0.26228423989672184,66101034.24565231,328.92412313892856,328.92796794730805,328.92398435477446,328.92782916315394,2,sparse_direct,not_applicable,1.5488602464078636e-16,1.1616451848058975e-16,0.0028342000005068257,0.004365200002212077,0.0,0.0,4.418463994748877e-05,4.41854713236316e-05,4.278325475951949,4.278244976692228,8.049925972031247e-05,1.5488602464078636e-16,1.1616451848058975e-16,2.710505431213761e-16,True,0.00763540000480134,0.015625,,
232,arpack_matvec,central_difference,1.0,0.0019917962667916496,0.226300668069936,73649908.47208257,328.92398435477446,328.92788942050043,328.9240628815821,328.92796794730805,2,sparse_direct,not_applicable,1.1616451848058975e-16,3.4849355544176928e-16,0.002974000002723187,0.0030178000015439466,0.0,0.0,4.4184603531264335e-05,4.41855077896806e-05,4.278329002077529,4.27824144588091,8.755619661826586e-05,3.872150616019659e-17,3.872150616019659e-17,0.0,True,0.006650299998000264,0.0,,
233,arpack_matvec,central_difference,1.0,0.0019917962667916496,0.25902983424328135,56399778.72089923,328.92398435477446,328.9277891155271,328.9241631865554,328.92796794730805,2,sparse_direct,not_applicable,1.5488602464078636e-16,2.710505431213761e-16,0.0023096999939298257,0.0032918000069912523,0.0,0.015625,4.418475839726924e-05,4.418535298133392e-05,4.278314006686713,4.278256435180311,5.757150640217645e-05,3.872150616019659e-17,7.744301232039318e-17,3.872150616019659e-17,True,0.005891200009500608,0.015625,,
234,arpack_matvec,central_difference,1.0,0.0019917962667916496,0.24994045615967164,73661425.30414228,328.92398435477446,328.9276504606775,328.924301841405,328.92796794730805,2,sparse_direct,not_applicable,2.323290369611795e-16,1.9360753080098294e-16,0.002163900004234165,0.002596799997263588,0.0,0.0,4.418482675580872e-05,4.4185284484709544e-05,4.278307387688328,4.278263067391181,4.4320297147848464e-05,0.0,7.744301232039318e-17,7.744301232039318e-17,True,0.0051995999965583906,0.0,,
235,arpack_matvec,central_difference,1.0,0.0019917962667916496,0.20934656931709258,62043945.14347495,328.92398435477446,328.9279323652619,328.9240199368206,328.92796794730805,2,sparse_direct,not_applicable,1.476257422357495e-16,1.9360753080098294e-16,0.0031673000048613176,0.002514399995561689,0.0,0.0,4.418464024805622e-05,4.418547126321102e-05,4.278325446848501,4.278244982542432,8.046430606878374e-05,1.5488602464078636e-16,3.872150616019659e-17,1.1616451848058975e-16,True,0.006004999988363124,0.0,,
236,arpack_matvec,central_difference,1.0,0.0019917962667916496,0.24300193084107238,72988975.4925009,328.92398435477446,328.92773309660816,328.92421920547423,328.92796794730805,2,sparse_direct,not_applicable,1.5488602464078636e-16,1.9360753080098294e-16,0.0029995999939274043,0.002179599992814474,0.015625,0.0,4.418471993762855e-05,4.418539138407078e-05,4.2783177306532725,4.278252716830174,6.50138230984254e-05,3.872150616019659e-17,1.5488602464078636e-16,1.1616451848058975e-16,True,0.005511399998795241,0.015625,,
237,arpack_matvec,central_difference,1.0,0.0019917962667916496,0.28787761484608615,62412784.681954816,328.92460560005304,328.92796794730805,328.92398435477446,328.92734670202947,2,sparse_direct,not_applicable,1.9360753080098294e-16,1.8876734253095837e-16,0.0034479000023566186,0.0019480999908410013,0.0,0.0,4.418480843762178e-05,4.418530292790377e-05,4.278309161393755,4.278261281620088,4.7879773667602876e-05,1.1616451848058975e-16,7.744301232039318e-17,3.872150616019659e-17,True,0.005800899991299957,0.0,,
238,arpack_matvec,central_difference,1.0,0.0019917962667916496,0.2520389103624714,84922482.82465333,328.92398435477446,328.9278654969027,328.9240868051798,328.92796794730805,2,sparse_direct,not_applicable,1.5488602464078636e-16,2.323290369611795e-16,0.0031684999994467944,0.0029460000077961013,0.0,0.015625,4.418492811071077e-05,4.418518327712988e-05,4.278297573766596,4.278272866889973,2.4706876622815344e-05,0.0,7.744301232039318e-17,7.744301232039318e-17,True,0.00657159999536816,0.015625,,
239,arpack_matvec,central_difference,1.0,0.0019917962667916496,0.26926271192676093,73003885.9675003,328.92428858225065,328.92796794730805,328.92398435477446,328.92766371983174,2,sparse_direct,not_applicable,2.710505431213761e-16,1.1616451848058975e-16,0.0018592999986140057,0.0028307000029599294,0.0,0.0,4.418498512304508e-05,4.418512615699996e-05,4.278292053435858,4.27827839760864,1.365582721835068e-05,0.0,7.744301232039318e-17,7.744301232039318e-17,True,0.004993299997295253,0.0,,
240,arpack_matvec,central_difference,1.0,0.0019917962667916496,0.19482921071003964,57192521.42804722,328.92398435477446,328.927473917483,328.9244783845995,328.92796794730805,2,sparse_direct,not_applicable,1.9360753080098294e-16,1.5488602464078636e-16,0.0032330000103684142,0.003000099997734651,0.0,0.0,4.4185066393529805e-05,4.418504484887621e-05,4.278284184286904,4.278286270380764,2.0860938594324807e-06,7.744301232039318e-17,1.9360753080098294e-16,1.1616451848058975e-16,True,0.006580999994184822,0.0,,
241,arpack_matvec,central_difference,1.0,0.0019917962667916496,0.2485186366112938,59195586.06894794,328.92398435477446,328.92738794069214,328.92456436139037,328.92796794730805,2,sparse_direct,not_applicable,2.323290369611795e-16,2.323290369611795e-16,0.002964799990877509,0.002888199989683926,0.0,0.015625,4.418510367925478e-05,4.4185007458375305e-05,4.278280574044669,4.278289890777724,9.316733054376414e-06,0.0,7.744301232039318e-17,7.744301232039318e-17,True,0.006277299995417707,0.015625,,
242,arpack_matvec,central_difference,1.0,0.0019917962667916496,0.2993864207766133,82415974.56560169,328.9243795831864,328.92796794730805,328.92398435477446,328.9275727188961,2,sparse_direct,not_applicable,1.9360753080098294e-16,1.5488602464078636e-16,0.0022394999978132546,0.002531500009354204,0.0,0.0,4.41851504360495e-05,4.418496071620657e-05,4.278276046761531,4.2782944166739725,1.8369912441862368e-05,7.744301232039318e-17,0.0,7.744301232039318e-17,True,0.0051466999866534024,0.0,,
243,arpack_matvec,central_difference,1.0,0.0019917962667916496,0.3055136687712717,81909224.71009748,328.92475260515494,328.92796794730805,328.92398435477446,328.92719969692746,2,sparse_direct,not_applicable,1.9360753080098294e-16,2.710505431213761e-16,0.002413099995465018,0.0023838000051910058,0.0,0.0,4.418521082587883e-05,4.418490046172512e-05,4.278270199457524,4.278300250938821,3.0051481296311522e-05,1.1616451848058975e-16,0.0,1.1616451848058975e-16,True,0.005261899990728125,0.0,,
244,arpack_matvec,central_difference,1.0,0.0019917962667916496,0.292264153543716,63710796.59606821,328.9245904008946,328.92796794730805,328.92398435477446,328.9273619011879,2,sparse_direct,not_applicable,1.1616451848058975e-16,3.097720492815727e-16,0.003080099995713681,0.00256690000242088,0.015625,0.0,4.4185335343153675e-05,4.418477584015332e-05,4.27825814300164,4.2783123177308715,5.417472923152644e-05,3.872150616019659e-17,3.872150616019659e-17,0.0,True,0.006077099998947233,0.015625,,
245,arpack_matvec,central_difference,1.0,0.0019917962667916496,0.27448075669713906,71139852.65484844,328.9245106125817,328.92796794730805,328.92398435477446,328.9274416895007,2,sparse_direct,not_applicable,3.097720492815727e-16,1.5488602464078636e-16,0.002864800000679679,0.0036106000043218955,0.0,0.0,4.4185387602249116e-05,4.418472352893365e-05,4.278253083005276,4.278317382914437,6.429990916156925e-05,0.0,3.872150616019659e-17,3.872150616019659e-17,True,0.006895700003951788,0.0,,
246,arpack_matvec,central_difference,1.0,0.0019917962667916496,0.30446572122013277,73908235.49247278,328.9247722473961,328.92796794730805,328.92398435477446,328.9271800546863,2,sparse_direct,not_applicable,2.710505431213761e-16,2.323290369611795e-16,0.0026504999987082556,0.002935800002887845,0.0,0.015625,4.41853581049365e-05,4.418475304710542e-05,4.278255939086432,4.278314524731496,5.858564506411312e-05,0.0,3.872150616019659e-17,3.872150616019659e-17,True,0.005929999999352731,0.015625,,
247,arpack_matvec,central_difference,1.0,0.0019917962667916496,0.30538878970244215,78995625.3107079,328.9247384550496,328.92796794730805,328.92398435477446,328.92721384703293,2,sparse_direct,not_applicable,1.9360753080098294e-16,1.9360753080098294e-16,0.0024892999936128035,0.0026670999941416085,0.0,0.0,4.418534633859119e-05,4.4184764831528754e-05,4.27825707836542,4.278313383671457,5.630530603717432e-05,0.0,3.872150616019659e-17,3.872150616019659e-17,True,0.005501699997694232,0.0,,
248,arpack_matvec,central_difference,1.0,0.0019917962667916496,0.2221755456252361,67881947.33018215,328.924312639963,328.92796794730805,328.92398435477446,328.92763966211953,2,sparse_direct,not_applicable,3.097720492815727e-16,2.323290369611795e-16,0.0034669000015128404,0.002243599999928847,0.0,0.0,4.4185539414054966e-05,4.4184571994036075e-05,4.278238383867616,4.2783320557822995,9.36719146835685e-05,7.744301232039318e-17,1.1616451848058975e-16,1.9360753080098294e-16,True,0.0061150999972596765,0.0,,
249,arpack_matvec,central_difference,1.0,0.0019917962667916496,0.23641906961998763,85471953.46813594,328.92398435477446,328.92794915799607,328.92400314408644,328.92796794730805,2,sparse_direct,not_applicable,2.323290369611795e-16,3.4849355544176928e-16,0.002706300001591444,0.0019287000031908974,0.015625,0.0,4.418546962740535e-05,4.418464161217471e-05,4.278245140928831,4.2783253147631735,8.017383434211212e-05,3.872150616019659e-17,1.1616451848058975e-16,1.5488602464078636e-16,True,0.004943599997204728,0.015625,,
250,arpack_matvec,central_difference,1.0,0.0019917962667916496,0.2541355690686886,66521446.07066913,328.9239843547745,328.9277023213117,328.9242499807708,328.9279679473081,2,sparse_direct,not_applicable,2.710505431213761e-16,2.323290369611795e-16,0.002730599997448735,0.002791899998555891,0.0,0.0,4.4185427833727855e-05,4.4184683426671655e-05,4.278249187593228,4.278321265938854,7.207834562628079e-05,3.872150616019659e-17,7.744301232039318e-17,1.1616451848058975e-16,True,0.005943199998000637,0.0,,
251,arpack_matvec,central_difference,1.0,0.0019917962667916496,0.22589127638952164,66556103.217143275,328.92398435477446,328.92782933965924,328.92412296242327,328.92796794730805,2,sparse_direct,not_applicable,1.9360753080098294e-16,1.9360753080098294e-16,0.003538100005243905,0.00207939998654183,0.0,0.0,4.4185482458548865e-05,4.418462895273263e-05,4.278243898557483,4.278326540556233,8.264199875007705e-05,3.872150616019659e-17,1.1616451848058975e-16,1.5488602464078636e-16,True,0.005991199999698438,0.0,,
252,arpack_matvec,central_difference,1.0,0.0019917962667916496,0.27479713006529066,60976122.56326853,328.9246979278368,328.92796794730805,328.92398435477446,328.9272543742457,2,sparse_direct,not_applicable,1.5488602464078636e-16,1.9360753080098294e-16,0.0026416000036988407,0.0024363999982597306,0.015625,0.0,4.418528128554638e-05,4.418483002123648e-05,4.278263377151834,4.278307071505067,4.369435323248183e-05,0.0,7.744301232039318e-17,7.744301232039318e-17,True,0.00533670000731945,0.015625,,
253,arpack_matvec,central_difference,1.0,0.0019917962667916496,0.2690341646661606,66954958.81708811,328.9244882698543,328.92796794730805,328.92398435477446,328.9274640322281,2,sparse_direct,not_applicable,1.5488602464078636e-16,1.5488602464078636e-16,0.0027375999925425276,0.002806300006341189,0.0,0.0,4.418519168277029e-05,4.4184919629781224e-05,4.278272053005912,4.278298394950399,2.6341944487029423e-05,0.0,3.872150616019659e-17,3.872150616019659e-17,True,0.005950599996140227,0.0,,
254,arpack_matvec,central_difference,1.0,0.0019917962667916496,0.23735743076920182,68446423.59686238,328.92398435477446,328.9275943921347,328.9243579099478,328.92796794730805,2,sparse_direct,not_applicable,1.9360753080098294e-16,1.9360753080098294e-16,0.003107500000623986,0.0026434000028530136,0.0,0.015625,4.418502664863141e-05,4.418508481329312e-05,4.278288032648739,4.278282400766914,5.631881824896823e-06,7.744301232039318e-17,1.1616451848058975e-16,3.872150616019659e-17,True,0.0060877000069012865,0.015625,,
255,arpack_matvec,central_difference,1.0,0.0019917962667916496,0.2514982468251634,84954375.90993576,328.9241377583994,328.92796794730805,328.92398435477446,328.9278145436831,2,sparse_direct,not_applicable,2.323290369611795e-16,1.5488602464078636e-16,0.001774400006979704,0.0027950000076089054,0.0,0.0,4.418495150034429e-05,4.418515975218788e-05,4.278295309017877,4.278275144716321,2.0164301555603004e-05,3.872150616019659e-17,3.872150616019659e-17,7.744301232039318e-17,True,0.004925700006424449,0.0,,
256,arpack_matvec,central_difference,1.0,0.0019917962667916496,0.2236903399909611,73118202.57885075,328.92423503097825,328.92796794730805,328.92398435477446,328.92771727110426,2,sparse_direct,not_applicable,2.323290369611795e-16,2.710505431213761e-16,0.0028550999995786697,0.0027433000068413094,0.0,0.0,4.4184820540838417e-05,4.418529085836288e-05,4.278307989468602,4.278262450258982,4.553920962013791e-05,3.872150616019659e-17,0.0,3.872150616019659e-17,True,0.0060061999975005165,0.0,,
257,arpack_matvec,central_difference,1.0,0.0019917962667916496,0.21170181648688025,72797259.23358616,328.92398435477446,328.927923377496,328.92402892458654,328.92796794730805,2,sparse_direct,not_applicable,2.323290369611795e-16,2.710505431213761e-16,0.005553700000746176,0.0030560000013792887,0.0,0.0,4.418477039372194e-05,4.418534101937588e-05,4.278312845096619,4.278257593399819,5.5251696799984984e-05,7.744301232039318e-17,3.872150616019659e-17,3.872150616019659e-17,True,0.009401400006026961,0.0,,
258,arpack_matvec,central_difference,1.0,0.0019917962667916496,0.2913207503360375,69979868.9486737,328.92462071841584,328.927967947308,328.9239843547744,328.92733158366667,2,sparse_direct,not_applicable,2.323290369611795e-16,1.9360753080098294e-16,0.004422199999680743,0.0028123000083724037,0.015625,0.0,4.418489945080219e-05,4.418521180964804e-05,4.27830034882366,4.278270104203245,3.0244620415231793e-05,3.872150616019659e-17,1.1616451848058975e-16,7.744301232039318e-17,True,0.007719000001088716,0.015625,,
259,arpack_matvec,central_difference,1.0,0.0019917962667916496,0.25403439966353064,59873433.62812653,328.9243936148709,328.92796794730805,328.92398435477446,328.9275586872116,2,sparse_direct,not_applicable,2.323290369611795e-16,2.323290369611795e-16,0.0033334000036120415,0.003129599994281307,0.0,0.0,4.4184923377569985e-05,4.4185188005540936e-05,4.278298032062848,4.278272409057075,2.5623005773134366e-05,7.744301232039318e-17,1.9360753080098294e-16,1.1616451848058975e-16,True,0.006940999999642372,0.0,,
260,arpack_matvec,central_difference,1.0,0.0019917962667916496,0.20526637312616264,56443283.66304964,328.92398435477446,328.9275651800084,328.9243871220741,328.92796794730805,2,sparse_direct,not_applicable,1.5488602464078636e-16,2.323290369611795e-16,0.0027621000044746324,0.002937099998234771,0.015625,0.0,4.418497154218782e-05,4.418514006131763e-05,4.278293368427622,4.2782770513066515,1.6317120970832377e-05,3.872150616019659e-17,1.1616451848058975e-16,7.744301232039318e-17,True,0.006141499994555488,0.015625,,
261,arpack_matvec,central_difference,1.0,0.0019917962667916496,0.2343444000190843,62278721.94160543,328.92398435477446,328.92733581524845,328.92461648683405,328.92796794730805,2,sparse_direct,not_applicable,2.323290369611795e-16,2.323290369611795e-16,0.0025215999921783805,0.0030113999964669347,0.0,0.0,4.4185023621253165e-05,4.4185087707050035e-05,4.278288325779648,4.278282120574887,6.205204760689753e-06,3.872150616019659e-17,7.744301232039318e-17,3.872150616019659e-17,True,0.005927499994868413,0.0,,
262,arpack_matvec,central_difference,1.0,0.0019917962667916496,0.26969606863882034,65156827.272840984,328.92398435477446,328.92752531796276,328.92442698411975,328.92796794730805,2,sparse_direct,not_applicable,3.097720492815727e-16,1.9360753080098294e-16,0.002861699991626665,0.0027489999920362607,0.0,0.015625,4.418509043828044e-05,4.418502083233503e-05,4.278281856119748,4.278288595821297,6.739701548852395e-06,3.872150616019659e-17,3.872150616019659e-17,7.744301232039318e-17,True,0.006015799997840077,0.015625,,
263,arpack_matvec,central_difference,1.0,0.0019917962667916496,0.2906185074387888,76027805.93258005,328.92398435477446,328.92749897250377,328.92445332957874,328.92796794730805,2,sparse_direct,not_applicable,2.710505431213761e-16,1.5488602464078636e-16,0.001832299996749498,0.00303209999401588,0.0,0.0,4.418511341369932e-05,4.418499778184569e-05,4.278279631494526,4.278290827724672,1.1196230145671393e-05,3.872150616019659e-17,0.0,3.872150616019659e-17,True,0.005189099989365786,0.0,,
264,arpack_matvec,central_difference,1.0,0.0019917962667916496,0.22301797508534602,71504384.98846413,328.9241993873602,328.92796794730805,328.92398435477446,328.9277529147224,2,sparse_direct,not_applicable,2.323290369611795e-16,1.5488602464078636e-16,0.0028798999992432073,0.0028661999967880547,0.0,0.0,4.4185221109789486e-05,4.4184890291701136e-05,4.278269203709457,4.278301235674006,3.2031964549261716e-05,7.744301232039318e-17,3.872150616019659e-17,3.872150616019659e-17,True,0.006097500008763745,0.0,,
265,arpack_matvec,central_difference,1.0,0.0019917962667916496,0.22238490483205556,62159234.43732256,328.92433077313495,328.92796794730805,328.92398435477446,328.92762152894755,2,sparse_direct,not_applicable,3.097720492815727e-16,1.9360753080098294e-16,0.0028386999911163002,0.0024373999913223088,0.015625,0.0,4.418526115112076e-05,4.418485009387505e-05,4.2782653266791995,4.278305127922337,3.980124313773814e-05,0.0,1.1616451848058975e-16,1.1616451848058975e-16,True,0.0056730000069364905,0.015625,,
266,arpack_matvec,central_difference,1.0,0.0019917962667916496,0.3260243966274467,64005614.38125962,328.92449319675757,328.92796794730805,328.92398435477446,328.92745910532494,2,sparse_direct,not_applicable,1.5488602464078636e-16,3.4849355544176928e-16,0.003211700008250773,0.0022427999938372523,0.0,0.0,4.4185243338702715e-05,4.418486778871551e-05,4.278267051378323,4.278303414577238,3.6363198914202144e-05,7.744301232039318e-17,0.0,7.744301232039318e-17,True,0.005736900013289414,0.0,,
267,arpack_matvec,central_difference,1.0,0.0019917962667916496,0.28753032892557406,59670954.47890462,328.9243119484215,328.92796794730805,328.92398435477446,328.927640353661,2,sparse_direct,not_applicable,2.323290369611795e-16,2.710505431213761e-16,0.002283299996634014,0.0028628000000026077,0.0,0.0,4.418529026820736e-05,4.418482091703377e-05,4.27826250740108,4.278307953042527,4.544564144737251e-05,3.872150616019659e-17,1.1616451848058975e-16,1.5488602464078636e-16,True,0.005491300005814992,0.0,,
268,arpack_matvec,central_difference,1.0,0.0019917962667916496,0.22370829259243522,55748490.89278011,328.92416413273753,328.92796794730805,328.92398435477446,328.927788169345,2,sparse_direct,not_applicable,1.2584489502063891e-16,3.097720492815727e-16,0.002641999992192723,0.0026848999987123534,0.015625,0.0,4.4185467340334215e-05,4.418464398930539e-05,4.278245362373834,4.278325084589578,7.972221574359395e-05,1.5488602464078636e-16,3.872150616019659e-17,1.1616451848058975e-16,True,0.005657799993059598,0.015625,,
269,arpack_matvec,central_difference,1.0,0.0019917962667916496,0.2250543882213529,62141989.98266945,328.92398435477446,328.92778528444074,328.92416701764176,328.92796794730805,2,sparse_direct,not_applicable,1.9360753080098294e-16,1.5488602464078636e-16,0.003548299995600246,0.002782999988994561,0.0,0.0,4.4185419010920644e-05,4.4184692166438805e-05,4.278250041860735,4.2783204196835145,7.037782277929949e-05,0.0,3.872150616019659e-17,3.872150616019659e-17,True,0.00675539999792818,0.0,,
270,arpack_matvec,central_difference,1.0,0.0019917962667916496,0.24474270419076663,72081197.02417237,328.92398435477446,328.9278092970053,328.9241430050772,328.92796794730805,2,sparse_direct,not_applicable,1.9360753080098294e-16,1.5488602464078636e-16,0.0029417999903671443,0.0029805999947711825,0.0,0.015625,4.418535032479126e-05,4.4184761020535986e-05,4.278256692400649,4.278313752681518,5.706028086915893e-05,3.872150616019659e-17,0.0,3.872150616019659e-17,True,0.0063236999994842336,0.015625,,
271,arpack_matvec,central_difference,1.0,0.0019917962667916496,0.31976942414134363,88906723.72913721,328.92398435477446,328.9272991841724,328.9246531179101,328.92796794730805,2,sparse_direct,not_applicable,2.323290369611795e-16,1.5488602464078636e-16,0.0021267999982228503,0.0035097000072710216,0.0,0.0,4.418528670754479e-05,4.418482442754464e-05,4.2782628521640165,4.278307613128387,4.476096437056043e-05,7.744301232039318e-17,0.0,7.744301232039318e-17,True,0.005979800000204705,0.0,,
272,arpack_matvec,central_difference,1.0,0.0019917962667916496,0.22906166601611885,52380835.95774682,328.9242204493043,328.92796794730805,328.92398435477446,328.9277318527782,2,sparse_direct,not_applicable,1.1616451848058975e-16,1.9360753080098294e-16,0.002269499993417412,0.002195599998231046,0.0,0.0,4.418549550990793e-05,4.41846158079725e-05,4.278242634864576,4.278327813342589,8.517847801314815e-05,0.0,3.872150616019659e-17,3.872150616019659e-17,True,0.004869299998972565,0.0,,
273,arpack_matvec,central_difference,1.0,0.0019917962667916496,0.20265625773971194,63985457.26631671,328.9240336171963,328.92796794730805,328.92398435477446,328.9279186848861,2,sparse_direct,not_applicable,2.323290369611795e-16,1.1616451848058975e-16,0.0018300000083399937,0.002653999996255152,0.0,0.015625,4.418544434682751e-05,4.418466681468962e-05,4.278247588714768,4.278322874446989,7.528573222082002e-05,3.872150616019659e-17,7.744301232039318e-17,1.1616451848058975e-16,True,0.004845700008445419,0.015625,,
274,arpack_matvec,central_difference,1.0,0.0019917962667916496,0.22267848430761764,71434317.29603054,328.92398435477446,328.92792371577116,328.92402858631135,328.92796794730805,2,sparse_direct,not_applicable,1.1616451848058975e-16,2.323290369611795e-16,0.0019342000014148653,0.002796400003717281,0.0,0.0,4.4185358977948446e-05,4.41847525022939e-05,4.278255854556881,4.278314577484425,5.872292754371955e-05,1.1616451848058975e-16,3.872150616019659e-17,7.744301232039318e-17,True,0.005068000013125129,0.0,,
275,arpack_matvec,central_difference,1.0,0.0019917962667916496,0.2714721117854164,76275712.65844683,328.92398435477446,328.9278603266307,328.9240919754518,328.92796794730805,2,sparse_direct,not_applicable,1.5488602464078636e-16,2.323290369611795e-16,0.0032174000079976395,0.002057799996691756,0.0,0.0,4.4185257312162217e-05,4.418485390828707e-05,4.278265698388775,4.278304758582686,3.90601939113111e-05,7.744301232039318e-17,7.744301232039318e-17,0.0,True,0.00561460001335945,0.0,,
276,arpack_matvec,central_difference,1.0,0.0019917962667916496,0.23521279466511635,62290709.85131866,328.924245898987,328.927967947308,328.9239843547744,328.9277064030955,2,sparse_direct,not_applicable,2.323290369611795e-16,1.8876734253095837e-16,0.00234170000476297,0.0024215000012191013,0.0,0.015625,4.418533606942296e-05,4.418477542461778e-05,4.278258072680403,4.278312357966242,5.428528583895087e-05,1.1616451848058975e-16,3.872150616019659e-17,1.5488602464078636e-16,True,0.0050768000073730946,0.015625,,
277,arpack_matvec,central_difference,1.0,0.0019917962667916496,0.22131701982023316,71411194.88047175,328.92398435477446,328.92770063096924,328.92425167111327,328.92796794730805,2,sparse_direct,not_applicable,1.9360753080098294e-16,2.710505431213761e-16,0.0026166000025114045,0.0027116999990539625,0.0,0.0,4.4185341769507814e-05,4.4184769659565135e-05,4.2782575207680935,4.2783129161833875,5.539541529397951e-05,3.872150616019659e-17,1.1616451848058975e-16,1.5488602464078636e-16,True,0.005660300012095831,0.0,,
278,arpack_matvec,central_difference,1.0,0.0019917962667916496,0.2094792509088507,56092900.498527996,328.92398435477446,328.9276536014445,328.924298700638,328.92796794730805,2,sparse_direct,not_applicable,1.5488602464078636e-16,3.872150616019659e-16,0.00310689999605529,0.002183299991884269,0.0,0.0,4.418529140710359e-05,4.418482026469842e-05,4.278262397126895,4.278308016206561,4.561907966671441e-05,3.872150616019659e-17,7.744301232039318e-17,1.1616451848058975e-16,True,0.005629599996609613,0.0,,
279,arpack_matvec,central_difference,1.0,0.0019917962667916496,0.2222041456174008,72976782.67970513,328.92398435477446,328.92767367336774,328.9242786287148,328.92796794730805,2,sparse_direct,not_applicable,3.4849355544176928e-16,2.323290369611795e-16,0.003236000004108064,0.0022784999891882762,0.015625,0.0,4.4185296443667436e-05,4.418481488995933e-05,4.278261909459198,4.278308536629457,4.662717025905039e-05,3.872150616019659e-17,3.872150616019659e-17,0.0,True,0.005880999990040436,0.015625,,
280,arpack_matvec,central_difference,1.0,0.0019917962667916496,0.20513875710946175,59947545.8119323,328.9243654132167,328.927967947308,328.9239843547744,328.9275868888658,2,sparse_direct,not_applicable,1.9360753080098294e-16,1.645664011808355e-16,0.002743799996096641,0.003518199999234639,0.0,0.0,4.418528364182549e-05,4.4184828148339824e-05,4.278263149003867,4.2783072528529935,4.41038491265644e-05,7.744301232039318e-17,3.872150616019659e-17,3.872150616019659e-17,True,0.0066679999872576445,0.0,,
281,arpack_matvec,central_difference,1.0,0.0019917962667916496,0.2751900047191456,64990032.26134042,328.9245241400525,328.92796794730805,328.92398435477446,328.92742816203,2,sparse_direct,not_applicable,1.9360753080098294e-16,2.323290369611795e-16,0.0020490000024437904,0.0019012999982805923,0.0,0.0,4.418515901244892e-05,4.418495221328978e-05,4.278275216342335,4.278295239985521,2.002364318620664e-05,1.1616451848058975e-16,3.872150616019659e-17,1.5488602464078636e-16,True,0.0042710999987320974,0.0,,
282,arpack_matvec,central_difference,1.0,0.0019917962667916496,0.2319176431780469,65603723.40896275,328.9242666123512,328.92796794730805,328.92398435477446,328.92768568973133,2,sparse_direct,not_applicable,2.323290369611795e-16,1.5488602464078636e-16,0.002601700005470775,0.0019855999998981133,0.015625,0.0,4.418511740611733e-05,4.41849941734421e-05,4.278279244923625,4.278291177114782,1.1932191156915906e-05,3.872150616019659e-17,0.0,3.872150616019659e-17,True,0.004833600003621541,0.015625,,
283,arpack_matvec,central_difference,1.0,0.0019917962667916496,0.24433755070615923,71393268.35126773,328.9243445696537,328.92796794730805,328.92398435477446,328.9276077324288,2,sparse_direct,not_applicable,1.9360753080098294e-16,2.710505431213761e-16,0.002146499988157302,0.0023148000036599115,0.0,0.0,4.4185077624889445e-05,4.418503354760778e-05,4.278283096794229,4.278287364644085,4.267849856631756e-06,1.1616451848058975e-16,3.872150616019659e-17,7.744301232039318e-17,True,0.004713799993623979,0.0,,
284,arpack_matvec,central_difference,1.0,0.0019917962667916496,0.21550836105221505,60767559.9134206,328.92398435477446,328.92784645526876,328.92410584681375,328.92796794730805,2,sparse_direct,not_applicable,1.1616451848058975e-16,2.323290369611795e-16,0.0031559000053675845,0.0024111000093398616,0.0,0.0,4.418502260216026e-05,4.418508876314615e-05,4.278288424455013,4.278282018316925,6.4061380884439245e-06,3.872150616019659e-17,3.872150616019659e-17,0.0,True,0.005907300001126714,0.0,,
285,arpack_matvec,central_difference,1.0,0.0019917962667916496,0.23239845304449078,66903402.071084686,328.92398435477446,328.92770146157795,328.92425084050456,328.92796794730805,2,sparse_direct,not_applicable,2.323290369611795e-16,1.5488602464078636e-16,0.0028180999943288043,0.0022775999968871474,0.015625,0.0,4.418500566917531e-05,4.418510543534129e-05,4.278290064020119,4.2782804040092985,9.660010820589093e-06,3.872150616019659e-17,3.872150616019659e-17,0.0,True,0.005392799997935072,0.015625,,
286,arpack_matvec,central_difference,1.0,0.0019917962667916496,0.25542178545337324,69036415.05537678,328.9241806392925,328.92796794730805,328.92398435477446,328.92777166279,2,sparse_direct,not_applicable,1.1616451848058975e-16,1.5488602464078636e-16,0.0027966000052401796,0.002708400003029965,0.0,0.0,4.418496604182655e-05,4.4185145303887755e-05,4.278293901010563,4.278276543688824,1.7357321739019937e-05,0.0,0.0,0.0,True,0.0058966999931726605,0.0,,
287,arpack_matvec,central_difference,1.0,0.0019917962667916496,0.3127190772177801,76759222.28978032,328.924568279733,328.92796794730805,328.92398435477446,328.9273840223494,2,sparse_direct,not_applicable,1.5488602464078636e-16,1.5488602464078636e-16,0.003358800007845275,0.0022234999923966825,0.0,0.015625,4.418496320936266e-05,4.418514792698486e-05,4.278294175269318,4.278276289704502,1.7885564815856014e-05,7.744301232039318e-17,1.1616451848058975e-16,3.872150616019659e-17,True,0.006074100005207583,0.015625,,
288,arpack_matvec,central_difference,1.0,0.0019917962667916496,0.22923074155349357,60092210.99585475,328.9240941215516,328.92796794730805,328.92398435477446,328.9278581805309,2,sparse_direct,not_applicable,3.4849355544176928e-16,2.323290369611795e-16,0.0022235000069485977,0.0028547999972943217,0.0,0.0,4.418482939150759e-05,4.418528205188475e-05,4.278307132480148,4.278263302950715,4.3829529432493075e-05,7.744301232039318e-17,3.872150616019659e-17,1.1616451848058975e-16,True,0.005479100000229664,0.0,,
289,arpack_matvec,central_difference,1.0,0.0019917962667916496,0.24836583830253617,74654677.30440457,328.92426115507664,328.92796794730805,328.92398435477446,328.9276911470059,2,sparse_direct,not_applicable,1.9360753080098294e-16,1.9360753080098294e-16,0.0027907000039704144,0.003567000007024035,0.0,0.0,4.418488016666427e-05,4.418523090007514e-05,4.278302216053665,4.2782682557574665,3.3960296198287665e-05,0.0,7.744301232039318e-17,7.744301232039318e-17,True,0.006746999992174096,0.0,,
290,arpack_matvec,central_difference,1.0,0.0019917962667916496,0.351773612450238,66413680.72000718,328.9245148976606,328.92796794730805,328.92398435477446,328.92743740442194,2,sparse_direct,not_applicable,1.1616451848058975e-16,2.323290369611795e-16,0.002154400004656054,0.002632500007166527,0.015625,0.0,4.418488747012841e-05,4.418522367382423e-05,4.2783015088791405,4.278268955444767,3.2553434373916446e-05,3.872150616019659e-17,3.872150616019659e-17,7.744301232039318e-17,True,0.005111699996632524,0.015625,,
291,arpack_matvec,central_difference,1.0,0.0019917962667916496,0.32387551440784806,69452364.72171366,328.924887460221,328.92796794730805,328.92398435477446,328.9270648418615,2,sparse_direct,not_applicable,1.9360753080098294e-16,1.5972621291081093e-16,0.0028132000006735325,0.0028553000011015683,0.0,0.0,4.418488435925196e-05,4.4185226711009684e-05,4.278301810096798,4.278268661366922,3.314872987658646e-05,7.744301232039318e-17,3.872150616019659e-17,1.1616451848058975e-16,True,0.006010700002661906,0.0,,
292,arpack_matvec,central_difference,1.0,0.0019917962667916496,0.29202858771397366,69589654.57484198,328.92459332110053,328.92796794730805,328.92398435477446,328.927358980982,2,sparse_direct,not_applicable,1.9360753080098294e-16,3.097720492815727e-16,0.002762099989922717,0.005135999992489815,0.0,0.0,4.418479522886637e-05,4.418531602387686e-05,4.278310440366284,4.278260013597141,5.0426769143463446e-05,7.744301232039318e-17,3.872150616019659e-17,3.872150616019659e-17,True,0.008592199999839067,0.0,,
293,arpack_matvec,central_difference,1.0,0.0019917962667916496,0.3096860072555452,94634993.63038744,328.9243642990302,328.92796794730805,328.92398435477446,328.92758800305234,2,sparse_direct,not_applicable,1.1616451848058975e-16,2.323290369611795e-16,0.002759199996944517,0.0033949999924516305,0.0,0.0,4.418485884961271e-05,4.418525218633852e-05,4.278304280126999,4.278266194699977,3.8085427021883334e-05,7.744301232039318e-17,7.744301232039318e-17,0.0,True,0.006724899998516776,0.0,,
294,arpack_matvec,central_difference,1.0,0.0019917962667916496,0.23477512610230075,60338227.508463085,328.92398435477446,328.92779707020276,328.92415523187964,328.92796794730805,2,sparse_direct,not_applicable,2.323290369611795e-16,1.9360753080098294e-16,0.0032506999996257946,0.004063000000314787,0.0,0.015625,4.418468978566498e-05,4.418542157727481e-05,4.278320650209367,4.278249793373691,7.085683567620293e-05,7.744301232039318e-17,0.0,7.744301232039318e-17,True,0.007828499990864657,0.015625,,
295,arpack_matvec,central_difference,1.0,0.0019917962667916496,0.257057700579931,74523392.02578802,328.92398435477446,328.9276945981689,328.9242577039135,328.92796794730805,2,sparse_direct,not_applicable,2.323290369611795e-16,3.097720492815727e-16,0.0020761999912792817,0.003583099998650141,0.0,0.0,4.4184745585247834e-05,4.418536555196004e-05,4.278315247247226,4.278255218027043,6.0029220183110965e-05,3.872150616019659e-17,1.9360753080098294e-16,1.5488602464078636e-16,True,0.00610049998795148,0.0,,
296,arpack_matvec,central_difference,1.0,0.0019917962667916496,0.22331147230750542,48774718.5732578,328.9241087280669,328.92796794730805,328.92398435477446,328.9278435740156,2,sparse_direct,not_applicable,2.323290369611795e-16,2.323290369611795e-16,0.0034296999947400764,0.002883499997551553,0.0,0.015625,4.4184641055797966e-05,4.418547048554364e-05,4.278325368636208,4.278245057839844,8.031079636428018e-05,7.744301232039318e-17,7.744301232039318e-17,0.0,True,0.0067962000030092895,0.015625,,
297,arpack_matvec,central_difference,1.0,0.0019917962667916496,0.21538473793116103,61542516.82411581,328.9242064900602,328.927967947308,328.9239843547744,328.9277458120223,2,sparse_direct,not_applicable,1.5488602464078636e-16,2.323290369611795e-16,0.0033965999900829047,0.002376500007812865,0.0,0.0,4.418471210575586e-05,4.418539916686471e-05,4.2783184889979164,4.278251963260898,6.652573701870779e-05,3.872150616019659e-17,0.0,3.872150616019659e-17,True,0.006136299998615868,0.0,,
298,arpack_matvec,central_difference,1.0,0.0019917962667916496,0.25268146948078485,59456958.107029885,328.92398435477446,328.9276474776113,328.9243048244711,328.92796794730805,2,sparse_direct,not_applicable,1.1616451848058975e-16,1.1616451848058975e-16,0.0030722000083187595,0.002333700002054684,0.0,0.0,4.418469170998085e-05,4.4185419718770506e-05,4.278320463881479,4.278249973323224,7.049055825447681e-05,7.744301232039318e-17,3.872150616019659e-17,1.1616451848058975e-16,True,0.005850299989106134,0.0,,
299,arpack_matvec,central_difference,1.0,0.0019917962667916496,0.24068110307112958,77946241.86226806,328.92398435477446,328.9277822874732,328.92417001460933,328.92796794730805,2,sparse_direct,not_applicable,1.5004583637076176e-16,1.5488602464078636e-16,0.0028415999986464158,0.004132700007176027,0.015625,0.0,4.4184677956395906e-05,4.418543330721529e-05,4.278321795615614,4.278248657623474,7.313799213992667e-05,3.872150616019659e-17,3.872150616019659e-17,0.0,True,0.007389299993519671,0.015625,,
300,arpack_matvec,central_difference,1.0,0.0019917962667916496,0.20326932768466105,58371598.80227701,328.92408221339093,328.92796794730805,328.92398435477446,328.9278700886916,2,sparse_direct,not_applicable,1.9360753080098294e-16,1.4036545983071262e-16,0.002704499987885356,0.0031002000032458454,0.0,0.0,4.418454848559115e-05,4.418556320264366e-05,4.278334332074283,4.278236080553007,9.825152127618253e-05,1.1616451848058975e-16,0.0,1.1616451848058975e-16,True,0.006088299996918067,0.0,,
301,arpack_matvec,central_difference,1.0,0.0019917962667916496,0.22424386860749101,74217789.0501077,328.9243551472365,328.92796794730805,328.92398435477446,328.927597154846,2,sparse_direct,not_applicable,4.64658073922359e-16,1.9360753080098294e-16,0.0028386999911163002,0.0027879999979631975,0.0,0.015625,4.418457636485043e-05,4.418553499756086e-05,4.2783316325623275,4.278238811492055,9.282107027264175e-05,7.744301232039318e-17,0.0,7.744301232039318e-17,True,0.006031000011716969,0.015625,,
302,arpack_matvec,central_difference,1.0,0.0019917962667916496,0.2224759636379966,68785738.08145148,328.92437471749497,328.927967947308,328.9239843547744,328.92757758458754,2,sparse_direct,not_applicable,1.5488602464078636e-16,1.9360753080098294e-16,0.0036792000028071925,0.0024314000038430095,0.0,0.0,4.4184648337976204e-05,4.418546335685665e-05,4.278324663515107,4.2782457480729565,7.891544215077317e-05,3.872150616019659e-17,7.744301232039318e-17,1.1616451848058975e-16,True,0.006486599988420494,0.0,,
303,arpack_matvec,central_difference,1.0,0.0019917962667916496,0.2239452281721072,61753233.57018662,328.924227928256,328.92796794730805,328.92398435477446,328.9277243738264,2,sparse_direct,not_applicable,2.323290369611795e-16,1.5488602464078636e-16,0.0026657999987946823,0.0028008999943267554,0.0,0.0,4.418478417626287e-05,4.418532727847896e-05,4.278311510564314,4.278258923866294,5.258669802010729e-05,7.744301232039318e-17,1.9360753080098294e-16,2.710505431213761e-16,True,0.0058841999998549,0.0,,
304,arpack_matvec,central_difference,1.0,0.0019917962667916496,0.26025137702746726,49510113.847185224,328.9244818506999,328.92796794730805,328.92398435477446,328.9274704513826,2,sparse_direct,not_applicable,1.5488602464078636e-16,2.710505431213761e-16,0.0024972999963210896,0.0023450000007869676,0.0,0.015625,4.418494001793054e-05,4.418517139934e-05,4.278296420825584,4.278274016968712,2.2403856871910932e-05,1.1616451848058975e-16,7.744301232039318e-17,1.9360753080098294e-16,True,0.005215299999690615,0.015625,,
305,arpack_matvec,central_difference,1.0,0.0019917962667916496,0.22836883502520877,62953487.085728124,328.92398435477446,328.9277887070166,328.9241635950659,328.92796794730805,2,sparse_direct,not_applicable,1.1616451848058975e-16,2.323290369611795e-16,0.0030282999941846356,0.0026416000036988407,0.0,0.0,4.4185029516265976e-05,4.4185081703202144e-05,4.278287754985314,4.278282701905827,5.05307948728273e-06,3.872150616019659e-17,0.0,3.872150616019659e-17,True,0.005934999993769452,0.0,,
306,arpack_matvec,central_difference,1.0,0.0019917962667916496,0.240010297747306,59945347.89023188,328.9239843547745,328.9276753624008,328.9242769396816,328.9279679473081,2,sparse_direct,not_applicable,1.5488602464078636e-16,2.323290369611795e-16,0.0027065000031143427,0.0024667999969096854,0.0,0.0,4.4185200357067517e-05,4.418491099700768e-05,4.278271213109225,4.278299230837138,2.801772791372059e-05,3.872150616019659e-17,7.744301232039318e-17,3.872150616019659e-17,True,0.005570499997702427,0.0,,
307,arpack_matvec,central_difference,1.0,0.0019917962667916496,0.24233563261569172,75389598.25679576,328.92398435477446,328.927739391574,328.9242129105085,328.92796794730805,2,sparse_direct,not_applicable,2.323290369611795e-16,3.097720492815727e-16,0.0031309000041801482,0.0032916000054683536,0.015625,0.0,4.4185281586335735e-05,4.418482966405229e-05,4.278263348027744,4.278307106090322,4.3758062577836654e-05,0.0,3.872150616019659e-17,3.872150616019659e-17,True,0.0068073000002186745,0.015625,,
308,arpack_matvec,central_difference,1.0,0.0019917962667916496,0.2555012871012893,71900596.33783408,328.9241972345482,328.92796794730805,328.92398435477446,328.9277550675343,2,sparse_direct,not_applicable,2.323290369611795e-16,1.9360753080098294e-16,0.0022570999863091856,0.0022827999928267673,0.0,0.0,4.418551200523052e-05,4.4184599241884286e-05,4.278241037712269,4.2783294174118165,8.837969954722524e-05,3.872150616019659e-17,3.872150616019659e-17,7.744301232039318e-17,True,0.004957800003467128,0.0,,
309,arpack_matvec,central_difference,1.0,0.0019917962667916496,0.22981502222385208,61701647.29787968,328.9239843547745,328.9278014770455,328.92415082503703,328.9279679473081,2,sparse_direct,not_applicable,2.1296828388108122e-16,3.097720492815727e-16,0.00270319999253843,0.002728799998294562,0.0,0.015625,4.41855997037134e-05,4.4184511471604865e-05,4.278232546365521,4.278337916095086,0.00010536972956476376,0.0,3.872150616019659e-17,3.872150616019659e-17,True,0.005761299995356239,0.015625,,
310,arpack_matvec,central_difference,1.0,0.0019917962667916496,0.3198910963003165,68450180.93972966,328.9244725066579,328.92796794730805,328.92398435477446,328.92747979542463,2,sparse_direct,not_applicable,2.323290369611795e-16,2.710505431213761e-16,0.0026236999983666465,0.0028894999995827675,0.0,0.0,4.418549181181906e-05,4.418461936934067e-05,4.278242992930557,4.278327468500861,8.447557030422104e-05,7.744301232039318e-17,3.872150616019659e-17,1.1616451848058975e-16,True,0.005843699997058138,0.0,,
311,arpack_matvec,central_difference,1.0,0.0019917962667916496,0.2508640293430559,73706069.43991071,328.92440793382406,328.92796794730805,328.92398435477446,328.92754436825845,2,sparse_direct,not_applicable,2.710505431213761e-16,3.4849355544176928e-16,0.002172599997720681,0.002762900010566227,0.0,0.0,4.418554082287958e-05,4.418457040209701e-05,4.278238247459021,4.278332209927601,9.396246858006663e-05,3.872150616019659e-17,0.0,3.872150616019659e-17,True,0.005263300001388416,0.0,,
312,arpack_matvec,central_difference,1.0,0.0019917962667916496,0.29504712821971096,60964360.83127966,328.9244029258097,328.92796794730805,328.92398435477446,328.9275493762728,2,sparse_direct,not_applicable,1.5488602464078636e-16,3.4849355544176928e-16,0.0028236999933142215,0.0031454999989364296,0.015625,0.0,4.418554158385462e-05,4.418456965444048e-05,4.2782381737780755,4.2783322823221726,9.410854409708236e-05,7.744301232039318e-17,0.0,7.744301232039318e-17,True,0.006338299994240515,0.015625,,
313,arpack_matvec,central_difference,1.0,0.0019917962667916496,0.254197410327478,63626242.07336819,328.92410927331287,328.92796794730805,328.92398435477446,328.92784302876964,2,sparse_direct,not_applicable,3.872150616019659e-16,3.872150616019659e-16,0.002274400001624599,0.0032312999974237755,0.0,0.0,4.418558136454795e-05,4.418452985264711e-05,4.27823432204012,4.278336136279611,0.00010181423949084945,1.1616451848058975e-16,3.872150616019659e-17,7.744301232039318e-17,True,0.00590119999833405,0.0,,
314,arpack_matvec,central_difference,1.0,0.0019917962667916496,0.23670088814558754,75394311.09118122,328.92406971376386,328.92796794730805,328.92398435477446,328.92788258831865,2,sparse_direct,not_applicable,1.1616451848058975e-16,3.097720492815727e-16,0.002082099992549047,0.0030485000024782494,0.0,0.0,4.418575092081349e-05,4.418436051241773e-05,4.2782179049504565,4.278352533357995,0.00013462840753852845,3.872150616019659e-17,3.872150616019659e-17,0.0,True,0.005532199997105636,0.0,,
315,arpack_matvec,central_difference,1.0,0.0019917962667916496,0.2878610521026758,95259587.24515574,328.92398435477446,328.92746243820744,328.92448986387507,328.92796794730805,2,sparse_direct,not_applicable,1.9360753080098294e-16,3.097720492815727e-16,0.0029821000061929226,0.0018643999937921762,0.015625,0.0,4.4185622748858094e-05,4.418448844215144e-05,4.278230315040444,4.278340146013034,0.00010983097258954189,3.872150616019659e-17,7.744301232039318e-17,3.872150616019659e-17,True,0.005273700007819571,0.015625,,
316,arpack_matvec,central_difference,1.0,0.0019917962667916496,0.22201284862939652,48833892.78444888,328.92398435477446,328.9277845019171,328.92416780016543,328.92796794730805,2,sparse_direct,not_applicable,1.1616451848058975e-16,2.710505431213761e-16,0.0028737999964505434,0.0026013000024249777,0.0,0.0,4.4185828502111424e-05,4.4184283158397956e-05,4.278210393272863,4.278360023527413,0.00014963025455028145,3.872150616019659e-17,1.1616451848058975e-16,7.744301232039318e-17,True,0.006049200004781596,0.0,,
317,arpack_matvec,central_difference,1.0,0.0019917962667916496,0.22979142449624954,65907801.67601769,328.9243008260134,328.92796794730805,328.92398435477446,328.9276514760691,2,sparse_direct,not_applicable,2.323290369611795e-16,3.4849355544176928e-16,0.002917699996032752,0.0027166999934706837,0.0,0.015625,4.418545115963019e-05,4.418466003388341e-05,4.278246929066493,4.278323531020521,7.660195402792169e-05,3.872150616019659e-17,1.5488602464078636e-16,1.9360753080098294e-16,True,0.005972300001303665,0.015625,,
318,arpack_matvec,central_difference,1.0,0.0019917962667916496,0.2250586597739639,66258375.979709946,328.9239843547744,328.92766429830897,328.92428800377354,328.927967947308,2,sparse_direct,not_applicable,1.9360753080098294e-16,1.9360753080098294e-16,0.002140299999155104,0.002749000006588176,0.0,0.0,4.4185221771404624e-05,4.4184889833271035e-05,4.278269139648046,4.278301280062531,3.214041448540428e-05,7.744301232039318e-17,3.872150616019659e-17,1.1616451848058975e-16,True,0.0052106000075582415,0.0,,
319,arpack_matvec,central_difference,1.0,0.0019917962667916496,0.22801117757658382,79140972.4549974,328.9240079825762,328.92796794730805,328.92398435477446,328.9279443195062,2,sparse_direct,not_applicable,1.9360753080098294e-16,2.710505431213761e-16,0.003405900002690032,0.0022844000050099567,0.0,0.0,4.4185034452241845e-05,4.418507681904628e-05,4.2782872770514295,4.2782831748211425,4.102230287017505e-06,0.0,7.744301232039318e-17,7.744301232039318e-17,True,0.006065800000214949,0.0,,
320,arpack_matvec,central_difference,1.0,0.0019917962667916496,0.24673661888143544,56197024.265277065,328.924177388661,328.927967947308,328.9239843547744,328.9277749134215,2,sparse_direct,not_applicable,1.5488602464078636e-16,1.4036545983071262e-16,0.002772199994069524,0.0027870000049006194,0.015625,0.0,4.4184695407895015e-05,4.418541601127632e-05,4.2783201058194456,4.278250332301102,6.977351834347445e-05,0.0,3.872150616019659e-17,3.872150616019659e-17,True,0.005950899998424575,0.015625,,
321,arpack_matvec,central_difference,1.0,0.0019917962667916496,0.22553690606813181,83790651.38759065,328.92398435477446,328.9279642404434,328.923988061639,328.92796794730805,2,sparse_direct,not_applicable,3.4849355544176928e-16,2.710505431213761e-16,0.0032047000131569803,0.007565099993371405,0.0,0.015625,4.4184655476177685e-05,4.418545566169828e-05,4.278323972335259,4.27824649315475,7.74791805087105e-05,0.0,7.744301232039318e-17,7.744301232039318e-17,True,0.011415300003136508,0.015625,,
322,arpack_matvec,central_difference,1.0,0.0019917962667916496,0.21824011904043158,59211607.63889702,328.9239843547744,328.9279049026875,328.924047399395,328.927967947308,2,sparse_direct,not_applicable,3.4849355544176928e-16,2.710505431213761e-16,0.005687299999408424,0.0032139999966602772,0.0,0.0,4.418448925750454e-05,4.418562240489176e-05,4.278340067063204,4.278230348344653,0.00010971871855058879,3.872150616019659e-17,3.872150616019659e-17,7.744301232039318e-17,True,0.009703100004117005,0.015625,,
323,arpack_matvec,central_difference,1.0,0.0019917962667916496,0.27276100020023475,91881186.47248596,328.92398435477446,328.9273834536675,328.924568848415,328.92796794730805,2,sparse_direct,not_applicable,1.9360753080098294e-16,2.323290369611795e-16,0.00626650000049267,0.0021010000054957345,0.0,0.0,4.4184512344878744e-05,4.418559877635778e-05,4.278337831536933,4.27823263615593,0.00010519538100339787,3.872150616019659e-17,7.744301232039318e-17,1.1616451848058975e-16,True,0.008799099989118986,0.0,,
324,arpack_matvec,central_difference,1.0,0.0019917962667916496,0.2418465317149915,63310078.70734433,328.9242751585063,328.927967947308,328.9239843547744,328.9276771435762,2,sparse_direct,not_applicable,1.9360753080098294e-16,1.9360753080098294e-16,0.003236399992601946,0.0038668999914079905,0.0,0.015625,4.418424968982459e-05,4.4185861797181806e-05,4.278363264288711,4.278207169542231,0.00015609474647959587,3.872150616019659e-17,3.872150616019659e-17,0.0,True,0.007505400004447438,0.015625,,
325,arpack_matvec,central_difference,1.0,0.0019917962667916496,0.2772732936278067,65693484.15769722,328.9247014144553,328.92796794730805,328.92398435477446,328.92725088762734,2,sparse_direct,not_applicable,2.710505431213761e-16,3.4849355544176928e-16,0.004738500007078983,0.0025364000030094758,0.0,0.0,4.4184572434328016e-05,4.418553869299238e-05,4.27833201314943,4.278238453684071,9.355946535904991e-05,1.1616451848058975e-16,7.744301232039318e-17,1.9360753080098294e-16,True,0.007802399995853193,0.0,,
326,arpack_matvec,central_difference,1.0,0.0019917962667916496,0.2603453276736957,58185488.410930514,328.92398435477446,328.9273311686546,328.92462113342793,328.92796794730805,2,sparse_direct,not_applicable,1.5488602464078636e-16,1.1616451848058975e-16,0.002206399993156083,0.004617099999450147,0.0,0.0,4.418456893984923e-05,4.418554259055597e-05,4.278332351515082,4.278238076304832,9.42752102499611e-05,3.872150616019659e-17,3.872150616019659e-17,7.744301232039318e-17,True,0.007344400000874884,0.0,,
327,arpack_matvec,central_difference,1.0,0.0019917962667916496,0.24184784841429674,77585013.99268809,328.92398435477446,328.9278311667581,328.9241211353244,328.92796794730805,2,sparse_direct,not_applicable,2.710505431213761e-16,1.5488602464078636e-16,0.005420500005129725,0.004606000002240762,0.0,0.0,4.418475405570824e-05,4.418535712181206e-05,4.27831442707066,4.27825603427765,5.839279300978717e-05,1.1616451848058975e-16,3.872150616019659e-17,7.744301232039318e-17,True,0.010639900006935932,0.015625,,
328,arpack_matvec,central_difference,1.0,0.0019917962667916496,0.20670760018354775,49275135.14889041,328.92398435477446,328.9279564478403,328.9239958542422,328.92796794730805,2,sparse_direct,not_applicable,1.5488602464078636e-16,2.323290369611795e-16,0.0033983999892370775,0.003108100005192682,0.0,0.015625,4.4184805597973674e-05,4.41853062014266e-05,4.2783094363500975,4.2782609646598315,4.8471690266005396e-05,1.5488602464078636e-16,1.1616451848058975e-16,2.710505431213761e-16,True,0.006978799996431917,0.015625,,
329,arpack_matvec,central_difference,1.0,0.0019917962667916496,0.22273223692301158,72982340.11320977,328.92398435477446,328.92790700321217,328.92404529887034,328.92796794730805,2,sparse_direct,not_applicable,1.1616451848058975e-16,1.5488602464078636e-16,0.005100099995615892,0.004976699987309985,0.0,0.0,4.4184998427922704e-05,4.4185112710306926e-05,4.278290765167119,4.278279699601388,1.1065565731271931e-05,7.744301232039318e-17,7.744301232039318e-17,1.5488602464078636e-16,True,0.012719899998046458,0.0,,
330,arpack_matvec,central_difference,1.0,0.0019917962667916496,0.187191015889925,65515741.341609985,328.92414017166817,328.92796794730805,328.92398435477446,328.92781213041434,2,sparse_direct,not_applicable,1.5488602464078636e-16,1.9360753080098294e-16,0.006938199992873706,0.004424099999596365,0.0,0.0,4.4185235826530915e-05,4.418487600928485e-05,4.278267778749729,4.2783026186014865,3.483985175734006e-05,1.1616451848058975e-16,7.744301232039318e-17,3.872150616019659e-17,True,0.011984700002358295,0.015625,,
331,arpack_matvec,central_difference,1.0,0.0019917962667916496,0.24879914417276852,74000077.9539991,328.92405859460354,328.92796794730805,328.92398435477446,328.927893707479,2,sparse_direct,not_applicable,3.097720492815727e-16,3.872150616019659e-16,0.005346999998437241,0.005151999997906387,0.015625,0.0,4.418526215845899e-05,4.4184848934048976e-05,4.278265229143052,4.278305240225309,4.001108225626382e-05,3.872150616019659e-17,7.744301232039318e-17,1.1616451848058975e-16,True,0.011230499992961995,0.015625,,
332,arpack_matvec,central_difference,1.0,0.0019917962667916496,0.2499884728893672,47323959.56724718,328.92435748257657,328.92796794730805,328.92398435477446,328.92759481950594,2,sparse_direct,not_applicable,2.323290369611795e-16,1.9360753080098294e-16,0.0019806999916909263,0.005505699999048375,0.0,0.015625,4.418553830646705e-05,4.418457327248961e-05,4.278238491109156,4.278331931991385,9.344088222906777e-05,7.744301232039318e-17,7.744301232039318e-17,0.0,True,0.008012700011022389,0.015625,,
333,arpack_matvec,central_difference,1.0,0.0019917962667916496,0.2677377530260624,74423974.96452287,328.92438900347366,328.92796794730805,328.92398435477446,328.92756329860885,2,sparse_direct,not_applicable,1.2100470675061434e-16,2.323290369611795e-16,0.003606700003729202,0.006042900000466034,0.0,0.0,4.418551689850388e-05,4.4184594153285134e-05,4.278240563923473,4.278329910133405,8.934620993272802e-05,3.872150616019659e-17,7.744301232039318e-17,1.1616451848058975e-16,True,0.01023499999428168,0.0,,
334,arpack_matvec,central_difference,1.0,0.0019917962667916496,0.3105916491841793,58415007.38433605,328.9244588626418,328.92796794730805,328.92398435477446,328.9274934394407,2,sparse_direct,not_applicable,1.5488602464078636e-16,1.5488602464078636e-16,0.005040000003646128,0.00426710001192987,0.015625,0.0,4.418587861083724e-05,4.418423265593988e-05,4.278205541594491,4.278364913681315,0.000159372086824483,1.1616451848058975e-16,3.872150616019659e-17,7.744301232039318e-17,True,0.00998089999484364,0.015625,,
335,arpack_matvec,central_difference,1.0,0.0019917962667916496,0.2505866484389948,69728178.63946885,328.9243243925043,328.92796794730805,328.92398435477446,328.92762790957823,2,sparse_direct,not_applicable,3.4849355544176928e-16,2.323290369611795e-16,0.004713400005130097,0.0039370000013150275,0.0,0.0,4.418598649832964e-05,4.418412456023834e-05,4.278195095638558,4.278375380627564,0.00018028498900601875,1.1616451848058975e-16,3.872150616019659e-17,7.744301232039318e-17,True,0.009300199992139824,0.0,,
336,arpack_matvec,central_difference,1.0,0.0019917962667916496,0.2483047140987787,62524340.59735936,328.9240077202563,328.92796794730805,328.92398435477446,328.9279445818262,2,sparse_direct,not_applicable,1.9360753080098294e-16,1.5488602464078636e-16,0.003279399999883026,0.0017584000015631318,0.015625,0.0,4.4186382331064107e-05,4.41837291373783e-05,4.278156770490085,4.278413670003819,0.0002568995137339769,7.744301232039318e-17,7.744301232039318e-17,0.0,True,0.0057154999958584085,0.015625,,
337,arpack_matvec,central_difference,1.0,0.0019917962667916496,0.3008923083992322,100567551.56543563,328.92456253563967,328.92796794730805,328.92398435477446,328.92738976644284,2,sparse_direct,not_applicable,1.9360753080098294e-16,1.5488602464078636e-16,0.0064880000136327,0.003199400001903996,0.0,0.0,4.418570539906513e-05,4.4184405609879874e-05,4.278222312528815,4.278348166594683,0.00012585406586840264,0.0,1.9360753080098294e-16,1.9360753080098294e-16,True,0.010160899997572415,0.015625,,
338,arpack_matvec,central_difference,1.0,0.0019917962667916496,0.20651946510450492,50430213.8904246,328.9239843547745,328.92775130955215,328.92420099253036,328.9279679473081,2,sparse_direct,not_applicable,1.815070601259215e-16,2.323290369611795e-16,0.0034914999996544793,0.002373399998759851,0.0,0.0,4.418630785167178e-05,4.418380384326532e-05,4.278163981649651,4.278406436070557,0.00024245442090631286,1.1616451848058975e-16,3.872150616019659e-17,1.5488602464078636e-16,True,0.006205400000908412,0.0,,
339,arpack_matvec,central_difference,1.0,0.0019917962667916496,0.24278286107194819,71808443.57326904,328.92398435477446,328.9278057976362,328.9241465044463,328.92796794730805,2,sparse_direct,not_applicable,1.9360753080098294e-16,2.323290369611795e-16,0.0033300999930361286,0.0054115000093588606,0.0,0.0,4.418584445023462e-05,4.4184266628057e-05,4.278208849126151,4.278361624159388,0.00015277503323662955,0.0,3.872150616019659e-17,3.872150616019659e-17,True,0.009202899993397295,0.0,,
340,arpack_matvec,central_difference,1.0,0.0019917962667916496,0.22218564597443244,47467463.86449686,328.92444239562326,328.92796794730805,328.92398435477446,328.92750990645914,2,sparse_direct,not_applicable,1.5488602464078636e-16,1.645664011808355e-16,0.0037783000007038936,0.00498410000000149,0.0,0.0,4.41861673686034e-05,4.418394430451403e-05,4.2781775834087306,4.278392834969072,0.00021525156034130077,3.872150616019659e-17,0.0,3.872150616019659e-17,True,0.009207399998558685,0.015625,,
341,arpack_matvec,central_difference,1.0,0.0019917962667916496,0.22480399777037202,71119919.81328735,328.92421075761644,328.92796794730805,328.92398435477446,328.9277415444661,2,sparse_direct,not_applicable,2.323290369611795e-16,1.9360753080098294e-16,0.00473970000166446,0.004348400005255826,0.0,0.015625,4.418593980242006e-05,4.418417133295356e-05,4.278199616855312,4.278370851602185,0.00017123474687341655,3.872150616019659e-17,3.872150616019659e-17,7.744301232039318e-17,True,0.009635900001740083,0.015625,,
342,arpack_matvec,central_difference,1.0,0.0019917962667916496,0.2352994351686638,54304111.88333965,328.92450721977144,328.92796794730805,328.92398435477446,328.92744508231107,2,sparse_direct,not_applicable,1.5488602464078636e-16,1.9360753080098294e-16,0.003994700004113838,0.00631240000075195,0.0,0.0,4.418649300061263e-05,4.4183618607020115e-05,4.278146055413007,4.278424372943287,0.00027831753028007,0.0,7.744301232039318e-17,7.744301232039318e-17,True,0.010882699993089773,0.0,,
343,arpack_matvec,central_difference,1.0,0.0019917962667916496,0.2813308840333067,79543729.27555548,328.92458748044896,328.92796794730805,328.92398435477446,328.92736482163355,2,sparse_direct,not_applicable,1.3068508329066348e-16,2.323290369611795e-16,0.0031848000071477145,0.0037280999968061224,0.015625,0.0,4.418626339775544e-05,4.418384771959525e-05,4.278168285728093,4.278402187441657,0.0002339017135639665,1.1616451848058975e-16,3.872150616019659e-17,1.5488602464078636e-16,True,0.007521100007579662,0.015625,,
344,arpack_matvec,central_difference,1.0,0.0019917962667916496,0.21014997550606637,50582122.00625959,328.9242774017025,328.92796794730805,328.92398435477446,328.92767490038,2,sparse_direct,not_applicable,4.2593656776216244e-16,1.9360753080098294e-16,0.004783099997439422,0.00425960001302883,0.0,0.015625,4.418776732643053e-05,4.418234417571503e-05,4.278022678462756,4.278547783279679,0.0005251048169228056,3.872150616019659e-17,7.744301232039318e-17,1.1616451848058975e-16,True,0.00975050000124611,0.015625,,
345,arpack_matvec,central_difference,1.0,0.0019917962667916496,0.30164327415925773,75862972.86094598,328.9249409415014,328.92796794730805,328.92398435477446,328.9270113605811,2,sparse_direct,not_applicable,1.9360753080098294e-16,1.2100470675061434e-16,0.00455589999910444,0.005205099994782358,0.0,0.0,4.4186266013766435e-05,4.4183845061120866e-05,4.278168032442711,4.278402444866574,0.0002344124238629064,3.872150616019659e-17,0.0,3.872150616019659e-17,True,0.010441999998874962,0.0,,
346,arpack_matvec,central_difference,1.0,0.0019917962667916496,0.26910766574149697,61151142.19143375,328.9246304282952,328.92796794730805,328.92398435477446,328.9273218737873,2,sparse_direct,not_applicable,3.097720492815727e-16,2.710505431213761e-16,0.004336300000431947,0.0023865999974077567,0.0,0.0,4.418620083613925e-05,4.4183910616464856e-05,4.278174343029178,4.278396097032258,0.00022175400307933302,7.744301232039318e-17,3.872150616019659e-17,1.1616451848058975e-16,True,0.0072432000015396625,0.0,,
347,arpack_matvec,central_difference,1.0,0.0019917962667916496,0.27928953989109306,85130777.82420151,328.92422617246746,328.92796794730805,328.92398435477446,328.92772612961505,2,sparse_direct,not_applicable,1.1616451848058975e-16,1.5488602464078636e-16,0.002267699994263239,0.0033322000090265647,0.0,0.0,4.418577628258492e-05,4.418433484253658e-05,4.27821544933705,4.278355018962937,0.00013956962588768107,7.744301232039318e-17,1.1616451848058975e-16,1.9360753080098294e-16,True,0.005980300004011951,0.0,,
348,arpack_matvec,central_difference,1.0,0.0019917962667916496,0.251427007679425,60966046.27758615,328.9242522629832,328.927967947308,328.9239843547744,328.9277000390993,2,sparse_direct,not_applicable,2.323290369611795e-16,1.5488602464078636e-16,0.00306990000535734,0.0031395000114571303,0.0,0.015625,4.418592509727737e-05,4.4184186438608213e-05,4.278201040646613,4.278369388916148,0.00016834826953449067,3.872150616019659e-17,7.744301232039318e-17,1.1616451848058975e-16,True,0.006656500001554377,0.015625,,
349,arpack_matvec,central_difference,1.0,0.0019917962667916496,0.3341896624874361,101606441.5700164,328.9248132160873,328.92796794730805,328.92398435477446,328.92713908599524,2,sparse_direct,not_applicable,1.9360753080098294e-16,1.5488602464078636e-16,0.0038447999977506697,0.002936699995188974,0.0,0.0,4.418546456524781e-05,4.418464645633671e-05,4.278245631070807,4.27832484571108,7.921464027305092e-05,7.744301232039318e-17,7.744301232039318e-17,0.0,True,0.0072035000048344955,0.0,,
350,arpack_matvec,central_difference,1.0,0.0019917962667916496,0.262056422999149,66336414.67310966,328.9246475490415,328.92796794730805,328.92398435477446,328.927304753041,2,sparse_direct,not_applicable,3.4849355544176928e-16,3.097720492815727e-16,0.002784100011922419,0.0027609000098891556,0.0,0.0,4.418584281995815e-05,4.418426858214088e-05,4.27820900697452,4.278361434945494,0.00015242797097414496,3.872150616019659e-17,7.744301232039318e-17,3.872150616019659e-17,True,0.005959300004178658,0.0,,
351,arpack_matvec,central_difference,1.0,0.0019917962667916496,0.22693639567958748,64938179.65810415,328.92398435477446,328.9277774878808,328.9241748142017,328.92796794730805,2,sparse_direct,not_applicable,1.9360753080098294e-16,3.4849355544176928e-16,0.0036758000060217455,0.00505229999544099,0.015625,0.0,4.418559946336948e-05,4.418451179301564e-05,4.2782325696366135,4.278337884973233,0.00010531533661950476,0.0,3.872150616019659e-17,3.872150616019659e-17,True,0.009140099995420314,0.015625,,
352,arpack_matvec,central_difference,1.0,0.0019917962667916496,0.22368444980812657,59820058.92146323,328.92405102298164,328.92796794730805,328.92398435477446,328.92790127910087,2,sparse_direct,not_applicable,3.097720492815727e-16,2.323290369611795e-16,0.0022409999946830794,0.00349879999703262,0.0,0.0,4.418543351934195e-05,4.41846780523848e-05,4.27824863708434,4.278321786321185,7.314923684553776e-05,3.872150616019659e-17,3.872150616019659e-17,7.744301232039318e-17,True,0.006151599998702295,0.0,,
353,arpack_matvec,central_difference,1.0,0.0019917962667916496,0.3045658320566079,83619552.78588004,328.9243790846089,328.92796794730805,328.92398435477446,328.9275732174736,2,sparse_direct,not_applicable,3.097720492815727e-16,1.9360753080098294e-16,0.0026556999946478754,0.004266700008884072,0.0,0.0,4.4185016609801226e-05,4.418509444636381e-05,4.278289004675239,4.278281468031626,7.53664361319295e-06,7.744301232039318e-17,1.1616451848058975e-16,3.872150616019659e-17,True,0.0073782999970717356,0.015625,,
354,arpack_matvec,central_difference,1.0,0.0019917962667916496,0.25044827033536265,61926077.8651664,328.9245624280202,328.92796794730805,328.92398435477446,328.9273898740623,2,sparse_direct,not_applicable,3.872150616019659e-16,2.323290369611795e-16,0.0031100999913178384,0.0029996999946888536,0.0,0.0,4.418474463383959e-05,4.418536687081137e-05,4.278315339370072,4.2782550903290515,6.0249041020199456e-05,0.0,0.0,0.0,True,0.006486300000688061,0.0,,
355,arpack_matvec,central_difference,1.0,0.0019917962667916496,0.1972330901772213,71960915.9170432,328.92398435477446,328.92783437271424,328.92411792936826,328.92796794730805,2,sparse_direct,not_applicable,2.323290369611795e-16,2.323290369611795e-16,0.0024068000057013705,0.002742900003795512,0.0,0.015625,4.4184476185835333e-05,4.418563504897778e-05,4.278341332780282,4.278229124093548,0.00011220868673333939,0.0,7.744301232039318e-17,7.744301232039318e-17,True,0.00555450000683777,0.015625,,
356,arpack_matvec,central_difference,1.0,0.0019917962667916496,0.27166597510034,64088940.96286076,328.92398435477446,328.9274409436313,328.9245113584512,328.92796794730805,2,sparse_direct,not_applicable,2.710505431213761e-16,2.323290369611795e-16,0.003690400000778027,0.0031784000020707026,0.0,0.0,4.4184499869587606e-05,4.418561145579121e-05,4.2783390395060215,4.278231408481035,0.00010763102498678734,7.744301232039318e-17,3.872150616019659e-17,1.1616451848058975e-16,True,0.007402500006719492,0.0,,
357,arpack_matvec,central_difference,1.0,0.0019917962667916496,0.3046648547669739,84047445.27838384,328.9239843547745,328.9272546235265,328.924697678556,328.9279679473081,2,sparse_direct,not_applicable,1.9360753080098294e-16,1.9360753080098294e-16,0.0028781000000890344,0.002852399993571453,0.0,0.0,4.4184507779458044e-05,4.418560330753783e-05,4.278338273601654,4.27823219742836,0.00010607617329405628,7.744301232039318e-17,3.872150616019659e-17,1.1616451848058975e-16,True,0.006134700000984594,0.0,,
358,arpack_matvec,central_difference,1.0,0.0019917962667916496,0.310263250689957,68865216.99741295,328.92398435477446,328.92745186586023,328.92450043622216,328.92796794730805,2,sparse_direct,not_applicable,1.5488602464078636e-16,2.323290369611795e-16,0.0024391000042669475,0.003049999999348074,0.015625,0.0,4.4184242016566695e-05,4.41858693009698e-05,4.278364007290812,4.278206443003179,0.00015756428763324948,7.744301232039318e-17,3.872150616019659e-17,3.872150616019659e-17,True,0.005803499996545725,0.015625,,
359,arpack_matvec,central_difference,1.0,0.0019917962667916496,0.27096704563812596,71146808.38611725,328.9239843547744,328.92738451050906,328.92456779157345,328.927967947308,2,sparse_direct,not_applicable,2.323290369611795e-16,1.5488602464078636e-16,0.002891199997975491,0.0031964999943738803,0.0,0.0,4.418406895773092e-05,4.4186042178798886e-05,4.278380764658606,4.278189704526371,0.00019106013223524343,7.744301232039318e-17,0.0,7.744301232039318e-17,True,0.006336600010399707,0.0,,
360,arpack_matvec,central_difference,1.0,0.0019917962667916496,0.21528534185725762,68820267.81645128,328.92398435477446,328.927902633174,328.9240496689085,328.92796794730805,2,sparse_direct,not_applicable,1.9360753080098294e-16,1.5488602464078636e-16,0.002771200001006946,0.003006500002811663,0.0,0.0,4.418357117733214e-05,4.418654034110336e-05,4.27842896569864,4.278141471901103,0.0002874937975372305,0.0,3.872150616019659e-17,3.872150616019659e-17,True,0.006211700005223975,0.015625,,
361,arpack_matvec,central_difference,1.0,0.0019917962667916496,0.2187631649376484,65822226.29423237,328.9240322365725,328.92796794730805,328.92398435477446,328.92792006551,2,sparse_direct,not_applicable,1.9360753080098294e-16,2.710505431213761e-16,0.0033436000085202977,0.002318900005775504,0.0,0.0,4.418389438813436e-05,4.4186216811651986e-05,4.278397668447064,4.278172796256595,0.00022487219046851692,7.744301232039318e-17,7.744301232039318e-17,0.0,True,0.006024199989042245,0.0,,
362,arpack_matvec,central_difference,1.0,0.0019917962667916496,0.22468562244435356,56979874.64762454,328.92398435477446,328.92765132546725,328.92430097661526,328.92796794730805,2,sparse_direct,not_applicable,2.323290369611795e-16,1.4036545983071262e-16,0.002840199987986125,0.0026005999970948324,0.0,0.0,4.418364567150478e-05,4.418646583839261e-05,4.278421752214529,4.2781486852667925,0.0002730669477362113,0.0,1.5488602464078636e-16,1.5488602464078636e-16,True,0.0058359999966342,0.0,,
363,arpack_matvec,central_difference,1.0,0.0019917962667916496,0.27633731848285314,90229372.3516979,328.92398435477446,328.92762710803936,328.92432519404315,328.92796794730805,2,sparse_direct,not_applicable,1.5488602464078636e-16,1.9360753080098294e-16,0.002401799996732734,0.0026436000043759122,0.015625,0.0,4.4184189254822875e-05,4.4185921867262334e-05,4.278369116221168,4.278201353385448,0.00016776283572017547,3.872150616019659e-17,7.744301232039318e-17,1.1616451848058975e-16,True,0.005428599994047545,0.015625,,
364,arpack_matvec,central_difference,1.0,0.0019917962667916496,0.2628804484759885,62440481.13531903,328.92398435477446,328.92743215061705,328.92452015146534,328.92796794730805,2,sparse_direct,not_applicable,3.097720492815727e-16,2.323290369611795e-16,0.0032638999982737005,0.0021935999975539744,0.0,0.0,4.418407016520591e-05,4.418604126988584e-05,4.278380647737785,4.278189792529331,0.00019085520845329995,1.5488602464078636e-16,3.872150616019659e-17,1.1616451848058975e-16,True,0.005783500004326925,0.0,,
365,arpack_matvec,central_difference,1.0,0.0019917962667916496,0.2739739872115937,94340903.72415523,328.92398435477446,328.92753299779133,328.9244193042912,328.92796794730805,2,sparse_direct,not_applicable,2.323290369611795e-16,1.1616451848058975e-16,0.0024523000029148534,0.003158799998345785,0.0,0.015625,4.41840023880731e-05,4.4186108715786794e-05,4.278387210664584,4.278183262278685,0.00020394838589865572,3.872150616019659e-17,7.744301232039318e-17,3.872150616019659e-17,True,0.00598790000367444,0.015625,,
366,arpack_matvec,central_difference,1.0,0.0019917962667916496,0.2620857818311428,47894345.401928775,328.9240842552316,328.927967947308,328.9239843547744,328.9278680468509,2,sparse_direct,not_applicable,2.323290369611795e-16,1.5488602464078636e-16,0.0024667000107001513,0.002384400009759702,0.0,0.0,4.4183681746009926e-05,4.418642967753414e-05,4.278418259025609,4.2781521863763015,0.0002660726493077803,7.744301232039318e-17,0.0,7.744301232039318e-17,True,0.005366500001400709,0.0,,
367,arpack_matvec,central_difference,1.0,0.0019917962667916496,0.24760926329854308,63826379.19059232,328.92398435477446,328.92788106805864,328.92407123402387,328.92796794730805,2,sparse_direct,not_applicable,2.2748884869115496e-16,2.323290369611795e-16,0.0019829000084428117,0.0027944000030402094,0.0,0.0,4.4184059034680135e-05,4.4186052096489794e-05,4.278381725516221,4.278188744273958,0.00019298124226274638,7.744301232039318e-17,0.0,7.744301232039318e-17,True,0.005662299998220988,0.0,,
368,arpack_matvec,central_difference,1.0,0.0019917962667916496,0.2205700380027018,67088811.62716093,328.9240301928178,328.92796794730805,328.92398435477446,328.9279221092647,2,sparse_direct,not_applicable,2.710505431213761e-16,1.9360753080098294e-16,0.0030639000033261254,0.0017074999923352152,0.015625,0.0,4.418372914820911e-05,4.4186382496176415e-05,4.2784136689550465,4.278156754503795,0.0002569144512518662,0.0,3.872150616019659e-17,3.872150616019659e-17,True,0.005102499999338761,0.015625,,
369,arpack_matvec,central_difference,1.0,0.0019917962667916496,0.2640918395064698,67786744.78449558,328.9239843547744,328.9276050400528,328.9243472620297,328.927967947308,2,sparse_direct,not_applicable,1.9360753080098294e-16,1.9360753080098294e-16,0.002729900006670505,0.003403399998205714,0.0,0.0,4.418427373151527e-05,4.4185837406416214e-05,4.278360936331781,4.278209531130341,0.0001514052014401912,0.0,7.744301232039318e-17,7.744301232039318e-17,True,0.006517800007713959,0.0,,
370,arpack_matvec,central_difference,1.0,0.0019917962667916496,0.2778232276309974,62784552.123977646,328.92410320596446,328.92796794730805,328.92398435477446,328.92784909611805,2,sparse_direct,not_applicable,2.710505431213761e-16,2.710505431213761e-16,0.0021172999986447394,0.0024972999963210896,0.0,0.0,4.418435858038045e-05,4.418575287424786e-05,4.278352720436338,4.278217715812163,0.0001350046241750391,3.872150616019659e-17,0.0,3.872150616019659e-17,True,0.004931600007694215,0.0,,
371,arpack_matvec,central_difference,1.0,0.0019917962667916496,0.29704055419381303,89161582.19651555,328.9239843547745,328.92740603339075,328.92454626869176,328.9279679473081,2,sparse_direct,not_applicable,1.9360753080098294e-16,1.9360753080098294e-16,0.003241699989303015,0.001963399990927428,0.015625,0.0,4.418470108014192e-05,4.418540999368236e-05,4.278319556586625,4.278250914954366,6.864163225905884e-05,3.872150616019659e-17,7.744301232039318e-17,1.1616451848058975e-16,True,0.00561819999711588,0.015625,,
372,arpack_matvec,central_difference,1.0,0.0019917962667916496,0.2287241898306274,59501041.098334104,328.92398435477446,328.92762102400565,328.92433127807686,328.92796794730805,2,sparse_direct,not_applicable,1.1616451848058975e-16,2.323290369611795e-16,0.0027523000026121736,0.0033618000015849248,0.0,0.0,4.4184821818590606e-05,4.418528977255136e-05,4.2783078657469895,4.278262555393217,4.531035377208781e-05,3.872150616019659e-17,3.872150616019659e-17,0.0,True,0.006544099989696406,0.0,,
373,arpack_matvec,central_difference,1.0,0.0019917962667916496,0.24606384964773542,81605060.70821247,328.9240716193348,328.92796794730805,328.92398435477446,328.9278806827477,2,sparse_direct,not_applicable,3.097720492815727e-16,1.5488602464078636e-16,0.0019220999965909868,0.002494000000297092,0.0,0.0,4.418505771515802e-05,4.41850533969273e-05,4.27828502458321,4.27828544270247,4.1811926010382194e-07,0.0,1.1616451848058975e-16,1.1616451848058975e-16,True,0.004732399989734404,0.0,,
374,arpack_matvec,central_difference,1.0,0.0019917962667916496,0.2138641233667736,58507158.687821046,328.9241973884273,328.92796794730805,328.92398435477446,328.92775491365524,2,sparse_direct,not_applicable,1.9360753080098294e-16,1.3552527156068805e-16,0.003582799996365793,0.002374699994106777,0.0,0.0,4.418541576326198e-05,4.4184695997533514e-05,4.278250356315077,4.278320048725871,6.969241079435307e-05,7.744301232039318e-17,3.872150616019659e-17,1.1616451848058975e-16,True,0.006326900009298697,0.015625,,
375,arpack_matvec,central_difference,1.0,0.0019917962667916496,0.2810920175237998,92099649.3497728,328.924139137161,328.92796794730805,328.92398435477446,328.92781316492153,2,sparse_direct,not_applicable,3.4849355544176928e-16,1.9360753080098294e-16,0.0020892999891657382,0.0036404999991646037,0.0,0.0,4.4185396973563537e-05,4.418471407086427e-05,4.278252175627329,4.278318298720356,6.612309302678199e-05,3.872150616019659e-17,7.744301232039318e-17,3.872150616019659e-17,True,0.006034099991666153,0.0,,
376,arpack_matvec,central_difference,1.0,0.0019917962667916496,0.27099114985382544,56350482.40876475,328.92443658471313,328.92796794730805,328.92398435477446,328.9275157173694,2,sparse_direct,not_applicable,1.1616451848058975e-16,1.1616451848058975e-16,0.0022831999958725646,0.002490699989721179,0.0,0.015625,4.418584606604785e-05,4.418426534844652e-05,4.278208692678169,4.2783617480640475,0.0001530553858781758,3.872150616019659e-17,0.0,3.872150616019659e-17,True,0.005111099992063828,0.015625,,
377,arpack_matvec,central_difference,1.0,0.0019917962667916496,0.24738125176644207,79147375.7479783,328.9243472816661,328.92796794730805,328.92398435477446,328.9276050204164,2,sparse_direct,not_applicable,3.097720492815727e-16,1.3068508329066348e-16,0.002347900008317083,0.002727800005231984,0.0,0.0,4.4185899884231074e-05,4.418421122332676e-05,4.2782034818434935,4.278366989004999,0.0001635071615053718,3.872150616019659e-17,7.744301232039318e-17,1.1616451848058975e-16,True,0.005399999994551763,0.0,,
378,arpack_matvec,central_difference,1.0,0.0019917962667916496,0.25294780995456917,56437480.88094126,328.92410973887763,328.92796794730805,328.92398435477446,328.9278425632049,2,sparse_direct,not_applicable,2.323290369611795e-16,1.9360753080098294e-16,0.002627800000482239,0.0032341000041924417,0.0,0.0,4.418639937450909e-05,4.4183712128449377e-05,4.278155120332331,4.27841531701876,0.0002601966864297367,7.744301232039318e-17,1.1616451848058975e-16,1.9360753080098294e-16,True,0.006239599999389611,0.0,,
379,arpack_matvec,central_difference,1.0,0.0019917962667916496,0.2499613212537568,79212009.312236,328.92449717495043,328.92796794730805,328.92398435477446,328.9274551271321,2,sparse_direct,not_applicable,1.1616451848058975e-16,1.5488602464078636e-16,0.002488500002073124,0.0020139999978709966,0.015625,0.0,4.4186004580399814e-05,4.4184106469541885e-05,4.278193344889091,4.278377132361309,0.00018378747221792224,3.872150616019659e-17,1.1616451848058975e-16,1.5488602464078636e-16,True,0.004768400001921691,0.015625,,
380,arpack_matvec,central_difference,1.0,0.0019917962667916496,0.22046114730783256,39492614.26450585,328.92438921951316,328.92796794730805,328.92398435477446,328.92756308256935,2,sparse_direct,not_applicable,1.5488602464078636e-16,2.710505431213761e-16,0.0028043999918736517,0.0027304000104777515,0.0,0.0,4.4186691568378187e-05,4.418342010473116e-05,4.278126830124288,4.278443594565994,0.00031676444170614104,0.0,0.0,0.0,True,0.005925399993429892,0.0,,
381,arpack_matvec,central_difference,1.0,0.0019917962667916496,0.280870162859919,83685572.78299645,328.9239843547744,328.9276178682434,328.92433443383914,328.927967947308,2,sparse_direct,not_applicable,1.9360753080098294e-16,2.710505431213761e-16,0.0025926000089384615,0.0034574000019347295,0.0,0.0,4.418581050790386e-05,4.418430053865927e-05,4.2782121355291425,4.278358340598991,0.00014620506984819315,1.1616451848058975e-16,7.744301232039318e-17,3.872150616019659e-17,True,0.006378999998560175,0.015625,,
382,arpack_matvec,central_difference,1.0,0.0019917962667916496,0.23595882415864936,58351939.69332487,328.9243333416171,328.92796794730805,328.92398435477446,328.9276189604653,2,sparse_direct,not_applicable,9.19635771304669e-17,1.9360753080098294e-16,0.002122699996107258,0.002812100006849505,0.0,0.0,4.4186255686888634e-05,4.418385599554774e-05,4.278169032303817,4.278401386066303,0.0002323537624864258,7.744301232039318e-17,3.872150616019659e-17,1.1616451848058975e-16,True,0.00541519999387674,0.0,,
383,arpack_matvec,central_difference,1.0,0.0019917962667916496,0.2865098601598368,81110653.62726898,328.9247851598326,328.92796794730805,328.92398435477446,328.9271671422498,2,sparse_direct,not_applicable,1.5488602464078636e-16,1.9360753080098294e-16,0.0027304999966872856,0.0027053999947384,0.0,0.0,4.4186051712991027e-05,4.418405935433433e-05,4.278188781405135,4.278381694563821,0.000192913158685748,3.872150616019659e-17,3.872150616019659e-17,0.0,True,0.005831700007547624,0.0,,
384,arpack_matvec,central_difference,1.0,0.0019917962667916496,0.18346367682752804,45736592.533800855,328.92423918943183,328.92796794730805,328.92398435477446,328.9277131126507,2,sparse_direct,not_applicable,2.710505431213761e-16,3.097720492815727e-16,0.0033589999948162585,0.002141100005246699,0.0,0.0,4.4187302715941515e-05,4.418280911457976e-05,4.278067660031815,4.278502759814922,0.00043509978310662945,0.0,0.0,0.0,True,0.006058400002075359,0.0,,
385,arpack_matvec,central_difference,1.0,0.0019917962667916496,0.2536292650038082,73747755.03413317,328.92435679641295,328.92796794730805,328.92398435477446,328.92759550566956,2,sparse_direct,not_applicable,2.710505431213761e-16,2.323290369611795e-16,0.0034213999897474423,0.003393200007849373,0.0,0.0,4.418617258476443e-05,4.4183938526863614e-05,4.278177078371478,4.278393394427078,0.00021631605560035183,0.0,3.872150616019659e-17,3.872150616019659e-17,True,0.007430500001646578,0.0,,
386,arpack_matvec,central_difference,1.0,0.0019917962667916496,0.1732701007113747,44414787.642362386,328.92441108875323,328.92796794730805,328.92398435477446,328.9275412133293,2,sparse_direct,not_applicable,1.1616451848058975e-16,1.1616451848058975e-16,0.003057099995203316,0.002166100006434135,0.0,0.015625,4.418795216108536e-05,4.4182159590928775e-05,4.278004783837491,4.278565658250829,0.000560874413338297,7.744301232039318e-17,3.872150616019659e-17,1.1616451848058975e-16,True,0.005672200000844896,0.015625,,
387,arpack_matvec,central_difference,1.0,0.0019917962667916496,0.288794000095491,75996841.62698701,328.9248030383159,328.92796794730805,328.92398435477446,328.92714926376664,2,sparse_direct,not_applicable,1.9360753080098294e-16,3.872150616019659e-16,0.003308900006231852,0.002187399993999861,0.0,0.0,4.418606234937108e-05,4.4184048731763825e-05,4.278187751568137,4.2783827231570015,0.00019497158886494503,7.744301232039318e-17,7.744301232039318e-17,1.5488602464078636e-16,True,0.0058763000124599785,0.0,,
388,arpack_matvec,central_difference,1.0,0.0019917962667916496,0.26057771305816185,58300409.435954675,328.92438027721715,328.92796794730805,328.92398435477446,328.92757202486536,2,sparse_direct,not_applicable,1.2100470675061434e-16,1.9360753080098294e-16,0.0030963000026531518,0.0029195999959483743,0.0,0.0,4.418595669812911e-05,4.418415491246168e-05,4.278197980968677,4.278372441605524,0.00017446063684634083,1.1616451848058975e-16,3.872150616019659e-17,7.744301232039318e-17,True,0.006464700010837987,0.0,,
389,arpack_matvec,central_difference,1.0,0.0019917962667916496,0.2671392158037478,82722886.47013661,328.9239843547744,328.9276964697936,328.9242558322889,328.927967947308,2,sparse_direct,not_applicable,1.1616451848058975e-16,3.097720492815727e-16,0.002431200002320111,0.003100400004768744,0.015625,0.0,4.418557547947501e-05,4.418453565714703e-05,4.278234891857776,4.278335574236775,0.00010068237899840682,0.0,3.872150616019659e-17,3.872150616019659e-17,True,0.005909100000280887,0.015625,,
390,arpack_matvec,central_difference,1.0,0.0019917962667916496,0.21682421094152685,53629132.13526719,328.92398435477446,328.92778893483194,328.92416336725057,328.92796794730805,2,sparse_direct,not_applicable,2.323290369611795e-16,1.5488602464078636e-16,0.0024581000034231693,0.002333100012037903,0.0,0.0,4.4185707558764405e-05,4.4184404157275507e-05,4.278222103418808,4.278348307249454,0.00012620383064554375,3.872150616019659e-17,0.0,3.872150616019659e-17,True,0.005832900002133101,0.0,,
391,arpack_matvec,central_difference,1.0,0.0019917962667916496,0.20535264951840587,77910080.27270323,328.9240169100939,328.92796794730805,328.92398435477446,328.9279353919886,2,sparse_direct,not_applicable,3.4849355544176928e-16,1.5488602464078636e-16,0.002262699999846518,0.0030270999995991588,0.0,0.015625,4.4185170895164676e-05,4.4184940297525765e-05,4.2782740657859994,4.278296393753211,2.232796721113317e-05,1.1616451848058975e-16,7.744301232039318e-17,1.9360753080098294e-16,True,0.005672900006175041,0.015625,,
392,arpack_matvec,central_difference,1.0,0.0019917962667916496,0.23297867559545188,59555012.644517235,328.92398435477446,328.9277497956339,328.92420250644864,328.92796794730805,2,sparse_direct,not_applicable,3.097720492815727e-16,2.323290369611795e-16,0.0018211000133305788,0.0038992999907350168,0.0,0.0,4.418493014413395e-05,4.4185181363268036e-05,4.278297376876177,4.278273052201495,2.432467468160837e-05,7.744301232039318e-17,0.0,7.744301232039318e-17,True,0.006059100007405505,0.0,,
393,arpack_matvec,central_difference,1.0,0.0019917962667916496,0.23639819621352443,65024296.00167657,328.92398435477446,328.9276449454533,328.9243073566292,328.92796794730805,2,sparse_direct,not_applicable,1.1616451848058975e-16,1.5488602464078636e-16,0.002057499994407408,0.003038499999092892,0.0,0.0,4.418459601439062e-05,4.418551516962458e-05,4.278329729925279,4.278240731321352,8.89986039265267e-05,3.872150616019659e-17,1.1616451848058975e-16,1.5488602464078636e-16,True,0.005428799995570444,0.0,,
394,arpack_matvec,central_difference,1.0,0.0019917962667916496,0.2164803645589356,59919387.59035639,328.92398435477446,328.92789804785156,328.92405425423095,328.92796794730805,2,sparse_direct,not_applicable,1.5488602464078636e-16,2.323290369611795e-16,0.0026408000121591613,0.0026485000125830993,0.015625,0.0,4.4184227646213684e-05,4.4185883941435325e-05,4.278365398773801,4.278205025470512,0.00016037330328888544,1.1616451848058975e-16,3.872150616019659e-17,7.744301232039318e-17,True,0.005774199991719797,0.015625,,
395,arpack_matvec,central_difference,1.0,0.0019917962667916496,0.24910509557478944,80092859.54492453,328.92398435477446,328.9279281652304,328.9240241368521,328.92796794730805,2,sparse_direct,not_applicable,2.323290369611795e-16,1.9360753080098294e-16,0.0028165000112494454,0.003572999994503334,0.0,0.0,4.4184161722506307e-05,4.418594939223385e-05,4.27837178218581,4.278198688344366,0.00017309384144414963,3.872150616019659e-17,1.1616451848058975e-16,1.5488602464078636e-16,True,0.006778900002245791,0.0,,
396,arpack_matvec,central_difference,1.0,0.0019917962667916496,0.20613212847738924,62105392.352897845,328.92398435477446,328.92794320815017,328.92400909393234,328.92796794730805,2,sparse_direct,not_applicable,3.097720492815727e-16,2.710505431213761e-16,0.002729700005147606,0.0028236000071046874,0.0,0.015625,4.4183487791308993e-05,4.418662388644571e-05,4.278437040234956,4.278133383055147,0.00030365717980895823,0.0,1.1616451848058975e-16,1.1616451848058975e-16,True,0.005885099992156029,0.015625,,
397,arpack_matvec,central_difference,1.0,0.0019917962667916496,0.2830465864113359,78890974.93033428,328.92398435477446,328.92727052536833,328.9246817767142,328.92796794730805,2,sparse_direct,not_applicable,3.872150616019659e-16,1.9360753080098294e-16,0.0018135999998776242,0.0027701999933924526,0.0,0.0,4.4184147321661214e-05,4.4185963821841346e-05,4.2783731766264195,4.2781972912326465,0.00017588539377300094,7.744301232039318e-17,7.744301232039318e-17,0.0,True,0.004902699991362169,0.0,,
398,arpack_matvec,central_difference,1.0,0.0019917962667916496,0.2770049050536058,70110424.95261954,328.92398435477446,328.9271908916274,328.9247614104551,328.92796794730805,2,sparse_direct,not_applicable,1.5488602464078636e-16,2.323290369611795e-16,0.003412999998545274,0.002503800002159551,0.0,0.0,4.4184013688339276e-05,4.418609767432558e-05,4.278386116447236,4.278184331334272,0.0002017851129645365,0.0,7.744301232039318e-17,7.744301232039318e-17,True,0.0064264000102411956,0.0,,
399,arpack_matvec,central_difference,1.0,0.0019917962667916496,0.2685633089747665,80730142.47047469,328.9239843547745,328.9275921428547,328.92436015922783,328.9279679473081,2,sparse_direct,not_applicable,1.5488602464078636e-16,2.710505431213761e-16,0.0018677000043680891,0.0026988000026904047,0.0,0.0,4.418401719227662e-05,4.418609394874662e-05,4.278385777157197,4.278184692052137,0.00020108510506045008,7.744301232039318e-17,1.1616451848058975e-16,3.872150616019659e-17,True,0.004845000003115274,0.0,,
400,arpack_matvec,central_difference,1.0,0.0019917962667916496,0.27813666207633725,58781510.518788464,328.92398435477446,328.9278629119667,328.9240893901158,328.92796794730805,2,sparse_direct,not_applicable,1.5488602464078636e-16,1.3552527156068805e-16,0.002908700000261888,0.0027595999999903142,0.0,0.0,4.418375815871738e-05,4.418635322194504e-05,4.278410859801632,4.2781595888574255,0.00025127094420618334,3.872150616019659e-17,1.9360753080098294e-16,2.323290369611795e-16,True,0.006085600005462766,0.015625,,
401,arpack_matvec,central_difference,1.0,0.0019917962667916496,0.2459048524392288,65748554.5397517,328.9239843547744,328.9275990281516,328.92435327393093,328.927967947308,2,sparse_direct,not_applicable,2.323290369611795e-16,1.5488602464078636e-16,0.00345579998975154,0.002183000004151836,0.0,0.0,4.4183733025116586e-05,4.418637818948221e-05,4.278413293545076,4.278157171481009,0.00025612206406666616,0.0,3.872150616019659e-17,3.872150616019659e-17,True,0.0060427999997045845,0.0,,
402,arpack_matvec,central_difference,1.0,0.0019917962667916496,0.28158345891060926,72547301.52089337,328.92398435477446,328.92758368127835,328.92436862080416,328.92796794730805,2,sparse_direct,not_applicable,1.9360753080098294e-16,1.1616451848058975e-16,0.00251580000622198,0.0028461000038078055,0.015625,0.0,4.418369220242304e-05,4.4186419098142326e-05,4.278417246504778,4.278153210678545,0.0002640358262322451,0.0,0.0,0.0,True,0.005734399994253181,0.015625,,
403,arpack_matvec,central_difference,1.0,0.0019917962667916496,0.2814140688681113,65467411.94868597,328.9239843547745,328.927576118034,328.9243761840485,328.9279679473081,2,sparse_direct,not_applicable,3.097720492815727e-16,2.710505431213761e-16,0.00278170000819955,0.0024440999986836687,0.0,0.0,4.418398307598062e-05,4.418612808653583e-05,4.278389080677283,4.278181386766666,0.0002076939106174791,3.872150616019659e-17,7.744301232039318e-17,3.872150616019659e-17,True,0.005676200002199039,0.0,,
404,arpack_matvec,central_difference,1.0,0.0019917962667916496,0.3104777453198484,56689874.10856585,328.92398435477446,328.9273591996243,328.9245931024581,328.92796794730805,2,sparse_direct,not_applicable,1.5488602464078636e-16,1.9360753080098294e-16,0.0030006000015418977,0.0025378999998793006,0.0,0.0,4.4184036890949276e-05,4.41860743671301e-05,4.278383869714445,4.278186587983678,0.0001972817307676067,0.0,7.744301232039318e-17,7.744301232039318e-17,True,0.005876999988686293,0.0,,
405,arpack_matvec,central_difference,1.0,0.0019917962667916496,0.2952460086361092,96113901.39815566,328.92398435477446,328.9272683772683,328.9246839248142,328.92796794730805,2,sparse_direct,not_applicable,3.4849355544176928e-16,2.710505431213761e-16,0.002368500005104579,0.002862299996195361,0.0,0.0,4.418435962338598e-05,4.4185751519070246e-05,4.278352619442558,4.27821784702516,0.0001347724173976772,1.5488602464078636e-16,7.744301232039318e-17,2.323290369611795e-16,True,0.00557009999465663,0.015625,,
406,arpack_matvec,central_difference,1.0,0.0019917962667916496,0.28796053566685637,73683061.98116565,328.92398435477446,328.9276758710544,328.924276431028,328.92796794730805,2,sparse_direct,not_applicable,1.9360753080098294e-16,3.4849355544176928e-16,0.0027525000041350722,0.0034733000065898523,0.0,0.0,4.4184482933743535e-05,4.4185628380630744e-05,4.278340679386768,4.278229769749557,0.00011090963721116509,3.872150616019659e-17,3.872150616019659e-17,0.0,True,0.006620700005441904,0.0,,
407,arpack_matvec,central_difference,1.0,0.0019917962667916496,0.29659287020175706,95607644.85063013,328.92398435477446,328.92719793980206,328.92475436228045,328.92796794730805,2,sparse_direct,not_applicable,1.9360753080098294e-16,1.9360753080098294e-16,0.0024634000001242384,0.001883699995232746,0.0,0.015625,4.418442081222736e-05,4.4185690324245946e-05,4.278346694561457,4.278223772128684,0.0001229224327730094,0.0,1.1616451848058975e-16,1.1616451848058975e-16,True,0.004705400002421811,0.015625,,
408,arpack_matvec,central_difference,1.0,0.0019917962667916496,0.2487837410250633,53920276.73401632,328.9240573323389,328.927967947308,328.9239843547744,328.9278949697436,2,sparse_direct,not_applicable,1.8634724839594607e-16,1.5488602464078636e-16,0.0030817999941064045,0.0029682000022148713,0.0,0.0,4.4184100690979686e-05,4.41860107992553e-05,4.278377691903497,4.2781927427648965,0.00018494913860056528,3.872150616019659e-17,3.872150616019659e-17,7.744301232039318e-17,True,0.0065223999990848824,0.0,,
409,arpack_matvec,central_difference,1.0,0.0019917962667916496,0.24341138541295584,68025906.82136433,328.9239843547745,328.9277167178127,328.9242355842698,328.9279679473081,2,sparse_direct,not_applicable,1.9360753080098294e-16,2.323290369611795e-16,0.0029026999982306734,0.0034702999982982874,0.0,0.0,4.4184256203913386e-05,4.418585505869679e-05,4.278362633529237,4.278207821982585,0.00015481154665142327,0.0,3.872150616019659e-17,3.872150616019659e-17,True,0.006772499997168779,0.0,,
410,arpack_matvec,central_difference,1.0,0.0019917962667916496,0.26200357021594295,73137703.74802086,328.92398435477446,328.9276942564945,328.92425804558803,328.92796794730805,2,sparse_direct,not_applicable,1.5730611877579863e-16,1.5488602464078636e-16,0.002282000001287088,0.002555300001404248,0.015625,0.0,4.418429583064677e-05,4.418581564099214e-05,4.278358796475093,4.2782116385271,0.0001471579479925822,3.872150616019659e-17,1.1616451848058975e-16,1.5488602464078636e-16,True,0.0051407999999355525,0.015625,,
411,arpack_matvec,central_difference,1.0,0.0019917962667916496,0.23697350477585127,72533178.32098962,328.9239843547744,328.9278494296113,328.9241028724712,328.927967947308,2,sparse_direct,not_applicable,4.2593656776216244e-16,1.5488602464078636e-16,0.0024083000025711954,0.0023523000127170235,0.0,0.0,4.4184506734682816e-05,4.4185604501543194e-05,4.278338374766116,4.278232081819843,0.00010629294627229058,1.9360753080098294e-16,0.0,1.9360753080098294e-16,True,0.005162800007383339,0.0,,
412,arpack_matvec,central_difference,1.0,0.0019917962667916496,0.2870788087171796,57423050.91195181,328.924137299766,328.92796794730805,328.92398435477446,328.9278150023165,2,sparse_direct,not_applicable,1.9360753080098294e-16,1.9360753080098294e-16,0.002390699999523349,0.0039588999934494495,0.0,0.015625,4.4184757868933296e-05,4.418535350120313e-05,4.278314057844334,4.278256384843862,5.767300047132551e-05,0.0,3.872150616019659e-17,3.872150616019659e-17,True,0.006669599999440834,0.015625,,
413,arpack_matvec,central_difference,1.0,0.0019917962667916496,0.2770077832475996,93240972.49712463,328.9239843547745,328.9274927711782,328.9244595309043,328.9279679473081,2,sparse_direct,not_applicable,1.9360753080098294e-16,1.9360753080098294e-16,0.003051799998502247,0.002996399998664856,0.0,0.0,4.418495944171726e-05,4.418515164714935e-05,4.278294540078872,4.278275929495452,1.8610583420120008e-05,1.1616451848058975e-16,7.744301232039318e-17,1.9360753080098294e-16,True,0.006482500000856817,0.0,,
414,arpack_matvec,central_difference,1.0,0.0019917962667916496,0.2471264743180259,59369479.58182285,328.92398435477446,328.9277225152733,328.92422978680924,328.92796794730805,2,sparse_direct,not_applicable,1.5488602464078636e-16,3.097720492815727e-16,0.002803199997288175,0.0019595999910961837,0.0,0.0,4.418525077601015e-05,4.418486070023031e-05,4.278266331255957,4.278304100936547,3.776968058932795e-05,7.744301232039318e-17,0.0,7.744301232039318e-17,True,0.005097300003399141,0.0,,
415,arpack_matvec,central_difference,1.0,0.0019917962667916496,0.24400913932519616,70630102.61381106,328.92398435477446,328.92779006422705,328.92416223785546,328.92796794730805,2,sparse_direct,not_applicable,3.097720492815727e-16,1.5488602464078636e-16,0.005495999997947365,0.005405000003520399,0.0,0.0,4.418539821996863e-05,4.418471291298461e-05,4.278252054944128,4.278318410835551,6.635589142334197e-05,7.744301232039318e-17,3.872150616019659e-17,1.1616451848058975e-16,True,0.011447700002463534,0.0,,
416,arpack_matvec,central_difference,1.0,0.0019917962667916496,0.22805268238927986,57349559.76484965,328.92398435477446,328.9278891131488,328.9240631889337,328.92796794730805,2,sparse_direct,not_applicable,2.710505431213761e-16,2.710505431213761e-16,0.004266099989763461,0.0035931000020354986,0.0,0.0,4.418581921734989e-05,4.418429231025779e-05,4.278211292252761,4.278359137353862,0.0001478451011003301,3.872150616019659e-17,7.744301232039318e-17,3.872150616019659e-17,True,0.008378200000151992,0.0,,
417,arpack_matvec,central_difference,1.0,0.0019917962667916496,0.24789377673724008,70667220.38604414,328.9242352669228,328.92796794730805,328.92398435477446,328.92771703515973,2,sparse_direct,not_applicable,2.710505431213761e-16,1.5488602464078636e-16,0.00267060000624042,0.003182899992680177,0.0,0.0,4.4185645595707974e-05,4.418446546433409e-05,4.278228102917379,4.27834237093343,0.00011426801605107784,3.872150616019659e-17,3.872150616019659e-17,0.0,True,0.0063322999922093,0.0,,
418,arpack_matvec,central_difference,1.0,0.0019917962667916496,0.23051537854935789,59543369.89711424,328.92421533364677,328.92796794730805,328.92398435477446,328.92773696843574,2,sparse_direct,not_applicable,1.5972621291081093e-16,1.1616451848058975e-16,0.003009699998074211,0.0028700999973807484,0.0,0.0,4.418597738640248e-05,4.418413414149322e-05,4.2781959778777745,4.278374452869087,0.000178474991312072,7.744301232039318e-17,7.744301232039318e-17,1.5488602464078636e-16,True,0.006310700002359226,0.0,,
419,arpack_matvec,central_difference,1.0,0.0019917962667916496,0.23455370027683684,66741699.18641322,328.92398435477446,328.9277649887205,328.92418731336187,328.92796794730805,2,sparse_direct,not_applicable,2.710505431213761e-16,1.5488602464078636e-16,0.003075500004342757,0.002597099999547936,0.015625,0.0,4.4185880391561395e-05,4.418423074086901e-05,4.278205369179596,4.278365099117882,0.00015972993828583526,7.744301232039318e-17,0.0,7.744301232039318e-17,True,0.006449399996199645,0.015625,,
420,arpack_matvec,central_difference,1.0,0.0019917962667916496,0.29869347664312906,66470628.97930251,328.92398435477446,328.92735211343864,328.92460018864386,328.92796794730805,2,sparse_direct,not_applicable,2.710505431213761e-16,1.9360753080098294e-16,0.0031162999948719516,0.002882899992982857,0.0,0.0,4.418613480999185e-05,4.418397648991323e-05,4.278180735789509,4.278389718414333,0.00020898262482393903,7.744301232039318e-17,3.872150616019659e-17,3.872150616019659e-17,True,0.006448900006944314,0.0,,
421,arpack_matvec,central_difference,1.0,0.0019917962667916496,0.23139912390420692,84767219.38160631,328.92398435477446,328.9278361500505,328.924116152032,328.92796794730805,2,sparse_direct,not_applicable,1.5488602464078636e-16,2.710505431213761e-16,0.0031564999953843653,0.00309729999571573,0.0,0.015625,4.418615364360531e-05,4.418395744805835e-05,4.278178912286089,4.278391562261757,0.0002126499756682776,7.744301232039318e-17,7.744301232039318e-17,1.5488602464078636e-16,True,0.006684400010271929,0.015625,,
422,arpack_matvec,central_difference,1.0,0.0019917962667916496,0.2312544595224158,47516073.759998426,328.9245258601966,328.92796794730805,328.92398435477446,328.9274264418859,2,sparse_direct,not_applicable,1.1616451848058975e-16,1.476257422357495e-16,0.003844899998512119,0.0033759000070858747,0.0,0.0,4.4186669990240344e-05,4.418344152642372e-05,4.278128919306624,4.278441520225468,0.00031260091884366403,7.744301232039318e-17,3.872150616019659e-17,1.1616451848058975e-16,True,0.007771899996441789,0.0,,
423,arpack_matvec,central_difference,1.0,0.0019917962667916496,0.25164590648374596,80257818.74115154,328.92411423898056,328.92796794730805,328.92398435477446,328.92783806310194,2,sparse_direct,not_applicable,1.4036545983071262e-16,1.9360753080098294e-16,0.0035876000038115308,0.001994999998714775,0.0,0.0,4.418606963100219e-05,4.418404146678234e-05,4.278187046545371,4.278383426632063,0.00019638008669176088,1.1616451848058975e-16,7.744301232039318e-17,1.9360753080098294e-16,True,0.00597899999411311,0.0,,
424,arpack_matvec,central_difference,1.0,0.0019917962667916496,0.2869605588988963,57060022.81619924,328.9244517846274,328.92796794730805,328.92398435477446,328.9275005174551,2,sparse_direct,not_applicable,1.5488602464078636e-16,1.9360753080098294e-16,0.0037305000005289912,0.0023942999978316948,0.0,0.0,4.4186164566406516e-05,4.418394688311715e-05,4.27817785472207,4.278392585279358,0.0002147305572872682,7.744301232039318e-17,7.744301232039318e-17,1.5488602464078636e-16,True,0.006489699997473508,0.015625,,
425,arpack_matvec,central_difference,1.0,0.0019917962667916496,0.25304278957583576,71353401.23862946,328.924633459889,328.92796794730805,328.92398435477446,328.92731884219353,2,sparse_direct,not_applicable,1.9360753080098294e-16,2.710505431213761e-16,0.003344099997775629,0.0034956000017700717,0.0,0.0,4.4186308949791735e-05,4.418380216343474e-05,4.278163875328545,4.278406598731932,0.00024272340338704623,7.744301232039318e-17,7.744301232039318e-17,0.0,True,0.007317399999010377,0.0,,
426,arpack_matvec,central_difference,1.0,0.0019917962667916496,0.186015319389817,49312715.49554209,328.92452478880523,328.92796794730805,328.92398435477446,328.9274275132774,2,sparse_direct,not_applicable,3.097720492815727e-16,1.9360753080098294e-16,0.00342619999719318,0.0033159000013256446,0.015625,0.0,4.4188286998335834e-05,4.41818247593322e-05,4.277972367207279,4.278598083325579,0.0006257161183000903,7.744301232039318e-17,7.744301232039318e-17,0.0,True,0.007129100005840883,0.015625,,
427,ritz_0_real,central_difference,1.0,0.0019917962667916496,0.0912084287151846,18067.73246626317,328.92398435477446,328.9279679472988,328.9239843547837,328.92796794730805,2,sparse_direct,not_applicable,1.5488602464078636e-16,1.9360753080098294e-16,0.004044200002681464,0.0033715999888954684,0.0,0.0,4.4185061387568136e-05,4.4185061387592395e-05,4.2782846689965774,4.278284668994228,2.3492319201068312e-12,7.744301232039318e-17,1.1616451848058975e-16,1.9360753080098294e-16,True,0.007883300000685267,0.0,,
428,ritz_1_real,central_difference,1.0,0.0019917962667916496,0.10552947768436753,126175.63331683824,328.92398435477446,328.927967947308,328.9239843547745,328.92796794730805,2,sparse_direct,not_applicable,3.872150616019659e-16,1.1616451848058975e-16,0.002701400007936172,0.0027486000035423785,0.0,0.015625,4.418505976040145e-05,4.418505976039923e-05,4.278284826549431,4.278284826549647,2.1582735598713043e-13,3.872150616019659e-17,3.872150616019659e-17,7.744301232039318e-17,True,0.005828800000017509,0.015625,,
429,ritz_2_real,central_difference,1.0,0.0019917962667916496,0.09708234148227687,38351.1386758067,328.92400006064304,328.92796794730805,328.92398435477446,328.92795224143947,2,sparse_direct,not_applicable,1.1616451848058975e-16,1.5488602464078636e-16,0.0028734000079566613,0.002928700007032603,0.0,0.0,4.418506066140725e-05,4.418506066137306e-05,4.278284739308192,4.278284739311503,3.311129148642067e-12,7.744301232039318e-17,7.744301232039318e-17,0.0,True,0.006501700001535937,0.0,,
430,ritz_3_real,central_difference,1.0,0.0019917962667916496,0.115479432188741,229922.0788852261,328.92398435477446,328.9279522413763,328.9240000607062,328.92796794730805,2,sparse_direct,not_applicable,3.097720492815727e-16,2.710505431213761e-16,0.002684499995666556,0.00264910000259988,0.0,0.0,4.418505888333419e-05,4.418505888334785e-05,4.278284911472789,4.2782849114714665,1.3224976669334865e-12,3.872150616019659e-17,3.872150616019659e-17,7.744301232039318e-17,True,0.005656500012264587,0.0,,
431,ritz_4_real,central_difference,1.0,0.0019917962667916496,0.11806598487979898,310796.9880899609,328.9239843547788,328.92796794730805,328.92398435477446,328.9279679473037,2,sparse_direct,not_applicable,1.9360753080098294e-16,1.1616451848058975e-16,0.002059899998130277,0.0021339999948395416,0.015625,0.0,4.4185058535825585e-05,4.418505853581869e-05,4.278284945120833,4.278284945121501,6.679101716144942e-13,1.1616451848058975e-16,3.872150616019659e-17,7.744301232039318e-17,True,0.004520300004514866,0.015625,,
432,ritz_5_real,central_difference,1.0,0.0019917962667916496,0.1307164918242019,403916.2285250612,328.92398435477446,328.92795224140394,328.92400006067857,328.92796794730805,2,sparse_direct,not_applicable,1.5488602464078636e-16,2.710505431213761e-16,0.0023930000024847686,0.003088099998421967,0.0,0.0,4.418505783320469e-05,4.4185057833181845e-05,4.2782850131531625,4.278285013155375,2.212452443473012e-12,7.744301232039318e-17,1.5488602464078636e-16,2.323290369611795e-16,True,0.005823700004839338,0.0,,
