stage,stage_step,global_step,learning_rate,coefficient_loss,projected_temperature_loss,projected_potential_loss,terminal_current_loss,fixed_point_defect_loss,total_loss,finite,elapsed_wall_s
1,1,1,0.001,0.9966650851559185,0.0,0.0,0.0,0.0,0.9966650851559185,True,3.6622738000005484
1,2,2,0.001,0.9896485701313389,0.0,0.0,0.0,0.0,0.9896485701313389,True,3.663611399999354
1,3,3,0.001,0.9827424653240584,0.0,0.0,0.0,0.0,0.9827424653240584,True,3.664819500001613
1,4,4,0.001,0.9759389466854029,0.0,0.0,0.0,0.0,0.9759389466854029,True,3.665750599990133
1,5,5,0.001,0.9692302774057737,0.0,0.0,0.0,0.0,0.9692302774057737,True,3.6671462999947835
1,6,6,0.001,0.9626105269216935,0.0,0.0,0.0,0.0,0.9626105269216935,True,3.6691000999999233
1,7,7,0.001,0.9560729491943285,0.0,0.0,0.0,0.0,0.9560729491943285,True,3.670112199994037
1,8,8,0.001,0.9496094516958203,0.0,0.0,0.0,0.0,0.9496094516958203,True,3.6713618999929167
1,9,9,0.001,0.9432108498281147,0.0,0.0,0.0,0.0,0.9432108498281147,True,3.6724480999982916
1,10,10,0.001,0.9368675867822049,0.0,0.0,0.0,0.0,0.9368675867822049,True,3.6733976999821607
1,11,11,0.001,0.9305703111165855,0.0,0.0,0.0,0.0,0.9305703111165855,True,3.6758605999930296
1,12,12,0.001,0.9243100622335443,0.0,0.0,0.0,0.0,0.9243100622335443,True,3.677562700002454
1,13,13,0.001,0.9180782414532667,0.0,0.0,0.0,0.0,0.9180782414532667,True,3.679182399995625
1,14,14,0.001,0.9118665805038865,0.0,0.0,0.0,0.0,0.9118665805038865,True,3.680517399974633
1,15,15,0.001,0.9056671611638502,0.0,0.0,0.0,0.0,0.9056671611638502,True,3.6814327999891248
1,16,16,0.001,0.8994724543014738,0.0,0.0,0.0,0.0,0.8994724543014738,True,3.6823042999894824
1,17,17,0.001,0.8932753505112323,0.0,0.0,0.0,0.0,0.8932753505112323,True,3.6835943999758456
1,18,18,0.001,0.8870691785017849,0.0,0.0,0.0,0.0,0.8870691785017849,True,3.684995699994033
1,19,19,0.001,0.8808477194540651,0.0,0.0,0.0,0.0,0.8808477194540651,True,3.687044499994954
1,20,20,0.001,0.8746052252971633,0.0,0.0,0.0,0.0,0.8746052252971633,True,3.688855499989586
1,21,21,0.001,0.868336443246238,0.0,0.0,0.0,0.0,0.868336443246238,True,3.690862499992363
1,22,22,0.001,0.8620366440380502,0.0,0.0,0.0,0.0,0.8620366440380502,True,3.692704399989452
1,23,23,0.001,0.8557016498606285,0.0,0.0,0.0,0.0,0.8557016498606285,True,3.694857599999523
1,24,24,0.001,0.8493278589503651,0.0,0.0,0.0,0.0,0.8493278589503651,True,3.6971630999760237
1,25,25,0.001,0.8429122649790176,0.0,0.0,0.0,0.0,0.8429122649790176,True,3.6997779999801423
1,26,26,0.001,0.8364524700104476,0.0,0.0,0.0,0.0,0.8364524700104476,True,3.7026605999853928
1,27,27,0.001,0.8299466905173171,0.0,0.0,0.0,0.0,0.8299466905173171,True,3.70472329997574
1,28,28,0.001,0.8233937570187616,0.0,0.0,0.0,0.0,0.8233937570187616,True,3.7069481999787968
1,29,29,0.001,0.81679310881626,0.0,0.0,0.0,0.0,0.81679310881626,True,3.707989499991527
1,30,30,0.001,0.8101447850260477,0.0,0.0,0.0,0.0,0.8101447850260477,True,3.708919099997729
1,31,31,0.001,0.8034494113429914,0.0,0.0,0.0,0.0,0.8034494113429914,True,3.7098180999746546
1,32,32,0.001,0.7967081802870742,0.0,0.0,0.0,0.0,0.7967081802870742,True,3.7106889999995474
1,33,33,0.001,0.7899228230602027,0.0,0.0,0.0,0.0,0.7899228230602027,True,3.7115651999774855
1,34,34,0.001,0.783095573346507,0.0,0.0,0.0,0.0,0.783095573346507,True,3.712432100001024
1,35,35,0.001,0.7762291253545033,0.0,0.0,0.0,0.0,0.7762291253545033,True,3.7133255999942776
1,36,36,0.001,0.7693265887319874,0.0,0.0,0.0,0.0,0.7693265887319874,True,3.7147930999926757
1,37,37,0.001,0.7623914418213305,0.0,0.0,0.0,0.0,0.7623914418213305,True,3.716638599988073
1,38,38,0.001,0.7554274830511005,0.0,0.0,0.0,0.0,0.7554274830511005,True,3.7192976999795064
1,39,39,0.001,0.7484387793205703,0.0,0.0,0.0,0.0,0.7484387793205703,True,3.721464999980526
1,40,40,0.001,0.7414296108735429,0.0,0.0,0.0,0.0,0.7414296108735429,True,3.7231066999956965
1,41,41,0.001,0.7344044140311018,0.0,0.0,0.0,0.0,0.7344044140311018,True,3.724770599976182
1,42,42,0.001,0.7273677247378741,0.0,0.0,0.0,0.0,0.7273677247378741,True,3.7264545999933034
1,43,43,0.001,0.7203241257327899,0.0,0.0,0.0,0.0,0.7203241257327899,True,3.7281913999759126
1,44,44,0.001,0.713278198276531,0.0,0.0,0.0,0.0,0.713278198276531,True,3.7298494999995455
1,45,45,0.001,0.7062344771537276,0.0,0.0,0.0,0.0,0.7062344771537276,True,3.7315147999906912
1,46,46,0.001,0.6991974065050575,0.0,0.0,0.0,0.0,0.6991974065050575,True,3.7345808999962173
1,47,47,0.001,0.6921712941681282,0.0,0.0,0.0,0.0,0.6921712941681282,True,3.736925999983214
1,48,48,0.001,0.6851602630022016,0.0,0.0,0.0,0.0,0.6851602630022016,True,3.738609499996528
1,49,49,0.001,0.6781681985111081,0.0,0.0,0.0,0.0,0.6781681985111081,True,3.740242699976079
1,50,50,0.001,0.6711986926678686,0.0,0.0,0.0,0.0,0.6711986926678686,True,3.7418679999827873
1,51,51,0.001,0.6642549842047301,0.0,0.0,0.0,0.0,0.6642549842047301,True,3.7434827999968547
1,52,52,0.001,0.6573398959505818,0.0,0.0,0.0,0.0,0.6573398959505818,True,3.745124599983683
1,53,53,0.001,0.6504557702526776,0.0,0.0,0.0,0.0,0.6504557702526776,True,3.7467479999759234
1,54,54,0.001,0.6436044041918033,0.0,0.0,0.0,0.0,0.6436044041918033,True,3.748368100001244
1,55,55,0.001,0.6367869871438715,0.0,0.0,0.0,0.0,0.6367869871438715,True,3.7503598999755923
1,56,56,0.001,0.6300040440396101,0.0,0.0,0.0,0.0,0.6300040440396101,True,3.7531724000000395
1,57,57,0.001,0.6232553880393517,0.0,0.0,0.0,0.0,0.6232553880393517,True,3.755081599985715
1,58,58,0.001,0.6165400858998159,0.0,0.0,0.0,0.0,0.6165400858998159,True,3.7570416999806184
1,59,59,0.001,0.6098564380611957,0.0,0.0,0.0,0.0,0.6098564380611957,True,3.758147499989718
1,60,60,0.001,0.6032019739819978,0.0,0.0,0.0,0.0,0.6032019739819978,True,3.7590781999751925
1,61,61,0.001,0.5965734622834675,0.0,0.0,0.0,0.0,0.5965734622834675,True,3.7599411999981385
1,62,62,0.001,0.5899669352008116,0.0,0.0,0.0,0.0,0.5899669352008116,True,3.7608322000014596
1,63,63,0.001,0.5833777273436314,0.0,0.0,0.0,0.0,0.5833777273436314,True,3.7617841999744996
1,64,64,0.001,0.5768005292112725,0.0,0.0,0.0,0.0,0.5768005292112725,True,3.7628088999772444
1,65,65,0.001,0.5702294559079374,0.0,0.0,0.0,0.0,0.5702294559079374,True,3.7647254999901634
1,66,66,0.001,0.5636581310823655,0.0,0.0,0.0,0.0,0.5636581310823655,True,3.767202199989697
1,67,67,0.001,0.557079785502729,0.0,0.0,0.0,0.0,0.557079785502729,True,3.769956699979957
1,68,68,0.001,0.5504873690402137,0.0,0.0,0.0,0.0,0.5504873690402137,True,3.7719570999906864
1,69,69,0.001,0.54387367418894,0.0,0.0,0.0,0.0,0.54387367418894,True,3.7735300999775063
1,70,70,0.001,0.5372314685171158,0.0,0.0,0.0,0.0,0.5372314685171158,True,3.775253399973735
1,71,71,0.001,0.5305536325911014,0.0,0.0,0.0,0.0,0.5305536325911014,True,3.777036399987992
1,72,72,0.001,0.523833299044816,0.0,0.0,0.0,0.0,0.523833299044816,True,3.77847719998681
1,73,73,0.001,0.5170639878074773,0.0,0.0,0.0,0.0,0.5170639878074773,True,3.7796529999759514
1,74,74,0.001,0.5102397322936126,0.0,0.0,0.0,0.0,0.5102397322936126,True,3.781289599981392
1,75,75,0.001,0.5033551917352844,0.0,0.0,0.0,0.0,0.5033551917352844,True,3.782986699981848
1,76,76,0.001,0.4964057457647538,0.0,0.0,0.0,0.0,0.4964057457647538,True,3.7854080999968573
1,77,77,0.001,0.4893875686596763,0.0,0.0,0.0,0.0,0.4893875686596763,True,3.787560400000075
1,78,78,0.001,0.48229768210200175,0.0,0.0,0.0,0.0,0.48229768210200175,True,3.789549699984491
1,79,79,0.001,0.475133986657728,0.0,0.0,0.0,0.0,0.475133986657728,True,3.7912026999983937
1,80,80,0.001,0.46789527331423203,0.0,0.0,0.0,0.0,0.46789527331423203,True,3.7928467000019737
1,81,81,0.001,0.460581217257067,0.0,0.0,0.0,0.0,0.460581217257067,True,3.7944738999940455
1,82,82,0.001,0.4531923566353806,0.0,0.0,0.0,0.0,0.4531923566353806,True,3.796459099976346
1,83,83,0.001,0.44573005939358756,0.0,0.0,0.0,0.0,0.44573005939358756,True,3.7981353999930434
1,84,84,0.001,0.43819648138113765,0.0,0.0,0.0,0.0,0.43819648138113765,True,3.7998701999895275
1,85,85,0.001,0.43059451892744094,0.0,0.0,0.0,0.0,0.43059451892744094,True,3.8022557999938726
1,86,86,0.001,0.42292775890856826,0.0,0.0,0.0,0.0,0.42292775890856826,True,3.803943899984006
1,87,87,0.001,0.41520042905177157,0.0,0.0,0.0,0.0,0.41520042905177157,True,3.805535299994517
1,88,88,0.001,0.4074173508372118,0.0,0.0,0.0,0.0,0.4074173508372118,True,3.807114900002489
1,89,89,0.001,0.3995838968808225,0.0,0.0,0.0,0.0,0.3995838968808225,True,3.808688199991593
1,90,90,0.001,0.391705954140948,0.0,0.0,0.0,0.0,0.391705954140948,True,3.8114102999970783
1,91,91,0.001,0.3837898937130274,0.0,0.0,0.0,0.0,0.3837898937130274,True,3.814014599978691
1,92,92,0.001,0.37584254739406714,0.0,0.0,0.0,0.0,0.37584254739406714,True,3.8156719999969937
1,93,93,0.001,0.36787119064644924,0.0,0.0,0.0,0.0,0.36787119064644924,True,3.817920299974503
1,94,94,0.001,0.35988353110168775,0.0,0.0,0.0,0.0,0.35988353110168775,True,3.8201776999922004
1,95,95,0.001,0.35188770134711944,0.0,0.0,0.0,0.0,0.35188770134711944,True,3.8218981999962125
1,96,96,0.001,0.3438922544526497,0.0,0.0,0.0,0.0,0.3438922544526497,True,3.823565200000303
1,97,97,0.001,0.33590616053112543,0.0,0.0,0.0,0.0,0.33590616053112543,True,3.8263688999868464
1,98,98,0.001,0.3279388025843409,0.0,0.0,0.0,0.0,0.3279388025843409,True,3.8279229999752715
1,99,99,0.001,0.31999996995570246,0.0,0.0,0.0,0.0,0.31999996995570246,True,3.8288400000019465
1,100,100,0.001,0.3120998478690698,0.0,0.0,0.0,0.0,0.3120998478690698,True,3.829733999999007
1,101,101,0.001,0.3042490017525674,0.0,0.0,0.0,0.0,0.3042490017525674,True,3.8306168999988586
1,102,102,0.001,0.2964583552934493,0.0,0.0,0.0,0.0,0.2964583552934493,True,3.831526900001336
1,103,103,0.001,0.2887391614124273,0.0,0.0,0.0,0.0,0.2887391614124273,True,3.83333899997524
1,104,104,0.001,0.28110296555452574,0.0,0.0,0.0,0.0,0.28110296555452574,True,3.836686599999666
1,105,105,0.001,0.27356156084822625,0.0,0.0,0.0,0.0,0.27356156084822625,True,3.8381972999777645
1,106,106,0.001,0.26612693477714244,0.0,0.0,0.0,0.0,0.26612693477714244,True,3.8391874999797437
1,107,107,0.001,0.25881120704485383,0.0,0.0,0.0,0.0,0.25881120704485383,True,3.8405385999940336
1,108,108,0.001,0.25162655831486314,0.0,0.0,0.0,0.0,0.25162655831486314,True,3.841690299974289
1,109,109,0.001,0.2445851495082464,0.0,0.0,0.0,0.0,0.2445851495082464,True,3.842615100002149
1,110,110,0.001,0.2376990313847469,0.0,0.0,0.0,0.0,0.2376990313847469,True,3.8435157999920193
1,111,111,0.001,0.23098004426437355,0.0,0.0,0.0,0.0,0.23098004426437355,True,3.8452445000002626
1,112,112,0.001,0.22443970800493243,0.0,0.0,0.0,0.0,0.22443970800493243,True,3.846923599980073
1,113,113,0.001,0.2180891027587033,0.0,0.0,0.0,0.0,0.2180891027587033,True,3.84856299997773
1,114,114,0.001,0.21193874158467985,0.0,0.0,0.0,0.0,0.21193874158467985,True,3.851211599976523
1,115,115,0.001,0.20599843665363304,0.0,0.0,0.0,0.0,0.20599843665363304,True,3.854610899987165
1,116,116,0.001,0.20027716147791874,0.0,0.0,0.0,0.0,0.20027716147791874,True,3.856438699993305
1,117,117,0.001,0.19478291222424549,0.0,0.0,0.0,0.0,0.19478291222424549,True,3.8574324999935925
1,118,118,0.001,0.18952257161776231,0.0,0.0,0.0,0.0,0.18952257161776231,True,3.8583322999766096
1,119,119,0.001,0.18450177914463445,0.0,0.0,0.0,0.0,0.18450177914463445,True,3.8591786999895703
1,120,120,0.001,0.1797248112057968,0.0,0.0,0.0,0.0,0.1797248112057968,True,3.8600189999851864
1,121,121,0.001,0.17519447465259239,0.0,0.0,0.0,0.0,0.17519447465259239,True,3.860877099999925
1,122,122,0.001,0.17091201688366342,0.0,0.0,0.0,0.0,0.17091201688366342,True,3.86174469999969
1,123,123,0.001,0.1668770555199553,0.0,0.0,0.0,0.0,0.1668770555199553,True,3.86258829999133
1,124,124,0.001,0.1630875306403012,0.0,0.0,0.0,0.0,0.1630875306403012,True,3.8634232999756932
1,125,125,0.001,0.15953968260697565,0.0,0.0,0.0,0.0,0.15953968260697565,True,3.864473099994939
1,126,126,0.001,0.15622805853694297,0.0,0.0,0.0,0.0,0.15622805853694297,True,3.8653776999854017
1,127,127,0.001,0.15314555035256538,0.0,0.0,0.0,0.0,0.15314555035256538,True,3.8666674999985844
1,128,128,0.001,0.15028346693659494,0.0,0.0,0.0,0.0,0.15028346693659494,True,3.8684628999908455
1,129,129,0.001,0.1476316420912937,0.0,0.0,0.0,0.0,0.1476316420912937,True,3.869647299987264
1,130,130,0.001,0.1451785786834655,0.0,0.0,0.0,0.0,0.1451785786834655,True,3.8707921000022907
1,131,131,0.001,0.14291162757259343,0.0,0.0,0.0,0.0,0.14291162757259343,True,3.8718511999759357
1,132,132,0.001,0.14081719782736954,0.0,0.0,0.0,0.0,0.14081719782736954,True,3.8737758999923244
1,133,133,0.001,0.13888099260969355,0.0,0.0,0.0,0.0,0.13888099260969355,True,3.875026900001103
1,134,134,0.001,0.13708826326280313,0.0,0.0,0.0,0.0,0.13708826326280313,True,3.8759452999802306
1,135,135,0.001,0.13542407285117586,0.0,0.0,0.0,0.0,0.13542407285117586,True,3.8768902999872807
1,136,136,0.001,0.13387355980653923,0.0,0.0,0.0,0.0,0.13387355980653923,True,3.8777339999796823
1,137,137,0.001,0.13242219242366976,0.0,0.0,0.0,0.0,0.13242219242366976,True,3.878585500002373
1,138,138,0.001,0.13105600558762986,0.0,0.0,0.0,0.0,0.13105600558762986,True,3.8794156999792904
1,139,139,0.001,0.12976181212413695,0.0,0.0,0.0,0.0,0.12976181212413695,True,3.8802390999917407
1,140,140,0.001,0.1285273824091519,0.0,0.0,0.0,0.0,0.1285273824091519,True,3.881091599992942
1,141,141,0.001,0.1273415872962873,0.0,0.0,0.0,0.0,0.1273415872962873,True,3.8819149999762885
1,142,142,0.001,0.12619450103105823,0.0,0.0,0.0,0.0,0.12619450103105823,True,3.8829610999964643
1,143,143,0.001,0.1250774626344232,0.0,0.0,0.0,0.0,0.1250774626344232,True,3.8845794999797363
1,144,144,0.001,0.12398309620764078,0.0,0.0,0.0,0.0,0.12398309620764078,True,3.888296299992362
1,145,145,0.001,0.12290529259463115,0.0,0.0,0.0,0.0,0.12290529259463115,True,3.8904297999979462
1,146,146,0.001,0.12183915662370981,0.0,0.0,0.0,0.0,0.12183915662370981,True,3.892128999985289
1,147,147,0.001,0.1207809255212555,0.0,0.0,0.0,0.0,0.1207809255212555,True,3.894035899982555
1,148,148,0.001,0.11972786490321125,0.0,0.0,0.0,0.0,0.11972786490321125,True,3.8956568999856245
1,149,149,0.001,0.11867814898537812,0.0,0.0,0.0,0.0,0.11867814898537812,True,3.8972204999881797
1,150,150,0.001,0.11763073140601776,0.0,0.0,0.0,0.0,0.11763073140601776,True,3.8988263999926858
1,151,151,0.001,0.11658521248636719,0.0,0.0,0.0,0.0,0.11658521248636719,True,3.9020499999751337
1,152,152,0.001,0.11554170802686126,0.0,0.0,0.0,0.0,0.11554170802686126,True,3.905854599986924
1,153,153,0.001,0.11450072395681254,0.0,0.0,0.0,0.0,0.11450072395681254,True,3.9078228999860585
1,154,154,0.001,0.11346304036321614,0.0,0.0,0.0,0.0,0.11346304036321614,True,3.90948929998558
1,155,155,0.001,0.11242960761441466,0.0,0.0,0.0,0.0,0.11242960761441466,True,3.9110859999782406
1,156,156,0.001,0.11140145645376306,0.0,0.0,0.0,0.0,0.11140145645376306,True,3.9126673999999184
1,157,157,0.001,0.11037962307988014,0.0,0.0,0.0,0.0,0.11037962307988014,True,3.914287699997658
1,158,158,0.001,0.1093650894016602,0.0,0.0,0.0,0.0,0.1093650894016602,True,3.9159108999883756
1,159,159,0.001,0.10835873792696077,0.0,0.0,0.0,0.0,0.10835873792696077,True,3.919770399981644
1,160,160,0.001,0.10736132017609462,0.0,0.0,0.0,0.0,0.10736132017609462,True,3.9222681999963243
1,161,161,0.001,0.10637343713608727,0.0,0.0,0.0,0.0,0.10637343713608727,True,3.924050100002205
1,162,162,0.001,0.10539553007982394,0.0,0.0,0.0,0.0,0.10539553007982394,True,3.9257487999857403
1,163,163,0.001,0.10442788002466057,0.0,0.0,0.0,0.0,0.10442788002466057,True,3.927628499979619
1,164,164,0.001,0.10347061414504864,0.0,0.0,0.0,0.0,0.10347061414504864,True,3.9293329999782145
1,165,165,0.001,0.10252371753917994,0.0,0.0,0.0,0.0,0.10252371753917994,True,3.9309016999904998
1,166,166,0.001,0.10158704885689049,0.0,0.0,0.0,0.0,0.10158704885689049,True,3.932434499991359
1,167,167,0.001,0.10066035842114004,0.0,0.0,0.0,0.0,0.10066035842114004,True,3.935865899984492
1,168,168,0.001,0.09974330762449131,0.0,0.0,0.0,0.0,0.09974330762449131,True,3.9377370000001974
1,169,169,0.001,0.09883548855949822,0.0,0.0,0.0,0.0,0.09883548855949822,True,3.9387793999921996
1,170,170,0.001,0.09793644304248963,0.0,0.0,0.0,0.0,0.09793644304248963,True,3.9396993999835104
1,171,171,0.001,0.09704568039848346,0.0,0.0,0.0,0.0,0.09704568039848346,True,3.9406668999872636
1,172,172,0.001,0.09616269357101893,0.0,0.0,0.0,0.0,0.09616269357101893,True,3.941542999993544
1,173,173,0.001,0.09528697328803235,0.0,0.0,0.0,0.0,0.09528697328803235,True,3.9429723999928683
1,174,174,0.001,0.09441802014606115,0.0,0.0,0.0,0.0,0.09441802014606115,True,3.9439226999820676
1,175,175,0.001,0.09355535457257856,0.0,0.0,0.0,0.0,0.09355535457257856,True,3.9450699999870267
1,176,176,0.001,0.09269852469920496,0.0,0.0,0.0,0.0,0.09269852469920496,True,3.945922699989751
1,177,177,0.001,0.09184711223696936,0.0,0.0,0.0,0.0,0.09184711223696936,True,3.9467465999769047
1,178,178,0.001,0.09100073649505244,0.0,0.0,0.0,0.0,0.09100073649505244,True,3.9475870999740437
1,179,179,0.001,0.09015905672744398,0.0,0.0,0.0,0.0,0.09015905672744398,True,3.948420899978373
1,180,180,0.001,0.08932177302453975,0.0,0.0,0.0,0.0,0.08932177302453975,True,3.9512869999744
1,181,181,0.001,0.0884886259849508,0.0,0.0,0.0,0.0,0.0884886259849508,True,3.9542796000023372
1,182,182,0.001,0.08765939540503637,0.0,0.0,0.0,0.0,0.08765939540503637,True,3.956539699982386
1,183,183,0.001,0.0868338982119346,0.0,0.0,0.0,0.0,0.0868338982119346,True,3.959584800002631
1,184,184,0.001,0.08601198584510522,0.0,0.0,0.0,0.0,0.08601198584510522,True,3.9624083999951836
1,185,185,0.001,0.08519354126733608,0.0,0.0,0.0,0.0,0.08519354126733608,True,3.9644243999791797
1,186,186,0.001,0.08437847576300404,0.0,0.0,0.0,0.0,0.08437847576300404,True,3.9674721999908797
1,187,187,0.001,0.08356672566061549,0.0,0.0,0.0,0.0,0.08356672566061549,True,3.969998899992788
1,188,188,0.001,0.08275824909734031,0.0,0.0,0.0,0.0,0.08275824909734031,True,3.971815799974138
1,189,189,0.001,0.08195302292348902,0.0,0.0,0.0,0.0,0.08195302292348902,True,3.9734242999984417
1,190,190,0.001,0.08115103982338501,0.0,0.0,0.0,0.0,0.08115103982338501,True,3.975070599990431
1,191,191,0.001,0.08035230570622559,0.0,0.0,0.0,0.0,0.08035230570622559,True,3.9766615999978967
1,192,192,0.001,0.07955683739818807,0.0,0.0,0.0,0.0,0.07955683739818807,True,3.97825779998675
1,193,193,0.001,0.07876466064768424,0.0,0.0,0.0,0.0,0.07876466064768424,True,3.9798402999877
1,194,194,0.001,0.07797580844107833,0.0,0.0,0.0,0.0,0.07797580844107833,True,3.9828880999994
1,195,195,0.001,0.07719031961671408,0.0,0.0,0.0,0.0,0.07719031961671408,True,3.9863063999800943
1,196,196,0.001,0.07640823775963738,0.0,0.0,0.0,0.0,0.07640823775963738,True,3.9880112999817356
1,197,197,0.001,0.07562961035610581,0.0,0.0,0.0,0.0,0.07562961035610581,True,3.989024199981941
1,198,198,0.001,0.07485448818418941,0.0,0.0,0.0,0.0,0.07485448818418941,True,3.9900022999790963
1,199,199,0.001,0.07408292491372273,0.0,0.0,0.0,0.0,0.07408292491372273,True,3.9909112000023015
1,200,200,0.001,0.07331497688581222,0.0,0.0,0.0,0.0,0.07331497688581222,True,3.9917963999905623
1,201,201,0.001,0.07255070303985706,0.0,0.0,0.0,0.0,0.07255070303985706,True,3.9926611999981105
1,202,202,0.001,0.07179016495540319,0.0,0.0,0.0,0.0,0.07179016495540319,True,3.993554499989841
1,203,203,0.001,0.07103342697732654,0.0,0.0,0.0,0.0,0.07103342697732654,True,3.9963486999913584
1,204,204,0.001,0.07028055639543514,0.0,0.0,0.0,0.0,0.07028055639543514,True,3.9979475000000093
1,205,205,0.001,0.0695316236527852,0.0,0.0,0.0,0.0,0.0695316236527852,True,4.0009665999969
1,206,206,0.001,0.06878670256012923,0.0,0.0,0.0,0.0,0.06878670256012923,True,4.003998599975603
1,207,207,0.001,0.0680458704966703,0.0,0.0,0.0,0.0,0.0680458704966703,True,4.005827099987073
1,208,208,0.001,0.06730920857987684,0.0,0.0,0.0,0.0,0.06730920857987684,True,4.006913099990925
1,209,209,0.001,0.06657680178995526,0.0,0.0,0.0,0.0,0.06657680178995526,True,4.00783639997826
1,210,210,0.001,0.0658487390380112,0.0,0.0,0.0,0.0,0.0658487390380112,True,4.008717399992747
1,211,211,0.001,0.06512511317093833,0.0,0.0,0.0,0.0,0.06512511317093833,True,4.009592199989129
1,212,212,0.001,0.06440602091025682,0.0,0.0,0.0,0.0,0.06440602091025682,True,4.01045649999287
1,213,213,0.001,0.06369156272591087,0.0,0.0,0.0,0.0,0.06369156272591087,True,4.012429199996404
1,214,214,0.001,0.06298184264894557,0.0,0.0,0.0,0.0,0.06298184264894557,True,4.013570299983257
1,215,215,0.001,0.06227696802883933,0.0,0.0,0.0,0.0,0.06227696802883933,True,4.01572529997793
1,216,216,0.001,0.06157704924221047,0.0,0.0,0.0,0.0,0.06157704924221047,True,4.019140599993989
1,217,217,0.001,0.06088219935997488,0.0,0.0,0.0,0.0,0.06088219935997488,True,4.022932399995625
1,218,218,0.001,0.06019253378011302,0.0,0.0,0.0,0.0,0.06019253378011302,True,4.025919599982444
1,219,219,0.001,0.059508169833171747,0.0,0.0,0.0,0.0,0.059508169833171747,True,4.027833100000862
1,220,220,0.001,0.05882922636745512,0.0,0.0,0.0,0.0,0.05882922636745512,True,4.029275099979714
1,221,221,0.001,0.058155823320462006,0.0,0.0,0.0,0.0,0.058155823320462006,True,4.03042060000007
1,222,222,0.001,0.05748808128245448,0.0,0.0,0.0,0.0,0.05748808128245448,True,4.031426399975317
1,223,223,0.001,0.05682612105716247,0.0,0.0,0.0,0.0,0.05682612105716247,True,4.0323380999907386
1,224,224,0.001,0.05617006322372301,0.0,0.0,0.0,0.0,0.05617006322372301,True,4.033744099986507
1,225,225,0.001,0.055520027703189354,0.0,0.0,0.0,0.0,0.055520027703189354,True,4.0357928999874275
1,226,226,0.001,0.054876133332431715,0.0,0.0,0.0,0.0,0.054876133332431715,True,4.037660399975721
1,227,227,0.001,0.05423849744794787,0.0,0.0,0.0,0.0,0.05423849744794787,True,4.039864699996542
1,228,228,0.001,0.05360723548188784,0.0,0.0,0.0,0.0,0.05360723548188784,True,4.0415644999884535
1,229,229,0.001,0.05298246057233631,0.0,0.0,0.0,0.0,0.05298246057233631,True,4.043224399996689
1,230,230,0.001,0.052364283189514235,0.0,0.0,0.0,0.0,0.052364283189514235,True,4.045176599989645
1,231,231,0.001,0.05175281077908592,0.0,0.0,0.0,0.0,0.05175281077908592,True,4.0475978999747895
1,232,232,0.001,0.051148147423266586,0.0,0.0,0.0,0.0,0.051148147423266586,True,4.050617299973965
1,233,233,0.001,0.05055039352001985,0.0,0.0,0.0,0.0,0.05055039352001985,True,4.054176999983611
1,234,234,0.001,0.04995964548034963,0.0,0.0,0.0,0.0,0.04995964548034963,True,4.056243899976835
1,235,235,0.001,0.049375995443522246,0.0,0.0,0.0,0.0,0.049375995443522246,True,4.05804769997485
1,236,236,0.001,0.048799531009948494,0.0,0.0,0.0,0.0,0.048799531009948494,True,4.060889899992617
1,237,237,0.001,0.0482303349913796,0.0,0.0,0.0,0.0,0.0482303349913796,True,4.063025799987372
1,238,238,0.001,0.047668485178019804,0.0,0.0,0.0,0.0,0.047668485178019804,True,4.064852299983613
1,239,239,0.001,0.0471140541221539,0.0,0.0,0.0,0.0,0.0471140541221539,True,4.0667530999926385
1,240,240,0.001,0.04656710893796563,0.0,0.0,0.0,0.0,0.04656710893796563,True,4.069511599984253
1,241,241,0.001,0.046027711117383255,0.0,0.0,0.0,0.0,0.046027711117383255,True,4.0712913000024855
1,242,242,0.001,0.045495916361995736,0.0,0.0,0.0,0.0,0.045495916361995736,True,4.073075199994491
1,243,243,0.001,0.04497177443129119,0.0,0.0,0.0,0.0,0.04497177443129119,True,4.076065000001108
1,244,244,0.001,0.04445532900761652,0.0,0.0,0.0,0.0,0.04445532900761652,True,4.078269399993587
1,245,245,0.001,0.043946617578330016,0.0,0.0,0.0,0.0,0.043946617578330016,True,4.079958099988289
1,246,246,0.001,0.04344567133561783,0.0,0.0,0.0,0.0,0.04344567133561783,True,4.081346999999369
1,247,247,0.001,0.042952515094406916,0.0,0.0,0.0,0.0,0.042952515094406916,True,4.082941899978323
1,248,248,0.001,0.0424671672287491,0.0,0.0,0.0,0.0,0.0424671672287491,True,4.08810139997513
1,249,249,0.001,0.04198963962699554,0.0,0.0,0.0,0.0,0.04198963962699554,True,4.09071170000243
1,250,250,0.001,0.04151993766601356,0.0,0.0,0.0,0.0,0.04151993766601356,True,4.0920031999994535
1,251,251,0.001,0.04105806020461879,0.0,0.0,0.0,0.0,0.04105806020461879,True,4.093062899977667
1,252,252,0.001,0.04060399959629698,0.0,0.0,0.0,0.0,0.04060399959629698,True,4.094718499982264
1,253,253,0.001,0.040157741721178544,0.0,0.0,0.0,0.0,0.040157741721178544,True,4.096907899976941
1,254,254,0.001,0.03971926603712102,0.0,0.0,0.0,0.0,0.03971926603712102,True,4.099799399991753
1,255,255,0.001,0.03928854564965438,0.0,0.0,0.0,0.0,0.03928854564965438,True,4.103063499991549
1,256,256,0.001,0.03886554740045098,0.0,0.0,0.0,0.0,0.03886554740045098,True,4.10622719998355
1,257,257,0.001,0.038450231973889526,0.0,0.0,0.0,0.0,0.038450231973889526,True,4.107495399977779
1,258,258,0.001,0.0380425540211716,0.0,0.0,0.0,0.0,0.0380425540211716,True,4.108564499998465
1,259,259,0.001,0.037642462301326673,0.0,0.0,0.0,0.0,0.037642462301326673,True,4.110262099973625
1,260,260,0.001,0.03724989983830643,0.0,0.0,0.0,0.0,0.03724989983830643,True,4.112330799980555
1,261,261,0.001,0.0368648040932357,0.0,0.0,0.0,0.0,0.0368648040932357,True,4.114127999986522
1,262,262,0.001,0.03648710715076846,0.0,0.0,0.0,0.0,0.03648710715076846,True,4.11589859999367
1,263,263,0.001,0.03611673591839862,0.0,0.0,0.0,0.0,0.03611673591839862,True,4.1189498999738134
1,264,264,0.001,0.035753612337495654,0.0,0.0,0.0,0.0,0.035753612337495654,True,4.122399699990638
1,265,265,0.001,0.0353976536047747,0.0,0.0,0.0,0.0,0.0353976536047747,True,4.125284899986582
1,266,266,0.001,0.035048772402866156,0.0,0.0,0.0,0.0,0.035048772402866156,True,4.127444999990985
1,267,267,0.001,0.03470687713862355,0.0,0.0,0.0,0.0,0.03470687713862355,True,4.129279799992219
1,268,268,0.001,0.034371872187803826,0.0,0.0,0.0,0.0,0.034371872187803826,True,4.131072999996832
1,269,269,0.001,0.034043658144769076,0.0,0.0,0.0,0.0,0.034043658144769076,True,4.133013599988772
1,270,270,0.001,0.03372213207589136,0.0,0.0,0.0,0.0,0.03372213207589136,True,4.136227599985432
1,271,271,0.001,0.033407187775385566,0.0,0.0,0.0,0.0,0.033407187775385566,True,4.139625499985414
1,272,272,0.001,0.03309871602234456,0.0,0.0,0.0,0.0,0.03309871602234456,True,4.141498899989529
1,273,273,0.001,0.03279660483780138,0.0,0.0,0.0,0.0,0.03279660483780138,True,4.14346559997648
1,274,274,0.001,0.03250073974069826,0.0,0.0,0.0,0.0,0.03250073974069826,True,4.145978799992008
1,275,275,0.001,0.032211004001703916,0.0,0.0,0.0,0.0,0.032211004001703916,True,4.1486066999787
1,276,276,0.001,0.031927278893887974,0.0,0.0,0.0,0.0,0.031927278893887974,True,4.150704300001962
1,277,277,0.001,0.03164944393933832,0.0,0.0,0.0,0.0,0.03164944393933832,True,4.153514099976746
1,278,278,0.001,0.03137737715088694,0.0,0.0,0.0,0.0,0.03137737715088694,True,4.156911099998979
1,279,279,0.001,0.03111095526819445,0.0,0.0,0.0,0.0,0.03111095526819445,True,4.158177899982547
1,280,280,0.001,0.030850053987527312,0.0,0.0,0.0,0.0,0.030850053987527312,True,4.159231600002386
1,281,281,0.001,0.030594548184646714,0.0,0.0,0.0,0.0,0.030594548184646714,True,4.160226599982707
1,282,282,0.001,0.03034431213031366,0.0,0.0,0.0,0.0,0.03034431213031366,True,4.161221199989086
1,283,283,0.001,0.030099219697998073,0.0,0.0,0.0,0.0,0.030099219697998073,True,4.162201699975412
1,284,284,0.001,0.029859144563460966,0.0,0.0,0.0,0.0,0.029859144563460966,True,4.163178599992534
1,285,285,0.001,0.029623960395952907,0.0,0.0,0.0,0.0,0.029623960395952907,True,4.166121099988231
1,286,286,0.001,0.029393541040841305,0.0,0.0,0.0,0.0,0.029393541040841305,True,4.1688887999916915
1,287,287,0.001,0.029167760693540296,0.0,0.0,0.0,0.0,0.029167760693540296,True,4.171559799986426
1,288,288,0.001,0.028946494064672874,0.0,0.0,0.0,0.0,0.028946494064672874,True,4.173937599989586
1,289,289,0.001,0.028729616536447174,0.0,0.0,0.0,0.0,0.028729616536447174,True,4.176390499982517
1,290,290,0.001,0.028517004310274298,0.0,0.0,0.0,0.0,0.028517004310274298,True,4.1782945999875665
1,291,291,0.001,0.0283085345457009,0.0,0.0,0.0,0.0,0.0283085345457009,True,4.179647999990266
1,292,292,0.001,0.028104085490765228,0.0,0.0,0.0,0.0,0.028104085490765228,True,4.180703199992422
1,293,293,0.001,0.02790353660392282,0.0,0.0,0.0,0.0,0.02790353660392282,True,4.181717300001765
1,294,294,0.001,0.02770676866771575,0.0,0.0,0.0,0.0,0.02770676866771575,True,4.184485999983735
1,295,295,0.001,0.027513663894387367,0.0,0.0,0.0,0.0,0.027513663894387367,True,4.188033699989319
1,296,296,0.001,0.027324106023665754,0.0,0.0,0.0,0.0,0.027324106023665754,True,4.190084799978649
1,297,297,0.001,0.02713798041295725,0.0,0.0,0.0,0.0,0.02713798041295725,True,4.192233899986604
1,298,298,0.001,0.026955174120206486,0.0,0.0,0.0,0.0,0.026955174120206486,True,4.194704900000943
1,299,299,0.001,0.026775575979684857,0.0,0.0,0.0,0.0,0.026775575979684857,True,4.196678999986034
1,300,300,0.001,0.02659907667097753,0.0,0.0,0.0,0.0,0.02659907667097753,True,4.198581199976616
1,301,301,0.001,0.02642556878143691,0.0,0.0,0.0,0.0,0.02642556878143691,True,4.2013555000012275
1,302,302,0.001,0.026254946862369073,0.0,0.0,0.0,0.0,0.026254946862369073,True,4.2042553999926895
1,303,303,0.001,0.026087107479215943,0.0,0.0,0.0,0.0,0.026087107479215943,True,4.206454400002258
1,304,304,0.001,0.02592194925598937,0.0,0.0,0.0,0.0,0.02592194925598937,True,4.207913899997948
1,305,305,0.001,0.02575937291420502,0.0,0.0,0.0,0.0,0.02575937291420502,True,4.209080899978289
1,306,306,0.001,0.02559928130655734,0.0,0.0,0.0,0.0,0.02559928130655734,True,4.210124299977906
1,307,307,0.001,0.0254415794455658,0.0,0.0,0.0,0.0,0.0254415794455658,True,4.211123999994015
1,308,308,0.001,0.02528617452741548,0.0,0.0,0.0,0.0,0.02528617452741548,True,4.212145199999213
1,309,309,0.001,0.025132975951204957,0.0,0.0,0.0,0.0,0.025132975951204957,True,4.213157299993327
1,310,310,0.001,0.024981895333805855,0.0,0.0,0.0,0.0,0.024981895333805855,True,4.21460379997734
1,311,311,0.001,0.024832846520529396,0.0,0.0,0.0,0.0,0.024832846520529396,True,4.216677199990954
1,312,312,0.001,0.02468574559178676,0.0,0.0,0.0,0.0,0.02468574559178676,True,4.219593999994686
1,313,313,0.001,0.024540510865920986,0.0,0.0,0.0,0.0,0.024540510865920986,True,4.221925099991495
1,314,314,0.001,0.02439706289838004,0.0,0.0,0.0,0.0,0.02439706289838004,True,4.223714099993231
1,315,315,0.001,0.02425532447739337,0.0,0.0,0.0,0.0,0.02425532447739337,True,4.225517899991246
1,316,316,0.001,0.024115220616308036,0.0,0.0,0.0,0.0,0.024115220616308036,True,4.227271399984602
1,317,317,0.001,0.02397667854273472,0.0,0.0,0.0,0.0,0.02397667854273472,True,4.2290146999876015
1,318,318,0.001,0.023839627684649943,0.0,0.0,0.0,0.0,0.023839627684649943,True,4.230412699980661
1,319,319,0.001,0.023703999653598366,0.0,0.0,0.0,0.0,0.023703999653598366,True,4.232583299977705
1,320,320,0.001,0.023569728225136293,0.0,0.0,0.0,0.0,0.023569728225136293,True,4.2365490999945905
1,321,321,0.001,0.02343674931665828,0.0,0.0,0.0,0.0,0.02343674931665828,True,4.23890249998658
1,322,322,0.001,0.023305000962746604,0.0,0.0,0.0,0.0,0.023305000962746604,True,4.240254499978619
1,323,323,0.001,0.023174423288186037,0.0,0.0,0.0,0.0,0.023174423288186037,True,4.241297399974428
1,324,324,0.001,0.02304495847878584,0.0,0.0,0.0,0.0,0.02304495847878584,True,4.242295599979116
1,325,325,0.001,0.022916550750150644,0.0,0.0,0.0,0.0,0.022916550750150644,True,4.243302299990319
1,326,326,0.001,0.022789146314544997,0.0,0.0,0.0,0.0,0.022789146314544997,True,4.244787699979497
1,327,327,0.001,0.022662693345993197,0.0,0.0,0.0,0.0,0.022662693345993197,True,4.246386999991955
1,328,328,0.001,0.022537141943758374,0.0,0.0,0.0,0.0,0.022537141943758374,True,4.247480799996993
1,329,329,0.001,0.022412444094343877,0.0,0.0,0.0,0.0,0.022412444094343877,True,4.248541999986628
1,330,330,0.001,0.022288553632159702,0.0,0.0,0.0,0.0,0.022288553632159702,True,4.251466599991545
1,331,331,0.001,0.022165426198996058,0.0,0.0,0.0,0.0,0.022165426198996058,True,4.253897699993104
1,332,332,0.001,0.022043019202445665,0.0,0.0,0.0,0.0,0.022043019202445665,True,4.2557964999869
1,333,333,0.001,0.021921291773416347,0.0,0.0,0.0,0.0,0.021921291773416347,True,4.2576871999772266
1,334,334,0.001,0.02180020472287329,0.0,0.0,0.0,0.0,0.02180020472287329,True,4.259611499990569
1,335,335,0.001,0.021679720497949695,0.0,0.0,0.0,0.0,0.021679720497949695,True,4.26157439997769
1,336,336,0.001,0.021559803137561978,0.0,0.0,0.0,0.0,0.021559803137561978,True,4.263874899974326
1,337,337,0.001,0.021440418227663596,0.0,0.0,0.0,0.0,0.021440418227663596,True,4.266971399978502
1,338,338,0.001,0.021321532856267426,0.0,0.0,0.0,0.0,0.021321532856267426,True,4.2696541999757756
1,339,339,0.001,0.021203115568362352,0.0,0.0,0.0,0.0,0.021203115568362352,True,4.2719720999884885
1,340,340,0.001,0.021085136320846375,0.0,0.0,0.0,0.0,0.021085136320846375,True,4.274201899999753
1,341,341,0.001,0.020967566437590672,0.0,0.0,0.0,0.0,0.020967566437590672,True,4.276075299974764
1,342,342,0.001,0.02085037856474581,0.0,0.0,0.0,0.0,0.02085037856474581,True,4.2779329999757465
1,343,343,0.001,0.020733546626394046,0.0,0.0,0.0,0.0,0.020733546626394046,True,4.279847899975721
1,344,344,0.001,0.02061704578064543,0.0,0.0,0.0,0.0,0.02061704578064543,True,4.2810523999796715
1,345,345,0.001,0.020500852376269425,0.0,0.0,0.0,0.0,0.020500852376269425,True,4.282104199985042
1,346,346,0.001,0.0203849439099481,0.0,0.0,0.0,0.0,0.0203849439099481,True,4.286528199998429
1,347,347,0.001,0.02026929898422911,0.0,0.0,0.0,0.0,0.02026929898422911,True,4.288817399996333
1,348,348,0.001,0.020153897266251414,0.0,0.0,0.0,0.0,0.020153897266251414,True,4.29075639997609
1,349,349,0.001,0.020038719447309727,0.0,0.0,0.0,0.0,0.020038719447309727,True,4.2931987999763805
1,350,350,0.001,0.01992374720331692,0.0,0.0,0.0,0.0,0.01992374720331692,True,4.296468999993522
1,351,351,0.001,0.019808963156216698,0.0,0.0,0.0,0.0,0.019808963156216698,True,4.2984347000019625
1,352,352,0.001,0.019694350836392885,0.0,0.0,0.0,0.0,0.019694350836392885,True,4.3006760999851394
1,353,353,0.001,0.019579894646114274,0.0,0.0,0.0,0.0,0.019579894646114274,True,4.303214699990349
1,354,354,0.001,0.019465579824047882,0.0,0.0,0.0,0.0,0.019465579824047882,True,4.304849399981322
1,355,355,0.001,0.019351392410867835,0.0,0.0,0.0,0.0,0.019351392410867835,True,4.30592769998475
1,356,356,0.001,0.01923731921598051,0.0,0.0,0.0,0.0,0.01923731921598051,True,4.3069415999925695
1,357,357,0.001,0.01912334778538191,0.0,0.0,0.0,0.0,0.01912334778538191,True,4.307920199993532
1,358,358,0.001,0.01900946637065834,0.0,0.0,0.0,0.0,0.01900946637065834,True,4.31026469997596
1,359,359,0.001,0.018895663899135995,0.0,0.0,0.0,0.0,0.018895663899135995,True,4.3127770999853965
1,360,360,0.001,0.018781929945182053,0.0,0.0,0.0,0.0,0.018781929945182053,True,4.314679899980547
1,361,361,0.001,0.018668254702655145,0.0,0.0,0.0,0.0,0.018668254702655145,True,4.316624499973841
1,362,362,0.001,0.01855462895849919,0.0,0.0,0.0,0.0,0.01855462895849919,True,4.320107499981532
1,363,363,0.001,0.01844104406747215,0.0,0.0,0.0,0.0,0.01844104406747215,True,4.322529899975052
1,364,364,0.001,0.018327491927996764,0.0,0.0,0.0,0.0,0.018327491927996764,True,4.324734099995112
1,365,365,0.001,0.018213964959118617,0.0,0.0,0.0,0.0,0.018213964959118617,True,4.326021999993827
1,366,366,0.001,0.01810045607855342,0.0,0.0,0.0,0.0,0.01810045607855342,True,4.327120699977968
1,367,367,0.001,0.017986958681803583,0.0,0.0,0.0,0.0,0.017986958681803583,True,4.328176499984693
1,368,368,0.001,0.017873466622322018,0.0,0.0,0.0,0.0,0.017873466622322018,True,4.329170399985742
1,369,369,0.001,0.01775997419269947,0.0,0.0,0.0,0.0,0.01775997419269947,True,4.330183599988231
1,370,370,0.001,0.017646476106850554,0.0,0.0,0.0,0.0,0.017646476106850554,True,4.331213199999183
1,371,371,0.001,0.017532967483171857,0.0,0.0,0.0,0.0,0.017532967483171857,True,4.332755299983546
1,372,372,0.001,0.017419443828645645,0.0,0.0,0.0,0.0,0.017419443828645645,True,4.336251899978379
1,373,373,0.001,0.017305901023861016,0.0,0.0,0.0,0.0,0.017305901023861016,True,4.3379396999953315
1,374,374,0.001,0.017192335308924393,0.0,0.0,0.0,0.0,0.017192335308924393,True,4.339018099999521
1,375,375,0.001,0.01707874327023036,0.0,0.0,0.0,0.0,0.01707874327023036,True,4.340374899999006
1,376,376,0.001,0.016965121828063996,0.0,0.0,0.0,0.0,0.016965121828063996,True,4.341814399987925
1,377,377,0.001,0.016851468225005245,0.0,0.0,0.0,0.0,0.016851468225005245,True,4.342973699996946
1,378,378,0.001,0.016737780015106188,0.0,0.0,0.0,0.0,0.016737780015106188,True,4.344524399988586
1,379,379,0.001,0.016624055053811516,0.0,0.0,0.0,0.0,0.016624055053811516,True,4.346429699973669
1,380,380,0.001,0.01651029148859444,0.0,0.0,0.0,0.0,0.01651029148859444,True,4.34818629999063
1,381,381,0.001,0.01639648775027742,0.0,0.0,0.0,0.0,0.01639648775027742,True,4.350472599995555
1,382,382,0.001,0.016282642545011657,0.0,0.0,0.0,0.0,0.016282642545011657,True,4.3536186999990605
1,383,383,0.001,0.016168754846885645,0.0,0.0,0.0,0.0,0.016168754846885645,True,4.356630599999335
1,384,384,0.001,0.016054823891137153,0.0,0.0,0.0,0.0,0.016054823891137153,True,4.3578326999850105
1,385,385,0.001,0.0159408491679406,0.0,0.0,0.0,0.0,0.0159408491679406,True,4.3588741999992635
1,386,386,0.001,0.01582683041674441,0.0,0.0,0.0,0.0,0.01582683041674441,True,4.359879600000568
1,387,387,0.001,0.015712767621132488,0.0,0.0,0.0,0.0,0.015712767621132488,True,4.360866399976658
1,388,388,0.001,0.015598661004184545,0.0,0.0,0.0,0.0,0.015598661004184545,True,4.361879599979147
1,389,389,0.001,0.015484511024310546,0.0,0.0,0.0,0.0,0.015484511024310546,True,4.36286329998984
1,390,390,0.001,0.01537031837153574,0.0,0.0,0.0,0.0,0.01537031837153574,True,4.363855399977183
1,391,391,0.001,0.015256083964212347,0.0,0.0,0.0,0.0,0.015256083964212347,True,4.366056599974399
1,392,392,0.001,0.015141808946135435,0.0,0.0,0.0,0.0,0.015141808946135435,True,4.368511799984844
1,393,393,0.001,0.015027494684040608,0.0,0.0,0.0,0.0,0.015027494684040608,True,4.3706735000014305
1,394,394,0.001,0.01491314276546224,0.0,0.0,0.0,0.0,0.01491314276546224,True,4.3727286999928765
1,395,395,0.001,0.014798754996931276,0.0,0.0,0.0,0.0,0.014798754996931276,True,4.374645399977453
1,396,396,0.001,0.014684333402492113,0.0,0.0,0.0,0.0,0.014684333402492113,True,4.375824599992484
1,397,397,0.001,0.01456988022251949,0.0,0.0,0.0,0.0,0.01456988022251949,True,4.376922099996591
1,398,398,0.001,0.014455397912815294,0.0,0.0,0.0,0.0,0.014455397912815294,True,4.37792509997962
1,399,399,0.001,0.014340889143967257,0.0,0.0,0.0,0.0,0.014340889143967257,True,4.378948300000047
1,400,400,0.001,0.014226356800950947,0.0,0.0,0.0,0.0,0.014226356800950947,True,4.379936799989082
1,401,401,0.001,0.014111803982957596,0.0,0.0,0.0,0.0,0.014111803982957596,True,4.380970699974569
1,402,402,0.001,0.013997234003429629,0.0,0.0,0.0,0.0,0.013997234003429629,True,4.381955399992876
1,403,403,0.001,0.013882650390287594,0.0,0.0,0.0,0.0,0.013882650390287594,True,4.385325799987186
1,404,404,0.001,0.013768056886332142,0.0,0.0,0.0,0.0,0.013768056886332142,True,4.389040799986105
1,405,405,0.001,0.01365345744980373,0.0,0.0,0.0,0.0,0.01365345744980373,True,4.390810799988685
1,406,406,0.001,0.013538856255085673,0.0,0.0,0.0,0.0,0.013538856255085673,True,4.395340199989732
1,407,407,0.001,0.013424257693534034,0.0,0.0,0.0,0.0,0.013424257693534034,True,4.397671699989587
1,408,408,0.001,0.013309666374419816,0.0,0.0,0.0,0.0,0.013309666374419816,True,4.399640499992529
1,409,409,0.001,0.013195087125967942,0.0,0.0,0.0,0.0,0.013195087125967942,True,4.402406499983044
1,410,410,0.001,0.013080524996478894,0.0,0.0,0.0,0.0,0.013080524996478894,True,4.4053673000016715
1,411,411,0.001,0.012965985255518092,0.0,0.0,0.0,0.0,0.012965985255518092,True,4.4073448999843094
1,412,412,0.001,0.01285147339515834,0.0,0.0,0.0,0.0,0.01285147339515834,True,4.409091699984856
1,413,413,0.001,0.01273699513126191,0.0,0.0,0.0,0.0,0.01273699513126191,True,4.410777799988864
1,414,414,0.001,0.012622556404786763,0.0,0.0,0.0,0.0,0.012622556404786763,True,4.412426700000651
1,415,415,0.001,0.012508163383104407,0.0,0.0,0.0,0.0,0.012508163383104407,True,4.4140475999738555
1,416,416,0.001,0.012393822461313753,0.0,0.0,0.0,0.0,0.012393822461313753,True,4.415735399990808
1,417,417,0.001,0.01227954026353852,0.0,0.0,0.0,0.0,0.01227954026353852,True,4.420011099980911
1,418,418,0.001,0.012165323644193473,0.0,0.0,0.0,0.0,0.012165323644193473,True,4.423452899995027
1,419,419,0.001,0.012051179689205967,0.0,0.0,0.0,0.0,0.012051179689205967,True,4.425712199998088
1,420,420,0.001,0.01193711571717902,0.0,0.0,0.0,0.0,0.01193711571717902,True,4.427547599974787
1,421,421,0.001,0.0118231392804823,0.0,0.0,0.0,0.0,0.0118231392804823,True,4.429315399989719
1,422,422,0.001,0.011709258166256592,0.0,0.0,0.0,0.0,0.011709258166256592,True,4.4309864999959245
1,423,423,0.001,0.011595480397318843,0.0,0.0,0.0,0.0,0.011595480397318843,True,4.432696599978954
1,424,424,0.001,0.01148181423295289,0.0,0.0,0.0,0.0,0.01148181423295289,True,4.437841299979482
1,425,425,0.001,0.01136826816957266,0.0,0.0,0.0,0.0,0.01136826816957266,True,4.439933799993014
1,426,426,0.001,0.01125485094124326,0.0,0.0,0.0,0.0,0.01125485094124326,True,4.441627099993639
1,427,427,0.001,0.01114157152004674,0.0,0.0,0.0,0.0,0.01114157152004674,True,4.443298500002129
1,428,428,0.001,0.011028439116277317,0.0,0.0,0.0,0.0,0.011028439116277317,True,4.444987999973819
1,429,429,0.001,0.010915463178453258,0.0,0.0,0.0,0.0,0.010915463178453258,True,4.446663399983663
1,430,430,0.001,0.010802653393130445,0.0,0.0,0.0,0.0,0.010802653393130445,True,4.4483768999925815
1,431,431,0.001,0.010690019684503999,0.0,0.0,0.0,0.0,0.010690019684503999,True,4.4522034999972675
1,432,432,0.001,0.010577572213783668,0.0,0.0,0.0,0.0,0.010577572213783668,True,4.455955099983839
1,433,433,0.001,0.010465321378329104,0.0,0.0,0.0,0.0,0.010465321378329104,True,4.457262499985518
1,434,434,0.001,0.010353277810530928,0.0,0.0,0.0,0.0,0.010353277810530928,True,4.458310899994103
1,435,435,0.001,0.010241452376423477,0.0,0.0,0.0,0.0,0.010241452376423477,True,4.459380699991016
1,436,436,0.001,0.010129856174015576,0.0,0.0,0.0,0.0,0.010129856174015576,True,4.460493299993686
1,437,437,0.001,0.010018500531325402,0.0,0.0,0.0,0.0,0.010018500531325402,True,4.461507300002268
1,438,438,0.001,0.009907397004105804,0.0,0.0,0.0,0.0,0.009907397004105804,True,4.462476799992146
1,439,439,0.001,0.009796557373246799,0.0,0.0,0.0,0.0,0.009796557373246799,True,4.4634165999887045
1,440,440,0.001,0.009685993641841749,0.0,0.0,0.0,0.0,0.009685993641841749,True,4.46478969999589
1,441,441,0.001,0.009575718031904469,0.0,0.0,0.0,0.0,0.009575718031904469,True,4.466682300000684
1,442,442,0.001,0.009465742980724584,0.0,0.0,0.0,0.0,0.009465742980724584,True,4.4692573999927845
1,443,443,0.001,0.009356081136848542,0.0,0.0,0.0,0.0,0.009356081136848542,True,4.471945600002073
1,444,444,0.001,0.009246745355674725,0.0,0.0,0.0,0.0,0.009246745355674725,True,4.473733699996956
1,445,445,0.001,0.009137748694650803,0.0,0.0,0.0,0.0,0.009137748694650803,True,4.4758099999744445
1,446,446,0.001,0.00902910440806226,0.0,0.0,0.0,0.0,0.00902910440806226,True,4.478047599986894
1,447,447,0.001,0.008920825941401969,0.0,0.0,0.0,0.0,0.008920825941401969,True,4.4799393999855965
1,448,448,0.001,0.00881292692531024,0.0,0.0,0.0,0.0,0.00881292692531024,True,4.481798599998001
1,449,449,0.001,0.00870542116907664,0.0,0.0,0.0,0.0,0.00870542116907664,True,4.48523209997802
1,450,450,0.001,0.008598322653694694,0.0,0.0,0.0,0.0,0.008598322653694694,True,4.487982899998315
1,451,451,0.001,0.008491645524461702,0.0,0.0,0.0,0.0,0.008491645524461702,True,4.489835399988806
1,452,452,0.001,0.008385404083116537,0.0,0.0,0.0,0.0,0.008385404083116537,True,4.491521099989768
1,453,453,0.001,0.008279612779510009,0.0,0.0,0.0,0.0,0.008279612779510009,True,4.493187699990813
1,454,454,0.001,0.008174286202801565,0.0,0.0,0.0,0.0,0.008174286202801565,True,4.495065299997805
1,455,455,0.001,0.008069439072179182,0.0,0.0,0.0,0.0,0.008069439072179182,True,4.49688629998127
1,456,456,0.001,0.00796508622709886,0.0,0.0,0.0,0.0,0.00796508622709886,True,4.499454099975992
1,457,457,0.001,0.007861242617042198,0.0,0.0,0.0,0.0,0.007861242617042198,True,4.503679099987494
1,458,458,0.001,0.007757923290790798,0.0,0.0,0.0,0.0,0.007757923290790798,True,4.505167199997231
1,459,459,0.001,0.00765514338521877,0.0,0.0,0.0,0.0,0.00765514338521877,True,4.506257899978664
1,460,460,0.001,0.007552918113604994,0.0,0.0,0.0,0.0,0.007552918113604994,True,4.507305799983442
1,461,461,0.001,0.007451262753468064,0.0,0.0,0.0,0.0,0.007451262753468064,True,4.508283999981359
1,462,462,0.001,0.007350192633929344,0.0,0.0,0.0,0.0,0.007350192633929344,True,4.509257699974114
1,463,463,0.001,0.00724972312261031,0.0,0.0,0.0,0.0,0.00724972312261031,True,4.51022169998032
1,464,464,0.001,0.007149869612071337,0.0,0.0,0.0,0.0,0.007149869612071337,True,4.511970599996857
1,465,465,0.001,0.007050647505802626,0.0,0.0,0.0,0.0,0.007050647505802626,True,4.51358369999798
1,466,466,0.001,0.006952072203777367,0.0,0.0,0.0,0.0,0.006952072203777367,True,4.517167999991216
1,467,467,0.001,0.006854159087580492,0.0,0.0,0.0,0.0,0.006854159087580492,True,4.519683099992108
1,468,468,0.001,0.006756923505127532,0.0,0.0,0.0,0.0,0.006756923505127532,True,4.522201599989785
1,469,469,0.001,0.006660380754989967,0.0,0.0,0.0,0.0,0.006660380754989967,True,4.52440709999064
1,470,470,0.001,0.006564546070345265,0.0,0.0,0.0,0.0,0.006564546070345265,True,4.528117099980591
1,471,471,0.001,0.006469434602571491,0.0,0.0,0.0,0.0,0.006469434602571491,True,4.530143299984047
1,472,472,0.001,0.006375061404508561,0.0,0.0,0.0,0.0,0.006375061404508561,True,4.531837599992286
1,473,473,0.001,0.006281441413409775,0.0,0.0,0.0,0.0,0.006281441413409775,True,4.534506600000896
1,474,474,0.001,0.006188589433609226,0.0,0.0,0.0,0.0,0.006188589433609226,True,4.536902699997881
1,475,475,0.001,0.0060965201189324,0.0,0.0,0.0,0.0,0.0060965201189324,True,4.538964899984421
1,476,476,0.001,0.006005247954879308,0.0,0.0,0.0,0.0,0.006005247954879308,True,4.540764799981844
1,477,477,0.001,0.005914787240611489,0.0,0.0,0.0,0.0,0.005914787240611489,True,4.54541039999458
1,478,478,0.001,0.005825152070775084,0.0,0.0,0.0,0.0,0.005825152070775084,True,4.547427599987714
1,479,479,0.001,0.00573635631719527,0.0,0.0,0.0,0.0,0.00573635631719527,True,4.54917509999359
1,480,480,0.001,0.005648413610477801,0.0,0.0,0.0,0.0,0.005648413610477801,True,4.552313099993626
1,481,481,0.001,0.005561337321555721,0.0,0.0,0.0,0.0,0.005561337321555721,True,4.554516599979252
1,482,482,0.001,0.005475140543220892,0.0,0.0,0.0,0.0,0.005475140543220892,True,4.556694999977481
1,483,483,0.001,0.005389836071680799,0.0,0.0,0.0,0.0,0.005389836071680799,True,4.559654699987732
1,484,484,0.001,0.005305436388183237,0.0,0.0,0.0,0.0,0.005305436388183237,True,4.561718699987978
1,485,485,0.001,0.005221953640752312,0.0,0.0,0.0,0.0,0.005221953640752312,True,4.563471699977526
1,486,486,0.001,0.005139399626080499,0.0,0.0,0.0,0.0,0.005139399626080499,True,4.565199799981201
1,487,487,0.001,0.005057785771622327,0.0,0.0,0.0,0.0,0.005057785771622327,True,4.567359899985604
1,488,488,0.001,0.0049771231179365095,0.0,0.0,0.0,0.0,0.0049771231179365095,True,4.569819299998926
1,489,489,0.001,0.004897422301323753,0.0,0.0,0.0,0.0,0.004897422301323753,True,4.571717599988915
1,490,490,0.001,0.0048186935368081645,0.0,0.0,0.0,0.0,0.0048186935368081645,True,4.574360699974932
1,491,491,0.001,0.004740946601510691,0.0,0.0,0.0,0.0,0.004740946601510691,True,4.576692799979355
1,492,492,0.001,0.00466419081846323,0.0,0.0,0.0,0.0,0.00466419081846323,True,4.57853439997416
1,493,493,0.001,0.004588435040911941,0.0,0.0,0.0,0.0,0.004588435040911941,True,4.580639899999369
1,494,494,0.001,0.004513687637158535,0.0,0.0,0.0,0.0,0.004513687637158535,True,4.583357800001977
1,495,495,0.001,0.004439956475987538,0.0,0.0,0.0,0.0,0.004439956475987538,True,4.586663599999156
1,496,496,0.001,0.004367248912727341,0.0,0.0,0.0,0.0,0.004367248912727341,True,4.590018099988811
1,497,497,0.001,0.004295571775991963,0.0,0.0,0.0,0.0,0.004295571775991963,True,4.591957799973898
1,498,498,0.001,0.004224931355149531,0.0,0.0,0.0,0.0,0.004224931355149531,True,4.593667499982985
1,499,499,0.001,0.004155333388562079,0.0,0.0,0.0,0.0,0.004155333388562079,True,4.5953345999878366
1,500,500,0.001,0.0040867830526404355,0.0,0.0,0.0,0.0,0.0040867830526404355,True,4.597048700001324
2,1,501,0.0003,0.004019284951755587,1.0479761073850674e-07,1.1379846906512085e-11,1.0446341135350348e-07,2.6404618018319934e-05,0.004045898842175846,True,4.706831399991643
2,2,502,0.0003,0.003943379100666098,9.406693332874515e-08,1.0114819076572902e-11,9.378249807817939e-08,2.5919774442310848e-05,0.003969486734654634,True,4.802884599979734
2,3,503,0.0003,0.0038820770243955666,9.435323118943948e-08,1.0135309250321587e-11,9.415132937004464e-08,2.5423800394651453e-05,0.003907689339486087,True,4.906736599979922
2,4,504,0.0003,0.0038045903365804476,9.535945360136963e-08,1.0097385395260141e-11,9.509627122576244e-08,2.5173282194499557e-05,0.0038299540845971596,True,5.000393800000893
2,5,505,0.0003,0.003746484328656067,9.646453965681304e-08,1.0100754354858158e-11,9.615908478011797e-08,2.4888972182015985e-05,0.0037715659345632746,True,5.114002499991329
2,6,506,0.0003,0.0036757887736931488,9.645432519659133e-08,1.0098403615117038e-11,9.619413775382395e-08,2.444222813908434e-05,0.003700423660393587,True,5.268881700001657
2,7,507,0.0003,0.003613049023486626,9.517233639084813e-08,9.978476610564289e-12,9.496766566717137e-08,2.396573616119937e-05,0.00363720490962836,True,5.386693399981596
2,8,508,0.0003,0.0035518480875251445,9.28906973816903e-08,9.654665846062839e-12,9.271115118298248e-08,2.3548195888558855e-05,0.003575581894916934,True,5.509317499992903
2,9,509,0.0003,0.0034856686655181258,9.008287573784936e-08,9.208439677692794e-12,8.990815224325482e-08,2.317983198119117e-05,0.0035090284977357376,True,5.621581799990963
2,10,510,0.0003,0.0034245381750421435,8.726174308796699e-08,8.785791949384075e-12,8.708335627287464e-08,2.283355694609814e-05,0.0034475460858733945,True,5.736779200000456
2,11,511,0.0003,0.003365097076143131,8.502190567085793e-08,8.503676956442992e-12,8.4843922040546e-08,2.24829626942458e-05,0.003387749913168765,True,5.841694399976404
2,12,512,0.0003,0.0033024810202833595,8.374697096949228e-08,8.377402781409622e-12,8.357972186350271e-08,2.2115282221820005e-05,0.0033247636375754158,True,5.952198699989822
2,13,513,0.0003,0.003242430547625427,8.343988724963695e-08,8.34437174828114e-12,8.328516240007715e-08,2.1750215692548254e-05,0.003264347496711996,True,6.069832599983783
2,14,514,0.0003,0.0031851327771288502,8.373103188091835e-08,8.308272361940287e-12,8.35829688802807e-08,2.141212645180121e-05,0.003206712225889685,True,6.201290299999528
2,15,515,0.0003,0.0031262745929014125,8.386126324708664e-08,8.193727886545794e-12,8.371489966121673e-08,2.1100342190070487e-05,0.003147542519448119,True,6.318399699986912
2,16,516,0.0003,0.0030681067977172518,8.307755086579358e-08,7.988641447522396e-12,8.293048320698197e-08,2.079507718395436e-05,0.00308906789092392,True,6.449554199993145
2,17,517,0.0003,0.0030126063653518782,8.119545992048581e-08,7.73811004669043e-12,8.104646188044101e-08,2.0480062883727123e-05,0.0030332486778955167,True,6.621555899997475
2,18,518,0.0003,0.0029571213789895776,7.871996583915832e-08,7.50370590338757e-12,7.856880207370758e-08,2.015218597275495e-05,0.0029774308612339514,True,6.7289758999831975
2,19,519,0.0003,0.002901771087668894,7.642855327022067e-08,7.319020426656186e-12,7.627365884058029e-08,1.9822498033497798e-05,0.0029217462952335228,True,6.834404499997618
2,20,520,0.0003,0.002848605539186955,7.49347491390633e-08,7.17920390267752e-12,7.477291588096867e-08,1.9508223922681216e-05,0.0028682634779538603,True,6.944633899984183
2,21,521,0.0003,0.0027962490198855713,7.43395658164438e-08,7.054419206594105e-12,7.417003408008487e-08,1.921770267008698e-05,0.002815615239209974,True,7.05195829999866
2,22,522,0.0003,0.0027438461154149136,7.417298497035767e-08,6.919229171251943e-12,7.399856118871986e-08,1.8944030249072578e-05,0.0027629383241293743,True,7.158445399982156
2,23,523,0.0003,0.0026930867434633143,7.375669809580424e-08,6.7695835594343995e-12,7.357939976359448e-08,1.8673212066546238e-05,0.0027119072983973033,True,7.256196099973749
2,24,524,0.0003,0.002643759498829965,7.269465231184632e-08,6.620576740863817e-12,7.25123083699385e-08,1.8395447617132652e-05,0.0026623001600283563,True,7.370163999992656
2,25,525,0.0003,0.0025946726491827164,7.112714750460605e-08,6.490097236296344e-12,7.093435170736084e-08,1.811171261653103e-05,0.002612926429788557,True,7.489443200000096
2,26,526,0.0003,0.0025467372352846298,6.953105339084258e-08,6.38241526766619e-12,6.932183487311748e-08,1.783277939163978e-05,0.0025647088739469493,True,7.597048099996755
2,27,527,0.0003,0.0025002918317391697,6.834232463160277e-08,6.2866725026046966e-12,6.811310315672625e-08,1.75708824825596e-05,0.00251799917593619,True,7.694734199991217
2,28,528,0.0003,0.002454370622548758,6.763203560485859e-08,6.187987817346472e-12,6.738373740664695e-08,1.7328643792645707e-05,0.002471834288302403,True,7.804574599984335
2,29,529,0.0003,0.002409415703991538,6.708240828173599e-08,6.080586226463268e-12,6.681879311608555e-08,1.709689664440357e-05,0.002426646507917926,True,7.9055060999817215
2,30,530,0.0003,0.0023659127497721332,6.630267568291798e-08,5.97130134712904e-12,6.60259143788031e-08,1.686438448523217e-05,0.002382909468818728,True,8.019133399997372
2,31,531,0.0003,0.0023231210878880914,6.519298688316575e-08,5.874125546931715e-12,6.490116161657124e-08,1.6628461186309015e-05,0.0023398796490970253,True,8.127422999998089
2,32,532,0.0003,0.0022811982251370144,6.401128407126964e-08,5.798302464952302e-12,6.370015872725718e-08,1.639630918191905e-05,0.0022977222515600344,True,8.244830899988301
2,33,533,0.0003,0.0022406567229826912,6.311514080240472e-08,5.7401566801427016e-12,6.27816306212042e-08,1.6177986890123273e-05,0.002256960612384395,True,8.363677399989683
2,34,534,0.0003,0.0022009401982261137,6.26252643142856e-08,5.68678426552628e-12,6.226914095088842e-08,1.5977985755386907e-05,0.00221704308407355,True,8.472636199992849
2,35,535,0.0003,0.002162032986234907,6.229034957789445e-08,5.627256565819228e-12,6.191292710171998e-08,1.579075195694403e-05,0.002177947947095787,True,8.571649899997283
2,36,536,0.0003,0.0021243954559540287,6.170349809365803e-08,5.559737018425081e-12,6.130482518108934e-08,1.560503126475404e-05,0.0021401235011017945,True,8.68681579999975
2,37,537,0.0003,0.002087659744119039,6.068918659060288e-08,5.4921498376403615e-12,6.026679079340521e-08,1.541460320763729e-05,0.00210319530879621,True,8.805356600001687
2,38,538,0.0003,0.0020517659068884433,5.948625443522907e-08,5.43672820145746e-12,5.903694142650949e-08,1.5224166225462186e-05,0.0020671086017464957,True,8.91753009997774
2,39,539,0.0003,0.002017039197067176,5.854111970440156e-08,5.40071380869161e-12,5.8063927640371635e-08,1.5044003026682189e-05,0.0020321998105419167,True,9.025899200001732
2,40,540,0.0003,0.0019831680668581757,5.811694002510333e-08,5.381241359484003e-12,5.761390981061768e-08,1.488061215206164e-05,0.0019981644152413146,True,9.156419599981746
2,41,541,0.0003,0.0019501187791695904,5.8055772713108344e-08,5.367953241178362e-12,5.752958681877308e-08,1.4731312347251994e-05,0.0019649656822443274,True,9.307553299993742
2,42,542,0.0003,0.001918167737062824,5.790993357623993e-08,5.348968647500693e-12,5.7360837547101635e-08,1.458613099155351e-05,0.0019328691441744697,True,9.455967799993232
2,43,543,0.0003,0.0018870676093973105,5.733169688506125e-08,5.317544886765796e-12,5.675685972409656e-08,1.4436631669654065e-05,0.0019016183349411186,True,9.601340099994559
2,44,544,0.0003,0.0018567981169317857,5.6376702072832095e-08,5.2771688033509304e-12,5.577262589478871e-08,1.4284385416394984e-05,0.0018711946569533171,True,9.745839199982584
2,45,545,0.0003,0.0018275307432976244,5.541990683229098e-08,5.238975929938806e-12,5.478527397590595e-08,1.4138783328141642e-05,0.00184177973704555,True,9.865812899981393
2,46,546,0.0003,0.0017990489786512505,5.479529439447749e-08,5.213876679160951e-12,5.4131335094037804e-08,1.4007281956700136e-05,0.0018131651924513158,True,9.9902234999754
2,47,547,0.0003,0.0017713778012690394,5.4517682027231504e-08,5.2056296993605584e-12,5.382605834233099e-08,1.3888945893519227e-05,0.0017853750961085578,True,10.120552699983818
2,48,548,0.0003,0.0017446175566651204,5.4329331084154675e-08,5.208691175479686e-12,5.361017914260658e-08,1.3776191377666059e-05,0.0017585016927617043,True,10.228168599976925
2,49,549,0.0003,0.0017186002235367987,5.3981643445292316e-08,5.212711563219882e-12,5.323397137777533e-08,1.3662095117451095e-05,0.0017323695394817842,True,10.339896099991165
2,50,550,0.0003,0.0016933901978408695,5.3463469618461346e-08,5.210975634730654e-12,5.268708749181826e-08,1.3546845002866963e-05,0.0017070431986118224,True,10.43911899998784
2,51,551,0.0003,0.0016690041986030012,5.295535335845477e-08,5.204496905971151e-12,5.215152720660151e-08,1.3436622701459125e-05,0.0016825459333895223,True,10.563184899976477
2,52,552,0.0003,0.0016453019893104312,5.2591747828841724e-08,5.198845393554046e-12,5.176150433825063e-08,1.3336220101931587e-05,0.0016587425678633752,True,10.690862699993886
2,53,553,0.0003,0.0016223585413007613,5.231111045222734e-08,5.197757302590696e-12,5.145334767087117e-08,1.3242900687179544e-05,0.0016357052116438213,True,10.812382499978412
2,54,554,0.0003,0.0016001470377855656,5.1950930224181494e-08,5.199810702855424e-12,5.1063024693113965e-08,1.3152050542189729e-05,0.0016134021074824833,True,10.927089999982854
2,55,555,0.0003,0.0015785956650884395,5.1458423258064505e-08,5.201671920192395e-12,5.0539196302203525e-08,1.3060066147880762e-05,0.0015917577340575527,True,11.033093899983214
2,56,556,0.0003,0.0015577594889250078,5.0964091482312615e-08,5.203522752160221e-12,5.0015803190849906e-08,1.2968645031056344e-05,0.00157082911905426,True,11.133350399992196
2,57,557,0.0003,0.001537562143647597,5.0639546281032585e-08,5.209933355481529e-12,4.966617461125402e-08,1.2882876254122555e-05,0.0015505453308325451,True,11.236610499996459
2,58,558,0.0003,0.0015179817077305522,5.0506403074580234e-08,5.224929907334516e-12,4.950979633017089e-08,1.2805177092506753e-05,0.0015308869062473935,True,11.358521499991184
2,59,559,0.0003,0.0014990453242149412,5.0409600010119514e-08,5.246477431455296e-12,4.938780341817003e-08,1.273187486230316e-05,0.0015118770017271501,True,11.485654199990677
2,60,560,0.0003,0.0014806823467129345,5.0178193891602596e-08,5.266846732767962e-12,4.9127915507538354e-08,1.2659056625395364e-05,0.0014934407147145757,True,11.587972899986198
2,61,561,0.0003,0.0014629080565356889,4.979604701087243e-08,5.279712101356468e-12,4.871654653604826e-08,1.2585078619588537e-05,0.0014755916530285362,True,11.684999799996149
2,62,562,0.0003,0.0014457036746495925,4.9393585035387364e-08,5.285994510247597e-12,4.828757223855339e-08,1.2512348843454967e-05,0.0014583137099363158,True,11.806262699974468
2,63,563,0.0003,0.0014290181246614036,4.9096337875261005e-08,5.292856496606138e-12,4.7966969926514855e-08,1.2444305159544079e-05,0.0014415594984216057,True,11.92231829999946
2,64,564,0.0003,0.0014128675313779225,4.891080782168969e-08,5.306766278290325e-12,4.7758546354310664e-08,1.2381745904824398e-05,0.0014253459519436892,True,12.01871899998514
2,65,565,0.0003,0.0013972091974568158,4.8757002857009075e-08,5.32776177539151e-12,4.758008397714143e-08,1.2322656977648808e-05,0.0014096281968490605,True,12.125195100001292
2,66,566,0.0003,0.0013820326245435129,4.857582904688398e-08,5.350394922151485e-12,4.7373529137670234e-08,1.2264744089750424e-05,0.0013943933233418427,True,12.234393499995349
2,67,567,0.0003,0.0013673362280966627,4.837674013312031e-08,5.3696347246607646e-12,4.715113749469696e-08,1.220762230600837e-05,0.0013796393836499334,True,12.336876899993513
2,68,568,0.0003,0.0013530756536563248,4.81900217075414e-08,5.385224461823556e-12,4.6943955416662795e-08,1.2152476507064267e-05,0.0013653232695257378,True,12.439543999993475
2,69,569,0.0003,0.0013392543409601076,4.8011041855617734e-08,5.400506968056905e-12,4.674496038730955e-08,1.2099710591133712e-05,0.0013514488129539911,True,12.551078799995594
2,70,570,0.0003,0.001325846589222145,4.781115400303303e-08,5.417586811556675e-12,4.6523031826476826e-08,1.2046097114066496e-05,0.0013379870259396277,True,12.66482299999916
2,71,571,0.0003,0.001312831904207033,4.759110085968198e-08,5.435043330715757e-12,4.6279657205832104e-08,1.1990908416461178e-05,0.001324916688816603,True,12.764624099974753
2,72,572,0.0003,0.0013002082158934409,4.7391227188510385e-08,5.4502115470853335e-12,4.6058405897425956e-08,1.193425422354141e-05,0.0013122359252002796,True,12.870163699990371
2,73,573,0.0003,0.0012879433733057686,4.723884252857472e-08,5.462369844409043e-12,4.588836086892025e-08,1.1873440217386733e-05,0.001299909946188923,True,12.988006699975813
2,74,574,0.0003,0.0012760341463683117,4.711533442271382e-08,5.474029785620945e-12,4.574906194932984e-08,1.1813595766922493e-05,0.001287940612005636,True,13.08920419999049
2,75,575,0.0003,0.001264462346488154,4.698947327485734e-08,5.488893851672966e-12,4.560613500426716e-08,1.1756130101744952e-05,0.001276311077687072,True,13.18486199999461
2,76,576,0.0003,0.0012532093655483465,4.685403030765671e-08,5.507562256562986e-12,4.545173366962089e-08,1.1700880412737018e-05,0.001265002557232623,True,13.291197499987902
2,77,577,0.0003,0.0012422717970138092,4.6728299742735536e-08,5.527179358657828e-12,4.5307522278354506e-08,1.1647197441990443e-05,0.0012540110358050002,True,13.401696999993874
2,78,578,0.0003,0.0012316277199744072,4.662083430714685e-08,5.544333090429549e-12,4.518420675050188e-08,1.1594044584460923e-05,0.0012433135751442588,True,13.509707599994726
2,79,579,0.0003,0.0012212721093080219,4.6512532441019394e-08,5.558082577977881e-12,4.506204371451556e-08,1.1540689947587084e-05,0.0012329043793898472,True,13.60993249999592
2,80,580,0.0003,0.0012111895162534175,4.638587711959049e-08,5.570081927317414e-12,4.49213040452775e-08,1.1487420589383491e-05,0.0012227682495940478,True,13.722611399978632
2,81,581,0.0003,0.0012013651559292875,4.625306016311332e-08,5.582062037302318e-12,4.4773448779192964e-08,1.1435217521604715e-05,0.0012128914055418965,True,13.819479099998716
2,82,582,0.0003,0.001191792480864846,4.6136548020419496e-08,5.5937125330164014e-12,4.46424225313112e-08,1.138448129757305e-05,0.0012032677467266834,True,13.96914729999844
2,83,583,0.0003,0.0011824554050563277,4.603047709989097e-08,5.6034035472028635e-12,4.4523768517357237e-08,1.133439099436066e-05,0.001193880355899709,True,14.152350099990144
2,84,584,0.0003,0.00117334899980521,4.590482098643982e-08,5.610742159999247e-12,4.43868752715143e-08,1.128394910986207e-05,0.0011847232462220722,True,14.30418809998082
2,85,585,0.0003,0.0011644597089259733,4.5751920561342776e-08,5.617678486126188e-12,4.422250895313134e-08,1.1233482977423255e-05,0.0011757831719505895,True,14.476712899981067
2,86,586,0.0003,0.001155776524940982,4.5606715136010626e-08,5.6265479591301515e-12,4.4065335628848525e-08,1.1184458795833461e-05,0.0011670506614141283,True,14.653308499982813
2,87,587,0.0003,0.0011472909486841896,4.5504320330259984e-08,5.637187558714604e-12,4.395182359636259e-08,1.1137593807380546e-05,0.0011585180042726843,True,14.794425999978557
2,88,588,0.0003,0.0011389922529551752,4.543033271461614e-08,5.646716174125867e-12,4.3868618082906153e-08,1.10917259225616e-05,0.0011501732834752504,True,14.956546299974434
2,89,589,0.0003,0.0011308767480160014,4.5334822663582636e-08,5.6524647603448135e-12,4.3765163935319394e-08,1.1045059685087535e-05,0.0011420109133401528,True,15.127383699989878
2,90,590,0.0003,0.0011229335966207836,4.5194383215085376e-08,5.654684953817223e-12,4.3616726980141645e-08,1.0997278508091499e-05,0.0011340196918937554,True,15.269729099993128
2,91,591,0.0003,0.0011151550249972179,4.503825886201571e-08,5.6558799732813775e-12,4.345225882517965e-08,1.0949742682528982e-05,0.0011261932638533141,True,15.39042119999067
2,92,592,0.0003,0.0011075317907125017,4.4904457706204376e-08,5.657724207036555e-12,4.3310612990300754e-08,1.090350702325731e-05,0.00111852351846418,True,15.532555899990257
2,93,593,0.0003,0.0011000565737345814,4.479035882884129e-08,5.659493261108205e-12,4.31897877455609e-08,1.0857909807641307e-05,0.0011110024693482903,True,15.639648399985163
2,94,594,0.0003,0.0010927248502637017,4.4665621889638545e-08,5.659706569618984e-12,4.305910840736105e-08,1.0811615410794933e-05,0.0011036241960645002,True,15.754518399975495
2,95,595,0.0003,0.001085528136134325,4.4522460951480826e-08,5.658450780202662e-12,4.291023510496861e-08,1.0764544740372602e-05,0.0010963801192292047,True,15.867782499990426
2,96,596,0.0003,0.0010784604188226782,4.438637442105725e-08,5.65715116283881e-12,4.276870993031434e-08,1.0717939134104607e-05,0.0010892655186982853,True,15.988289299973985
2,97,597,0.0003,0.001071513491860428,4.427329431198587e-08,5.6562507201466255e-12,4.265080706006268e-08,1.0672522323541817e-05,0.0010822729439415927,True,16.106647799984785
2,98,598,0.0003,0.0010646829867197102,4.416054769043984e-08,5.654235721563533e-12,4.253379664374029e-08,1.0627438608565632e-05,0.001075397125326846,True,16.218547199998284
2,99,599,0.0003,0.001057964202682354,4.401709020402973e-08,5.649492122177745e-12,4.2386295297102886e-08,1.0581460954810215e-05,0.0010686320726721577,True,16.342657799978042
2,100,600,0.0003,0.0010513512473014476,4.384897125296665e-08,5.642521018941654e-12,4.221437629496867e-08,1.0534717557806006e-05,0.0010619720338493224,True,16.485714699985692
2,101,601,0.0003,0.0010448383213000653,4.369284357197666e-08,5.635478011153385e-12,4.205509535790303e-08,1.0488482478416911e-05,0.0010554125573528901,True,16.606586099980632
2,102,602,0.0003,0.001038418947080979,4.356720332529327e-08,5.629637741981642e-12,4.192708316741109e-08,1.0443405263018427e-05,0.0010489478522601279,True,16.7314664000005
2,103,603,0.0003,0.0010320900184533736,4.3451110577912433e-08,5.624114525940374e-12,4.1809051070114383e-08,1.0398696441115895e-05,0.001042573980680252,True,16.844596999988426
2,104,604,0.0003,0.0010258473965171315,4.331670764152073e-08,5.61730172347199e-12,4.167287309778501e-08,1.0353267393102552e-05,0.0010362856591082752,True,16.96009489998687
2,105,605,0.0003,0.0010196872914401728,4.316503101231192e-08,5.6088877640664986e-12,4.151977073809325e-08,1.0307099319024848e-05,0.0010300790811698355,True,17.07508689997485
2,106,606,0.0003,0.0010136045451975748,4.3016241826048097e-08,5.599817556951463e-12,4.137011289451994e-08,1.0260981629524495e-05,0.001023949918781637,True,17.193153000000166
2,107,607,0.0003,0.0010075949560250336,4.2876064022506155e-08,5.590630983983164e-12,4.1229402496911575e-08,1.0215216769368612e-05,0.0010178942838515526,True,17.30610629997682
2,108,608,0.0003,0.0010016554744354024,4.27303981829746e-08,5.580705139647612e-12,4.108323523630169e-08,1.016923034544363e-05,0.0010119085239949704,True,17.43598509998992
2,109,609,0.0003,0.0009957827883096708,4.2570961905519965e-08,5.569344830616329e-12,4.09234995229971e-08,1.0122498298821619e-05,0.0010059887866392659,True,17.554538199998206
2,110,610,0.0003,0.000989973568455362,4.240863051979707e-08,5.556976300205984e-12,4.076147777349e-08,1.0075310574192551e-05,0.0010001320546948241,True,17.674511399993207
2,111,611,0.0003,0.0009842236111527241,4.225552643473693e-08,5.544688325146683e-12,4.060922610040619e-08,1.0028308828776255e-05,0.0009943347902787237,True,17.803556099999696
2,112,612,0.0003,0.0009785300497672546,4.21065978776563e-08,5.532819358530821e-12,4.0461172180472436e-08,9.98158976072156e-06,0.0009885942128308538,True,17.92111679998925
2,113,613,0.0003,0.0009728901884168322,4.1948542393441676e-08,5.520567006313982e-12,4.030383453202741e-08,9.934660345550605e-06,0.0009829071066598753,True,18.076857799984282
2,114,614,0.0003,0.000967301810362663,4.1779628467037207e-08,5.507072814705956e-12,4.0135946724884303e-08,9.887182742402421e-06,0.0009772709141873301,True,18.20595149998553
2,115,615,0.0003,0.000961761928248136,4.1610076244892496e-08,5.492433397241312e-12,3.996812412334328e-08,9.839386374435225e-06,0.000971682898315373,True,18.3293599000026
2,116,616,0.0003,0.0009562677005054781,4.1445693754036066e-08,5.47735957142244e-12,3.980589557571239e-08,9.791658044951805e-06,0.0009661406156171192,True,18.458268299989868
2,117,617,0.0003,0.0009508167386292712,4.1281153014810394e-08,5.462140197033877e-12,3.964344373577657e-08,9.744001439576201e-06,0.0009606416701277382,True,18.589509999990696
2,118,618,0.0003,0.0009454070674069011,4.111012904758771e-08,5.4463899767617725e-12,3.9474500914180426e-08,9.696100239197805e-06,0.0009551837577224507,True,18.7583063999773
2,119,619,0.0003,0.0009400368130267286,4.093395895729675e-08,5.429798955453851e-12,3.930083452399721e-08,9.647789232116786e-06,0.0009497648424821257,True,18.878014199988684
2,120,620,0.0003,0.0009347036606974753,4.0757379976191056e-08,5.412693222276264e-12,3.912721606306143e-08,9.599247117264152e-06,0.0009443827978234719,True,18.99309059997904
2,121,621,0.0003,0.0009294055556077483,4.0581495033654816e-08,5.395602686057278e-12,3.895431783877398e-08,9.550714934547454e-06,0.0009390358117507708,True,19.115123700001277
2,122,622,0.0003,0.0009241405617986534,4.040456627683816e-08,5.378505433346329e-12,3.878022552406405e-08,9.502180295920234e-06,0.0009337219322648801,True,19.223039299977245
2,123,623,0.0003,0.0009189072951450294,4.0225874921833e-08,5.3608454321951885e-12,3.8604579218073796e-08,9.453427225505238e-06,0.00092843955818552,True,19.345316399994772
2,124,624,0.0003,0.0009137041635016584,4.004527931140953e-08,5.342280121195408e-12,3.8427515950075285e-08,9.404333017662671e-06,0.0009231869746568627,True,19.50265749997925
2,125,625,0.0003,0.0009085295864535919,3.9861563881497745e-08,5.323101604564455e-12,3.824755312238548e-08,9.355012502436858e-06,0.0009179627133961342,True,19.62756090000039
2,126,626,0.0003,0.0009033818489251428,3.967434870078713e-08,5.303796896925547e-12,3.806394432227167e-08,9.305651806182109e-06,0.0009127652443281448,True,19.75060769999982
2,127,627,0.0003,0.0008982595880148881,3.948581326092576e-08,5.2844383097776374e-12,3.787898854525614e-08,9.256277038261681e-06,0.0009075932351393943,True,19.894262499990873
2,128,628,0.0003,0.000893161611664226,3.9298041466299296e-08,5.264746500667415e-12,3.769514427890112e-08,9.20676310259669e-06,0.0009024453732173144,True,20.048057199979667
2,129,629,0.0003,0.0008880867575268266,3.911037994696399e-08,5.2446208449086625e-12,3.751177811535521e-08,9.157049565814368e-06,0.0008973204344953241,True,20.167504699988058
2,130,630,0.0003,0.0008830337574834348,3.8921516423989046e-08,5.2242873465598e-12,3.732726399950834e-08,9.107241633749118e-06,0.0008922172531218947,True,20.287789399997564
2,131,631,0.0003,0.0008780014003919648,3.87319746366937e-08,5.203880238973677e-12,3.714201474104733e-08,9.057443914679365e-06,0.0008871347234999021,True,20.402817599999253
2,132,632,0.0003,0.0008729887588516182,3.854197206290387e-08,5.183162062852794e-12,3.695645864812993e-08,9.007579243556517e-06,0.0008820718417090477,True,20.514039299974684
2,133,633,0.0003,0.0008679950065281076,3.834910202722791e-08,5.161843728032343e-12,3.676829507776425e-08,8.957482752794385e-06,0.0008770276118398507,True,20.622201499994844
2,134,634,0.0003,0.0008630192562142058,3.815160111133167e-08,5.140019258608472e-12,3.657557910033439e-08,8.907146787946911e-06,0.0008720011353223836,True,20.72341849998338
2,135,635,0.0003,0.000858060440303552,3.795227905771981e-08,5.118057757362252e-12,3.6380987925132964e-08,8.856745141927818e-06,0.0008669915238305204,True,20.846972400002414
2,136,636,0.0003,0.0008531176608449874,3.775532852376855e-08,5.096123404454652e-12,3.6188847387673495e-08,8.806390406215941e-06,0.000861998000523238,True,20.96843129998888
2,137,637,0.0003,0.0008481902299634238,3.756015834426544e-08,5.07402204076748e-12,3.5998704719974725e-08,8.755989316207598e-06,0.0008570197832167176,True,21.065357099985704
2,138,638,0.0003,0.0008432775919871992,3.7362395177011705e-08,5.051538186965584e-12,3.5806093148626154e-08,8.705407748467154e-06,0.0008520561732755302,True,21.170658199989703
2,139,639,0.0003,0.000838379021366029,3.716061944008519e-08,5.028715190702187e-12,3.5609452153233306e-08,8.654677494178595e-06,0.0008471064739605162,True,21.266365999996196
2,140,640,0.0003,0.0008334937756284502,3.6957835181657375e-08,5.005704294378987e-12,3.541183101295549e-08,8.6039303535537e-06,0.0008421700806539028,True,21.383441599988146
2,141,641,0.0003,0.0008286212253653428,3.675588343493855e-08,4.982497141371395e-12,3.521518657485223e-08,8.553190108394346e-06,0.0008372463915262441,True,21.538333599979524
2,142,642,0.0003,0.0008237609271016502,3.655284545715179e-08,4.958974742729973e-12,3.5017582451554596e-08,8.502363367716607e-06,0.0008323348658562503,True,21.65177830000175
2,143,643,0.0003,0.0008189123748301524,3.634743917894653e-08,4.935155598936284e-12,3.481765466234634e-08,8.451424501653277e-06,0.0008274349693608025,True,21.761502199980896
2,144,644,0.0003,0.0008140749932232903,3.6141898063025506e-08,4.911222940737541e-12,3.4617648298502967e-08,8.400477150589569e-06,0.0008225462348314642,True,21.866304900002433
2,145,645,0.0003,0.0008092482484439405,3.593807588386993e-08,4.887284780335167e-12,3.441946391623131e-08,8.349595718566813e-06,0.0008176682065895921,True,21.984235299983993
2,146,646,0.0003,0.000804431796314704,3.5733978410989525e-08,4.8632369034014305e-12,3.4221067563506976e-08,8.29871397708577e-06,0.0008128004702010012,True,22.102087799983565
2,147,647,0.0003,0.000799625333554992,3.552704049774444e-08,4.838927189621469e-12,3.401983861303947e-08,8.24773837933703e-06,0.000807942623652367,True,22.208154599997215
2,148,648,0.0003,0.0007948284759088484,3.531837217367987e-08,4.814366567566467e-12,3.381692669756848e-08,8.196695387180571e-06,0.0008030943114092668,True,22.300441599974874
2,149,649,0.0003,0.0007900407834043185,3.5110715267128265e-08,4.789686547047095e-12,3.361512919193308e-08,8.145682308966153e-06,0.0007982551963474303,True,22.403283999999985
2,150,650,0.0003,0.0007852619285855867,3.4903998583828204e-08,4.7649378283617376e-12,3.3414335600405224e-08,8.09471762923448e-06,0.0007934249693139432,True,22.52023019999615
2,151,651,0.0003,0.0007804916890635941,3.469603371090486e-08,4.740045564001529e-12,3.321230189144998e-08,8.043733067253519e-06,0.0007886033352064955,True,22.620014399988577
2,152,652,0.0003,0.0007757298268185895,3.448648976750286e-08,4.714970617520786e-12,3.3008732919990187e-08,7.992703533614572e-06,0.0007837900302898621,True,22.740655799978413
2,153,653,0.0003,0.0007709760270686141,3.4277157716171436e-08,4.689801800021507e-12,3.2805468090109865e-08,7.941696113775283e-06,0.0007789848104979974,True,22.86073249997571
2,154,654,0.0003,0.000766230007801142,3.406873923897432e-08,4.664624774682558e-12,3.2603167204926844e-08,7.890768145348211e-06,0.000774187452517559,True,22.981870999996318
2,155,655,0.0003,0.0007614915926800099,3.3860058940153366e-08,4.6393818613785235e-12,3.2400606280987186e-08,7.83988848801302e-06,0.0007693977464726259,True,23.10370690000127
2,156,656,0.0003,0.0007567606497149176,3.365046233066531e-08,4.6139580527068705e-12,3.219717796993305e-08,7.789003424148173e-06,0.0007646155053933245,True,23.22983299999032
2,157,657,0.0003,0.0007520369908346785,3.3440735788842756e-08,4.588359783405353e-12,3.199372022001989e-08,7.738129373935668e-06,0.0007598405592529828,True,23.347842199989827
2,158,658,0.0003,0.0007473204047629993,3.3231358917352825e-08,4.562697898591815e-12,3.179065816877037e-08,7.687322911673278e-06,0.0007550727542544565,True,23.46211309998762
2,159,659,0.0003,0.0007426107463718186,3.302167626030706e-08,4.537011059237428e-12,3.158726875008016e-08,7.636588416602304e-06,0.0007503119482704423,True,23.56546739998157
2,160,660,0.0003,0.0007379079383799982,3.2811268448657213e-08,4.511228267520229e-12,3.138317414926843e-08,7.585880150654308e-06,0.0007455580174844787,True,23.6726534999907
2,161,661,0.0003,0.0007332118786463865,3.260076571212566e-08,4.485320502062782e-12,3.1179071843698414e-08,7.535188798476947e-06,0.0007408108517677398,True,23.79173239998636
2,162,662,0.0003,0.00072852242215769,3.239079940377195e-08,4.459363127742819e-12,3.097555937809646e-08,7.484561484635931e-06,0.0007360703544604709,True,23.92477620000136
2,163,663,0.0003,0.0007238394573709583,3.218110206003176e-08,4.4333985720591945e-12,3.0772305136348337e-08,7.43402331102265e-06,0.0007313364385225759,True,24.043344999983674
2,164,664,0.0003,0.0007191629491982591,3.197105221914024e-08,4.407351643240655e-12,3.05687151258436e-08,7.383537990364596e-06,0.0007266090313633204,True,24.173786400002427
2,165,665,0.0003,0.0007144928663159447,3.176048191806905e-08,4.38115651157073e-12,3.0364677961726006e-08,7.33307491639644e-06,0.0007218880707733773,True,24.286438299983274
2,166,666,0.0003,0.0007098291253446775,3.1549693137820485e-08,4.354874049157748e-12,3.016046711319276e-08,7.282666072387315e-06,0.0007171735059321899,True,24.387395199999446
2,167,667,0.0003,0.0007051716368712192,3.133908169754031e-08,4.328596856240983e-12,2.995642358077773e-08,7.232357681953991e-06,0.0007124652943870483,True,24.524200599989854
2,168,668,0.0003,0.0007005203753752435,3.112886144717074e-08,4.3023150699227704e-12,2.975278778415858e-08,7.182144334118371e-06,0.0007077634056609083,True,24.632285499974387
2,169,669,0.0003,0.0006958753490670505,3.091894250180646e-08,4.2759683465862945e-12,2.954952196513893e-08,7.131995390443276e-06,0.0007030678171979292,True,24.7353239999793
2,170,670,0.0003,0.0006912365391896279,3.070909666023618e-08,4.249566593085389e-12,2.934637307545604e-08,7.081916687197046e-06,0.0006983785155961271,True,24.83059189998312
2,171,671,0.0003,0.0006866039102273407,3.04992754467896e-08,4.223160562926794e-12,2.9143240891196896e-08,7.031937415326194e-06,0.0006936954943821653,True,24.941161299997475
2,172,672,0.0003,0.0006819774675404253,3.028956476276821e-08,4.196738984152827e-12,2.8940227522240036e-08,6.982055577326946e-06,0.0006890187571067762,True,25.05418519998784
2,173,673,0.0003,0.0006773572468284801,3.0079903135534835e-08,4.1702525978598e-12,2.873731309517379e-08,6.932245501138811e-06,0.0006843483137161022,True,25.16780579998158
2,174,674,0.0003,0.0006727432630959034,2.9870234520392165e-08,4.14371289810663e-12,2.8534426661863e-08,6.8825098612761334e-06,0.0006796841817620749,True,25.319268999999622
2,175,675,0.0003,0.0006681355084188615,2.9660845796902464e-08,4.117180271456067e-12,2.8331821514896133e-08,6.83287960128837e-06,0.000675026384804642,True,25.442543599987403
2,176,676,0.0003,0.0006635340030904283,2.945205184509436e-08,4.0906704050801845e-12,2.8129826573702948e-08,6.7833655017013935e-06,0.0006703749545612189,True,25.55551549998927
2,177,677,0.0003,0.000658938802586239,2.9243642547897788e-08,4.064146523865855e-12,2.792825615720868e-08,6.733949186473545e-06,0.0006657299277355641,True,25.665430599998217
2,178,678,0.0003,0.0006543499582939466,2.903519375029555e-08,4.03759377396027e-12,2.77266688027444e-08,6.684622970754053e-06,0.0006610913471648475,True,25.7681423999893
2,179,679,0.0003,0.0006497675008098707,2.8826799355454123e-08,4.011037285704188e-12,2.752513762326171e-08,6.635404376761257e-06,0.000656459261134648,True,25.886200599983567
2,180,680,0.0003,0.0006451914710822214,2.86188942537842e-08,3.984490915383058e-12,2.7324113778114082e-08,6.586306601510532e-06,0.0006518337246762548,True,25.99513759999536
2,181,681,0.0003,0.0006406219355264541,2.841150191940894e-08,3.957940868030372e-12,2.712363617874427e-08,6.537322514936146e-06,0.0006472147971374293,True,26.124720199994044
2,182,682,0.0003,0.0006360589662817395,2.8204303921890344e-08,3.9313822649197455e-12,2.6923370842682177e-08,6.488444898910402e-06,0.0006426025427867967,True,26.234871299995575
2,183,683,0.0003,0.0006315026246562275,2.799731272519443e-08,3.904833840803187e-12,2.672331877186131e-08,6.439681540761453e-06,0.0006379970307333198,True,26.332754399976693
2,184,684,0.0003,0.0006269529748346124,2.779081973376629e-08,3.878311288190255e-12,2.652378276084444e-08,6.391042087236913e-06,0.0006333983354026553,True,26.463408699986758
2,185,685,0.0003,0.0006224100977208725,2.7584799025419714e-08,3.851809463852473e-12,2.632473984954217e-08,6.34252403084657e-06,0.0006288065351424036,True,26.56732559998636
2,186,686,0.0003,0.0006178740834542494,2.737898656873223e-08,3.825316010168946e-12,2.6125914158562282e-08,6.2941201861680824e-06,0.0006242217123664607,True,26.682600399974035
2,187,687,0.0003,0.0006133450168397275,2.7173434808752224e-08,3.798830686462865e-12,2.5927359788021164e-08,6.245832518986366e-06,0.0006196439539521413,True,26.807304999994813
2,188,688,0.0003,0.0006088229788669077,2.6968415729942736e-08,3.772365762414097e-12,2.572935898122586e-08,6.1976705608246915e-06,0.0006150733509748095,True,26.920815399993444
2,189,689,0.0003,0.0006043080602364937,2.6763895830689447e-08,3.745929643245725e-12,2.5531871255605376e-08,6.1496383167724975e-06,0.0006105099980662821,True,27.03186009998899
2,190,690,0.0003,0.0005998003643439422,2.6559630819202405e-08,3.71951800941127e-12,2.5334641634510908e-08,6.101730919986621e-06,0.0006059539932559005,True,27.134580599988112
2,191,691,0.0003,0.000595299994449422,2.6355662572960868e-08,3.6931287044508946e-12,2.513772001820332e-08,6.0539471031890654e-06,0.0006014054386283309,True,27.245642800000496
2,192,692,0.0003,0.0005908070460830686,2.6152256141040595e-08,3.666775287732651e-12,2.4941378815480917e-08,6.00629636378309e-06,0.0005968644397485835,True,27.356646100000944
2,193,693,0.0003,0.0005863216205423516,2.5949449725957717e-08,3.640469133177194e-12,2.4745645883916826e-08,5.958786150941933e-06,0.0005923311054293725,True,27.47680369997397
2,194,694,0.0003,0.0005818438357737113,2.574706125493339e-08,3.614199230511989e-12,2.4550334464616867e-08,5.911410662319484e-06,0.0005878055474459495,True,27.597791599982884
2,195,695,0.0003,0.0005773738136928494,2.5545042974260676e-08,3.587952221070581e-12,2.4355407666842016e-08,5.864163268933926e-06,0.0005832878810003766,True,27.708206499984954
2,196,696,0.0003,0.0005729116655663446,2.5343504184255735e-08,3.561739241321414e-12,2.4160974654262905e-08,5.817050640535434e-06,0.0005787782242474578,True,27.81989389998489
2,197,697,0.0003,0.0005684575037520628,2.5142470900639074e-08,3.5355773446806804e-12,2.3967047766178667e-08,5.77008143952475e-06,0.0005742766982458317,True,27.932365799992112
2,198,698,0.0003,0.0005640114559599656,2.494188876370257e-08,3.5094615566891357e-12,2.3773573939364136e-08,5.723251906691891e-06,0.0005697834268388221,True,28.03832439999678
2,199,699,0.0003,0.0005595736535014938,2.474179708148386e-08,3.4833831470525833e-12,2.3580605016062154e-08,5.676557368407793e-06,0.0005652985367553822,True,28.16673189998255
2,200,700,0.0003,0.0005551442176976345,2.4542292844800045e-08,3.45735442472385e-12,2.3388233576126005e-08,5.630005692260603e-06,0.0005608221573736704,True,28.28096419997746
2,201,701,0.0003,0.0005507232732145036,2.4343363762644797e-08,3.431386796806888e-12,2.3196435011433728e-08,5.583604130003865e-06,0.0005563544205746682,True,28.397326399979647
2,202,702,0.0003,0.0005463109608371462,2.4144908483326525e-08,3.405468213952447e-12,2.3005113014938418e-08,5.537346508424278e-06,0.000551895460772537,True,28.51139410000178
2,203,703,0.0003,0.0005419074224403665,2.394690217018464e-08,3.37958905734288e-12,2.281425161122485e-08,5.491227843941137e-06,0.0005474454148176782,True,28.628049799997825
2,204,704,0.0003,0.0005375127887176744,2.3749433034621372e-08,3.3537640648763804e-12,2.262393134894243e-08,5.445256578752287e-06,0.0005430044220145744,True,28.747758299985435
2,205,705,0.0003,0.0005331271940547529,2.3552575132811887e-08,3.3280061395440512e-12,2.2434219407738547e-08,5.399439745352022e-06,0.0005385726239226517,True,28.84836340000038
2,206,706,0.0003,0.0005287507874425295,2.33563086430711e-08,3.3023070411067056e-12,2.2245104197896746e-08,5.3537721787373735e-06,0.0005341501643364149,True,28.94930779997958
2,207,707,0.0003,0.0005243837182108512,2.3160589203667477e-08,3.276661408723823e-12,2.2056544758483346e-08,5.308250509337955e-06,0.0005297371891308126,True,29.049801999994088
2,208,708,0.0003,0.0005200261279605053,2.2965426613969265e-08,3.251080124993158e-12,2.1868541072170117e-08,5.262881146320367e-06,0.000525333846325592,True,29.14986079998198
2,209,709,0.0003,0.000515678163546116,2.277084609029466e-08,3.225567758700006e-12,2.1681115858167342e-08,5.217667248755536e-06,0.0005209402859823877,True,29.25492179999128
2,210,710,0.0003,0.0005113399816689086,2.2576830650421324e-08,3.200115583735096e-12,2.1494259877887605e-08,5.172604153372389e-06,0.000516556660112925,True,29.36110879998887
2,211,711,0.0003,0.0005070117363838588,2.2383369596282645e-08,3.174723447557301e-12,2.1307961688708317e-08,5.127691751228851e-06,0.000512183122641096,True,29.482093300000997
2,212,712,0.0003,0.0005026935770021751,2.2190511579457254e-08,3.1494026676863067e-12,2.112226284115889e-08,5.0829364529550345e-06,0.0005078198293789533,True,29.60275059999549
2,213,713,0.0003,0.0004983856592895604,2.199829596180554e-08,3.124156534146429e-12,2.093720435725088e-08,5.038340038970174e-06,0.0005034669379530062,True,29.7246072999842
2,214,714,0.0003,0.0004940881457308982,2.1806687621997367e-08,3.09897983432361e-12,2.0752755207790005e-08,4.993899384005346e-06,0.0004991246076567131,True,29.833861699997215
2,215,715,0.0003,0.0004898011964804736,2.1615652656186675e-08,3.0738737550209894e-12,2.056887754493207e-08,4.949615401912201e-06,0.0004947929994864606,True,29.93173109999043
2,216,716,0.0003,0.0004855249701408885,2.1425232387841315e-08,3.0488440278772727e-12,2.0385609750342934e-08,4.9054920673771245e-06,0.0004904722760992479,True,30.05044189997716
2,217,717,0.0003,0.00048125963018069717,2.123547144970978e-08,3.0238908608997836e-12,2.0203000094258553e-08,4.861530038233369e-06,0.00048616260171436534,True,30.16681549997884
2,218,718,0.0003,0.0004770053433253232,2.1046346721507945e-08,2.9990124777413735e-12,2.0021025769949993e-08,4.817728319146858e-06,0.000481864142015974,True,30.290177899994887
2,219,719,0.0003,0.00047276227548328836,2.0857832599971436e-08,2.9742115075310156e-12,1.9839657062601562e-08,4.774088197742806e-06,0.0004775770641449053,True,30.439928099978715
2,220,720,0.0003,0.000468530593158684,2.0669959888804797e-08,2.9494917673917793e-12,1.9658924874180515e-08,4.73061167321905e-06,0.00047330153666615783,True,30.582368299976224
2,221,721,0.0003,0.00046431046532689584,2.0482756316633423e-08,2.924854894384587e-12,1.9478858686313587e-08,4.687299602470223e-06,0.0004690377294692239,True,30.724174699978903
2,222,722,0.0003,0.00046010206265263015,2.029620492090646e-08,2.9003016026392803e-12,1.9299439220434555e-08,4.644152533220042e-06,0.0004647858137302931,True,30.866283499985002
2,223,723,0.0003,0.00045590555691835615,2.0110300555961122e-08,2.8758324002703835e-12,1.9120660123441785e-08,4.601171103964484e-06,0.0004605459618588324,True,30.983432899985928
2,224,724,0.0003,0.0004517211206478465,1.992507361536147e-08,2.8514484491226742e-12,1.894255376636996e-08,4.558356324435058e-06,0.00045631834745111176,True,31.098558799974853
2,225,725,0.0003,0.00044754892698897243,1.9740532042779704e-08,2.8271521276391744e-12,1.8765127030011172e-08,4.5157097424073015e-06,0.00045210314521760463,True,31.22130959999049
2,226,726,0.0003,0.0004433891512001339,1.9556649940313303e-08,2.8029444322360244e-12,1.8588351372237777e-08,4.473231924755793e-06,0.00044790053092914667,True,31.338089899974875
2,227,727,0.0003,0.0004392419702588314,1.937342926525247e-08,2.778825161453613e-12,1.8412230031445016e-08,4.4309226734564785e-06,0.00044371068137040974,True,31.471425399999134
2,228,728,0.0003,0.0004351075600938678,1.9190908833008418e-08,2.754797193435398e-12,1.8236802787082704e-08,4.388783730499809e-06,0.00043953377429078484,True,31.611326999991434
2,229,729,0.0003,0.00043098609687254277,1.900910408641591e-08,2.7308643111538637e-12,1.8062082387505245e-08,4.34681755749984e-06,0.0004353699883473809,True,31.719114599982277
2,230,730,0.0003,0.0004268777604206934,1.882799489057864e-08,2.7070255963309555e-12,1.788804815749854e-08,4.305023841224056e-06,0.00043121950301199116,True,31.84209849999752
2,231,731,0.0003,0.000422782731714337,1.8647574978772143e-08,2.6832795788750637e-12,1.7714695693717763e-08,4.263401862006802e-06,0.0004270824985302959,True,31.969729899981758
2,232,732,0.0003,0.0004187011894246466,1.846786201643027e-08,2.6596298192027628e-12,1.7542040982601502e-08,4.22195391325906e-06,0.00042295915590053455,True,32.10707709999406
2,233,733,0.0003,0.000414633313330977,1.8288861520938962e-08,2.63607923856387e-12,1.7370087133225856e-08,4.180681881367301e-06,0.0004188496567970777,True,32.25474539998686
2,234,734,0.0003,0.0004105792865601727,1.8110568290463417e-08,2.6126263769655325e-12,1.7198830604861185e-08,4.139584916837758e-06,0.0004147541834885322,True,32.38264229998458
2,235,735,0.0003,0.0004065392911965955,1.7932996998793843e-08,2.5892722988909504e-12,1.7028286782237452e-08,4.098663735343432e-06,0.00041067291880499227,True,32.544789699983085
2,236,736,0.0003,0.00040251350760547964,1.7756168019767272e-08,2.566021480601275e-12,1.685847327198968e-08,4.057921284577827e-06,0.0004066060460973707,True,32.732864699995844
2,237,737,0.0003,0.0003985021191115302,1.7580074624454916e-08,2.5428742202577066e-12,1.6689382929493253e-08,4.017358018272432e-06,0.0004025537491302308,True,32.85161879999214
2,238,738,0.0003,0.00039450531087830283,1.740470298536013e-08,2.519828440368995e-12,1.6521003643775246e-08,3.976972922260799e-06,0.00039851621202702123,True,32.96522059998824
2,239,739,0.0003,0.000390523265469726,1.7230066378073752e-08,2.4968867281161707e-12,1.6353347289643213e-08,3.936767876553105e-06,0.0003944936192568335,True,33.08836639998481
2,240,740,0.0003,0.00038655616516672527,1.7056185789037468e-08,2.4740526097621035e-12,1.6186433028710045e-08,3.896745295174179e-06,0.0003904861555547698,True,33.19261959998403
2,241,741,0.0003,0.0003826041951040769,1.6883061362502185e-08,2.4513255232890715e-12,1.6020262253820475e-08,3.856904945646694e-06,0.0003864940058246655,True,33.293307999992976
2,242,742,0.0003,0.00037866754006791195,1.6710690343184663e-08,2.4287056925603763e-12,1.5854832349875596e-08,3.8172470858124995e-06,0.00038251735510512323,True,33.39931589999469
2,243,743,0.0003,0.0003747463829237162,1.653908433491236e-08,2.4061964001498573e-12,1.5690152743499778e-08,3.777773961033455e-06,0.0003785563885280245,True,33.518266300001414
2,244,744,0.0003,0.00037084090783736235,1.636825007051034e-08,2.383798796684471e-12,1.552623001582103e-08,3.7384865207920377e-06,0.0003746112912220395,True,33.62660180000239
2,245,745,0.0003,0.00036695130011741173,1.6198183065815343e-08,2.3615120447169736e-12,1.5363060612652207e-08,3.699384528174734e-06,0.0003706822482507769,True,33.73057349998271
2,246,746,0.0003,0.0003630777433718575,1.6028888886546976e-08,2.3393377499748275e-12,1.520064889614079e-08,3.660469333951642e-06,0.0003667694445829296,True,33.831415599997854
2,247,747,0.0003,0.0003592204206024458,1.5860382714351285e-08,2.317278309360071e-12,1.5039009089811108e-08,3.621742699926569e-06,0.00036287306501145487,True,33.94516839997959
2,248,748,0.0003,0.0003553795158986009,1.5692668810620675e-08,2.2953341357154766e-12,1.4878146093270338e-08,3.5832050595434416e-06,0.0003589932940683824,True,34.10469579999335
2,249,749,0.0003,0.00035155521283200135,1.5525744142079805e-08,2.2735058656207446e-12,1.4718056355423837e-08,3.544857078463538e-06,0.0003551303159844683,True,34.23963719999301
2,250,750,0.0003,0.0003477476937738303,1.5359615199090647e-08,2.2517953254240168e-12,1.4558745189343237e-08,3.506700241942383e-06,0.00035128431462795644,True,34.36866409998038
2,251,751,0.0003,0.0003439571411204194,1.5194293281553422e-08,2.2302036122485714e-12,1.4400224105008766e-08,3.4687355506733733e-06,0.00034745547341868293,True,34.50626189998002
2,252,752,0.0003,0.0003401837370367305,1.5029782220405338e-08,2.208731319980395e-12,1.424249687695796e-08,3.4309637473491797e-06,0.00034364397527190835,True,34.649790600000415
2,253,753,0.0003,0.00033642766278376194,1.4866082691532424e-08,2.1873795395528874e-12,1.4085563151642607e-08,3.393385923675172e-06,0.0003398500025406598,True,34.80194379997556
2,254,754,0.0003,0.0003326890991067432,1.4703200527644188e-08,2.166149344758152e-12,1.392942858114902e-08,3.3560030330317832e-06,0.0003360737369350331,True,34.93302840000251
2,255,755,0.0003,0.00032896822604939444,1.4541143161572408e-08,2.145041856676856e-12,1.377410058171573e-08,3.3188160205180246e-06,0.0003323153594586976,True,35.06291329997475
2,256,756,0.0003,0.0003252652226883199,1.4379914070443683e-08,2.1240583411778425e-12,1.3619581732662128e-08,3.2818260466554196e-06,0.0003285750503548368,True,35.16378009997425
2,257,757,0.0003,0.00032158026755847567,1.421951702027166e-08,2.1031995600853095e-12,1.3465875505889069e-08,3.245033969499169e-06,0.0003248529890237006,True,35.28220689998125
2,258,758,0.0003,0.0003179135382246082,1.4059960557610931e-08,2.082466399813649e-12,1.3312990611201017e-08,3.208440696590225e-06,0.00032114935395483366,True,35.38169249999919
2,259,759,0.0003,0.0003142652108650611,1.3901251328802853e-08,2.0618602914499797e-12,1.3160932897311448e-08,3.172047560022619e-06,0.0003174643226711701,True,35.481728499988094
2,260,760,0.0003,0.0003106354610710303,1.3743389346835525e-08,2.0413819587888314e-12,1.3009701803614769e-08,3.135855447845568e-06,0.0003137980716514083,True,35.58850439998787
2,261,761,0.0003,0.00030702446356395576,1.3586377576842891e-08,2.0210318724200017e-12,1.2859300493937574e-08,3.0998649913823192e-06,0.0003101507762544408,True,35.73586570000043
2,262,762,0.0003,0.0003034323911264812,1.3430226513387661e-08,2.0008116373749115e-12,1.270973889350989e-08,3.0640775763151352e-06,0.00030652261066901486,True,35.8739743999904
2,263,763,0.0003,0.0002998594154101728,1.3274943120781865e-08,1.9807225940666984e-12,1.2561023206208685e-08,3.028494480896369e-06,0.0003029137478381188,True,36.00505129998783
2,264,764,0.0003,0.0002963057075062405,1.312052858075158e-08,1.9607649622929365e-12,1.2413154782722731e-08,2.9931162243943965e-06,0.0002993243593747633,True,36.12847840000177
2,265,765,0.0003,0.00029277143662058197,1.296698841158973e-08,1.9409397155830292e-12,1.2266138841061524e-08,2.9579438187508977e-06,0.0002957546155075252,True,36.25603859999683
2,266,766,0.0003,0.0002892567701008127,1.2814329726624447e-08,1.9212483764826833e-12,1.2119981575061376e-08,2.9229786830229805e-06,0.00029220468501638575,True,36.38469379997696
2,267,767,0.0003,0.00028576187452581195,1.2662553898932868e-08,1.9016913502532293e-12,1.1974684287796915e-08,2.888221479522741e-06,0.00028867473514521277,True,36.50064869999187
2,268,768,0.0003,0.00028228691479077533,1.2511664728426448e-08,1.8822691941967377e-12,1.183025076209631e-08,2.8536729537020297e-06,0.00028516493154223703,True,36.63624279998476
2,269,769,0.0003,0.0002788320533998019,1.2361672217064228e-08,1.862983518353292e-12,1.1686690189332382e-08,2.8193345758149562e-06,0.00028167543820100673,True,36.76475919998484
2,270,770,0.0003,0.00027539745160549175,1.2212581687962375e-08,1.843835217212802e-12,1.1544007576675283e-08,2.7852073363753796e-06,0.00027820641737496697,True,36.885814299981575
2,271,771,0.0003,0.00027198326927183747,1.2064393853598896e-08,1.824824559370716e-12,1.140220368498901e-08,2.7512918127310654e-06,0.0002747580295069317,True,37.01733209998929
2,272,772,0.0003,0.00026858966378279995,1.1917114206269038e-08,1.8059526639162595e-12,1.1261283355246705e-08,2.7175891891074894e-06,0.00027133043317542166,True,37.18242529997951
2,273,773,0.0003,0.000265216790609623,1.177074952353502e-08,1.7872206248682538e-12,1.1121252873819297e-08,2.684100615897775e-06,0.00026792378501513866,True,37.39741609999328
2,274,774,0.0003,0.0002618648036978472,1.1625302807158246e-08,1.7686288440487548e-12,1.0982115273170265e-08,2.6508267590462343e-06,0.00026453823964360263,True,37.52230709997821
2,275,775,0.0003,0.0002585338545955028,1.1480778693156956e-08,1.7501781620638616e-12,1.0843874740257626e-08,2.617768603906855e-06,0.0002611739496030213,True,37.657163899973966
2,276,776,0.0003,0.00025522409253008935,1.1337183928841607e-08,1.7318697078626318e-12,1.0706537471811962e-08,2.5849273053746214e-06,0.0002578310652887343,True,37.78107359999558
2,277,777,0.0003,0.00025193566489565254,1.119452222987906e-08,1.7137040805284453e-12,1.0570107083128691e-08,2.552303634317663e-06,0.0002545097348729873,True,37.889118499995675
2,278,778,0.0003,0.00024866871672805463,1.1052796482439068e-08,1.695681909201383e-12,1.0434586102006815e-08,2.5198984391759687e-06,0.0002512101042454969,True,38.03309079998871
2,279,779,0.0003,0.0002454233905163968,1.0912012012868382e-08,1.677804091269912e-12,1.0299979344907357e-08,2.4877127610837495e-06,0.00024793231694664246,True,38.17225519998465
2,280,780,0.0003,0.00024219982651273538,1.0772174155624971e-08,1.6600713195008675e-12,1.016629199424728e-08,2.455747454478763e-06,0.00024467651409343534,True,38.302001799980644
2,281,781,0.0003,0.00023899816248017502,1.063328693582378e-08,1.6424842591281092e-12,1.0033527760257948e-08,2.424003380779532e-06,0.0002414428343181349,True,38.45530589998816
2,282,782,0.0003,0.00023581853355992394,1.0495354276805943e-08,1.6250436646010131e-12,9.901690091129443e-09,2.392481474257021e-06,0.00023823141370359256,True,38.59105439999257
2,283,783,0.0003,0.000232661072393008,1.0358380579203288e-08,1.6077501885169895e-12,9.770783191316652e-09,2.361182546321301e-06,0.00023504238571085004,True,38.6998313999793
2,284,784,0.0003,0.0002295259088804652,1.0222370537983958e-08,1.5906045364192484e-12,9.64081144455034e-09,2.330107466712611e-06,0.0002318758811197649,True,38.81813109997893
2,285,785,0.0003,0.00022641317016977613,1.0087328109830214e-08,1.5736073689505399e-12,9.511778368194747e-09,2.299257115441031e-06,0.00022873202796530256,True,38.930117199983215
2,286,786,0.0003,0.0002233229807513684,9.953256887558394e-09,1.5567591823474224e-12,9.383687372241466e-09,2.2686322152564056e-06,0.00022561095146764377,True,39.04772370000137
2,287,787,0.0003,0.00022025546213214964,9.820161465100861e-09,1.5400606478647958e-12,9.256542749362367e-09,2.2382335981994645e-06,0.0002225127739746242,True,39.167049499985296
2,288,788,0.0003,0.00021721073285807578,9.688045723566078e-09,1.5235124404069231e-12,9.130347925033056e-09,2.208062124783749e-06,0.00021943761490002056,True,39.282316199998604
2,289,789,0.0003,0.00021418890868964507,9.55691232085704e-09,1.5071149707437572e-12,9.00510536595478e-09,2.178118442410138e-06,0.00021638559065685696,True,39.40938999998616
2,290,790,0.0003,0.00021119010220984266,9.42676567060167e-09,1.490868832342029e-12,8.880819220184457e-09,2.1484033158428354e-06,0.00021335681460144513,True,39.51034919999074
2,291,791,0.0003,0.00020821442279108266,9.297610563890453e-09,1.4747747121052742e-12,8.757493836715828e-09,2.118917604845228e-06,0.00021035139697510319,True,39.6404130999872
2,292,792,0.0003,0.0002052619768904302,9.16944940730573e-09,1.4588329500502286e-12,8.635131429716076e-09,2.0896619095293726e-06,0.00020736944483962954,True,39.77273149997927
2,293,793,0.0003,0.00020233286768539603,9.042285202055852e-09,1.4430439736544342e-12,8.513734763681255e-09,2.0606368745704576e-06,0.0002044110620229762,True,39.8828508000006
2,294,794,0.0003,0.0001994271949074348,8.916122297350077e-09,1.4274084209885858e-12,8.39330775257136e-09,2.0318433002553865e-06,0.00020147634906514852,True,39.994749799981946
2,295,795,0.0003,0.00019654505516251137,8.790963366361169e-09,1.4119266447548224e-12,8.273852855002158e-09,2.0032817669265203e-06,0.0001985654031575859,True,40.11310639997828
2,296,796,0.0003,0.00019368654167492436,8.666811161097724e-09,1.3965989810713578e-12,8.155372619741938e-09,1.974952836072224e-06,0.0001956783180913764,True,40.21385869997903
2,297,797,0.0003,0.0001908517440529793,8.543669906439038e-09,1.3814259863403463e-12,8.037870873332183e-09,1.946857231160939e-06,0.000192815184206346,True,40.316202099988004
2,298,798,0.0003,0.0001880407485752266,8.421542283455335e-09,1.3664079986969804e-12,7.921350062191334e-09,1.9189955002774066e-06,0.00018997608833425765,True,40.42494420000003
2,299,799,0.0003,0.00018525363803989758,8.300430107820867e-09,1.3515452554989514e-12,7.805811799120072e-09,1.89136811702998e-06,0.00018716111375037975,True,40.53593169999658
2,300,800,0.0003,0.00018249049150305315,8.18033659593085e-09,1.3368381785821615e-12,7.69125893871371e-09,1.8639756909586894e-06,0.00018437034012638466,True,40.649209499999415
2,301,801,0.0003,0.00017975138446899694,8.061264633037068e-09,1.322287085850428e-12,7.577694131399902e-09,1.8368187293794074e-06,0.0001816038434794279,True,40.769635499978904
2,302,802,0.0003,0.00017703638881958297,7.943216349782795e-09,1.3078921903090763e-12,7.46511931054269e-09,1.8098976629147092e-06,0.0001788616961260502,True,40.883125599997584
2,303,803,0.0003,0.00017434557261728742,7.826194422069138e-09,1.2936537997722564e-12,7.353536830235474e-09,1.783212997428142e-06,0.00017614396663962167,True,41.04474789998494
2,304,804,0.0003,0.0001716790002150053,7.71020118185391e-09,1.2795721559542298e-12,7.24294879667875e-09,1.7567651589857997e-06,0.0001734507198035418,True,41.173092599987285
2,305,805,0.0003,0.00016903673219335256,7.5952383730563e-09,1.265647423479341e-12,7.1333567429372545e-09,1.73055451633108e-06,0.00017078201657044705,True,41.279320499976166
2,306,806,0.0003,0.00016641882523164874,7.481307983264566e-09,1.2518797983068073e-12,7.024762366057233e-09,1.704581469761126e-06,0.000168137914023639,True,41.38936289999401
2,307,807,0.0003,0.00016382533216268585,7.36841200320393e-09,1.238269433815184e-12,6.91716745441575e-09,1.678846355067721e-06,0.00016551846533548065,True,41.49867109998013
2,308,808,0.0003,0.00016125630189356752,7.256552300416454e-09,1.2248164685280355e-12,6.8105736610244294e-09,1.6533494873876636e-06,0.0001629237197317331,True,41.60645019999356
2,309,809,0.0003,0.0001587117793579802,7.145730448068107e-09,1.211521020467147e-12,6.7049822909745435e-09,1.628091175425596e-06,0.00016035372245766584,True,41.74826699998812
2,310,810,0.0003,0.00015619180555432927,7.035947645033801e-09,1.198383140033673e-12,6.600394360562539e-09,1.6030716470010888e-06,0.0001578085147417191,True,41.876321399991866
2,311,811,0.0003,0.0001536964174247554,6.927205362200353e-09,1.1854028996687281e-12,6.496811124483948e-09,1.578291139035071e-06,0.00015528813376568005,True,42.01498089998495
2,312,812,0.0003,0.00015122564785389564,6.819504867375966e-09,1.1725803389946998e-12,6.394233607080332e-09,1.5537498702807015e-06,0.00015279261263523116,True,42.134792600001674
2,313,813,0.0003,0.00014877952571346176,6.712846909348507e-09,1.159915410086394e-12,6.2926624003793e-09,1.5294479675733987e-06,0.00015032198035026025,True,42.25340889999643
2,314,814,0.0003,0.00014635807571897313,6.607232624426978e-09,1.1474081152111208e-12,6.192098434253772e-09,1.5053855828554283e-06,0.00014787626178029538,True,42.36111299999175
2,315,815,0.0003,0.0001439613184573674,6.5026628892527505e-09,1.1350584251588055e-12,6.092542358168103e-09,1.4815628427883452e-06,0.0001454554776404616,True,42.480424099980155
2,316,816,0.0003,0.0001415892704398284,6.399137882736671e-09,1.1228662073035392e-12,5.993994210253442e-09,1.4579797731748412e-06,0.00014305964446796244,True,42.58666639999137
2,317,817,0.0003,0.00013924194395081076,6.296658264976958e-09,1.1108313778051135e-12,5.8964544553026285e-09,1.4346364293203594e-06,0.00014068877460368277,True,42.688052099983906
2,318,818,0.0003,0.00013691934708690535,6.195224576013237e-09,1.0989538279267274e-12,5.799923432747354e-09,1.4115328400500978e-06,0.00013834287617391804,True,42.796519899973646
2,319,819,0.0003,0.00013462148381340017,6.094836589967582e-09,1.0872333461811231e-12,5.704400789813545e-09,1.3886689353067979e-06,0.00013602195307332008,True,42.90283279999858
2,320,820,0.0003,0.00013234835382921936,5.995494395880338e-09,1.0756697594551882e-12,5.609886431839628e-09,1.3660446668366375e-06,0.00013372600495255348,True,43.006804299977375
2,321,821,0.0003,0.00013009995260735753,5.897198009125619e-09,1.0642628754805976e-12,5.516380200983497e-09,1.3436599567039294e-06,0.00013145502720653446,True,43.109463699976914
2,322,822,0.0003,0.0001278762714396557,5.799946859072702e-09,1.0530124143595817e-12,5.423881408285035e-09,1.3215146428628313e-06,0.00012920901096379834,True,43.213180899998406
2,323,823,0.0003,0.00012567729733428814,5.703740595354672e-09,1.0419181142558813e-12,5.33238954006799e-09,1.2996085744327699e-06,0.00012698794308077448,True,43.31247169998824
2,324,824,0.0003,0.00012350301306024287,5.6085787374368666e-09,1.030979689159196e-12,5.241903973142421e-09,1.277941562296453e-06,0.00012479180613622957,True,43.416034499998204
2,325,825,0.0003,0.00012135339717312108,5.514460306514565e-09,1.0201967889248774e-12,5.1524236158586345e-09,1.2565133501985885e-06,0.00012262057842743883,True,43.51366830000188
2,326,826,0.0003,0.00011922842395114356,5.421384363360131e-09,1.009569062969394e-12,5.063947386401782e-09,1.2353236791230064e-06,0.0001204742339715854,True,43.61242389999097
2,327,827,0.0003,0.00011712806343802871,5.329349857555037e-09,9.990961338910835e-13,4.976474116745598e-09,1.2143722450239623e-06,0.00011835274250612311,True,43.72960369999055
2,328,828,0.0003,0.00011505228144618771,5.238355509203856e-09,9.887775859609196e-13,4.890002426244153e-09,1.1936586996278423e-06,0.00011625606949252859,True,43.862310899974545
2,329,829,0.0003,0.00011300103953799804,5.148399945437151e-09,9.78612984001414e-13,4.804530818934882e-09,1.173182677074572e-06,0.00011418417612444996,True,43.98455309998826
2,330,830,0.0003,0.00011097429506917822,5.059481531564044e-09,9.686018570380141e-13,4.720057572101722e-09,1.152943757083571e-06,0.00011213701933396732,True,44.09714259998873
2,331,831,0.0003,0.00010897200117295254,4.971598518170318e-09,9.587437153079306e-13,4.636580842655533e-09,1.1329414931214766e-06,0.00011011455180417856,True,44.19245889998274
2,332,832,0.0003,0.00010699410677814144,4.884748983119224e-09,9.49038037941085e-13,4.554098608975192e-09,1.1131754071503683e-06,0.00010811672198192194,True,44.302358299988555
2,333,833,0.0003,0.00010504055664574348,4.79893078473892e-09,9.39484267107928e-13,4.472608666981965e-09,1.093644968585586e-06,0.00010614347409326506,True,44.411200399976224
2,334,834,0.0003,0.00010311129134710364,4.714141825815489e-09,9.30081841259996e-13,4.392108837281674e-09,1.0743496336005916e-06,0.00010419474816144917,True,44.52956799999811
2,335,835,0.0003,0.00010120624731626444,4.630379705103315e-09,9.20830156780792e-13,4.312596648525478e-09,1.055288813969462e-06,0.0001022704800274177,True,44.644109999993816
2,336,836,0.0003,9.932535687849867e-05,4.5476417409230985e-09,9.117285729151666e-13,4.2340693728417165e-09,1.0364618702644603e-06,0.00010037060137160547,True,44.768975099985255
2,337,837,0.0003,9.746854823292875e-05,4.465925322607066e-09,9.027764492674962e-13,4.156524333769494e-09,1.0178681541456066e-06,9.849503973950719e-05,True,44.896624999993946
2,338,838,0.0003,9.563574552294042e-05,4.3852275348679465e-09,8.939730999922709e-13,4.079958572486659e-09,9.995069656593255e-07,9.66437185686802e-05,True,45.02438699998311
2,339,839,0.0003,9.382686885499528e-05,4.305545268613513e-09,8.853178086749073e-13,4.00436895177984e-09,9.813775630463529e-07,9.481655721757984e-05,True,45.160358900000574
2,340,840,0.0003,9.204183430072293e-05,4.22687546572739e-09,8.768098562732937e-13,3.92975236655005e-09,9.634791927377474e-07,9.301347099810281e-05,True,45.27660839998862
2,341,841,0.0003,9.028055397492249e-05,4.1492147093766e-09,8.684484791439497e-13,3.856105383166501e-09,9.458110454174761e-07,9.123437120888098e-05,True,45.418075199995656
2,342,842,0.0003,8.854293604895064e-05,4.07255942025162e-09,8.602328874328115e-13,3.7834244070513205e-09,9.28372278969636e-07,8.947916517198045e-05,True,45.528647200000705
2,343,843,0.0003,8.682888477638534e-05,3.996906011551553e-09,8.521622812676931e-13,3.711705830260996e-09,9.11162030755143e-07,8.774775627114457e-05,True,45.63949000000139
2,344,844,0.0003,8.513830056441972e-05,3.922250612630423e-09,8.44235822276238e-13,3.640945788030277e-09,8.941793873671982e-07,8.60400439924234e-05,True,45.75864789998741
2,345,845,0.0003,8.347107999179154e-05,3.848589242527621e-09,8.364526508416999e-13,3.571140298938531e-09,8.774234091056961e-07,8.435592396689135e-05,True,45.87016199997743
2,346,846,0.0003,8.182711585892228e-05,3.7759178044165825e-09,8.288118889157775e-13,3.5022852723914463e-09,8.60893125168761e-07,8.269528801597975e-05,True,45.98713839999982
2,347,847,0.0003,8.020629724617388e-05,3.7042319735259997e-09,8.213126287403918e-13,3.4343764073445387e-09,8.445875224263676e-07,8.105802419829374e-05,True,46.12354979998781
2,348,848,0.0003,7.860850954560767e-05,3.6335273230465277e-09,8.13953941174471e-13,3.3674092944795317e-09,8.285055625622637e-07,7.944401685874139e-05,True,46.28616049999255
2,349,849,0.0003,7.703363452565059e-05,3.5637992570624447e-09,8.067348733293368e-13,3.3013793723707442e-09,8.126461691891483e-07,7.785314668020404e-05,True,46.43599269998958
2,350,850,0.0003,7.548155037691562e-05,3.4950430504398468e-09,7.996544512430591e-13,3.2362819547852735e-09,7.970082345453677e-07,7.628529073612066e-05,True,46.589856799982954
2,351,851,0.0003,7.395213176561732e-05,3.4272538312080444e-09,7.92711678304118e-13,3.172112209592312e-09,7.815906221204014e-07,7.474032254649021e-05,True,46.72470739998971
2,352,852,0.0003,7.244524990129263e-05,3.360426532651914e-09,7.859055323027757e-13,3.1088651274345955e-09,7.663921555181095e-07,7.321811213437636e-05,True,46.994785199989565
2,353,853,0.0003,7.096077257859245e-05,3.294556026747819e-09,7.792349775165818e-13,3.0465356347692524e-09,7.514116361725609e-07,7.17185260856615e-05,True,47.18110839999281
2,354,854,0.0003,6.949856425101359e-05,3.2296370001317367e-09,7.726989506989195e-13,2.9851184837081547e-09,7.366478302536186e-07,7.024142760945001e-05,True,47.382996000000276
2,355,855,0.0003,6.805848609304927e-05,3.1656639772488452e-09,7.662963673580951e-13,2.924608275205452e-09,7.220994694147818e-07,6.878667660101288e-05,True,47.55642999999691
2,356,856,0.0003,6.664039605032884e-05,3.1026314256374586e-09,7.60026130356735e-13,2.864999550875503e-09,7.077652652364122e-07,6.73541297065679e-05,True,47.69688859998132
2,357,857,0.0003,6.524414892452403e-05,3.040533592609357e-09,7.538871153558902e-13,2.806286646040216e-09,6.936438902260709e-07,6.594364038887587e-05,True,47.813597499975
2,358,858,0.0003,6.386959642879086e-05,2.979364618675335e-09,7.47878180651365e-13,2.748463795540795e-09,6.797339905373815e-07,6.455505899562065e-05,True,47.95020469999872
2,359,859,0.0003,6.251658725374712e-05,2.9191185734852905e-09,7.419981709005309e-13,2.69152516360608e-09,6.660341893345334e-07,6.318823282881691e-05,True,48.09763439997914
2,360,860,0.0003,6.118496715207798e-05,2.8597893213099852e-09,7.362459059728875e-13,2.6354647248749466e-09,6.525430730775727e-07,6.184300621544764e-05,True,48.230176399985794
2,361,861,0.0003,5.9874578995761224e-05,2.8013706451078496e-09,7.306201914402551e-13,2.5802763728220527e-09,6.392592071443005e-07,6.051922058054364e-05,True,48.35518199999933
2,362,862,0.0003,5.858526285641345e-05,2.7438562051677746e-09,7.251198172892541e-13,2.5259538855289843e-09,6.261811289283938e-07,5.921671452055236e-05,True,48.48701459998847
2,363,863,0.0003,5.7316856082100233e-05,2.687239512052167e-09,7.197435536032082e-13,2.4724909015369755e-09,6.13307346563413e-07,5.793532387882079e-05,True,48.6119870999828
2,364,864,0.0003,5.606919336539617e-05,2.6315140022848137e-09,7.144901565568278e-13,2.4198809860479657e-09,6.006363474278137e-07,5.6674881822302475e-05,True,48.73673969999072
2,365,865,0.0003,5.4842106828987376e-05,2.5766729792941457e-09,7.093583670317401e-13,2.368117582607893e-09,5.881665901771064e-07,5.543521891908475e-05,True,48.88018310000189
2,366,866,0.0003,5.363542609825633e-05,2.5227096419634124e-09,7.0434691013991e-13,2.317194034214435e-09,5.758965113286458e-07,5.421616321760807e-05,True,49.00433509997674
2,367,867,0.0003,5.2448978383480044e-05,2.4696170731193096e-09,6.994544969053893e-13,2.267103572622591e-09,5.638245230090331e-07,5.3017540326589316e-05,True,49.15318059999845
2,368,868,0.0003,5.128258856074527e-05,2.417388247148662e-09,6.946798250887771e-13,2.217839331247689e-09,5.519490132412803e-07,5.183917349624477e-05,True,49.28419849998318
2,369,869,0.0003,5.013607924878298e-05,2.3660160638829193e-09,6.90021580038621e-13,2.1693943688419557e-09,5.402683509285016e-07,5.068088370016579e-05,True,49.401488199975574
2,370,870,0.0003,4.900927089860907e-05,2.3154932917737033e-09,6.854784322093697e-13,2.121761625335473e-09,5.287808795862576e-07,4.9542489718590876e-05,True,49.55870719999075
2,371,871,0.0003,4.7901981869447246e-05,2.2658126340255948e-09,6.810490428700568e-13,2.0749339772186345e-09,5.174849247368532e-07,4.842380822184439e-05,True,49.68176909998874
2,372,872,0.0003,4.6814028516017634e-05,2.2169666923500007e-09,6.767320608954197e-13,2.0289042046579673e-09,5.06378791565556e-07,4.732465385521226e-05,True,49.815127399982885
2,373,873,0.0003,4.5745225275537004e-05,2.1689479553158855e-09,6.725261231102356e-13,1.983664984257896e-09,4.954607628791457e-07,4.6244839323881846e-05,True,49.941250399977434
2,374,874,0.0003,4.4695384745410564e-05,2.1217488687155438e-09,6.684298588373294e-13,1.9392089506625196e-09,4.847291071818756e-07,4.5184175478841676e-05,True,50.0650843999756
2,375,875,0.0003,4.366431777673592e-05,2.0753617688014e-09,6.644418860311053e-13,1.8955286376509288e-09,4.7418207167853604e-07,4.41424714032628e-05,True,50.201091399998404
2,376,876,0.0003,4.2651833555950184e-05,2.0297789187125692e-09,6.605608135768826e-13,1.8526165107279397e-09,4.6381788757139254e-07,4.3119534499511835e-05,True,50.35434109999915
2,377,877,0.0003,4.165773969084124e-05,1.9849925206625397e-09,6.56785243809459e-13,1.810464977556409e-09,4.536347706561602e-07,4.211517057578086e-05,True,50.49529549997533
2,378,878,0.0003,4.068184230132692e-05,1.9409946807099547e-09,6.531137700533743e-13,1.7690663581006466e-09,4.4363091886713267e-07,4.1129183934346634e-05,True,50.63820200000191
2,379,879,0.0003,3.972394610131714e-05,1.8977774568857753e-09,6.495449785673478e-13,1.7284129259992953e-09,4.338045173740891e-07,4.016137745861909e-05,True,50.777577899978496
2,380,880,0.0003,3.878385448974997e-05,1.855332834207013e-09,6.460774504911421e-13,1.6884968898028757e-09,4.2415373591056295e-07,3.9211552701462e-05,True,50.903226900001755
2,381,881,0.0003,3.7861369635670456e-05,1.8136527410578894e-09,6.427097597956741e-13,1.6493104037103868e-09,4.146767313287848e-07,3.827950997285377e-05,True,51.03430020000087
2,382,882,0.0003,3.695629256602944e-05,1.7727290459846499e-09,6.394404759066467e-13,1.6108455674234209e-09,4.053716482003302e-07,3.7365048428283646e-05,True,51.15369289999944
2,383,883,0.0003,3.6068423253656144e-05,1.7325535599117993e-09,6.362681635706125e-13,1.573094428840651e-09,3.96236618583808e-07,3.646796615649687e-05,True,51.27099799999269
2,384,884,0.0003,3.519756070194152e-05,1.6931180540046957e-09,6.331913839880137e-13,1.5360489985561328e-09,3.872697648341754e-07,3.558806026701964e-05,True,51.40316289998009
2,385,885,0.0003,3.434350303515028e-05,1.6544142376947663e-09,6.302086943209314e-13,1.4997012313523543e-09,3.7846919738804477e-07,3.472512697821606e-05,True,51.54037279999466
2,386,886,0.0003,3.350604758119503e-05,1.616433791889959e-09,6.273186497614701e-13,1.4640430567357214e-09,3.698330188892473e-07,3.3878961704251556e-05,True,51.690936999977566
2,387,887,0.0003,3.2684990960339795e-05,1.579168350149006e-09,6.245198031318868e-13,1.4290663603515838e-09,3.61359322698835e-07,3.304935914226893e-05,True,51.84688949998235
2,388,888,0.0003,3.188012917077385e-05,1.542609503920852e-09,6.218107054850326e-13,1.394762991703941e-09,3.5304619370515674e-07,3.2236113358785345e-05,True,51.98022189998301
2,389,889,0.0003,3.1091257671617236e-05,1.5067488281345575e-09,6.19189907838077e-13,1.3611247845928303e-09,3.448917115565297e-07,3.1439017875976403e-05,True,52.099996199976886
2,390,890,0.0003,3.0318171471182397e-05,1.471577851581505e-09,6.166559601064261e-13,1.328143533349728e-09,3.3689394751721575e-07,3.065786575674051e-05,True,52.23752229998354
2,391,891,0.0003,2.9560665207783932e-05,1.4370880882362169e-09,6.142074127068783e-13,1.2958110185924907e-09,3.2905096895781217e-07,2.9892449690055986e-05,True,52.37684630000149
2,392,892,0.0003,2.881853323508866e-05,1.4032710259805128e-09,6.11842817438852e-13,1.2641189992152406e-09,3.213608378484685e-07,2.9142562074805143e-05,True,52.54062739998335
2,393,893,0.0003,2.8091569704304883e-05,1.3701181311556494e-09,6.09560727171739e-13,1.2330592164250376e-09,3.1382161229609266e-07,2.8407995103509286e-05,True,52.68707519999589
2,394,894,0.0003,2.7379568645351625e-05,1.3376208610620272e-09,6.073596966471949e-13,1.2026234037278631e-09,3.064313475710476e-07,2.768854084454716e-05,True,52.808248699991964
2,395,895,0.0003,2.668232404905412e-05,1.3057706559332101e-09,6.052382838047162e-13,1.172803282427581e-09,2.9918809605613684e-07,2.6983991324286903e-05,True,52.95698239997728
2,396,896,0.0003,2.599962994567875e-05,1.2745589520314223e-09,6.031950492058864e-13,1.1435905713584992e-09,2.9208990926742006e-07,2.6294138607664608e-05,True,53.06972709999536
2,397,897,0.0003,2.533128048572257e-05,1.2439771736888608e-09,6.012285576099685e-13,1.1149769804247014e-09,2.851348368117754e-07,2.5618774877917017e-05,True,53.18681210000068
2,398,898,0.0003,2.4677070016022224e-05,1.2140167502698285e-09,5.993373781212164e-13,1.0869542275390854e-09,2.783209291873498e-07,2.495769251552476e-05,True,53.30725809998694
2,399,899,0.0003,2.4036793158181306e-05,1.184669108098048e-09,5.975200839668548e-13,1.0595140293951107e-09,2.7164623675505436e-07,2.431068417559394e-05,True,53.40967919997638
2,400,900,0.0003,2.3410244883572927e-05,1.1559256796420615e-09,5.957752545474197e-13,1.0326481112922608e-09,2.651088113837251e-07,2.367754286452284e-05,True,53.528677599999355
2,401,901,0.0003,2.279722058751196e-05,1.127777908497752e-09,5.941014746092142e-13,1.0063482119159503e-09,2.587067074598967e-07,2.3058062015193746e-05,True,53.625841899978695
2,402,902,0.0003,2.2197516163894047e-05,1.100217241407909e-09,5.924973356664237e-13,9.806060750040453e-10,2.524379811819155e-07,2.245203556088971e-05,True,53.731260100001236
2,403,903,0.0003,2.1610928075297973e-05,1.0732351474357523e-09,5.909614355722916e-13,9.554134681330526e-10,2.46300693193981e-07,2.1859258008068962e-05,True,53.82797709997976
2,404,904,0.0003,2.1037253425343172e-05,1.0468231072084225e-09,5.894923802505422e-13,9.307621728660087e-10,2.402929074678602e-07,2.1279524507583488e-05,True,53.969270999979926
2,405,905,0.0003,2.0476290026678724e-05,1.0209726255039052e-09,5.880887827558351e-13,9.066439955811551e-10,2.3441269321830138e-07,2.0712630924606892e-05,True,54.134831399976974
2,406,906,0.0003,1.9927836469528036e-05,9.956752279892659e-10,5.86749264964022e-13,8.830507659344465e-10,2.2865812512389965e-07,2.0158373907395123e-05,True,54.276978199981386
2,407,907,0.0003,1.939169218772515e-05,9.709224672246472e-10,5.854724571642558e-13,8.599743411348074e-10,2.2302728376633379e-07,1.96165509537723e-05,True,54.42839129999629
2,408,908,0.0003,1.8867657523582135e-05,9.467059247948833e-10,5.842569991513617e-13,8.374066082668622e-10,2.1751825661656754e-07,1.908696047698876e-05,True,54.54653859999962
2,409,909,0.0003,1.8355533791408098e-05,9.230172125815495e-10,5.831015401322094e-13,8.153394870342285e-10,2.121291384536313e-07,1.8569401869662884e-05,True,54.68009689997416
2,410,910,0.0003,1.7855123338664925e-05,8.998479810930262e-10,5.820047394561688e-13,7.937649350321371e-10,2.068580323167835e-07,1.8063675565902576e-05,True,54.93775489999098
2,411,911,0.0003,1.736622960707373e-05,8.771899120703354e-10,5.809652667746462e-13,7.726749435526142e-10,2.0170304933704948e-07,1.7569583102231668e-05,True,55.13006329999189
2,412,912,0.0003,1.688865718990882e-05,8.550347338241549e-10,5.799818028202429e-13,7.520615492388988e-10,1.966623104509873e-07,1.7086927176624673e-05,True,55.3023529999773
2,413,913,0.0003,1.6422211890084295e-05,8.333742110077843e-10,5.790530393749937e-13,7.319168271054145e-10,1.9173394574361112e-07,1.661551170591906e-05,True,55.43007239999133
2,414,914,0.0003,1.5966700774328922e-05,8.122001567196799e-10,5.781776798718878e-13,7.122329004816874e-10,1.8691609613427485e-07,1.6155141881698078e-05,True,55.57888929999899
2,415,915,0.0003,1.552193222730957e-05,7.915044306150422e-10,5.773544398616198e-13,6.930019393325861e-10,1.822069130099112e-07,1.5705624224043867e-05,True,55.70462209999096
2,416,916,0.0003,1.5087716003132753e-05,7.71278941778069e-10,5.765820468538146e-13,6.742161632260805e-10,1.7760455940165055e-07,1.5266766634221453e-05,True,55.811092099989764
2,417,917,0.0003,1.4663863275438363e-05,7.515156514306765e-10,5.75859241088686e-13,6.558678440730547e-10,1.7310721003617554e-07,1.4838378444829283e-05,True,55.92196779997903
2,418,918,0.0003,1.4250186685777237e-05,7.322065745179407e-10,5.751847761317672e-13,6.3794930740554e-10,1.6871305219125775e-07,1.4420270469035195e-05,True,56.03040889999829
2,419,919,0.0003,1.3846500389983487e-05,7.133437832962584e-10,5.745574181521478e-13,6.204529355996088e-10,1.6442028596025885e-07,1.4012255047220059e-05,True,56.14207699999679
2,420,920,0.0003,1.3452620103277645e-05,6.949194069152979e-10,5.739759473412802e-13,6.033711677727047e-10,1.6022712463506313e-07,1.3614146092463343e-05,True,56.28443219998735
2,421,921,0.0003,1.3068363142771998e-05,6.76925637449364e-10,5.734391575060347e-13,5.866965052428674e-10,1.5613179560266242e-07,1.322575913395651e-05,True,56.3903685999976
2,422,922,0.0003,1.2693548469409919e-05,6.593547255596826e-10,5.729458565142819e-13,5.704215081448925e-10,1.5213254005876813e-07,1.2846911358648248e-05,True,56.49458389999927
2,423,923,0.0003,1.2327996726594661e-05,6.42198990671994e-10,5.724948664428398e-13,5.54538803318355e-10,1.4822761428989949e-07,1.2477421651173416e-05,True,56.60912319997442
2,424,924,0.0003,1.1971530278719431e-05,6.254508140196276e-10,5.720850243577995e-13,5.390410799930955e-10,1.4441528917062582e-07,1.2117110631869093e-05,True,56.73734239998157
2,425,925,0.0003,1.1623973246274754e-05,6.091026474478361e-10,5.71715181448674e-13,5.239210965523559e-10,1.4069385141732714e-07,1.176580069315126e-05,True,56.866344499983825
2,426,926,0.0003,1.1285151540683601e-05,5.931470103340448e-10,5.713842044533736e-13,5.091716777416996e-10,1.370616031149855e-07,1.1423316033870867e-05,True,56.9969433999795
2,427,927,0.0003,1.0954892895979238e-05,5.775764948607976e-10,5.710909749929182e-13,4.9478572003365e-10,1.3351686285761725e-07,1.1089482692142724e-05,True,57.109297699993476
2,428,928,0.0003,1.0633026900083469e-05,5.623837630249577e-10,5.70834390171383e-13,4.807561890295467e-10,1.3005796537350793e-07,1.076412857624342e-05,True,57.246156599983806
2,429,929,0.0003,1.0319385022885569e-05,5.475615537091669e-10,5.706133623943382e-13,4.670761257058176e-10,1.2668326257954634e-07,1.0447083493757893e-05,True,57.375980499986326
2,430,930,0.0003,1.0013800644153136e-05,5.331026782476697e-10,5.704268201076622e-13,4.537386416381039e-10,1.2339112299476745e-07,1.013817917889461e-05,True,57.49347960000159
2,431,931,0.0003,9.716109078041716e-06,5.190000270428029e-10,5.70273707190158e-13,4.407369264399004e-10,1.2017993304889726e-07,9.837249318317803e-06,True,57.59715459999279
2,432,932,0.0003,9.426147597577932e-06,5.052465651105219e-10,5.701529839324893e-13,4.2806424299254335e-10,1.170480962774934e-07,9.544129574816514e-06,True,57.69297709999955
2,433,933,0.0003,9.143755455742343e-06,4.918353397064704e-10,5.700636260023174e-13,4.157139343839029e-10,1.1399403464959159e-07,9.258657609729651e-06,True,57.81134379998548
2,434,934,0.0003,8.86877390664395e-06,4.787594744723651e-10,5.700046261862453e-13,4.036794186056984e-10,1.1101618774987272e-07,8.980673103291527e-06,True,57.91130219999468
2,435,935,0.0003,8.60104622305264e-06,4.660121781962354e-10,5.69974992570843e-13,3.9195419649573926e-10,1.0811301403555771e-07,8.710017773437883e-06,True,58.0215016999864
2,436,936,0.0003,8.34041771462224e-06,4.5358673563953486e-10,5.699737504373604e-13,3.805318440670926e-10,1.0528298994555006e-07,8.446535393121247e-06,True,58.1278257999802
2,437,937,0.0003,8.08673574165498e-06,4.414765214011743e-10,5.699999405391948e-13,3.6940602377585246e-10,1.0252461144192563e-07,8.190071805642024e-06,True,58.24795279998216
2,438,938,0.0003,7.839849730708212e-06,4.29674984814074e-10,5.700526214759918e-13,3.585704725970037e-10,9.983639241627576e-08,7.940474938634519e-06,True,58.35634579998441
2,439,939,0.0003,7.5996111844692266e-06,4.1817566974010806e-10,5.70130866290515e-13,3.480190178561655e-10,9.721686707977544e-08,7.697594816367464e-06,True,58.477782399975695
2,440,940,0.0003,7.365873695145145e-06,4.069721926339748e-10,5.70233767209639e-13,3.377455594332265e-10,9.466458732729139e-08,7.461283570458271e-06,True,58.598511299991515
2,441,941,0.0003,7.138492950051474e-06,3.9605827012972055e-10,5.703604299778129e-13,3.277440928142101e-10,9.217812639216147e-08,7.2313954491670085e-06,True,58.717150299984496
2,442,942,0.0003,6.917326743662559e-06,3.854276852044987e-10,5.705099806904478e-13,3.180086809254344e-10,8.975607441544497e-08,7.007786824954115e-06,True,58.848202299996046
2,443,943,0.0003,6.702234977922498e-06,3.7507433347282597e-10,5.706815567686413e-13,3.085334920505135e-10,8.739704445441813e-08,6.790316200883996e-06,True,58.96039679998648
2,444,944,0.0003,6.493079674577889e-06,3.6499216211554006e-10,5.708743196176556e-13,2.9931275037002397e-10,8.509966487500779e-08,6.578844215239702e-06,True,59.09644729999127
2,445,945,0.0003,6.289724968306318e-06,3.551752518325124e-10,5.710874369577058e-13,2.9034080255120363e-10,8.286258951456231e-08,6.373233644962701e-06,True,59.216583100002026
2,446,946,0.0003,6.092037122235972e-06,3.456177083709984e-10,5.713201069143941e-13,2.8161202918971767e-10,8.068448428805414e-08,6.173349407581693e-06,True,59.387358299980406
2,447,947,0.0003,5.899884510109879e-06,3.3631380943189263e-10,5.7157152487711e-13,2.7312096460923754e-10,7.856404543402616e-08,5.979058561889471e-06,True,59.57463039999129
2,448,948,0.0003,5.713137640694679e-06,3.272578047828838e-10,5.718409298837623e-13,2.648621341371585e-10,7.64999746462129e-08,5.790230307120742e-06,True,59.745842399977846
2,449,949,0.0003,5.531669121083319e-06,3.1844419145321493e-10,5.721275379934854e-13,2.5683027843758604e-10,7.449101351153585e-08,5.606735981192284e-06,True,59.913453699991805
2,450,950,0.0003,5.355353701775942e-06,3.098673312904733e-10,5.724306386023874e-13,2.4902004116095906e-10,7.253589550283354e-08,5.428449057081866e-06,True,60.06046009997954
2,451,951,0.0003,5.184068204300358e-06,3.0152198848815986e-10,5.72749454544968e-13,2.414264077367785e-10,7.063341345352871e-08,5.255245138899566e-06,True,60.25002469998435
2,452,952,0.0003,5.0176916119183205e-06,2.9340256753574687e-10,5.730833452613581e-13,2.340440837341301e-10,6.878232396155972e-08,5.0870019556144955e-06,True,60.41841939999722
2,453,953,0.0003,4.856104925151489e-06,2.855042012710421e-10,5.734315094999811e-13,2.2686838180897173e-10,6.698148394004253e-08,4.923599355106121e-06,True,60.559249399986584
2,454,954,0.0003,4.6991913524790325e-06,2.778211839065777e-10,5.737934234884275e-13,2.1989394537304548e-10,6.522965372141826e-08,4.7649192951231545e-06,True,60.73104600000079
2,455,955,0.0003,4.546836012923422e-06,2.703492464260434e-10,5.741681888811088e-13,2.1311659889313777e-10,6.352578298142922e-08,4.610845835918359e-06,True,60.913015799975256
2,456,956,0.0003,4.398926348680855e-06,2.6308222424155496e-10,5.745555097627591e-13,2.0653064269649748e-10,6.186859198420629e-08,4.461265128087508e-06,True,61.17149179999251
2,457,957,0.0003,4.25535149053731e-06,2.5601697259299414e-10,5.749542176499514e-13,2.001328367967296e-10,6.025718933340835e-08,4.316065404634326e-06,True,61.286900199978845
2,458,958,0.0003,4.116003173492971e-06,2.4914606082284364e-10,5.753645139715483e-13,1.939164879451039e-10,5.869015326783107e-08,4.175136964674084e-06,True,61.40493119999883
2,459,959,0.0003,3.98077433449067e-06,2.424687080844064e-10,5.757845344425653e-13,1.8788028824525325e-10,5.716690761608838e-08,4.038372166887622e-06,True,61.54388309997739
2,460,960,0.0003,3.849561195614348e-06,2.3597429328939015e-10,5.76215649891928e-13,1.8201500521060663e-10,5.5685645363705666e-08,3.905665406492203e-06,True,61.663146199978655
2,461,961,0.0003,3.7222600630807964e-06,2.2966739428648258e-10,5.766542300152224e-13,1.7632366406113812e-10,5.424648391067406e-08,3.776913114704048e-06,True,61.77342669997597
2,462,962,0.0003,3.598772188976444e-06,2.2352949946425605e-10,5.771045256588041e-13,1.707907291504653e-10,5.2846636414637245e-08,3.652013722724222e-06,True,61.879449200001545
2,463,963,0.0003,3.47899624165721e-06,2.1757795333077269e-10,5.775583852458173e-13,1.6542948176064078e-10,5.148785118024662e-08,3.530867677830933e-06,True,61.99491389998002
2,464,964,0.0003,3.3628399477893224e-06,2.1177459536580742e-10,5.780273994195923e-13,1.6020869394855106e-10,5.0164871759302795e-08,3.413377380865339e-06,True,62.127738499984844
2,465,965,0.0003,3.2502018784070244e-06,2.0616829492096587e-10,5.784916313461522e-13,1.5516685821599992e-10,4.8883455608472634e-08,3.2994472476602657e-06,True,62.26224019998335
2,466,966,0.0003,3.1410000550571162e-06,2.0067112910267551e-10,5.78981905316331e-13,1.502330809326531e-10,4.7632055003059715e-08,3.1889835932521164e-06,True,62.3906342999835
2,467,967,0.0003,3.0351267204963104e-06,1.954120948323375e-10,5.79446910130117e-13,1.4550969840349727e-10,4.642660950144216e-08,3.081894831237899e-06,True,62.513530700001866
2,468,968,0.0003,2.9325204689863957e-06,1.90174605640928e-10,5.799691420557784e-13,1.408235309446079e-10,4.523924959062516e-08,2.9780912966827485e-06,True,62.61665209999774
2,469,969,0.0003,2.8330511778020537e-06,1.8529657974901912e-10,5.804119029606412e-13,1.364428140129951e-10,4.411248557474559e-08,2.8774859831824645e-06,True,62.71906069997931
2,470,970,0.0003,2.7367068224730513e-06,1.802213761334964e-10,5.809997849086792e-13,1.3192484530339467e-10,4.297520441123431e-08,2.779994754105507e-06,True,62.827417599997716
2,471,971,0.0003,2.6432946268806156e-06,1.7584474130897254e-10,5.813585241331872e-13,1.2797933776360277e-10,4.194097258147598e-08,2.6855400048996877e-06,True,62.96072189998813
2,472,972,0.0003,2.5529400610761323e-06,1.7069117134826994e-10,5.821123205509247e-13,1.2343766935126094e-10,4.082158800811389e-08,2.594056360037266e-06,True,63.091698799980804
2,473,973,0.0003,2.4653019985856955e-06,1.6718014632304991e-10,5.822114485436662e-13,1.2021138649949534e-10,3.9925097425530536e-08,2.505515069755497e-06,True,63.239489100000355
2,474,974,0.0003,2.380966449790686e-06,1.6129860674208724e-10,5.834286354576779e-13,1.1513396780127713e-10,3.8739370211491474e-08,2.4199828360053563e-06,True,63.34309559999383
2,475,975,0.0003,2.2994259153439886e-06,1.597216498331176e-10,5.827525482534071e-13,1.1346193878106186e-10,3.8116983038803824e-08,2.337816664723955e-06,True,63.44207579997601
2,476,976,0.0003,2.2233229988571865e-06,1.5127950764860705e-10,5.853280062228975e-13,1.0641415117645251e-10,3.6631190042981555e-08,2.260212467886999e-06,True,63.541848499997286
2,477,977,0.0003,2.1539540029459883e-06,1.547971464876401e-10,5.823303641685225e-13,1.0876361373768645e-10,3.6695083477998297e-08,2.190913229514576e-06,True,63.644644299987704
2,478,978,0.0003,2.106811567970422e-06,1.38531544906507e-10,5.890122412109083e-13,9.565018574928196e-11,3.42550379195036e-08,2.141301376632822e-06,True,63.755373599997256
2,479,979,0.0003,2.109329167341968e-06,1.567559794398042e-10,5.790180280722854e-13,1.095166573112476e-10,3.6311085721268775e-08,2.1459071047180154e-06,True,63.853327699995134
2,480,980,0.0003,2.276486073844436e-06,1.179171756598492e-10,5.984141933725131e-13,7.895849803819491e-11,3.122727052021493e-08,2.307910818452542e-06,True,63.988044500001706
2,481,981,0.0003,2.878033776069532e-06,1.8092764526899737e-10,5.678977909523185e-13,1.2784355632603712e-10,3.9767966974990706e-08,2.9181110821439086e-06,True,64.12810929998523
2,482,982,0.0003,4.622462427226721e-06,8.533800489435571e-11,6.253158393806034e-13,5.399734918139793e-11,2.9196375783050976e-08,4.651798763679687e-06,True,64.258617399988
2,483,983,0.0003,8.084039039668785e-06,2.636698511665569e-10,5.462164374831206e-13,1.9308552746081951e-10,5.605288263398263e-08,8.140549223897834e-06,True,64.38423879997572
2,484,984,0.0003,1.0801728875387882e-05,7.049345733140797e-11,6.643718954015358e-13,4.4800516550965984e-11,3.383836445552681e-08,1.0835683198189184e-05,True,64.49986889999127
2,485,985,0.0003,6.833187958039734e-06,2.329982477768026e-10,5.487195221720645e-13,1.6678200033330316e-10,5.03214387401251e-08,6.883909725747491e-06,True,64.60805049998453
2,486,986,0.0003,1.6514952559378243e-06,1.1634453660338682e-10,5.965165666512968e-13,7.676191244778127e-11,2.8453331621649656e-08,1.6801422905250917e-06,True,64.7257896999945
2,487,987,0.0003,4.405776288965262e-06,7.128308906790559e-11,6.3057274915426e-13,4.17181485886825e-11,2.6449745873214163e-08,4.432339666648882e-06,True,64.82664099999238
2,488,988,0.0003,6.606509183838957e-06,2.216168662376143e-10,5.501935678813604e-13,1.5676728837213574e-10,4.8042560413497365e-08,6.654930678600632e-06,True,64.92454059998272
2,489,989,0.0003,2.433009028200217e-06,9.248590490116575e-11,6.152841412974704e-13,5.852300602931236e-11,2.507869540224384e-08,2.458239347797533e-06,True,65.02789089997532
2,490,990,0.0003,2.347667275958706e-06,7.202303535902279e-11,6.137382197066069e-13,3.9692123767725234e-11,2.4085997765668832e-08,2.3718656026217214e-06,True,65.13284649999696
2,491,991,0.0003,4.948607871043302e-06,1.9857001933628305e-10,5.569129713013094e-13,1.38760965090281e-10,4.2579117765810714e-08,4.99152487670651e-06,True,65.2431835999887
2,492,992,0.0003,2.3285973394336832e-06,8.830744944383642e-11,6.172705630786661e-13,5.510527104128393e-11,2.364932775181426e-08,2.3523906971765455e-06,True,65.35376389999874
2,493,993,0.0003,1.819691456036707e-06,6.760830375845004e-11,6.094344883617414e-13,3.4939555982778345e-11,2.2694079404768984e-08,1.8424886927357055e-06,True,65.468882199988
2,494,994,0.0003,3.7602586301837793e-06,1.8083572957019155e-10,5.635830932405433e-13,1.249840163845019e-10,3.840656734016801e-08,3.7989715808529954e-06,True,65.5855018000002
2,495,995,0.0003,1.8437197699552565e-06,8.781067628563814e-11,6.13710592518117e-13,5.399322734872732e-11,2.2622682570721927e-08,1.8664848701402053e-06,True,65.69685559999198
2,496,996,0.0003,1.6712670004547082e-06,6.189251008646129e-11,6.095022043719572e-13,2.99673746204846e-11,2.1460049385402728e-08,1.692819519227022e-06,True,65.79472979999264
2,497,997,0.0003,2.9172291488168393e-06,1.6688834472407361e-10,5.689154047762378e-13,1.1436610940815785e-10,3.4973415144203496e-08,2.95248438733058e-06,True,65.90613809999195
2,498,998,0.0003,1.3766358461161717e-06,8.881208890960809e-11,6.092213744314225e-13,5.3910525263363053e-11,2.1938037789569447e-08,1.3987172157412884e-06,True,66.01130289997673
2,499,999,0.0003,1.6204790269775363e-06,5.6311386400055056e-11,6.126808745794895e-13,2.5311586025426322e-11,2.037241136714237e-08,1.640933673997979e-06,True,66.12393370000063
2,500,1000,0.0003,2.249861995713919e-06,1.5121743720323087e-10,5.746679531097385e-13,1.0178168051905419e-10,3.168516817064805e-08,2.2818007376702423e-06,True,66.22149339999305
2,501,1001,0.0003,1.0525787641538016e-06,9.094304959652897e-11,6.04296027720931e-13,5.485468825721746e-11,2.1578560694118827e-08,1.074303726881802e-06,True,66.32591249997495
2,502,1002,0.0003,1.5659559085247094e-06,5.247670971883053e-11,6.146609039344305e-13,2.2290873436352147e-11,1.9388377741149963e-08,1.5854196685099184e-06,True,66.44963119999738
2,503,1003,0.0003,1.700055353160434e-06,1.349690560661526e-10,5.799666314736957e-13,8.864716256846415e-11,2.8426894818516577e-08,1.7287064441642165e-06,True,66.55899819999468
2,504,1004,0.0003,8.767017398876186e-07,9.212322899678553e-11,6.004832584234576e-13,5.4952317877246806e-11,2.1350462279246438e-08,8.981998781969974e-07,True,66.67584369998076
2,505,1005,0.0003,1.4622987903942903e-06,4.964164844901547e-11,6.164177591901068e-13,1.9965301178355383e-11,1.843394324890749e-08,1.4808029570105842e-06,True,66.78530259997933
2,506,1006,0.0003,1.265453978252756e-06,1.1852326478731776e-10,5.853705792053978e-13,7.526033803772671e-11,2.5311377675602398e-08,1.2909597249017627e-06,True,66.88011639998876
2,507,1007,0.0003,8.03225316489125e-07,9.289534867316482e-11,5.972199491942707e-13,5.496437983542558e-11,2.112340238027682e-08,8.244971758178596e-07,True,66.98611729999539
2,508,1008,0.0003,1.3043497933629539e-06,4.7977297682832234e-11,6.16560959080398e-13,1.8483903524111716e-11,1.747615464066096e-08,1.3218930257657809e-06,True,67.10901479999302
2,509,1009,0.0003,9.496888883036443e-07,1.0284173330435625e-10,5.906853490412822e-13,6.235630884353933e-11,2.254046065042377e-08,9.723951376815649e-07,True,67.20889449998504
2,510,1010,0.0003,7.760904969255041e-07,9.165743245160028e-11,5.953886155931631e-13,5.3370644823986186e-11,2.0726580244240193e-08,7.969627006356355e-07,True,67.3379622999928
2,511,1011,0.0003,1.1141223033634652e-06,4.7220740375146176e-11,6.159419414927926e-13,1.7683722023591728e-11,1.6577089499315522e-08,1.130764913267121e-06,True,67.53372099998523
2,512,1012,0.0003,7.412302826679894e-07,8.938828632984294e-11,5.954824464064512e-13,5.137562323713228e-11,2.0204032958406263e-08,7.61575675018409e-07,True,67.76932759999181
2,513,1013,0.0003,7.532184259452719e-07,8.868367336417923e-11,5.943153878904267e-13,5.048767097643893e-11,2.009727128063784e-08,7.734554628856384e-07,True,67.8936463999853
2,514,1014,0.0003,9.219846327565161e-07,4.7218446241212885e-11,6.144995008932959e-13,1.7440259157199518e-11,1.578766552892457e-08,9.3783757149034e-07,True,68.03077849998954
2,515,1015,0.0003,6.142204550926065e-07,7.817657739512995e-11,5.997235433176089e-13,4.2221020848493494e-11,1.8319406540333346e-08,6.326608589547267e-07,True,68.1464659999765
2,516,1016,0.0003,7.145294891212913e-07,8.415279081159902e-11,5.944311161553555e-13,4.643962559996329e-11,1.9245221592414528e-08,7.339058975612336e-07,True,68.3560896999843
2,517,1017,0.0003,7.516224334098646e-07,4.778361098284125e-11,6.132723126978358e-13,1.7662084694499987e-11,1.5144645029238254e-08,7.66833137407093e-07,True,68.48875759998919
2,518,1018,0.0003,5.386865029014737e-07,6.904362223124401e-11,6.035496086921448e-13,3.471841554046308e-11,1.6833748589844885e-08,5.55624617078699e-07,True,68.616821899981
2,519,1019,0.0003,6.577349974019977e-07,7.861760250063608e-11,5.952856030578277e-13,4.162728146376746e-11,1.826484534302176e-08,6.761206829145868e-07,True,68.75416309997672
2,520,1020,0.0003,6.142364380764875e-07,4.876574928491422e-11,6.118665017933599e-13,1.827712331873359e-11,1.4650825006995644e-08,6.289549178225885e-07,True,68.91869389999192
2,521,1021,0.0003,4.896700391078459e-07,6.2075295518115e-11,6.064320355989777e-13,2.904994702206187e-11,1.5668419087977616e-08,5.054301898703993e-07,True,69.07074909997755
2,522,1022,0.0003,5.897026793553363e-07,7.283072404044205e-11,5.967311278756388e-13,3.673548395784322e-11,1.723715993882054e-08,6.070500022332829e-07,True,69.18760169998859
2,523,1023,0.0003,5.101673504864815e-07,4.969393316394273e-11,6.109270693985684e-13,1.8879942663044003e-11,1.4272077622319792e-08,5.245086129116977e-07,True,69.3089112000016
2,524,1024,0.0003,4.510815218605719e-07,5.659149622158966e-11,6.086711670860837e-13,2.4565073404625612e-11,1.474123589802585e-08,4.6590452299939104e-07,True,69.42687129997648
2,525,1025,0.0003,5.190337867332768e-07,6.750109375738269e-11,5.983306634623363e-13,3.234588684909493e-11,1.6258627440384543e-08,5.353928594849314e-07,True,69.53876019999734
2,526,1026,0.0003,4.3358465186790467e-07,5.055737845030217e-11,6.100959848825736e-13,1.9506646402830562e-11,1.3965352973077175e-08,4.4762067896181984e-07,True,69.68421669999952
2,527,1027,0.0003,4.1500481766341945e-07,5.236320465547268e-11,6.103586643553834e-13,2.1100763059708008e-11,1.3992770174178063e-08,4.2907166216397707e-07,True,69.78584070000215
2,528,1028,0.0003,4.5224157153962956e-07,6.263694474216193e-11,6.003632043193151e-13,2.837766026507236e-11,1.537122924293636e-08,4.677044157507775e-07,True,69.89141569999629
2,529,1029,0.0003,3.7685948305184454e-07,5.0927795849965696e-11,6.097915436402926e-13,1.9748112176598982e-11,1.3683670371213975e-08,3.906144391226287e-07,True,69.98763999997755
2,530,1030,0.0003,3.789920428907995e-07,4.909605843529818e-11,6.11507913437946e-13,1.843723008172474e-11,1.3372155685020984e-08,3.924323433722509e-07,True,70.09136130000115
2,531,1031,0.0003,3.9280411799203093e-07,5.863010793090733e-11,6.022039985275814e-13,2.5209879699631305e-11,1.4591763497364025e-08,4.07480323681024e-07,True,70.19392999997945
2,532,1032,0.0003,3.3319908794655436e-07,5.0787752260256904e-11,6.096460743040326e-13,1.9602733438345873e-11,1.3393630278231912e-08,3.4666371835655915e-07,True,70.30715259999852
2,533,1033,0.0003,3.432703882776918e-07,4.644308525476055e-11,6.124149232683648e-13,1.6257093679881084e-11,1.2845063996505361e-08,3.561787648680551e-07,True,70.406514399976
2,534,1034,0.0003,3.4177281518396403e-07,5.5220795035913266e-11,6.041740298286942e-13,2.2545323068649422e-11,1.391603645266638e-08,3.557672219287648e-07,True,70.5279709000024
2,535,1035,0.0003,2.9767218810846944e-07,5.00840754987329e-11,6.098618353923733e-13,1.900779709014798e-11,1.3077133156976892e-08,3.1081902299987065e-07,True,70.66131229998427
2,536,1036,0.0003,3.088387432833083e-07,4.434964537626682e-11,6.131230672414726e-13,1.4542215708821146e-11,1.2391858568484161e-08,3.2129010683594476e-07,True,70.79590849997476
2,537,1037,0.0003,2.987382490135839e-07,5.240189536570178e-11,6.060029743321671e-13,2.036969770347467e-11,1.3336053170433655e-08,3.12147679780061e-07,True,70.89450450000004
2,538,1038,0.0003,2.672131572932109e-07,4.887245793932703e-11,6.102614711657084e-13,1.799072547320027e-11,1.273322120375901e-08,2.8001385194185365e-07,True,71.00235419999808
2,539,1039,0.0003,2.7654911377901084e-07,4.26700548689549e-11,6.137398482831204e-13,1.3173649108433269e-11,1.1997036082240331e-08,2.886026073050768e-07,True,71.12959309999133
2,540,1040,0.0003,2.6263350239418765e-07,5.003146217324787e-11,6.077115619961718e-13,1.857119986105615e-11,1.2829442834297753e-08,2.755321556020817e-07,True,71.25036589999218
2,541,1041,0.0003,2.4018536146032015e-07,4.731366246471328e-11,6.108039773782857e-13,1.6704268232283482e-11,1.2368520166313454e-08,2.52618510361308e-07,True,71.36300679997657
2,542,1042,0.0003,2.468531581997442e-07,4.1338994930100044e-11,6.142614457322063e-13,1.209836002029736e-11,1.1652570835050552e-08,2.585597806511909e-07,True,71.48494229998323
2,543,1043,0.0003,2.3218492689339056e-07,4.798919702339312e-11,6.091871923895845e-13,1.702913129948221e-11,1.2384462178001514e-08,2.4463501658690735e-07,True,71.60877749999054
2,544,1044,0.0003,2.158306143634613e-07,4.5606462107926246e-11,6.113993608839974e-13,1.5314473141209302e-11,1.2000453899735708e-08,2.2789260059780705e-07,True,71.75150559999747
2,545,1045,0.0003,2.1989446722621732e-07,4.030508775926999e-11,6.14789909837183e-13,1.1280715908583888e-11,1.1350936682897642e-08,2.3129760450269267e-07,True,71.89578359998995
2,546,1046,0.0003,2.0618785978069212e-07,4.6124634024843094e-11,6.105800513882375e-13,1.561223674899286e-11,1.1984011849589195e-08,2.1823421908110652e-07,True,72.03177529998356
2,547,1047,0.0003,1.9381710977815267e-07,4.384545806880782e-11,6.121256735421571e-13,1.3888233189323158e-11,1.1642083888052214e-08,2.0551753948313655e-07,True,72.1599384000001
2,548,1048,0.0003,1.9565737099234275e-07,3.9484406773585286e-11,6.152807759832736e-13,1.06454781218337e-11,1.1084748320979819e-08,2.0679286447899396e-07,True,72.27490709998528
2,549,1049,0.0003,1.8364193591528496e-07,4.440495937017048e-11,6.117164421101053e-13,1.4307361811893052e-11,1.1616211291128361e-08,1.953174712440375e-07,True,72.3884543000022
2,550,1050,0.0003,1.7393233433831588e-07,4.219879301246722e-11,6.12845927184462e-13,1.2582737011958718e-11,1.1304473284158299e-08,1.852922019984258e-07,True,72.49584449999384
2,551,1051,0.0003,1.7404528706476515e-07,3.8786155881125525e-11,6.158116123989285e-13,1.0115161244677931e-11,1.0846356393520748e-08,1.849411605870241e-07,True,72.61423479998484
2,552,1052,0.0003,1.6381937685560329e-07,4.272676351960762e-11,6.127831436043745e-13,1.3014017740152941e-11,1.12739909478676e-08,1.7514972136787427e-07,True,72.77034269997966
2,553,1053,0.0003,1.5595919678393103e-07,4.0719755797572914e-11,6.136229415695361e-13,1.1430118478972726e-11,1.0995771568085835e-08,1.6700773184923498e-07,True,72.9132280999911
2,554,1054,0.0003,1.548849744700957e-07,3.8167626798184205e-11,6.163069470812747e-13,9.657230583942214e-12,1.0629091149650588e-08,1.655625067840755e-07,True,73.04986829997506
2,555,1055,0.0003,1.4624869359880954e-07,4.114437411232486e-11,6.137052168920068e-13,1.1791878060764987e-11,1.0956710637897428e-08,1.5725895419409698e-07,True,73.18385359999957
2,556,1056,0.0003,1.3968658465905844e-07,3.9435890762533295e-11,6.144474080497624e-13,1.0447289532035987e-11,1.0718822656411788e-08,1.5045590494317283e-07,True,73.32698099999106
2,557,1057,0.0003,1.3792436086627843e-07,3.753417146960494e-11,6.168524723148994e-13,9.18414831418149e-12,1.0425764226757102e-08,1.4839746026529165e-07,True,73.44192199999816
2,558,1058,0.0003,1.3063122977148564e-07,3.967362610154035e-11,6.14562503763027e-13,1.065869602415795e-11,1.0664812898538345e-08,1.4134698955465347e-07,True,73.55770429997938
2,559,1059,0.0003,1.2495737816899027e-07,3.835615659737047e-11,6.152506604184508e-13,9.646046436724502e-12,1.0471848900514327e-08,1.3547784452319913e-07,True,73.66619729998638
2,560,1060,0.0003,1.2286856467433203e-07,3.6870800014783495e-11,6.173398618857837e-13,8.689002442681097e-12,1.0231541177921017e-08,1.3314628299457239e-07,True,73.79200269997818
2,561,1061,0.0003,1.1672971437074739e-07,3.836430473153461e-11,6.153356950444504e-13,9.657790537568551e-12,1.040193804956055e-08,1.271802898512721e-07,True,73.89097419998143
2,562,1062,0.0003,1.1167393505861013e-07,3.742768572033265e-11,6.160558429038379e-13,8.972256424440335e-12,1.0251100600948122e-08,1.2197205165754593e-07,True,73.99123859999236
2,563,1063,0.0003,1.0945106378858279e-07,3.615767666785344e-11,6.178304318411973e-13,8.153674009679167e-12,1.0043656062286531e-08,1.195396490319787e-07,True,74.10769569998956
2,564,1064,0.0003,1.0431602850781006e-07,3.724107517057634e-11,6.160761792522957e-13,8.813272951531267e-12,1.016864214688135e-08,1.1453134107899277e-07,True,74.23853069997858
2,565,1065,0.0003,9.975465527228356e-08,3.659664056953757e-11,6.168330059741436e-13,8.377980201998039e-12,1.0050388546562636e-08,1.098506352726237e-07,True,74.36567179998383
2,566,1066,0.0003,9.74755010653075e-08,3.541659971629908e-11,6.18285716520864e-13,7.59441475477543e-12,9.862917144044837e-09,1.0738204750953994e-07,True,74.49654799999553
2,567,1067,0.0003,9.318131618724606e-08,3.630288585740422e-11,6.167684436769064e-13,8.123238331312578e-12,9.963632757366236e-09,1.0318999183724468e-07,True,74.62474719999591
2,568,1068,0.0003,8.908866273781619e-08,3.580984219653428e-11,6.175724911352869e-13,7.819886478144135e-12,9.863149298849349e-09,9.899605933783136e-08,True,74.74884799998836
2,569,1069,0.0003,8.679984926822901e-08,3.468594807419133e-11,6.187393016710327e-13,7.0460230148681474e-12,9.691710017950152e-09,9.65339099965699e-08,True,74.87770749998163
2,570,1070,0.0003,8.317072088061803e-08,3.551515761254301e-11,6.174460448603997e-13,7.556075922478763e-12,9.783212340067016e-09,9.299762190026493e-08,True,75.01022139997804
2,571,1071,0.0003,7.953782976914828e-08,3.503258591903488e-11,6.182620364149521e-13,7.26557843375082e-12,9.685732379612545e-09,8.926647857515002e-08,True,75.11537499999395
2,572,1072,0.0003,7.729007281789006e-08,3.401607631410335e-11,6.191651951998842e-13,6.550342016378471e-12,9.53374621836376e-09,8.68650046197795e-08,True,75.2229666999774
2,573,1073,0.0003,7.41821261611372e-08,3.483807863798077e-11,6.180945396129851e-13,7.07983841531076e-12,9.621885220458579e-09,8.384654739318868e-08,True,75.32267019999563
2,574,1074,0.0003,7.097625643440965e-08,3.4258729952074736e-11,6.189272385759387e-13,6.7103198351253676e-12,9.516890001257053e-09,8.053473441269249e-08,True,75.42611099997885
2,575,1075,0.0003,6.880544203545802e-08,3.342754969429969e-11,6.196100513402592e-13,6.1211469032892355e-12,9.391373609013366e-09,7.82369839511203e-08,True,75.52213249998749
2,576,1076,0.0003,6.612866058768659e-08,3.4217469803923284e-11,6.187186187713299e-13,6.647856075736058e-12,9.47383699378895e-09,7.564398162597397e-08,True,75.63675669999793
2,577,1077,0.0003,6.330823261394974e-08,3.351828978101607e-11,6.195299399639023e-13,6.181882905476774e-12,9.358246360558312e-09,7.270679867713452e-08,True,75.7679053999891
2,578,1078,0.0003,6.122138918434903e-08,3.293238893661147e-11,6.200290489171061e-13,5.7700933422634714e-12,9.264515669416933e-09,7.052522736509376e-08,True,75.8920753999846
2,579,1079,0.0003,5.891444442901541e-08,3.3613221182886686e-11,6.193128083455901e-13,6.227299435437662e-12,9.33412677626716e-09,6.828903103870924e-08,True,75.99303449998843
2,580,1080,0.0003,5.645024585605028e-08,3.2836546074118184e-11,6.201074010244446e-13,5.699193518591296e-12,9.212521881404695e-09,6.570192358444871e-08,True,76.09586029997445
2,581,1081,0.0003,5.4447010932498195e-08,3.250722134013339e-11,6.204433564140746e-13,5.4759855569656e-12,9.150891717271026e-09,6.363650630002273e-08,True,76.20589630000177
2,582,1082,0.0003,5.244637721365882e-08,3.301171518834989e-11,6.198691470894554e-13,5.808479612256279e-12,9.200260238013012e-09,6.168607751561953e-08,True,76.3558940999792
2,583,1083,0.0003,5.031230917284003e-08,3.2242242122601155e-11,6.206425167708029e-13,5.286003749582295e-12,9.081765580689156e-09,5.9432223641918136e-08,True,76.52976720000152
2,584,1084,0.0003,4.8409836823115525e-08,3.212055483009328e-11,6.208451197985586e-13,5.211752649958487e-12,9.047036591353888e-09,5.749482656706926e-08,True,76.68876559997443
2,585,1085,0.0003,4.6651359895327765e-08,3.241921140580368e-11,6.204095009803977e-13,5.395872758555803e-12,9.072743200001681e-09,5.5762538588994795e-08,True,76.81517200000235
2,586,1086,0.0003,4.4808117758477295e-08,3.173758716239736e-11,6.211547647590503e-13,4.943150738116881e-12,8.965922647239849e-09,5.381134229838242e-08,True,76.95933889999287
2,587,1087,0.0003,4.303509609820918e-08,3.174261952254626e-11,6.212314001502556e-13,4.954480384249969e-12,8.949087417693983e-09,5.2021501847210113e-08,True,77.12651659999392
2,588,1088,0.0003,4.146960451482253e-08,3.186142608229615e-11,6.209260775115708e-13,5.0114104187363806e-12,8.95361606241916e-09,5.0460714339820234e-08,True,77.28389359998982
2,589,1089,0.0003,3.987092847598441e-08,3.130816953846582e-11,6.216311006208369e-13,4.657484225852648e-12,8.86316417353079e-09,4.877067993438014e-08,True,77.40910719998647
2,590,1090,0.0003,3.82472897385967e-08,3.135917972914539e-11,6.216019965398686e-13,4.692632501427345e-12,8.855009857380545e-09,4.7138973010204356e-08,True,77.54216349998023
2,591,1091,0.0003,3.68401949775978e-08,3.1359351265168225e-11,6.214330209165506e-13,4.672014926326067e-12,8.844818087394044e-09,4.572166586420426e-08,True,77.70495269997627
2,592,1092,0.0003,3.5448503119106755e-08,3.092752190639259e-11,6.220802293140226e-13,4.407415320694366e-12,8.770433261755262e-09,4.425489339831842e-08,True,77.83091739998781
2,593,1093,0.0003,3.398193883648436e-08,3.097628328186722e-11,6.219641222793277e-13,4.4311037750278415e-12,8.765036322367451e-09,4.2783004510030984e-08,True,78.00337409999338
2,594,1094,0.0003,3.2704710182085125e-08,3.092038826924096e-11,6.219217684779764e-13,4.382271141355961e-12,8.746963674568473e-09,4.148759843783267e-08,True,78.13516849998268
2,595,1095,0.0003,3.1489826582471494e-08,3.0573505125729874e-11,6.224853220518213e-13,4.175694215432337e-12,8.684827909407286e-09,4.021002617654199e-08,True,78.28785699998843
2,596,1096,0.0003,3.0182866314438856e-08,3.0611682611438157e-11,6.223167308732568e-13,4.185330553363408e-12,8.680432492971752e-09,3.889871813730628e-08,True,78.42494369999622
2,597,1097,0.0003,2.901675492475352e-08,3.053242184438595e-11,6.223944967849698e-13,4.131847341494534e-12,8.658502833885376e-09,3.771054442232156e-08,True,78.5414807999914
2,598,1098,0.0003,2.7946859933218173e-08,3.02343094721311e-11,6.228551609337734e-13,3.952853953721106e-12,8.604785971915204e-09,3.6586455923720164e-08,True,78.66306929997518
2,599,1099,0.0003,2.6794681378436226e-08,3.0279684827320764e-11,6.226630918878757e-13,3.966334790544348e-12,8.602490608100097e-09,3.5432040669246074e-08,True,78.78514729999006
2,600,1100,0.0003,2.5735748888075554e-08,3.017770560068712e-11,6.228365020946196e-13,3.9063001451703486e-12,8.57712774823318e-09,3.434758347855668e-08,True,78.93187489997945
2,601,1101,0.0003,2.4780390413924268e-08,2.991569665823446e-11,6.231914305415231e-13,3.744051517369952e-12,8.530463627621274e-09,3.334513698115169e-08,True,79.05217429998447
2,602,1102,0.0003,2.3768254850603214e-08,2.9981311053257736e-11,6.230150573612354e-13,3.7741872817851846e-12,8.531246340594818e-09,3.2333879704590435e-08,True,79.15850119999959
2,603,1103,0.0003,2.2819039213745793e-08,2.984070701643055e-11,6.232555071922382e-13,3.692478436840043e-12,8.501065477679675e-09,3.1354261132385934e-08,True,79.27251219999744
2,604,1104,0.0003,2.195562668873639e-08,2.962838916119282e-11,6.23502871687394e-13,3.557978290892693e-12,8.462705499235943e-09,3.045214205829611e-08,True,79.39092429997982
2,605,1105,0.0003,2.106602994260159e-08,2.970590451492919e-11,6.233618957767266e-13,3.6008306690379024e-12,8.465112685457954e-09,2.9565072725139288e-08,True,79.5425860999967
2,606,1106,0.0003,2.022534644504652e-08,2.9520408269217816e-11,6.236403769836897e-13,3.4897407798448458e-12,8.429821750033473e-09,2.868880198450604e-08,True,79.66022109999903
2,607,1107,0.0003,1.9438331119703713e-08,2.93774317701922e-11,6.237967526278155e-13,3.398488932909043e-12,8.401834621698658e-09,2.7873565458858102e-08,True,79.78301729998202
2,608,1108,0.0003,1.865619715298881e-08,2.9438359191770703e-11,6.237070948638019e-13,3.4341083704377597e-12,8.402252480676357e-09,2.7091945808322236e-08,True,79.89848079998046
2,609,1109,0.0003,1.7917735302772192e-08,2.9226063045584574e-11,6.239956260319527e-13,3.3050260393046636e-12,8.364270397357596e-09,2.631516078484071e-08,True,80.00813370000105
2,610,1110,0.0003,1.7198356378734716e-08,2.915717533530762e-11,6.240759418423339e-13,3.261525810574494e-12,8.346953011890356e-09,2.5578352167712794e-08,True,80.12234629999148
2,611,1111,0.0003,1.6509168598474914e-08,2.9172907656793975e-11,6.240434634009174e-13,3.269322623616745e-12,8.341802447668165e-09,2.488403731988689e-08,True,80.24806079998962
2,612,1112,0.0003,1.5861848699750125e-08,2.8967737744824672e-11,6.243212614503626e-13,3.1454302951585963e-12,8.305431808014857e-09,2.4200017997066415e-08,True,80.36102109999047
2,613,1113,0.0003,1.5209259278629672e-08,2.895322930403233e-11,6.243443785057886e-13,3.136517944511854e-12,8.296157228135815e-09,2.3538130598392537e-08,True,80.4797864999855
2,614,1114,0.0003,1.4599341374903327e-08,2.891449901084366e-11,6.243701891286923e-13,3.110255508160031e-12,8.284144519098076e-09,2.2916135018709537e-08,True,80.6129955999786
2,615,1115,0.0003,1.4028150234521307e-08,2.87459704940482e-11,6.246184583566116e-13,3.0111283809274092e-12,8.253189143292372e-09,2.2313721095147013e-08,True,80.7970718999859
2,616,1116,0.0003,1.3444350763673694e-08,2.875344140444945e-11,6.2460233368518e-13,3.014657515216336e-12,8.247750998140302e-09,2.172449446306735e-08,True,80.96673299997929
2,617,1117,0.0003,1.2902971152323436e-08,2.867455229664353e-11,6.24683016334879e-13,2.9649247389848164e-12,8.230530510251144e-09,2.116576582262654e-08,True,81.1239919999789
2,618,1118,0.0003,1.2394034472643431e-08,2.8551944981539305e-11,6.248885859507973e-13,2.8954487785882803e-12,8.206346060579226e-09,2.0632452815568738e-08,True,81.26781709998613
2,619,1119,0.0003,1.187792349369307e-08,2.85551723954352e-11,6.248567718041109e-13,2.8943557083461802e-12,8.201200278569606e-09,2.011119815713826e-08,True,81.39693749998696
2,620,1120,0.0003,1.1396874661949665e-08,2.8459884056576354e-11,6.249837247126086e-13,2.8375353688501894e-12,8.181778583301089e-09,1.9610575648400892e-08,True,81.52862249998725
2,621,1121,0.0003,1.0940628118928851e-08,2.8373977759153592e-11,6.251347359970143e-13,2.7898234009927907e-12,8.163344040859154e-09,1.913576109568415e-08,True,81.66305219999049
2,622,1122,0.0003,1.0487035421864218e-08,2.836420506889461e-11,6.251073364340871e-13,2.780119382742076e-12,8.156980079304519e-09,1.867578493295681e-08,True,81.77695400000084
2,623,1123,0.0003,1.0060473286893109e-08,2.8268593828597445e-11,6.252645083494261e-13,2.726179039741756e-12,8.13755299801817e-09,1.8229646322287968e-08,True,81.91226499999175
2,624,1124,0.0003,9.650497394145715e-09,2.8205679026143385e-11,6.253612164124253e-13,2.690083629018508e-12,8.12317477830838e-09,1.780519329632567e-08,True,82.07698769998387
2,625,1125,0.0003,9.251336755377152e-09,2.8186215201155702e-11,6.253578197776116e-13,2.675862205240947e-12,8.115703617604901e-09,1.7398527808208227e-08,True,82.2104414999776
2,626,1126,0.0003,8.875129424132048e-09,2.809402424907081e-11,6.255226899539126e-13,2.625486424197744e-12,8.096992196496295e-09,1.7003466653991564e-08,True,82.33840009997948
2,627,1127,0.0003,8.507210111603267e-09,2.8048228718915777e-11,6.255724783240172e-13,2.5976095406253735e-12,8.085762865433768e-09,1.66242443877749e-08,True,82.48549919997458
2,628,1128,0.0003,8.154335699862983e-09,2.8021475409856396e-11,6.256040336596778e-13,2.581434005261368e-12,8.077330929089328e-09,1.626289514240109e-08,True,82.61220199998934
2,629,1129,0.0003,7.823398866326117e-09,2.7932324572601276e-11,6.257571195073508e-13,2.5324493563077742e-12,8.059533495532016e-09,1.591402289290655e-08,True,82.74511039999197
2,630,1130,0.0003,7.494545807845432e-09,2.790396477112e-11,6.257769679642617e-13,2.5143555961351643e-12,8.05125896886203e-09,1.5576848874042683e-08,True,82.89328249997925
2,631,1131,0.0003,7.182570899198923e-09,2.7865605753427353e-11,6.258426120346882e-13,2.493271997419355e-12,8.041271130352662e-09,1.5254826749914466e-08,True,83.0255429999961
2,632,1132,0.0003,6.890136738203748e-09,2.7784882190532256e-11,6.259681605457836e-13,2.4481800909600753e-12,8.025203995092309e-09,1.4946199763738094e-08,True,83.16055469997809
2,633,1133,0.0003,6.597660041427302e-09,2.777095001730382e-11,6.259765996505422e-13,2.439182810450497e-12,8.019268910949858e-09,1.4647765061804564e-08,True,83.3357304999954
2,634,1134,0.0003,6.323084572147373e-09,2.7716612900860897e-11,6.260683530152784e-13,2.4095117642144014e-12,8.007225970651109e-09,1.4361062735816574e-08,True,83.49501419998705
2,635,1135,0.0003,6.062305578488202e-09,2.765420250405654e-11,6.2616104644671e-13,2.3745328143119165e-12,7.994214659000367e-09,1.4087175133853383e-08,True,83.62526739999885
2,636,1136,0.0003,5.803928331631913e-09,2.764349467212437e-11,6.261740668843217e-13,2.3681711923445467e-12,7.98897246391154e-09,1.3823538635474807e-08,True,83.74902349998592
2,637,1137,0.0003,5.563089484217604e-09,2.7577734110393977e-11,6.262789035995683e-13,2.3320571772975075e-12,7.975568942568754e-09,1.3569194496977649e-08,True,83.8877437999763
2,638,1138,0.0003,5.328972607404898e-09,2.753837701209114e-11,6.263400270045804e-13,2.3103419556491645e-12,7.966210752032861e-09,1.3325658418432504e-08,True,84.01511949999258
2,639,1139,0.0003,5.102136053781622e-09,2.751820178420195e-11,6.263677355290811e-13,2.298889904235351e-12,7.959843803135206e-09,1.3092423316340794e-08,True,84.14346999998088
2,640,1140,0.0003,4.89043775284482e-09,2.7453527093137164e-11,6.264724502932299e-13,2.2637721207586647e-12,7.946838473350805e-09,1.2867619997859814e-08,True,84.26527249999344
2,641,1141,0.0003,4.680869832051481e-09,2.7431028367921472e-11,6.265094235672555e-13,2.251542199406938e-12,7.940241573057847e-09,1.2651420485100223e-08,True,84.38212939997902
2,642,1142,0.0003,4.482173787174357e-09,2.7397237925862108e-11,6.26556397521651e-13,2.232655228332257e-12,7.932109809313417e-09,1.2444540046039489e-08,True,84.48732279997785
2,643,1143,0.0003,4.294730272399311e-09,2.7344380288533255e-11,6.266486976745885e-13,2.2046993024766435e-12,7.921039512075723e-09,1.2245945512763718e-08,True,84.58585079998011
2,644,1144,0.0003,4.1089888132810915e-09,2.7327160226870607e-11,6.266717741331118e-13,2.1950259058577137e-12,7.915530369413455e-09,1.2054668040601407e-08,True,84.70573049999075
2,645,1145,0.0003,3.934697302656881e-09,2.7285292108354663e-11,6.267369539339775e-13,2.1723456729167517e-12,7.906358713682841e-09,1.1871140391074926e-08,True,84.81865390000166
2,646,1146,0.0003,3.767832044537484e-09,2.724605251468308e-11,6.268093292175904e-13,2.1519798955522985e-12,7.89754794208408e-09,1.1695404828361015e-08,True,84.92256209999323
2,647,1147,0.0003,3.6045343404173123e-09,2.722660849551353e-11,6.268309430490258e-13,2.1408483818843403e-12,7.89197080149085e-09,1.152649942972861e-08,True,85.03213989999495
2,648,1148,0.0003,3.451302289918297e-09,2.7184080382219995e-11,6.269065630597428e-13,2.1187114307289855e-12,7.882811026290498e-09,1.1364043014584804e-08,True,85.14862679998623
2,649,1149,0.0003,3.3027563783667222e-09,2.7154400904648214e-11,6.269564194390075e-13,2.1030695480468614e-12,7.875711210170996e-09,1.1208352015409852e-08,True,85.27368889999343
2,650,1150,0.0003,3.1594826336754867e-09,2.7131702664764935e-11,6.26986993952381e-13,2.090577697012413e-12,7.869807540448637e-09,1.1059139441479853e-08,True,85.39575599998352
2,651,1151,0.0003,3.024713971161531e-09,2.7091777970714626e-11,6.270625124005558e-13,2.070252241436287e-12,7.861197597179847e-09,1.091570066106593e-08,True,85.5271064999979
2,652,1152,0.0003,2.892848175218405e-09,2.7068510040680668e-11,6.270950496518792e-13,2.0576253782213153e-12,7.855316883517159e-09,1.0777918289204118e-08,True,85.6545757999993
2,653,1153,0.0003,2.76711095206293e-09,2.7043007990291526e-11,6.271388080179701e-13,2.0443850311449457e-12,7.849091736006324e-09,1.0645917219898708e-08,True,85.76664599997457
2,654,1154,0.0003,2.6484131989393813e-09,2.7006781186887115e-11,6.272038649401816e-13,2.025832106942356e-12,7.841253759440657e-09,1.0519326775538808e-08,True,85.87236049998319
2,655,1155,0.0003,2.5317293682218133e-09,2.698865325120434e-11,6.27228774903539e-13,2.0160334982644546e-12,7.836324420785888e-09,1.0397685704532074e-08,True,85.99082639999688
2,656,1156,0.0003,2.4217139599191114e-09,2.6959410464175146e-11,6.272832786981951e-13,2.001256594888875e-12,7.829656184596023e-09,1.0280958094852898e-08,True,86.09787779999897
2,657,1157,0.0003,2.316608189155988e-09,2.6929459535420907e-11,6.273330428404732e-13,1.985758017165598e-12,7.822975396471789e-09,1.0169126136223204e-08,True,86.20610919999308
2,658,1158,0.0003,2.2138577338545575e-09,2.691329775200187e-11,6.273596030737661e-13,1.977385531632679e-12,7.8184684350985e-09,1.0061844211839766e-08,True,86.33484959998168
2,659,1159,0.0003,2.1178315261162306e-09,2.6881163396064017e-11,6.274174618777341e-13,1.9611332870242815e-12,7.8115143771523e-09,9.958815617413496e-09,True,86.45568909999565
2,660,1160,0.0003,2.0243006255225928e-09,2.6859637980330898e-11,6.274530631774572e-13,1.9500699029250087e-12,7.806276134493947e-09,9.860013920962973e-09,True,86.57251299999189
2,661,1161,0.0003,1.9344990436934505e-09,2.6840523871595025e-11,6.274866744389584e-13,1.940395290775023e-12,7.80144342354228e-09,9.76535087307254e-09,True,86.69721679997747
2,662,1162,0.0003,1.8502656580433867e-09,2.6810194413892432e-11,6.275403927206897e-13,1.9251054260799694e-12,7.79491156331897e-09,9.67454006159505e-09,True,86.82560159999412
2,663,1163,0.0003,1.7673063795085507e-09,2.6794688369806632e-11,6.275673134200011e-13,1.917270881368611e-12,7.790732116259349e-09,9.587378022332495e-09,True,86.94301519999863
2,664,1164,0.0003,1.6892035738298325e-09,2.6770957745007616e-11,6.276084506282236e-13,1.9053112621185033e-12,7.7853165514797e-09,9.503824002767287e-09,True,87.05743279997841
2,665,1165,0.0003,1.614626654804797e-09,2.6746897995073652e-11,6.276526803783994e-13,1.8933770854798934e-12,7.77987326705258e-09,9.42376784961831e-09,True,87.17059289998724
2,666,1166,0.0003,1.541815062717629e-09,2.6732022789660933e-11,6.276774904798684e-13,1.8858582842423063e-12,7.775924829533864e-09,9.346985450815875e-09,True,87.30469229997834
2,667,1167,0.0003,1.4737147791412464e-09,2.6706926402988526e-11,6.277228336537797e-13,1.8734076855405796e-12,7.770403339638798e-09,9.273326175702227e-09,True,87.40755979999085
2,668,1168,0.0003,1.407529401693578e-09,2.668892751770588e-11,6.277563409273298e-13,1.8645655166889907e-12,7.766024197487566e-09,9.202734848556466e-09,True,87.52203529997496
2,669,1169,0.0003,1.3441065381399952e-09,2.6671786043549583e-11,6.277845089940625e-13,1.85594290654221e-12,7.761839169058158e-09,9.135101220657239e-09,True,87.64094109999132
2,670,1170,0.0003,1.2843416985640017e-09,2.664910632773524e-11,6.278282095938917e-13,1.8449393761513377e-12,7.756787221183898e-09,9.07025079366138e-09,True,87.74787269998342
2,671,1171,0.0003,1.2259654271039987e-09,2.66340865819149e-11,6.278537126375396e-13,1.8374676373306773e-12,7.75299988175608e-09,9.008064716791961e-09,True,87.87072589999298
2,672,1172,0.0003,1.1707397014375005e-09,2.661546608847144e-11,6.278874684920467e-13,1.8283443540580677e-12,7.748670574253206e-09,8.948481973601728e-09,True,87.97548959997948
2,673,1173,0.0003,1.118104433255819e-09,2.659617083145e-11,6.279245253969803e-13,1.819034732307661e-12,7.744255726966386e-09,8.89140329031136e-09,True,88.0850774999999
2,674,1174,0.0003,1.066936089701662e-09,2.6582173085757114e-11,6.279475051076783e-13,1.8120785142712615e-12,7.74073254083074e-09,8.836690829637538e-09,True,88.1895001999801
2,675,1175,0.0003,1.01880462735671e-09,2.6563312577102638e-11,6.279843972892515e-13,1.803055658854281e-12,7.736445698257139e-09,8.784244678247095e-09,True,88.2858636000019
2,676,1176,0.0003,9.723954520271367e-10,2.6547179304559437e-11,6.28013089668584e-13,1.795194301755768e-12,7.732637272421956e-09,8.734003111145076e-09,True,88.3865484999842
2,677,1177,0.0003,9.277194019349636e-10,2.6533306076141966e-11,6.280384060737119e-13,1.7884891689254939e-12,7.729212128941275e-09,8.68588136452738e-09,True,88.53165639998042
2,678,1178,0.0003,8.857494364186043e-10,2.651495781850785e-11,6.280736983692543e-13,1.7797322006334675e-12,7.725097913871059e-09,8.639770114007173e-09,True,88.66368239998701
2,679,1179,0.0003,8.448158113957288e-10,2.6501903102234107e-11,6.280965389981111e-13,1.773398111938102e-12,7.721864381219424e-09,8.595583590368323e-09,True,88.78703389997827
2,680,1180,0.0003,8.060374620917283e-10,2.6486942149448844e-11,6.281254375613241e-13,1.7662977400635147e-12,7.718343454543234e-09,8.553262281962036e-09,True,88.89471880000201
2,681,1181,0.0003,7.692128185040426e-10,2.647078378393117e-11,6.281553743867467e-13,1.7585731380814434e-12,7.714664270721539e-09,8.51273460152198e-09,True,89.02888319999329
2,682,1182,0.0003,7.333101694135348e-10,2.6459347951085137e-11,6.281766453993442e-13,1.7531318802045831e-12,7.711761861542547e-09,8.473912687432771e-09,True,89.14337419997901
2,683,1183,0.0003,6.997468205796701e-10,2.6443369885471424e-11,6.282070291536041e-13,1.7455642092377488e-12,7.708158499700563e-09,8.436722461404096e-09,True,89.25456719999784
2,684,1184,0.0003,6.672098341779884e-10,2.6430651511541642e-11,6.282309974201703e-13,1.7395478505165947e-12,7.705100595943545e-09,8.401108860481011e-09,True,89.3560826999892
2,685,1185,0.0003,6.360785814663065e-10,2.6418470452706928e-11,6.282538085425046e-13,1.733791095187895e-12,7.702153008293471e-09,8.367012105116215e-09,True,89.47383219999028
2,686,1186,0.0003,6.067980053707525e-10,2.640365379353311e-11,6.282822672742907e-13,1.7268323616881077e-12,7.698804416271553e-09,8.334361190064801e-09,True,89.57629159998032
2,687,1187,0.0003,5.781905862660145e-10,2.6393074061059606e-11,6.283022619892147e-13,1.7218664516515327e-12,7.69615813864661e-09,8.303091967687325e-09,True,89.69684059999418
2,688,1188,0.0003,5.513230838412597e-10,2.6379825120825923e-11,6.283272611006426e-13,1.715644830091864e-12,7.693107188190026e-09,8.273154069243304e-09,True,89.83239379999577
2,689,1189,0.0003,5.255523813071649e-10,2.6367610383167003e-11,6.283514045517235e-13,1.7099781493327893e-12,7.69023899127595e-09,8.244497312520165e-09,True,89.95154919999186
2,690,1190,0.0003,5.006992178312075e-10,2.6357118400834564e-11,6.283705952476519e-13,1.7050471431452977e-12,7.687674567372942e-09,8.217064321343376e-09,True,90.06364839998423
2,691,1191,0.0003,4.773709129921994e-10,2.634434486308303e-11,6.283959342633395e-13,1.6991453747957868e-12,7.684757409466534e-09,8.190800208630875e-09,True,90.16626519997953
2,692,1192,0.0003,4.547452507879293e-10,2.6334020266409616e-11,6.284155513373694e-13,1.6943471139973699e-12,7.682257589758698e-09,8.165659623478373e-09,True,90.27853779998259
2,693,1193,0.0003,4.332600428256623e-10,2.6323210358532826e-11,6.284361829032735e-13,1.689333535056417e-12,7.67969898628639e-09,8.141600009188545e-09,True,90.38689929997781
2,694,1194,0.0003,4.1289685426365555e-10,2.6311767965816797e-11,6.28459099737328e-13,1.684086661618012e-12,7.677053606221605e-09,8.118574774212433e-09,True,90.49799759997404
2,695,1195,0.0003,3.9316004414437814e-10,2.630240196791435e-11,6.284763816467233e-13,1.6797352025409303e-12,7.674766731663333e-09,8.096537389359813e-09,True,90.62387549999403
2,696,1196,0.0003,3.745922049752978e-10,2.629159837768057e-11,6.284981512593275e-13,1.6748059130787044e-12,7.672260315473955e-09,8.07544742289127e-09,True,90.76655559998471
2,697,1197,0.0003,3.567769106326763e-10,2.6281637581847748e-11,6.285171980639512e-13,1.6702217653754094e-12,7.669911064417782e-09,8.055268351595746e-09,True,90.93085319999955
2,698,1198,0.0003,3.3965704739185314e-10,2.627266851280728e-11,6.285347362426488e-13,1.6661226740314231e-12,7.667737856043563e-09,8.035962229358497e-09,True,91.12014970000018
2,699,1199,0.0003,3.2359983789127406e-10,2.6262202246808102e-11,6.285555254207814e-13,1.661355092553655e-12,7.6653382590514e-09,8.017490209807456e-09,True,91.31806459999643
2,700,1200,0.0003,3.0799020867615026e-10,2.6253775839709628e-11,6.285717174850306e-13,1.657505023024372e-12,7.663286712424957e-09,7.999816773681326e-09,True,91.45842650000122
2,701,1201,0.0003,2.9327310449338583e-10,2.624449453465908e-11,6.285902465089975e-13,1.653298297283305e-12,7.661110677746858e-09,7.982910165318695e-09,True,91.59154739999212
2,702,1202,0.0003,2.792624711682782e-10,2.6235290811593715e-11,6.286082800223181e-13,1.649117429831214e-12,7.658963592139373e-09,7.966739079829099e-09,True,91.73357349997968
2,703,1203,0.0003,2.657102506702059e-10,2.6227494451575904e-11,6.286236758488896e-13,1.6455926537929698e-12,7.657059438350414e-09,7.951271399801837e-09,True,91.86164059999282
2,704,1204,0.0003,2.530606549627796e-10,2.6218204855680414e-11,6.286420796562154e-13,1.6413929928158367e-12,7.654927551267446e-09,7.93647644615838e-09,True,91.97636000000057
2,705,1205,0.0003,2.4077374107793163e-10,2.621055245234701e-11,6.286573396884614e-13,1.6379496263563174e-12,7.653075589507072e-09,7.922326490003394e-09,True,92.08276489999844
2,706,1206,0.0003,2.2916535614179864e-10,2.6202445784431098e-11,6.286732372434878e-13,1.6342920432654023e-12,7.651164515310166e-09,7.908795282516905e-09,True,92.19239519999246
2,707,1207,0.0003,2.1815496045594383e-10,2.6194230106302116e-11,6.286898967637667e-13,1.6306142644713486e-12,7.64924794211383e-09,7.895856436837311e-09,True,92.31377349997638
2,708,1208,0.0003,2.0750942782322268e-10,2.618715198587471e-11,6.287037119692958e-13,1.6274313054381216e-12,7.647531251836527e-09,7.883483966663032e-09,True,92.42157189999125
2,709,1209,0.0003,1.9754592116154586e-10,2.6179150908386566e-11,6.287198843318047e-13,1.6238565258129991e-12,7.6456760741072e-09,7.871653722587278e-09,True,92.53797569999006
2,710,1210,0.0003,1.8793925571276046e-10,2.6172062507522112e-11,6.287340870432489e-13,1.6206923778166794e-12,7.643982582938535e-09,7.860343327623678e-09,True,92.65924569999333
2,711,1211,0.0003,1.788077606179142e-10,2.6165035201751964e-11,6.287479627924513e-13,1.6175509038226656e-12,7.642311855018655e-09,7.849530949704936e-09,True,92.77894109999761
2,712,1212,0.0003,1.7019295279907134e-10,2.6157697045402152e-11,6.287630321662072e-13,1.6142977180561112e-12,7.640601208999507e-09,7.839194919594204e-09,True,92.89155079997727
2,713,1213,0.0003,1.6187034285286502e-10,2.6151270798181012e-11,6.287755807610696e-13,1.6114288104442872e-12,7.639052684763884e-09,7.829314502806135e-09,True,93.00994599997648
2,714,1214,0.0003,1.5405087119944404e-10,2.6144377677147252e-11,6.287897756513142e-13,1.6083829371051834e-12,7.637437985733571e-09,7.819870407322919e-09,True,93.12384299997939
2,715,1215,0.0003,1.4658023793727734e-10,2.6137830734272107e-11,6.288028085610414e-13,1.605476110684124e-12,7.635891999518323e-09,7.810844347109117e-09,True,93.24263399999472
2,716,1216,0.0003,1.3942010061201654e-10,2.6131763358762905e-11,6.288151102592335e-13,1.602797321447247e-12,7.634434895137929e-09,7.802218371540415e-09,True,93.34976199999801
2,717,1217,0.0003,1.3272430363905784e-10,2.612513615409889e-11,6.288285659788432e-13,1.59987156035691e-12,7.632896846356115e-09,7.793974986275607e-09,True,93.4656211999827
2,718,1218,0.0003,1.2622975548074246e-10,2.6119442402156034e-11,6.288400279289044e-13,1.5973613798657504e-12,7.631522213568457e-09,7.78609761285915e-09,True,93.61060479999287
2,719,1219,0.0003,1.2014575043434454e-10,2.6113324708520346e-11,6.288524979054525e-13,1.594670377056845e-12,7.6300880886665e-09,7.778570686684328e-09,True,93.75772129997495
2,720,1220,0.0003,1.143410276311e-10,2.6107486756746555e-11,6.28864360046867e-13,1.5921050657686209e-12,7.628709780272121e-09,7.771379264085784e-09,True,93.88833659997908
2,721,1221,0.0003,1.087767455064919e-10,2.610207653774314e-11,6.288753315285299e-13,1.5897315988552839e-12,7.627411336832859e-09,7.764508765807478e-09,True,94.0472195999755
2,722,1222,0.0003,1.0358421374227958e-10,2.6096217799187922e-11,6.288873110232638e-13,1.5871645605195883e-12,7.626048632690297e-09,7.757945116103307e-09,True,94.21156579998205
2,723,1223,0.0003,9.855109567548342e-11,2.6091113130137993e-11,6.288977254427096e-13,1.5849334008736422e-12,7.624818966894719e-09,7.751675006826657e-09,True,94.38283039999078
2,724,1224,0.0003,9.384320428623729e-11,2.6085685944122756e-11,6.289087468892333e-13,1.5825589713353909e-12,7.623545474238924e-09,7.745685832187508e-09,True,94.57876679999754
2,725,1225,0.0003,8.935188150721772e-11,2.6080522724296088e-11,6.289194507085759e-13,1.580312185158671e-12,7.622323824239763e-09,7.739965460107144e-09,True,94.74208259998704
2,726,1226,0.0003,8.506302315800879e-11,2.6075634092218737e-11,6.289292734682215e-13,1.578175912314498e-12,7.621156354953755e-09,7.734502117389765e-09,True,94.90869939999538
2,727,1227,0.0003,8.104721808258745e-11,2.607053329295372e-11,6.289399376789637e-13,1.5759635502584086e-12,7.619961844460548e-09,7.729284499324027e-09,True,95.05183169999509
2,728,1228,0.0003,7.718470007966416e-11,2.6065872753796957e-11,6.289493268816969e-13,1.5739326708544106e-12,7.618848433558754e-09,7.724301888389951e-09,True,95.16019629998482
2,729,1229,0.0003,7.354899485498941e-11,2.6061154157599464e-11,6.28959146685329e-13,1.5718896903743338e-12,7.61773309346297e-09,7.71954409131262e-09,True,95.29254189998028
2,730,1230,0.0003,7.011298071459878e-11,2.6056479489977025e-11,6.289687075157862e-13,1.5698608065648133e-12,7.616633011716477e-09,7.715001301435134e-09,True,95.42567169998074
2,731,1231,0.0003,6.681099282511804e-11,2.6052189817626867e-11,6.289775559918554e-13,1.5680057138100282e-12,7.615603877577815e-09,7.710664043490362e-09,True,95.55415129999164
2,732,1232,0.0003,6.374579871366404e-11,2.604761258763597e-11,6.289870084299751e-13,1.566025922574714e-12,7.614534812379383e-09,7.706523236611688e-09,True,95.67006639999454
2,733,1233,0.0003,6.07828142894198e-11,2.6043506391761003e-11,6.289954731748105e-13,1.5642535960412533e-12,7.613550683206479e-09,7.702570252956875e-09,True,95.76633559999755
2,734,1234,0.0003,5.801434031984122e-11,2.603926778812207e-11,6.290042225211147e-13,1.5624245178788353e-12,7.612551829842003e-09,7.698796866690366e-09,True,95.87003369999002
2,735,1235,0.0003,5.538846849489067e-11,2.603516263472637e-11,6.290127556517854e-13,1.560657165805163e-12,7.611581875956493e-09,7.695195177007567e-09,True,95.98528359999182
2,736,1236,0.0003,5.287999548888843e-11,2.60312967842802e-11,6.29020705527024e-13,1.5589922462358685e-12,7.610658263143922e-09,7.691757568368854e-09,True,96.09168409998529
2,737,1237,0.0003,5.054838574487357e-11,2.602727124502067e-11,6.290291062209379e-13,1.5572629346167524e-12,7.609714812956803e-09,7.688476761987536e-09,True,96.22022769998875
2,738,1238,0.0003,4.8301757349860296e-11,2.602359594996707e-11,6.290366922277726e-13,1.5556841989542913e-12,7.608835731714544e-09,7.685345805905553e-09,True,96.33894009998767
2,739,1239,0.0003,4.620690674232889e-11,2.6019831671142138e-11,6.290445179411058e-13,1.5540693297663814e-12,7.607948228127977e-09,7.682358080389155e-09,True,96.45128719997592
2,740,1240,0.0003,4.422071260788304e-11,2.6016199795238892e-11,6.290520972583341e-13,1.552514036123706e-12,7.607088758224216e-09,7.67950723676072e-09,True,96.5596094999928
2,741,1241,0.0003,4.2331281088129516e-11,2.6012735461739864e-11,6.290592469516435e-13,1.5510294687521352e-12,7.606263070587848e-09,7.676787175853422e-09,True,96.70058229999267
2,742,1242,0.0003,4.057469730039121e-11,2.6009188960452427e-11,6.290667070294838e-13,1.5495148342303181e-12,7.605429582659435e-09,7.674192050461538e-09,True,96.82106009998824
2,743,1243,0.0003,3.8888904532818053e-11,2.6005898534067786e-11,6.290734884486536e-13,1.548106920500837e-12,7.604644300419687e-09,7.671716283895523e-09,True,96.94114339997759
2,744,1244,0.0003,3.7317953441495355e-11,2.6002570186655636e-11,6.290804983867653e-13,1.5466884440837367e-12,7.60385825954295e-09,7.669354552113571e-09,True,97.04959459998645
2,745,1245,0.0003,3.583525324132525e-11,2.599933253180206e-11,6.290872050537092e-13,1.5453057927752115e-12,7.603092789513142e-09,7.667101768284098e-09,True,97.15561729998444
2,746,1246,0.0003,3.442236105218922e-11,2.5996268250833236e-11,6.290936484941215e-13,1.5440023835528715e-12,7.602361322357718e-09,7.664953047692787e-09,True,97.25265559999389
2,747,1247,0.0003,3.312205954900106e-11,2.599309334003282e-11,6.291002482434025e-13,1.5426487347525658e-12,7.601616800604101e-09,7.662903702476132e-09,True,97.3691175999993
2,748,1248,0.0003,3.18622469428878e-11,2.599021381092215e-11,6.291063225418533e-13,1.5414268073762634e-12,7.600926277158229e-09,7.660949271041957e-09,True,97.49598799998057
2,749,1249,0.0003,3.071163230478513e-11,2.5987193066254945e-11,6.29112576681388e-13,1.5401399592526472e-12,7.60021740305118e-09,7.659085480958153e-09,True,97.60695359998499
2,750,1250,0.0003,2.96043148815908e-11,2.5984402399241397e-11,6.291185273919218e-13,1.5389593118849653e-12,7.599551458415494e-09,7.657308253535603e-09,True,97.72601589999977
2,751,1251,0.0003,2.857978970348515e-11,2.5981581905924742e-11,6.291243059594018e-13,1.5377577715215977e-12,7.598885437944764e-09,7.655613691631655e-09,True,97.83620239997981
2,752,1252,0.0003,2.7611133797422664e-11,2.5978872104107807e-11,6.291301664251547e-13,1.5366153693318825e-12,7.598242293760175e-09,7.653998045197463e-09,True,97.93246849998832
2,753,1253,0.0003,2.670687190483743e-11,2.5976199844277118e-11,6.291355696664351e-13,1.5354762392608968e-12,7.5976100635763e-09,7.652457747134343e-09,True,98.03842489997623
2,754,1254,0.0003,2.585109075834759e-11,2.5973642003108284e-11,6.291411879854455e-13,1.5344025414596444e-12,7.597001100416526e-09,7.650989376907427e-09,True,98.1299170999846
2,755,1255,0.0003,2.5069241304654218e-11,2.5971025982966115e-11,6.291464065099305e-13,1.5332858290302992e-12,7.596386977592645e-09,7.649589677115806e-09,True,98.23683449998498
2,756,1256,0.0003,2.430217128959348e-11,2.59686888406391e-11,6.291516578375932e-13,1.5323108765361106e-12,7.595823211294535e-09,7.648255533959141e-09,True,98.33664909997606
2,757,1257,0.0003,2.3639823712255986e-11,2.59660743755212e-11,6.29156761314391e-13,1.5311914592348846e-12,7.595217717992195e-09,7.646983964300521e-09,True,98.43956939998316
2,758,1258,0.0003,2.294725281661303e-11,2.596397385169382e-11,6.291616823287801e-13,1.530324293867598e-12,7.594701415983833e-09,7.645772128628337e-09,True,98.58932199998526
2,759,1259,0.0003,2.239469106737469e-11,2.5961353246175095e-11,6.291665812750835e-13,1.5291952740605035e-12,7.594102908442394e-09,7.644617314611279e-09,True,98.74787979997927
2,760,1260,0.0003,2.1767009688254548e-11,2.5959484039647445e-11,6.29171324032834e-13,1.5284380631260986e-12,7.593632829092763e-09,7.643516932207824e-09,True,98.88065330000245
2,761,1261,0.0003,2.1318037267443245e-11,2.5956835033349158e-11,6.291758856378892e-13,1.527283843043471e-12,7.593037223745024e-09,7.642468555774498e-09,True,99.02947649999987
2,762,1262,0.0003,2.073769029859868e-11,2.595524557500612e-11,6.291805719582753e-13,1.526664678152554e-12,7.592621093470113e-09,7.641469874593829e-09,True,99.1894093999872
2,763,1263,0.0003,2.040202693011933e-11,2.595245776125463e-11,6.29184738492149e-13,1.5254282650085045e-12,7.592009658598273e-09,7.640518756293147e-09,True,99.31336449997616
2,764,1264,0.0003,1.9833172084801597e-11,2.595131280021122e-11,6.29189398928982e-13,1.5250300463501225e-12,7.59167457441824e-09,7.639613278748532e-09,True,99.44023459998425
2,765,1265,0.0003,1.9645092541540654e-11,2.594813884020902e-11,6.291931888057382e-13,1.5235888824134141e-12,7.591005790731862e-09,7.638751804184831e-09,True,99.55857799999649
2,766,1266,0.0003,1.9027353011845428e-11,2.594776144820689e-11,6.291978239743521e-13,1.5235722866093467e-12,7.590805276259552e-09,7.637933160830188e-09,True,99.73780299999635
2,767,1267,0.0003,1.9056036564678428e-11,2.594376594962831e-11,6.292012203473421e-13,1.5217094637215839e-12,7.590006223331376e-09,7.637156936529751e-09,True,99.88387059999513
2,768,1268,0.0003,1.8293881581360558e-11,2.5944719302899132e-11,6.292059302315639e-13,1.522357531457598e-12,7.590033908427953e-09,7.636424072773902e-09,True,100.02285589999519
2,769,1269,0.0003,1.8672298690671698e-11,2.5939143488726992e-11,6.292087556986292e-13,1.5196909960939523e-12,7.588977637011353e-09,7.635737978942545e-09,True,100.1613820999919
2,770,1270,0.0003,1.7609946456164535e-11,2.5942448283211353e-11,6.292138526107233e-13,1.521520702912682e-12,7.589403593222867e-09,7.635106722517767e-09,True,100.2824659999751
2,771,1271,0.0003,1.861275795002527e-11,2.5933881106887803e-11,6.292156705143031e-13,1.517338014383549e-12,7.58785406444006e-09,7.63454725718187e-09,True,100.38798179998412
2,772,1272,0.0003,1.699548581036479e-11,2.5941502764060758e-11,6.292217811983346e-13,1.521345695741033e-12,7.58900621940492e-09,7.634093775456285e-09,True,100.51750299998093
2,773,1273,0.0003,1.924072440203023e-11,2.5927191817213165e-11,6.292217594587019e-13,1.5142616965241352e-12,7.586502808653933e-09,7.633814208329159e-09,True,100.64238629999454
2,774,1274,0.0003,1.671519682637091e-11,2.5943037221969993e-11,6.292300357513491e-13,1.522426976300205e-12,7.589033418764731e-09,7.633843309825124e-09,True,100.78484049998224
2,775,1275,0.0003,2.173408130372265e-11,2.5917506101159356e-11,6.292266155739167e-13,1.509700497212906e-12,7.584658725078565e-09,7.634449239596233e-09,True,100.90683829999762
2,776,1276,0.0003,1.8178445720014753e-11,2.5949471091725082e-11,6.292392660516815e-13,1.5260331608361346e-12,7.589885910670455e-09,7.636169099909082e-09,True,101.05164429999422
2,777,1277,0.0003,3.026081676868232e-11,2.5901714818737208e-11,6.292293672043452e-13,1.5021988579922015e-12,7.581792894829185e-09,7.640086854641801e-09,True,101.17518579997704
2,778,1278,0.0003,2.7853107194964664e-11,2.5966041112432325e-11,6.292508653641939e-13,1.5350070651242528e-12,7.592424917069133e-09,7.648408323307018e-09,True,101.29768439999316
2,779,1279,0.0003,6.080696530623885e-11,2.587377620505207e-11,6.292281759036184e-13,1.48915749821508e-12,7.576860726153217e-09,7.665659853338627e-09,True,101.41063819997362
2,780,1280,0.0003,7.442786430847282e-11,2.6004725330888325e-11,6.292678987552648e-13,1.5562481785656625e-12,7.598592613900677e-09,7.701210719617359e-09,True,101.56278129998827
2,781,1281,0.0003,1.78799793924951e-10,2.5822779696863292e-11,6.29219298637784e-13,1.466945340542765e-12,7.56789744004274e-09,7.774616178303736e-09,True,101.68192019997514
2,782,1282,0.0003,2.8561699782004906e-10,2.6095302192940467e-11,6.292973670841138e-13,1.608529808304256e-12,7.61310063362055e-09,7.927050760808927e-09,True,101.78661999999895
2,783,1283,0.0003,6.662948234521239e-10,2.573379587757919e-11,6.29195553653835e-13,1.4361810986713974e-12,7.551803193397283e-09,8.24589718937931e-09,True,101.90266709998832
2,784,1284,0.0003,1.240849917763379e-09,2.632121262709442e-11,6.29356485600658e-13,1.7508474562533108e-12,7.648685365059795e-09,8.918236699392123e-09,True,101.99876789998962
2,785,1285,0.0003,2.7926533335979185e-09,2.561411134682565e-11,6.291454398141269e-13,1.4373613233873652e-12,7.527090080657383e-09,1.0347424032365329e-08,True,102.11822689999826
2,786,1286,0.0003,5.63568060363501e-09,2.69539629798084e-11,6.294926730817066e-13,2.1985854677872436e-12,7.745074694157438e-09,1.3410537338913127e-08,True,102.2432668999827
2,787,1287,0.0003,1.2479691290852909e-08,2.56709021938785e-11,6.290635531129894e-13,1.7470048388633052e-12,7.515815736410686e-09,2.0023553997849447e-08,True,102.35887499997625
2,788,1288,0.0003,2.6318658521734863e-08,2.901940250273585e-11,6.298575060103352e-13,3.842467184329388e-12,8.046734857501342e-09,3.4398885106429275e-08,True,102.4743363999878
2,789,1289,0.0003,5.803851532655099e-08,2.729595036956707e-11,6.29034791327026e-13,3.889292167978696e-12,7.690771763641376e-09,6.576110136752124e-08,True,102.60621399999945
2,790,1290,0.0003,1.2499942679435094e-07,3.6821701755831646e-11,6.310125207199849e-13,1.0641178520255815e-11,9.143761429417672e-09,1.3419128211656542e-07,True,102.72654479998164
2,791,1291,0.0003,2.7257875471006386e-07,3.79050728793877e-11,6.296913495371173e-13,1.5454051326855473e-11,9.013182956017369e-09,2.8164592648163694e-07,True,102.86262449997594
2,792,1292,0.0003,5.757601905324189e-07,6.798661532413236e-11,6.351346386358779e-13,3.933317627822855e-11,1.3419354032204814e-08,5.892874994908647e-07,True,102.98599619997549
2,793,1293,0.0003,1.1626824299609311e-06,8.673409222046978e-11,6.336931491573443e-13,6.549438432719815e-11,1.536071323177565e-08,1.1781960053624037e-06,True,103.10959479998564
2,794,1294,0.0003,2.0886032601092446e-06,1.6347053659327493e-10,6.476457090781589e-13,1.2961787959654351e-10,2.6423629337015057e-08,2.1153206255081584e-06,True,103.27843959999154
2,795,1295,0.0003,3.027082693229164e-06,1.8633742080455268e-10,6.413416318116212e-13,1.6538333065657849e-10,2.8632697482664363e-08,3.056067752804921e-06,True,103.4235887999821
2,796,1296,0.0003,3.012003737957134e-06,2.0722985990232808e-10,6.569057632410664e-13,1.7146704176571961e-10,3.244703675848002e-08,3.0448301285230455e-06,True,103.56445939998957
2,797,1297,0.0003,1.574066982447337e-06,9.472165414666842e-11,6.282685871154966e-13,7.332028129623028e-11,1.6343127479296353e-08,1.5905787801306633e-06,True,103.70629659999395
2,798,1298,0.0003,1.7583115989329257e-07,3.072568606390681e-11,6.369738062940585e-13,6.09282985941756e-12,8.157597717347227e-09,1.8402621310036942e-07,True,103.83262179998565
2,799,1299,0.0003,3.748997156963805e-07,5.981354487734584e-11,6.288047835629786e-13,3.030429562105477e-11,1.2888242629168464e-08,3.8787870497083096e-07,True,103.94829489997937
2,800,1300,0.0003,1.4005083599821374e-06,1.0337655771047766e-10,6.390591436161207e-13,8.281753282344611e-11,1.8287500785902905e-08,1.4189826939177175e-06,True,104.05914659998962
2,801,1301,0.0003,1.446686165456855e-06,1.2226933556801753e-10,6.432124054413054e-13,8.998262596807402e-11,2.1178157753351054e-08,1.4680772183841476e-06,True,104.1800822999794
2,802,1302,0.0003,4.671553517530487e-07,4.1432509011491736e-11,6.242051783565665e-13,1.874803972615981e-11,9.393520086321042e-09,4.766096765932857e-07,True,104.31685639999341
2,803,1303,0.0003,1.0641732977342214e-07,2.6059537385263363e-11,6.372706101081236e-13,3.981882543032153e-12,7.687186704778055e-09,1.141351951687386e-07,True,104.46812599999248
2,804,1304,0.0003,7.27854329527451e-07,8.759735680549664e-11,6.297862992614911e-13,5.5405756199777616e-11,1.72548458818683e-08,7.452528083086239e-07,True,104.70833369999309
2,805,1305,0.0003,9.651792676013641e-07,7.91173635236133e-11,6.39190856797624e-13,5.866334846211396e-11,1.5274198523665178e-08,9.805918860278716e-07,True,104.85767420000047
2,806,1306,0.0003,3.419963402778869e-07,5.366507105029696e-11,6.323477931890523e-13,2.556830404086031e-11,1.1652667021896088e-08,3.5372887302266736e-07,True,104.97649179998552
2,807,1307,0.0003,2.6353976555955215e-08,2.931451176492605e-11,6.255948208012624e-13,3.554355569384663e-12,8.17535656600969e-09,3.456282758412002e-08,True,105.10870349998004
2,808,1308,0.0003,4.6052107746222565e-07,4.9447799966553253e-11,6.383238160424685e-13,2.8614467741858582e-11,1.1101151921792624e-08,4.717009299755427e-07,True,105.22301789998892
2,809,1309,0.0003,6.540068235961347e-07,8.214024281568816e-11,6.294742896409897e-13,5.0464139511928127e-11,1.6381558691237554e-08,6.705216161439894e-07,True,105.32883869999205
2,810,1310,0.0003,2.3058247573732688e-07,3.526869498721993e-11,6.346499493242067e-13,1.3687603558295962e-11,8.989681852632734e-09,2.3962174853845446e-07,True,105.43919939998887
2,811,1311,0.0003,1.3117834830378098e-08,2.5700379129271775e-11,6.279763956323543e-13,1.623299025725338e-12,7.522143896437759e-09,2.0667930381366487e-08,True,105.54879309999524
2,812,1312,0.0003,3.0274513811147597e-07,5.2385854000366684e-11,6.306560243697821e-13,2.3949464939947806e-11,1.1645771385796926e-08,3.1446787547223755e-07,True,105.6527845999808
2,813,1313,0.0003,4.1107641093298985e-07,4.628284396123039e-11,6.353712736085973e-13,2.5116029458171565e-11,1.0524703770844714e-08,4.216731489485276e-07,True,105.76525999998557
2,814,1314,0.0003,1.284313550180742e-07,3.9904661738286124e-11,6.263901516520491e-13,1.2478586643141952e-11,9.842629120874125e-09,1.3832699377748142e-07,True,105.87848829998984
2,815,1315,0.0003,3.425344711143286e-08,2.6812330410269457e-11,6.326722332195864e-13,2.4088595314896875e-12,7.687922609814287e-09,4.197122358342213e-08,True,105.99021249997895
2,816,1316,0.0003,2.3497980596329535e-07,3.4812596304063916e-11,6.284850054953597e-13,1.2308301219524698e-11,8.660124405820269e-09,2.436876797516447e-07,True,106.08470300000045
2,817,1317,0.0003,2.5189285829445566e-07,4.668822305279485e-11,6.320309299253666e-13,1.9121117082000456e-11,1.0699378160689962e-08,2.626586778262103e-07,True,106.18513089997577
2,818,1318,0.0003,5.217142727155986e-08,2.6587344571653083e-11,6.302703434689849e-13,3.5338461072745992e-12,7.63306541859778e-09,5.983524415118005e-08,True,106.28579049999826
2,819,1319,0.0003,3.0144714978648154e-08,2.5974518330371722e-11,6.272912519605584e-13,2.0759530553403144e-12,7.544315731719072e-09,3.7717708473004897e-08,True,106.3851456999837
2,820,1320,0.0003,1.7586636150361035e-07,3.900673581146657e-11,6.32920736295916e-13,1.2570993622655718e-11,9.483378791108607e-09,1.8540195094488938e-07,True,106.51074289999087
2,821,1321,0.0003,1.6295240543223888e-07,3.1290140302494553e-11,6.278639585387351e-13,8.403483543955849e-12,8.186919312526992e-09,1.7117964623257086e-07,True,106.61876809998648
2,822,1322,0.0003,2.50500076894909e-08,2.7804042933879852e-11,6.312644352390826e-13,2.9720285827503748e-12,7.858005913337126e-09,3.293942093877989e-08,True,106.72012220000033
2,823,1323,0.0003,2.8410055426634285e-08,3.005989502717358e-11,6.285098583430236e-13,4.470746460493159e-12,8.241636908871433e-09,3.6686851486851726e-08,True,106.85032969998429
2,824,1324,0.0003,1.2068818321792848e-07,2.97158545720934e-11,6.29771476116993e-13,7.028290502271217e-12,8.041415579265238e-09,1.287669727137442e-07,True,106.95091189999948
2,825,1325,0.0003,9.316398272738285e-08,3.417684005974456e-11,6.312557799345541e-13,8.150624371839613e-12,8.825598069119363e-09,1.0203253951671373e-07,True,107.06322769998224
2,826,1326,0.0003,1.1598196567678512e-08,2.5922551930984892e-11,6.27594183082763e-13,1.6144280968572272e-12,7.564355729222048e-09,1.9190716871111485e-08,True,107.18857779999962
2,827,1327,0.0003,3.20588811068e-08,2.5547430581788302e-11,6.314575141132367e-13,2.412659966448906e-12,7.507432735943348e-09,3.95949053908057e-08,True,107.32212109997636
2,828,1328,0.0003,8.61429361585718e-08,3.569894815393895e-11,6.283621505632975e-13,9.094679999150674e-12,9.133491497179226e-09,9.532184964605469e-08,True,107.45019119998324
2,829,1329,0.0003,5.5388456019802524e-08,2.6798010774652135e-11,6.306304269313201e-13,3.793193396588473e-12,7.660873055555386e-09,6.308055090995608e-08,True,107.65153309999732
2,830,1330,0.0003,1.918163570554149e-09,2.6548201700080993e-11,6.293214527763695e-13,1.8714193585392716e-12,7.68669321846944e-09,9.633905731534985e-09,True,107.78807989999768
2,831,1331,0.0003,2.2941315557112404e-08,2.939667360905122e-11,6.288363149452128e-13,3.9361001674438245e-12,8.142763599850124e-09,3.1118040767053966e-08,True,107.90635019997717
2,832,1332,0.0003,5.927269673087454e-08,2.6845881184451593e-11,6.309385546366932e-13,3.937578408697854e-12,7.67778188021888e-09,6.69818930092412e-08,True,108.01697859997512
2,833,1333,0.0003,3.431175388544281e-08,3.07953788178455e-11,6.281703053538776e-13,4.9755219373591165e-12,8.375932013834354e-09,4.2724084970337723e-08,True,108.11530739997397
2,834,1334,0.0003,2.8980201531904546e-09,2.5298765367413954e-11,6.306655210942833e-13,1.291639948315331e-12,7.480568806719296e-09,1.0405810030746574e-08,True,108.21975469999597
2,835,1335,0.0003,1.894985346161687e-08,2.575121263232855e-11,6.285283141118763e-13,1.9002280609251555e-12,7.518903436410765e-09,2.6497036867035e-08,True,108.32920019997982
2,836,1336,0.0003,3.80915552581507e-08,3.0291752434958666e-11,6.299848299849854e-13,4.792304346416092e-12,8.258008224445536e-09,4.6385277524207595e-08,True,108.43753589998232
2,837,1337,0.0003,1.9989534538831902e-08,2.5575957426025464e-11,6.29602216901431e-13,1.983675874545833e-12,7.49672172518969e-09,2.7514445499539067e-08,True,108.53477420000127
2,838,1338,0.0003,5.777991355954257e-10,2.6248764397069e-11,6.287315519587358e-13,1.6611897896696659e-12,7.638428828889754e-09,8.244766650223878e-09,True,108.64240519999294
2,839,1339,0.0003,1.358272022798188e-08,2.7502604776887343e-11,6.303191739558865e-13,2.6350944052398587e-12,7.827166239630641e-09,2.1440654485968605e-08,True,108.78913349998766
2,840,1340,0.0003,2.708377640999525e-08,2.5909540812590665e-11,6.2845171694637e-13,2.193036941921352e-12,7.53344625918842e-09,3.464595369865513e-08,True,108.9047177999746
2,841,1341,0.0003,1.3608194850642667e-08,2.751524489017297e-11,6.302805742732183e-13,2.653652549494917e-12,7.827386492716802e-09,2.146638052137341e-08,True,109.02696399998968
2,842,1342,0.0003,5.973936545523238e-10,2.6038127548599287e-11,6.287022630054088e-13,1.5527230256921965e-12,7.601937742819576e-09,8.227550950209197e-09,True,109.13225429999875
2,843,1343,0.0003,8.731280688055026e-09,2.5368348621825715e-11,6.296985847302572e-13,1.5443504336967304e-12,7.476642148054116e-09,1.6235465233749395e-08,True,109.25143109998317
2,844,1344,0.0003,1.6646845202617716e-08,2.8371636413717142e-11,6.295142235475567e-13,3.2178511956961077e-12,7.970574669566067e-09,2.4649638874016743e-08,True,109.35146929998882
2,845,1345,0.0003,8.940348681601599e-09,2.549697072126273e-11,6.289397473274152e-13,1.5457790327106008e-12,7.496011272781921e-09,1.646403164388482e-08,True,109.4502859999775
2,846,1346,0.0003,6.295433406235574e-10,2.5756401758584754e-11,6.299506895130152e-13,1.4539883563684312e-12,7.554794505741626e-09,8.21217818716965e-09,True,109.56284819997381
2,847,1347,0.0003,5.7751466382898746e-09,2.734634074186034e-11,6.286914802675201e-13,2.3702663113094933e-12,7.819380409564197e-09,1.362487234638751e-08,True,109.69107749999966
2,848,1348,0.0003,1.1978888960530065e-08,2.5302562692565076e-11,6.300871061906966e-13,1.6330459550292075e-12,7.465390463934983e-09,1.9471845120218834e-08,True,109.8177039999864
2,849,1349,0.0003,6.29069726745818e-09,2.7380434274102263e-11,6.288103223092096e-13,2.418521002075055e-12,7.82152132874324e-09,1.4142646361799905e-08,True,109.93220429998473
2,850,1350,0.0003,3.0958687913368896e-10,2.5661844370927455e-11,6.29604920571215e-13,1.4052083199824566e-12,7.538482215553394e-09,7.875765752298564e-09,True,110.0359119999921
2,851,1351,0.0003,3.148374634022641e-09,2.549154366146058e-11,6.293083907904679e-13,1.4030329630876557e-12,7.504004841323593e-09,1.0679903360361572e-08,True,110.14300079998793
2,852,1352,0.0003,7.158410945464961e-09,2.737286123473376e-11,6.29232526957088e-13,2.4403553656536867e-12,7.817863795192364e-09,1.500671718978467e-08,True,110.24973929999396
2,853,1353,0.0003,4.859157061393212e-09,2.5334617873561296e-11,6.296958918068741e-13,1.4001307792681284e-12,7.477850555409485e-09,1.2364372061347334e-08,True,110.36144290000084
2,854,1354,0.0003,4.920150504088096e-10,2.6239237759786017e-11,6.28835681616949e-13,1.6670721403008922e-12,7.635621955623944e-09,8.156172151614458e-09,True,110.47343129999354
2,855,1355,0.0003,1.846508866242516e-09,2.6220882257129952e-11,6.298260020559385e-13,1.7104789711959622e-12,7.629607576164116e-09,9.504677629637014e-09,True,110.63314429999446
2,856,1356,0.0003,5.03954715740421e-09,2.555312261320758e-11,6.289256214582854e-13,1.4582662424259612e-12,7.510025400157972e-09,1.2577212872039274e-08,True,110.74637389997952
2,857,1357,0.0003,3.5462983029655537e-09,2.6605046110982192e-11,6.296959886217186e-13,1.949909827817386e-12,7.691328488912709e-09,1.1266811443805684e-08,True,110.84818589998758
2,858,1358,0.0003,5.028811868181408e-10,2.5749183672854917e-11,6.290923413968251e-13,1.4365727795041596e-12,7.5518176219201e-09,8.082513657531996e-09,True,110.94966179999756
2,859,1359,0.0003,7.138844568370157e-10,2.5622420332854408e-11,6.293752036088654e-13,1.3944487487024606e-12,7.530343456761693e-09,8.271874157883875e-09,True,111.0455960999825
2,860,1360,0.0003,2.750716552308829e-09,2.661244595078147e-11,6.294484844818765e-13,1.9331612574091865e-12,7.694451702123597e-09,1.0474343310125098e-08,True,111.15403779997723
2,861,1361,0.0003,2.7752828481026272e-09,2.5545508165651225e-11,6.291514183815056e-13,1.4070030534411337e-12,7.513285494648156e-09,1.0316150005388257e-08,True,111.27711599998293
2,862,1362,0.0003,6.60272661249743e-10,2.6064940843596852e-11,6.296181517617338e-13,1.606211760670355e-12,7.605108592441559e-09,8.29368202444733e-09,True,111.38291259997641
2,863,1363,0.0003,2.9511238815168444e-10,2.6157502687984594e-11,6.289944484856862e-13,1.6271577259669602e-12,7.621670934147077e-09,7.945196977161198e-09,True,111.49390409997432
2,864,1364,0.0003,1.8235837096916682e-09,2.545003005261931e-11,6.296744685786674e-13,1.356771167777269e-12,7.500539356684895e-09,9.351559542065539e-09,True,111.61922389999381
2,865,1365,0.0003,1.9392173140043016e-09,2.660296896341632e-11,6.290719247523071e-13,1.90000140255382e-12,7.695064019436016e-09,9.66341337573104e-09,True,111.73963609998464
2,866,1366,0.0003,8.087075933125294e-10,2.5568193180564725e-11,6.295532325311185e-13,1.3767172008326754e-12,7.521554568242463e-09,8.357836625168921e-09,True,111.85077140000067
2,867,1367,0.0003,5.001924628721776e-11,2.588990690934527e-11,6.29199384076037e-13,1.496578982779473e-12,7.576384663631856e-09,7.654419595195275e-09,True,111.94843709998531
2,868,1368,0.0003,7.297111759631741e-10,2.6218476657359085e-11,6.293832352347997e-13,1.6813154126313064e-12,7.630937463394079e-09,8.389177814662478e-09,True,112.08065459999489
2,869,1369,0.0003,1.4042363274124673e-09,2.555337762717423e-11,6.293998833194167e-13,1.383561723109591e-12,7.51743814098431e-09,8.94924080763038e-09,True,112.22117899998557
2,870,1370,0.0003,6.852897154438927e-10,2.626449799103421e-11,6.292250205861885e-13,1.6998758067536506e-12,7.638995202285895e-09,8.352878516548161e-09,True,112.35498529998586
2,871,1371,0.0003,1.0538562728825599e-10,2.5765067580144513e-11,6.295090599264217e-13,1.4467618087522698e-12,7.555541461788396e-09,7.688768427525475e-09,True,112.47584999998799
2,872,1372,0.0003,3.747231790771112e-10,2.578096777892687e-11,6.29139316204969e-13,1.4493986948407543e-12,7.557274397402285e-09,7.95985708226937e-09,True,112.58174189997953
2,873,1373,0.0003,8.478176405859119e-10,2.6162962668778592e-11,6.29567010896085e-13,1.6583645841684817e-12,7.621337157008854e-09,8.497605691858608e-09,True,112.72553579998203
2,874,1374,0.0003,7.66025402421586e-10,2.570582642299378e-11,6.291359504510587e-13,1.4242346859077375e-12,7.543800460038447e-09,8.337585059519386e-09,True,112.93377619999228
2,875,1375,0.0003,1.7583811860121728e-10,2.5941757369257842e-11,6.295186098192614e-13,1.532943445784715e-12,7.585081798135154e-09,7.789024136161233e-09,True,113.08580499998061
2,876,1376,0.0003,7.769521096361765e-11,2.6014188778536263e-11,6.291998626546778e-13,1.5577778762695007e-12,7.597424645721981e-09,7.703321023203059e-09,True,113.23621879998245
2,877,1377,0.0003,4.876084192406419e-10,2.5651238600760797e-11,6.294570361531986e-13,1.4034777825134068e-12,7.53550379680031e-09,8.050796389460379e-09,True,113.37040649997653
2,878,1378,0.0003,4.921137776316214e-10,2.618381648550319e-11,6.292995731867841e-13,1.6558330891186458e-12,7.625510496658357e-09,8.146093223437788e-09,True,113.51770659998874
2,879,1379,0.0003,2.5760089578513515e-10,2.5729612820349103e-11,6.293481478259851e-13,1.4305025856364046e-12,7.54896021559509e-09,7.834350574934037e-09,True,113.71645349997561
2,880,1380,0.0003,2.281276699710761e-11,2.5871278050547483e-11,6.293790575162148e-13,1.4923483077160173e-12,7.573282663850657e-09,7.624088436263544e-09,True,113.84217199997511
2,881,1381,0.0003,1.502448432348063e-10,2.6050913113854125e-11,6.292810409620307e-13,1.5802543048130808e-12,7.60346925477483e-09,7.781974546469266e-09,True,113.97385539999232
2,882,1382,0.0003,4.092210964730317e-10,2.5666261844544058e-11,6.294550070463176e-13,1.4081685611870536e-12,7.538102365681505e-09,7.975027347567313e-09,True,114.1282024999964
2,883,1383,0.0003,2.4503809286914113e-10,2.610988766901825e-11,6.292262002301301e-13,1.6107238443421505e-12,7.613319661264362e-09,7.886707591847094e-09,True,114.31002929998795
2,884,1384,0.0003,1.0047552882983637e-10,2.576705517628773e-11,6.294723523465235e-13,1.4469723996235684e-12,7.555649345852804e-09,7.683968374610898e-09,True,114.47519440000178
2,885,1385,0.0003,7.036822289182256e-11,2.5870619308085987e-11,6.292157221428213e-13,1.4877849349181108e-12,7.572917614625077e-09,7.671273457482047e-09,True,114.64070249997894
2,886,1386,0.0003,1.9216181695524058e-10,2.598390501546847e-11,6.294851490517205e-13,1.5530058518174653e-12,7.592031586865716e-09,7.812359799837295e-09,True,114.78650789998937
2,887,1387,0.0003,2.6734201226696456e-10,2.5772030081953702e-11,6.292297665010114e-13,1.446328312302089e-12,7.55584138196337e-09,7.851030982391092e-09,True,114.93671929999255
2,888,1388,0.0003,1.1543780305166771e-10,2.5949166975345865e-11,6.294526054705483e-13,1.5339843491928997e-12,7.586234863485012e-09,7.729785270466689e-09,True,115.09803829999873
2,889,1389,0.0003,2.919530588737136e-11,2.589699367475837e-11,6.292550071714748e-13,1.5011069228539307e-12,7.577421557187237e-09,7.634644218679392e-09,True,115.26253339997493
2,890,1390,0.0003,9.373149339930157e-11,2.5778203451763493e-11,6.294270163076521e-13,1.4509872143317118e-12,7.557329153899347e-09,7.678919264981052e-09,True,115.40632099998766
2,891,1391,0.0003,1.2745681108427176e-10,2.6030251377623093e-11,6.292964339381844e-13,1.5701012781389148e-12,7.599864348527484e-09,7.755550808701456e-09,True,115.58308309997665
2,892,1392,0.0003,1.5312422941552313e-10,2.575489837977761e-11,6.293865786420589e-13,1.4406934789987958e-12,7.55325611650097e-09,7.734205324353912e-09,True,115.7131332999852
2,893,1393,0.0003,3.7569490583535464e-11,2.5943827251506862e-11,6.293273570619745e-13,1.526443178298099e-12,7.58532426838106e-09,7.650993356751462e-09,True,115.84661139998934
2,894,1394,0.0003,1.977307883975613e-11,2.5891818886363514e-11,6.293561680998212e-13,1.5014275767510574e-12,7.576536029079385e-09,7.624331710550355e-09,True,115.96979659999488
2,895,1395,0.0003,8.380510086036063e-11,2.5798282337110435e-11,6.293626185402624e-13,1.4585769538012926e-12,7.560599369402154e-09,7.672290692171967e-09,True,116.11529969997355
2,896,1396,0.0003,8.593314778262009e-11,2.5989946900127603e-11,6.293280176380772e-13,1.5502469059657795e-12,7.593036316336972e-09,7.707138985943323e-09,True,116.24023909997777
2,897,1397,0.0003,9.118370259216925e-11,2.5786368999491213e-11,6.293841232288616e-13,1.4538138644734333e-12,7.558596014311752e-09,7.677649283891114e-09,True,116.39102359997923
2,898,1398,0.0003,2.2484665371858557e-11,2.5921637137862433e-11,6.293073004829791e-13,1.5145707034621254e-12,7.581516017611396e-09,7.632066198125063e-09,True,116.54748109998764
2,899,1399,0.0003,2.864100277521123e-11,2.5885130676157386e-11,6.294042247513253e-13,1.4996845927313454e-12,7.575369420867693e-09,7.632024643136544e-09,True,116.69722869998077
2,900,1400,0.0003,7.224758629254359e-11,2.5829259380471728e-11,6.292905224881538e-13,1.4708474939292192e-12,7.5657505512233e-09,7.665927534912732e-09,True,116.84918989997823
2,901,1401,0.0003,6.772601299262706e-11,2.5932540685040145e-11,6.294177972079828e-13,1.523980072692987e-12,7.583326587635184e-09,7.679138539182751e-09,True,116.98676609998802
2,902,1402,0.0003,5.94683274478407e-11,2.584511996728168e-11,6.292791795231488e-13,1.4776707959737119e-12,7.568427399703814e-09,7.655847797094432e-09,True,117.10016859997995
2,903,1403,0.0003,3.2904845299933806e-11,2.5862276554536403e-11,6.294324108829511e-13,1.4894650120062362e-12,7.571492234227642e-09,7.632378253505002e-09,True,117.20616029997473
2,904,1404,0.0003,2.707186912072082e-11,2.5933656155965026e-11,6.292655453978838e-13,1.5192458179013337e-12,7.583491238976977e-09,7.638645275616963e-09,True,117.34424199999194
2,905,1405,0.0003,7.339414922202888e-11,2.5787805244335726e-11,6.294444756774954e-13,1.4554961086482415e-12,7.558870798865764e-09,7.660137693916454e-09,True,117.47111620000214
2,906,1406,0.0003,4.770417757986828e-11,2.597248208211444e-11,6.292531044967602e-13,1.5382978670141302e-12,7.590040963568953e-09,7.665885174202446e-09,True,117.60171329998411
2,907,1407,0.0003,6.381219841181909e-11,2.579700468159298e-11,6.294634772781075e-13,1.4599253383445867e-12,7.56043075762604e-09,7.652129349535075e-09,True,117.72023789997911
2,908,1408,0.0003,3.1964643104731396e-11,2.5924446890088106e-11,6.292328214799438e-13,1.513696071659493e-12,7.58188154286313e-09,7.641913561751088e-09,True,117.8489508999919
2,909,1409,0.0003,5.270007828208029e-11,2.5852354869548485e-11,6.294835393075061e-13,1.4862917715375608e-12,7.569809354184211e-09,7.650477562646685e-09,True,117.96179199998733
2,910,1410,0.0003,6.543486816524032e-11,2.5880911884142807e-11,6.292063509784476e-13,1.4923561906725423e-12,7.574411159238033e-09,7.667848501829066e-09,True,118.0684224999859
2,911,1411,0.0003,7.738277504335393e-11,2.5863908548379596e-11,6.295202677205175e-13,1.492929720374657e-12,7.571747311194093e-09,7.677116444773922e-09,True,118.16756439997698
2,912,1412,0.0003,7.092156787617074e-11,2.5907763343717318e-11,6.291667840082253e-13,1.50384881833448e-12,7.578956809281819e-09,7.67791915610405e-09,True,118.26381350000156
2,913,1413,0.0003,9.492390202448905e-11,2.5805903019372414e-11,6.295674652633993e-13,1.4665194157776139e-12,7.562023421480206e-09,7.684849313405108e-09,True,118.370196999982
2,914,1414,0.0003,8.896186614686142e-11,2.5979566895525902e-11,6.291054107540034e-13,1.536839097739044e-12,7.5911859182113e-09,7.708293295762181e-09,True,118.48794319998706
2,915,1415,0.0003,1.6633884390752717e-10,2.574146904754605e-11,6.296450549937708e-13,1.4389184743919471e-12,7.551228325949517e-09,7.745377202433976e-09,True,118.59184789998108
2,916,1416,0.0003,1.6215271046359837e-10,2.6031948256175574e-11,6.290150952606062e-13,1.5600791434693023e-12,7.600093940455624e-09,7.790467693414128e-09,True,118.69138360000215
2,917,1417,0.0003,2.753001679242548e-10,2.5710036460154464e-11,6.297585479447952e-13,1.4273094573111398e-12,7.546085709444329e-09,7.849152981833994e-09,True,118.80829679997987
2,918,1418,0.0003,3.0781519605862366e-10,2.605150760693311e-11,6.288710830907771e-13,1.5650685354903228e-12,7.603411690985358e-09,7.939472334269496e-09,True,118.91882500000065
2,919,1419,0.0003,5.139544265696807e-10,2.5685131405421133e-11,6.299385042461593e-13,1.4199847807732955e-12,7.542109535448295e-09,8.083799016708417e-09,True,119.01456959999632
2,920,1420,0.0003,6.670591555581517e-10,2.609737523518756e-11,6.286494767611225e-13,1.5806723057888233e-12,7.611226939706262e-09,8.30659279228215e-09,True,119.1166795999743
2,921,1421,0.0003,1.088327283001111e-09,2.5605443928205582e-11,6.302219201323864e-13,1.390564331915286e-12,7.529199556571832e-09,8.645153069753196e-09,True,119.21702270000242
2,922,1422,0.0003,1.5051382619677497e-09,2.622974319665679e-11,6.282913474427447e-13,1.6356481127948607e-12,7.63417591086406e-09,9.167807855488705e-09,True,119.32831379998242
2,923,1423,0.0003,2.4629043643000044e-09,2.5437653524203066e-11,6.306804896506924e-13,1.3272104999165473e-12,7.502388277623808e-09,9.992688186437582e-09,True,119.43445729999803
2,924,1424,0.0003,3.605964167552633e-09,2.647895808986468e-11,6.277133917880818e-13,1.7451930830350747e-12,7.6781959518006e-09,1.131301198391792e-08,True,119.53979849998723
2,925,1425,0.0003,5.954038983152742e-09,2.518001921640052e-11,6.31436415300367e-13,1.2365835249958911e-12,7.462680992626727e-09,1.3443768014936165e-08,True,119.64722059998894
2,926,1426,0.0003,9.133145905236336e-09,2.6875520430913595e-11,6.267560530240423e-13,1.9240852285320416e-12,7.750187005664409e-09,1.6912759272613213e-08,True,119.74885939998785
2,927,1427,0.0003,1.5180016682317603e-08,2.480875522671746e-11,6.327046269827565e-13,1.1193288928082904e-12,7.409242683195848e-09,2.261582015425996e-08,True,119.86577360000229
2,928,1428,0.0003,2.4183336150340563e-08,2.7533849010338794e-11,6.251513664151789e-13,2.2302266810045622e-12,7.874624943263088e-09,3.208835032066141e-08,True,119.96323559997836
2,929,1429,0.0003,4.058698800370106e-08,2.4254991608403024e-11,6.348728686648884e-13,9.75558447599262e-13,7.339900688490471e-09,4.79527541151162e-08,True,120.06805869998061
2,930,1430,0.0003,6.656815062274675e-08,2.8760315458431858e-11,6.2243217387611e-13,2.8392900301034028e-12,8.119308359928076e-09,7.471968102033724e-08,True,120.18853009998566
2,931,1431,0.0003,1.1275818213783059e-07,2.3480940736027428e-11,6.386394606682144e-13,8.840149068155591e-13,7.277056887721577e-09,1.2006024262065567e-07,True,120.30476729999646
2,932,1432,0.0003,1.8830147508714414e-07,3.1240182282526364e-11,6.178437831818455e-13,4.19118834658556e-12,8.648529497794011e-09,1.9698605379935044e-07,True,120.4186315999832
2,933,1433,0.0003,3.1927234465580097e-07,2.2726843675502935e-11,6.452108949333351e-13,1.2192062865692775e-12,7.344183169350814e-09,3.266411190860088e-07,True,120.54318179999245
2,934,1434,0.0003,5.319772458752785e-07,3.640431781447411e-11,6.103539852455945e-13,7.301977532182235e-12,9.836294483908248e-09,5.418578570085187e-07,True,120.65850929997396
2,935,1435,0.0003,8.779971488298398e-07,2.3052490962333213e-11,6.562672161848166e-13,3.072916740062782e-12,7.922976974379305e-09,8.859469074791377e-07,True,120.76502459999756
2,936,1436,0.0003,1.387786765520455e-06,4.6436453622528915e-11,5.994588832673499e-13,1.3882261396333793e-11,1.2313761797929422e-08,1.4001614454922864e-06,True,120.87909809997655
2,937,1437,0.0003,2.0603074828432283e-06,2.628895300995485e-11,6.718745354502504e-13,7.884704758473838e-12,9.559925566568755e-09,2.0699022539421004e-06,True,120.99233739997726
2,938,1438,0.0003,2.719639941449602e-06,5.921014950011626e-11,5.884873191425761e-13,2.2684005796226342e-11,1.5655190626001835e-08,2.7353776147182196e-06,True,121.1216952999821
2,939,1439,0.0003,3.0002287466995907e-06,2.893226066254759e-11,6.817132496469442e-13,1.1210427948619674e-11,1.081110401162011e-08,3.011080675113072e-06,True,121.25656869998784
2,940,1440,0.0003,2.4932835398293956e-06,5.513280356110895e-11,5.896563761929255e-13,1.9548528881473788e-11,1.4669451677660421e-08,2.5080282624958753e-06,True,121.38030779999099
2,941,1441,0.0003,1.3207647466819648e-06,2.2618450903161907e-11,6.630303527801531e-13,3.232989045180434e-12,8.138570601151118e-09,1.328929831753417e-06,True,121.50430999998935
2,942,1442,0.0003,2.562070328584092e-07,3.084779221541341e-11,6.159966915602806e-13,3.7638657936085755e-12,8.580158831516915e-09,2.648224193446267e-07,True,121.61310989997583
2,943,1443,0.0003,4.0234798933477124e-08,2.8976383656585952e-11,6.241327458325721e-13,3.130457926640836e-12,8.143051375230446e-09,4.8410581283036626e-08,True,121.76961439999286
2,944,1444,0.0003,6.067552236873712e-07,2.2944257208410025e-11,6.520351777281022e-13,2.396901907461832e-12,7.664351567911812e-09,6.144455684495766e-07,True,121.89906739999424
2,945,1445,0.0003,1.234763378608627e-06,4.3361768593876426e-11,6.005619735381943e-13,1.1602390473138876e-11,1.1590833164636243e-08,1.246409776494304e-06,True,122.04149119998328
2,946,1446,0.0003,1.2662573622514258e-06,2.225176203421534e-11,6.621415996993052e-13,2.7381731698259465e-12,7.999140348224535e-09,1.274282154676454e-06,True,122.16638209999655
2,947,1447,0.0003,6.771467289532341e-07,3.50984434533024e-11,6.075828064836044e-13,6.063855465297407e-12,9.596203209176445e-09,6.867847020441357e-07,True,122.30399309998029
2,948,1448,0.0003,9.975345426799007e-08,2.4168689456628544e-11,6.376267804571152e-13,9.855700180591469e-13,7.3210367468371814e-09,1.071002829010824e-07,True,122.43927409997559
2,949,1449,0.0003,6.555590097518e-08,2.400160194803749e-11,6.364853061608993e-13,1.2084980114619198e-12,7.336755031127845e-09,7.291850259157349e-08,True,122.6569438999868
2,950,1450,0.0003,4.5272649929935204e-07,3.511720738907179e-11,6.113666579370558e-13,6.4587462963828874e-12,9.53517949063184e-09,4.623038661103273e-07,True,122.87203030000092
2,951,1451,0.0003,7.279086360794549e-07,2.1896897839675275e-11,6.537940867998033e-13,1.377870682398713e-12,7.489613470931883e-09,7.354221781129956e-07,True,123.10766379997949
2,952,1452,0.0003,5.643395269781234e-07,3.378741194272261e-11,6.094285533028854e-13,5.293533463737541e-12,9.277376309084965e-09,5.736565936611681e-07,True,123.3155513999809
2,953,1453,0.0003,1.816411883546404e-07,2.344560750165177e-11,6.408471733257037e-13,7.74554587953273e-13,7.246072060149766e-09,1.8891212142405313e-07,True,123.47225999998045
2,954,1454,0.0003,4.667844435438264e-09,2.53642092336167e-11,6.300432071974093e-13,1.4236460770984353e-12,7.482739887613003e-09,1.217800222156918e-08,True,123.71024499999476
2,955,1455,0.0003,1.590032754033269e-07,3.1007824641561466e-11,6.185773098716445e-13,4.0985177065572114e-12,8.589591617948243e-09,1.6762859194093314e-07,True,123.97536299997591
2,956,1456,0.0003,3.8141355365144933e-07,2.230747659900361e-11,6.468583677695248e-13,8.283670439725814e-13,7.278210757830664e-09,3.887155471112907e-07,True,124.32935169999837
2,957,1457,0.0003,3.795028071780579e-07,3.187578123124462e-11,6.129685009343341e-13,4.252038691443656e-12,8.818365928329555e-09,3.883579138948111e-07,True,124.63805419998243
2,958,1458,0.0003,1.752905839810029e-07,2.3477456845216482e-11,6.406510767167745e-13,7.782952459774179e-13,7.248624918928513e-09,1.8256410530309933e-07,True,124.91135719997692
2,959,1459,0.0003,1.309435990796732e-08,2.6162714405727314e-11,6.270124250851925e-13,1.6499723200907877e-12,7.609210216725562e-09,2.0732009823843785e-08,True,125.09160379998502
2,960,1460,0.0003,4.9967618410639824e-08,2.8754486839159857e-11,6.231913014251941e-13,2.905089327389463e-12,8.110259943705368e-09,5.811016112181317e-08,True,125.39486989998841
2,961,1461,0.0003,1.893589525513196e-07,2.3011276187328226e-11,6.415167813041187e-13,7.347277080736037e-13,7.244536327316347e-09,1.9662787639931265e-07,True,125.74379739997676
2,962,1462,0.0003,2.3623983339416893e-07,3.0315292920109515e-11,6.163558942191599e-13,3.4539026497844e-12,8.46110724163589e-09,2.447353261872689e-07,True,126.23378660000162
2,963,1463,0.0003,1.4297038433579997e-07,2.369167005634793e-11,6.395012071376679e-13,8.285383391347829e-13,7.269533564825248e-09,1.5026507761022783e-07,True,126.58286470000166
2,964,1464,0.0003,2.585851685187827e-08,2.663103707672857e-11,6.254284068460317e-13,1.7987452701099462e-12,7.69449494102471e-09,3.358206700365666e-08,True,126.81276029997389
2,965,1465,0.0003,1.0772999808268411e-08,2.7367662156976714e-11,6.264538087655645e-13,2.2244926653640764e-12,7.837333942014968e-09,1.8640552358914486e-08,True,127.23765639998601
2,966,1466,0.0003,8.503809210445932e-08,2.3764683604155852e-11,6.374223099913103e-13,8.379884815267643e-13,7.290008976199579e-09,9.235334117505456e-08,True,127.40970599997672
2,967,1467,0.0003,1.379179349936726e-07,2.9103332457309984e-11,6.193870455358092e-13,2.870458754901255e-12,8.195890132736269e-09,1.461464183046666e-07,True,127.57789899999625
2,968,1468,0.0003,1.0796704592831969e-07,2.3937259633773124e-11,6.381616333204613e-13,8.8596148392527e-13,7.296229003712663e-09,1.1528873631478337e-07,True,127.69130959999165
2,969,1469,0.0003,3.449215079286161e-08,2.692318495220691e-11,6.246485760091554e-13,1.9020379736283595e-12,7.750393296882516e-09,4.227199396124597e-08,True,127.81733890000032
2,970,1470,0.0003,1.1696895910419413e-09,2.644774606399137e-11,6.28961396885023e-13,1.8012160976050603e-12,7.669694117833321e-09,8.868261632433743e-09,True,127.94049619999714
2,971,1471,0.0003,3.0748375323023415e-08,2.4491399605327067e-11,6.342113457910382e-13,1.0231195524185205e-12,7.368959050995038e-09,3.8143483104521984e-08,True,128.05592980000074
2,972,1472,0.0003,7.268684241903853e-08,2.8143373034959917e-11,6.220906484027126e-13,2.4332737808889746e-12,7.996162388781684e-09,8.071420354528446e-08,True,128.16102780000074
2,973,1473,0.0003,7.546801898229995e-08,2.42074065444457e-11,6.366906796599663e-13,9.531761241383298e-13,7.328406090452568e-09,8.282222234610076e-08,True,128.27234369999496
2,974,1474,0.0003,3.751751347833115e-08,2.7070973775698933e-11,6.243315046379611e-13,1.955893828423653e-12,7.77998346514652e-09,4.532714814258643e-08,True,128.37230439999257
2,975,1475,0.0003,4.370705888684831e-09,2.5822877891701403e-11,6.307562823368101e-13,1.5318704051946995e-12,7.563095544333597e-09,1.1961786937597661e-08,True,128.4853397999832
2,976,1476,0.0003,6.515550538003545e-09,2.5141673587482948e-11,6.31554447008613e-13,1.22583466985781e-12,7.457901391706536e-09,1.400045099241443e-08,True,128.68241199999466
2,977,1477,0.0003,3.14929894865422e-08,2.7348493876610984e-11,6.245182001665617e-13,2.089468669046809e-12,7.839765486157919e-09,3.9362817453445944e-08,True,128.80603499998688
2,978,1478,0.0003,4.663743332008625e-08,2.4523972272803677e-11,6.351075526801174e-13,1.0411634403566282e-12,7.3696099830105835e-09,5.4033243546362674e-08,True,128.94451519998256
2,979,1479,0.0003,3.426275990768987e-08,2.7082225224091584e-11,6.245059858055792e-13,1.958900145226525e-12,7.784627234050526e-09,4.207705277309552e-08,True,129.05885259999195
2,980,1480,0.0003,1.1053604851873796e-08,2.5427905699471373e-11,6.319469536501222e-13,1.3700094398033822e-12,7.499935647762987e-09,1.8580970361729705e-08,True,129.1867682999873
2,981,1481,0.0003,3.046628373887232e-10,2.5694164140529524e-11,6.294594149369955e-13,1.4180934906128849e-12,7.543416871138829e-09,7.875821425573632e-09,True,129.32861070000217
2,982,1482,0.0003,8.88750833643482e-09,2.667903821088529e-11,6.267289142667537e-13,1.8142267681063951e-12,7.714616046908658e-09,1.6631244377236734e-08,True,129.48928889998933
2,983,1483,0.0003,2.314933668557606e-08,2.4888687704562786e-11,6.333961800013171e-13,1.1515807390536577e-12,7.420417284067863e-09,3.059642763426754e-08,True,129.6029153999989
2,984,1484,0.0003,2.541872730545736e-08,2.694321530843811e-11,6.251470034442614e-13,1.9027537202515688e-12,7.760223769908443e-09,3.320842219139794e-08,True,129.72131769999396
2,985,1485,0.0003,1.513721809735141e-08,2.5228076287144525e-11,6.324976438398107e-13,1.2873298076969172e-12,7.469398979129686e-09,2.263376498021978e-08,True,129.81247839998105
2,986,1486,0.0003,2.993748049224313e-09,2.6117707303639647e-11,6.279829000866435e-13,1.576190892150483e-12,7.613697560497622e-09,1.0635767490817811e-08,True,129.91309809999075
2,987,1487,0.0003,5.494995213756662e-10,2.613874075317645e-11,6.286677872009327e-13,1.602810894927037e-12,7.618796624474385e-09,8.196666365285356e-09,True,130.04954979999457
2,988,1488,0.0003,7.404439538928495e-09,2.5294414695289016e-11,6.316378259260449e-13,1.285042989514445e-12,7.480876925521127e-09,1.4912527559960353e-08,True,130.17579169999226
2,989,1489,0.0003,1.3945742319319147e-08,2.667234336120233e-11,6.262167183746067e-13,1.7952389170141586e-12,7.71167461471244e-09,2.168651073302818e-08,True,130.2919860999973
2,990,1490,0.0003,1.3737818128400366e-08,2.5209018156689364e-11,6.323807725881151e-13,1.2717698220497467e-12,7.46690931374104e-09,2.1231840610892734e-08,True,130.4090023000026
2,991,1491,0.0003,6.960397170305301e-09,2.6365300315501423e-11,6.271745673947622e-13,1.6723000045616424e-12,7.656651227516587e-09,1.4645713172709345e-08,True,130.52804839998134
2,992,1492,0.0003,1.0764475845799962e-09,2.5744574014786164e-11,6.301339683521525e-13,1.455033498534176e-12,7.55235561194288e-09,8.656632938004548e-09,True,130.63418679998722
2,993,1493,0.0003,5.995583370627311e-10,2.5696549074348348e-11,6.299793411085625e-13,1.4260899396507863e-12,7.544630917253565e-09,8.171941872671403e-09,True,130.7724132000003
2,994,1494,0.0003,4.409605015138939e-09,2.6322152982267585e-11,6.275705730132525e-13,1.659684306364298e-12,7.650145403469797e-09,1.208835982647038e-08,True,130.94254959997488
2,995,1495,0.0003,8.018152303675647e-09,2.5351937582207968e-11,6.316653822023149e-13,1.3150038838215958e-12,7.489366036857354e-09,1.5534816947381232e-08,True,131.12439599999925
2,996,1496,0.0003,7.380773938542235e-09,2.6412112335214265e-11,6.270881675442727e-13,1.69163521778566e-12,7.665260509551383e-09,1.5074765283814164e-08,True,131.2592302999983
2,997,1497,0.0003,3.956130365615105e-09,2.5525423728849552e-11,6.309542121819618e-13,1.3750251778762182e-12,7.5167954314323e-09,1.1500457200166313e-08,True,131.3839337999816
2,998,1498,0.0003,6.269070443553163e-10,2.6022631492697386e-11,6.286846334139072e-13,1.5455828985488887e-12,7.598637348191868e-09,8.253741291571844e-09,True,131.5296802999801
2,999,1499,0.0003,2.1490418303078538e-10,2.5971103288388312e-11,6.289508791015997e-13,1.5281571384226895e-12,7.59001688382523e-09,7.833049278161928e-09,True,131.80737989998306
2,1000,1500,0.0003,2.2453720291126257e-09,2.5605534380528585e-11,6.30554145982807e-13,1.4003775001744215e-12,7.529695607154809e-09,9.80270410229412e-09,True,131.93915199997718
