call_index,call_role,perturbation_method,step_multiplier,step_size_K,input_inf_norm,output_inf_norm_per_s,plus_temperature_min_K,plus_temperature_max_K,minus_temperature_min_K,minus_temperature_max_K,unit_bias_electrical_solve_count,electrical_solver_type,electrical_iterations,plus_electrical_residual,minus_electrical_residual,plus_electrical_wall_s,minus_electrical_wall_s,plus_electrical_cpu_s,minus_electrical_cpu_s,plus_G_hat_S,minus_G_hat_S,plus_Vd_V,minus_Vd_V,delta_Vd_V,plus_normalized_current_error,minus_normalized_current_error,normalized_delta_I_cond,finite,operator_wall_s,operator_cpu_s,exception_type,exception_message
1,parent_h_probe,central_difference,1.0,0.0019930728769184452,0.07481376943385959,893343.3095944382,329.1381597035319,329.1387890949668,329.13480294921294,329.1354323406477,2,sparse_direct,not_applicable,1.5488602464078636e-16,2.323290369611795e-16,0.006539899986819364,0.0043950999970547855,0.0,0.015625,4.6961554070843995e-05,4.691534809820578e-05,4.258802843242568,4.262997251589161,0.004194408346593015,7.744301232039318e-17,3.872150616019659e-17,1.1616451848058975e-16,True,0.012127699999837205,0.015625,,
2,parent_h_half_probe,central_difference,0.5,0.0009965364384592226,0.07481376943385959,893343.3225913021,329.13747786281084,329.1377925585283,329.13579948565143,329.1361141813688,2,sparse_direct,not_applicable,1.9360753080098294e-16,2.710505431213761e-16,0.004763999997521751,0.004257100008544512,0.0,0.0,4.6949995243396526e-05,4.692689225925942e-05,4.259851336792837,4.261948541042303,0.0020972042494662446,3.872150616019659e-17,3.872150616019659e-17,7.744301232039318e-17,True,0.010387699992861599,0.0,,
3,arpack_matvec,central_difference,1.0,0.0019930728769184452,0.07481376943385959,893343.3095944382,329.1381597035319,329.1387890949668,329.13480294921294,329.1354323406477,2,sparse_direct,not_applicable,1.5488602464078636e-16,2.323290369611795e-16,0.004114600000320934,0.004902700005914085,0.015625,0.0,4.6961554070843995e-05,4.691534809820578e-05,4.258802843242568,4.262997251589161,0.004194408346593015,7.744301232039318e-17,3.872150616019659e-17,1.1616451848058975e-16,True,0.009646600010455586,0.015625,,
4,arpack_matvec,central_difference,1.0,0.0019930728769184452,0.11710149884135909,28102060.473139886,329.1348118162816,329.13878909496685,329.134802949213,329.1387802278981,2,sparse_direct,not_applicable,3.097720492815727e-16,2.323290369611795e-16,0.006083200001739897,0.007093299995176494,0.0,0.0,4.693849701914847e-05,4.693838451719028e-05,4.260894845406115,4.260905057922346,1.0212516230900803e-05,7.744301232039318e-17,1.5488602464078636e-16,2.323290369611795e-16,True,0.01449819999106694,0.0,,
5,arpack_matvec,central_difference,1.0,0.0019930728769184452,0.13084544352978775,5783386.963196995,329.13480294921266,329.1387322129199,329.13485983125963,329.1387890949665,2,sparse_direct,not_applicable,3.872150616019659e-16,1.1616451848058975e-16,0.005133500002557412,0.004055900004459545,0.0,0.0,4.693806786929037e-05,4.693882031853235e-05,4.260933802323204,4.260865497743159,6.83045800453641e-05,1.1616451848058975e-16,7.744301232039318e-17,1.9360753080098294e-16,True,0.009927200007950887,0.0,,
6,arpack_matvec,central_difference,1.0,0.0019930728769184452,0.18595707296545402,11474310.815175073,329.1348029492129,329.138748050025,329.1348439941547,329.13878909496674,2,sparse_direct,not_applicable,1.9360753080098294e-16,1.5488602464078636e-16,0.005286700004944578,0.005187200004002079,0.015625,0.0,4.693819504107787e-05,4.693868766980869e-05,4.260922257981382,4.260877538948357,4.4719033025053534e-05,7.744301232039318e-17,1.1616451848058975e-16,3.872150616019659e-17,True,0.011166800002683885,0.015625,,
7,arpack_matvec,central_difference,1.0,0.0019930728769184452,0.34474208154939195,44352439.67760285,329.1348029492129,329.1387780473662,329.13481399681365,329.13878909496674,2,sparse_direct,not_applicable,2.323290369611795e-16,1.5488602464078636e-16,0.004897299993899651,0.004245300006004982,0.0,0.015625,4.6938377232338496e-05,4.693850586175196e-05,4.260905719216231,4.260894042708991,1.167650723932212e-05,0.0,7.744301232039318e-17,7.744301232039318e-17,True,0.009804400004213676,0.015625,,
8,arpack_matvec,central_difference,1.0,0.0019930728769184452,0.28339708740288333,92069143.96999916,329.1348029492128,329.13877774253206,329.1348143016479,329.1387890949667,2,sparse_direct,not_applicable,2.323290369611795e-16,1.9360753080098294e-16,0.004492399995797314,0.004968900000676513,0.0,0.0,4.693837639065349e-05,4.6938506330758296e-05,4.260905795621524,4.260894000134431,1.1795487093735346e-05,7.744301232039318e-17,0.0,7.744301232039318e-17,True,0.010118899997905828,0.0,,
9,arpack_matvec,central_difference,1.0,0.0019930728769184452,0.3498591058358761,63451893.41649355,329.1348029492128,329.1387730207775,329.1348190234025,329.1387890949667,2,sparse_direct,not_applicable,1.5488602464078636e-16,2.323290369611795e-16,0.004789999991771765,0.004779099996085279,0.015625,0.0,4.693834968193299e-05,4.6938533161713465e-05,4.260908220149501,4.2608915645266645,1.6655622836481143e-05,7.744301232039318e-17,7.744301232039318e-17,1.5488602464078636e-16,True,0.010236199988867156,0.015625,,
10,arpack_matvec,central_difference,1.0,0.0019930728769184452,0.27691116044293784,81348040.48742777,329.1348029492127,329.13876377358883,329.13482827059113,329.13878909496657,2,sparse_direct,not_applicable,3.097720492815727e-16,1.1616451848058975e-16,0.00537159999657888,0.00434629998926539,0.0,0.0,4.693829657691018e-05,4.6938586101884606e-05,4.260913040853377,4.260886758835923,2.6282017453915785e-05,0.0,0.0,0.0,True,0.010449900000821799,0.015625,,
11,arpack_matvec,central_difference,1.0,0.0019930728769184452,0.314085305278404,72717274.61776568,329.1348029492127,329.13876561083765,329.1348264333423,329.13878909496657,2,sparse_direct,not_applicable,1.9360753080098294e-16,3.097720492815727e-16,0.006311499993898906,0.005459699998027645,0.0,0.015625,4.693830708671067e-05,4.693857571036378e-05,4.260912086806486,4.260887702134539,2.438467194654237e-05,1.1616451848058975e-16,0.0,1.1616451848058975e-16,True,0.012526200007414445,0.015625,,
12,arpack_matvec,central_difference,1.0,0.0019930728769184452,0.3238302867703795,72863965.30629903,329.1348029492127,329.1387714645216,329.1348205796585,329.13878909496657,2,sparse_direct,not_applicable,3.097720492815727e-16,1.9360753080098294e-16,0.005095099986647256,0.004784000004292466,0.0,0.0,4.693833939316115e-05,4.6938543503094496e-05,4.2609091541304025,4.260890625777826,1.8528352576652196e-05,0.0,3.872150616019659e-17,3.872150616019659e-17,True,0.01066299999365583,0.0,,
13,arpack_matvec,central_difference,1.0,0.0019930728769184452,0.31794509027739926,77113441.78629875,329.1348029492127,329.1387756337348,329.13481641044507,329.13878909496657,2,sparse_direct,not_applicable,2.710505431213761e-16,1.7424677772088464e-16,0.005336100002750754,0.005578199998126365,0.015625,0.0,4.693836249761494e-05,4.693852020777316e-05,4.260907056784577,4.2608927404336745,1.4316350902099373e-05,1.9360753080098294e-16,7.744301232039318e-17,2.710505431213761e-16,True,0.011627200001385063,0.015625,,
14,arpack_matvec,central_difference,1.0,0.0019930728769184452,0.3442257354264421,71454500.76226455,329.1348029492128,329.138780314013,329.134811730167,329.1387890949667,2,sparse_direct,not_applicable,2.323290369611795e-16,3.4849355544176928e-16,0.004885600006673485,0.004625700006727129,0.0,0.015625,4.693838753000481e-05,4.693849526290746e-05,4.260904784429426,4.260895004830874,9.779598552306368e-06,0.0,0.0,0.0,True,0.010172199996304698,0.015625,,
15,arpack_matvec,central_difference,1.0,0.0019930728769184452,0.31386950927791446,76689908.46317509,329.1348029492128,329.1387824394789,329.13480960470116,329.1387890949667,2,sparse_direct,not_applicable,1.9360753080098294e-16,1.1616451848058975e-16,0.00422919999982696,0.004639699996914715,0.0,0.0,4.6938398867748174e-05,4.69384840028681e-05,4.260903755228471,4.260896026973929,7.728254542094248e-06,0.0,1.5488602464078636e-16,1.5488602464078636e-16,True,0.009515400000964291,0.0,,
16,arpack_matvec,central_difference,1.0,0.0019930728769184452,0.31564608162913527,67023614.690012015,329.1348029492129,329.138787086441,329.13480495773916,329.13878909496674,2,sparse_direct,not_applicable,1.9360753080098294e-16,1.5488602464078636e-16,0.004964499996276572,0.005112400001962669,0.015625,0.0,4.693842427749408e-05,4.693845878245543e-05,4.2609014486218175,4.260898316387747,3.132234070335471e-06,0.0,1.1616451848058975e-16,1.1616451848058975e-16,True,0.010698500002035871,0.015625,,
17,arpack_matvec,central_difference,1.0,0.0019930728769184452,0.2579909627789888,75143438.85958089,329.13480441603417,329.138789094967,329.13480294921317,329.13878762814534,2,sparse_direct,not_applicable,3.097720492815727e-16,1.5488602464078636e-16,0.005994299994199537,0.0034044999920297414,0.0,0.015625,4.6938445018315205e-05,4.693843785521212e-05,4.260899565845455,4.260900216085732,6.502402767338822e-07,0.0,1.1616451848058975e-16,1.1616451848058975e-16,True,0.009957400005077943,0.015625,,
18,arpack_matvec,central_difference,1.0,0.0019930728769184452,0.28371236213094286,65617422.51261849,329.13481129905773,329.138789094967,329.13480294921317,329.1387807451219,2,sparse_direct,not_applicable,1.9360753080098294e-16,2.323290369611795e-16,0.004847200005315244,0.004017700004624203,0.0,0.0,4.693848721052407e-05,4.693839586709831e-05,4.26089573579521,4.260904027616993,8.291821782968611e-06,7.744301232039318e-17,1.1616451848058975e-16,3.872150616019659e-17,True,0.009551299997838214,0.0,,
19,arpack_matvec,central_difference,1.0,0.0019930728769184452,0.21288153349616518,69633697.55653763,329.1348152548677,329.1387890949671,329.1348029492132,329.13877678931203,2,sparse_direct,not_applicable,2.323290369611795e-16,1.5488602464078636e-16,0.004910100004053675,0.004743899989989586,0.015625,0.0,4.6938512084680944e-05,4.69383707687595e-05,4.2608934778159036,4.260906305957957,1.2828142053500358e-05,1.1616451848058975e-16,3.872150616019659e-17,7.744301232039318e-17,True,0.010362399989389814,0.015625,,
20,arpack_matvec,central_difference,1.0,0.0019930728769184452,0.2648737900375376,62126666.09893287,329.1348218737046,329.13878909496674,329.1348029492129,329.13877017047537,2,sparse_direct,not_applicable,1.9360753080098294e-16,1.9360753080098294e-16,0.0038225999887799844,0.0048900999972829595,0.0,0.015625,4.6938554640995685e-05,4.693832846256855e-05,4.260889614724564,4.2609101463741315,2.053164956716813e-05,3.872150616019659e-17,1.5488602464078636e-16,1.9360753080098294e-16,True,0.010262700001476333,0.015625,,
21,arpack_matvec,central_difference,1.0,0.0019930728769184452,0.22532745817980437,63872740.86141972,329.1348230795994,329.1387890949669,329.13480294921305,329.13876896458055,2,sparse_direct,not_applicable,3.4849355544176928e-16,2.710505431213761e-16,0.005010299995774403,0.004764500001328997,0.0,0.0,4.6938563256807817e-05,4.693831951865516e-05,4.260888832616594,4.260910958273912,2.2125657317850767e-05,7.744301232039318e-17,7.744301232039318e-17,0.0,True,0.011256600002525374,0.0,,
22,arpack_matvec,central_difference,1.0,0.0019930728769184452,0.23184184891798007,56354706.047511175,329.13483125882254,329.13878909496674,329.1348029492129,329.1387607853573,2,sparse_direct,not_applicable,1.9360753080098294e-16,2.710505431213761e-16,0.004947199995513074,0.007878700009314343,0.015625,0.0,4.693861612883265e-05,4.6938266959792776e-05,4.2608840331180415,4.26091572940517,3.169628712829109e-05,7.744301232039318e-17,3.872150616019659e-17,3.872150616019659e-17,True,0.013486600000760518,0.015625,,
23,arpack_matvec,central_difference,1.0,0.0019930728769184452,0.22631749352901426,65340403.41605896,329.13482412032016,329.138789094967,329.13480294921317,329.1387679238597,2,sparse_direct,not_applicable,1.9360753080098294e-16,2.323290369611795e-16,0.010561399991274811,0.004284299997380003,0.0,0.0,4.693857313591716e-05,4.693830945914423e-05,4.260887935832055,4.26091187144443,2.393561237479247e-05,0.0,2.323290369611795e-16,2.323290369611795e-16,True,0.017428100007236935,0.0,,
24,arpack_matvec,central_difference,1.0,0.0019930728769184452,0.23062713654888495,49061070.83712843,329.1348265715121,329.138789094967,329.13480294921317,329.13876547266784,2,sparse_direct,not_applicable,2.323290369611795e-16,2.710505431213761e-16,0.0032979999959934503,0.004001699999207631,0.015625,0.0,4.6938591821863363e-05,4.6938291374922315e-05,4.260886239600454,4.26091351307376,2.727347330555574e-05,0.0,1.1616451848058975e-16,1.1616451848058975e-16,True,0.0078077000071061775,0.015625,,
25,arpack_matvec,central_difference,1.0,0.0019930728769184452,0.21424714785411636,63787371.60039391,329.13481969244117,329.138789094967,329.13480294921317,329.1387723517388,2,sparse_direct,not_applicable,2.710505431213761e-16,1.839271542609338e-16,0.00467370000842493,0.0036352999886730686,0.0,0.0,4.6938549870107967e-05,4.6938332926237865e-05,4.260890047806242,4.2609097411766585,1.969337041618502e-05,3.872150616019659e-17,0.0,3.872150616019659e-17,True,0.008973600008175708,0.0,,
26,arpack_matvec,central_difference,1.0,0.0019930728769184452,0.2565261285176359,43812046.30272778,329.1348209396973,329.1387890949669,329.13480294921305,329.13877110448266,2,sparse_direct,not_applicable,1.9360753080098294e-16,1.5488602464078636e-16,0.008827700003166683,0.003758799997740425,0.0,0.0,4.6938562103825735e-05,4.693832107756131e-05,4.260888937279546,4.260910816761387,2.1879481841402537e-05,1.5488602464078636e-16,3.872150616019659e-17,1.1616451848058975e-16,True,0.01343809999525547,0.0,,
27,arpack_matvec,central_difference,1.0,0.0019930728769184452,0.30894732493969984,72904171.81653774,329.13481090051175,329.13878909496685,329.134802949213,329.1387811436681,2,sparse_direct,not_applicable,1.5488602464078636e-16,2.710505431213761e-16,0.005402399998274632,0.004677999997511506,0.0,0.0,4.693849628814345e-05,4.6938386320208066e-05,4.260894911763918,4.260904894250601,9.982486682602598e-06,0.0,7.744301232039318e-17,7.744301232039318e-17,True,0.010728099994594231,0.0,,
28,arpack_matvec,central_difference,1.0,0.0019930728769184452,0.2777166099158754,52674423.15781915,329.1348087975559,329.13878909496685,329.134802949213,329.138783246624,2,sparse_direct,not_applicable,2.323290369611795e-16,1.1616451848058975e-16,0.0027286000113235787,0.0030279000056907535,0.0,0.0,4.6938486122892906e-05,4.6938397096423543e-05,4.260895834526195,4.260903916023135,8.081496939205124e-06,3.872150616019659e-17,3.872150616019659e-17,0.0,True,0.006148899992695078,0.0,,
29,arpack_matvec,central_difference,1.0,0.0019930728769184452,0.28195640536980937,42311826.932681866,329.134802949213,329.13878721288114,329.1348048312987,329.13878909496685,2,sparse_direct,not_applicable,1.5488602464078636e-16,3.097720492815727e-16,0.003745199996046722,0.0042680999904405326,0.015625,0.0,4.693843980827413e-05,4.693844309072901e-05,4.260900038793892,4.260899740824654,2.979692377280685e-07,1.5488602464078636e-16,3.872150616019659e-17,1.9360753080098294e-16,True,0.008686999994097278,0.015625,,
30,arpack_matvec,central_difference,1.0,0.0019930728769184452,0.2736460450734818,57420548.69513012,329.134802949213,329.1387848265242,329.13480721765563,329.13878909496685,2,sparse_direct,not_applicable,1.2584489502063891e-16,2.710505431213761e-16,0.004188100007013418,0.0035503999970387667,0.0,0.0,4.693842195713666e-05,4.6938460690503524e-05,4.260901659255534,4.260898143182261,3.5160732734240696e-06,3.872150616019659e-17,0.0,3.872150616019659e-17,True,0.008484399993903935,0.0,,
31,arpack_matvec,central_difference,1.0,0.0019930728769184452,0.18176347724999528,7765329.061822434,329.1348029492126,329.1387580996334,329.1348339445459,329.13878909496646,2,sparse_direct,not_applicable,1.9360753080098294e-16,1.9360753080098294e-16,0.003409299999475479,0.006621900000027381,0.0,0.0,4.6938139593527394e-05,4.6938743866856496e-05,4.2609272913658325,4.2608724376457,5.4853720132364e-05,7.744301232039318e-17,7.744301232039318e-17,0.0,True,0.010695900011342019,0.015625,,
32,arpack_matvec,central_difference,1.0,0.0019930728769184452,0.1435384207531009,36078567.19093053,329.134890295406,329.1387890949665,329.13480294921266,329.13870174877405,2,sparse_direct,not_applicable,2.323290369611795e-16,1.5488602464078636e-16,0.004336099998909049,0.007618999996338971,0.015625,0.0,4.6938386016464375e-05,4.693849582391443e-05,4.260904921823406,4.260894953904832,9.967918574105283e-06,1.5488602464078636e-16,7.744301232039318e-17,7.744301232039318e-17,True,0.012642500005313195,0.015625,,
33,arpack_matvec,central_difference,1.0,0.0019930728769184452,0.15298592152580762,22583738.754557006,329.1348395556618,329.13878909496685,329.134802949213,329.13875248851815,2,sparse_direct,not_applicable,1.1616451848058975e-16,2.710505431213761e-16,0.00513890000001993,0.0067192999995313585,0.0,0.0,4.693835064614131e-05,4.6938532306608667e-05,4.260908132621859,4.260891642149646,1.6490472212637997e-05,1.1616451848058975e-16,7.744301232039318e-17,1.9360753080098294e-16,True,0.01350559999991674,0.0,,
34,arpack_matvec,central_difference,1.0,0.0019930728769184452,0.21612691502690226,81413287.64271547,329.134802949213,329.1387332245662,329.1348588196133,329.13878909496685,2,sparse_direct,not_applicable,1.5488602464078636e-16,2.323290369611795e-16,0.008869999990565702,0.004910599993309006,0.015625,0.0,4.693843316972267e-05,4.693844943192578e-05,4.26090064141742,4.260899165194142,1.4762232778409157e-06,3.872150616019659e-17,0.0,3.872150616019659e-17,True,0.014552199994795956,0.015625,,
35,arpack_matvec,central_difference,1.0,0.0019930728769184452,0.19207730918699392,10973035.842751512,329.1348029492128,329.1387248699696,329.13486717420955,329.1387890949667,2,sparse_direct,not_applicable,1.5488602464078636e-16,2.710505431213761e-16,0.005735500002629124,0.0037330000050133094,0.0,0.0,4.69384950835559e-05,4.6938389567382974e-05,4.260895021111714,4.260904599483277,9.578371563456756e-06,7.744301232039318e-17,7.744301232039318e-17,1.5488602464078636e-16,True,0.009969999999157153,0.0,,
36,arpack_matvec,central_difference,1.0,0.0019930728769184452,0.32223049271536697,124018487.92071788,329.134802949213,329.1386210281212,329.134971016058,329.13878909496685,2,sparse_direct,not_applicable,1.1616451848058975e-16,1.5488602464078636e-16,0.0074155000038445,0.004253200007951818,0.0,0.0,4.6938445817160874e-05,4.693843679000145e-05,4.260899493329181,4.260900312781674,8.194524925286828e-07,0.0,0.0,0.0,True,0.012253599998075515,0.015625,,
37,arpack_matvec,central_difference,1.0,0.0019930728769184452,0.13445448333545384,27932384.48720701,329.1349151162108,329.13878909496685,329.134802949213,329.13867692796873,2,sparse_direct,not_applicable,1.5488602464078636e-16,1.9360753080098294e-16,0.004917300000670366,0.006563899994944222,0.015625,0.0,4.693847058753179e-05,4.6938412193452775e-05,4.2608972447671905,4.260902545567936,5.300800745899892e-06,3.872150616019659e-17,0.0,3.872150616019659e-17,True,0.01227140000264626,0.015625,,
38,arpack_matvec,central_difference,1.0,0.0019930728769184452,0.2745373144013516,101152012.45916139,329.13489018220673,329.1387890949669,329.13480294921305,329.13870186197323,2,sparse_direct,not_applicable,1.9360753080098294e-16,2.710505431213761e-16,0.005877500007045455,0.006740800003171898,0.015625,0.0,4.6938445516487326e-05,4.693843702245986e-05,4.26089952062322,4.260900291679946,7.710567260232892e-07,7.744301232039318e-17,0.0,7.744301232039318e-17,True,0.013499799999408424,0.015625,,
39,arpack_matvec,central_difference,1.0,0.0019930728769184452,0.21891426107639594,73178131.81093495,329.1348029492129,329.1386336976909,329.1349583464888,329.13878909496674,2,sparse_direct,not_applicable,2.323290369611795e-16,1.9360753080098294e-16,0.011210299999220297,0.007337299990467727,0.0,0.0,4.693844468299728e-05,4.6938437712482196e-05,4.260899596284384,4.2609002290422335,6.327578496723163e-07,1.9360753080098294e-16,0.0,1.9360753080098294e-16,True,0.019490699996822514,0.0,,
40,arpack_matvec,central_difference,1.0,0.0019930728769184452,0.2692399412140223,43873961.119747974,329.1349912162813,329.1387890949667,329.1348029492128,329.13860082789785,2,sparse_direct,not_applicable,1.9360753080098294e-16,3.097720492815727e-16,0.006899400003021583,0.009831000003032386,0.015625,0.0,4.6938446193724814e-05,4.693843649152043e-05,4.260899459146092,4.260900339876694,8.807306022262651e-07,3.872150616019659e-17,0.0,3.872150616019659e-17,True,0.017622799990931526,0.015625,,
41,arpack_matvec,central_difference,1.0,0.0019930728769184452,0.3350483573842239,126951219.9950917,329.1348029492129,329.1386477633993,329.1349442807804,329.13878909496674,2,sparse_direct,not_applicable,1.5488602464078636e-16,1.1616451848058975e-16,0.009917699993820861,0.004929500006255694,0.015625,0.015625,4.6938441575140775e-05,4.69384410244819e-05,4.260899878404201,4.260899928390998,4.998679692391761e-08,3.872150616019659e-17,0.0,3.872150616019659e-17,True,0.01622940000379458,0.03125,,
42,arpack_matvec,central_difference,1.0,0.0019930728769184452,0.24290427964163705,42490797.42034798,329.13496063524445,329.13878909496685,329.134802949213,329.1386314089355,2,sparse_direct,not_applicable,2.710505431213761e-16,1.5488602464078636e-16,0.008529600003384985,0.005285100007313304,0.0,0.0,4.693843647658397e-05,4.6938446996391165e-05,4.260900341232571,4.260899386282995,9.549495763039317e-07,3.872150616019659e-17,0.0,3.872150616019659e-17,True,0.015163500007474795,0.015625,,
43,arpack_matvec,central_difference,1.0,0.0019930728769184452,0.3241264160995823,124922647.94515234,329.13485485099113,329.1387890949669,329.13480294921305,329.13873719318883,2,sparse_direct,not_applicable,2.710505431213761e-16,1.6940658945086007e-16,0.005740599997807294,0.0044996999931754544,0.0,0.0,4.693843889096031e-05,4.693844379743934e-05,4.260900122064291,4.260899676672083,4.453922075597916e-07,0.0,0.0,0.0,True,0.011437399996793829,0.0,,
44,arpack_matvec,central_difference,1.0,0.0019930728769184452,0.35764733034163015,79153705.80175011,329.13494387580414,329.1387890949669,329.13480294921305,329.1386481683757,2,sparse_direct,not_applicable,1.5488602464078636e-16,1.5488602464078636e-16,0.006932899996172637,0.014201800004229881,0.015625,0.015625,4.693843849538801e-05,4.69384444478592e-05,4.2609001579729,4.260899617629355,5.403435450190841e-07,3.872150616019659e-17,7.744301232039318e-17,1.1616451848058975e-16,True,0.022956399989197962,0.03125,,
45,arpack_matvec,central_difference,1.0,0.0019930728769184452,0.33584571467035956,88893035.96562445,329.1352940268019,329.1387890949669,329.13480294921305,329.13829801737796,2,sparse_direct,not_applicable,2.710505431213761e-16,1.5488602464078636e-16,0.007672799998545088,0.00989869999466464,0.0,0.015625,4.69384386777257e-05,4.6938443980680064e-05,4.26090014142095,4.260899660038162,4.813827878535903e-07,3.872150616019659e-17,3.872150616019659e-17,0.0,True,0.019838799998979084,0.015625,,
46,arpack_matvec,central_difference,1.0,0.0019930728769184452,0.31641198167327406,60795999.899483494,329.13512151161376,329.13878909496685,329.134802949213,329.138470532566,2,sparse_direct,not_applicable,1.5488602464078636e-16,1.5488602464078636e-16,0.008595299994340166,0.008715900010429323,0.015625,0.0,4.693843765655741e-05,4.6938445264668354e-05,4.260900234118882,4.260899543482421,6.906364609093885e-07,1.1616451848058975e-16,1.5488602464078636e-16,3.872150616019659e-17,True,0.01917410000169184,0.015625,,
47,arpack_matvec,central_difference,1.0,0.0019930728769184452,0.332393601776813,92114936.43281163,329.1358401335795,329.13878909496685,329.134802949213,329.1377519106001,2,sparse_direct,not_applicable,3.872150616019659e-16,2.323290369611795e-16,0.00858209999569226,0.008898300002329051,0.0,0.0,4.693843893429934e-05,4.693844366221256e-05,4.260900118130132,4.2608996889474735,4.291826583013858e-07,3.872150616019659e-17,7.744301232039318e-17,1.1616451848058975e-16,True,0.018454100005328655,0.0,,
48,arpack_matvec,central_difference,1.0,0.0019930728769184452,0.23033403158382343,47064742.81382653,329.13480294921294,329.13875897911475,329.1348330650653,329.1387890949668,2,sparse_direct,not_applicable,1.9360753080098294e-16,1.2584489502063891e-16,0.008256799992523156,0.009879599994746968,0.0,0.015625,4.693843671909674e-05,4.693844646238927e-05,4.260900319218145,4.260899434757722,8.844604231228459e-07,7.744301232039318e-17,3.872150616019659e-17,3.872150616019659e-17,True,0.020129299999098293,0.03125,,
49,arpack_matvec,central_difference,1.0,0.0019930728769184452,0.22991319133227772,68965887.71624912,329.1349307402782,329.1387890949669,329.13480294921305,329.13866130390176,2,sparse_direct,not_applicable,3.097720492815727e-16,2.323290369611795e-16,0.009043999991263263,0.009775400001672097,0.0,0.0,4.693843759259503e-05,4.6938445059984956e-05,4.260900239925154,4.260899562062828,6.778623262704286e-07,1.5488602464078636e-16,1.1616451848058975e-16,3.872150616019659e-17,True,0.021023499997681938,0.015625,,
50,arpack_matvec,central_difference,1.0,0.0019930728769184452,0.23487793348834898,45321049.56771391,329.1350487340495,329.13878909496685,329.134802949213,329.1385433101307,2,sparse_direct,not_applicable,2.323290369611795e-16,1.9360753080098294e-16,0.009363400007714517,0.03591289999894798,0.015625,0.015625,4.693843665520564e-05,4.693844656646474e-05,4.260900325017946,4.260899425310133,8.997078131400826e-07,3.872150616019659e-17,1.9360753080098294e-16,1.5488602464078636e-16,True,0.04671589999634307,0.03125,,
51,arpack_matvec,central_difference,1.0,0.0019930728769184452,0.19880205292483585,68721990.51307636,329.1348993439442,329.13878909496674,329.1348029492129,329.13869270023577,2,sparse_direct,not_applicable,2.323290369611795e-16,2.710505431213761e-16,0.05341009999392554,0.00887930000317283,0.015625,0.015625,4.693843798573556e-05,4.6938444690082585e-05,4.26090020423729,4.260899595641206,6.085960837509674e-07,7.744301232039318e-17,7.744301232039318e-17,1.5488602464078636e-16,True,0.0727999000082491,0.03125,,
52,arpack_matvec,central_difference,1.0,0.0019930728769184452,0.254243850444362,35598262.97204734,329.13504598572644,329.13878909496674,329.1348029492129,329.1385460584535,2,sparse_direct,not_applicable,2.323290369611795e-16,1.5488602464078636e-16,0.008849799996824004,0.011789700001827441,0.015625,0.0,4.6938439035069364e-05,4.6938444244555927e-05,4.260900108982597,4.26089963608448,4.728981162216428e-07,3.872150616019659e-17,0.0,3.872150616019659e-17,True,0.02225979999639094,0.015625,,
53,arpack_matvec,central_difference,1.0,0.0019930728769184452,0.22251280923303884,64939595.788791284,329.13496645441575,329.13878909496674,329.1348029492129,329.1386255897642,2,sparse_direct,not_applicable,3.097720492815727e-16,1.5488602464078636e-16,0.008494499998050742,0.010071499986224808,0.0,0.015625,4.6938440526687845e-05,4.6938442203454704e-05,4.260899973578922,4.260899821368163,1.5221075866378442e-07,7.744301232039318e-17,0.0,7.744301232039318e-17,True,0.020944799995049834,0.03125,,
54,arpack_matvec,central_difference,1.0,0.0019930728769184452,0.2576742901213143,55233487.76999606,329.1348029492129,329.1387719420912,329.13482010208844,329.13878909496674,2,sparse_direct,not_applicable,3.4849355544176928e-16,2.323290369611795e-16,0.008593299993663095,0.008219700001063757,0.0,0.015625,4.6938441606473195e-05,4.6938441573134005e-05,4.260899875559958,4.260899878586368,3.0264102335308962e-09,2.323290369611795e-16,3.872150616019659e-17,2.710505431213761e-16,True,0.018663099996047094,0.015625,,
55,arpack_matvec,central_difference,1.0,0.0019930728769184452,0.34423000365613676,73019582.72786818,329.13574059301527,329.1387890949667,329.1348029492128,329.13785145116435,2,sparse_direct,not_applicable,2.710505431213761e-16,3.4849355544176928e-16,0.01851360000728164,0.03186299999651965,0.015625,0.015625,4.693844246699386e-05,4.693844030276851e-05,4.260899797445044,4.2608999939054994,1.9646045501531262e-07,3.872150616019659e-17,0.0,3.872150616019659e-17,True,0.05247169999347534,0.03125,,
56,arpack_matvec,central_difference,1.0,0.0019930728769184452,0.29177261933027243,69705895.11972463,329.13516458664225,329.1387890949667,329.1348029492128,329.13842745753726,2,sparse_direct,not_applicable,1.5488602464078636e-16,1.5488602464078636e-16,0.03314610000234097,0.008789200001046993,0.03125,0.0,4.6938443166845794e-05,4.6938439646758286e-05,4.260899733915052,4.26090005345571,3.19540658821893e-07,1.1616451848058975e-16,1.1616451848058975e-16,0.0,True,0.04385659999388736,0.03125,,
57,arpack_matvec,central_difference,1.0,0.0019930728769184452,0.29906763659294516,51374283.99635297,329.1348029492128,329.13843955188577,329.1351524922942,329.1387890949667,2,sparse_direct,not_applicable,1.9360753080098294e-16,3.097720492815727e-16,0.008326600000145845,0.0076068999915150926,0.015625,0.0,4.693844410719942e-05,4.693843902884498e-05,4.2608996485532,4.260900109547623,4.609944230793417e-07,3.872150616019659e-17,1.1616451848058975e-16,7.744301232039318e-17,True,0.018319599999813363,0.015625,,
58,arpack_matvec,central_difference,1.0,0.0019930728769184452,0.26802884757424883,71437766.19909367,329.1348029492128,329.13844756447475,329.13514447970533,329.1387890949667,2,sparse_direct,not_applicable,1.9360753080098294e-16,1.4036545983071262e-16,0.013705699995625764,0.010077500002807938,0.015625,0.015625,4.693844327860904e-05,4.6938439459530266e-05,4.260899723769594,4.260900070451586,3.466819924469178e-07,0.0,7.744301232039318e-17,7.744301232039318e-17,True,0.025597300002118573,0.03125,,
59,arpack_matvec,central_difference,1.0,0.0019930728769184452,0.33119288979986805,55585637.613378555,329.13480294921266,329.13863247737515,329.1349595668049,329.1387890949665,2,sparse_direct,not_applicable,1.5488602464078636e-16,1.9360753080098294e-16,0.009958099995856173,0.009396800000104122,0.015625,0.0,4.6938443945233883e-05,4.693843903857588e-05,4.260899663255836,4.260900108664288,4.454084514549095e-07,0.0,3.872150616019659e-17,3.872150616019659e-17,True,0.02104519998829346,0.015625,,
60,arpack_matvec,central_difference,1.0,0.0019930728769184452,0.25510452166924447,68525936.82004936,329.1348029492127,329.1386768488866,329.1349151952933,329.13878909496657,2,sparse_direct,not_applicable,3.4849355544176928e-16,3.097720492815727e-16,0.009625200007576495,0.009134399995673448,0.015625,0.015625,4.6938443793808855e-05,4.6938438824928845e-05,4.260899677001645,4.260900128058386,4.510567404025778e-07,3.872150616019659e-17,3.872150616019659e-17,7.744301232039318e-17,True,0.020533100003376603,0.03125,,
61,arpack_matvec,central_difference,1.0,0.0019930728769184452,0.3180530931119357,41561684.49499125,329.1348029492127,329.13846353690946,329.1351285072705,329.13878909496657,2,sparse_direct,not_applicable,1.1616451848058975e-16,2.323290369611795e-16,0.01048310000624042,0.01294640000560321,0.0,0.0,4.69384440601633e-05,4.693843882162745e-05,4.260899652822966,4.260900128358074,4.7553510817976985e-07,7.744301232039318e-17,1.5488602464078636e-16,2.323290369611795e-16,True,0.02582139999140054,0.015625,,
62,arpack_matvec,central_difference,1.0,0.0019930728769184452,0.22078555675377187,68255489.60647193,329.13480294921317,329.1387007020806,329.13489134209925,329.138789094967,2,sparse_direct,not_applicable,2.710505431213761e-16,1.1616451848058975e-16,0.052218400000128895,0.012781299999915063,0.0,0.015625,4.6938445134994915e-05,4.6938437407036376e-05,4.260899555253699,4.260900256769491,7.015157921230752e-07,1.5488602464078636e-16,7.744301232039318e-17,2.323290369611795e-16,True,0.06704930000705644,0.015625,,
63,arpack_matvec,central_difference,1.0,0.0019930728769184452,0.25825538012496124,56046906.366882436,329.13480294921266,329.13870834414996,329.1348837000301,329.1387890949665,2,sparse_direct,not_applicable,3.097720492815727e-16,1.9360753080098294e-16,0.007037699993816204,0.024789800008875318,0.0,0.0,4.69384452352809e-05,4.693843782593018e-05,4.260899546150107,4.260900218743839,6.725937327090037e-07,1.1616451848058975e-16,0.0,1.1616451848058975e-16,True,0.03270830000110436,0.0,,
64,arpack_matvec,central_difference,1.0,0.0019930728769184452,0.2651396505865967,74538694.17636023,329.1348029492128,329.1385599553866,329.1350320887935,329.1387890949667,2,sparse_direct,not_applicable,3.4849355544176928e-16,1.5488602464078636e-16,0.006708899993100204,0.007282999999006279,0.0,0.015625,4.693844412842645e-05,4.693843858222468e-05,4.260899646626288,4.260900150090184,5.034638963508087e-07,7.744301232039318e-17,3.872150616019659e-17,3.872150616019659e-17,True,0.01568080000288319,0.015625,,
65,arpack_matvec,central_difference,1.0,0.0019930728769184452,0.2814593372554658,49968124.1086076,329.1348029492128,329.1384567592424,329.1351352849376,329.1387890949667,2,sparse_direct,not_applicable,1.3310517742567576e-16,1.5488602464078636e-16,0.014534800007822923,0.0056674999941606075,0.015625,0.0,4.69384461300526e-05,4.693843700112809e-05,4.2608994649260215,4.260900293616366,8.286903447896066e-07,7.744301232039318e-17,0.0,7.744301232039318e-17,True,0.022396499989554286,0.015625,,
66,arpack_matvec,central_difference,1.0,0.0019930728769184452,0.38364389715074676,82919533.57580736,329.1352761434834,329.1387890949668,329.13480294921294,329.1383159006962,2,sparse_direct,not_applicable,2.323290369611795e-16,1.9360753080098294e-16,0.008312699996167794,0.008571400001528673,0.0,0.015625,4.693844452502629e-05,4.693843816716958e-05,4.260899610624411,4.260900187767372,5.771429609779943e-07,3.872150616019659e-17,3.872150616019659e-17,7.744301232039318e-17,True,0.01862079999409616,0.03125,,
67,arpack_matvec,central_difference,1.0,0.0019930728769184452,0.318168635811908,66859767.147942774,329.1349836975056,329.1387890949668,329.13480294921294,329.1386083466739,2,sparse_direct,not_applicable,2.710505431213761e-16,2.323290369611795e-16,0.007562099999631755,0.008030700002564117,0.0,0.0,4.693844519358829e-05,4.693843760330889e-05,4.260899549934808,4.260900238952588,6.890177797203023e-07,3.872150616019659e-17,3.872150616019659e-17,7.744301232039318e-17,True,0.016947700001765043,0.0,,
68,arpack_matvec,central_difference,1.0,0.0019930728769184452,0.23916391168712195,79998915.64488435,329.1348029492128,329.1384689208458,329.13512312333415,329.1387890949667,2,sparse_direct,not_applicable,2.323290369611795e-16,1.5488602464078636e-16,0.004808699988643639,0.004954899995937012,0.0,0.0,4.69384447772338e-05,4.6938437885993196e-05,4.26089958772994,4.260900213291538,6.255615980776952e-07,1.1616451848058975e-16,7.744301232039318e-17,1.9360753080098294e-16,True,0.01083489999291487,0.0,,
69,arpack_matvec,central_difference,1.0,0.0019930728769184452,0.18949521483573958,43537363.18610535,329.1348304271922,329.13878909496674,329.1348029492129,329.13876161698755,2,sparse_direct,not_applicable,1.1616451848058975e-16,2.1296828388108122e-16,0.010366400005295873,0.009093700005905703,0.015625,0.015625,4.693844733001553e-05,4.693843604785396e-05,4.260899355997804,4.260900380151121,1.0241533168198202e-06,3.872150616019659e-17,7.744301232039318e-17,1.1616451848058975e-16,True,0.020745000001625158,0.03125,,
70,arpack_matvec,central_difference,1.0,0.0019930728769184452,0.2519037113443935,64609127.42651268,329.13494782176565,329.1387890949668,329.13480294921294,329.13864422241454,2,sparse_direct,not_applicable,2.323290369611795e-16,2.710505431213761e-16,0.006699599995044991,0.014160899998387322,0.0,0.015625,4.6938443293374315e-05,4.693843962331562e-05,4.260899722429256,4.2609000555837495,3.3315449332604885e-07,0.0,3.872150616019659e-17,3.872150616019659e-17,True,0.02272929999162443,0.015625,,
71,arpack_matvec,central_difference,1.0,0.0019930728769184452,0.2886572711611205,58324655.53924221,329.13487914783383,329.13878909496674,329.1348029492129,329.1387128963465,2,sparse_direct,not_applicable,2.710505431213761e-16,1.2100470675061434e-16,0.005067300007794984,0.004074099997524172,0.015625,0.0,4.693844260551369e-05,4.693844043733942e-05,4.2608997848707215,4.2608999816896445,1.9681892293732517e-07,3.872150616019659e-17,7.744301232039318e-17,3.872150616019659e-17,True,0.010525699995923787,0.015625,,
72,arpack_matvec,central_difference,1.0,0.0019930728769184452,0.20752707709139562,65923543.558296666,329.1351166543681,329.1387890949669,329.13480294921305,329.13847538981184,2,sparse_direct,not_applicable,3.097720492815727e-16,3.872150616019659e-16,0.0045224999921629205,0.007186799994087778,0.0,0.015625,4.69384412753412e-05,4.6938441820791246e-05,4.260899905618909,4.260899856104951,4.951395826680027e-08,3.872150616019659e-17,7.744301232039318e-17,3.872150616019659e-17,True,0.012946499991812743,0.015625,,
73,arpack_matvec,central_difference,1.0,0.0019930728769184452,0.23190470242623654,59974033.57233556,329.1350729939048,329.13878909496685,329.134802949213,329.1385190502748,2,sparse_direct,not_applicable,2.323290369611795e-16,1.9360753080098294e-16,0.00798660000145901,0.005459799998789094,0.0,0.015625,4.693844045992453e-05,4.6938442698799294e-05,4.260899979639451,4.260899776402597,2.0323685401280045e-07,7.744301232039318e-17,3.872150616019659e-17,3.872150616019659e-17,True,0.014425799992750399,0.015625,,
74,arpack_matvec,central_difference,1.0,0.0019930728769184452,0.2595050046342632,62835020.890757166,329.1349914729825,329.1387890949669,329.13480294921305,329.13860057119757,2,sparse_direct,not_applicable,1.9360753080098294e-16,1.5488602464078636e-16,0.0038893000019015744,0.005350999999791384,0.0,0.0,4.693843939869256e-05,4.693844355699887e-05,4.26090007597421,4.2608996984983865,3.774758239316611e-07,0.0,3.872150616019659e-17,3.872150616019659e-17,True,0.010084400011692196,0.0,,
75,arpack_matvec,central_difference,1.0,0.0019930728769184452,0.2573023877078632,67221894.19216809,329.134911027755,329.13878909496697,329.1348029492131,329.138681016425,2,sparse_direct,not_applicable,2.323290369611795e-16,1.5488602464078636e-16,0.008815399996819906,0.01640439999755472,0.015625,0.015625,4.693843893182736e-05,4.693844395830717e-05,4.260900118354529,4.260899662069091,4.5628543787756826e-07,1.1616451848058975e-16,7.744301232039318e-17,3.872150616019659e-17,True,0.026725599993369542,0.03125,,
76,arpack_matvec,central_difference,1.0,0.0019930728769184452,0.30671454580200125,76386025.07154423,329.134952679625,329.13878909496685,329.134802949213,329.1386393645552,2,sparse_direct,not_applicable,1.9360753080098294e-16,1.5488602464078636e-16,0.007642099997610785,0.0033872999920276925,0.0,0.0,4.6938437989182e-05,4.6938444744329563e-05,4.260900203924434,4.260899590716865,6.132075691667183e-07,1.1616451848058975e-16,3.872150616019659e-17,7.744301232039318e-17,True,0.012477699987357482,0.0,,
77,arpack_matvec,central_difference,1.0,0.0019930728769184452,0.27421250634949457,68468864.39200734,329.1349042115238,329.13878909496685,329.134802949213,329.1386878326564,2,sparse_direct,not_applicable,1.5488602464078636e-16,2.710505431213761e-16,0.009751699995831586,0.009259600003133528,0.0,0.0,4.693843670492125e-05,4.6938446104674736e-05,4.260900320504945,4.260899467229731,8.532752140411048e-07,7.744301232039318e-17,3.872150616019659e-17,3.872150616019659e-17,True,0.02122619999863673,0.0,,
78,arpack_matvec,central_difference,1.0,0.0019930728769184452,0.3039759818755871,68394913.02799295,329.1350660537549,329.1387890949669,329.13480294921305,329.13852599042497,2,sparse_direct,not_applicable,1.5488602464078636e-16,2.323290369611795e-16,0.014276899994001724,0.005438699998194352,0.015625,0.015625,4.693843716597118e-05,4.693844561535857e-05,4.260900278652512,4.260899511648053,7.670044590568637e-07,2.323290369611795e-16,3.872150616019659e-17,2.710505431213761e-16,True,0.02115580000099726,0.03125,,
79,arpack_matvec,central_difference,1.0,0.0019930728769184452,0.2794081655898548,60625168.29807366,329.13508336492856,329.1387890949669,329.13480294921305,329.1385086792513,2,sparse_direct,not_applicable,1.9360753080098294e-16,1.5488602464078636e-16,0.005798600002890453,0.00614569999743253,0.0,0.0,4.6938436268848884e-05,4.6938446585961215e-05,4.260900360090006,4.260899423540315,9.365496911328819e-07,1.1616451848058975e-16,3.872150616019659e-17,7.744301232039318e-17,True,0.01301450000028126,0.0,,
80,arpack_matvec,central_difference,1.0,0.0019930728769184452,0.278291410413651,89729210.4628055,329.13503763169155,329.13878909496674,329.1348029492129,329.13855441248865,2,sparse_direct,not_applicable,1.3068508329066348e-16,1.9360753080098294e-16,0.00816589999885764,0.002784199998131953,0.0,0.0,4.693843433110993e-05,4.693844834967367e-05,4.260900535990901,4.260899263436996,1.2725539049185386e-06,3.872150616019659e-17,3.872150616019659e-17,7.744301232039318e-17,True,0.011702600007993169,0.0,,
81,arpack_matvec,central_difference,1.0,0.0019930728769184452,0.2537570294335017,65035776.52328881,329.1348029492132,329.13853883214193,329.1350532120378,329.1387890949671,2,sparse_direct,not_applicable,2.710505431213761e-16,2.710505431213761e-16,0.010262399999191985,0.00961700000334531,0.0,0.0,4.6938432570020856e-05,4.693845025046814e-05,4.260900695856175,4.26089909088989,1.604966285206899e-06,3.872150616019659e-17,3.872150616019659e-17,7.744301232039318e-17,True,0.02170529999420978,0.0,,
82,arpack_matvec,central_difference,1.0,0.0019930728769184452,0.2403409679757935,76984945.66497485,329.13486604478334,329.13878909496674,329.1348029492129,329.1387259993962,2,sparse_direct,not_applicable,2.323290369611795e-16,1.9360753080098294e-16,0.007495300000300631,0.0032921000092756003,0.0,0.0,4.693843578253929e-05,4.6938447023892726e-05,4.260900404235421,4.260899383786505,1.0204489155896113e-06,0.0,3.872150616019659e-17,3.872150616019659e-17,True,0.012579300004290417,0.015625,,
83,arpack_matvec,central_difference,1.0,0.0019930728769184452,0.2581288509897361,65176276.08894458,329.1348647669722,329.13878909496674,329.1348029492129,329.13872727720764,2,sparse_direct,not_applicable,2.323290369611795e-16,1.1616451848058975e-16,0.005727399999159388,0.00885319999360945,0.0,0.015625,4.6938434147100706e-05,4.69384491638975e-05,4.26090055269459,4.2608991895247605,1.3631698294602757e-06,7.744301232039318e-17,7.744301232039318e-17,0.0,True,0.01612429998931475,0.015625,,
84,arpack_matvec,central_difference,1.0,0.0019930728769184452,0.22535747472756962,61343342.786943235,329.1350987992073,329.13878909496674,329.1348029492129,329.1384932449728,2,sparse_direct,not_applicable,3.4849355544176928e-16,1.5488602464078636e-16,0.006928200004040264,0.006145599996671081,0.0,0.015625,4.6938433687229626e-05,4.693844940919335e-05,4.260900594440017,4.260899167257708,1.4271823083333857e-06,7.744301232039318e-17,1.5488602464078636e-16,2.323290369611795e-16,True,0.014999799997895025,0.015625,,
85,arpack_matvec,central_difference,1.0,0.0019930728769184452,0.20184909645979435,55691736.75684852,329.1348555711549,329.1387890949667,329.1348029492128,329.1387364730246,2,sparse_direct,not_applicable,1.5488602464078636e-16,1.1616451848058975e-16,0.0037283999990904704,0.0075963999988744035,0.0,0.015625,4.693843263077815e-05,4.693845088537491e-05,4.260900690340848,4.2608990332553995,1.6570854484143638e-06,0.0,3.872150616019659e-17,3.872150616019659e-17,True,0.012732799994410016,0.015625,,
86,arpack_matvec,central_difference,1.0,0.0019930728769184452,0.2174537533988585,61612072.81161227,329.1348833631071,329.13878909496685,329.134802949213,329.13870868107216,2,sparse_direct,not_applicable,2.323290369611795e-16,3.097720492815727e-16,0.009790099997189827,0.008528599995770492,0.0,0.015625,4.6938436584331394e-05,4.693844653497274e-05,4.260900331451652,4.2608994281688615,9.032827907873298e-07,0.0,0.0,0.0,True,0.01977410000108648,0.015625,,
87,arpack_matvec,central_difference,1.0,0.0019930728769184452,0.24206716700784645,81637022.16660115,329.1348029492127,329.138755739191,329.1348363049893,329.13878909496657,2,sparse_direct,not_applicable,1.5488602464078636e-16,2.323290369611795e-16,0.006730599998263642,0.007937899994431064,0.0,0.0,4.693843978953568e-05,4.6938442990881204e-05,4.2609000404949,4.2608997498884715,2.9060642869893627e-07,7.744301232039318e-17,3.872150616019659e-17,1.1616451848058975e-16,True,0.016656699997838587,0.0,,
88,arpack_matvec,central_difference,1.0,0.0019930728769184452,0.2347242011374221,69059489.61701857,329.1350259239903,329.138789094967,329.13480294921317,329.13856612018895,2,sparse_direct,not_applicable,1.9360753080098294e-16,2.323290369611795e-16,0.005103300005430356,0.004871199998888187,0.0,0.0,4.6938438960915946e-05,4.693844408323265e-05,4.260900115713973,4.260899650728815,4.6498515793302886e-07,0.0,1.1616451848058975e-16,1.1616451848058975e-16,True,0.012142799998400733,0.0,,
89,arpack_matvec,central_difference,1.0,0.0019930728769184452,0.2379495387261971,67796528.57457747,329.1355374204933,329.13878909496674,329.1348029492129,329.138054623686,2,sparse_direct,not_applicable,1.1616451848058975e-16,1.9360753080098294e-16,0.007012300004134886,0.0066439000074751675,0.0,0.015625,4.693843922773281e-05,4.693844390181093e-05,4.260900091493313,4.260899667197613,4.2429569990787286e-07,0.0,1.1616451848058975e-16,1.1616451848058975e-16,True,0.015278000006219372,0.015625,,
90,arpack_matvec,central_difference,1.0,0.0019930728769184452,0.28680028012335596,71342774.8396366,329.1356279943789,329.1387890949668,329.13480294921294,329.1379640498007,2,sparse_direct,not_applicable,2.323290369611795e-16,2.323290369611795e-16,0.007201899992651306,0.005544200001168065,0.0,0.0,4.69384397871093e-05,4.693844331512118e-05,4.260900040715158,4.260899720455155,3.202600025176139e-07,0.0,1.1616451848058975e-16,1.1616451848058975e-16,True,0.014183300008880906,0.0,,
91,arpack_matvec,central_difference,1.0,0.0019930728769184452,0.3014801762287353,73238309.94087599,329.1348029492128,329.13806597362606,329.1355260705539,329.1387890949667,2,sparse_direct,not_applicable,2.710505431213761e-16,2.323290369611795e-16,0.008635899997898377,0.005591100009041838,0.0,0.015625,4.693844074463097e-05,4.693844222503103e-05,4.2608999537948415,4.260899819409543,1.3438529844478353e-07,1.1616451848058975e-16,0.0,1.1616451848058975e-16,True,0.016150900002685376,0.015625,,
92,arpack_matvec,central_difference,1.0,0.0019930728769184452,0.29392122528916564,71982721.73483771,329.1348029492129,329.1383771394398,329.13521490474017,329.13878909496674,2,sparse_direct,not_applicable,1.9360753080098294e-16,1.5488602464078636e-16,0.0064688999991631135,0.009616099996492267,0.0,0.0,4.6938441239383285e-05,4.693844169166676e-05,4.260899908883037,4.2608998678263985,4.105663808928739e-08,0.0,0.0,0.0,True,0.017407199993613176,0.0,,
93,arpack_matvec,central_difference,1.0,0.0019930728769184452,0.24897878356184389,86730694.15812133,329.13495524422916,329.1387890949667,329.1348029492128,329.13863679995046,2,sparse_direct,not_applicable,1.9360753080098294e-16,2.323290369611795e-16,0.007804799999576062,0.004086600005393848,0.0,0.0,4.6938442288434816e-05,4.693844040931219e-05,4.26089981365398,4.260899984233854,1.7057987378166217e-07,7.744301232039318e-17,7.744301232039318e-17,0.0,True,0.014327299999422394,0.0,,
94,arpack_matvec,central_difference,1.0,0.0019930728769184452,0.20130431528641357,53989901.89122109,329.13515017965176,329.13878909496697,329.1348029492131,329.13844186452775,2,sparse_direct,not_applicable,1.9360753080098294e-16,1.9360753080098294e-16,0.00648650000221096,0.006150700006401166,0.0,0.015625,4.6938443544677214e-05,4.693843936517062e-05,4.2608996996169015,4.26090007901721,3.794003085033637e-07,1.9360753080098294e-16,3.872150616019659e-17,1.5488602464078636e-16,True,0.014095599995926023,0.015625,,
95,arpack_matvec,central_difference,1.0,0.0019930728769184452,0.30242193310144955,75321084.54381616,329.13546946821367,329.13878909496685,329.134802949213,329.1381225759656,2,sparse_direct,not_applicable,2.710505431213761e-16,1.9360753080098294e-16,0.008234799999627285,0.007221299994853325,0.0,0.0,4.693844270889546e-05,4.693843995341461e-05,4.260899775486104,4.26090002561857,2.5013246585103843e-07,3.872150616019659e-17,3.872150616019659e-17,7.744301232039318e-17,True,0.016838600000482984,0.0,,
96,arpack_matvec,central_difference,1.0,0.0019930728769184452,0.3766327351790168,74435158.85445912,329.1359533000364,329.13878909496685,329.134802949213,329.13763874414377,2,sparse_direct,not_applicable,2.323290369611795e-16,2.323290369611795e-16,0.007188299990957603,0.01117579999845475,0.0,0.0,4.69384431224829e-05,4.693843970318148e-05,4.260899737942153,4.260900048333819,3.1039166614732494e-07,3.872150616019659e-17,7.744301232039318e-17,1.1616451848058975e-16,True,0.019936900003813207,0.0,,
97,arpack_matvec,central_difference,1.0,0.0019930728769184452,0.218008031317286,66086583.28570963,329.13490051081305,329.13878909496657,329.1348029492127,329.13869153336714,2,sparse_direct,not_applicable,1.5488602464078636e-16,1.9360753080098294e-16,0.006384499996784143,0.004979399993317202,0.015625,0.0,4.693844504122289e-05,4.6938437702164935e-05,4.260899563765979,4.260900229978797,6.662128182455263e-07,7.744301232039318e-17,7.744301232039318e-17,1.5488602464078636e-16,True,0.012830899999244139,0.015625,,
98,arpack_matvec,central_difference,1.0,0.0019930728769184452,0.21795393192248289,55260342.40177057,329.1348928225375,329.1387890949665,329.13480294921266,329.1386992216427,2,sparse_direct,not_applicable,2.323290369611795e-16,2.323290369611795e-16,0.006938699996680953,0.00743030000012368,0.0,0.0,4.693844641502631e-05,4.6938436682968306e-05,4.260899439057157,4.260900322497753,8.834405962332426e-07,1.5488602464078636e-16,1.1616451848058975e-16,2.710505431213761e-16,True,0.015463800009456463,0.0,,
99,arpack_matvec,central_difference,1.0,0.0019930728769184452,0.2178930376780942,64434165.66607132,329.13480294921305,329.13876381267215,329.13482823150804,329.1387890949669,2,sparse_direct,not_applicable,1.6698649531584777e-16,3.872150616019659e-16,0.009030700006405823,0.008275700005469844,0.0,0.0,4.693844565078517e-05,4.6938437258948555e-05,4.260899508432156,4.260900270212364,7.617802078030422e-07,3.872150616019659e-17,3.872150616019659e-17,7.744301232039318e-17,True,0.01943040000332985,0.0,,
100,arpack_matvec,central_difference,1.0,0.0019930728769184452,0.25513930107968075,58766486.89986214,329.13480294921305,329.1384040975426,329.1351879466376,329.1387890949669,2,sparse_direct,not_applicable,1.9360753080098294e-16,1.1616451848058975e-16,0.008963100000983104,0.0032611999922664836,0.0,0.0,4.6938446225886174e-05,4.69384369468992e-05,4.2608994562266025,4.260900298539068,8.423124651102398e-07,7.744301232039318e-17,3.872150616019659e-17,1.1616451848058975e-16,True,0.01444189999892842,0.0,,
101,arpack_matvec,central_difference,1.0,0.0019930728769184452,0.2536749325492692,88571632.48163284,329.1351739499366,329.1387890949669,329.13480294921305,329.1384180942435,2,sparse_direct,not_applicable,2.710505431213761e-16,2.323290369611795e-16,0.0043040000018663704,0.009332500005257316,0.015625,0.0,4.6938446531209994e-05,4.6938436442024e-05,4.260899428510429,4.2609003443698,9.158593705649309e-07,0.0,3.872150616019659e-17,3.872150616019659e-17,True,0.015817000006791204,0.015625,,
102,arpack_matvec,central_difference,1.0,0.0019930728769184452,0.2693248888301726,94483478.28039059,329.1353533161472,329.13878909496697,329.1348029492131,329.13823872803266,2,sparse_direct,not_applicable,3.4849355544176928e-16,1.9360753080098294e-16,0.006510399995022453,0.007099199996446259,0.0,0.0,4.6938446020264894e-05,4.6938436926027534e-05,4.260899474892145,4.260900300433722,8.255415764324425e-07,3.872150616019659e-17,0.0,3.872150616019659e-17,True,0.014742700004717335,0.0,,
103,arpack_matvec,central_difference,1.0,0.0019930728769184452,0.22549749592032106,81425596.63241656,329.1349322203334,329.138789094967,329.13480294921317,329.1386598238469,2,sparse_direct,not_applicable,1.1616451848058975e-16,1.9360753080098294e-16,0.006683999992674217,0.008074600002146326,0.0,0.0,4.693844479914706e-05,4.693843828643707e-05,4.2608995857407335,4.260900176940704,5.911999707564064e-07,0.0,3.872150616019659e-17,3.872150616019659e-17,True,0.01614500000141561,0.0,,
104,arpack_matvec,central_difference,1.0,0.0019930728769184452,0.23992082904422773,87026002.25587505,329.1348429379775,329.138789094967,329.13480294921317,329.1387491062027,2,sparse_direct,not_applicable,1.2826498915565119e-16,2.323290369611795e-16,0.005688499993993901,0.007478900006390177,0.0,0.0,4.693844334504616e-05,4.693843966008406e-05,4.260899717738676,4.260900052246045,3.3450736935947134e-07,3.872150616019659e-17,3.872150616019659e-17,7.744301232039318e-17,True,0.014358300002641045,0.0,,
105,arpack_matvec,central_difference,1.0,0.0019930728769184452,0.21607303196088576,81892828.82835858,329.13480294921317,329.13877404684155,329.1348179973381,329.138789094967,2,sparse_direct,not_applicable,2.710505431213761e-16,1.5488602464078636e-16,0.006493399996543303,0.008057700004428625,0.015625,0.0,4.6938441057218556e-05,4.693844200484026e-05,4.2608999254192845,4.260899839397656,8.602162893112109e-08,1.1616451848058975e-16,0.0,1.1616451848058975e-16,True,0.01663330000883434,0.015625,,
106,arpack_matvec,central_difference,1.0,0.0019930728769184452,0.2408430584675535,72865866.13999233,329.1348167355409,329.13878909496674,329.1348029492129,329.1387753086392,2,sparse_direct,not_applicable,1.5488602464078636e-16,1.5488602464078636e-16,0.006234800006495789,0.00846010001259856,0.015625,0.0,4.693844011192517e-05,4.693844287118813e-05,4.26090001122956,4.26089976075377,2.504757894428167e-07,7.744301232039318e-17,7.744301232039318e-17,1.5488602464078636e-16,True,0.016675899998517707,0.015625,,
107,arpack_matvec,central_difference,1.0,0.0019930728769184452,0.2695793575401777,74798563.62052386,329.1351791258618,329.1387890949668,329.13480294921294,329.13841291831784,2,sparse_direct,not_applicable,3.4849355544176928e-16,1.9360753080098294e-16,0.006828300000051968,0.008319300002767704,0.015625,0.0,4.693843830823392e-05,4.693844457773253e-05,4.260900174962065,4.260899605839931,5.691221334203078e-07,3.872150616019659e-17,3.872150616019659e-17,7.744301232039318e-17,True,0.016589799997746013,0.015625,,
108,arpack_matvec,central_difference,1.0,0.0019930728769184452,0.28720552699641044,74497890.44520451,329.1353214310153,329.1387890949668,329.13480294921294,329.1382706131644,2,sparse_direct,not_applicable,1.9360753080098294e-16,1.5488602464078636e-16,0.007851300004404038,0.008345100010046735,0.0,0.0,4.693843755172345e-05,4.693844531698523e-05,4.2609002436353265,4.2608995387332875,7.049020389615634e-07,3.872150616019659e-17,1.1616451848058975e-16,7.744301232039318e-17,True,0.018649600009666756,0.015625,,
109,arpack_matvec,central_difference,1.0,0.0019930728769184452,0.2393067364820585,63167465.70547977,329.13480294921317,329.13853162582035,329.13506041835984,329.138789094967,2,sparse_direct,not_applicable,2.323290369611795e-16,2.710505431213761e-16,0.00486710001132451,0.009198200001264922,0.0,0.015625,4.6938436032857976e-05,4.693844723226625e-05,4.260900381512402,4.260899364871123,1.0166412787171453e-06,3.872150616019659e-17,7.744301232039318e-17,1.1616451848058975e-16,True,0.01497380000364501,0.015625,,
110,arpack_matvec,central_difference,1.0,0.0019930728769184452,0.20071740143367148,61762031.358805045,329.1348679095857,329.13878909496657,329.1348029492127,329.13872413459427,2,sparse_direct,not_applicable,1.5488602464078636e-16,1.3552527156068805e-16,0.007223500011605211,0.009031399997184053,0.0,0.015625,4.693843631155452e-05,4.6938446658383115e-05,4.260900356213344,4.260899416966121,9.392472222202741e-07,3.872150616019659e-17,3.872150616019659e-17,7.744301232039318e-17,True,0.017455399996833876,0.015625,,
111,arpack_matvec,central_difference,1.0,0.0019930728769184452,0.21803340000427432,62869755.36271828,329.1351547712432,329.13878909496674,329.1348029492129,329.1384372729364,2,sparse_direct,not_applicable,1.5488602464078636e-16,2.710505431213761e-16,0.008133999988785945,0.006372899995767511,0.0,0.015625,4.69384360825626e-05,4.693844730573557e-05,4.260900377000397,4.260899358201849,1.0187985477472239e-06,1.1616451848058975e-16,1.9360753080098294e-16,7.744301232039318e-17,True,0.015950100001646206,0.015625,,
112,arpack_matvec,central_difference,1.0,0.0019930728769184452,0.22755001029837502,74509843.70262901,329.1348029492128,329.13863260791743,329.13495943626253,329.1387890949667,2,sparse_direct,not_applicable,1.1616451848058975e-16,1.9360753080098294e-16,0.007261400009156205,0.00636800000211224,0.0,0.0,4.6938437502138274e-05,4.693844536343056e-05,4.260900248136488,4.260899534517152,7.136193360679499e-07,3.872150616019659e-17,3.872150616019659e-17,0.0,True,0.015206300013232976,0.0,,
113,arpack_matvec,central_difference,1.0,0.0019930728769184452,0.3172366621232587,46402152.116732664,329.13557481422475,329.1387890949669,329.13480294921305,329.1380172299545,2,sparse_direct,not_applicable,1.9360753080098294e-16,2.710505431213761e-16,0.007966899996972643,0.0072623000014573336,0.0,0.015625,4.693844004244972e-05,4.693844303248649e-05,4.260900017536287,4.260899746111697,2.71424590359004e-07,3.872150616019659e-17,3.872150616019659e-17,7.744301232039318e-17,True,0.016835400005220436,0.015625,,
114,arpack_matvec,central_difference,1.0,0.0019930728769184452,0.21247327234989136,73992900.40802833,329.13480294921294,329.13872822513684,329.1348638190431,329.1387890949668,2,sparse_direct,not_applicable,1.9360753080098294e-16,1.9360753080098294e-16,0.007617399998707697,0.007954699991387315,0.0,0.015625,4.693843926077058e-05,4.6938443663690743e-05,4.260900088494264,4.260899688813289,3.9968097453879636e-07,7.744301232039318e-17,3.872150616019659e-17,3.872150616019659e-17,True,0.016851499996846542,0.015625,,
115,arpack_matvec,central_difference,1.0,0.0019930728769184452,0.2014498244599493,50528900.09444262,329.13531570733534,329.13878909496674,329.1348029492129,329.1382763368446,2,sparse_direct,not_applicable,3.872150616019659e-16,1.9360753080098294e-16,0.012583100004121661,0.011628899999777786,0.0,0.0,4.6938438890933515e-05,4.693844510670654e-05,4.260900122066722,4.260899557821614,5.642451084142408e-07,3.872150616019659e-17,7.744301232039318e-17,1.1616451848058975e-16,True,0.02608229999896139,0.0,,
116,arpack_matvec,central_difference,1.0,0.0019930728769184452,0.24522813852960146,84723782.37930366,329.1349859424812,329.13878909496674,329.1348029492129,329.13860610169877,2,sparse_direct,not_applicable,2.710505431213761e-16,1.9360753080098294e-16,0.009656700000050478,0.014142600004561245,0.0,0.0,4.693844023579982e-05,4.6938442589347025e-05,4.260899999984673,4.260899786338273,2.1364640012677683e-07,0.0,7.744301232039318e-17,7.744301232039318e-17,True,0.02632910000102129,0.0,,
117,arpack_matvec,central_difference,1.0,0.0019930728769184452,0.1950918574814961,44133145.971090175,329.13480294921317,329.13873032171597,329.1348617224639,329.138789094967,2,sparse_direct,not_applicable,3.872150616019659e-16,4.64658073922359e-16,0.00900970000657253,0.009603999991668388,0.015625,0.015625,4.693844097613624e-05,4.693844300594398e-05,4.26089993277964,4.260899748521128,1.8425851244785463e-07,1.1616451848058975e-16,3.872150616019659e-17,1.5488602464078636e-16,True,0.021088200010126457,0.03125,,
118,arpack_matvec,central_difference,1.0,0.0019930728769184452,0.3519287936334868,87726322.5595605,329.135763047716,329.1387890949668,329.13480294921294,329.1378289964643,2,sparse_direct,not_applicable,1.5488602464078636e-16,2.323290369611795e-16,0.019284499998320825,0.010714000003645197,0.0,0.015625,4.6938441379213245e-05,4.693844127338132e-05,4.260899896189785,4.26089990579682,9.607035167391587e-09,7.744301232039318e-17,7.744301232039318e-17,1.5488602464078636e-16,True,0.03205210001033265,0.015625,,
119,arpack_matvec,central_difference,1.0,0.0019930728769184452,0.29002526012183144,58039828.25449743,329.1352726702035,329.1387890949668,329.13480294921294,329.1383193739767,2,sparse_direct,not_applicable,1.5488602464078636e-16,3.872150616019659e-16,0.01009630000044126,0.010717400000430644,0.0,0.0,4.693844224259159e-05,4.69384407086903e-05,4.26089981781546,4.260899957057404,1.3924194419701053e-07,3.872150616019659e-17,1.1616451848058975e-16,7.744301232039318e-17,True,0.022174800003995188,0.0,,
120,arpack_matvec,central_difference,1.0,0.0019930728769184452,0.2442274811675282,80958084.59217066,329.1349584830059,329.1387890949669,329.13480294921305,329.1386335611737,2,sparse_direct,not_applicable,3.097720492815727e-16,3.4849355544176928e-16,0.007289799992577173,0.008798699986073188,0.015625,0.0,4.693844278750662e-05,4.693843979817153e-05,4.260899768350071,4.260900039710969,2.713608981963489e-07,0.0,1.1616451848058975e-16,1.1616451848058975e-16,True,0.018038000009255484,0.015625,,
121,arpack_matvec,central_difference,1.0,0.0019930728769184452,0.17593367848226404,56578675.69002102,329.13480294921305,329.13868313456965,329.1349089096103,329.1387890949669,2,sparse_direct,not_applicable,2.710505431213761e-16,2.710505431213761e-16,0.011638399999355897,0.009750900004291907,0.0,0.015625,4.693844620703407e-05,4.693843718492699e-05,4.260899457937927,4.260900276931772,8.189938451863554e-07,3.872150616019659e-17,3.872150616019659e-17,0.0,True,0.023260599991772324,0.015625,,
122,arpack_matvec,central_difference,1.0,0.0019930728769184452,0.23852450899949054,71781116.7052727,329.1348029492129,329.1384714565535,329.1351205876264,329.13878909496674,2,sparse_direct,not_applicable,1.9360753080098294e-16,1.9360753080098294e-16,0.011264599990681745,0.008967699992354028,0.0,0.0,4.693844409073804e-05,4.693843854723837e-05,4.260899650047503,4.260900153266113,5.032186098929969e-07,0.0,3.872150616019659e-17,3.872150616019659e-17,True,0.021555800005444326,0.0,,
123,arpack_matvec,central_difference,1.0,0.0019930728769184452,0.2637232135979338,48181771.023815826,329.1352622851417,329.13878909496674,329.1348029492129,329.1383297590386,2,sparse_direct,not_applicable,1.1616451848058975e-16,2.710505431213761e-16,0.020606399993994273,0.01293660000374075,0.0,0.0,4.6938446119143495e-05,4.693843710952805e-05,4.26089946591631,4.2609002837762135,8.178599033570322e-07,1.9360753080098294e-16,1.9360753080098294e-16,0.0,True,0.0355660000059288,0.0,,
124,arpack_matvec,central_difference,1.0,0.0019930728769184452,0.3201544769581049,87935076.17757027,329.1348029492129,329.1380817551141,329.1355102890655,329.13878909496674,2,sparse_direct,not_applicable,1.9360753080098294e-16,2.323290369611795e-16,0.0381096999917645,0.01614809999591671,0.0,0.015625,4.6938444652510806e-05,4.693843803084984e-05,4.260899599051834,4.26090020014198,6.010901456576789e-07,1.5488602464078636e-16,3.872150616019659e-17,1.1616451848058975e-16,True,0.05661400000099093,0.015625,,
125,arpack_matvec,central_difference,1.0,0.0019930728769184452,0.23398546306743373,47615539.867890075,329.13534764038843,329.138789094967,329.13480294921317,329.1382444037912,2,sparse_direct,not_applicable,1.9360753080098294e-16,1.9360753080098294e-16,0.012781199999153614,0.02203870000084862,0.0,0.0,4.6938449658323336e-05,4.693843374153439e-05,4.260899144642607,4.260900589510427,1.4448678191669728e-06,1.1616451848058975e-16,3.872150616019659e-17,7.744301232039318e-17,True,0.036513899991405196,0.0,,
126,arpack_matvec,central_difference,1.0,0.0019930728769184452,0.23449939390533156,79762203.20222811,329.134802949213,329.13859817481983,329.1349938693597,329.13878909496685,2,sparse_direct,not_applicable,1.5488602464078636e-16,3.097720492815727e-16,0.03727269999217242,0.010200999997323379,0.0,0.0,4.693844658059676e-05,4.693843612540315e-05,4.260899424027281,4.260900373111488,9.490842067805261e-07,3.872150616019659e-17,1.1616451848058975e-16,1.5488602464078636e-16,True,0.04986629998893477,0.0,,
127,arpack_matvec,central_difference,1.0,0.0019930728769184452,0.23304197461017906,56143633.1732169,329.13540085114136,329.138789094967,329.13480294921317,329.13819119303884,2,sparse_direct,not_applicable,1.5488602464078636e-16,2.710505431213761e-16,0.027127500012284145,0.019875999991199933,0.0,0.0,4.693844728235574e-05,4.6938435988067816e-05,4.260899360324184,4.26090038557829,1.0252541056132713e-06,0.0,3.872150616019659e-17,3.872150616019659e-17,True,0.04827550001209602,0.0,,
128,arpack_matvec,central_difference,1.0,0.0019930728769184452,0.2551473042837906,74197969.88343602,329.13480294921317,329.13860629355764,329.13498575062164,329.138789094967,2,sparse_direct,not_applicable,1.5488602464078636e-16,2.710505431213761e-16,0.006741999997757375,0.008965999993961304,0.0,0.0,4.69384437892644e-05,4.693843892615797e-05,4.260899677414174,4.260900118869175,4.414550014431029e-07,0.0,1.5488602464078636e-16,1.5488602464078636e-16,True,0.018059800000628456,0.0,,
129,arpack_matvec,central_difference,1.0,0.0019930728769184452,0.24404107126382577,49276627.61462415,329.13503451049655,329.1387890949667,329.1348029492128,329.13855753368364,2,sparse_direct,not_applicable,1.5488602464078636e-16,1.9360753080098294e-16,0.010094499986735173,0.00561079999897629,0.015625,0.0,4.693844375982287e-05,4.693843958999108e-05,4.260899680086768,4.26090005860883,3.785220625829311e-07,0.0,7.744301232039318e-17,7.744301232039318e-17,True,0.0182795000000624,0.015625,,
130,arpack_matvec,central_difference,1.0,0.0019930728769184452,0.26668006453664755,86973142.38152577,329.13480294921317,329.1386975738317,329.1348944703485,329.138789094967,2,sparse_direct,not_applicable,1.9360753080098294e-16,1.9360753080098294e-16,0.0035447999980533496,0.004797300003701821,0.0,0.0,4.69384410939283e-05,4.693844165895138e-05,4.2608999220869075,4.260899870796181,5.1290726332808845e-08,3.872150616019659e-17,3.872150616019659e-17,0.0,True,0.009020800003781915,0.0,,
131,arpack_matvec,central_difference,1.0,0.0019930728769184452,0.26764579062650473,59995059.45998288,329.1352539339434,329.1387890949669,329.13480294921305,329.1383381102365,2,sparse_direct,not_applicable,3.097720492815727e-16,1.5488602464078636e-16,0.003754999997909181,0.012665200003539212,0.0,0.0,4.6938439542766865e-05,4.6938443562675844e-05,4.260900062895671,4.260899697983051,3.6491262012106063e-07,3.872150616019659e-17,7.744301232039318e-17,1.1616451848058975e-16,True,0.017832300000009127,0.0,,
132,arpack_matvec,central_difference,1.0,0.0019930728769184452,0.2691772629243547,86770194.84226297,329.13480294921317,329.1384442306203,329.1351478135597,329.138789094967,2,sparse_direct,not_applicable,2.323290369611795e-16,1.5488602464078636e-16,0.01146399999561254,0.007048300001770258,0.0,0.0,4.693843754372586e-05,4.6938445063002345e-05,4.260900244361319,4.2608995617889205,6.825723986025878e-07,7.744301232039318e-17,3.872150616019659e-17,1.1616451848058975e-16,True,0.020162300002994016,0.0,,
133,arpack_matvec,central_difference,1.0,0.0019930728769184452,0.25110988768668535,57233972.09673444,329.1348029492132,329.1382492335553,329.13534281062454,329.1387890949671,2,sparse_direct,not_applicable,3.4849355544176928e-16,3.097720492815727e-16,0.011063300000387244,0.006586999996216036,0.0,0.015625,4.693843418904187e-05,4.6938448732393e-05,4.2609005488873235,4.260899228695147,1.3201921769123715e-06,7.744301232039318e-17,3.872150616019659e-17,3.872150616019659e-17,True,0.02072050000424497,0.015625,,
134,arpack_matvec,central_difference,1.0,0.0019930728769184452,0.3152029832124304,92589220.20963399,329.134802949213,329.1381938036394,329.1353982405409,329.13878909496685,2,sparse_direct,not_applicable,2.323290369611795e-16,1.5488602464078636e-16,0.0137337999913143,0.00912590000370983,0.015625,0.0,4.6938437447305156e-05,4.6938445162376176e-05,4.2609002531140385,4.260899552768129,7.003459092658204e-07,3.872150616019659e-17,7.744301232039318e-17,1.1616451848058975e-16,True,0.024544500003685243,0.015625,,
135,arpack_matvec,central_difference,1.0,0.0019930728769184452,0.24392163292498464,53952088.7423256,329.134802949213,329.13836600464043,329.1352260395399,329.13878909496685,2,sparse_direct,not_applicable,1.9360753080098294e-16,1.5488602464078636e-16,0.0065805999911390245,0.012761300007696263,0.0,0.0,4.693843199862123e-05,4.6938451265517755e-05,4.260900747725762,4.260898998747438,1.7489783239454937e-06,3.872150616019659e-17,1.1616451848058975e-16,1.5488602464078636e-16,True,0.023155200004111975,0.0,,
136,arpack_matvec,central_difference,1.0,0.0019930728769184452,0.22482762028152184,70378996.38856854,329.1348081747788,329.13878909496674,329.1348029492129,329.1387838694007,2,sparse_direct,not_applicable,1.5488602464078636e-16,2.710505431213761e-16,0.009239000006346032,0.008193499990738928,0.015625,0.0,4.693843001706194e-05,4.693845270416762e-05,4.26090092760454,4.260898868152128,2.0594524121619884e-06,3.872150616019659e-17,0.0,3.872150616019659e-17,True,0.019384100000024773,0.015625,,
137,arpack_matvec,central_difference,1.0,0.0019930728769184452,0.2311996406551296,53751629.870535806,329.13519691809205,329.13878909496674,329.1348029492129,329.1383951260876,2,sparse_direct,not_applicable,1.5488602464078636e-16,2.323290369611795e-16,0.013584700005594641,0.0074330000061308965,0.0,0.015625,4.693842156369032e-05,4.693846171061393e-05,4.260901694971183,4.26089805058045,3.6443907331928926e-06,1.1616451848058975e-16,3.872150616019659e-17,1.5488602464078636e-16,True,0.02281619999848772,0.015625,,
138,arpack_matvec,central_difference,1.0,0.0019930728769184452,0.2683148749307508,85908921.28667337,329.135081464605,329.138789094967,329.13480294921317,329.1385105795752,2,sparse_direct,not_applicable,2.323290369611795e-16,2.710505431213761e-16,0.005836299998918548,0.0053121999953873456,0.0,0.015625,4.69384227163223e-05,4.693845983914128e-05,4.260901590339385,4.260898220465747,3.3698736379150773e-06,7.744301232039318e-17,7.744301232039318e-17,0.0,True,0.012560699993628077,0.015625,,
139,arpack_matvec,central_difference,1.0,0.0019930728769184452,0.1660031823515672,47457953.399329655,329.13494689652185,329.138789094967,329.13480294921317,329.1386451476581,2,sparse_direct,not_applicable,3.4849355544176928e-16,1.1616451848058975e-16,0.0038877000042703003,0.007731799996690825,0.0,0.0,4.693838499437672e-05,4.693849775447008e-05,4.260905014605004,4.26089477865647,1.0235948533221517e-05,3.872150616019659e-17,3.872150616019659e-17,0.0,True,0.012608400007593445,0.0,,
140,arpack_matvec,central_difference,1.0,0.0019930728769184452,0.23390336557041072,72781355.31710008,329.1349183685867,329.138789094967,329.13480294921317,329.1386736755933,2,sparse_direct,not_applicable,1.9360753080098294e-16,1.5488602464078636e-16,0.004490600011195056,0.007963600000948645,0.015625,0.0,4.6938423674180954e-05,4.693845888081647e-05,4.260901503388415,4.260898307458898,3.1959295165862045e-06,0.0,3.872150616019659e-17,3.872150616019659e-17,True,0.014314700005343184,0.015625,,
141,arpack_matvec,central_difference,1.0,0.0019930728769184452,0.21990126168527632,65988124.64509722,329.1351448987996,329.138789094967,329.13480294921317,329.13844714538027,2,sparse_direct,not_applicable,3.4849355544176928e-16,1.5488602464078636e-16,0.005429899989394471,0.005487699992954731,0.0,0.0,4.693842522589327e-05,4.693845833995124e-05,4.260901362529549,4.260898356556628,3.005972921243938e-06,3.872150616019659e-17,7.744301232039318e-17,1.1616451848058975e-16,True,0.013417599999229424,0.0,,
142,arpack_matvec,central_difference,1.0,0.0019930728769184452,0.29654349759269044,89389933.65153772,329.1354429274047,329.138789094967,329.13480294921317,329.1381491167755,2,sparse_direct,not_applicable,2.710505431213761e-16,1.5488602464078636e-16,0.0053721999865956604,0.006110400005127303,0.015625,0.0,4.6938430417942685e-05,4.693845225445134e-05,4.260900891214036,4.260898908975706,1.9822383299228363e-06,0.0,3.872150616019659e-17,3.872150616019659e-17,True,0.012707200003205799,0.015625,,
143,arpack_matvec,central_difference,1.0,0.0019930728769184452,0.1968050895309217,52536795.89296083,329.134802949213,329.13851577777905,329.1350762664008,329.13878909496685,2,sparse_direct,not_applicable,3.4849355544176928e-16,2.323290369611795e-16,0.00635159999364987,0.002778300011414103,0.0,0.015625,4.6938412804612125e-05,4.693847057187251e-05,4.26090249008906,4.260897246188681,5.2439003788151695e-06,7.744301232039318e-17,1.1616451848058975e-16,3.872150616019659e-17,True,0.010339700005715713,0.015625,,
144,arpack_matvec,central_difference,1.0,0.0019930728769184452,0.24609984464537393,72869536.47328499,329.13498654244495,329.13878909496685,329.134802949213,329.13860550173456,2,sparse_direct,not_applicable,1.9360753080098294e-16,2.710505431213761e-16,0.0038194999942788854,0.00565669999923557,0.0,0.0,4.693843153917036e-05,4.693845112795537e-05,4.260900789433046,4.260899011234843,1.7781982037945454e-06,3.872150616019659e-17,7.744301232039318e-17,3.872150616019659e-17,True,0.012005799988401122,0.0,,
145,arpack_matvec,central_difference,1.0,0.0019930728769184452,0.35001611893250445,55910527.54045759,329.1354590362975,329.13878909496685,329.134802949213,329.13813300788235,2,sparse_direct,not_applicable,1.9360753080098294e-16,1.9360753080098294e-16,0.003907100006472319,0.0027703999949153513,0.015625,0.0,4.693843761503408e-05,4.693844536514899e-05,4.260900237888219,4.260899534361158,7.035270606081667e-07,1.1616451848058975e-16,0.0,1.1616451848058975e-16,True,0.007320499993511476,0.015625,,
146,arpack_matvec,central_difference,1.0,0.0019930728769184452,0.2578539660820475,80534129.78000416,329.1351603716093,329.138789094967,329.13480294921317,329.1384316725709,2,sparse_direct,not_applicable,2.323290369611795e-16,2.323290369611795e-16,0.003302899989648722,0.0045882999984314665,0.0,0.0,4.693844126575091e-05,4.693844147164094e-05,4.26089990648948,4.260899887799537,1.8689942926641834e-08,3.872150616019659e-17,7.744301232039318e-17,3.872150616019659e-17,True,0.008610299992142245,0.0,,
147,arpack_matvec,central_difference,1.0,0.0019930728769184452,0.29854747821128225,66209449.44482643,329.13535712112844,329.1387890949667,329.1348029492128,329.1382349230512,2,sparse_direct,not_applicable,1.5488602464078636e-16,1.9360753080098294e-16,0.008719400007976219,0.007525399996666238,0.015625,0.015625,4.693844733446024e-05,4.693843569681945e-05,4.260899355594329,4.260900412016756,1.0564224268705402e-06,0.0,1.5488602464078636e-16,1.5488602464078636e-16,True,0.017450200000894256,0.03125,,
148,arpack_matvec,central_difference,1.0,0.0019930728769184452,0.23460825403553023,78085278.1162286,329.134802949213,329.1385991881348,329.1349928560455,329.13878909496685,2,sparse_direct,not_applicable,2.323290369611795e-16,1.9360753080098294e-16,0.012506500002928078,0.015163199990638532,0.0,0.0,4.6938451445835796e-05,4.693843122225796e-05,4.2608989823788335,4.260900818201207,1.8358223732306556e-06,2.323290369611795e-16,1.1616451848058975e-16,1.1616451848058975e-16,True,0.02965579999727197,0.0,,
149,arpack_matvec,central_difference,1.0,0.0019930728769184452,0.21925243057527577,59437502.68983293,329.1352442548054,329.13878909496685,329.134802949213,329.1383477893742,2,sparse_direct,not_applicable,1.9360753080098294e-16,1.5488602464078636e-16,0.007036699986201711,0.005984100003843196,0.0,0.0,4.693846288094343e-05,4.693842035955369e-05,4.260897944342317,4.260901804278394,3.859936076544557e-06,0.0,3.872150616019659e-17,3.872150616019659e-17,True,0.014603499992517754,0.0,,
150,arpack_matvec,central_difference,1.0,0.0019930728769184452,0.25737934473813007,90199073.81965606,329.134802949213,329.1387820465302,329.13480999764965,329.13878909496685,2,sparse_direct,not_applicable,1.9360753080098294e-16,1.9360753080098294e-16,0.0043944999924860895,0.007207400005427189,0.015625,0.0,4.6938455815609165e-05,4.693842679625415e-05,4.260898585707008,4.2609012199778435,2.634270835244479e-06,3.872150616019659e-17,7.744301232039318e-17,1.1616451848058975e-16,True,0.012274200009414926,0.015625,,
151,arpack_matvec,central_difference,1.0,0.0019930728769184452,0.24591459085437553,58288717.264588475,329.1348029492129,329.138782457572,329.13480958660773,329.13878909496674,2,sparse_direct,not_applicable,3.097720492815727e-16,1.5488602464078636e-16,0.008543099989765324,0.005371799998101778,0.015625,0.0,4.693846964404476e-05,4.6938413515083005e-05,4.260897330413385,4.260902425595036,5.095181651704195e-06,1.5488602464078636e-16,3.872150616019659e-17,1.1616451848058975e-16,True,0.015041099992231466,0.015625,,
152,arpack_matvec,central_difference,1.0,0.0019930728769184452,0.2674685204989645,86807596.33576378,329.1349281045,329.13878909496697,329.1348029492131,329.13866393967965,2,sparse_direct,not_applicable,2.323290369611795e-16,1.1616451848058975e-16,0.007473799996660091,0.02183810000133235,0.0,0.0,4.693846335237844e-05,4.693841927612907e-05,4.260897901547212,4.260901902627805,4.001080593063477e-06,3.872150616019659e-17,3.872150616019659e-17,7.744301232039318e-17,True,0.030426199999055825,0.0,,
153,arpack_matvec,central_difference,1.0,0.0019930728769184452,0.2604243348740203,52894912.96102763,329.13525293072234,329.13878909496674,329.1348029492129,329.1383391134574,2,sparse_direct,not_applicable,1.1616451848058975e-16,2.710505431213761e-16,0.008314500009873882,0.008006799995200709,0.0,0.0,4.693847353053885e-05,4.6938409605251955e-05,4.2608969776121315,4.2609027805156385,5.802903507046153e-06,1.9360753080098294e-16,3.872150616019659e-17,1.5488602464078636e-16,True,0.017674400005489588,0.0,,
154,arpack_matvec,central_difference,1.0,0.0019930728769184452,0.3101964680094098,107388633.97454561,329.13513016643606,329.1387890949667,329.1348029492128,329.13846187774357,2,sparse_direct,not_applicable,2.710505431213761e-16,3.097720492815727e-16,0.012291400009416975,0.007789499999489635,0.0,0.015625,4.693846278631615e-05,4.693841981454126e-05,4.260897952932227,4.260901853752672,3.9008204444357375e-06,3.872150616019659e-17,3.872150616019659e-17,7.744301232039318e-17,True,0.021564399998169392,0.015625,,
155,arpack_matvec,central_difference,1.0,0.0019930728769184452,0.18516722537732264,55634997.88313525,329.1348029492127,329.13851615238735,329.13507589179284,329.13878909496657,2,sparse_direct,not_applicable,2.323290369611795e-16,2.323290369611795e-16,0.00854599999729544,0.006097100005717948,0.0,0.015625,4.6938511240983924e-05,4.693837210540556e-05,4.260893554403402,4.260906184621759,1.263021835740119e-05,3.872150616019659e-17,0.0,3.872150616019659e-17,True,0.016792599999462254,0.015625,,
156,arpack_matvec,central_difference,1.0,0.0019930728769184452,0.24145131600608516,89145972.5390398,329.1348029492127,329.13869426255974,329.13489778161954,329.13878909496657,2,sparse_direct,not_applicable,2.710505431213761e-16,1.5488602464078636e-16,0.006997100004809909,0.00601160000951495,0.0,0.015625,4.6938478907051375e-05,4.693840372160815e-05,4.260896489552729,4.260903314612077,6.8250593479035615e-06,3.872150616019659e-17,3.872150616019659e-17,7.744301232039318e-17,True,0.014380699998582713,0.015625,,
157,arpack_matvec,central_difference,1.0,0.0019930728769184452,0.21958945503157443,56672703.146101676,329.134931291025,329.13878909496657,329.1348029492127,329.1386607531546,2,sparse_direct,not_applicable,5.033795800825557e-16,1.9360753080098294e-16,0.011979200004134327,0.011765399991418235,0.015625,0.0,4.693849679527007e-05,4.693838668609603e-05,4.260894865728928,4.260904861036553,9.995307625132455e-06,7.744301232039318e-17,1.1616451848058975e-16,1.9360753080098294e-16,True,0.025650299998233095,0.015625,,
158,arpack_matvec,central_difference,1.0,0.0019930728769184452,0.28368014897652816,80206166.53053352,329.1351835096401,329.13878909496657,329.1348029492127,329.1384085345394,2,sparse_direct,not_applicable,1.2584489502063891e-16,2.323290369611795e-16,0.007764599999063648,0.007239600003231317,0.0,0.015625,4.6938470188736656e-05,4.693841253943637e-05,4.260897280968308,4.260902514160773,5.233192465148306e-06,3.872150616019659e-17,3.872150616019659e-17,0.0,True,0.01791770001000259,0.015625,,
159,arpack_matvec,central_difference,1.0,0.0019930728769184452,0.21128773070369744,46392246.739415236,329.134924076884,329.13878909496674,329.1348029492129,329.13866796729553,2,sparse_direct,not_applicable,1.9360753080098294e-16,2.710505431213761e-16,0.004967700006091036,0.0038114000053610653,0.0,0.0,4.693848483589291e-05,4.693839894140306e-05,4.260895951355124,4.260903748542338,7.797187214109158e-06,3.872150616019659e-17,7.744301232039318e-17,1.1616451848058975e-16,True,0.009588600005372427,0.0,,
160,arpack_matvec,central_difference,1.0,0.0019930728769184452,0.2224261040192161,80635070.3919388,329.1348029492128,329.1386991866421,329.13489285753775,329.1387890949667,2,sparse_direct,not_applicable,3.097720492815727e-16,3.4849355544176928e-16,0.010395299992524087,0.006661099992925301,0.0,0.0,4.69384593279074e-05,4.693842342791261e-05,4.260898266873651,4.260901525743771,3.25887011953796e-06,7.744301232039318e-17,3.872150616019659e-17,1.1616451848058975e-16,True,0.018789800000377,0.0,,
161,arpack_matvec,central_difference,1.0,0.0019930728769184452,0.23332483791832,40780400.351136185,329.1348029492127,329.1384679505192,329.13512409366086,329.13878909496657,2,sparse_direct,not_applicable,1.1616451848058975e-16,3.872150616019659e-16,0.008015300001716241,0.00930819999484811,0.0,0.015625,4.6938448756342447e-05,4.6938434614444474e-05,4.260899226521104,4.260900510270821,1.283749716307625e-06,1.1616451848058975e-16,1.1616451848058975e-16,2.323290369611795e-16,True,0.01894519999041222,0.015625,,
162,arpack_matvec,central_difference,1.0,0.0019930728769184452,0.28964830265630326,87838802.78991777,329.1348029492129,329.1383630907469,329.13522895343317,329.13878909496674,2,sparse_direct,not_applicable,2.710505431213761e-16,1.9360753080098294e-16,0.00887989999318961,0.007163799993577413,0.0,0.0,4.693843170224418e-05,4.69384510155912e-05,4.260900774629796,4.260899021434846,1.7531949501048416e-06,3.872150616019659e-17,1.1616451848058975e-16,7.744301232039318e-17,True,0.016800899989902973,0.0,,
163,arpack_matvec,central_difference,1.0,0.0019930728769184452,0.23294006732685268,55085637.65297848,329.1348029492127,329.13834241275106,329.13524963142913,329.13878909496657,2,sparse_direct,not_applicable,1.5488602464078636e-16,1.5488602464078636e-16,0.007370399995124899,0.007571599999209866,0.0,0.0,4.693841407913355e-05,4.6938469222483314e-05,4.260902374392533,4.260897368681144,5.005711388506029e-06,3.872150616019659e-17,1.9360753080098294e-16,2.323290369611795e-16,True,0.017248499993002042,0.0,,
164,arpack_matvec,central_difference,1.0,0.0019930728769184452,0.21668534560694072,73812038.63122456,329.13491214308385,329.13878909496697,329.1348029492131,329.1386799010959,2,sparse_direct,not_applicable,2.323290369611795e-16,1.5488602464078636e-16,0.008503400007612072,0.005888200001209043,0.0,0.0,4.693841201473936e-05,4.693847083533014e-05,4.260902561790907,4.260897222272991,5.33951791581444e-06,0.0,7.744301232039318e-17,7.744301232039318e-17,True,0.01601229999505449,0.015625,,
165,arpack_matvec,central_difference,1.0,0.0019930728769184452,0.23083426373440322,43240354.736661114,329.13480294921317,329.1382597428821,329.1353323012972,329.138789094967,2,sparse_direct,not_applicable,1.9360753080098294e-16,2.710505431213761e-16,0.008254200001829304,0.006153499998617917,0.0,0.015625,4.6938403623457645e-05,4.693847991879271e-05,4.260903323521835,4.260896397710702,6.925811132596493e-06,0.0,1.9360753080098294e-16,1.9360753080098294e-16,True,0.016225199986365624,0.015625,,
166,arpack_matvec,central_difference,1.0,0.0019930728769184452,0.2811514794956683,84016926.0677604,329.13480294921317,329.13817039653344,329.1354216476462,329.138789094967,2,sparse_direct,not_applicable,1.5972621291081093e-16,1.5488602464078636e-16,0.008038800006033853,0.006353499993565492,0.0,0.015625,4.6938422377946634e-05,4.693846036770657e-05,4.260901621055914,4.260898172484563,3.448571351150065e-06,3.872150616019659e-17,1.1616451848058975e-16,7.744301232039318e-17,True,0.01517519999470096,0.015625,,
167,arpack_matvec,central_difference,1.0,0.0019930728769184452,0.23380679206460148,49643393.546954885,329.13514435551724,329.13878909496674,329.1348029492129,329.13844768866227,2,sparse_direct,not_applicable,1.9360753080098294e-16,1.5488602464078636e-16,0.008498900002450682,0.00712349999230355,0.015625,0.0,4.6938417412321454e-05,4.693846616282059e-05,4.260902071817605,4.260897646425815,4.425391789908417e-06,1.1616451848058975e-16,7.744301232039318e-17,1.9360753080098294e-16,True,0.017394800001056865,0.015625,,
168,arpack_matvec,central_difference,1.0,0.0019930728769184452,0.272473747801957,70139357.96572883,329.13491681516956,329.1387890949668,329.13480294921294,329.13867522900995,2,sparse_direct,not_applicable,1.5488602464078636e-16,1.9360753080098294e-16,0.006717099997331388,0.009856899996520951,0.015625,0.0,4.6938435475435636e-05,4.693844725296401e-05,4.260900432113173,4.260899362992257,1.0691209162416726e-06,3.872150616019659e-17,0.0,3.872150616019659e-17,True,0.01852750001125969,0.015625,,
169,arpack_matvec,central_difference,1.0,0.0019930728769184452,0.23865523780459882,56285531.42616967,329.1348947516579,329.1387890949667,329.1348029492128,329.1386972925217,2,sparse_direct,not_applicable,1.5488602464078636e-16,1.5488602464078636e-16,0.007115100001101382,0.00783919999958016,0.015625,0.0,4.693844780701307e-05,4.693843547816509e-05,4.260899312697724,4.260900431865403,1.1191676794197747e-06,1.1616451848058975e-16,3.872150616019659e-17,7.744301232039318e-17,True,0.016888600002857856,0.015625,,
170,arpack_matvec,central_difference,1.0,0.0019930728769184452,0.27825223168709706,85736556.14204049,329.1348029492131,329.13821543830375,329.1353766058761,329.13878909496697,2,sparse_direct,not_applicable,1.5488602464078636e-16,1.9360753080098294e-16,0.00839030000497587,0.007255100004840642,0.015625,0.0,4.693845580158034e-05,4.693842680777239e-05,4.260898586980494,4.2609012189322595,2.631951765863505e-06,3.872150616019659e-17,1.5488602464078636e-16,1.1616451848058975e-16,True,0.017179499991470948,0.015625,,
171,arpack_matvec,central_difference,1.0,0.0019930728769184452,0.16196170776064883,47114505.53227707,329.13480294921317,329.1385329947269,329.1350590494533,329.138789094967,2,sparse_direct,not_applicable,1.5488602464078636e-16,1.5488602464078636e-16,0.007256800003233366,0.005932700005359948,0.0,0.0,4.6938495670792954e-05,4.693838791448746e-05,4.260894967804607,4.260904749527419,9.781722812185478e-06,1.5488602464078636e-16,1.1616451848058975e-16,3.872150616019659e-17,True,0.014443399995798245,0.0,,
172,arpack_matvec,central_difference,1.0,0.0019930728769184452,0.26329415447274307,96403044.28529124,329.134824575576,329.1387890949667,329.1348029492128,329.13876746860365,2,sparse_direct,not_applicable,2.710505431213761e-16,3.097720492815727e-16,0.00639019999653101,0.008385199995245785,0.015625,0.0,4.693846686941542e-05,4.693841575003324e-05,4.260897582283792,4.260902222714203,4.640430411484431e-06,3.872150616019659e-17,0.0,3.872150616019659e-17,True,0.016127899987623096,0.015625,,
173,arpack_matvec,central_difference,1.0,0.0019930728769184452,0.2567146404437552,51691934.86690977,329.135242439046,329.1387890949669,329.13480294921305,329.13834960513384,2,sparse_direct,not_applicable,2.323290369611795e-16,1.1616451848058975e-16,0.0031635000050300732,0.0030845000001136214,0.015625,0.0,4.6938493466041064e-05,4.6938389697854326e-05,4.26089516794346,4.26090458763954,9.419696080037454e-06,1.1616451848058975e-16,3.872150616019659e-17,7.744301232039318e-17,True,0.007186799994087778,0.015625,,
174,arpack_matvec,central_difference,1.0,0.0019930728769184452,0.26527443985936944,86554213.52695927,329.13492515711704,329.13878909496697,329.1348029492131,329.1386668870626,2,sparse_direct,not_applicable,1.5488602464078636e-16,2.323290369611795e-16,0.008456600000499748,0.009146799988229759,0.015625,0.0,4.6938487445925336e-05,4.693839520793246e-05,4.260895714426386,4.260904087453773,8.37302738698753e-06,0.0,0.0,0.0,True,0.019439800002146512,0.015625,,
175,arpack_matvec,central_difference,1.0,0.0019930728769184452,0.2290961583259168,56759445.36467885,329.13493399826024,329.1387890949668,329.13480294921294,329.1386580459194,2,sparse_direct,not_applicable,1.9360753080098294e-16,1.9360753080098294e-16,0.007963500000187196,0.008712100010598078,0.015625,0.0,4.6938518846863006e-05,4.6938364421521175e-05,4.260892863971706,4.260906882138831,1.4018167124874026e-05,1.1616451848058975e-16,3.872150616019659e-17,1.5488602464078636e-16,True,0.018650500001967885,0.015625,,
176,arpack_matvec,central_difference,1.0,0.0019930728769184452,0.33053100578763295,107195530.59514473,329.1353142272974,329.1387890949669,329.13480294921305,329.13827781688246,2,sparse_direct,not_applicable,3.097720492815727e-16,1.9360753080098294e-16,0.007708600009209476,0.004434700007550418,0.015625,0.0,4.69384788288842e-05,4.693840379464116e-05,4.2608964966484475,4.260903307982397,6.811333949308107e-06,3.872150616019659e-17,3.872150616019659e-17,0.0,True,0.013646400009747595,0.015625,,
177,arpack_matvec,central_difference,1.0,0.0019930728769184452,0.29293068387706517,67539794.39586118,329.1353800703362,329.13878909496685,329.134802949213,329.1382119738434,2,sparse_direct,not_applicable,1.1616451848058975e-16,1.5488602464078636e-16,0.007918200004496612,0.007731399993645027,0.0,0.0,4.69385010804684e-05,4.69383819352135e-05,4.260894476735263,4.260905292305328,1.0815570064437452e-05,1.5488602464078636e-16,3.872150616019659e-17,1.1616451848058975e-16,True,0.01658300000417512,0.0,,
178,arpack_matvec,central_difference,1.0,0.0019930728769184452,0.2648864448036133,78949595.2689282,329.1352298747064,329.13878909496685,329.134802949213,329.1383621694731,2,sparse_direct,not_applicable,3.4849355544176928e-16,2.323290369611795e-16,0.004729399995994754,0.008626800001366064,0.015625,0.0,4.6938483198586195e-05,4.693839949944166e-05,4.260896099983565,4.260903697885546,7.59790198046062e-06,7.744301232039318e-17,1.9360753080098294e-16,2.710505431213761e-16,True,0.01460479998786468,0.015625,,
179,arpack_matvec,central_difference,1.0,0.0019930728769184452,0.3337281518616819,66341475.9921694,329.13547791865676,329.1387890949667,329.1348029492128,329.13811412552286,2,sparse_direct,not_applicable,2.710505431213761e-16,1.9360753080098294e-16,0.006519200003822334,0.008582399997976609,0.015625,0.0,4.6938477394672415e-05,4.693840561368111e-05,4.26089662684074,4.260903142856351,6.516015610635861e-06,3.872150616019659e-17,0.0,3.872150616019659e-17,True,0.016784699997515418,0.015625,,
180,arpack_matvec,central_difference,1.0,0.0019930728769184452,0.28490851860909816,94448568.64075539,329.13508523484995,329.138789094967,329.13480294921317,329.13850680933035,2,sparse_direct,not_applicable,5.033795800825557e-16,1.9360753080098294e-16,0.008646500005852431,0.009847100009210408,0.015625,0.0,4.6938459419061296e-05,4.6938423317796896e-05,4.260898258599041,4.26090153573968,3.277140638857645e-06,3.872150616019659e-17,3.872150616019659e-17,0.0,True,0.020570099994074553,0.015625,,
181,arpack_matvec,central_difference,1.0,0.0019930728769184452,0.3107916995969857,59182831.9092784,329.13564299704433,329.13878909496685,329.134802949213,329.1379490471355,2,sparse_direct,not_applicable,1.9360753080098294e-16,1.1616451848058975e-16,0.009894200004055165,0.008314699996844865,0.015625,0.0,4.693844989077073e-05,4.693843312910721e-05,4.260899123541892,4.260900645104344,1.52156245203372e-06,7.744301232039318e-17,1.1616451848058975e-16,3.872150616019659e-17,True,0.020617700007278472,0.015625,,
182,arpack_matvec,central_difference,1.0,0.0019930728769184452,0.2514434296899702,76056678.25025274,329.1354468144507,329.13878909496674,329.1348029492129,329.1381452297295,2,sparse_direct,not_applicable,1.9360753080098294e-16,3.872150616019659e-16,0.007445000010193326,0.007982900002389215,0.015625,0.0,4.693842892045067e-05,4.693845371249562e-05,4.260901027150948,4.260898776619849,2.250531098368924e-06,1.5488602464078636e-16,1.1616451848058975e-16,3.872150616019659e-17,True,0.01741109999420587,0.015625,,
183,arpack_matvec,central_difference,1.0,0.0019930728769184452,0.2562005283859486,42405618.83147479,329.1348029492132,329.13829105147437,329.1353009927055,329.1387890949671,2,sparse_direct,not_applicable,1.9360753080098294e-16,2.323290369611795e-16,0.006464799997047521,0.007216999991214834,0.015625,0.0,4.6938406787517e-05,4.693847618966409e-05,4.260903036299665,4.26089673622682,6.3000728456330535e-06,0.0,0.0,0.0,True,0.015899399993941188,0.015625,,
184,arpack_matvec,central_difference,1.0,0.0019930728769184452,0.30055586540894663,89298128.83259922,329.1355243544694,329.138789094967,329.13480294921317,329.13806768971057,2,sparse_direct,not_applicable,1.9360753080098294e-16,3.097720492815727e-16,0.010685800007195212,0.006478499999502674,0.015625,0.015625,4.693841647037801e-05,4.6938466190934716e-05,4.260902157323872,4.2608976438737205,4.5134501513999226e-06,1.1616451848058975e-16,3.872150616019659e-17,7.744301232039318e-17,True,0.01825180000741966,0.03125,,
185,arpack_matvec,central_difference,1.0,0.0019930728769184452,0.30424885084853526,73101035.3240166,329.13543652239287,329.138789094967,329.13480294921317,329.1381555217872,2,sparse_direct,not_applicable,1.9360753080098294e-16,3.097720492815727e-16,0.006693800009088591,0.008062200009590015,0.0,0.015625,4.693839466504969e-05,4.693848840056691e-05,4.260904136734782,4.260895627767691,8.508967090925523e-06,1.1616451848058975e-16,7.744301232039318e-17,3.872150616019659e-17,True,0.01626639999449253,0.015625,,
186,arpack_matvec,central_difference,1.0,0.0019930728769184452,0.28372364981801135,79954457.6484613,329.1354406513162,329.138789094967,329.13480294921317,329.13815139286345,2,sparse_direct,not_applicable,1.9360753080098294e-16,2.710505431213761e-16,0.008742400008486584,0.012180899997474626,0.0,0.0,4.69383813679109e-05,4.693850126557372e-05,4.260905343803112,4.260894459932123,1.0883870989353284e-05,1.1616451848058975e-16,3.872150616019659e-17,1.5488602464078636e-16,True,0.022813399991719052,0.0,,
187,arpack_matvec,central_difference,1.0,0.0019930728769184452,0.19616618425645807,54744736.3829861,329.13480294921317,329.13872638997486,329.13486565420544,329.138789094967,2,sparse_direct,not_applicable,1.9360753080098294e-16,1.5488602464078636e-16,0.009009800007333979,0.009158600005321205,0.015625,0.0,4.693829802016119e-05,4.6938585173596635e-05,4.260912909839528,4.260886843101989,2.6066737539132134e-05,3.872150616019659e-17,3.872150616019659e-17,7.744301232039318e-17,True,0.02030469999590423,0.015625,,
188,arpack_matvec,central_difference,1.0,0.0019930728769184452,0.2506186403985856,85082932.08233184,329.135025175285,329.138789094967,329.13480294921317,329.1385668688948,2,sparse_direct,not_applicable,1.5488602464078636e-16,2.323290369611795e-16,0.00801409999257885,0.007806900001014583,0.015625,0.015625,4.693833811425847e-05,4.693854449908329e-05,4.260909270225014,4.260890535366004,1.8734859009938987e-05,0.0,1.9360753080098294e-16,1.9360753080098294e-16,True,0.017183700008899905,0.03125,,
189,arpack_matvec,central_difference,1.0,0.0019930728769184452,0.20074922391195482,50841448.67785593,329.13480294921305,329.1386117602771,329.1349802839025,329.1387890949669,2,sparse_direct,not_applicable,1.5488602464078636e-16,1.9360753080098294e-16,0.008542499999748543,0.005878800002392381,0.0,0.015625,4.693830365524747e-05,4.693857987657769e-05,4.26091239830396,4.260887323943089,2.507436087118009e-05,3.872150616019659e-17,7.744301232039318e-17,3.872150616019659e-17,True,0.01628809999965597,0.015625,,
190,arpack_matvec,central_difference,1.0,0.0019930728769184452,0.23597168897820214,74781450.83331835,329.13480294921305,329.1386304182396,329.13496162594015,329.1387890949669,2,sparse_direct,not_applicable,2.323290369611795e-16,2.710505431213761e-16,0.007966299992403947,0.006477899994933978,0.0,0.015625,4.693838171626643e-05,4.693850089074297e-05,4.260905312180593,4.2608944939578,1.081822279225264e-05,0.0,3.872150616019659e-17,3.872150616019659e-17,True,0.01576220001152251,0.015625,,
191,arpack_matvec,central_difference,1.0,0.0019930728769184452,0.2158304566982451,55241650.6737556,329.1348029492132,329.13867245978304,329.13491958439647,329.1387890949671,2,sparse_direct,not_applicable,3.097720492815727e-16,1.5488602464078636e-16,0.008132699993439019,0.010027299998910166,0.0,0.015625,4.69383544384849e-05,4.6938528864466025e-05,4.260907788365486,4.260891954613568,1.5833751918492567e-05,0.0,7.744301232039318e-17,7.744301232039318e-17,True,0.01970920000167098,0.015625,,
192,arpack_matvec,central_difference,1.0,0.0019930728769184452,0.2561554182837306,80073821.72500874,329.13510109647893,329.13878909496685,329.134802949213,329.1384909477006,2,sparse_direct,not_applicable,3.4849355544176928e-16,2.323290369611795e-16,0.016255199996521696,0.029779200005577877,0.0,0.015625,4.693838658392279e-05,4.693849608278209e-05,4.260904870311488,4.2608949304058275,9.939905660338866e-06,0.0,3.872150616019659e-17,3.872150616019659e-17,True,0.04824489999737125,0.015625,,
193,arpack_matvec,central_difference,1.0,0.0019930728769184452,0.21437334593137833,59426779.48113199,329.1350456061455,329.13878909496685,329.134802949213,329.1385464380343,2,sparse_direct,not_applicable,1.5488602464078636e-16,2.710505431213761e-16,0.015297499994630925,0.006956299999728799,0.015625,0.0,4.693836889759917e-05,4.693851457066168e-05,4.260906475815561,4.260893252148364,1.3223667196804456e-05,1.1616451848058975e-16,0.0,1.1616451848058975e-16,True,0.028858400008175522,0.03125,,
194,arpack_matvec,central_difference,1.0,0.0019930728769184452,0.31361534150046294,96424707.38417079,329.1348029492131,329.137926865299,329.13566517888097,329.13878909496697,2,sparse_direct,not_applicable,4.2593656776216244e-16,1.839271542609338e-16,0.01800569999613799,0.010620500004733913,0.015625,0.015625,4.693841840861411e-05,4.693846430860194e-05,4.260901981377714,4.260897814744826,4.166632887603328e-06,3.872150616019659e-17,3.872150616019659e-17,7.744301232039318e-17,True,0.03238020000571851,0.03125,,
195,arpack_matvec,central_difference,1.0,0.0019930728769184452,0.2792654547259129,60621652.08216918,329.134802949213,329.13877055938565,329.13482148479386,329.13878909496685,2,sparse_direct,not_applicable,3.872150616019659e-16,1.1616451848058975e-16,0.02625560000888072,0.035967199990409426,0.0,0.0,4.6938446263338285e-05,4.693843692701656e-05,4.260899452826838,4.260900300343942,8.475171044963759e-07,3.872150616019659e-17,1.1616451848058975e-16,1.5488602464078636e-16,True,0.06450900000345428,0.0,,
196,arpack_matvec,central_difference,1.0,0.0019930728769184452,0.26023881393814857,74780566.33982983,329.134802949213,329.1387034292022,329.1348886149776,329.13878909496685,2,sparse_direct,not_applicable,2.323290369611795e-16,2.710505431213761e-16,0.008906900009606034,0.006230400002095848,0.0,0.0,4.693846840726196e-05,4.6938414259804964e-05,4.260897442683867,4.2609023579918235,4.915307956210313e-06,0.0,3.872150616019659e-17,3.872150616019659e-17,True,0.016020700000808574,0.0,,
197,arpack_matvec,central_difference,1.0,0.0019930728769184452,0.23889740694558703,58010261.62269308,329.1352678630948,329.13878909496685,329.134802949213,329.1383241810847,2,sparse_direct,not_applicable,3.097720492815727e-16,3.872150616019659e-16,0.01815329999953974,0.010049699994851835,0.0,0.0,4.693852312060838e-05,4.6938359846013694e-05,4.260892476018061,4.260907297488054,1.482146999354228e-05,1.1616451848058975e-16,7.744301232039318e-17,1.9360753080098294e-16,True,0.029436100012389943,0.015625,,
198,arpack_matvec,central_difference,1.0,0.0019930728769184452,0.2333039879928569,79878087.70367469,329.13509097346645,329.1387890949669,329.13480294921305,329.1385010707134,2,sparse_direct,not_applicable,1.1616451848058975e-16,1.1616451848058975e-16,0.009298100005253218,0.007900900003733113,0.015625,0.015625,4.6938510242385476e-05,4.693837239250626e-05,4.260893645052246,4.260906158559732,1.2513507486211495e-05,1.1616451848058975e-16,0.0,1.1616451848058975e-16,True,0.0217191000119783,0.03125,,
199,arpack_matvec,central_difference,1.0,0.0019930728769184452,0.2207781930331818,53759582.210040964,329.13485729898616,329.1387890949669,329.13480294921305,329.1387347451938,2,sparse_direct,not_applicable,3.872150616019659e-16,2.323290369611795e-16,0.008233699991251342,0.01103490000241436,0.0,0.0,4.69385451665811e-05,4.6938338273019754e-05,4.260890474773263,4.260909255813182,1.8781039918813747e-05,1.5488602464078636e-16,3.872150616019659e-17,1.9360753080098294e-16,True,0.020172999997157604,0.0,,
200,arpack_matvec,central_difference,1.0,0.0019930728769184452,0.31280743204575606,97531907.7138294,329.1348029492129,329.1387263446794,329.13486569950066,329.13878909496674,2,sparse_direct,not_applicable,1.1132433021056518e-16,3.4849355544176928e-16,0.012888999990536831,0.007357800001045689,0.015625,0.0,4.693850085526799e-05,4.6938381805387826e-05,4.26089449717808,4.260905304090458,1.0806912377425704e-05,7.744301232039318e-17,1.5488602464078636e-16,2.323290369611795e-16,True,0.02376199999707751,0.015625,,
201,arpack_matvec,central_difference,1.0,0.0019930728769184452,0.3229597759036864,54500669.23597293,329.13582061598873,329.138789094967,329.13480294921317,329.13777142819043,2,sparse_direct,not_applicable,1.9360753080098294e-16,2.710505431213761e-16,0.00913570000557229,0.01238030000240542,0.0,0.015625,4.6938544775397086e-05,4.693833812653295e-05,4.260890510283359,4.260909269110777,1.875882741764201e-05,7.744301232039318e-17,3.872150616019659e-17,1.1616451848058975e-16,True,0.03355950000695884,0.03125,,
202,arpack_matvec,central_difference,1.0,0.0019930728769184452,0.3177903133161198,86253214.11567937,329.1352917523057,329.138789094967,329.13480294921317,329.1383002918736,2,sparse_direct,not_applicable,1.5488602464078636e-16,1.9360753080098294e-16,0.03110259999812115,0.00837780001165811,0.015625,0.015625,4.6938519471420486e-05,4.693836312663545e-05,4.260892807276852,4.260906999684206,1.4192407354229886e-05,3.872150616019659e-17,0.0,3.872150616019659e-17,True,0.06360229999700096,0.03125,,
203,arpack_matvec,central_difference,1.0,0.0019930728769184452,0.271140761858791,50292652.56493562,329.1354539742312,329.138789094967,329.13480294921317,329.13813806994864,2,sparse_direct,not_applicable,2.323290369611795e-16,1.9360753080098294e-16,0.0083881000027759,0.007484399990062229,0.015625,0.0,4.6938572459376327e-05,4.693831051069188e-05,4.260887997245612,4.260911775988248,2.377874263626012e-05,3.872150616019659e-17,3.872150616019659e-17,7.744301232039318e-17,True,0.01754159999836702,0.015625,,
204,arpack_matvec,central_difference,1.0,0.0019930728769184452,0.29662073919043824,88013345.13569042,329.1353359553221,329.138789094967,329.13480294921317,329.138256088858,2,sparse_direct,not_applicable,1.9360753080098294e-16,1.9360753080098294e-16,0.009745199989993125,0.01875360000121873,0.015625,0.015625,4.6938520823350976e-05,4.693836175719325e-05,4.260892684553962,4.260907123997574,1.4439443612346281e-05,7.744301232039318e-17,7.744301232039318e-17,0.0,True,0.030699499999172986,0.03125,,
205,arpack_matvec,central_difference,1.0,0.0019930728769184452,0.23390342976715608,61952425.50397357,329.1348029492129,329.1386695667139,329.1349224774662,329.13878909496674,2,sparse_direct,not_applicable,2.710505431213761e-16,3.097720492815727e-16,0.010732599999755621,0.008903299996745773,0.0,0.0,4.693860389711064e-05,4.6938279129098704e-05,4.260885143461015,4.260914624712198,2.9481251183405277e-05,3.872150616019659e-17,1.1616451848058975e-16,7.744301232039318e-17,True,0.021162699995329604,0.0,,
206,arpack_matvec,central_difference,1.0,0.0019930728769184452,0.27189909708719995,75864609.67142536,329.1348029492128,329.1384179766272,329.1351740675528,329.1387890949667,2,sparse_direct,not_applicable,1.5488602464078636e-16,1.9360753080098294e-16,0.0073554999980842695,0.0072868999995989725,0.0,0.015625,4.6938565590099105e-05,4.693831705793455e-05,4.260888620810062,4.260911181650293,2.25608402315558e-05,7.744301232039318e-17,1.1616451848058975e-16,1.9360753080098294e-16,True,0.015853699995204806,0.015625,,
207,arpack_matvec,central_difference,1.0,0.0019930728769184452,0.2329092317713924,43160499.001690134,329.1348879952309,329.13878909496674,329.1348029492129,329.1387040489491,2,sparse_direct,not_applicable,5.033795800825557e-16,2.323290369611795e-16,0.007460799999535084,0.006620400003157556,0.0,0.015625,4.693861566377998e-05,4.6938267775569584e-05,4.260884075333506,4.260915655351388,3.158001788161613e-05,3.872150616019659e-17,7.744301232039318e-17,3.872150616019659e-17,True,0.01633610000135377,0.015625,,
208,arpack_matvec,central_difference,1.0,0.0019930728769184452,0.2373598237531453,70434276.81990883,329.13480294921305,329.1385528460518,329.13503919812825,329.1387890949669,2,sparse_direct,not_applicable,1.5488602464078636e-16,1.1616451848058975e-16,0.005814000003738329,0.012520600008429028,0.0,0.0,4.693855490658541e-05,4.6938327819216736e-05,4.260889590615418,4.260910204775536,2.061416011844841e-05,0.0,3.872150616019659e-17,3.872150616019659e-17,True,0.020207199995638803,0.0,,
209,arpack_matvec,central_difference,1.0,0.0019930728769184452,0.2563936928507915,45719860.79118496,329.135207741997,329.13878909496657,329.1348029492127,329.13838430218317,2,sparse_direct,not_applicable,1.9360753080098294e-16,1.9360753080098294e-16,0.009615700007998385,0.010060999993584119,0.015625,0.0,4.693861406183474e-05,4.693826925745835e-05,4.260884220751157,4.260915520829959,3.130007880258745e-05,0.0,1.5488602464078636e-16,1.5488602464078636e-16,True,0.023739099997328594,0.015625,,
210,arpack_matvec,central_difference,1.0,0.0019930728769184452,0.23889230674029585,77310883.02786185,329.1353181229104,329.13878909496697,329.1348029492131,329.13827392126956,2,sparse_direct,not_applicable,3.4849355544176928e-16,1.5488602464078636e-16,0.029895800005760975,0.014679200001410209,0.0,0.0,4.693859190954839e-05,4.693829085315612e-05,4.26088623164078,4.260913560438088,2.7328797308712183e-05,0.0,1.1616451848058975e-16,1.1616451848058975e-16,True,0.04671690000395756,0.0,,
211,arpack_matvec,central_difference,1.0,0.0019930728769184452,0.2551230305777329,48301511.425643064,329.1355803468369,329.138789094967,329.13480294921317,329.1380116973424,2,sparse_direct,not_applicable,1.5488602464078636e-16,1.1616451848058975e-16,0.007260400001541711,0.0068567999987863,0.0,0.015625,4.693861976814977e-05,4.6938263609047504e-05,4.26088370275664,4.2609160335758425,3.233081920228642e-05,7.744301232039318e-17,3.872150616019659e-17,1.1616451848058975e-16,True,0.01582129999587778,0.015625,,
212,arpack_matvec,central_difference,1.0,0.0019930728769184452,0.20232992400016733,73300727.15358388,329.1348883970645,329.13878909496697,329.1348029492131,329.1387036471157,2,sparse_direct,not_applicable,1.9360753080098294e-16,1.9360753080098294e-16,0.008569900004658848,0.009882599988486618,0.0,0.015625,4.6938615035644684e-05,4.693826791645779e-05,4.260884132352907,4.260915642561978,3.151020907044e-05,3.872150616019659e-17,0.0,3.872150616019659e-17,True,0.019540799999958836,0.015625,,
213,arpack_matvec,central_difference,1.0,0.0019930728769184452,0.2488771941063608,37811409.27360867,329.13480294921317,329.13837808446806,329.1352139597112,329.138789094967,2,sparse_direct,not_applicable,1.9360753080098294e-16,1.9360753080098294e-16,0.011730300000635907,0.009770500008016825,0.015625,0.0,4.693857034997816e-05,4.693831312761425e-05,4.260888188727995,4.260911538432303,2.3349704308728292e-05,3.872150616019659e-17,7.744301232039318e-17,3.872150616019659e-17,True,0.022743000008631498,0.015625,,
214,arpack_matvec,central_difference,1.0,0.0019930728769184452,0.31911317040860254,92043468.71688463,329.13480294921317,329.13830145139417,329.1352905927857,329.138789094967,2,sparse_direct,not_applicable,1.5488602464078636e-16,1.5488602464078636e-16,0.008602499990956858,0.008868899996741675,0.015625,0.015625,4.693847073280753e-05,4.6938411948680975e-05,4.260897231579607,4.260902567787452,5.336207845374474e-06,3.872150616019659e-17,1.5488602464078636e-16,1.9360753080098294e-16,True,0.018811199988704175,0.03125,,
215,arpack_matvec,central_difference,1.0,0.0019930728769184452,0.24852347299785918,42199353.61163007,329.1355886582438,329.138789094967,329.13480294921317,329.13800338593614,2,sparse_direct,not_applicable,2.710505431213761e-16,2.710505431213761e-16,0.00850880000507459,0.027722499988158233,0.0,0.0,4.6938441321114964e-05,4.6938442030676585e-05,4.260899901463734,4.260899837052328,6.441140598667516e-08,7.744301232039318e-17,1.9360753080098294e-16,1.1616451848058975e-16,True,0.043936100002611056,0.0,,
216,arpack_matvec,central_difference,1.0,0.0019930728769184452,0.2434796906460537,82470307.94363761,329.1350184009341,329.1387890949669,329.13480294921305,329.1385736432454,2,sparse_direct,not_applicable,3.097720492815727e-16,3.097720492815727e-16,0.009013200004119426,0.008950200004619546,0.0,0.015625,4.6938397877098696e-05,4.6938484767989494e-05,4.260903845156169,4.2608959575191365,7.887637032411021e-06,7.744301232039318e-17,7.744301232039318e-17,1.5488602464078636e-16,True,0.02003260000492446,0.015625,,
217,arpack_matvec,central_difference,1.0,0.0019930728769184452,0.27089947886297416,68438469.5491915,329.134802949213,329.13842165924905,329.13517038493103,329.13878909496685,2,sparse_direct,not_applicable,3.4849355544176928e-16,1.2100470675061434e-16,0.009837300007347949,0.00837110000429675,0.0,0.015625,4.6938362751419516e-05,4.693852018657975e-05,4.260907033745049,4.2608927423575285,1.4291387520515286e-05,7.744301232039318e-17,3.872150616019659e-17,3.872150616019659e-17,True,0.020073899999260902,0.015625,,
218,arpack_matvec,central_difference,1.0,0.0019930728769184452,0.2828952492868592,86515354.61394712,329.135457068761,329.138789094967,329.13480294921317,329.13813497541906,2,sparse_direct,not_applicable,1.3310517742567576e-16,2.323290369611795e-16,0.00854070000059437,0.007879199998569675,0.0,0.0,4.6938356705031605e-05,4.6938525873980765e-05,4.26090758261592,4.260892226077878,1.535653804207726e-05,7.744301232039318e-17,0.0,7.744301232039318e-17,True,0.018433799996273592,0.0,,
219,arpack_matvec,central_difference,1.0,0.0019930728769184452,0.2717470364677727,55931213.70466187,329.1353398665033,329.138789094967,329.13480294921317,329.1382521776767,2,sparse_direct,not_applicable,2.323290369611795e-16,1.5730611877579863e-16,0.00979850000294391,0.00973869999870658,0.015625,0.0,4.693826632551938e-05,4.693861667938545e-05,4.260915786982616,4.260883983141246,3.1803841369359986e-05,3.872150616019659e-17,1.5488602464078636e-16,1.1616451848058975e-16,True,0.021442899989779107,0.015625,,
220,arpack_matvec,central_difference,1.0,0.0019930728769184452,0.3433558184788896,96881814.69142868,329.1355719061119,329.138789094967,329.13480294921317,329.13802013806793,2,sparse_direct,not_applicable,1.1616451848058975e-16,2.323290369611795e-16,0.005467499999213032,0.011431299994001165,0.0,0.0,4.693832491560349e-05,4.693855770048764e-05,4.260910468356209,4.260889336996442,2.1131359766890512e-05,3.872150616019659e-17,1.9360753080098294e-16,1.5488602464078636e-16,True,0.018220500001916662,0.0,,
221,arpack_matvec,central_difference,1.0,0.0019930728769184452,0.27293711565678175,56278205.114420116,329.1354995641421,329.138789094967,329.13480294921317,329.13809248003776,2,sparse_direct,not_applicable,1.9360753080098294e-16,1.9360753080098294e-16,0.019160399999236688,0.025037200000951998,0.0,0.0,4.693817762801131e-05,4.693870540737189e-05,4.260923838693004,4.260875928814801,4.7909878203356016e-05,7.744301232039318e-17,3.872150616019659e-17,1.1616451848058975e-16,True,0.05662089999532327,0.0,,
222,arpack_matvec,central_difference,1.0,0.0019930728769184452,0.25039033825476975,86821522.05613257,329.13480294921317,329.13875044595767,329.1348415982224,329.138789094967,2,sparse_direct,not_applicable,1.5488602464078636e-16,1.9360753080098294e-16,0.0118648000061512,0.008158199998433702,0.015625,0.0,4.6938230493897186e-05,4.6938652142618915e-05,4.260919039672865,4.260880763945198,3.8275727667347326e-05,3.872150616019659e-17,7.744301232039318e-17,1.1616451848058975e-16,True,0.022033500004909,0.015625,,
223,arpack_matvec,central_difference,1.0,0.0019930728769184452,0.24738347611417835,55056903.807935804,329.13480294921317,329.1382544344708,329.1353376097089,329.138789094967,2,sparse_direct,not_applicable,2.323290369611795e-16,3.097720492815727e-16,0.008008999997400679,0.011210900003788993,0.015625,0.0,4.693813951939539e-05,4.693874361637307e-05,4.260927298095351,4.260872460383376,5.483771197489773e-05,3.872150616019659e-17,3.872150616019659e-17,7.744301232039318e-17,True,0.020539099990855902,0.015625,,
224,arpack_matvec,central_difference,1.0,0.0019930728769184452,0.24982459481560707,91331055.78594571,329.1349297493495,329.1387890949669,329.13480294921305,329.13866229483034,2,sparse_direct,not_applicable,1.9360753080098294e-16,1.9360753080098294e-16,0.01185789999726694,0.00771250000980217,0.0,0.0,4.693820546968757e-05,4.693867712394668e-05,4.260921311300639,4.260878496253277,4.281504736258768e-05,1.1616451848058975e-16,3.872150616019659e-17,1.5488602464078636e-16,True,0.02094230000511743,0.0,,
225,arpack_matvec,central_difference,1.0,0.0019930728769184452,0.2544402843604784,64180134.180323936,329.1352747699228,329.13878909496685,329.134802949213,329.13831727425696,2,sparse_direct,not_applicable,1.5488602464078636e-16,1.5488602464078636e-16,0.009966600002371706,0.0103534999943804,0.0,0.0,4.693809010458859e-05,4.6938792910159484e-05,4.260931783853054,4.260867985736203,6.37981168507551e-05,1.5488602464078636e-16,0.0,1.5488602464078636e-16,True,0.021655200005625375,0.0,,
226,arpack_matvec,central_difference,1.0,0.0019930728769184452,0.2633446134959891,79288532.07726333,329.1350082245246,329.13878909496685,329.134802949213,329.13858381965537,2,sparse_direct,not_applicable,1.1616451848058975e-16,2.323290369611795e-16,0.021797200010041706,0.03499590000137687,0.0,0.015625,4.693825533462324e-05,4.693862733976004e-05,4.260916784703611,4.2608830154389095,3.3769264701888346e-05,3.872150616019659e-17,3.872150616019659e-17,7.744301232039318e-17,True,0.058683199997176416,0.015625,,
227,arpack_matvec,central_difference,1.0,0.0019930728769184452,0.28713052593267346,55949681.129718944,329.134802949213,329.13838148562894,329.13521055855057,329.13878909496685,2,sparse_direct,not_applicable,3.097720492815727e-16,2.710505431213761e-16,0.013947300001746044,0.008886499999789521,0.015625,0.0,4.6938271029517226e-05,4.6938612187200825e-05,4.260915359967767,4.260884390922317,3.096904545074608e-05,0.0,3.872150616019659e-17,3.872150616019659e-17,True,0.03144890000112355,0.03125,,
228,arpack_matvec,central_difference,1.0,0.0019930728769184452,0.30920037270690437,97983160.74179871,329.1348029492131,329.1384697592207,329.1351222849589,329.13878909496697,2,sparse_direct,not_applicable,1.9360753080098294e-16,2.323290369611795e-16,0.00688429998990614,0.017614100011996925,0.0,0.0,4.693835736714191e-05,4.693852532960425e-05,4.260907522511754,4.260892275494209,1.5247017545405583e-05,3.872150616019659e-17,7.744301232039318e-17,3.872150616019659e-17,True,0.02592949999962002,0.015625,,
229,arpack_matvec,central_difference,1.0,0.0019930728769184452,0.21934401763960149,52656885.54784261,329.1350055434903,329.1387890949668,329.13480294921294,329.13858650068954,2,sparse_direct,not_applicable,2.323290369611795e-16,1.1616451848058975e-16,0.011624899998423643,0.010062100001960061,0.015625,0.015625,4.69383370388517e-05,4.693854627146838e-05,4.260909367846936,4.260890374476086,1.8993370849429425e-05,7.744301232039318e-17,0.0,7.744301232039318e-17,True,0.02476119999482762,0.03125,,
230,arpack_matvec,central_difference,1.0,0.0019930728769184452,0.2465078129903567,71940376.4866538,329.1351620196916,329.13878909496685,329.134802949213,329.13843002448857,2,sparse_direct,not_applicable,2.323290369611795e-16,3.097720492815727e-16,0.014568800004781224,0.022693400009302422,0.0,0.0,4.693844667082133e-05,4.69384359905306e-05,4.2608994158370255,4.260900385354726,9.695177007884581e-07,3.872150616019659e-17,0.0,3.872150616019659e-17,True,0.03921750000154134,0.0,,
231,arpack_matvec,central_difference,1.0,0.0019930728769184452,0.22835075699350849,55140324.56582977,329.1349556805038,329.1387890949667,329.1348029492128,329.13863636367637,2,sparse_direct,not_applicable,1.5488602464078636e-16,1.2100470675061434e-16,0.008847299992339686,0.0056801000027917325,0.0,0.0,4.693852991647978e-05,4.693835340893709e-05,4.260891859115968,4.260907881824417,1.602270844891507e-05,0.0,1.1616451848058975e-16,1.1616451848058975e-16,True,0.01491820000228472,0.0,,
232,arpack_matvec,central_difference,1.0,0.0019930728769184452,0.24486302059090878,84003929.58645454,329.13480294921305,329.1386629427661,329.13492910141355,329.1387890949669,2,sparse_direct,not_applicable,1.9360753080098294e-16,2.323290369611795e-16,0.0038151000044308603,0.0031098999897949398,0.015625,0.0,4.693854651584001e-05,4.6938336180373026e-05,4.260890352293023,4.260909445776836,1.9093483812682166e-05,0.0,0.0,0.0,True,0.007423400005791336,0.015625,,
233,arpack_matvec,central_difference,1.0,0.0019930728769184452,0.23023110472285258,67771429.7973022,329.13496566579965,329.13878909496674,329.1348029492129,329.1386263783804,2,sparse_direct,not_applicable,3.097720492815727e-16,1.9360753080098294e-16,0.004225700002280064,0.0035955000057583675,0.0,0.0,4.693868531332035e-05,4.693819811339903e-05,4.260877752859508,4.2609219790844035,4.422622489563821e-05,7.744301232039318e-17,0.0,7.744301232039318e-17,True,0.00835910000023432,0.0,,
234,arpack_matvec,central_difference,1.0,0.0019930728769184452,0.24156724634642265,69548993.69429955,329.13484901174934,329.138789094967,329.13480294921317,329.1387430324306,2,sparse_direct,not_applicable,2.0812809561105665e-16,1.9360753080098294e-16,0.006002299996907823,0.002985300001455471,0.0,0.0,4.693867922454687e-05,4.693820344899682e-05,4.2608783055704045,4.260921494733401,4.318916299617115e-05,3.872150616019659e-17,1.5488602464078636e-16,1.1616451848058975e-16,True,0.009542900006636046,0.0,,
235,arpack_matvec,central_difference,1.0,0.0019930728769184452,0.2310573049043684,54656395.82958691,329.13532932898255,329.1387890949671,329.1348029492132,329.1382627151975,2,sparse_direct,not_applicable,2.323290369611795e-16,1.9360753080098294e-16,0.0035598999966168776,0.0037422000023070723,0.0,0.0,4.693887464605243e-05,4.693800829013832e-05,4.2608605661750785,4.2609392107934845,7.864461840600967e-05,1.9360753080098294e-16,3.872150616019659e-17,1.5488602464078636e-16,True,0.007859699995606206,0.0,,
236,arpack_matvec,central_difference,1.0,0.0019930728769184452,0.2675014173204632,80550746.38381752,329.13480294921305,329.13836067154426,329.1352313726356,329.1387890949669,2,sparse_direct,not_applicable,1.5488602464078636e-16,1.9360753080098294e-16,0.005342899996321648,0.0045298000040929765,0.0,0.0,4.6938677157840275e-05,4.69382054890741e-05,4.2608784931765715,4.260921309540784,4.281636421232804e-05,7.744301232039318e-17,3.872150616019659e-17,3.872150616019659e-17,True,0.010407099995063618,0.0,,
237,arpack_matvec,central_difference,1.0,0.0019930728769184452,0.25002508603203655,57087576.94040715,329.13480294921305,329.13825174687224,329.1353402973074,329.1387890949669,2,sparse_direct,not_applicable,2.710505431213761e-16,2.323290369611795e-16,0.004525700001977384,0.009254300006432459,0.0,0.0,4.693874206961518e-05,4.693814117575973e-05,4.260872600790592,4.26092714773473,5.454694413753458e-05,7.744301232039318e-17,1.1616451848058975e-16,1.9360753080098294e-16,True,0.015804700000444427,0.0,,
238,arpack_matvec,central_difference,1.0,0.0019930728769184452,0.27114285215403267,86196106.10937959,329.13480294921317,329.13849889803646,329.1350931461434,329.138789094967,2,sparse_direct,not_applicable,1.5488602464078636e-16,1.1616451848058975e-16,0.003563399994163774,0.00925489999644924,0.0,0.015625,4.693855975580693e-05,4.6938322920877074e-05,4.260889150423013,4.260910649431079,2.149900806536209e-05,3.872150616019659e-17,7.744301232039318e-17,1.1616451848058975e-16,True,0.013667499995790422,0.015625,,
239,arpack_matvec,central_difference,1.0,0.0019930728769184452,0.3036439223345062,67183681.1571732,329.13480294921305,329.13819864572406,329.1353933984559,329.1387890949669,2,sparse_direct,not_applicable,2.323290369611795e-16,1.9360753080098294e-16,0.00720950000686571,0.008579399989685044,0.015625,0.0,4.6938536831323234e-05,4.693834622723684e-05,4.26089123141425,4.260908533755421,1.7302341170477575e-05,3.872150616019659e-17,1.1616451848058975e-16,7.744301232039318e-17,True,0.017047699991962872,0.015625,,
240,arpack_matvec,central_difference,1.0,0.0019930728769184452,0.23626739214995818,73365028.0935375,329.134871587108,329.13878909496674,329.1348029492129,329.13872045707217,2,sparse_direct,not_applicable,1.9360753080098294e-16,1.5488602464078636e-16,0.004569400000036694,0.008810600003926083,0.0,0.015625,4.693847838955669e-05,4.693840434443905e-05,4.260896536528928,4.260903258073677,6.721544749233033e-06,7.744301232039318e-17,3.872150616019659e-17,3.872150616019659e-17,True,0.014251200002036057,0.015625,,
241,arpack_matvec,central_difference,1.0,0.0019930728769184452,0.2237266326508378,60725531.61897699,329.1348029492128,329.13866014219224,329.1349319019877,329.1387890949667,2,sparse_direct,not_applicable,3.097720492815727e-16,2.323290369611795e-16,0.0146835000050487,0.0064830999908735976,0.0,0.0,4.6938413849271737e-05,4.6938469520702926e-05,4.2609023952585705,4.260897341609891,5.05364867908753e-06,7.744301232039318e-17,0.0,7.744301232039318e-17,True,0.02195910000591539,0.0,,
242,arpack_matvec,central_difference,1.0,0.0019930728769184452,0.2332168554425947,67053771.30074771,329.1348453309004,329.1387890949669,329.13480294921305,329.13874671327966,2,sparse_direct,not_applicable,1.5488602464078636e-16,1.5488602464078636e-16,0.006812399995396845,0.006483299992396496,0.015625,0.0,4.693834403735875e-05,4.6938538651301355e-05,4.260908732545353,4.2608910662039765,1.7666341376454398e-05,3.872150616019659e-17,3.872150616019659e-17,0.0,True,0.013895600000978447,0.015625,,
243,arpack_matvec,central_difference,1.0,0.0019930728769184452,0.27166460105345835,52542243.48263906,329.1348029492131,329.13842952386,329.13516252031985,329.13878909496697,2,sparse_direct,not_applicable,3.097720492815727e-16,1.5488602464078636e-16,0.01047429999744054,0.03186689999711234,0.015625,0.0,4.693823897254285e-05,4.69386441506747e-05,4.2609182700056705,4.260881489418249,3.6780587421070265e-05,3.872150616019659e-17,7.744301232039318e-17,1.1616451848058975e-16,True,0.04432980000274256,0.015625,,
244,arpack_matvec,central_difference,1.0,0.0019930728769184452,0.25099425177656415,85002448.39632224,329.1348029492127,329.13871431982477,329.1348777243552,329.13878909496657,2,sparse_direct,not_applicable,2.323290369611795e-16,2.710505431213761e-16,0.03234599999268539,0.005971199992927723,0.0,0.0,4.6938202894452226e-05,4.693867976378277e-05,4.26092154507344,4.26087825662104,4.3288452400425115e-05,3.872150616019659e-17,1.5488602464078636e-16,1.1616451848058975e-16,True,0.04151710000587627,0.0,,
245,arpack_matvec,central_difference,1.0,0.0019930728769184452,0.21651524029411273,67076819.7835646,329.13480294921305,329.13859896870525,329.1349930754745,329.1387890949669,2,sparse_direct,not_applicable,1.4036545983071262e-16,2.323290369611795e-16,0.006292999998549931,0.006962700004805811,0.0,0.0,4.693796486346576e-05,4.693891835938946e-05,4.260943152984256,4.260856598115301,8.655486895481346e-05,3.872150616019659e-17,0.0,3.872150616019659e-17,True,0.014924699993571267,0.0,,
246,arpack_matvec,central_difference,1.0,0.0019930728769184452,0.2977073146309542,91364135.40369864,329.1348029492128,329.13833332519573,329.1352587189838,329.1387890949667,2,sparse_direct,not_applicable,2.710505431213761e-16,1.5488602464078636e-16,0.009420599992154166,0.006823600007919595,0.0,0.0,4.693814451649399e-05,4.6938738075647126e-05,4.260926844471245,4.260872963343778,5.3881127467292345e-05,0.0,0.0,0.0,True,0.017544900008942932,0.0,,
247,arpack_matvec,central_difference,1.0,0.0019930728769184452,0.22155523376430605,47025940.71453829,329.134802949213,329.13869674000404,329.13489530417627,329.13878909496685,2,sparse_direct,not_applicable,1.9360753080098294e-16,2.710505431213761e-16,0.013596599994343705,0.009717799999634735,0.0,0.0,4.6937914000304554e-05,4.6938969175451905e-05,4.260947770254603,4.260851985317901,9.578493670225896e-05,1.1616451848058975e-16,7.744301232039318e-17,1.9360753080098294e-16,True,0.029185900013544597,0.0,,
248,arpack_matvec,central_difference,1.0,0.0019930728769184452,0.2716175557241356,85321096.74442168,329.13480294921305,329.1386482547011,329.13494378947877,329.1387890949669,2,sparse_direct,not_applicable,2.710505431213761e-16,2.323290369611795e-16,0.008892999991076067,0.007953499996801838,0.015625,0.0,4.693818954111487e-05,4.6938693118660194e-05,4.26092275725319,4.26087704432681,4.571292638022584e-05,7.744301232039318e-17,0.0,7.744301232039318e-17,True,0.020672800004831515,0.015625,,
249,arpack_matvec,central_difference,1.0,0.0019930728769184452,0.2433347009526335,49874192.4095755,329.1348029492129,329.13833162257913,329.1352604216007,329.13878909496674,2,sparse_direct,not_applicable,1.9360753080098294e-16,2.323290369611795e-16,0.010520299998461269,0.02302719998988323,0.015625,0.0,4.693805690676831e-05,4.693882629147136e-05,4.260934797476899,4.260864955550441,6.984192645820286e-05,7.744301232039318e-17,3.872150616019659e-17,3.872150616019659e-17,True,0.035288800005218945,0.015625,,
250,arpack_matvec,central_difference,1.0,0.0019930728769184452,0.22133394911378595,67532887.67081308,329.1351771991839,329.1387890949667,329.1348029492128,329.1384148449956,2,sparse_direct,not_applicable,1.9360753080098294e-16,1.5488602464078636e-16,0.04288690000248607,0.012733499999740161,0.015625,0.015625,4.693814205148536e-05,4.693874054819398e-05,4.260927068238548,4.260872738897874,5.432934067339801e-05,7.744301232039318e-17,1.5488602464078636e-16,7.744301232039318e-17,True,0.0639143000007607,0.03125,,
251,arpack_matvec,central_difference,1.0,0.0019930728769184452,0.23669147635255391,49944776.98003092,329.13480294921317,329.1384422083221,329.1351498358574,329.138789094967,2,sparse_direct,not_applicable,2.323290369611795e-16,1.9360753080098294e-16,0.019511499995132908,0.005325000005541369,0.0,0.0,4.693804857295069e-05,4.6938834488595375e-05,4.260935554002885,4.260864211457862,7.134254502361159e-05,7.744301232039318e-17,1.1616451848058975e-16,3.872150616019659e-17,True,0.026248999987728894,0.0,,
252,arpack_matvec,central_difference,1.0,0.0019930728769184452,0.2051515902972313,69050791.26465027,329.1348029492132,329.13865810095336,329.1349339432266,329.1387890949671,2,sparse_direct,not_applicable,1.5488602464078636e-16,2.323290369611795e-16,0.010997400007909164,0.019151400003465824,0.0,0.015625,4.6938168586026585e-05,4.6938714097942166e-05,4.260924659500662,4.260875139925663,4.951957499965687e-05,7.744301232039318e-17,3.872150616019659e-17,1.1616451848058975e-16,True,0.031937700012349524,0.015625,,
253,arpack_matvec,central_difference,1.0,0.0019930728769184452,0.22507471327801667,57906074.22600456,329.13480294921317,329.13878700693925,329.13480503724037,329.138789094967,2,sparse_direct,not_applicable,1.9360753080098294e-16,1.5488602464078636e-16,0.024181100001442246,0.013182000009692274,0.0,0.0,4.693821844335251e-05,4.693866503900961e-05,4.260920133587312,4.260879593268892,4.0540318420489996e-05,3.872150616019659e-17,1.5488602464078636e-16,1.1616451848058975e-16,True,0.039812900009565055,0.0,,
254,arpack_matvec,central_difference,1.0,0.0019930728769184452,0.27250840548870275,76600079.45163675,329.13480474640653,329.13878909496685,329.134802949213,329.13878729777366,2,sparse_direct,not_applicable,2.323290369611795e-16,3.4849355544176928e-16,0.007349799998337403,0.0041385000076843426,0.0,0.0,4.693840300835844e-05,4.6938479662844285e-05,4.26090337935838,4.260896420944726,6.958413654167828e-06,1.9360753080098294e-16,0.0,1.9360753080098294e-16,True,0.012420800005202182,0.0,,
255,arpack_matvec,central_difference,1.0,0.0019930728769184452,0.3505093939477936,72458278.85547669,329.1357217495523,329.13878909496657,329.1348029492127,329.13787029462765,2,sparse_direct,not_applicable,1.1616451848058975e-16,1.5488602464078636e-16,0.005032400003983639,0.010400700004538521,0.0,0.015625,4.693845586008613e-05,4.6938427062629736e-05,4.260898581669555,4.260901195797228,2.614127672551092e-06,7.744301232039318e-17,3.872150616019659e-17,1.1616451848058975e-16,True,0.016920400012168102,0.015625,,
256,arpack_matvec,central_difference,1.0,0.0019930728769184452,0.21288908989932662,66867428.906580016,329.1351902843531,329.138789094967,329.13480294921317,329.1384017598264,2,sparse_direct,not_applicable,1.9360753080098294e-16,1.9360753080098294e-16,0.006347000002278946,0.004551899997750297,0.0,0.0,4.6938533615483354e-05,4.693834926395104e-05,4.260891523335257,4.260908258092521,1.6734757264380562e-05,7.744301232039318e-17,1.1616451848058975e-16,1.9360753080098294e-16,True,0.012306699994951487,0.015625,,
257,arpack_matvec,central_difference,1.0,0.0019930728769184452,0.17798607995300258,55187573.46364743,329.13484322498,329.1387890949669,329.13480294921305,329.1387488191994,2,sparse_direct,not_applicable,1.9360753080098294e-16,1.5488602464078636e-16,0.011063999991165474,0.006975500000407919,0.015625,0.0,4.693861147291888e-05,4.693827214003539e-05,4.2608844557617465,4.2609152591582635,3.0803396517065096e-05,3.872150616019659e-17,7.744301232039318e-17,3.872150616019659e-17,True,0.02356339999823831,0.015625,,
258,arpack_matvec,central_difference,1.0,0.0019930728769184452,0.24436806390506097,69568577.55274373,329.1354610399768,329.13878909496685,329.134802949213,329.1381310042028,2,sparse_direct,not_applicable,2.323290369611795e-16,2.323290369611795e-16,0.008369999995920807,0.006396500000846572,0.0,0.015625,4.693849572775299e-05,4.693838701451192e-05,4.260894962633995,4.260904831224091,9.8685900962181e-06,3.872150616019659e-17,3.872150616019659e-17,0.0,True,0.01718020001135301,0.015625,,
259,arpack_matvec,central_difference,1.0,0.0019930728769184452,0.2756883402705435,54680108.71375004,329.13532128901744,329.1387890949667,329.1348029492128,329.13827075516275,2,sparse_direct,not_applicable,2.710505431213761e-16,1.1616451848058975e-16,0.008657899990794249,0.005324199999449775,0.0,0.015625,4.693847840886568e-05,4.693840479493884e-05,4.260896534776131,4.260903217178892,6.6824027609158065e-06,3.872150616019659e-17,7.744301232039318e-17,3.872150616019659e-17,True,0.01559159999305848,0.015625,,
260,arpack_matvec,central_difference,1.0,0.0019930728769184452,0.2671494745105591,76309116.36820576,329.13480294921294,329.1384255571895,329.13516648699067,329.1387890949668,2,sparse_direct,not_applicable,2.710505431213761e-16,2.710505431213761e-16,0.004127899999730289,0.006199800001922995,0.0,0.0,4.693844942592942e-05,4.6938433311872233e-05,4.260899165738469,4.260900628513598,1.4627751285800628e-06,3.872150616019659e-17,1.1616451848058975e-16,7.744301232039318e-17,True,0.011618300006375648,0.0,,
261,arpack_matvec,central_difference,1.0,0.0019930728769184452,0.21942483537109583,53729836.26976635,329.1349885356457,329.1387890949669,329.13480294921305,329.13860350853395,2,sparse_direct,not_applicable,1.1616451848058975e-16,1.9360753080098294e-16,0.0077338999981293455,0.005515900003956631,0.0,0.0,4.693843469008452e-05,4.6938448469812295e-05,4.260900503404492,4.260899252531255,1.2508732369909126e-06,3.872150616019659e-17,1.1616451848058975e-16,7.744301232039318e-17,True,0.015037199991638772,0.015625,,
262,arpack_matvec,central_difference,1.0,0.0019930728769184452,0.23006120430160226,81735740.63531734,329.1348029492129,329.13863518108155,329.13495686309807,329.13878909496674,2,sparse_direct,not_applicable,1.5488602464078636e-16,1.9360753080098294e-16,0.007068399994750507,0.003909799997927621,0.015625,0.0,4.69384114220905e-05,4.693847140987724e-05,4.260902615589469,4.260897170117775,5.445471694009996e-06,1.1616451848058975e-16,0.0,1.1616451848058975e-16,True,0.012080600004992448,0.015625,,
263,arpack_matvec,central_difference,1.0,0.0019930728769184452,0.25124646662914507,68993449.84942907,329.13513030363436,329.1387890949669,329.13480294921305,329.13846174054527,2,sparse_direct,not_applicable,1.5488602464078636e-16,2.710505431213761e-16,0.0059658999962266535,0.006167600004118867,0.015625,0.0,4.693839696159417e-05,4.6938486136157124e-05,4.260903928262475,4.26089583332212,8.094940354475e-06,3.872150616019659e-17,0.0,3.872150616019659e-17,True,0.012876900000264868,0.015625,,
264,arpack_matvec,central_difference,1.0,0.0019930728769184452,0.26634589990168467,67826387.72558765,329.1348233175436,329.13878909496685,329.134802949213,329.1387687266364,2,sparse_direct,not_applicable,2.710505431213761e-16,2.710505431213761e-16,0.007233199998154305,0.004683699997258373,0.0,0.0,4.693837695903343e-05,4.6938505736469776e-05,4.260905744025933,4.260894054081619,1.1689944313886258e-05,1.1616451848058975e-16,3.872150616019659e-17,1.5488602464078636e-16,True,0.013157100009266287,0.0,,
265,arpack_matvec,central_difference,1.0,0.0019930728769184452,0.2800328365176715,60985594.40986583,329.1351996829225,329.138789094967,329.13480294921317,329.13839236125744,2,sparse_direct,not_applicable,2.323290369611795e-16,1.5488602464078636e-16,0.007912999994005077,0.005809199996292591,0.0,0.0,4.693834925685764e-05,4.693853358830426e-05,4.260908258736437,4.2608915258024656,1.6732933971752573e-05,7.744301232039318e-17,3.872150616019659e-17,1.1616451848058975e-16,True,0.015140999996219762,0.015625,,
266,arpack_matvec,central_difference,1.0,0.0019930728769184452,0.25251887608050116,77492410.43763196,329.13480294921305,329.13851487448176,329.1350771696981,329.1387890949669,2,sparse_direct,not_applicable,2.323290369611795e-16,1.9360753080098294e-16,0.008009299999685027,0.006767400001990609,0.0,0.015625,4.693834170508816e-05,4.69385409753943e-05,4.260908944261229,4.260890855232211,1.8089029017787084e-05,3.872150616019659e-17,1.1616451848058975e-16,7.744301232039318e-17,True,0.01628530000743922,0.015625,,
267,arpack_matvec,central_difference,1.0,0.0019930728769184452,0.22132187525986452,65871695.070286326,329.1349483725322,329.1387890949669,329.13480294921305,329.1386436716473,2,sparse_direct,not_applicable,1.9360753080098294e-16,1.5488602464078636e-16,0.008237600006395951,0.006539299996802583,0.015625,0.0,4.693829403120418e-05,4.693858907280204e-05,4.260913271944688,4.260886489148593,2.678279609469314e-05,0.0,3.872150616019659e-17,3.872150616019659e-17,True,0.018208099994808435,0.015625,,
268,arpack_matvec,central_difference,1.0,0.0019930728769184452,0.2750065401314205,78218245.12364048,329.1348029492127,329.1387285343738,329.1348635098058,329.13878909496657,2,sparse_direct,not_applicable,1.1616451848058975e-16,2.323290369611795e-16,0.007181199995102361,0.007462399997166358,0.015625,0.0,4.693834067982094e-05,4.6938542057801616e-05,4.260909037331632,4.260890756975656,1.82803559756195e-05,0.0,3.872150616019659e-17,3.872150616019659e-17,True,0.016872000007424504,0.015625,,
269,arpack_matvec,central_difference,1.0,0.0019930728769184452,0.2625572570317616,67719521.20229022,329.1351669968709,329.1387890949668,329.13480294921294,329.1384250473093,2,sparse_direct,not_applicable,1.1616451848058975e-16,1.9360753080098294e-16,0.006873499994981103,0.008268600009614602,0.015625,0.0,4.693831686707271e-05,4.693856609471985e-05,4.260911198976124,4.260888575002681,2.2623973443103296e-05,7.744301232039318e-17,3.872150616019659e-17,3.872150616019659e-17,True,0.017431200001738034,0.015625,,
270,arpack_matvec,central_difference,1.0,0.0019930728769184452,0.25625769451876423,70005076.84477237,329.13523079496025,329.13878909496685,329.134802949213,329.1383612492195,2,sparse_direct,not_applicable,2.323290369611795e-16,1.5488602464078636e-16,0.008043699999689125,0.00827249999565538,0.015625,0.0,4.693832636917846e-05,4.693855633923108e-05,4.260910336405344,4.26088946056572,2.087583962318007e-05,3.872150616019659e-17,3.872150616019659e-17,7.744301232039318e-17,True,0.01858969999011606,0.015625,,
271,arpack_matvec,central_difference,1.0,0.0019930728769184452,0.23250441331084193,54565792.91945785,329.13480294921305,329.1385942591327,329.1349977850475,329.1387890949669,2,sparse_direct,not_applicable,1.9360753080098294e-16,1.9360753080098294e-16,0.008289799996418878,0.006258099994738586,0.0,0.015625,4.693829774112531e-05,4.693858531670534e-05,4.260912935169539,4.260886830111184,2.6105058354986e-05,3.872150616019659e-17,7.744301232039318e-17,3.872150616019659e-17,True,0.01642119999451097,0.015625,,
272,arpack_matvec,central_difference,1.0,0.0019930728769184452,0.3181930362395427,96967952.35993165,329.1354161678341,329.13878909496674,329.1348029492129,329.13817587634554,2,sparse_direct,not_applicable,2.323290369611795e-16,1.9360753080098294e-16,0.016373599995858967,0.01749749999726191,0.015625,0.015625,4.6938350140512975e-05,4.693853257935492e-05,4.2609081785211265,4.260891617390835,1.656113029113726e-05,7.744301232039318e-17,3.872150616019659e-17,3.872150616019659e-17,True,0.03559329999552574,0.03125,,
273,arpack_matvec,central_difference,1.0,0.0019930728769184452,0.2646037562525876,71212594.95971322,329.13480294921317,329.13874840083196,329.13484364334766,329.138789094967,2,sparse_direct,not_applicable,3.872150616019659e-16,1.9360753080098294e-16,0.013066899991827086,0.010453199996845797,0.0,0.015625,4.6938313764324415e-05,4.693856919707536e-05,4.26091148063377,4.260888293383719,2.318725005157063e-05,3.872150616019659e-17,3.872150616019659e-17,7.744301232039318e-17,True,0.025500100004137494,0.015625,,
274,arpack_matvec,central_difference,1.0,0.0019930728769184452,0.27223693299752766,88531282.65170151,329.1352226464215,329.13878909496685,329.134802949213,329.1383693977587,2,sparse_direct,not_applicable,2.710505431213761e-16,2.323290369611795e-16,0.007981200003996491,0.010098099999595433,0.0,0.015625,4.69383703787445e-05,4.693851238278338e-05,4.260906341362198,4.260893450755337,1.2890606861049037e-05,3.872150616019659e-17,0.0,3.872150616019659e-17,True,0.019604300003265962,0.015625,,
275,arpack_matvec,central_difference,1.0,0.0019930728769184452,0.27061239337588167,67014629.38436154,329.13508503838176,329.13878909496685,329.134802949213,329.1385070057982,2,sparse_direct,not_applicable,1.1616451848058975e-16,3.097720492815727e-16,0.011912000001757406,0.008744000006117858,0.0,0.0,4.6938367991177905e-05,4.693851501905886e-05,4.260906558097421,4.260893211444637,1.3346652783852164e-05,1.1616451848058975e-16,3.872150616019659e-17,7.744301232039318e-17,True,0.02255239999794867,0.0,,
276,arpack_matvec,central_difference,1.0,0.0019930728769184452,0.23378327384608333,65007396.56110995,329.1348202420263,329.1387890949669,329.13480294921305,329.13877180215366,2,sparse_direct,not_applicable,3.097720492815727e-16,3.097720492815727e-16,0.01087790000019595,0.012076899991370738,0.0,0.0,4.6938398579881967e-05,4.6938484317439645e-05,4.260903781359959,4.260895998418327,7.782941631617746e-06,3.872150616019659e-17,3.872150616019659e-17,7.744301232039318e-17,True,0.030406799996853806,0.0,,
277,arpack_matvec,central_difference,1.0,0.0019930728769184452,0.24426958711157085,59581517.0084693,329.1348029492128,329.1387172300032,329.1348748141761,329.1387890949667,2,sparse_direct,not_applicable,1.9360753080098294e-16,1.9360753080098294e-16,0.008539000002201647,0.009058199997525662,0.0,0.0,4.693841929548997e-05,4.6938463946692794e-05,4.260901900870293,4.260897847597581,4.053272711246336e-06,1.9360753080098294e-16,7.744301232039318e-17,1.1616451848058975e-16,True,0.021158499992452562,0.0,,
278,arpack_matvec,central_difference,1.0,0.0019930728769184452,0.2699242767022927,73746333.45092842,329.134802949213,329.1383789575697,329.1352130866099,329.13878909496685,2,sparse_direct,not_applicable,1.1616451848058975e-16,1.9360753080098294e-16,0.008531500003300607,0.02865350000502076,0.0,0.015625,4.693845715570192e-05,4.6938425623166496e-05,4.260898464058371,4.260901326466516,2.8624081442885085e-06,7.744301232039318e-17,7.744301232039318e-17,1.5488602464078636e-16,True,0.03982580000592861,0.015625,,
279,arpack_matvec,central_difference,1.0,0.0019930728769184452,0.2556270950797593,65520786.59065772,329.1348029492131,329.1384193360381,329.1351727081414,329.13878909496697,2,sparse_direct,not_applicable,2.323290369611795e-16,3.097720492815727e-16,0.010055099992314354,0.008847499993862584,0.0,0.0,4.693846639909635e-05,4.693841661256182e-05,4.26089762497759,4.260902144416932,4.519439342764997e-06,3.872150616019659e-17,3.872150616019659e-17,7.744301232039318e-17,True,0.020880699987174012,0.0,,
280,arpack_matvec,central_difference,1.0,0.0019930728769184452,0.26223952446352417,72209227.56933384,329.13528568061184,329.1387890949667,329.1348029492128,329.1383063635681,2,sparse_direct,not_applicable,1.9360753080098294e-16,1.5488602464078636e-16,0.012926499999593943,0.009915300004649907,0.0,0.0,4.693845692069106e-05,4.6938425857254466e-05,4.260898485391784,4.260901305216852,2.81982506855627e-06,1.9360753080098294e-16,1.1616451848058975e-16,3.097720492815727e-16,True,0.024899100011680275,0.0,,
281,arpack_matvec,central_difference,1.0,0.0019930728769184452,0.22976087454289967,49998387.96952599,329.13498169746265,329.1387890949671,329.1348029492132,329.13861034671754,2,sparse_direct,not_applicable,2.323290369611795e-16,1.9360753080098294e-16,0.006212200009031221,0.007441299996571615,0.0,0.0,4.693846099253168e-05,4.6938422446120975e-05,4.260898115765273,4.260901614867292,3.4991020188002153e-06,1.1616451848058975e-16,0.0,1.1616451848058975e-16,True,0.015008799993665889,0.0,,
282,arpack_matvec,central_difference,1.0,0.0019930728769184452,0.2406557181699371,76710699.13930435,329.13480294921305,329.1387042641947,329.13488777998504,329.1387890949669,2,sparse_direct,not_applicable,1.5488602464078636e-16,2.710505431213761e-16,0.00865769998927135,0.01130100000591483,0.0,0.015625,4.69384477536058e-05,4.693843499172672e-05,4.26089931754584,4.26090047602251,1.1584766701489002e-06,1.1616451848058975e-16,3.872150616019659e-17,7.744301232039318e-17,True,0.024680799993802793,0.015625,,
283,arpack_matvec,central_difference,1.0,0.0019930728769184452,0.29869528967900416,58510724.125564456,329.1348029492132,329.1386007786814,329.1349912654988,329.1387890949671,2,sparse_direct,not_applicable,2.323290369611795e-16,1.9360753080098294e-16,0.007779899999150075,0.00960299999860581,0.0,0.0,4.693844290453039e-05,4.6938440136457496e-05,4.260899757727082,4.260900009002605,2.5127552305548306e-07,1.5488602464078636e-16,1.1616451848058975e-16,3.872150616019659e-17,True,0.01917110000795219,0.015625,,
284,arpack_matvec,central_difference,1.0,0.0019930728769184452,0.28044485089287197,86916836.17110504,329.1350961300728,329.13878909496674,329.1348029492129,329.13849591410684,2,sparse_direct,not_applicable,1.5488602464078636e-16,1.9360753080098294e-16,0.009709899997687899,0.009876799987978302,0.015625,0.015625,4.693843659084958e-05,4.6938446079190855e-05,4.260900330859956,4.260899469543063,8.613168924753722e-07,1.1616451848058975e-16,7.744301232039318e-17,1.9360753080098294e-16,True,0.021520299997064285,0.03125,,
285,arpack_matvec,central_difference,1.0,0.0019930728769184452,0.2975650917680226,60333354.95972332,329.1348029492128,329.13819603152024,329.13539601265995,329.1387890949667,2,sparse_direct,not_applicable,1.5488602464078636e-16,3.097720492815727e-16,0.0066026999993482605,0.004672499999287538,0.0,0.0,4.6938430448240545e-05,4.693845247553629e-05,4.260900888463706,4.260898888906433,1.9995572726472233e-06,7.744301232039318e-17,7.744301232039318e-17,0.0,True,0.01253440001164563,0.0,,
286,arpack_matvec,central_difference,1.0,0.0019930728769184452,0.2718885239055347,79347816.85905866,329.13519452780815,329.13878909496685,329.134802949213,329.1383975163719,2,sparse_direct,not_applicable,2.323290369611795e-16,2.323290369611795e-16,0.0031842000025790185,0.005213499985984527,0.015625,0.0,4.693842860863419e-05,4.6938454006759925e-05,4.260901055456522,4.260898749907627,2.305548894909748e-06,1.1616451848058975e-16,3.872150616019659e-17,1.5488602464078636e-16,True,0.00909029999456834,0.015625,,
287,arpack_matvec,central_difference,1.0,0.0019930728769184452,0.2680462980886026,61111908.85940838,329.1351284726385,329.13878909496685,329.134802949213,329.1384635715408,2,sparse_direct,not_applicable,1.9360753080098294e-16,2.323290369611795e-16,0.00493599999754224,0.006175999995321035,0.0,0.015625,4.693842032575344e-05,4.693846270970894e-05,4.260901807346659,4.260897959886343,3.847460316563911e-06,3.872150616019659e-17,3.872150616019659e-17,7.744301232039318e-17,True,0.011788999996497296,0.015625,,
288,arpack_matvec,central_difference,1.0,0.0019930728769184452,0.3324980798669037,102694386.54658669,329.1348029492127,329.1383774219399,329.1352146222401,329.13878909496657,2,sparse_direct,not_applicable,2.710505431213761e-16,2.710505431213761e-16,0.004990000001271255,0.0052247999992687255,0.0,0.0,4.69384253012082e-05,4.6938457350046666e-05,4.260901355692731,4.260898446416479,2.9092762519056237e-06,7.744301232039318e-17,0.0,7.744301232039318e-17,True,0.011495600003399886,0.0,,
289,arpack_matvec,central_difference,1.0,0.0019930728769184452,0.2943043357957469,70032982.85950989,329.1348029492127,329.1384485604659,329.13514348371416,329.13878909496657,2,sparse_direct,not_applicable,1.5488602464078636e-16,3.097720492815727e-16,0.0049706999998306856,0.004089499998372048,0.0,0.0,4.6938415744070135e-05,4.693846718195667e-05,4.260902223255513,4.260897553912471,4.669343041996399e-06,7.744301232039318e-17,7.744301232039318e-17,1.5488602464078636e-16,True,0.009699100002762862,0.0,,
290,arpack_matvec,central_difference,1.0,0.0019930728769184452,0.27229427898374664,93743155.98603196,329.13480294921317,329.1384440784284,329.1351479657518,329.138789094967,2,sparse_direct,not_applicable,2.710505431213761e-16,2.710505431213761e-16,0.005056200010585599,0.005117000007885508,0.0,0.015625,4.693841819661385e-05,4.69384643911405e-05,4.26090200062234,4.2608978072522845,4.193370055638468e-06,7.744301232039318e-17,0.0,7.744301232039318e-17,True,0.010922999994363636,0.015625,,
291,arpack_matvec,central_difference,1.0,0.0019930728769184452,0.22890402948221103,63135876.601741776,329.13492314831814,329.138789094967,329.13480294921317,329.13866889586194,2,sparse_direct,not_applicable,2.323290369611795e-16,2.323290369611795e-16,0.005091099999845028,0.005045600002631545,0.0,0.015625,4.693839875791971e-05,4.6938484355008606e-05,4.260903765198314,4.260895995007961,7.770190353362239e-06,3.872150616019659e-17,3.872150616019659e-17,0.0,True,0.010799900002893992,0.015625,,
292,arpack_matvec,central_difference,1.0,0.0019930728769184452,0.27805485477812386,72579582.5281071,329.13509970527446,329.138789094967,329.13480294921317,329.13849233890517,2,sparse_direct,not_applicable,1.9360753080098294e-16,1.9360753080098294e-16,0.003832000002148561,0.004891499993391335,0.0,0.0,4.693841773178812e-05,4.6938464960258524e-05,4.260902042817561,4.260897755589885,4.287227675980887e-06,7.744301232039318e-17,3.872150616019659e-17,1.1616451848058975e-16,True,0.009342000004835427,0.0,,
293,arpack_matvec,central_difference,1.0,0.0019930728769184452,0.2803761573472858,59527342.990099825,329.1348029492129,329.1385189150021,329.1350731291775,329.13878909496674,2,sparse_direct,not_applicable,3.097720492815727e-16,3.4849355544176928e-16,0.00495519999822136,0.004606699993018992,0.0,0.015625,4.693841317266035e-05,4.693846984830917e-05,4.260902456678949,4.260897311871032,5.1448079165794525e-06,3.872150616019659e-17,0.0,3.872150616019659e-17,True,0.010114200005773455,0.015625,,
294,arpack_matvec,central_difference,1.0,0.0019930728769184452,0.25793423675798943,83049640.12451935,329.1350419274262,329.1387890949669,329.13480294921305,329.13855011675344,2,sparse_direct,not_applicable,2.323290369611795e-16,2.323290369611795e-16,0.004939200007356703,0.005063299991888925,0.0,0.0,4.693841644984874e-05,4.693846620446702e-05,4.260902159187446,4.2608976426453085,4.516542137622537e-06,3.872150616019659e-17,0.0,3.872150616019659e-17,True,0.010679899991373532,0.0,,
295,arpack_matvec,central_difference,1.0,0.0019930728769184452,0.2474325457830312,57194626.24183518,329.135273010802,329.13878909496674,329.1348029492129,329.1383190333776,2,sparse_direct,not_applicable,1.9360753080098294e-16,1.5488602464078636e-16,0.004210099999909289,0.00348469999153167,0.015625,0.0,4.693840753786676e-05,4.693847556597238e-05,4.260902968185562,4.2608967928431865,6.175342375236426e-06,7.744301232039318e-17,3.872150616019659e-17,1.1616451848058975e-16,True,0.008227500002249144,0.015625,,
296,arpack_matvec,central_difference,1.0,0.0019930728769184452,0.25926083643821507,82303146.3129679,329.13480294921294,329.13874912791005,329.13484291627014,329.1387890949668,2,sparse_direct,not_applicable,2.710505431213761e-16,1.1616451848058975e-16,0.005135999992489815,0.004972800001269206,0.0,0.0,4.693841948304647e-05,4.6938463235342314e-05,4.260901883844584,4.2608979121713135,3.971673270264375e-06,3.872150616019659e-17,3.872150616019659e-17,0.0,True,0.01082239999959711,0.0,,
297,arpack_matvec,central_difference,1.0,0.0019930728769184452,0.21519548957144916,56465514.8325291,329.1348029492129,329.1385351348312,329.1350569093491,329.13878909496674,2,sparse_direct,not_applicable,1.5488602464078636e-16,1.9360753080098294e-16,0.004298800005926751,0.005212600008235313,0.0,0.0,4.6938412706485974e-05,4.69384707749659e-05,4.260902498996604,4.260897227752629,5.271243974647177e-06,0.0,7.744301232039318e-17,7.744301232039318e-17,True,0.010177100004511885,0.0,,
298,arpack_matvec,central_difference,1.0,0.0019930728769184452,0.2709493945277056,73899941.22504477,329.1352122524468,329.13878909496685,329.134802949213,329.1383797917328,2,sparse_direct,not_applicable,1.5488602464078636e-16,3.097720492815727e-16,0.0036764000105904415,0.003656000000773929,0.015625,0.0,4.6938433332889635e-05,4.6938449352345565e-05,4.260900626605714,4.26089917241814,1.4541875739126908e-06,1.1616451848058975e-16,3.872150616019659e-17,1.5488602464078636e-16,True,0.007887699990533292,0.015625,,
299,arpack_matvec,central_difference,1.0,0.0019930728769184452,0.22708093329077167,62400930.46224216,329.13506095407405,329.13878909496685,329.134802949213,329.1385310901059,2,sparse_direct,not_applicable,1.5488602464078636e-16,2.323290369611795e-16,0.004117100004805252,0.005069199993158691,0.0,0.0,4.6938434126884035e-05,4.6938449191840825e-05,4.260900554529786,4.260899186988168,1.36754161772501e-06,7.744301232039318e-17,0.0,7.744301232039318e-17,True,0.009867400003713556,0.0,,
300,arpack_matvec,central_difference,1.0,0.0019930728769184452,0.23522941888761784,66263844.496806696,329.1350735846861,329.138789094967,329.13480294921317,329.138518459494,2,sparse_direct,not_applicable,1.9360753080098294e-16,2.710505431213761e-16,0.004515499997069128,0.008162700003595091,0.0,0.0,4.6938442420880174e-05,4.6938440402153754e-05,4.2608998016310755,4.260899984883671,1.8325259532048221e-07,3.872150616019659e-17,1.1616451848058975e-16,1.5488602464078636e-16,True,0.013080000004265457,0.0,,
301,arpack_matvec,central_difference,1.0,0.0019930728769184452,0.1839894588345664,52702111.8006842,329.13480294921277,329.13874394797153,329.1348480962081,329.1387890949666,2,sparse_direct,not_applicable,1.5488602464078636e-16,1.1616451848058975e-16,0.003200000006472692,0.00389290000020992,0.015625,0.0,4.6938443958315596e-05,4.6938439594180464e-05,4.260899662068327,4.260900058228533,3.961602059732172e-07,3.872150616019659e-17,7.744301232039318e-17,1.1616451848058975e-16,True,0.007642199998372234,0.015625,,
302,arpack_matvec,central_difference,1.0,0.0019930728769184452,0.27327160174436627,69347320.43358383,329.13540751423204,329.13878909496685,329.134802949213,329.1381845299476,2,sparse_direct,not_applicable,2.323290369611795e-16,2.323290369611795e-16,0.004314300007536076,0.00403000001097098,0.0,0.0,4.6938442308057574e-05,4.693844051437063e-05,4.260899811872698,4.260899974697033,1.6282433445979905e-07,7.744301232039318e-17,3.872150616019659e-17,3.872150616019659e-17,True,0.008928600000217557,0.0,,
303,arpack_matvec,central_difference,1.0,0.0019930728769184452,0.3193077005352065,64928272.78670477,329.13543674472885,329.1387890949667,329.1348029492128,329.1381552994508,2,sparse_direct,not_applicable,3.872150616019659e-16,1.9360753080098294e-16,0.005269800007226877,0.005097799992654473,0.015625,0.0,4.693844219436855e-05,4.6938440857990525e-05,4.260899822192972,4.260899943504476,1.2131150395333634e-07,3.872150616019659e-17,3.872150616019659e-17,7.744301232039318e-17,True,0.011101299998699687,0.015625,,
304,arpack_matvec,central_difference,1.0,0.0019930728769184452,0.26577447272503707,68983449.8551016,329.13480294921317,329.13867082017543,329.1349212240042,329.138789094967,2,sparse_direct,not_applicable,1.5488602464078636e-16,2.323290369611795e-16,0.004310999996960163,0.004870399992796592,0.015625,0.0,4.693844183832405e-05,4.693844104239843e-05,4.2608998545133865,4.260899926764601,7.225121478882102e-08,1.9360753080098294e-16,3.872150616019659e-17,1.5488602464078636e-16,True,0.009899800003040582,0.015625,,
305,arpack_matvec,central_difference,1.0,0.0019930728769184452,0.25396897742192204,61202102.03945576,329.13510481613116,329.13878909496674,329.1348029492129,329.13848722804903,2,sparse_direct,not_applicable,1.1616451848058975e-16,2.323290369611795e-16,0.004769300008774735,0.0036989000072935596,0.0,0.0,4.693844172000844e-05,4.693844130787074e-05,4.260899865253644,4.2608999026659955,3.7412351439058966e-08,0.0,1.5488602464078636e-16,1.5488602464078636e-16,True,0.009093100001337007,0.0,,
306,arpack_matvec,central_difference,1.0,0.0019930728769184452,0.2378592942649468,63824216.63235972,329.13512983825075,329.1387890949669,329.13480294921305,329.13846220592933,2,sparse_direct,not_applicable,1.9360753080098294e-16,1.5488602464078636e-16,0.0040788000042084605,0.004064900000230409,0.015625,0.0,4.693844107326262e-05,4.6938441777432626e-05,4.260899923962863,4.260899860040888,6.392197526849941e-08,3.872150616019659e-17,1.1616451848058975e-16,7.744301232039318e-17,True,0.008504199999151751,0.015625,,
307,arpack_matvec,central_difference,1.0,0.0019930728769184452,0.2372335698770889,54262218.71587332,329.1350842765298,329.1387890949669,329.13480294921305,329.13850776765,2,sparse_direct,not_applicable,3.872150616019659e-16,3.097720492815727e-16,0.003931200000806712,0.006258500012336299,0.0,0.015625,4.6938440856967506e-05,4.693844219705002e-05,4.260899943597342,4.2608998219495575,1.2164778429024636e-07,7.744301232039318e-17,7.744301232039318e-17,0.0,True,0.010782199999084696,0.015625,,
308,arpack_matvec,central_difference,1.0,0.0019930728769184452,0.284357367656661,67624965.3295062,329.13556780658774,329.138789094967,329.13480294921317,329.1380242375922,2,sparse_direct,not_applicable,3.097720492815727e-16,2.323290369611795e-16,0.005025099992053583,0.005277999996906146,0.0,0.0,4.693844039742767e-05,4.693844232750237e-05,4.260899985312688,4.260899810107571,1.7520511708113418e-07,7.744301232039318e-17,7.744301232039318e-17,0.0,True,0.011157300003105775,0.0,,
309,arpack_matvec,central_difference,1.0,0.0019930728769184452,0.31520603044503887,70445240.41565636,329.13551120393316,329.138789094967,329.13480294921317,329.13808084024646,2,sparse_direct,not_applicable,2.710505431213761e-16,2.323290369611795e-16,0.005430399993201718,0.004880300009972416,0.015625,0.0,4.693844019281701e-05,4.69384425845729e-05,4.260900003886495,4.26089978677165,2.1711484521347302e-07,3.872150616019659e-17,7.744301232039318e-17,1.1616451848058975e-16,True,0.011012999995728023,0.015625,,
310,arpack_matvec,central_difference,1.0,0.0019930728769184452,0.25672080143362763,67742868.24939878,329.1349826341839,329.1387890949668,329.13480294921294,329.1386094099957,2,sparse_direct,not_applicable,1.5488602464078636e-16,1.1616451848058975e-16,0.008370299998205155,0.005402800001320429,0.0,0.0,4.693843991585618e-05,4.693844290419883e-05,4.260900029027987,4.26089975775718,2.7127080670652504e-07,3.872150616019659e-17,3.872150616019659e-17,0.0,True,0.014460499995038845,0.0,,
311,arpack_matvec,central_difference,1.0,0.0019930728769184452,0.22884847314495035,63441360.206029475,329.13481007330444,329.1387890949669,329.13480294921305,329.1387819708752,2,sparse_direct,not_applicable,1.9360753080098294e-16,2.323290369611795e-16,0.0043880000011995435,0.0041702000016812235,0.0,0.015625,4.693843983170315e-05,4.693844318610002e-05,4.260900036667091,4.260899732167224,3.0449986709868426e-07,7.744301232039318e-17,1.1616451848058975e-16,1.9360753080098294e-16,True,0.009310900000855327,0.015625,,
312,arpack_matvec,central_difference,1.0,0.0019930728769184452,0.2859891065746311,77381251.91817905,329.1348029492127,329.13877860236767,329.1348134418123,329.13878909496657,2,sparse_direct,not_applicable,1.790869659909092e-16,2.710505431213761e-16,0.004975699994247407,0.007132300001103431,0.0,0.0,4.693843997904334e-05,4.693844281717746e-05,4.260900023292087,4.260899765656661,2.5763542588208566e-07,0.0,3.872150616019659e-17,3.872150616019659e-17,True,0.012750200010486878,0.0,,
313,arpack_matvec,central_difference,1.0,0.0019930728769184452,0.27401281336808175,65362179.39817976,329.1352205755591,329.13878909496697,329.1348029492131,329.1383714686211,2,sparse_direct,not_applicable,1.5488602464078636e-16,1.5488602464078636e-16,0.0036232999991625547,0.003882399993017316,0.015625,0.0,4.693843972371414e-05,4.69384431758095e-05,4.2609000464699385,4.2608997331013585,3.133685799738828e-07,1.5488602464078636e-16,1.5488602464078636e-16,3.097720492815727e-16,True,0.008157400006894022,0.015625,,
314,arpack_matvec,central_difference,1.0,0.0019930728769184452,0.22859878067320952,58146948.59463146,329.134948101665,329.13878909496685,329.134802949213,329.13864394251453,2,sparse_direct,not_applicable,1.5488602464078636e-16,1.5488602464078636e-16,0.0050820999895222485,0.004342900007031858,0.0,0.015625,4.693843962754745e-05,4.693844326425871e-05,4.2609000551996,4.260899725072265,3.3012733524628857e-07,1.9360753080098294e-16,0.0,1.9360753080098294e-16,True,0.010039600005256943,0.015625,,
315,arpack_matvec,central_difference,1.0,0.0019930728769184452,0.2531461961470321,56640808.075288184,329.13490215288806,329.138789094967,329.13480294921317,329.1386898912919,2,sparse_direct,not_applicable,1.5488602464078636e-16,3.4849355544176928e-16,0.0045006000000284985,0.0051955999952042475,0.0,0.0,4.69384400026318e-05,4.6938442970190114e-05,4.260900021150813,4.260899751766733,2.6938408037580075e-07,3.872150616019659e-17,1.1616451848058975e-16,7.744301232039318e-17,True,0.010365200010710396,0.0,,
316,arpack_matvec,central_difference,1.0,0.0019930728769184452,0.2637664879916448,78336703.3710976,329.13505389227805,329.13878909496674,329.1348029492129,329.1385381519018,2,sparse_direct,not_applicable,1.5488602464078636e-16,3.4849355544176928e-16,0.004327000002376735,0.0032719000009819865,0.015625,0.0,4.693844059672388e-05,4.69384423976694e-05,4.260899967221306,4.260899803738065,1.6348324116677304e-07,3.872150616019659e-17,0.0,3.872150616019659e-17,True,0.007933700006105937,0.015625,,
317,arpack_matvec,central_difference,1.0,0.0019930728769184452,0.26646779194108333,79209878.28504716,329.1351151351981,329.13878909496674,329.1348029492129,329.1384769089821,2,sparse_direct,not_applicable,1.9360753080098294e-16,3.097720492815727e-16,0.004283300004317425,0.0060861999954795465,0.0,0.015625,4.693844095578216e-05,4.6938441956370776e-05,4.260899934627309,4.260899843797537,9.082977214802668e-08,7.744301232039318e-17,1.9360753080098294e-16,2.710505431213761e-16,True,0.011139199996250682,0.015625,,
318,arpack_matvec,central_difference,1.0,0.0019930728769184452,0.25690105003713015,74138257.77192724,329.1349362604523,329.1387890949668,329.13480294921294,329.13865578372764,2,sparse_direct,not_applicable,2.710505431213761e-16,1.9360753080098294e-16,0.0043661999952746555,0.004793100000824779,0.0,0.0,4.6938441747519976e-05,4.693844112476171e-05,4.260899862756248,4.260899919287964,5.6531716197127935e-08,1.1616451848058975e-16,1.9360753080098294e-16,3.097720492815727e-16,True,0.009904899998218752,0.0,,
319,arpack_matvec,central_difference,1.0,0.0019930728769184452,0.2407933529865065,67215460.78906293,329.1348161423771,329.13878909496685,329.134802949213,329.1387759018029,2,sparse_direct,not_applicable,1.5488602464078636e-16,1.9360753080098294e-16,0.005242100000032224,0.003849800006719306,0.015625,0.0,4.693844222175669e-05,4.693844076466615e-05,4.2608998197067764,4.260899951976121,1.322693448102541e-07,1.1616451848058975e-16,7.744301232039318e-17,3.872150616019659e-17,True,0.009820199993555434,0.015625,,
320,arpack_matvec,central_difference,1.0,0.0019930728769184452,0.2366926473315216,63930353.89735567,329.13480294921305,329.13864611223505,329.1349459319448,329.1387890949669,2,sparse_direct,not_applicable,1.9360753080098294e-16,2.323290369611795e-16,0.00459890000638552,0.0047448999976040795,0.0,0.0,4.693844262417444e-05,4.69384403740145e-05,4.260899783176767,4.26089998743805,2.0426128255479625e-07,3.872150616019659e-17,7.744301232039318e-17,3.872150616019659e-17,True,0.009951400003046729,0.0,,
321,arpack_matvec,central_difference,1.0,0.0019930728769184452,0.25173388662851687,68138677.32411219,329.1349552867935,329.138789094967,329.13480294921317,329.13863675738645,2,sparse_direct,not_applicable,1.5488602464078636e-16,1.5488602464078636e-16,0.004394000003230758,0.003703000009409152,0.0,0.0,4.693844272685437e-05,4.693844021289135e-05,4.26089977385586,4.260900002064219,2.2820835976489207e-07,3.872150616019659e-17,0.0,3.872150616019659e-17,True,0.00879420001001563,0.0,,
322,arpack_matvec,central_difference,1.0,0.0019930728769184452,0.23084312033281457,73323087.62932365,329.13480294921305,329.1387058607513,329.1348861834282,329.1387890949669,2,sparse_direct,not_applicable,2.323290369611795e-16,1.9360753080098294e-16,0.004962500010151416,0.004773900000145659,0.0,0.015625,4.6938443201504946e-05,4.693843972250983e-05,4.260899730768821,4.260900046579262,3.1581044090955857e-07,1.1616451848058975e-16,0.0,1.1616451848058975e-16,True,0.010454400005983189,0.015625,,
323,arpack_matvec,central_difference,1.0,0.0019930728769184452,0.2165688413423788,55500534.673779085,329.1349289943769,329.1387890949667,329.1348029492128,329.1386630498024,2,sparse_direct,not_applicable,2.710505431213761e-16,1.5488602464078636e-16,0.004284599999664351,0.005601099997875281,0.0,0.015625,4.693844330316225e-05,4.6938439789985533e-05,4.260899721540744,4.2609000404540645,3.189133206404904e-07,7.744301232039318e-17,0.0,7.744301232039318e-17,True,0.01057790000049863,0.015625,,
324,arpack_matvec,central_difference,1.0,0.0019930728769184452,0.20742220356958982,71210651.78948247,329.1348412075787,329.1387890949668,329.13480294921294,329.1387508366016,2,sparse_direct,not_applicable,3.872150616019659e-16,3.4849355544176928e-16,0.004111100002774037,0.003919099995982833,0.0,0.0,4.693844292527549e-05,4.693844009853906e-05,4.260899755843918,4.2609000124447025,2.566007841764417e-07,0.0,0.0,0.0,True,0.00856509999721311,0.0,,
325,arpack_matvec,central_difference,1.0,0.0019930728769184452,0.2654901689025265,68446022.46203785,329.1354616441777,329.1387890949671,329.1348029492132,329.1381304000021,2,sparse_direct,not_applicable,1.9360753080098294e-16,5.421010862427522e-16,0.003000000011525117,0.0038472000014735386,0.0,0.015625,4.6938442347709735e-05,4.6938440591920495e-05,4.26089980827322,4.26089996765734,1.5938412012417302e-07,1.1616451848058975e-16,1.9360753080098294e-16,3.097720492815727e-16,True,0.007401800001389347,0.015625,,
326,arpack_matvec,central_difference,1.0,0.0019930728769184452,0.235475830446119,70490007.16835226,329.1352787145887,329.13878909496674,329.1348029492129,329.1383133295908,2,sparse_direct,not_applicable,3.097720492815727e-16,1.5488602464078636e-16,0.004785299999639392,0.00464559999818448,0.0,0.0,4.693844220221148e-05,4.693844081985379e-05,4.260899821481019,4.260899946966389,1.2548536965084622e-07,3.872150616019659e-17,0.0,3.872150616019659e-17,True,0.010088800001540221,0.0,,
327,arpack_matvec,central_difference,1.0,0.0019930728769184452,0.2481316041888952,71443623.41119587,329.13482485408343,329.138789094967,329.13480294921317,329.13876719009653,2,sparse_direct,not_applicable,1.5488602464078636e-16,1.5488602464078636e-16,0.004032700002426282,0.0062756999977864325,0.0,0.0,4.6938441468208503e-05,4.6938441462458546e-05,4.260899888111121,4.260899888633081,5.219602527972711e-10,1.1616451848058975e-16,3.872150616019659e-17,1.5488602464078636e-16,True,0.011556199999176897,0.015625,,
328,arpack_matvec,central_difference,1.0,0.0019930728769184452,0.3039385968129019,83458403.49133998,329.1348029492128,329.13817070497976,329.13542133920055,329.1387890949667,2,sparse_direct,not_applicable,2.323290369611795e-16,1.5488602464078636e-16,0.00491889999830164,0.0037130000127945095,0.0,0.015625,4.6938441197263047e-05,4.6938441655836215e-05,4.260899912706558,4.260899871078964,4.1627593816429e-08,3.872150616019659e-17,0.0,3.872150616019659e-17,True,0.009803499997360632,0.015625,,
329,arpack_matvec,central_difference,1.0,0.0019930728769184452,0.22707713814967048,77251082.03550711,329.13480294921317,329.13840796248894,329.135184081691,329.138789094967,2,sparse_direct,not_applicable,2.323290369611795e-16,1.5488602464078636e-16,0.005209599999943748,0.005448500000056811,0.0,0.0,4.693844075617111e-05,4.6938442217540584e-05,4.26089995274727,4.260899820089499,1.3265777099036313e-07,1.1616451848058975e-16,7.744301232039318e-17,3.872150616019659e-17,True,0.011550800001714379,0.0,,
330,arpack_matvec,central_difference,1.0,0.0019930728769184452,0.22987039344497026,81772137.22645405,329.13480294921317,329.13853140364085,329.13506064053934,329.138789094967,2,sparse_direct,not_applicable,2.710505431213761e-16,2.323290369611795e-16,0.004362299994681962,0.004109099987545051,0.015625,0.0,4.693844060126077e-05,4.6938442315510285e-05,4.260899966809464,4.260899811196168,1.5561329558266834e-07,3.872150616019659e-17,7.744301232039318e-17,3.872150616019659e-17,True,0.009002499995403923,0.015625,,
331,arpack_matvec,central_difference,1.0,0.0019930728769184452,0.2470644077099652,59738421.87751312,329.1350995145354,329.13878909496685,329.134802949213,329.1384925296439,2,sparse_direct,not_applicable,2.710505431213761e-16,1.9360753080098294e-16,0.0064030999928945675,0.002957399992737919,0.0,0.015625,4.693844018503894e-05,4.693844274700056e-05,4.26090000459256,4.260899772027063,2.3256549663841497e-07,0.0,0.0,0.0,True,0.01018320000730455,0.015625,,
332,arpack_matvec,central_difference,1.0,0.0019930728769184452,0.26919556011909124,66945131.44811636,329.13508973681945,329.13878909496685,329.134802949213,329.13850230735983,2,sparse_direct,not_applicable,2.323290369611795e-16,1.5488602464078636e-16,0.0038108000007923692,0.0034593000018503517,0.0,0.0,4.6938440082329983e-05,4.6938442729218836e-05,4.260900013916103,4.260899773641222,2.4027488088051996e-07,3.872150616019659e-17,0.0,3.872150616019659e-17,True,0.007773699995595962,0.0,,
333,arpack_matvec,central_difference,1.0,0.0019930728769184452,0.28341366347099134,84291545.59831397,329.1348029492127,329.13815065264475,329.1354413915351,329.13878909496657,2,sparse_direct,not_applicable,1.9360753080098294e-16,1.9360753080098294e-16,0.005805099994176999,0.006700500001898035,0.0,0.0,4.693843992677342e-05,4.6938442914764364e-05,4.26090002803696,4.2608997567980795,2.712388802450505e-07,3.872150616019659e-17,3.872150616019659e-17,0.0,True,0.012994499993510544,0.015625,,
334,arpack_matvec,central_difference,1.0,0.0019930728769184452,0.31206309800446286,97164543.33918396,329.1348029492127,329.13844724305306,329.1351448011271,329.13878909496657,2,sparse_direct,not_applicable,2.323290369611795e-16,3.872150616019659e-16,0.0034887000074377283,0.006306800001766533,0.0,0.015625,4.693844002487609e-05,4.693844270371905e-05,4.260900019131558,4.260899775955999,2.4317555880060127e-07,1.9360753080098294e-16,3.872150616019659e-17,1.5488602464078636e-16,True,0.010386399997514673,0.015625,,
335,arpack_matvec,central_difference,1.0,0.0019930728769184452,0.2898763958246787,66173829.20875579,329.134802949213,329.1383414926293,329.1352505515509,329.13878909496685,2,sparse_direct,not_applicable,1.5488602464078636e-16,1.9360753080098294e-16,0.0037628999998560175,0.0033255000016652048,0.0,0.0,4.693843978473278e-05,4.6938442981141606e-05,4.26090004093089,4.260899750772596,2.9015829383638447e-07,7.744301232039318e-17,7.744301232039318e-17,1.5488602464078636e-16,True,0.007717200001934543,0.0,,
336,arpack_matvec,central_difference,1.0,0.0019930728769184452,0.23511339364749306,61955982.09139076,329.134802949213,329.1386879506067,329.13490409357314,329.13878909496685,2,sparse_direct,not_applicable,1.9360753080098294e-16,1.9360753080098294e-16,0.004621900006895885,0.004561000008834526,0.0,0.0,4.693843961942274e-05,4.693844321916653e-05,4.260900055937132,4.260899729165567,3.2677156447391553e-07,3.872150616019659e-17,1.1616451848058975e-16,1.5488602464078636e-16,True,0.01321520000055898,0.0,,
337,arpack_matvec,central_difference,1.0,0.0019930728769184452,0.23968612710882795,77109405.38328159,329.1348029492128,329.13866920757005,329.13492283661003,329.1387890949667,2,sparse_direct,not_applicable,1.5488602464078636e-16,2.323290369611795e-16,0.0060763000074075535,0.0067592999985208735,0.0,0.0,4.6938439586216484e-05,4.69384433826896e-05,4.260900058951473,4.260899714321543,3.446299308151879e-07,1.5488602464078636e-16,1.1616451848058975e-16,2.710505431213761e-16,True,0.01329230000555981,0.0,,
338,arpack_matvec,central_difference,1.0,0.0019930728769184452,0.2300204928916669,81797567.37104037,329.13488574223663,329.1387890949669,329.13480294921305,329.138706301943,2,sparse_direct,not_applicable,2.323290369611795e-16,2.323290369611795e-16,0.004175399997620843,0.006600699998671189,0.0,0.0,4.693843941574925e-05,4.693844351723142e-05,4.260900074425867,4.260899702108329,3.7231753768907083e-07,0.0,7.744301232039318e-17,7.744301232039318e-17,True,0.011486300005344674,0.0,,
339,arpack_matvec,central_difference,1.0,0.0019930728769184452,0.29753306744175956,84113408.5403664,329.1352228627873,329.1387890949667,329.1348029492128,329.1383691813923,2,sparse_direct,not_applicable,1.1858461261560205e-16,2.323290369611795e-16,0.004821700000320561,0.006161799989058636,0.0,0.0,4.693843972358583e-05,4.693844324429235e-05,4.260900046481587,4.2608997268847375,3.195968494296153e-07,1.5488602464078636e-16,1.9360753080098294e-16,3.872150616019659e-17,True,0.01218019999214448,0.0,,
340,arpack_matvec,central_difference,1.0,0.0019930728769184452,0.32516686525387306,96667504.25777364,329.13524562276797,329.13878909496685,329.134802949213,329.13834642141165,2,sparse_direct,not_applicable,1.9360753080098294e-16,3.4849355544176928e-16,0.0061634000012418255,0.004078600002685562,0.015625,0.0,4.6938439929402827e-05,4.693844285965872e-05,4.260900027798272,4.260899761800368,2.659979037034077e-07,3.872150616019659e-17,3.872150616019659e-17,0.0,True,0.011141900002257898,0.015625,,
341,arpack_matvec,central_difference,1.0,0.0019930728769184452,0.2541895797466765,60447350.33708091,329.1348029492129,329.13844899747176,329.1351430467075,329.13878909496674,2,sparse_direct,not_applicable,1.9360753080098294e-16,2.323290369611795e-16,0.012414800003170967,0.006494200002634898,0.0,0.0,4.693843876288077e-05,4.6938444358368816e-05,4.260900133690884,4.260899625752964,5.07937919280721e-07,0.0,7.744301232039318e-17,7.744301232039318e-17,True,0.019723900011740625,0.0,,
342,arpack_matvec,central_difference,1.0,0.0019930728769184452,0.2508182806635745,74537182.73419642,329.1349115339739,329.13878909496674,329.1348029492129,329.1386805102062,2,sparse_direct,not_applicable,1.9360753080098294e-16,2.323290369611795e-16,0.003215700009604916,0.003791099996306002,0.015625,0.0,4.693843877101788e-05,4.693844423726256e-05,4.260900132952226,4.2608996367465455,4.962056801005588e-07,7.744301232039318e-17,0.0,7.744301232039318e-17,True,0.007471200005966239,0.015625,,
343,arpack_matvec,central_difference,1.0,0.0019930728769184452,0.2057837661622835,68910982.4309247,329.1350558748697,329.13878909496674,329.1348029492129,329.13853616931016,2,sparse_direct,not_applicable,1.5488602464078636e-16,1.9360753080098294e-16,0.004783000011229888,0.017532900004880503,0.0,0.0,4.6938437593836265e-05,4.693844578601793e-05,4.260900239812479,4.260899496156223,7.436562556861759e-07,3.872150616019659e-17,7.744301232039318e-17,3.872150616019659e-17,True,0.027592500002356246,0.015625,,
344,arpack_matvec,central_difference,1.0,0.0019930728769184452,0.2960463613628413,77677976.80604714,329.13517995954317,329.13878909496685,329.134802949213,329.13841208463646,2,sparse_direct,not_applicable,2.323290369611795e-16,3.097720492815727e-16,0.02246920000470709,0.009805199995753355,0.015625,0.015625,4.693843997612986e-05,4.6938442978444464e-05,4.260900023556562,4.260899751017433,2.725391290425705e-07,0.0,7.744301232039318e-17,7.744301232039318e-17,True,0.033469300004071556,0.03125,,
345,arpack_matvec,central_difference,1.0,0.0019930728769184452,0.27551170005105174,76979291.33721818,329.1351398191837,329.1387890949667,329.1348029492128,329.1384522249965,2,sparse_direct,not_applicable,1.5488602464078636e-16,1.5488602464078636e-16,0.005678800007444806,0.00745759998972062,0.0,0.015625,4.6938440560294324e-05,4.6938442494282837e-05,4.260899970528248,4.260899794967851,1.7556039733079842e-07,7.744301232039318e-17,7.744301232039318e-17,1.5488602464078636e-16,True,0.014500699995551258,0.015625,,
346,arpack_matvec,central_difference,1.0,0.0019930728769184452,0.2621420556970005,65230907.80294685,329.13480294921317,329.1385080340174,329.13508401016225,329.138789094967,2,sparse_direct,not_applicable,2.323290369611795e-16,2.710505431213761e-16,0.005184599998756312,0.011193400001502596,0.0,0.0,4.693844129380622e-05,4.693844159711276e-05,4.260899903942722,4.260899876409664,2.7533057611606182e-08,7.744301232039318e-17,3.872150616019659e-17,3.872150616019659e-17,True,0.018118399995728396,0.0,,
347,arpack_matvec,central_difference,1.0,0.0019930728769184452,0.2774268097771519,74185885.75034651,329.13488289327705,329.13878909496674,329.1348029492129,329.13870915090314,2,sparse_direct,not_applicable,3.097720492815727e-16,1.9360753080098294e-16,0.0067122000036761165,0.01795280000078492,0.0,0.03125,4.6938441680307674e-05,4.693844112691754e-05,4.260899868857535,4.260899919092265,5.023473015342006e-08,1.1616451848058975e-16,7.744301232039318e-17,1.9360753080098294e-16,True,0.025743899997905828,0.03125,,
348,arpack_matvec,central_difference,1.0,0.0019930728769184452,0.2420294228747159,67437523.20539388,329.134802949213,329.1383919343799,329.13520010980005,329.13878909496685,2,sparse_direct,not_applicable,2.710505431213761e-16,2.323290369611795e-16,0.007186500006355345,0.009818000005907379,0.0,0.015625,4.693844299908938e-05,4.6938439916170275e-05,4.260899749143364,4.260900028999474,2.7985611072978145e-07,3.872150616019659e-17,3.872150616019659e-17,7.744301232039318e-17,True,0.018745199995464645,0.015625,,
349,arpack_matvec,central_difference,1.0,0.0019930728769184452,0.287879397663496,78520747.89580444,329.134802949213,329.1381807590417,329.1354112851383,329.13878909496685,2,sparse_direct,not_applicable,1.9360753080098294e-16,2.710505431213761e-16,0.017525599992950447,0.011685600009514019,0.0,0.0,4.6938443311780104e-05,4.6938439515840366e-05,4.260899720758446,4.2609000653399605,3.445815144331732e-07,0.0,1.1616451848058975e-16,1.1616451848058975e-16,True,0.03133519999391865,0.0,,
350,arpack_matvec,central_difference,1.0,0.0019930728769184452,0.2771770118249169,73027691.17863917,329.1352919669653,329.138789094967,329.13480294921317,329.13830007721486,2,sparse_direct,not_applicable,2.710505431213761e-16,1.9360753080098294e-16,0.012331699996138923,0.044897999992826954,0.015625,0.015625,4.693844491161497e-05,4.6938437832437234e-05,4.26089957553131,4.260900218153153,6.426218428501329e-07,1.5488602464078636e-16,1.1616451848058975e-16,3.872150616019659e-17,True,0.06908709999697749,0.03125,,
351,arpack_matvec,central_difference,1.0,0.0019930728769184452,0.30403181947815805,60671366.16551563,329.13545359511176,329.1387890949669,329.13480294921305,329.13813844906844,2,sparse_direct,not_applicable,1.3068508329066348e-16,3.4849355544176928e-16,0.019987199993920512,0.019935799995437264,0.0,0.0,4.693844555454068e-05,4.693843721530609e-05,4.260899517168877,4.260900274174068,7.570051909766562e-07,1.1616451848058975e-16,7.744301232039318e-17,3.872150616019659e-17,True,0.045896600000560284,0.0,,
352,arpack_matvec,central_difference,1.0,0.0019930728769184452,0.24827939807772859,74247116.32129714,329.1348029492127,329.1386491238121,329.1349429203676,329.13878909496657,2,sparse_direct,not_applicable,1.9360753080098294e-16,2.710505431213761e-16,0.010830400002305396,0.014750200003618374,0.0,0.0,4.6938447438055e-05,4.693843543429329e-05,4.260899346190379,4.260900435847926,1.089657547304057e-06,3.872150616019659e-17,3.872150616019659e-17,7.744301232039318e-17,True,0.027390700008254498,0.015625,,
353,arpack_matvec,central_difference,1.0,0.0019930728769184452,0.24266711302723085,63716987.51040818,329.13516268879874,329.138789094967,329.13480294921317,329.1384293553812,2,sparse_direct,not_applicable,1.9360753080098294e-16,1.5488602464078636e-16,0.006681599988951348,0.009569300003931858,0.015625,0.0,4.693844858913836e-05,4.693843435354011e-05,4.260899241699274,4.2609005339547705,1.2922554963878952e-06,3.872150616019659e-17,3.872150616019659e-17,7.744301232039318e-17,True,0.018735599995125085,0.015625,,
354,arpack_matvec,central_difference,1.0,0.0019930728769184452,0.27309257347933746,60079771.88667545,329.13531490691395,329.1387890949669,329.13480294921305,329.13827713726533,2,sparse_direct,not_applicable,1.1616451848058975e-16,1.5488602464078636e-16,0.023082300001988187,0.04086219999589957,0.0,0.0,4.69384490101155e-05,4.6938433828980054e-05,4.260899203484522,4.260900581572427,1.378087905123948e-06,3.872150616019659e-17,0.0,3.872150616019659e-17,True,0.0651817000034498,0.015625,,
355,arpack_matvec,central_difference,1.0,0.0019930728769184452,0.22216245372618093,64588333.12882049,329.1348029492128,329.13870505255113,329.1348869916286,329.1387890949667,2,sparse_direct,not_applicable,4.2593656776216244e-16,2.323290369611795e-16,0.037183899999945424,0.03287330000603106,0.0,0.0,4.693845067469968e-05,4.693843222388577e-05,4.2608990523797186,4.260900727277063,1.674897344372539e-06,3.872150616019659e-17,7.744301232039318e-17,1.1616451848058975e-16,True,0.07535279999137856,0.0,,
356,arpack_matvec,central_difference,1.0,0.0019930728769184452,0.2534308876665639,65126793.02929578,329.1353801691637,329.138789094967,329.13480294921317,329.1382118750158,2,sparse_direct,not_applicable,2.323290369611795e-16,1.5488602464078636e-16,0.011710999999195337,0.021953100003884174,0.015625,0.0,4.6938448736351066e-05,4.693843411120933e-05,4.260899228335848,4.260900555952679,1.3276168306930458e-06,3.872150616019659e-17,7.744301232039318e-17,1.1616451848058975e-16,True,0.03565540000272449,0.015625,,
357,arpack_matvec,central_difference,1.0,0.0019930728769184452,0.2951015024474633,61893023.825945,329.13543875937285,329.138789094967,329.13480294921317,329.13815328480644,2,sparse_direct,not_applicable,2.323290369611795e-16,1.5488602464078636e-16,0.01209870001184754,0.014506599996821024,0.015625,0.0,4.693844668773972e-05,4.693843614505758e-05,4.260899414301237,4.26090037132733,9.570260930402696e-07,3.872150616019659e-17,2.710505431213761e-16,3.097720492815727e-16,True,0.028995500004384667,0.015625,,
358,arpack_matvec,central_difference,1.0,0.0019930728769184452,0.24464365748370065,72623394.32441358,329.13507732937376,329.1387890949667,329.1348029492128,329.13851471480575,2,sparse_direct,not_applicable,2.323290369611795e-16,1.9360753080098294e-16,0.011470299999928102,0.010091500007547438,0.0,0.0,4.6938445065673806e-05,4.693843795862254e-05,4.260899561546415,4.260900206698511,6.451520961903157e-07,3.872150616019659e-17,1.1616451848058975e-16,7.744301232039318e-17,True,0.023419499993906356,0.0,,
359,arpack_matvec,central_difference,1.0,0.0019930728769184452,0.25623578261347674,76882173.30099812,329.13499767647033,329.1387890949667,329.1348029492128,329.1385943677095,2,sparse_direct,not_applicable,1.1616451848058975e-16,1.9360753080098294e-16,0.004870400007348508,0.013236699989647605,0.015625,0.015625,4.69384437271895e-05,4.693843926091031e-05,4.2608996830491055,4.26090008848158,4.0543247425972595e-07,3.872150616019659e-17,7.744301232039318e-17,3.872150616019659e-17,True,0.020471800002269447,0.03125,,
360,arpack_matvec,central_difference,1.0,0.0019930728769184452,0.2610732559388831,77428048.55738737,329.13480294921305,329.1384323308689,329.1351597133106,329.1387890949669,2,sparse_direct,not_applicable,1.2100470675061434e-16,1.5488602464078636e-16,0.007281600002897903,0.008963400003267452,0.0,0.015625,4.6938441448153176e-05,4.6938441421052546e-05,4.26089988993167,4.260899892391766,2.4600961268106403e-09,0.0,1.1616451848058975e-16,1.1616451848058975e-16,True,0.01828129999921657,0.015625,,
361,arpack_matvec,central_difference,1.0,0.0019930728769184452,0.2987833333245871,65933243.07949884,329.13480294921305,329.13823548321443,329.1353565609652,329.1387890949669,2,sparse_direct,not_applicable,1.5488602464078636e-16,3.097720492815727e-16,0.00827559999015648,0.014097199993557297,0.0,0.0,4.693844054782829e-05,4.693844232715143e-05,4.260899971659869,4.260899810139428,1.6152044146622302e-07,1.1616451848058975e-16,0.0,1.1616451848058975e-16,True,0.023988400003872812,0.015625,,
362,arpack_matvec,central_difference,1.0,0.0019930728769184452,0.25631794548655557,75840591.71818028,329.13480294921305,329.13866380377107,329.13492824040924,329.1387890949669,2,sparse_direct,not_applicable,1.9360753080098294e-16,2.710505431213761e-16,0.0478447000059532,0.04313700000056997,0.0,0.015625,4.693843902079787e-05,4.693844397815836e-05,4.2609001102781106,4.260899660267073,4.5001103732289494e-07,7.744301232039318e-17,1.9360753080098294e-16,2.710505431213761e-16,True,0.09269199999107514,0.03125,,
363,arpack_matvec,central_difference,1.0,0.0019930728769184452,0.2742972385659292,75567210.65883975,329.13480294921305,329.1385864671763,329.1350055770039,329.1387890949669,2,sparse_direct,not_applicable,1.9360753080098294e-16,1.9360753080098294e-16,0.011238299994147383,0.008647200011182576,0.0,0.015625,4.693843857037516e-05,4.693844440398633e-05,4.260900151165839,4.260899621611974,5.295538656469034e-07,7.744301232039318e-17,3.872150616019659e-17,1.1616451848058975e-16,True,0.02238339999166783,0.015625,,
364,arpack_matvec,central_difference,1.0,0.0019930728769184452,0.2712874324635372,81472267.16603269,329.13480294921305,329.13845696732636,329.1351350768535,329.1387890949669,2,sparse_direct,not_applicable,1.1616451848058975e-16,1.5488602464078636e-16,0.009336899995105341,0.00663239999266807,0.015625,0.0,4.6938437858158324e-05,4.6938445047869594e-05,4.260900215818286,4.260899563162616,6.526556699526509e-07,3.872150616019659e-17,3.872150616019659e-17,7.744301232039318e-17,True,0.017370400004438125,0.015625,,
365,arpack_matvec,central_difference,1.0,0.0019930728769184452,0.23452980068588655,57251917.268562645,329.13480294921317,329.1383462571903,329.13524578698923,329.138789094967,2,sparse_direct,not_applicable,2.710505431213761e-16,1.1616451848058975e-16,0.007149299999582581,0.010508899998967536,0.015625,0.0,4.693843780564025e-05,4.6938445316403385e-05,4.260900220585685,4.260899538786106,6.817995794605736e-07,7.744301232039318e-17,3.872150616019659e-17,1.1616451848058975e-16,True,0.019761999996262603,0.015625,,
366,arpack_matvec,central_difference,1.0,0.0019930728769184452,0.297194095969469,91885787.66282481,329.1348029492132,329.13820083936906,329.13539120481056,329.1387890949671,2,sparse_direct,not_applicable,3.097720492815727e-16,3.4849355544176928e-16,0.01022380001086276,0.009898600008455105,0.0,0.015625,4.693843936480798e-05,4.6938443425198595e-05,4.260900079050129,4.2608997104627315,3.6858739704825894e-07,3.872150616019659e-17,0.0,3.872150616019659e-17,True,0.02188899999600835,0.015625,,
367,arpack_matvec,central_difference,1.0,0.0019930728769184452,0.24865713555633986,73063470.2388193,329.13495190989966,329.1387890949671,329.1348029492132,329.1386401342802,2,sparse_direct,not_applicable,2.323290369611795e-16,2.710505431213761e-16,0.006931199997779913,0.00564940000185743,0.0,0.015625,4.6938439899089245e-05,4.693844314811318e-05,4.260900030550028,4.26089973561553,2.9493449815731765e-07,7.744301232039318e-17,0.0,7.744301232039318e-17,True,0.013854000004357658,0.015625,,
368,arpack_matvec,central_difference,1.0,0.0019930728769184452,0.22899709765225293,60021428.02018582,329.13489953875757,329.1387890949669,329.13480294921305,329.1386925054226,2,sparse_direct,not_applicable,1.9360753080098294e-16,1.5488602464078636e-16,0.01160830000299029,0.008438199991360307,0.015625,0.0,4.693844064170487e-05,4.693844234405088e-05,4.260899963138097,4.260899808605358,1.545327386054396e-07,3.872150616019659e-17,3.872150616019659e-17,0.0,True,0.02542439999524504,0.015625,,
369,arpack_matvec,central_difference,1.0,0.0019930728769184452,0.27681986541632936,62819411.712779,329.1351621362209,329.138789094967,329.13480294921317,329.1384299079586,2,sparse_direct,not_applicable,1.5488602464078636e-16,1.5488602464078636e-16,0.007134100000257604,0.004356799996457994,0.015625,0.0,4.6938442216595784e-05,4.693844063824557e-05,4.260899820175264,4.260899963452119,1.4327685526893674e-07,7.744301232039318e-17,3.872150616019659e-17,3.872150616019659e-17,True,0.012269399987417273,0.015625,,
370,arpack_matvec,central_difference,1.0,0.0019930728769184452,0.22516684481284327,71718439.92844161,329.1348029492128,329.13864217423696,329.1349498699432,329.1387890949667,2,sparse_direct,not_applicable,1.9360753080098294e-16,3.097720492815727e-16,0.010372299992013723,0.009204000001773238,0.0,0.015625,4.693844342570989e-05,4.6938439571881014e-05,4.260899710416318,4.260900060252795,3.49836477120391e-07,1.1616451848058975e-16,1.1616451848058975e-16,0.0,True,0.020270200009690598,0.015625,,
371,arpack_matvec,central_difference,1.0,0.0019930728769184452,0.26800355243590546,83621486.91761172,329.13480294921317,329.1382021002656,329.1353899439145,329.138789094967,2,sparse_direct,not_applicable,3.097720492815727e-16,2.710505431213761e-16,0.00700949999736622,0.0054869000014150515,0.0,0.0,4.6938443922748425e-05,4.693843888406702e-05,4.260899665296984,4.260900122690038,4.573930540985316e-07,1.1616451848058975e-16,0.0,1.1616451848058975e-16,True,0.013727999990805984,0.0,,
372,arpack_matvec,central_difference,1.0,0.0019930728769184452,0.26896994243203803,87304830.74343042,329.1348029492129,329.1385059294645,329.1350861147155,329.13878909496674,2,sparse_direct,not_applicable,2.710505431213761e-16,1.5488602464078636e-16,0.004550900004687719,0.004678000012063421,0.0,0.0,4.69384443099585e-05,4.69384385348719e-05,4.260899630147475,4.260900154388696,5.242412211003966e-07,7.744301232039318e-17,7.744301232039318e-17,0.0,True,0.010507900005904958,0.015625,,
373,arpack_matvec,central_difference,1.0,0.0019930728769184452,0.2964476368876926,79480366.51544157,329.13480294921305,329.13849084129936,329.13510120288083,329.1387890949669,2,sparse_direct,not_applicable,2.710505431213761e-16,1.1616451848058975e-16,0.004088000001502223,0.00858880000305362,0.0,0.015625,4.693844442796206e-05,4.693843843351502e-05,4.260899619435545,4.260900163589504,5.441539592254685e-07,7.744301232039318e-17,7.744301232039318e-17,0.0,True,0.013468399993143976,0.015625,,
374,arpack_matvec,central_difference,1.0,0.0019930728769184452,0.33289530869404826,83851016.69339752,329.1348029492131,329.13820132812907,329.13539071605067,329.13878909496697,2,sparse_direct,not_applicable,2.323290369611795e-16,2.323290369611795e-16,0.004423800011863932,0.002903299988247454,0.0,0.015625,4.693844385255034e-05,4.693843888659089e-05,4.260899671669309,4.26090012246093,4.5079162092065417e-07,1.5488602464078636e-16,3.872150616019659e-17,1.9360753080098294e-16,True,0.00876730000891257,0.015625,,
375,arpack_matvec,central_difference,1.0,0.0019930728769184452,0.2745677964129376,71046983.3956672,329.1351815647049,329.1387890949669,329.13480294921305,329.1384104794744,2,sparse_direct,not_applicable,1.9360753080098294e-16,3.097720492815727e-16,0.0026379000046290457,0.00716949999332428,0.0,0.0,4.693844504050717e-05,4.693843781012453e-05,4.26089956383095,4.260900220178619,6.563476686594072e-07,1.1616451848058975e-16,3.872150616019659e-17,7.744301232039318e-17,True,0.010412100004032254,0.0,,
376,arpack_matvec,central_difference,1.0,0.0019930728769184452,0.26768528422826077,80683670.3965173,329.1348029492127,329.138514254223,329.13507778995717,329.13878909496657,2,sparse_direct,not_applicable,1.5488602464078636e-16,1.5488602464078636e-16,0.007579299999633804,0.009556299992254935,0.015625,0.0,4.6938444711357044e-05,4.6938438019160185e-05,4.260899593709989,4.260900201203124,6.074931349075996e-07,0.0,3.872150616019659e-17,3.872150616019659e-17,True,0.01883810000435915,0.03125,,
377,arpack_matvec,central_difference,1.0,0.0019930728769184452,0.22726354707049554,67650000.10000947,329.1348029492128,329.13862599609206,329.13496604808813,329.1387890949667,2,sparse_direct,not_applicable,2.323290369611795e-16,1.5488602464078636e-16,0.012383499997667968,0.006139300006907433,0.0,0.015625,4.693844525621764e-05,4.693843772042933e-05,4.260899544249546,4.260900228320822,6.840712760691758e-07,3.872150616019659e-17,7.744301232039318e-17,3.872150616019659e-17,True,0.020893399996566586,0.015625,,
378,arpack_matvec,central_difference,1.0,0.0019930728769184452,0.22494489990908026,72908608.73389702,329.1348029492128,329.1385005583133,329.1350914858668,329.1387890949667,2,sparse_direct,not_applicable,1.9360753080098294e-16,2.710505431213761e-16,0.008619800006272271,0.005688199991709553,0.0,0.015625,4.693844498199211e-05,4.693843790030143e-05,4.260899569142732,4.260900211992689,6.428499563781997e-07,7.744301232039318e-17,3.872150616019659e-17,3.872150616019659e-17,True,0.015540800013695844,0.015625,,
379,arpack_matvec,central_difference,1.0,0.0019930728769184452,0.26990717830095207,92646458.82289557,329.1348029492129,329.1383135047666,329.13527853941304,329.13878909496674,2,sparse_direct,not_applicable,1.5488602464078636e-16,2.710505431213761e-16,0.005880500000785105,0.00335139999515377,0.0,0.015625,4.693844532680335e-05,4.69384374879203e-05,4.260899537842035,4.260900249427144,7.115851090588876e-07,0.0,1.9360753080098294e-16,1.9360753080098294e-16,True,0.009984699994674884,0.015625,,
380,arpack_matvec,central_difference,1.0,0.0019930728769184452,0.26123503512471247,88966837.72949027,329.1348029492129,329.1383540702966,329.135237973883,329.13878909496674,2,sparse_direct,not_applicable,1.5488602464078636e-16,2.323290369611795e-16,0.00510109998867847,0.006315599996014498,0.0,0.0,4.69384457936839e-05,4.69384370828094e-05,4.260899495460335,4.260900286201635,7.907412999941243e-07,1.1616451848058975e-16,1.5488602464078636e-16,2.710505431213761e-16,True,0.012235700007295236,0.0,,
381,arpack_matvec,central_difference,1.0,0.0019930728769184452,0.3028037365285908,82066823.08348235,329.1351488878333,329.1387890949667,329.1348029492128,329.13844315634657,2,sparse_direct,not_applicable,2.323290369611795e-16,1.5488602464078636e-16,0.007744600006844848,0.00789539999095723,0.015625,0.0,4.693844463933538e-05,4.6938438303139114e-05,4.260899600247852,4.260900175424553,5.751767009343212e-07,3.872150616019659e-17,3.872150616019659e-17,7.744301232039318e-17,True,0.017339500001980923,0.015625,,
382,arpack_matvec,central_difference,1.0,0.0019930728769184452,0.33049701120450486,90832023.54099311,329.13544340990194,329.13878909496685,329.134802949213,329.1381486342779,2,sparse_direct,not_applicable,1.9360753080098294e-16,1.5488602464078636e-16,0.006852799997432157,0.006623300010687672,0.0,0.0,4.69384442935214e-05,4.693843856000385e-05,4.260899631639575,4.26090015210731,5.204677355763465e-07,1.5488602464078636e-16,0.0,1.5488602464078636e-16,True,0.015387099992949516,0.015625,,
383,arpack_matvec,central_difference,1.0,0.0019930728769184452,0.24545389353011157,84371144.6615954,329.1350900478129,329.13878909496674,329.1348029492129,329.1385019963667,2,sparse_direct,not_applicable,1.5488602464078636e-16,2.323290369611795e-16,0.009290399990277365,0.009773800004040822,0.015625,0.0,4.693844614445792e-05,4.6938437041184584e-05,4.260899463618359,4.260900289980184,8.263618251902471e-07,3.872150616019659e-17,1.1616451848058975e-16,1.5488602464078636e-16,True,0.020133099998929538,0.015625,,
384,arpack_matvec,central_difference,1.0,0.0019930728769184452,0.3050826911804867,101793302.46947426,329.1353664186293,329.13878909496674,329.1348029492129,329.1382256255508,2,sparse_direct,not_applicable,1.5488602464078636e-16,1.9360753080098294e-16,0.00780210000812076,0.004864200003794394,0.0,0.015625,4.693844395309823e-05,4.693843889247633e-05,4.26089966254194,4.260900121926672,4.5938473203221974e-07,1.1616451848058975e-16,1.1616451848058975e-16,2.323290369611795e-16,True,0.014037699991604313,0.015625,,
385,arpack_matvec,central_difference,1.0,0.0019930728769184452,0.2315792709822154,82869236.10278791,329.1353268379868,329.13878909496674,329.1348029492129,329.13826520619284,2,sparse_direct,not_applicable,1.9360753080098294e-16,2.710505431213761e-16,0.004742000004625879,0.013969699997687712,0.0,0.015625,4.693844620427886e-05,4.693843701773645e-05,4.260899458188035,4.260900292108721,8.339206853946735e-07,1.5488602464078636e-16,3.872150616019659e-17,1.9360753080098294e-16,True,0.021751899999799207,0.015625,,
386,arpack_matvec,central_difference,1.0,0.0019930728769184452,0.3190892004122453,84114509.14905047,329.1351593507806,329.13878909496685,329.134802949213,329.13843269339924,2,sparse_direct,not_applicable,1.1616451848058975e-16,1.5488602464078636e-16,0.007547999994130805,0.008464600003208034,0.0,0.0,4.6938443429470284e-05,4.6938439478020195e-05,4.2608997100749635,4.260900068773138,3.586981742742523e-07,3.872150616019659e-17,3.872150616019659e-17,0.0,True,0.017845299997134134,0.0,,
387,arpack_matvec,central_difference,1.0,0.0019930728769184452,0.2863517278451339,82629114.39548428,329.134802949213,329.1387813488469,329.1348106953326,329.13878909496685,2,sparse_direct,not_applicable,2.710505431213761e-16,1.3068508329066348e-16,0.008991900002001785,0.007098500005668029,0.015625,0.0,4.69384429159711e-05,4.6938440075249635e-05,4.260899756688536,4.260900014558832,2.5787029578339116e-07,1.1616451848058975e-16,0.0,1.1616451848058975e-16,True,0.018387899996014312,0.015625,,
388,arpack_matvec,central_difference,1.0,0.0019930728769184452,0.2476398374510848,85868099.94388907,329.13504906651093,329.13878909496674,329.1348029492129,329.1385429776687,2,sparse_direct,not_applicable,2.323290369611795e-16,1.9360753080098294e-16,0.004710999986855313,0.0038813999999547377,0.015625,0.0,4.6938442114450874e-05,4.6938440880276145e-05,4.260899829447605,4.260899941481469,1.1203386396374526e-07,0.0,3.872150616019659e-17,3.872150616019659e-17,True,0.009540400002151728,0.015625,,
389,arpack_matvec,central_difference,1.0,0.0019930728769184452,0.2965081784328828,99138303.44142543,329.1351360615237,329.13878909496674,329.1348029492129,329.1384559826559,2,sparse_direct,not_applicable,3.097720492815727e-16,1.5488602464078636e-16,0.007253700008732267,0.004486500009079464,0.015625,0.0,4.693844138081556e-05,4.69384414016472e-05,4.260899896044332,4.2608998941533125,1.891019785205117e-09,7.744301232039318e-17,0.0,7.744301232039318e-17,True,0.012976400001207367,0.015625,,
390,arpack_matvec,central_difference,1.0,0.0019930728769184452,0.1983277371507147,60771581.669805266,329.13481281552157,329.1387890949667,329.1348029492128,329.1387792286586,2,sparse_direct,not_applicable,1.9360753080098294e-16,3.097720492815727e-16,0.0032882999948924407,0.0039527000044472516,0.0,0.0,4.6938439666569235e-05,4.693844340173761e-05,4.2609000516573445,4.260899712592434,3.390649103707233e-07,3.872150616019659e-17,7.744301232039318e-17,3.872150616019659e-17,True,0.008196800001314841,0.0,,
391,arpack_matvec,central_difference,1.0,0.0019930728769184452,0.23944431604298286,68009242.75270377,329.13480294921317,329.13866979188253,329.1349222522972,329.138789094967,2,sparse_direct,not_applicable,2.710505431213761e-16,2.710505431213761e-16,0.0031799999997019768,0.008907600000384264,0.015625,0.0,4.693843913839132e-05,4.6938443752374896e-05,4.260900099603407,4.260899680762868,4.188405391403194e-07,0.0,3.872150616019659e-17,3.872150616019659e-17,True,0.012794000009307638,0.015625,,
392,arpack_matvec,central_difference,1.0,0.0019930728769184452,0.24726827116685815,75201312.4994971,329.13480294921317,329.13870517855,329.1348868656298,329.138789094967,2,sparse_direct,not_applicable,2.710505431213761e-16,2.710505431213761e-16,0.002983100013807416,0.005482799999299459,0.0,0.015625,4.693843738510362e-05,4.6938445451811576e-05,4.260900258760467,4.2608995264942475,7.322662192166263e-07,7.744301232039318e-17,3.872150616019659e-17,1.1616451848058975e-16,True,0.009294899995438755,0.015625,,
393,arpack_matvec,central_difference,1.0,0.0019930728769184452,0.28146965673192853,71539843.0447567,329.1352887893748,329.1387890949669,329.13480294921305,329.1383032548054,2,sparse_direct,not_applicable,1.5488602464078636e-16,1.9360753080098294e-16,0.005017099989345297,0.0039810000016586855,0.0,0.0,4.6938436762529576e-05,4.6938446079486965e-05,4.260900315275471,4.2608994695161835,8.457592874933084e-07,3.872150616019659e-17,7.744301232039318e-17,3.872150616019659e-17,True,0.009783300003618933,0.0,,
394,arpack_matvec,central_difference,1.0,0.0019930728769184452,0.3557311572929736,78119318.43304023,329.1348029492131,329.1381335491406,329.13545849503913,329.13878909496697,2,sparse_direct,not_applicable,1.9360753080098294e-16,1.9360753080098294e-16,0.0038835000013932586,0.0036740999930771068,0.0,0.0,4.693843683673446e-05,4.69384459271194e-05,4.260900308539422,4.2608994833475515,8.251918703905403e-07,1.1616451848058975e-16,0.0,1.1616451848058975e-16,True,0.008750599998165853,0.015625,,
395,arpack_matvec,central_difference,1.0,0.0019930728769184452,0.33565193418149825,84815543.12068778,329.13480294921305,329.1380527137034,329.1355393304762,329.1387890949669,2,sparse_direct,not_applicable,1.5488602464078636e-16,1.5488602464078636e-16,0.004230000005918555,0.004335799996624701,0.0,0.015625,4.6938436502680155e-05,4.693844629230875e-05,4.260900338863655,4.260899450197005,8.886666496010776e-07,7.744301232039318e-17,1.1616451848058975e-16,1.9360753080098294e-16,True,0.009405599994352087,0.015625,,
396,arpack_matvec,central_difference,1.0,0.0019930728769184452,0.28557082473506484,78280436.29198271,329.1348029492129,329.13855497105465,329.1350370731253,329.13878909496674,2,sparse_direct,not_applicable,1.9360753080098294e-16,3.4849355544176928e-16,0.006160200005979277,0.006872700003441423,0.0,0.015625,4.693843561535589e-05,4.693844734362852e-05,4.260900419411722,4.260899354762067,1.0646496546584672e-06,1.1616451848058975e-16,3.872150616019659e-17,7.744301232039318e-17,True,0.013842100001056679,0.015625,,
397,arpack_matvec,central_difference,1.0,0.0019930728769184452,0.28602585826185173,78409553.52853595,329.1348029492128,329.13815166250725,329.1354403816728,329.1387890949667,2,sparse_direct,not_applicable,1.790869659909092e-16,2.710505431213761e-16,0.006945699991774745,0.004809899997781031,0.0,0.0,4.6938436105976916e-05,4.693844670961171e-05,4.260900374874931,4.260899412315778,9.625591523843013e-07,0.0,3.872150616019659e-17,3.872150616019659e-17,True,0.01315969999996014,0.0,,
398,arpack_matvec,central_difference,1.0,0.0019930728769184452,0.23953281423466743,60647719.9598233,329.1351860033642,329.13878909496685,329.134802949213,329.13840604081554,2,sparse_direct,not_applicable,2.710505431213761e-16,3.097720492815727e-16,0.008892099998774938,0.0098030000081053,0.0,0.015625,4.693843648394715e-05,4.6938446587660254e-05,4.260900340564169,4.260899423386083,9.171780863681533e-07,3.872150616019659e-17,3.872150616019659e-17,7.744301232039318e-17,True,0.019892299998900853,0.03125,,
399,arpack_matvec,central_difference,1.0,0.0019930728769184452,0.22094810046890445,73256464.45673233,329.13487858132345,329.138789094967,329.13480294921317,329.13871346285606,2,sparse_direct,not_applicable,3.097720492815727e-16,1.5488602464078636e-16,0.005911999993259087,0.004677999997511506,0.0,0.015625,4.6938438718959e-05,4.69384441980613e-05,4.260900137677941,4.260899640305092,4.973728495727414e-07,1.1616451848058975e-16,0.0,1.1616451848058975e-16,True,0.012240600000950508,0.015625,,
400,arpack_matvec,central_difference,1.0,0.0019930728769184452,0.24410707556973438,57082521.93398751,329.13480294921266,329.13842722615465,329.13516481802554,329.1387890949665,2,sparse_direct,not_applicable,1.5488602464078636e-16,1.9360753080098294e-16,0.005038799994508736,0.0064688999991631135,0.0,0.0,4.693844242345562e-05,4.693844064887719e-05,4.2608998013972865,4.260899962487019,1.6108973266426574e-07,3.872150616019659e-17,3.872150616019659e-17,7.744301232039318e-17,True,0.012240800002473406,0.0,,
401,arpack_matvec,central_difference,1.0,0.0019930728769184452,0.21947669586724147,68760254.72694188,329.134802949213,329.1387607248564,329.1348313193239,329.13878909496685,2,sparse_direct,not_applicable,2.710505431213761e-16,2.323290369611795e-16,0.004212800005916506,0.0031821000011404976,0.015625,0.0,4.693844423763776e-05,4.693843876420719e-05,4.260899636712486,4.260900133570476,4.968579903064096e-07,3.872150616019659e-17,7.744301232039318e-17,3.872150616019659e-17,True,0.00814890000037849,0.015625,,
402,arpack_matvec,central_difference,1.0,0.0019930728769184452,0.2874539642724137,86231982.88515282,329.1348029492132,329.13824689813936,329.1353451460406,329.1387890949671,2,sparse_direct,not_applicable,2.710505431213761e-16,2.323290369611795e-16,0.007728599986876361,0.003960600006394088,0.0,0.015625,4.693844552896723e-05,4.6938437310109955e-05,4.260899519490341,4.260900265568119,7.460777782242189e-07,1.5488602464078636e-16,1.1616451848058975e-16,2.710505431213761e-16,True,0.012800600001355633,0.015625,,
403,arpack_matvec,central_difference,1.0,0.0019930728769184452,0.23748199292729777,66471610.26670398,329.13480294921317,329.13870492965316,329.1348871145261,329.138789094967,2,sparse_direct,not_applicable,2.710505431213761e-16,1.9360753080098294e-16,0.005422300004283898,0.010180299999774434,0.0,0.015625,4.69384472290141e-05,4.693843564014663e-05,4.260899365166342,4.2609004171613085,1.0519949666942807e-06,0.0,0.0,0.0,True,0.016748699999880046,0.015625,,
404,arpack_matvec,central_difference,1.0,0.0019930728769184452,0.30384162033282813,84056949.07216075,329.13480294921305,329.1384095324868,329.1351825116931,329.1387890949669,2,sparse_direct,not_applicable,2.323290369611795e-16,2.323290369611795e-16,0.0178450000094017,0.01355380000313744,0.0,0.0,4.693844687429905e-05,4.693843593039921e-05,4.260899397366067,4.2609003908132355,9.934471680850265e-07,3.872150616019659e-17,3.872150616019659e-17,7.744301232039318e-17,True,0.03284179999900516,0.0,,
405,arpack_matvec,central_difference,1.0,0.0019930728769184452,0.2768216169267355,78246399.20186049,329.13480294921305,329.13870857494504,329.13488346923447,329.1387890949669,2,sparse_direct,not_applicable,1.9360753080098294e-16,2.710505431213761e-16,0.0057120999990729615,0.01183429999218788,0.0,0.0,4.693844686150794e-05,4.693843597538146e-05,4.260899398527198,4.260900386729911,9.882027125485138e-07,7.744301232039318e-17,0.0,7.744301232039318e-17,True,0.018515899995691143,0.0,,
406,arpack_matvec,central_difference,1.0,0.0019930728769184452,0.2646530858904493,78376485.51533528,329.13480294921305,329.13874187840327,329.1348501657766,329.1387890949669,2,sparse_direct,not_applicable,1.9360753080098294e-16,3.4849355544176928e-16,0.004484799996134825,0.0056761000014375895,0.0,0.015625,4.693844899415816e-05,4.69384338192322e-05,4.260899204933071,4.260900582457302,1.3775242315716696e-06,1.1616451848058975e-16,1.1616451848058975e-16,2.323290369611795e-16,True,0.010915099992416799,0.015625,,
407,arpack_matvec,central_difference,1.0,0.0019930728769184452,0.26476253833574404,64353564.15411202,329.13480294921317,329.13819703105725,329.13539501312226,329.138789094967,2,sparse_direct,not_applicable,2.323290369611795e-16,2.323290369611795e-16,0.004849899996770546,0.007484900008421391,0.0,0.015625,4.69384490226917e-05,4.6938433829332095e-05,4.260899202342902,4.26090058154047,1.3791975685961688e-06,0.0,1.5488602464078636e-16,1.5488602464078636e-16,True,0.013564299995778129,0.015625,,
408,arpack_matvec,central_difference,1.0,0.0019930728769184452,0.31749750205946026,89086289.70976502,329.1348029492132,329.13798515624984,329.1356068879301,329.1387890949671,2,sparse_direct,not_applicable,3.4849355544176928e-16,3.097720492815727e-16,0.007652200001757592,0.005038899995270185,0.0,0.015625,4.69384473867072e-05,4.693843541057102e-05,4.260899350851543,4.2609004380013475,1.0871498048459216e-06,3.872150616019659e-17,7.744301232039318e-17,3.872150616019659e-17,True,0.014223100006347522,0.015625,,
409,arpack_matvec,central_difference,1.0,0.0019930728769184452,0.24322877104391877,73532308.98468286,329.134802949213,329.1387779284527,329.134814115727,329.13878909496685,2,sparse_direct,not_applicable,1.9360753080098294e-16,3.4849355544176928e-16,0.004990799992810935,0.004837699991185218,0.0,0.0,4.693844818152642e-05,4.693843480042739e-05,4.2608992787007836,4.260900493387967,1.214687183725971e-06,1.5488602464078636e-16,3.872150616019659e-17,1.9360753080098294e-16,True,0.011771900011808611,0.0,,
410,arpack_matvec,central_difference,1.0,0.0019930728769184452,0.22777005064332412,57549965.81244104,329.1348957845845,329.138789094967,329.13480294921317,329.1386962595957,2,sparse_direct,not_applicable,1.5488602464078636e-16,1.5488602464078636e-16,0.007332799999858253,0.0037985999952070415,0.0,0.0,4.693844690695774e-05,4.693843617694645e-05,4.260899394401432,4.260900368432575,9.740311428529935e-07,1.1616451848058975e-16,3.872150616019659e-17,1.5488602464078636e-16,True,0.012402699998347089,0.015625,,
411,arpack_matvec,central_difference,1.0,0.0019930728769184452,0.23823053932772964,66881832.5371205,329.13487368316294,329.138789094967,329.13480294921317,329.13871836101737,2,sparse_direct,not_applicable,2.710505431213761e-16,1.1616451848058975e-16,0.003809500005445443,0.005621699994662777,0.015625,0.0,4.6938443156306746e-05,4.693843976649829e-05,4.260899734871748,4.26090004258615,3.0771440240329184e-07,0.0,1.1616451848058975e-16,1.1616451848058975e-16,True,0.010576100001344457,0.015625,,
412,arpack_matvec,central_difference,1.0,0.0019930728769184452,0.2260213845774917,71139015.85043451,329.1348029492128,329.13863855981396,329.1349534843659,329.1387890949667,2,sparse_direct,not_applicable,1.9360753080098294e-16,2.710505431213761e-16,0.005098900001030415,0.007620799995493144,0.0,0.015625,4.693844202088678e-05,4.693844103227721e-05,4.260899837941011,4.260899927683369,8.974235754521942e-08,7.744301232039318e-17,1.1616451848058975e-16,1.9360753080098294e-16,True,0.014090599986957386,0.015625,,
413,arpack_matvec,central_difference,1.0,0.0019930728769184452,0.2952758627029992,85397867.39749636,329.13480294921317,329.1379872960218,329.1356047481583,329.138789094967,2,sparse_direct,not_applicable,1.984477190710075e-16,1.1616451848058975e-16,0.00462330000300426,0.0062756999977864325,0.0,0.015625,4.6938439692819314e-05,4.693844312420885e-05,4.260900049274459,4.2608997377854765,3.11488982163155e-07,3.872150616019659e-17,3.872150616019659e-17,0.0,True,0.012494800001149997,0.015625,,
414,arpack_matvec,central_difference,1.0,0.0019930728769184452,0.29519942161283014,86566123.53973202,329.1348029492129,329.13824497383786,329.1353470703421,329.13878909496674,2,sparse_direct,not_applicable,1.9360753080098294e-16,2.323290369611795e-16,0.007735999999567866,0.005801699997391552,0.0,0.0,4.693843873021435e-05,4.693844418427915e-05,4.260900136656222,4.260899641556184,4.95100037412044e-07,1.1616451848058975e-16,3.872150616019659e-17,7.744301232039318e-17,True,0.014551300002494827,0.0,,
415,arpack_matvec,central_difference,1.0,0.0019930728769184452,0.3349931340914822,84489024.29147562,329.13480294921305,329.13836595252076,329.13522609165943,329.1387890949669,2,sparse_direct,not_applicable,1.5488602464078636e-16,2.710505431213761e-16,0.005946899997070432,0.00444029999198392,0.0,0.0,4.693843792753227e-05,4.693844490741569e-05,4.260900209520773,4.2608995759125055,6.336082671865029e-07,3.872150616019659e-17,7.744301232039318e-17,1.1616451848058975e-16,True,0.011933100002352148,0.0,,
416,arpack_matvec,central_difference,1.0,0.0019930728769184452,0.3488655923249873,83700378.97945333,329.1348029492131,329.1380827344606,329.1355093097191,329.13878909496697,2,sparse_direct,not_applicable,1.9360753080098294e-16,1.9360753080098294e-16,0.003541599988238886,0.0040139000047929585,0.015625,0.0,4.69384378199201e-05,4.693844493263984e-05,4.260900219289413,4.2608995736227495,6.456666632459473e-07,1.1616451848058975e-16,3.872150616019659e-17,7.744301232039318e-17,True,0.00854520000575576,0.015625,,
417,arpack_matvec,central_difference,1.0,0.0019930728769184452,0.27036187753665103,69225874.11634639,329.13495775303323,329.1387890949669,329.13480294921305,329.13863429114696,2,sparse_direct,not_applicable,3.4849355544176928e-16,2.323290369611795e-16,0.004305299997213297,0.003180100000463426,0.0,0.015625,4.6938435391973055e-05,4.693844745177562e-05,4.260900439689603,4.260899344944871,1.094744732199615e-06,7.744301232039318e-17,1.1616451848058975e-16,3.872150616019659e-17,True,0.00818520000029821,0.015625,,
418,arpack_matvec,central_difference,1.0,0.0019930728769184452,0.2614924402017659,75648734.01806743,329.13480294921317,329.1384580317183,329.13513401246155,329.138789094967,2,sparse_direct,not_applicable,3.4849355544176928e-16,2.710505431213761e-16,0.0033897999965120107,0.004444599995622411,0.0,0.0,4.693843561633558e-05,4.6938447139097406e-05,4.260900419322788,4.260899373328648,1.0459941401919082e-06,3.872150616019659e-17,0.0,3.872150616019659e-17,True,0.008532799998647533,0.0,,
419,arpack_matvec,central_difference,1.0,0.0019930728769184452,0.22071957698943878,67267918.87422493,329.13480294921317,329.13875747300267,329.13483457117707,329.138789094967,2,sparse_direct,not_applicable,2.323290369611795e-16,1.9360753080098294e-16,0.004017200000816956,0.005370099999709055,0.0,0.015625,4.693843468410551e-05,4.693844832595041e-05,4.260900503947245,4.260899265590506,1.2383567389306904e-06,1.9360753080098294e-16,3.872150616019659e-17,2.323290369611795e-16,True,0.010882100003072992,0.015625,,
420,arpack_matvec,central_difference,1.0,0.0019930728769184452,0.20284211503260335,69060951.1729052,329.13481868144396,329.1387890949667,329.1348029492128,329.1387733627361,2,sparse_direct,not_applicable,3.097720492815727e-16,3.4849355544176928e-16,0.006498600007034838,0.004764299999806099,0.0,0.015625,4.693843403632222e-05,4.693844897020785e-05,4.260900562750659,4.260899207107192,1.3556434668160477e-06,7.744301232039318e-17,3.872150616019659e-17,1.1616451848058975e-16,True,0.01245070000004489,0.015625,,
421,arpack_matvec,central_difference,1.0,0.0019930728769184452,0.28149282671598885,93410893.58030082,329.1348029492129,329.1381948942468,329.13539714993317,329.13878909496674,2,sparse_direct,not_applicable,1.5488602464078636e-16,1.1616451848058975e-16,0.0036619000020436943,0.006107699999120086,0.0,0.0,4.693843424539801e-05,4.69384485910451e-05,4.260900543771518,4.260899241526188,1.3022453302369286e-06,7.744301232039318e-17,3.872150616019659e-17,3.872150616019659e-17,True,0.010562399998889305,0.0,,
422,arpack_matvec,central_difference,1.0,0.0019930728769184452,0.23902662254635906,85231951.5937763,329.1348029492129,329.1386103149121,329.1349817292675,329.13878909496674,2,sparse_direct,not_applicable,2.710505431213761e-16,3.097720492815727e-16,0.006698900004266761,0.008294600003864616,0.015625,0.0,4.6938431986538626e-05,4.693845100019778e-05,4.260900748822577,4.260899022832204,1.7259903728472636e-06,3.872150616019659e-17,3.872150616019659e-17,7.744301232039318e-17,True,0.01669160000164993,0.015625,,
423,arpack_matvec,central_difference,1.0,0.0019930728769184452,0.2755331222234008,81323642.89292221,329.134802949213,329.13847737700627,329.13511466717324,329.13878909496685,2,sparse_direct,not_applicable,1.9360753080098294e-16,2.710505431213761e-16,0.00775019999127835,0.003478200000245124,0.015625,0.0,4.693843420813934e-05,4.6938448824329966e-05,4.2609005471537245,4.260899220349448,1.326804276224891e-06,0.0,0.0,0.0,True,0.012044299990520813,0.015625,,
424,arpack_matvec,central_difference,1.0,0.0019930728769184452,0.26987662605071366,85235083.35774411,329.13488467722254,329.13878909496685,329.134802949213,329.1387073669571,2,sparse_direct,not_applicable,3.097720492815727e-16,2.323290369611795e-16,0.00585750000027474,0.008868499993695877,0.015625,0.0,4.69384347078707e-05,4.69384482208475e-05,4.260900501789927,4.260899275131361,1.2266585667219942e-06,7.744301232039318e-17,3.872150616019659e-17,3.872150616019659e-17,True,0.01583319999917876,0.015625,,
425,arpack_matvec,central_difference,1.0,0.0019930728769184452,0.1991562017510239,79190869.46768256,329.1348774994889,329.13878909496674,329.1348029492129,329.13871454469097,2,sparse_direct,not_applicable,1.9360753080098294e-16,1.9360753080098294e-16,0.006019099993864074,0.008144199993694201,0.015625,0.0,4.693843076210829e-05,4.693845268263032e-05,4.260900859971928,4.260898870107205,1.9898647227734045e-06,1.1616451848058975e-16,1.1616451848058975e-16,2.323290369611795e-16,True,0.016064600000390783,0.015625,,
426,ritz_0_real,central_difference,1.0,0.0019930728769184452,0.09104363882306053,60732.267784431475,329.13480294921266,329.1387890949518,329.13480294922726,329.1387890949665,2,sparse_direct,not_applicable,2.323290369611795e-16,1.9360753080098294e-16,0.00996080000186339,0.007054999994579703,0.015625,0.0,4.6938447955483664e-05,4.693844795550778e-05,4.260899299220111,4.260899299217922,2.1893598045608087e-12,3.872150616019659e-17,7.744301232039318e-17,1.1616451848058975e-16,True,0.019098799995845184,0.015625,,
427,ritz_1_real,central_difference,1.0,0.0019930728769184452,0.10430321360825115,78083.74051431869,329.1348029492139,329.13878909496674,329.1348029492129,329.1387890949654,2,sparse_direct,not_applicable,1.5488602464078636e-16,1.5488602464078636e-16,0.007457100000465289,0.00956439999572467,0.015625,0.015625,4.6938446234064514e-05,4.6938446234062244e-05,4.260899455484203,4.260899455484409,2.0605739337042905e-13,3.872150616019659e-17,7.744301232039318e-17,3.872150616019659e-17,True,0.01852760001202114,0.03125,,
428,ritz_2_real,central_difference,1.0,0.0019930728769184452,0.09645469483379522,6689.449755364144,329.13481866520965,329.1387890949665,329.13480294921266,329.1387733789694,2,sparse_direct,not_applicable,1.9360753080098294e-16,1.9360753080098294e-16,0.00782210000033956,0.012538800001493655,0.0,0.015625,4.6938447196834526e-05,4.693844719685549e-05,4.260899368087485,4.260899368085582,1.9033663534173684e-12,0.0,7.744301232039318e-17,7.744301232039318e-17,True,0.022325400001136586,0.015625,,
429,ritz_3_real,central_difference,1.0,0.0019930728769184452,0.11381089556595451,179649.27525040467,329.1348029492127,329.13877337907326,329.134818665106,329.13878909496657,2,sparse_direct,not_applicable,1.5488602464078636e-16,1.5488602464078636e-16,0.009009599991259165,0.007019399999990128,0.015625,0.0,4.693844525900441e-05,4.693844525908765e-05,4.260899543996573,4.260899543989018,7.555733816388965e-12,3.872150616019659e-17,7.744301232039318e-17,1.1616451848058975e-16,True,0.01735270000062883,0.015625,,
430,ritz_4_real,central_difference,1.0,0.0019930728769184452,0.1163841249611367,263350.9297350168,329.13480294921266,329.13878909495537,329.1348029492237,329.1387890949665,2,sparse_direct,not_applicable,2.710505431213761e-16,1.5488602464078636e-16,0.007755400001769885,0.007199300001957454,0.0,0.0,4.693844485869745e-05,4.6938444858696386e-05,4.260899580334968,4.260899580335065,9.681144774731365e-14,0.0,7.744301232039318e-17,7.744301232039318e-17,True,0.016814299990073778,0.0,,
431,ritz_5_real,central_difference,1.0,0.0019930728769184452,0.1290844881476637,355967.1658479274,329.13481866516844,329.1387890949665,329.13480294921266,329.13877337901084,2,sparse_direct,not_applicable,3.097720492815727e-16,1.5488602464078636e-16,0.008539600006770343,0.008171800000127405,0.015625,0.015625,4.6938444028140486e-05,4.6938444028192026e-05,4.2608996557298795,4.260899655725201,4.67892391498026e-12,3.872150616019659e-17,0.0,3.872150616019659e-17,True,0.01922450000711251,0.03125,,
