call_index,call_role,perturbation_method,step_multiplier,step_size_K,input_inf_norm,output_inf_norm_per_s,plus_temperature_min_K,plus_temperature_max_K,minus_temperature_min_K,minus_temperature_max_K,unit_bias_electrical_solve_count,electrical_solver_type,electrical_iterations,plus_electrical_residual,minus_electrical_residual,plus_electrical_wall_s,minus_electrical_wall_s,plus_electrical_cpu_s,minus_electrical_cpu_s,plus_G_hat_S,minus_G_hat_S,plus_Vd_V,minus_Vd_V,delta_Vd_V,plus_normalized_current_error,minus_normalized_current_error,normalized_delta_I_cond,finite,operator_wall_s,operator_cpu_s,exception_type,exception_message
1,parent_h_probe,central_difference,1.0,0.0019933275626433764,0.07481376943385959,854139.4453872028,328.5728194667506,329.1806617347919,328.5696721074412,329.17709472757457,2,sparse_direct,not_applicable,1.5488602464078636e-16,1.5488602464078636e-16,0.0035188999900128692,0.0039262999925995246,0.0,0.0,4.2764022739685805e-05,4.2724707342365046e-05,4.274950033070715,4.278883854260636,0.00393382118992136,0.0,0.0,0.0,True,0.007966599994688295,0.0,,
2,parent_h_half_probe,central_difference,0.5,0.0009966637813216882,0.07481376943385959,854139.4578423328,328.5720442838096,329.1797583261012,328.5704706041549,329.1779748224926,2,sparse_direct,not_applicable,1.5488602464078636e-16,1.2826498915565119e-16,0.003698700005770661,0.004058399994391948,0.015625,0.0,4.2754187691855585e-05,4.273452999505437e-05,4.275933430027057,4.277900340694364,0.0019669106673072534,3.872150616019659e-17,3.872150616019659e-17,7.744301232039318e-17,True,0.008537499990779907,0.015625,,
3,arpack_matvec,central_difference,1.0,0.0019933275626433764,0.07481376943385959,854139.4453872028,328.5728194667506,329.1806617347919,328.5696721074412,329.17709472757457,2,sparse_direct,not_applicable,1.5488602464078636e-16,1.5488602464078636e-16,0.004039499995997176,0.00499889999628067,0.0,0.015625,4.2764022739685805e-05,4.2724707342365046e-05,4.274950033070715,4.278883854260636,0.00393382118992136,0.0,0.0,0.0,True,0.009842100000241771,0.015625,,
4,arpack_matvec,central_difference,1.0,0.0019933275626433764,0.11673709241594092,28284876.736655485,328.5710499279107,329.17909481869845,328.57148193984756,329.17862463868255,2,sparse_direct,not_applicable,2.323290369611795e-16,1.9360753080098294e-16,0.00449069999740459,0.0036422999983187765,0.0,0.0,4.2744575073153406e-05,4.274413792820814e-05,4.276895023810324,4.2769387636804375,4.373987011341285e-05,1.1616451848058975e-16,3.872150616019659e-17,7.744301232039318e-17,True,0.009358399998745881,0.0,,
5,arpack_matvec,central_difference,1.0,0.0019933275626433764,0.14380395973161786,5471223.608494119,328.56987079799177,329.1802713544314,328.57263099146877,329.1774974973691,2,sparse_direct,not_applicable,1.645664011808355e-16,3.097720492815727e-16,0.004443900004844181,0.00422699999762699,0.015625,0.0,4.2745041557659384e-05,4.274367566256465e-05,4.276848349267743,4.276985018051853,0.00013666878411022765,3.872150616019659e-17,0.0,3.872150616019659e-17,True,0.009338400006527081,0.015625,,
6,arpack_matvec,central_difference,1.0,0.0019933275626433764,0.22855467244995356,17669459.617209353,328.5709884121818,329.17918497507094,328.57153817768784,329.1785502318657,2,sparse_direct,not_applicable,1.9360753080098294e-16,1.7666687185589693e-16,0.005295999988447875,0.0037447000067913905,0.0,0.0,4.274442543556051e-05,4.274428840028714e-05,4.276909996155137,4.2769237076368904,1.37114817535533e-05,3.872150616019659e-17,3.872150616019659e-17,0.0,True,0.009607900006812997,0.0,,
7,arpack_matvec,central_difference,1.0,0.0019933275626433764,0.35021305243360046,64623533.2656004,328.5712245247567,329.17893754368293,328.57130974706814,329.1787938438175,2,sparse_direct,not_applicable,1.5488602464078636e-16,1.5488602464078636e-16,0.004613299999618903,0.003298800002085045,0.015625,0.0,4.274436115881955e-05,4.2744352447891994e-05,4.276916427549325,4.276917299147724,8.715983987883646e-07,1.5488602464078636e-16,1.1616451848058975e-16,3.872150616019659e-17,True,0.008698299992829561,0.015625,,
8,arpack_matvec,central_difference,1.0,0.0019933275626433764,0.4014217281011011,66214104.735744655,328.57126010590156,329.1789265659566,328.57126736773273,329.178818991558,2,sparse_direct,not_applicable,1.1616451848058975e-16,1.5488602464078636e-16,0.004242900002282113,0.004169799998635426,0.0,0.015625,4.274434892292823e-05,4.274436481816371e-05,4.276917651848815,4.2769160614026,1.5904462147275922e-06,1.1616451848058975e-16,1.5488602464078636e-16,2.710505431213761e-16,True,0.009391700004925951,0.015625,,
9,arpack_matvec,central_difference,1.0,0.0019933275626433764,0.35269030516676253,77827769.23128402,328.57134824139365,329.1789444255579,328.57116999487334,329.17884555467646,2,sparse_direct,not_applicable,1.5488602464078636e-16,2.323290369611795e-16,0.0027139000012539327,0.00609309998981189,0.0,0.0,4.274432572163063e-05,4.274438799448333e-05,4.276919973327457,4.276913742427449,6.2309000083971e-06,3.872150616019659e-17,3.872150616019659e-17,0.0,True,0.009418399989954196,0.0,,
10,arpack_matvec,central_difference,1.0,0.0019933275626433764,0.36364076004074897,91778393.85979292,328.5713779830937,329.17893904943,328.5711483230522,329.1788494897518,2,sparse_direct,not_applicable,1.5488602464078636e-16,2.710505431213761e-16,0.003119400003924966,0.003184600005624816,0.015625,0.0,4.274432340695188e-05,4.274439028383417e-05,4.276920204930041,4.276913513359822,6.6915702197078986e-06,3.872150616019659e-17,7.744301232039318e-17,3.872150616019659e-17,True,0.007094499989761971,0.015625,,
11,arpack_matvec,central_difference,1.0,0.0019933275626433764,0.3404066680636752,54023239.40613501,328.5714949578099,329.1789499926927,328.57101531856864,329.1788446911488,2,sparse_direct,not_applicable,1.5488602464078636e-16,3.097720492815727e-16,0.003634699998656288,0.0026523999986238778,0.0,0.0,4.2744309872723336e-05,4.2744403966301575e-05,4.276921559141063,4.276912144321438,9.414819625241932e-06,7.744301232039318e-17,0.0,7.744301232039318e-17,True,0.006768899998860434,0.0,,
12,arpack_matvec,central_difference,1.0,0.0019933275626433764,0.27325422898168367,84181032.91550621,328.57144450773677,329.1789048567463,328.57102935593423,329.17882537595733,2,sparse_direct,not_applicable,1.1616451848058975e-16,1.9360753080098294e-16,0.003917599999113008,0.004007499999715947,0.0,0.015625,4.274433286859881e-05,4.2744380754216556e-05,4.276919258214859,4.2769144668734675,4.791341391197079e-06,1.1616451848058975e-16,7.744301232039318e-17,3.872150616019659e-17,True,0.008417900011409074,0.015625,,
13,arpack_matvec,central_difference,1.0,0.0019933275626433764,0.31957095737417085,58364002.07996525,328.5714875450914,329.1789410075783,328.570897404079,329.1788208975363,2,sparse_direct,not_applicable,1.1616451848058975e-16,2.0328790734103208e-16,0.003110899997409433,0.004337700011092238,0.0,0.0,4.274435085478509e-05,4.274436306519392e-05,4.276917458550928,4.276916236801275,1.2217496525579463e-06,3.872150616019659e-17,7.744301232039318e-17,1.1616451848058975e-16,True,0.007870599991292693,0.0,,
14,arpack_matvec,central_difference,1.0,0.0019933275626433764,0.23848936516240923,84300869.78425756,328.571498790207,329.17900592547875,328.5708346686859,329.1788153178759,2,sparse_direct,not_applicable,1.9360753080098294e-16,1.1616451848058975e-16,0.005367899997509085,0.005024400001275353,0.0,0.0,4.27443796520742e-05,4.27443340688104e-05,4.276914577151559,4.2769191381239,4.560972341138836e-06,1.5488602464078636e-16,7.744301232039318e-17,2.323290369611795e-16,True,0.012997900004847907,0.015625,,
15,arpack_matvec,central_difference,1.0,0.0019933275626433764,0.29843981204194847,60433153.78311118,328.57158476161027,329.17910163733995,328.5706705632034,329.1787816101354,2,sparse_direct,not_applicable,1.9360753080098294e-16,1.5488602464078636e-16,0.005746999988332391,0.004154199996264651,0.015625,0.0,4.274441176319317e-05,4.274430230443516e-05,4.276911364181555,4.276922316410994,1.0952229438920824e-05,3.872150616019659e-17,3.872150616019659e-17,0.0,True,0.010540100003709085,0.015625,,
16,arpack_matvec,central_difference,1.0,0.0019933275626433764,0.2732208971766398,80324420.19920526,328.5715641499558,329.17908526178564,328.5707947674574,329.17873648940827,2,sparse_direct,not_applicable,1.5488602464078636e-16,3.872150616019659e-16,0.003028399994946085,0.004660099992179312,0.0,0.015625,4.274442242596831e-05,4.2744291333300945e-05,4.276910297288109,4.276923414164338,1.3116876229624097e-05,3.872150616019659e-17,3.872150616019659e-17,7.744301232039318e-17,True,0.008203100005630404,0.015625,,
17,arpack_matvec,central_difference,1.0,0.0019933275626433764,0.30118794263634485,61670871.15863397,328.57161572848577,329.17910666799037,328.5708216173359,329.17866371902375,2,sparse_direct,not_applicable,2.323290369611795e-16,1.5488602464078636e-16,0.0032833000004757196,0.0045006000000284985,0.0,0.0,4.27444422522948e-05,4.274427170150504e-05,4.276908313511612,4.276925378490416,1.7064978804270936e-05,3.872150616019659e-17,3.872150616019659e-17,7.744301232039318e-17,True,0.00831550000293646,0.0,,
18,arpack_matvec,central_difference,1.0,0.0019933275626433764,0.32626026773164196,88251177.10298108,328.5714183261036,329.1790242068754,328.5710493157845,329.1787364159023,2,sparse_direct,not_applicable,1.5488602464078636e-16,1.5488602464078636e-16,0.005009600004996173,0.004599899999448098,0.0,0.0,4.2744412214837754e-05,4.274430140525702e-05,4.276911318990997,4.276922406381234,1.1087390237030093e-05,0.0,7.744301232039318e-17,7.744301232039318e-17,True,0.010363499997765757,0.0,,
19,arpack_matvec,central_difference,1.0,0.0019933275626433764,0.3354985775794778,59729078.521154396,328.57129128957695,329.17912651363713,328.5709879575634,329.178757052669,2,sparse_direct,not_applicable,2.323290369611795e-16,1.5488602464078636e-16,0.004771599997184239,0.004291000004741363,0.0,0.0,4.274442747606896e-05,4.2744286413794255e-05,4.276909791986511,4.276923906402135,1.4114415623822651e-05,7.744301232039318e-17,3.872150616019659e-17,1.1616451848058975e-16,True,0.009640300006140023,0.0,,
20,arpack_matvec,central_difference,1.0,0.0019933275626433764,0.3124907023659635,81777407.41836065,328.57116520186634,329.1790969731664,328.57105346897777,329.17881254205633,2,sparse_direct,not_applicable,2.323290369611795e-16,1.5246593050577406e-16,0.005427500000223517,0.004742700009956025,0.015625,0.0,4.2744410369955e-05,4.274430327613227e-05,4.276911503585891,4.276922219184633,1.0715598741661836e-05,3.872150616019659e-17,7.744301232039318e-17,3.872150616019659e-17,True,0.010699700011173263,0.015625,,
21,arpack_matvec,central_difference,1.0,0.0019933275626433764,0.3006477154116122,54066557.818875134,328.57098032278174,329.17925071748704,328.5709486589183,329.178815974223,2,sparse_direct,not_applicable,1.1616451848058975e-16,2.202285662861181e-16,0.004291699995519593,0.003954900006647222,0.0,0.015625,4.274443780874308e-05,4.274427605570363e-05,4.276908758122987,4.276924942816119,1.6184693131471306e-05,1.1616451848058975e-16,3.872150616019659e-17,1.5488602464078636e-16,True,0.009206400005496107,0.015625,,
22,arpack_matvec,central_difference,1.0,0.0019933275626433764,0.28623936150634943,81872738.60180205,328.5710146915516,329.17911905029126,328.5710808804199,329.17880645836965,2,sparse_direct,not_applicable,1.9360753080098294e-16,3.097720492815727e-16,0.005470899995998479,0.0051367999985814095,0.0,0.0,4.2744412742013143e-05,4.274430084706113e-05,4.276911266242995,4.27692246223337,1.1195990374801568e-05,3.872150616019659e-17,7.744301232039318e-17,1.1616451848058975e-16,True,0.011755599989555776,0.0,,
23,arpack_matvec,central_difference,1.0,0.0019933275626433764,0.25830983259867707,46660418.446722694,328.57087257350656,329.179194011906,328.5710732810863,329.17873078441147,2,sparse_direct,not_applicable,1.9360753080098294e-16,1.5488602464078636e-16,0.0031811999942874536,0.004105200001504272,0.015625,0.0,4.2744434916732635e-05,4.2744279037860725e-05,4.276909047490827,4.276924644426197,1.5596935369899256e-05,3.872150616019659e-17,0.0,3.872150616019659e-17,True,0.007894399997894652,0.015625,,
24,arpack_matvec,central_difference,1.0,0.0019933275626433764,0.259474413456102,78942880.46593529,328.5710505479908,329.1790417575253,328.57128433400345,329.1787245545794,2,sparse_direct,not_applicable,1.5488602464078636e-16,1.3068508329066348e-16,0.004495500004850328,0.0051881999970646575,0.0,0.015625,4.274439975307795e-05,4.274431394984558e-05,4.276912565887476,4.276921151191317,8.585303841179837e-06,3.872150616019659e-17,7.744301232039318e-17,3.872150616019659e-17,True,0.010787699997308664,0.015625,,
25,arpack_matvec,central_difference,1.0,0.0019933275626433764,0.2493717272537393,46292975.02654077,328.5710207117449,329.1792408261706,328.5714587155087,329.1787695304897,2,sparse_direct,not_applicable,1.5488602464078636e-16,2.323290369611795e-16,0.003463099987129681,0.007347599996137433,0.0,0.0,4.274440752854996e-05,4.2744306583586923e-05,4.276911787890637,4.276921888246377,1.0100355739339761e-05,0.0,3.872150616019659e-17,3.872150616019659e-17,True,0.01136920000135433,0.0,,
26,arpack_matvec,central_difference,1.0,0.0019933275626433764,0.27473983270766017,77305808.16002202,328.5708878713418,329.17933646287815,328.57140383331347,329.1788709619575,2,sparse_direct,not_applicable,1.5488602464078636e-16,1.5488602464078636e-16,0.004801999995834194,0.004365300002973527,0.015625,0.0,4.2744385448550935e-05,4.274432823538143e-05,4.276913997168116,4.27691972180611,5.724637994752868e-06,7.744301232039318e-17,3.872150616019659e-17,1.1616451848058975e-16,True,0.010074599995277822,0.015625,,
27,arpack_matvec,central_difference,1.0,0.0019933275626433764,0.264850456285267,57387766.74555909,328.5706222943907,329.1795955173332,328.57142723651435,329.1788953552688,2,sparse_direct,not_applicable,1.9360753080098294e-16,2.710505431213761e-16,0.0054506000014953315,0.004308100003981963,0.0,0.015625,4.2744387218202946e-05,4.274432670110894e-05,4.276913820100436,4.276919875322631,6.055222194767396e-06,3.872150616019659e-17,3.872150616019659e-17,0.0,True,0.010720399994170293,0.015625,,
28,arpack_matvec,central_difference,1.0,0.0019933275626433764,0.34936659415079974,79126706.99138677,328.57072037815914,329.17939296393104,328.5713884139937,329.17881701351797,2,sparse_direct,not_applicable,1.5488602464078636e-16,2.323290369611795e-16,0.005360399998608045,0.005755099991802126,0.0,0.0,4.2744362707186134e-05,4.274435108274325e-05,4.276916272622826,4.276917435741873,1.1631190472982667e-06,1.5488602464078636e-16,1.5488602464078636e-16,0.0,True,0.012420200000633486,0.0,,
29,arpack_matvec,central_difference,1.0,0.0019933275626433764,0.2872015047734652,80890799.27099068,328.570531665517,329.17952908205035,328.57146382262613,329.17871679043134,2,sparse_direct,not_applicable,2.323290369611795e-16,1.9360753080098294e-16,0.00446189999638591,0.004611800002749078,0.0,0.0,4.274435430595246e-05,4.274435948301023e-05,4.276917113233792,4.276916595227505,5.180062876419811e-07,0.0,3.872150616019659e-17,3.872150616019659e-17,True,0.010118199992575683,0.015625,,
30,arpack_matvec,central_difference,1.0,0.0019933275626433764,0.313367573717491,59052380.37836579,328.5704822631261,329.179516686892,328.57157925508676,329.1785363952621,2,sparse_direct,not_applicable,1.9360753080098294e-16,1.9360753080098294e-16,0.00433369999518618,0.002674600007594563,0.0,0.015625,4.2744341754582536e-05,4.274437217022425e-05,4.27691836909987,4.276915325770184,3.0433296860366e-06,0.0,3.872150616019659e-17,3.872150616019659e-17,True,0.007791700001689605,0.015625,,
31,arpack_matvec,central_difference,1.0,0.0019933275626433764,0.30675673816309057,90049037.03727052,328.57094418634586,329.1791234857745,328.57149615044676,329.17860882637365,2,sparse_direct,not_applicable,2.323290369611795e-16,1.1616451848058975e-16,0.005844300001626834,0.004157200004556216,0.0,0.0,4.274434379434024e-05,4.27443698808794e-05,4.276918165005564,4.276915554837406,2.6101681580570357e-06,0.0,1.1616451848058975e-16,1.1616451848058975e-16,True,0.011029100001906045,0.0,,
32,arpack_matvec,central_difference,1.0,0.0019933275626433764,0.27373074389950214,76065280.99679907,328.570463736408,329.1799183257274,328.5715184948238,329.17881769569294,2,sparse_direct,not_applicable,1.5488602464078636e-16,2.323290369611795e-16,0.0029097999940859154,0.003425000002607703,0.015625,0.0,4.27443063803272e-05,4.274440730427743e-05,4.276921908584196,4.276911810330855,1.0098253341084273e-05,0.0,1.1616451848058975e-16,1.1616451848058975e-16,True,0.006699599995044991,0.015625,,
33,arpack_matvec,central_difference,1.0,0.0019933275626433764,0.251864144394635,58775327.43229508,328.5702976943146,329.1801418646106,328.57148931933835,329.17886699724744,2,sparse_direct,not_applicable,1.9360753080098294e-16,1.9360753080098294e-16,0.004207300007692538,0.0028091999993193895,0.0,0.0,4.2744295690952466e-05,4.27444180900546e-05,4.276922978144946,4.276910731129878,1.2247015067856637e-05,3.872150616019659e-17,2.323290369611795e-16,1.9360753080098294e-16,True,0.007859399993321858,0.0,,
34,arpack_matvec,central_difference,1.0,0.0019933275626433764,0.3044066973560702,81108604.9895163,328.5712052675175,329.1788997206878,328.5710373066601,329.17881963943057,2,sparse_direct,not_applicable,1.5488602464078636e-16,1.5488602464078636e-16,0.00334619999921415,0.007502300009946339,0.015625,0.0,4.274435006002344e-05,4.2744363676983604e-05,4.27691753807325,4.2769161755868135,1.362486436562449e-06,0.0,7.744301232039318e-17,7.744301232039318e-17,True,0.012395000012475066,0.015625,,
35,arpack_matvec,central_difference,1.0,0.0019933275626433764,0.3111061489185283,79458745.39261697,328.5712561018716,329.1789221171195,328.5708584056646,329.1788892257162,2,sparse_direct,not_applicable,1.9360753080098294e-16,1.1616451848058975e-16,0.004873400001088157,0.0025576000043656677,0.015625,0.0,4.2744350535339534e-05,4.2744363200356315e-05,4.276917490514036,4.276916223277195,1.2672368407962153e-06,3.872150616019659e-17,7.744301232039318e-17,3.872150616019659e-17,True,0.008326499999384396,0.015625,,
36,arpack_matvec,central_difference,1.0,0.0019933275626433764,0.26636569338405874,81172397.2708862,328.57129912823245,329.1789324032869,328.57072925547243,329.17893705063074,2,sparse_direct,not_applicable,4.2593656776216244e-16,1.9360753080098294e-16,0.003411400000914,0.0032836000027600676,0.0,0.0,4.274435153640517e-05,4.274436214634578e-05,4.276917390349336,4.276916328739401,1.061609935071317e-06,0.0,3.872150616019659e-17,3.872150616019659e-17,True,0.0071749000053387135,0.0,,
37,arpack_matvec,central_difference,1.0,0.0019933275626433764,0.22061555333274288,40402063.000919074,328.5714879337169,329.1789313076021,328.57061924368764,329.1790367447947,2,sparse_direct,not_applicable,1.5488602464078636e-16,2.710505431213761e-16,0.0027166999934706837,0.0023761000047670677,0.0,0.0,4.2744358221731164e-05,4.2744356286629244e-05,4.276916721428613,4.276916915051128,1.9362251535426367e-07,1.9360753080098294e-16,0.0,1.9360753080098294e-16,True,0.005824899999424815,0.0,,
38,arpack_matvec,central_difference,1.0,0.0019933275626433764,0.24809542539550422,70465388.45935099,328.5716639657298,329.1789012412817,328.5707249400184,329.17907235318614,2,sparse_direct,not_applicable,1.5488602464078636e-16,1.5488602464078636e-16,0.0033392000041203573,0.00330319999193307,0.0,0.0,4.2744363854687187e-05,4.274434987275742e-05,4.276916157806146,4.276917556810728,1.3990045824030517e-06,7.744301232039318e-17,7.744301232039318e-17,0.0,True,0.007041799995931797,0.0,,
39,arpack_matvec,central_difference,1.0,0.0019933275626433764,0.27707714818639956,43623751.44083252,328.57201170852204,329.17890808636815,328.5704367829728,329.1792202612569,2,sparse_direct,not_applicable,1.5488602464078636e-16,1.9360753080098294e-16,0.0030910000059520826,0.003745200010598637,0.0,0.015625,4.274437099536325e-05,4.274434307106069e-05,4.276915443324399,4.276918237375548,2.794051148669041e-06,3.872150616019659e-17,3.872150616019659e-17,0.0,True,0.007289400004083291,0.015625,,
40,arpack_matvec,central_difference,1.0,0.0019933275626433764,0.23650600797365462,65169837.242140144,328.5718434075158,329.1788623125311,328.570652600918,329.17911584149095,2,sparse_direct,not_applicable,3.872150616019659e-16,1.9360753080098294e-16,0.002370400005020201,0.003660299989860505,0.0,0.0,4.274436776613429e-05,4.274434601471093e-05,4.276915766434553,4.276917942839485,2.176404931830689e-06,0.0,7.744301232039318e-17,7.744301232039318e-17,True,0.006428399996366352,0.0,,
41,arpack_matvec,central_difference,1.0,0.0019933275626433764,0.3004626076265147,41054165.73850933,328.57158550854126,329.17877465928893,328.5706869319888,329.1790071271064,2,sparse_direct,not_applicable,1.5488602464078636e-16,1.5488602464078636e-16,0.0032386000093538314,0.0034611000010045245,0.0,0.0,4.274436504353174e-05,4.2744349012063746e-05,4.2769160388527245,4.276917642930086,1.6040773616055048e-06,7.744301232039318e-17,1.5488602464078636e-16,2.323290369611795e-16,True,0.007160099994507618,0.0,,
42,arpack_matvec,central_difference,1.0,0.0019933275626433764,0.27833782012785285,77733047.46308964,328.5713544958523,329.1788181580007,328.5709129893718,329.1789619730365,2,sparse_direct,not_applicable,1.9360753080098294e-16,1.1616451848058975e-16,0.0032285000052070245,0.0025979000056395307,0.015625,0.0,4.274436004985383e-05,4.274435360163804e-05,4.276916538510249,4.276917183706128,6.451958789455148e-07,7.744301232039318e-17,1.1616451848058975e-16,1.9360753080098294e-16,True,0.006412499991711229,0.015625,,
43,arpack_matvec,central_difference,1.0,0.0019933275626433764,0.25850343195584774,46687098.60749156,328.571191700958,329.17892526037923,328.5705102300266,329.1792408260873,2,sparse_direct,not_applicable,1.5488602464078636e-16,2.710505431213761e-16,0.002833300008205697,0.002813900006003678,0.0,0.0,4.274435930031872e-05,4.274435471037252e-05,4.276916613507258,4.276917072768307,4.592610487463844e-07,7.744301232039318e-17,3.872150616019659e-17,1.1616451848058975e-16,True,0.006040799999027513,0.0,,
44,arpack_matvec,central_difference,1.0,0.0019933275626433764,0.2602370509455917,80889470.49880104,328.57116293177234,329.17895799609977,328.5707328470069,329.17918706371063,2,sparse_direct,not_applicable,1.1616451848058975e-16,1.5488602464078636e-16,0.002629000009619631,0.012657100000069477,0.0,0.0,4.2744356838532514e-05,4.274435676208965e-05,4.276916859828764,4.276916867477488,7.648724320574729e-09,3.872150616019659e-17,7.744301232039318e-17,3.872150616019659e-17,True,0.01571259999764152,0.0,,
45,arpack_matvec,central_difference,1.0,0.0019933275626433764,0.25633111373642087,47746046.536913514,328.57109203054273,329.17906066979765,328.57064341530446,329.1793368419315,2,sparse_direct,not_applicable,1.5488602464078636e-16,1.1616451848058975e-16,0.003310200001578778,0.004408599997987039,0.0,0.015625,4.274435454420606e-05,4.274435937281042e-05,4.276917089394599,4.276916606253881,4.831407185434955e-07,3.872150616019659e-17,7.744301232039318e-17,1.1616451848058975e-16,True,0.008151700007147156,0.015625,,
46,arpack_matvec,central_difference,1.0,0.0019933275626433764,0.2463321625234289,66511842.11663646,328.5711639591438,329.17902941682786,328.5709771067676,329.17915887270544,2,sparse_direct,not_applicable,1.5488602464078636e-16,1.5488602464078636e-16,0.004045099994982593,0.0036823000118602067,0.0,0.0,4.274435359673998e-05,4.274436006070462e-05,4.2769171841962175,4.27691653742454,6.46771677104141e-07,3.872150616019659e-17,0.0,3.872150616019659e-17,True,0.008159800010616891,0.0,,
47,arpack_matvec,central_difference,1.0,0.0019933275626433764,0.26083806605874565,52653953.589303456,328.57121413632376,329.1791160026155,328.57131416045655,329.17908881585765,2,sparse_direct,not_applicable,1.5488602464078636e-16,1.9360753080098294e-16,0.0022459000028902665,0.0030995999986771494,0.0,0.015625,4.274434991500279e-05,4.2744364149336684e-05,4.276917552583737,4.276916128324102,1.4242596346747405e-06,1.1616451848058975e-16,7.744301232039318e-17,3.872150616019659e-17,True,0.005785500005003996,0.015625,,
48,arpack_matvec,central_difference,1.0,0.0019933275626433764,0.24462158947718585,68822845.52545871,328.5710138050174,329.1790864971591,328.57127976062566,329.17894297153686,2,sparse_direct,not_applicable,2.710505431213761e-16,1.5004583637076176e-16,0.002697700008866377,0.003337899994221516,0.0,0.0,4.274434954893515e-05,4.27443641362572e-05,4.276917589211763,4.276916129632809,1.4595789536997472e-06,1.1616451848058975e-16,3.872150616019659e-17,1.5488602464078636e-16,True,0.0063489000021945685,0.0,,
49,arpack_matvec,central_difference,1.0,0.0019933275626433764,0.23006450348209415,52270188.68267009,328.57043961909375,329.1792907964578,328.57124890330283,329.178801901883,2,sparse_direct,not_applicable,2.710505431213761e-16,1.9360753080098294e-16,0.003304600002593361,0.003089300007559359,0.0,0.015625,4.274434170676795e-05,4.2744372448873205e-05,4.276918373884107,4.276915297889134,3.0759949734004977e-06,0.0,7.744301232039318e-17,7.744301232039318e-17,True,0.0068617000069934875,0.015625,,
50,arpack_matvec,central_difference,1.0,0.0019933275626433764,0.2000247263429377,69497821.80371372,328.57040006063704,329.17924634813903,328.5712819044667,329.1786863639137,2,sparse_direct,not_applicable,1.5488602464078636e-16,1.1616451848058975e-16,0.0030599000019719824,0.0021032000076957047,0.0,0.0,4.274434236487002e-05,4.274437142720094e-05,4.276918308035654,4.276915400115593,2.907920061190339e-06,1.5488602464078636e-16,7.744301232039318e-17,7.744301232039318e-17,True,0.005456700004287995,0.0,,
51,arpack_matvec,central_difference,1.0,0.0019933275626433764,0.21039516338738098,44322452.514908254,328.57000703959363,329.17935400846756,328.57138545831145,329.1784345923214,2,sparse_direct,not_applicable,2.323290369611795e-16,1.5488602464078636e-16,0.002743500008364208,0.0028968999977223575,0.0,0.0,4.274433755786747e-05,4.274437681885981e-05,4.276918789015321,4.276914860637174,3.9283781472221335e-06,0.0,3.872150616019659e-17,3.872150616019659e-17,True,0.006048800001735799,0.0,,
52,arpack_matvec,central_difference,1.0,0.0019933275626433764,0.250307635550392,70983562.86091414,328.5705793694735,329.1791825658039,328.57143045970287,329.1785987312747,2,sparse_direct,not_applicable,2.323290369611795e-16,1.815070601259215e-16,0.0030753000028198585,0.004098699995665811,0.0,0.015625,4.274434620586328e-05,4.274436748808651e-05,4.276917923713144,4.276915794255457,2.1294576875163784e-06,3.872150616019659e-17,3.872150616019659e-17,7.744301232039318e-17,True,0.007706999997026287,0.015625,,
53,arpack_matvec,central_difference,1.0,0.0019933275626433764,0.23118321709462422,36727306.35579643,328.5703702638042,329.1795109852122,328.571662620372,329.1785399789099,2,sparse_direct,not_applicable,2.323290369611795e-16,1.1616451848058975e-16,0.00591599999461323,0.004117100004805252,0.0,0.0,4.2744343024637865e-05,4.27443712353392e-05,4.276918242020528,4.276915419312891,2.822707637406552e-06,3.872150616019659e-17,1.1616451848058975e-16,1.5488602464078636e-16,True,0.010644499998306856,0.0,,
54,arpack_matvec,central_difference,1.0,0.0019933275626433764,0.1958384698942193,50762576.41049941,328.5706412125368,329.1795421033624,328.5716681726657,329.17865523160515,2,sparse_direct,not_applicable,1.5488602464078636e-16,1.2826498915565119e-16,0.003096499989624135,0.00330250000115484,0.015625,0.0,4.2744347606748184e-05,4.27443662249525e-05,4.276917783543272,4.276915920642119,1.8629011533377593e-06,7.744301232039318e-17,1.1616451848058975e-16,3.872150616019659e-17,True,0.006952900002943352,0.015625,,
55,arpack_matvec,central_difference,1.0,0.0019933275626433764,0.22514719149946386,44734250.49988215,328.5704914406536,329.17962644071326,328.5716886203021,329.17868792909087,2,sparse_direct,not_applicable,1.5488602464078636e-16,1.1616451848058975e-16,0.0037696999934269115,0.004279300002963282,0.0,0.0,4.274434993321797e-05,4.2744364248568546e-05,4.276917550761161,4.276916118395159,1.43236600180785e-06,3.872150616019659e-17,7.744301232039318e-17,1.1616451848058975e-16,True,0.008646899994346313,0.0,,
56,arpack_matvec,central_difference,1.0,0.0019933275626433764,0.23403693274896528,54028886.43407469,328.5706489404026,329.17940920238163,328.5713009325771,329.1787645706512,2,sparse_direct,not_applicable,1.9360753080098294e-16,1.5488602464078636e-16,0.0036706999962916598,0.0035447999980533496,0.015625,0.0,4.274435695099721e-05,4.2744356943207944e-05,4.276916848575766,4.276916849355144,7.793783396436993e-10,3.872150616019659e-17,0.0,3.872150616019659e-17,True,0.007700899994233623,0.015625,,
57,arpack_matvec,central_difference,1.0,0.0019933275626433764,0.23515471678618885,55126321.899420455,328.5706682383359,329.17938118212345,328.57117068531306,329.1787622169675,2,sparse_direct,not_applicable,1.5488602464078636e-16,1.9360753080098294e-16,0.00532789999851957,0.0030661999917356297,0.0,0.015625,4.274436016648704e-05,4.274435377029271e-05,4.27691652684016,4.276917166830867,6.399907075405054e-07,3.872150616019659e-17,1.1616451848058975e-16,7.744301232039318e-17,True,0.00950889999512583,0.015625,,
58,arpack_matvec,central_difference,1.0,0.0019933275626433764,0.2663264131217693,57529638.31384433,328.5708904485009,329.17919963533393,328.57106384894604,329.17874070505354,2,sparse_direct,not_applicable,3.097720492815727e-16,1.9360753080098294e-16,0.0037933999992674217,0.0040557999891461805,0.0,0.0,4.274436457209936e-05,4.274434941587343e-05,4.27691608602331,4.276917602525663,1.5165023530272492e-06,0.0,7.744301232039318e-17,7.744301232039318e-17,True,0.008261299997684546,0.0,,
59,arpack_matvec,central_difference,1.0,0.0019933275626433764,0.24958972624890627,65513030.131234534,328.57110026101935,329.1790266540809,328.57111205762413,329.1787443320302,2,sparse_direct,not_applicable,1.5488602464078636e-16,1.5488602464078636e-16,0.004764600002090447,0.002964400002383627,0.0,0.015625,4.274436437533505e-05,4.274434938228602e-05,4.276916105711155,4.276917605886355,1.500175200064291e-06,3.872150616019659e-17,0.0,3.872150616019659e-17,True,0.008557399996789172,0.015625,,
60,arpack_matvec,central_difference,1.0,0.0019933275626433764,0.22184015443407717,69379288.0805456,328.5710067513146,329.17913297743667,328.5710411203859,329.1788198505657,2,sparse_direct,not_applicable,1.1616451848058975e-16,1.5488602464078636e-16,0.004415999996126629,0.002543800001149066,0.0,0.0,4.2744374714535547e-05,4.2744339100013236e-05,4.276915071191563,4.276918634711094,3.563519531013526e-06,0.0,3.872150616019659e-17,3.872150616019659e-17,True,0.0075637999980244786,0.0,,
61,arpack_matvec,central_difference,1.0,0.0019933275626433764,0.22753576755109156,49069169.39265075,328.5707700550158,329.1792899267103,328.57094134060566,329.1788708322986,2,sparse_direct,not_applicable,1.5488602464078636e-16,2.710505431213761e-16,0.0036228000099072233,0.0034054999996442348,0.0,0.0,4.274438366548252e-05,4.274433017976432e-05,4.276914175578228,4.276919527254705,5.351676477083345e-06,7.744301232039318e-17,3.872150616019659e-17,1.1616451848058975e-16,True,0.008673699994687922,0.015625,,
62,arpack_matvec,central_difference,1.0,0.0019933275626433764,0.23546356719268743,60864344.69960913,328.5708933272641,329.17925233911654,328.57093395071615,329.1788646673287,2,sparse_direct,not_applicable,1.9360753080098294e-16,1.9360753080098294e-16,0.0034779999987222254,0.0032183000002987683,0.0,0.0,4.274438303915188e-05,4.274433063151578e-05,4.276914238247571,4.27691948205328,5.2438057096537705e-06,0.0,0.0,0.0,True,0.007187600000179373,0.0,,
63,arpack_matvec,central_difference,1.0,0.0019933275626433764,0.2474675464748848,67812132.80426411,328.57127562372455,329.1791463575113,328.5709277988801,329.17881175430006,2,sparse_direct,not_applicable,1.9360753080098294e-16,1.5488602464078636e-16,0.0033097000123234466,0.0028793000092264265,0.0,0.015625,4.2744377918011293e-05,4.274433604931502e-05,4.276914750658328,4.276918939958274,4.189299946055769e-06,3.872150616019659e-17,0.0,3.872150616019659e-17,True,0.006489999999757856,0.015625,,
64,arpack_matvec,central_difference,1.0,0.0019933275626433764,0.2968627908869724,76783605.00704628,328.57141757808733,329.1790953661214,328.570914717582,329.17876645034124,2,sparse_direct,not_applicable,1.5488602464078636e-16,1.5488602464078636e-16,0.003802999999606982,0.003962300004786812,0.0,0.0,4.2744375064732374e-05,4.274433873663593e-05,4.276915036151582,4.276918671069947,3.634918365413853e-06,1.5488602464078636e-16,7.744301232039318e-17,2.323290369611795e-16,True,0.008311400000820868,0.0,,
65,arpack_matvec,central_difference,1.0,0.0019933275626433764,0.2910512660436334,54316779.470360674,328.57147919279487,329.17915083121375,328.57070619731365,329.17864113642065,2,sparse_direct,not_applicable,1.9360753080098294e-16,1.5972621291081093e-16,0.00676950000342913,0.003550499997800216,0.0,0.015625,4.274438063266826e-05,4.27443331354336e-05,4.27691447903534,4.276919231515861,4.752480521119651e-06,3.872150616019659e-17,7.744301232039318e-17,1.1616451848058975e-16,True,0.01114830000733491,0.015625,,
66,arpack_matvec,central_difference,1.0,0.0019933275626433764,0.29331141825665175,68067605.13611627,328.5714497169402,329.1790625129069,328.57080483075697,329.178648696509,2,sparse_direct,not_applicable,1.5488602464078636e-16,1.9360753080098294e-16,0.003817799995886162,0.0036954999959561974,0.0,0.0,4.2744374551376794e-05,4.274433917317313e-05,4.276915087516895,4.2769186273908515,3.5398739566261384e-06,3.872150616019659e-17,0.0,3.872150616019659e-17,True,0.008076599988271482,0.0,,
67,arpack_matvec,central_difference,1.0,0.0019933275626433764,0.22418938003428335,47141591.90752724,328.57165586149915,329.1793540376283,328.57053416207094,329.17871052884243,2,sparse_direct,not_applicable,1.9360753080098294e-16,1.5488602464078636e-16,0.004313299999921583,0.002419899989035912,0.0,0.015625,4.274437590586084e-05,4.2744338189312305e-05,4.276914951989983,4.276918725834127,3.7738441438506243e-06,7.744301232039318e-17,3.872150616019659e-17,3.872150616019659e-17,True,0.007236399993416853,0.015625,,
68,arpack_matvec,central_difference,1.0,0.0019933275626433764,0.21581243207665413,59070468.317423336,328.57170268865576,329.1793771506382,328.5704699292748,329.1787519706124,2,sparse_direct,not_applicable,1.5488602464078636e-16,1.1616451848058975e-16,0.002599500003270805,0.0029420000064419582,0.0,0.0,4.2744372005668304e-05,4.274434190503291e-05,4.276915342235318,4.2769183540460896,3.0118107714471876e-06,7.744301232039318e-17,1.1616451848058975e-16,1.9360753080098294e-16,True,0.005973499995889142,0.0,,
69,arpack_matvec,central_difference,1.0,0.0019933275626433764,0.2145868490636915,57735792.69900892,328.57175082598303,329.17934169386956,328.5706219730449,329.1788122520164,2,sparse_direct,not_applicable,1.5488602464078636e-16,1.9360753080098294e-16,0.002933900002972223,0.0037895999994361773,0.0,0.0,4.2744361339184136e-05,4.274435296720709e-05,4.2769164095024,4.27691724718606,8.376836602153048e-07,7.744301232039318e-17,3.872150616019659e-17,3.872150616019659e-17,True,0.007141599999158643,0.0,,
70,arpack_matvec,central_difference,1.0,0.0019933275626433764,0.28924085923536536,76440054.91586246,328.5714930341442,329.1791531395064,328.570873610274,329.1788360727547,2,sparse_direct,not_applicable,1.1616451848058975e-16,2.710505431213761e-16,0.0029879000067012385,0.0025454999995417893,0.015625,0.0,4.274435439765235e-05,4.2744359350671286e-05,4.27691710405848,4.2769166084690795,4.955894006286599e-07,3.872150616019659e-17,7.744301232039318e-17,1.1616451848058975e-16,True,0.006089999995310791,0.015625,,
71,arpack_matvec,central_difference,1.0,0.0019933275626433764,0.23588101792278007,54881995.83857949,328.5714669813934,329.17929591566946,328.57048121277614,329.1788138555902,2,sparse_direct,not_applicable,1.1616451848058975e-16,2.323290369611795e-16,0.003330199993797578,0.0030955999973230064,0.0,0.0,4.274434170459299e-05,4.274437244856911e-05,4.27691837410173,4.276915297919561,3.0761821694369473e-06,0.0,7.744301232039318e-17,7.744301232039318e-17,True,0.0068940999917685986,0.0,,
72,arpack_matvec,central_difference,1.0,0.0019933275626433764,0.2896431486217601,98719191.16783907,328.57133823392314,329.1790682068758,328.5707961040021,329.17880952286293,2,sparse_direct,not_applicable,1.9360753080098294e-16,1.1616451848058975e-16,0.002060300001176074,0.0030639999895356596,0.0,0.015625,4.2744344376968276e-05,4.274436929467168e-05,4.276918106708906,4.276915613492171,2.4932167352886836e-06,3.872150616019659e-17,7.744301232039318e-17,1.1616451848058975e-16,True,0.005457299994304776,0.015625,,
73,arpack_matvec,central_difference,1.0,0.0019933275626433764,0.19805970104455844,41413101.252951585,328.5712956719882,329.1791137189733,328.57034827675767,329.17866277400685,2,sparse_direct,not_applicable,1.9360753080098294e-16,1.5488602464078636e-16,0.0029900999943492934,0.003165899994201027,0.0,0.0,4.274432238655247e-05,4.274439188352859e-05,4.276920307029377,4.276913353297779,6.953731597647561e-06,1.1616451848058975e-16,3.872150616019659e-17,1.5488602464078636e-16,True,0.006525499993585981,0.0,,
74,arpack_matvec,central_difference,1.0,0.0019933275626433764,0.21540225475881553,71244285.62091325,328.57127494700893,329.17903346788466,328.57080323743463,329.1787771763494,2,sparse_direct,not_applicable,1.5488602464078636e-16,1.1616451848058975e-16,0.002970800007460639,0.002523800008930266,0.0,0.0,4.274433399627306e-05,4.274437973246619e-05,4.276919145381853,4.276914569107702,4.576274150736026e-06,3.872150616019659e-17,3.872150616019659e-17,0.0,True,0.005917799993767403,0.0,,
75,arpack_matvec,central_difference,1.0,0.0019933275626433764,0.24024286140863021,59198980.00083721,328.5712832453649,329.1792236267577,328.5709575460469,329.1789252547821,2,sparse_direct,not_applicable,1.5488602464078636e-16,1.5488602464078636e-16,0.0027323000103933737,0.002667799999471754,0.015625,0.0,4.2744326789754175e-05,4.274438732949492e-05,4.276919866452949,4.276913808964794,6.057488154631585e-06,1.5488602464078636e-16,7.744301232039318e-17,2.323290369611795e-16,True,0.005837999997311272,0.015625,,
76,arpack_matvec,central_difference,1.0,0.0019933275626433764,0.22919727749063004,68367408.44269864,328.5712952903134,329.1792681231836,328.57114343658634,329.178979456575,2,sparse_direct,not_applicable,1.9360753080098294e-16,2.710505431213761e-16,0.0031709000031696633,0.0029823000077158213,0.0,0.0,4.2744328922282236e-05,4.274438482098285e-05,4.2769196530760665,4.276914059961269,5.5931147970866846e-06,0.0,0.0,0.0,True,0.0066174999956274405,0.0,,
77,arpack_matvec,central_difference,1.0,0.0019933275626433764,0.22457565653103229,58151538.29717597,328.57121664736883,329.1796125863697,328.5712099522679,329.17911181561783,2,sparse_direct,not_applicable,2.323290369611795e-16,2.323290369611795e-16,0.0023790999985067174,0.002566299997852184,0.0,0.015625,4.2744312908107244e-05,4.2744401261959684e-05,4.276921255425832,4.276912414912026,8.840513806340766e-06,1.5488602464078636e-16,3.872150616019659e-17,1.9360753080098294e-16,True,0.005290100001730025,0.015625,,
78,arpack_matvec,central_difference,1.0,0.0019933275626433764,0.28161818376764114,73300865.55883007,328.57113276941726,329.1793220243206,328.57124187520543,329.1789951283491,2,sparse_direct,not_applicable,2.323290369611795e-16,9.922385953550376e-17,0.0025231000036001205,0.002705999999307096,0.0,0.0,4.274433144328932e-05,4.274438219088582e-05,4.276919400828707,4.276914323123313,5.077705393929932e-06,1.5488602464078636e-16,0.0,1.5488602464078636e-16,True,0.005537199991522357,0.0,,
79,arpack_matvec,central_difference,1.0,0.0019933275626433764,0.24706719990884038,51118916.850741126,328.5708843193396,329.17951369203945,328.57126793443314,329.17898372620436,2,sparse_direct,not_applicable,1.5488602464078636e-16,1.5488602464078636e-16,0.0030310999864013866,0.0029895000043325126,0.0,0.0,4.274432416206314e-05,4.274438994275514e-05,4.276920129374967,4.27691354748747,6.5818874972478625e-06,7.744301232039318e-17,7.744301232039318e-17,0.0,True,0.006450000000768341,0.0,,
80,arpack_matvec,central_difference,1.0,0.0019933275626433764,0.25182042840641805,81162480.53578064,328.5709912107511,329.1791077378639,328.57132046104283,329.17881336626283,2,sparse_direct,not_applicable,1.1616451848058975e-16,1.9360753080098294e-16,0.0019250999903306365,0.0032202000002143905,0.0,0.015625,4.2744345895767184e-05,4.27443677745544e-05,4.27691795474077,4.2769157655920536,2.189148716524869e-06,1.5488602464078636e-16,1.1616451848058975e-16,3.872150616019659e-17,True,0.005505999986780807,0.015625,,
81,arpack_matvec,central_difference,1.0,0.0019933275626433764,0.35590906400536687,62865907.60731215,328.57085217515305,329.17906979456234,328.57141046492706,329.17869925727115,2,sparse_direct,not_applicable,1.3794536569570035e-16,1.6698649531584777e-16,0.002870600001187995,0.002791899998555891,0.0,0.0,4.2744353485454906e-05,4.2744360349969295e-05,4.276917195331187,4.276916508481286,6.86849900510822e-07,3.872150616019659e-17,7.744301232039318e-17,3.872150616019659e-17,True,0.00599980000697542,0.0,,
82,arpack_matvec,central_difference,1.0,0.0019933275626433764,0.23459248253380846,80721926.22311698,328.57070884889305,329.1792350649345,328.5715093520246,329.1787413142717,2,sparse_direct,not_applicable,1.9360753080098294e-16,1.9360753080098294e-16,0.0030808000010438263,0.002411200010101311,0.0,0.0,4.2744358569846174e-05,4.274435521314911e-05,4.276916686596907,4.2769170224614586,3.3586455128187254e-07,1.1616451848058975e-16,3.872150616019659e-17,7.744301232039318e-17,True,0.005809800000861287,0.0,,
83,arpack_matvec,central_difference,1.0,0.0019933275626433764,0.2519515653062875,51721499.4937219,328.57049926928556,329.1795570215866,328.57150062503973,329.17885216339397,2,sparse_direct,not_applicable,3.4849355544176928e-16,1.5488602464078636e-16,0.0024104999902192503,0.003137599996989593,0.015625,0.0,4.2744370878344796e-05,4.2744343277879554e-05,4.27691545503303,4.2769182166816435,2.7616486137915786e-06,3.872150616019659e-17,7.744301232039318e-17,3.872150616019659e-17,True,0.0059012999990954995,0.015625,,
84,arpack_matvec,central_difference,1.0,0.0019933275626433764,0.27267959707858586,72265997.09879561,328.5708252411851,329.1793384126732,328.57154085468926,329.17889207633544,2,sparse_direct,not_applicable,2.323290369611795e-16,1.9360753080098294e-16,0.004006599992862903,0.0036689999978989363,0.0,0.0,4.274436980738701e-05,4.274434388828091e-05,4.276915562190906,4.2769181556060385,2.5934151324236154e-06,7.744301232039318e-17,1.1616451848058975e-16,1.9360753080098294e-16,True,0.008275899992440827,0.0,,
85,arpack_matvec,central_difference,1.0,0.0019933275626433764,0.24894234358523273,57854755.98793418,328.57089290692034,329.1793826102802,328.5715725690241,329.1789323603312,2,sparse_direct,not_applicable,1.9360753080098294e-16,1.7424677772088464e-16,0.0025205999991158023,0.0027320999943185598,0.015625,0.0,4.274437689779352e-05,4.274433725386677e-05,4.276914852739227,4.276918819433065,3.9666938373983385e-06,3.872150616019659e-17,7.744301232039318e-17,1.1616451848058975e-16,True,0.005530499998712912,0.015625,,
86,arpack_matvec,central_difference,1.0,0.0019933275626433764,0.2267293274548446,73803082.5663881,328.57096440424914,329.17923554878,328.57139023157595,329.17892450260047,2,sparse_direct,not_applicable,1.1616451848058975e-16,1.5488602464078636e-16,0.0026983999996446073,0.0028424000047380105,0.0,0.0,4.274437746415492e-05,4.2744336223425996e-05,4.276914796070266,4.276918922537053,4.126466786935623e-06,3.872150616019659e-17,0.0,3.872150616019659e-17,True,0.006076400008169003,0.0,,
87,arpack_matvec,central_difference,1.0,0.0019933275626433764,0.32417457209663414,45366784.8009983,328.5710009682784,329.179151103799,328.571244209455,329.1789107341932,2,sparse_direct,not_applicable,2.710505431213761e-16,1.5488602464078636e-16,0.0032186999887926504,0.002984999999171123,0.0,0.015625,4.274437941995413e-05,4.2744334393498015e-05,4.276914600377015,4.2769191056362565,4.505259241227577e-06,7.744301232039318e-17,7.744301232039318e-17,0.0,True,0.006598399995709769,0.015625,,
88,arpack_matvec,central_difference,1.0,0.0019933275626433764,0.21390041621139155,70694857.19364268,328.5709091594589,329.1792247442341,328.5712946981882,329.1789150365928,2,sparse_direct,not_applicable,1.1374442434557748e-16,1.0648414194054061e-16,0.0030067000043345615,0.0034357999975327402,0.0,0.0,4.274438552975557e-05,4.274432816535493e-05,4.276913989042949,4.276919728812834,5.7397698851602286e-06,0.0,0.0,0.0,True,0.006866600000648759,0.0,,
89,arpack_matvec,central_difference,1.0,0.0019933275626433764,0.23698596077707818,54990459.4145338,328.5708125069518,329.1792906667405,328.5714235119293,329.17889011971084,2,sparse_direct,not_applicable,1.5488602464078636e-16,1.5488602464078636e-16,0.002614600001834333,0.003548300010152161,0.0,0.0,4.274439173025796e-05,4.274432245417624e-05,4.276913368633713,4.276920300263063,6.9316293496157755e-06,1.1616451848058975e-16,0.0,1.1616451848058975e-16,True,0.00653980000060983,0.0,,
90,arpack_matvec,central_difference,1.0,0.0019933275626433764,0.2304360477937302,70961356.56077409,328.57088031257456,329.17921455334545,328.57150680731354,329.1788357125811,2,sparse_direct,not_applicable,1.1616451848058975e-16,1.9360753080098294e-16,0.00483380000514444,0.004968900000676513,0.015625,0.0,4.2744385569686966e-05,4.274432822216033e-05,4.276913985047497,4.27691972312899,5.738081492623337e-06,3.872150616019659e-17,3.872150616019659e-17,7.744301232039318e-17,True,0.010368999995989725,0.015625,,
91,arpack_matvec,central_difference,1.0,0.0019933275626433764,0.3081606042133652,45291551.16307676,328.5708991104024,329.17919034547214,328.5716111245601,329.1787728177835,2,sparse_direct,not_applicable,2.323290369611795e-16,1.9360753080098294e-16,0.00390329999208916,0.005062600001110695,0.0,0.015625,4.2744383245243926e-05,4.274433075937053e-05,4.276914217626428,4.276919469260368,5.251633940162037e-06,7.744301232039318e-17,3.872150616019659e-17,1.1616451848058975e-16,True,0.009433700004592538,0.015625,,
92,arpack_matvec,central_difference,1.0,0.0019933275626433764,0.235509386814274,78503375.13638924,328.57087309339516,329.1790798074317,328.57152088176133,329.17868507387635,2,sparse_direct,not_applicable,1.9360753080098294e-16,1.9360753080098294e-16,0.005613899993477389,0.004674700001487508,0.0,0.0,4.2744372372250496e-05,4.27443413747524e-05,4.276915305555847,4.276918407104959,3.1015491117614147e-06,7.744301232039318e-17,0.0,7.744301232039318e-17,True,0.01090610001119785,0.0,,
93,arpack_matvec,central_difference,1.0,0.0019933275626433764,0.30461160586983016,49080252.32963948,328.57080557385353,329.17910312363625,328.57147060004115,329.17867965696394,2,sparse_direct,not_applicable,1.5488602464078636e-16,1.9360753080098294e-16,0.004303499998059124,0.0040609999996377155,0.0,0.0,4.274436649040603e-05,4.274434745111443e-05,4.276915894081369,4.276917799115688,1.9050343196269637e-06,7.744301232039318e-17,3.872150616019659e-17,1.1616451848058975e-16,True,0.008757499992498197,0.015625,,
94,arpack_matvec,central_difference,1.0,0.0019933275626433764,0.268047070549922,82757628.41992852,328.5708982615474,329.17911394772284,328.57136766164604,329.17878051679156,2,sparse_direct,not_applicable,1.9360753080098294e-16,1.5488602464078636e-16,0.004083499996340834,0.003830400004517287,0.0,0.015625,4.274435633513597e-05,4.274435731470484e-05,4.27691691019764,4.276916812183892,9.801374822870912e-08,7.744301232039318e-17,3.872150616019659e-17,1.1616451848058975e-16,True,0.008520200004568323,0.015625,,
95,arpack_matvec,central_difference,1.0,0.0019933275626433764,0.24053708638536753,46042693.1714135,328.5705396705218,329.17948059676235,328.571376811649,329.178811244537,2,sparse_direct,not_applicable,1.1616451848058975e-16,1.5488602464078636e-16,0.005574800001340918,0.00398920000588987,0.0,0.0,4.27443417598564e-05,4.2744372383759045e-05,4.276918368572177,4.276915304404325,3.064167852784294e-06,1.1616451848058975e-16,3.872150616019659e-17,7.744301232039318e-17,True,0.010600399997201748,0.0,,
96,arpack_matvec,central_difference,1.0,0.0019933275626433764,0.22983706462815562,69540252.12366886,328.57075228568755,329.17937171508254,328.5713413392364,329.1788562084555,2,sparse_direct,not_applicable,1.9360753080098294e-16,1.1616451848058975e-16,0.0035278999857837334,0.004731799999717623,0.0,0.0,4.27443381439539e-05,4.274437553482778e-05,4.276918730372605,4.276914989114794,3.7412578111073458e-06,7.744301232039318e-17,0.0,7.744301232039318e-17,True,0.008895000006305054,0.015625,,
97,arpack_matvec,central_difference,1.0,0.0019933275626433764,0.23635992812653422,60516021.78842357,328.57068724419617,329.17955472136816,328.57137319048127,329.1788934869764,2,sparse_direct,not_applicable,1.5488602464078636e-16,1.1858461261560205e-16,0.005980100002489053,0.00453600000764709,0.0,0.015625,4.274432344619428e-05,4.27443905869026e-05,4.276920201003517,4.276913483035434,6.71796808315861e-06,1.1616451848058975e-16,0.0,1.1616451848058975e-16,True,0.01104990000021644,0.015625,,
98,arpack_matvec,central_difference,1.0,0.0019933275626433764,0.23933416576176014,82392182.31412916,328.5709959387982,329.1792742642551,328.57136188448874,329.1788907609457,2,sparse_direct,not_applicable,1.1616451848058975e-16,1.5488602464078636e-16,0.0029097999940859154,0.004555199993774295,0.0,0.0,4.274433083478981e-05,4.27443828256612e-05,4.276919461714053,4.276914259609004,5.202105048951466e-06,0.0,3.872150616019659e-17,3.872150616019659e-17,True,0.008012699996470474,0.0,,
99,arpack_matvec,central_difference,1.0,0.0019933275626433764,0.2887296570301269,58788700.767337814,328.5711380704509,329.17918690693915,328.5713730096718,329.17889619408413,2,sparse_direct,not_applicable,3.097720492815727e-16,2.710505431213761e-16,0.006809999991673976,0.004013199999462813,0.015625,0.0,4.274432696237214e-05,4.274438696937538e-05,4.276919849181108,4.276913844997601,6.004183506824745e-06,3.872150616019659e-17,1.1616451848058975e-16,1.5488602464078636e-16,True,0.011608799992245622,0.015625,,
100,arpack_matvec,central_difference,1.0,0.0019933275626433764,0.24462320160043252,86334504.5238969,328.57113260506003,329.17901747761533,328.5711940319628,329.17887860361884,2,sparse_direct,not_applicable,1.5488602464078636e-16,2.710505431213761e-16,0.0027323000103933737,0.007191600001533516,0.0,0.015625,4.274433050942501e-05,4.274438316148163e-05,4.2769194942694595,4.276914226007509,5.2682619502419925e-06,1.1616451848058975e-16,0.0,1.1616451848058975e-16,True,0.010359599997173063,0.015625,,
101,arpack_matvec,central_difference,1.0,0.0019933275626433764,0.20345173387047416,44095360.422958486,328.5709665617054,329.1789585750808,328.5708387080478,329.17886569670486,2,sparse_direct,not_applicable,1.9360753080098294e-16,2.710505431213761e-16,0.0040028000075835735,0.005827600005432032,0.0,0.0,4.2744304271774215e-05,4.27444100922913e-05,4.276922119562397,4.27691153136831,1.0588194086835756e-05,7.744301232039318e-17,0.0,7.744301232039318e-17,True,0.010517900009290315,0.0,,
102,arpack_matvec,central_difference,1.0,0.0019933275626433764,0.2587766276221431,74979250.42723504,328.5711123254174,329.1788857422146,328.5709410373589,329.17888641790347,2,sparse_direct,not_applicable,1.1616451848058975e-16,1.5488602464078636e-16,0.0052970999968238175,0.0062276999960886315,0.015625,0.0,4.274432799555671e-05,4.274438564817862e-05,4.276919745802536,4.276913977193786,5.768608749789905e-06,3.872150616019659e-17,3.872150616019659e-17,0.0,True,0.01233130000764504,0.015625,,
103,arpack_matvec,central_difference,1.0,0.0019933275626433764,0.22995986662494225,45364875.704642564,328.5710468088851,329.1789649762609,328.5706513212422,329.1790089992371,2,sparse_direct,not_applicable,1.5488602464078636e-16,1.9360753080098294e-16,0.005641700001433492,0.0041914999892469496,0.0,0.015625,4.274431135012075e-05,4.2744402787632616e-05,4.276921411315244,4.276912262256494,9.14905874971339e-06,3.872150616019659e-17,3.872150616019659e-17,0.0,True,0.010448899993207306,0.015625,,
104,arpack_matvec,central_difference,1.0,0.0019933275626433764,0.2254270319888655,73302495.99754773,328.5711648925425,329.17899171285455,328.57081218449315,329.17901844141676,2,sparse_direct,not_applicable,1.1616451848058975e-16,1.9360753080098294e-16,0.002333399999770336,0.0019714999943971634,0.0,0.0,4.27443254795236e-05,4.2744388237844335e-05,4.276919997552249,4.276913718077258,6.279474991544021e-06,0.0,0.0,0.0,True,0.004664000007323921,0.0,,
105,arpack_matvec,central_difference,1.0,0.0019933275626433764,0.25425013144663167,54182882.88086803,328.57123329593435,329.179081321586,328.57076149390167,329.1790841900925,2,sparse_direct,not_applicable,3.097720492815727e-16,2.323290369611795e-16,0.0021283000096445903,0.0023432000016327947,0.0,0.0,4.274432366103312e-05,4.274439041054344e-05,4.27692017950713,4.276913500681559,6.678825570816116e-06,1.1616451848058975e-16,3.872150616019659e-17,7.744301232039318e-17,True,0.004766900005051866,0.0,,
106,arpack_matvec,central_difference,1.0,0.0019933275626433764,0.21848244596264396,70068411.66748123,328.5713539172605,329.1791454847277,328.5708432736498,329.1790688714258,2,sparse_direct,not_applicable,1.5488602464078636e-16,1.5488602464078636e-16,0.0037274999922374263,0.0032264000037685037,0.015625,0.0,4.274432963161571e-05,4.2744384057946405e-05,4.276919582101454,4.276914136309108,5.445792345959433e-06,0.0,1.1616451848058975e-16,1.1616451848058975e-16,True,0.007453800004441291,0.015625,,
107,arpack_matvec,central_difference,1.0,0.0019933275626433764,0.22415583888192933,46509588.54446885,328.57133559593547,329.17928297620665,328.5706909464323,329.1790941541517,2,sparse_direct,not_applicable,1.9360753080098294e-16,1.1616451848058975e-16,0.004893999997875653,0.005082799994852394,0.0,0.0,4.2744327113441866e-05,4.274438704430821e-05,4.276919834065345,4.27691383749998,5.996565365151696e-06,0.0,3.872150616019659e-17,3.872150616019659e-17,True,0.010595100000500679,0.0,,
108,arpack_matvec,central_difference,1.0,0.0019933275626433764,0.30527403713004214,99755159.02853587,328.571418426196,329.17905214978276,328.571082502988,329.1788747212251,2,sparse_direct,not_applicable,2.710505431213761e-16,3.4849355544176928e-16,0.00407439999980852,0.00373290000425186,0.0,0.0,4.274435100576386e-05,4.27443626453304e-05,4.276917443444283,4.276916278811988,1.1646322954916855e-06,1.9360753080098294e-16,1.1616451848058975e-16,3.097720492815727e-16,True,0.008607900002971292,0.015625,,
109,arpack_matvec,central_difference,1.0,0.0019933275626433764,0.23612532160037933,61845883.30678495,328.57148293812094,329.17925967974895,328.5707426326819,329.1787431078816,2,sparse_direct,not_applicable,2.710505431213761e-16,1.5488602464078636e-16,0.005132799997227266,0.002512199993361719,0.0,0.0,4.274435773242747e-05,4.274435645480688e-05,4.276916770387382,4.276916898223602,1.2783621983203375e-07,0.0,0.0,0.0,True,0.008161100005963817,0.0,,
110,arpack_matvec,central_difference,1.0,0.0019933275626433764,0.22390934455547537,61714369.46255937,328.5714342371505,329.17917967087755,328.5707227500711,329.1786447165701,2,sparse_direct,not_applicable,1.9360753080098294e-16,1.5488602464078636e-16,0.005434399994555861,0.005508399990503676,0.0,0.0,4.274436700640291e-05,4.274434668747641e-05,4.276915842451753,4.276917875523853,2.033072100005029e-06,3.872150616019659e-17,1.1616451848058975e-16,1.5488602464078636e-16,True,0.011904300001333468,0.0,,
111,arpack_matvec,central_difference,1.0,0.0019933275626433764,0.2459426138835875,44284221.94687157,328.5714548035308,329.17916557839453,328.57063011829104,329.17854816242766,2,sparse_direct,not_applicable,1.5488602464078636e-16,1.1616451848058975e-16,0.00381809999817051,0.005704999988665804,0.015625,0.0,4.2744375803089395e-05,4.274433829869471e-05,4.276914962273085,4.276918714889528,3.7526164433643316e-06,3.872150616019659e-17,0.0,3.872150616019659e-17,True,0.010351799995987676,0.015625,,
112,arpack_matvec,central_difference,1.0,0.0019933275626433764,0.20160105585637114,59329409.5060762,328.5714747120373,329.1792201126675,328.5707315813994,329.17869865764845,2,sparse_direct,not_applicable,1.5488602464078636e-16,1.5488602464078636e-16,0.0030516999977407977,0.004688999993959442,0.0,0.0,4.274438348384835e-05,4.2744330324113687e-05,4.276914193752165,4.2769195128113715,5.319059206421173e-06,3.872150616019659e-17,1.1616451848058975e-16,1.5488602464078636e-16,True,0.008124200001475401,0.0,,
113,arpack_matvec,central_difference,1.0,0.0019933275626433764,0.2750488388378866,43275014.930930234,328.57151268516634,329.17928029691404,328.5707509033235,329.1787655342295,2,sparse_direct,not_applicable,1.1616451848058975e-16,1.5488602464078636e-16,0.005105199990794063,0.0058791000046767294,0.0,0.0,4.274438997898048e-05,4.274432404577493e-05,4.276913543862839,4.276920141010557,6.59714771789055e-06,3.872150616019659e-17,1.5488602464078636e-16,1.1616451848058975e-16,True,0.01159880000341218,0.0,,
114,arpack_matvec,central_difference,1.0,0.0019933275626433764,0.20867884588322047,66584230.47222166,328.57156951858616,329.17937327372994,328.57064454608445,329.1787239491823,2,sparse_direct,not_applicable,1.5488602464078636e-16,4.2593656776216244e-16,0.003904899989720434,0.0053047999972477555,0.015625,0.0,4.2744396246959536e-05,4.2744317611150145e-05,4.276912916702162,4.276920784847629,7.868145467604393e-06,0.0,0.0,0.0,True,0.009824499997193925,0.015625,,
115,arpack_matvec,central_difference,1.0,0.0019933275626433764,0.25323929035750903,57595374.06458643,328.57155699119346,329.17932181701934,328.57071237508063,329.1786868213728,2,sparse_direct,not_applicable,1.0648414194054061e-16,2.323290369611795e-16,0.006269799996516667,0.0057397999917156994,0.0,0.015625,4.274439071576708e-05,4.274432349658658e-05,4.276913470141526,4.276920195961355,6.725819829078716e-06,3.872150616019659e-17,0.0,3.872150616019659e-17,True,0.012884399999165908,0.015625,,
116,arpack_matvec,central_difference,1.0,0.0019933275626433764,0.2237037292740711,71377548.71249172,328.57152330519756,329.17919883127473,328.57084623467716,329.17866477336463,2,sparse_direct,not_applicable,1.3068508329066348e-16,1.9602762493599521e-16,0.0044965999986743554,0.005122199989273213,0.0,0.0,4.2744379655486305e-05,4.2744334130002925e-05,4.27691457681015,4.276919132001089,4.555190938226872e-06,7.744301232039318e-17,3.872150616019659e-17,3.872150616019659e-17,True,0.010390600000391714,0.0,,
117,arpack_matvec,central_difference,1.0,0.0019933275626433764,0.2770451813326831,57021292.522678025,328.5715520666863,329.17913174344517,328.57089098427696,329.1786083682004,2,sparse_direct,not_applicable,3.097720492815727e-16,1.9360753080098294e-16,0.003720299995620735,0.005416200001491234,0.015625,0.0,4.2744372939119896e-05,4.274434107491528e-05,4.276915248836044,4.276918437106097,3.188270053300357e-06,3.872150616019659e-17,3.872150616019659e-17,0.0,True,0.009906899998895824,0.015625,,
118,arpack_matvec,central_difference,1.0,0.0019933275626433764,0.22802459427508914,69427941.22819291,328.57149008804646,329.17905799876684,328.5710409649811,329.1787454431933,2,sparse_direct,not_applicable,1.5488602464078636e-16,1.9360753080098294e-16,0.00423890000092797,0.005285899998852983,0.0,0.015625,4.274436111258765e-05,4.2744352580274305e-05,4.276916432175198,4.276917285901805,8.537266076302785e-07,7.744301232039318e-17,0.0,7.744301232039318e-17,True,0.010578499990515411,0.015625,,
119,arpack_matvec,central_difference,1.0,0.0019933275626433764,0.24559633496661534,55256960.98450548,328.5714451824234,329.17917775243603,328.5709055493714,329.17892044471995,2,sparse_direct,not_applicable,2.323290369611795e-16,1.9360753080098294e-16,0.00618640000175219,0.004074800002854317,0.0,0.0,4.274434562679868e-05,4.274436834524622e-05,4.276917981653248,4.276915708489774,2.273163473454076e-06,0.0,3.872150616019659e-17,3.872150616019659e-17,True,0.011327799991704524,0.0,,
120,arpack_matvec,central_difference,1.0,0.0019933275626433764,0.2514009142906497,72642811.23170188,328.57138707856393,329.1791724191671,328.57092091387983,329.17896943113664,2,sparse_direct,not_applicable,1.5488602464078636e-16,1.5488602464078636e-16,0.005318499999702908,0.005732599995099008,0.0,0.0,4.274434057249032e-05,4.274437317509359e-05,4.276918487377795,4.276915225224995,3.262152800331819e-06,1.1616451848058975e-16,0.0,1.1616451848058975e-16,True,0.011951499996939674,0.0,,
121,arpack_matvec,central_difference,1.0,0.0019933275626433764,0.24370999313011474,47852173.97516621,328.5712947127641,329.17927072711547,328.57084943657236,329.17904425253624,2,sparse_direct,not_applicable,1.9360753080098294e-16,2.323290369611795e-16,0.004620199993951246,0.004646899993531406,0.015625,0.0,4.2744327775718815e-05,4.274438632296606e-05,4.276919767799116,4.276913909675965,5.858123151014638e-06,7.744301232039318e-17,7.744301232039318e-17,1.5488602464078636e-16,True,0.010203600002569146,0.015625,,
122,arpack_matvec,central_difference,1.0,0.0019933275626433764,0.2172857609542325,71775196.29086371,328.57126587479013,329.1791975734243,328.5709641080086,329.17898199347394,2,sparse_direct,not_applicable,1.1616451848058975e-16,1.5488602464078636e-16,0.005461599997943267,0.0034116000024368986,0.0,0.015625,4.2744329608226356e-05,4.2744384189597436e-05,4.27691958444175,4.276914123136379,5.4613053706020764e-06,3.872150616019659e-17,7.744301232039318e-17,1.1616451848058975e-16,True,0.009921100005158223,0.015625,,
123,arpack_matvec,central_difference,1.0,0.0019933275626433764,0.30969202859469347,59008625.74980885,328.5711988248353,329.1791692495384,328.5710581878973,329.1789005689924,2,sparse_direct,not_applicable,1.5488602464078636e-16,1.1616451848058975e-16,0.0028212000033818185,0.004563900001812726,0.0,0.0,4.274432815051057e-05,4.2744385766800275e-05,4.276919730298134,4.276913965324751,5.764973383115546e-06,7.744301232039318e-17,7.744301232039318e-17,0.0,True,0.007963000010931864,0.0,,
124,arpack_matvec,central_difference,1.0,0.0019933275626433764,0.22668344336041563,80699057.79731713,328.5711517012973,329.17917967365804,328.5711156614352,329.178820440867,2,sparse_direct,not_applicable,1.9360753080098294e-16,2.323290369611795e-16,0.007295400006114505,0.006395899996277876,0.015625,0.0,4.2744325126825916e-05,4.274438863620711e-05,4.2769200328425425,4.276913678217916,6.35462462650338e-06,0.0,3.872150616019659e-17,3.872150616019659e-17,True,0.014951200006180443,0.015625,,
125,arpack_matvec,central_difference,1.0,0.0019933275626433764,0.23578773692314808,53197585.14687995,328.5710450674522,329.1792672367177,328.571204441839,329.1786413751197,2,sparse_direct,not_applicable,1.1616451848058975e-16,1.5488602464078636e-16,0.00605310000537429,0.005458100000396371,0.015625,0.0,4.2744314475682693e-05,4.274439968961456e-05,4.276921098576977,4.276912572237487,8.526339490444457e-06,7.744301232039318e-17,1.5488602464078636e-16,2.323290369611795e-16,True,0.012537700007669628,0.015625,,
126,arpack_matvec,central_difference,1.0,0.0019933275626433764,0.2406662206919716,68312216.55507438,328.57107918156976,329.1791242686919,328.5713269774047,329.1785880484674,2,sparse_direct,not_applicable,1.4036545983071262e-16,2.323290369611795e-16,0.00442700000712648,0.004180900010396726,0.0,0.015625,4.274432906851598e-05,4.274438458290847e-05,4.276919638444184,4.276914083782496,5.554661687945384e-06,3.872150616019659e-17,3.872150616019659e-17,0.0,True,0.009938100003637373,0.015625,,
127,arpack_matvec,central_difference,1.0,0.0019933275626433764,0.27739250625166506,49263454.01234083,328.57096270107576,329.1794207988674,328.57151637134217,329.1785262987462,2,sparse_direct,not_applicable,1.5488602464078636e-16,1.9360753080098294e-16,0.003169699994032271,0.004372299998067319,0.0,0.0,4.274432338519572e-05,4.274439056017926e-05,4.276920207106924,4.276913485709315,6.721397609155133e-06,7.744301232039318e-17,3.872150616019659e-17,1.1616451848058975e-16,True,0.007945699995616451,0.0,,
128,arpack_matvec,central_difference,1.0,0.0019933275626433764,0.24011799091455752,76266285.16205145,328.57096209958075,329.17944983839396,328.57155462835146,329.1785931728498,2,sparse_direct,not_applicable,1.9360753080098294e-16,1.1616451848058975e-16,0.005352500011213124,0.0039662000053795055,0.0,0.0,4.274433157658877e-05,4.2744382104478825e-05,4.2769193874910085,4.276914331769018,5.055721990387951e-06,3.872150616019659e-17,0.0,3.872150616019659e-17,True,0.010783299992908724,0.015625,,
129,arpack_matvec,central_difference,1.0,0.0019933275626433764,0.25328814605460015,49277801.370188,328.57071072929034,329.17983114255475,328.5716992680909,329.178515813671,2,sparse_direct,not_applicable,1.9360753080098294e-16,1.1374442434557748e-16,0.006350000010570511,0.004566699994029477,0.0,0.0,4.274432739844689e-05,4.2744386587268365e-05,4.27691980554826,4.27691388323043,5.922317829920587e-06,3.872150616019659e-17,3.872150616019659e-17,7.744301232039318e-17,True,0.011885700005223043,0.0,,
130,arpack_matvec,central_difference,1.0,0.0019933275626433764,0.22460255544754348,69174291.58871338,328.570760814507,329.17968761805633,328.57163046598197,329.17860038730686,2,sparse_direct,not_applicable,1.1616451848058975e-16,1.5246593050577406e-16,0.0043910999957006425,0.00441300000238698,0.015625,0.0,4.2744338037364454e-05,4.274437565119105e-05,4.276918741037746,4.276914977471723,3.7635660232737678e-06,0.0,0.0,0.0,True,0.009548899994115345,0.015625,,
131,arpack_matvec,central_difference,1.0,0.0019933275626433764,0.2899860409367131,45535088.05146626,328.5707265722104,329.1796815523349,328.5716346600503,329.17862645183754,2,sparse_direct,not_applicable,1.1616451848058975e-16,1.0164395367051604e-16,0.004649099995731376,0.004582900000968948,0.0,0.015625,4.274434565416149e-05,4.2744368359293036e-05,4.276917978915376,4.276915707084278,2.2718310983549372e-06,1.5488602464078636e-16,3.872150616019659e-17,1.1616451848058975e-16,True,0.01038019999396056,0.015625,,
132,arpack_matvec,central_difference,1.0,0.0019933275626433764,0.24814729392975662,76018891.53555001,328.57085830672037,329.17942051077796,328.5715515539146,329.17868553766704,2,sparse_direct,not_applicable,1.5488602464078636e-16,1.5488602464078636e-16,0.004914900011499412,0.003972099992097355,0.0,0.0,4.274435622064165e-05,4.274435747569628e-05,4.276916921653718,4.276916796075403,1.2557831485793258e-07,1.5488602464078636e-16,3.872150616019659e-17,1.1616451848058975e-16,True,0.009813800003030337,0.0,,
133,arpack_matvec,central_difference,1.0,0.0019933275626433764,0.24798585974823006,43581917.55831598,328.5707249985305,329.1795309990672,328.57166104206175,329.17861365601135,2,sparse_direct,not_applicable,9.19635771304669e-17,2.323290369611795e-16,0.003607100006774999,0.004877700004726648,0.015625,0.0,4.274436566564915e-05,4.274434850456569e-05,4.276915976604896,4.276917693709369,1.7171044728314655e-06,7.744301232039318e-17,7.744301232039318e-17,1.5488602464078636e-16,True,0.009329499996965751,0.015625,,
134,arpack_matvec,central_difference,1.0,0.0019933275626433764,0.2702239592555434,80286117.57862556,328.57099990688846,329.179127976319,328.5714923101941,329.1786831539982,2,sparse_direct,not_applicable,1.9360753080098294e-16,1.5488602464078636e-16,0.00475449999794364,0.005587899999227375,0.0,0.015625,4.274436863232278e-05,4.274434500852591e-05,4.2769156797654695,4.276918043516447,2.3637509771745613e-06,3.872150616019659e-17,3.872150616019659e-17,7.744301232039318e-17,True,0.011759899993194267,0.015625,,
135,arpack_matvec,central_difference,1.0,0.0019933275626433764,0.2675510113377376,42328647.81789196,328.57094919685784,329.179173687997,328.57158563092094,329.1786477680294,2,sparse_direct,not_applicable,1.9360753080098294e-16,2.323290369611795e-16,0.00593230000231415,0.004468200000701472,0.0,0.0,4.2744384473744416e-05,4.274432957112343e-05,4.276914094705224,4.2769195881542,5.493448976601201e-06,3.872150616019659e-17,1.1616451848058975e-16,1.5488602464078636e-16,True,0.011775900013162754,0.0,,
136,arpack_matvec,central_difference,1.0,0.0019933275626433764,0.2004815868337919,61314742.01809162,328.57100325377013,329.179207943432,328.57148604661444,329.17881151184713,2,sparse_direct,not_applicable,5.421010862427522e-16,1.2100470675061434e-16,0.005076299989013933,0.00509589999273885,0.015625,0.0,4.2744386933857956e-05,4.274432684191294e-05,4.2769138485514,4.276919861234037,6.012682637113187e-06,7.744301232039318e-17,0.0,7.744301232039318e-17,True,0.010952099997666664,0.015625,,
137,arpack_matvec,central_difference,1.0,0.0019933275626433764,0.2589042443293107,49593483.04363205,328.57097288423955,329.17933406610587,328.5714289933885,329.1789686203164,2,sparse_direct,not_applicable,7.744301232039318e-17,1.5488602464078636e-16,0.00430410000262782,0.0051555999962147325,0.0,0.015625,4.274439536886483e-05,4.2744318654435225e-05,4.276913004562442,4.276920680458373,7.675895930425725e-06,1.1616451848058975e-16,3.872150616019659e-17,1.5488602464078636e-16,True,0.010231499996734783,0.015625,,
138,arpack_matvec,central_difference,1.0,0.0019933275626433764,0.21389036726569643,66655900.74785408,328.5710565241663,329.17935958261637,328.5713843936955,329.17902706491185,2,sparse_direct,not_applicable,3.097720492815727e-16,1.9360753080098294e-16,0.006458499992731959,0.0034244999988004565,0.0,0.015625,4.2744393991559866e-05,4.2744319726943146e-05,4.276913142372643,4.276920573145136,7.430772493322024e-06,7.744301232039318e-17,7.744301232039318e-17,1.5488602464078636e-16,True,0.01093050000781659,0.015625,,
139,arpack_matvec,central_difference,1.0,0.0019933275626433764,0.34961606186284605,59615389.61759994,328.5711612495462,329.1792168144422,328.5713327877508,329.1789877472505,2,sparse_direct,not_applicable,1.1616451848058975e-16,3.097720492815727e-16,0.004772499989485368,0.005757899998570792,0.0,0.0,4.274438123566568e-05,4.274433257375268e-05,4.276914418700663,4.27691928771662,4.869015956643352e-06,3.872150616019659e-17,1.5488602464078636e-16,1.9360753080098294e-16,True,0.011349599997629412,0.0,,
140,arpack_matvec,central_difference,1.0,0.0019933275626433764,0.2553003045934071,63541944.29954047,328.57110080102893,329.179382398354,328.57138678628723,329.17902796718926,2,sparse_direct,not_applicable,2.323290369611795e-16,1.4278555396572492e-16,0.002654900003108196,0.003909500010195188,0.015625,0.0,4.27443925797128e-05,4.274432111481824e-05,4.276913283639062,4.276920434276828,7.150637766351053e-06,3.872150616019659e-17,1.1616451848058975e-16,1.5488602464078636e-16,True,0.007083899996359833,0.015625,,
141,arpack_matvec,central_difference,1.0,0.0019933275626433764,0.2352902461633696,49243126.20631141,328.5709734157394,329.17959777284136,328.571489643463,329.1790312790704,2,sparse_direct,not_applicable,1.9360753080098294e-16,3.872150616019659e-16,0.006957999998121522,0.00501589999475982,0.0,0.015625,4.2744407649948576e-05,4.274430652968619e-05,4.276911775743757,4.276921893639591,1.0117895834049762e-05,0.0,7.744301232039318e-17,7.744301232039318e-17,True,0.013049500004854053,0.015625,,
142,arpack_matvec,central_difference,1.0,0.0019933275626433764,0.2102465613076677,65496189.80134499,328.5710376678419,329.179358412298,328.571459325623,329.17884350717725,2,sparse_direct,not_applicable,8.712338886044232e-17,1.5488602464078636e-16,0.005604200006928295,0.003972000005887821,0.0,0.0,4.274439077032549e-05,4.274432302356273e-05,4.276913464682527,4.276920243291272,6.778608745428016e-06,7.744301232039318e-17,3.872150616019659e-17,1.1616451848058975e-16,True,0.010346800001570955,0.0,,
143,arpack_matvec,central_difference,1.0,0.0019933275626433764,0.2992593493801682,42262756.93509805,328.5709587194618,329.17931086469235,328.57146534466614,329.17866941978656,2,sparse_direct,not_applicable,1.5488602464078636e-16,1.5488602464078636e-16,0.0038071000017225742,0.005041399999754503,0.015625,0.0,4.2744386615171785e-05,4.274432734905744e-05,4.276913880438472,4.276919810490078,5.930051606206632e-06,3.872150616019659e-17,1.1616451848058975e-16,1.5488602464078636e-16,True,0.009533900010865182,0.015625,,
144,arpack_matvec,central_difference,1.0,0.0019933275626433764,0.25862582137067447,71772670.90049866,328.5709916416765,329.1791519284131,328.5714150924387,329.17857350981063,2,sparse_direct,not_applicable,1.7666687185589693e-16,1.5488602464078636e-16,0.00472040000022389,0.003148300005705096,0.0,0.0,4.274437298174127e-05,4.2744340674650134e-05,4.276915244571435,4.276918477155876,3.2325844410152627e-06,3.872150616019659e-17,0.0,3.872150616019659e-17,True,0.008357999991858378,0.0,,
145,arpack_matvec,central_difference,1.0,0.0019933275626433764,0.28196606540629565,52714138.12936751,328.5708498593517,329.179469041188,328.5714646443797,329.17856523008254,2,sparse_direct,not_applicable,3.4849355544176928e-16,2.323290369611795e-16,0.00367809999443125,0.004860000000917353,0.0,0.0,4.2744369126225757e-05,4.274434487793496e-05,4.276915630346531,4.276918056583129,2.426236597408149e-06,1.5488602464078636e-16,0.0,1.5488602464078636e-16,True,0.009694599997601472,0.015625,,
146,arpack_matvec,central_difference,1.0,0.0019933275626433764,0.27288126460609224,72375059.21259804,328.57095806632594,329.1794082204418,328.57141876298107,329.17868639696906,2,sparse_direct,not_applicable,1.9360753080098294e-16,1.5488602464078636e-16,0.004340800005593337,0.00527380000858102,0.0,0.015625,4.274435939865007e-05,4.274435427961543e-05,4.2769166036684165,4.276917115869025,5.122006081492714e-07,7.744301232039318e-17,7.744301232039318e-17,0.0,True,0.010832300002221018,0.015625,,
147,arpack_matvec,central_difference,1.0,0.0019933275626433764,0.2861618016350057,50625579.50393225,328.5708604842921,329.17977246988113,328.57149140094856,329.1786959820784,2,sparse_direct,not_applicable,1.5488602464078636e-16,3.097720492815727e-16,0.0035073000035481527,0.004583300004014745,0.0,0.0,4.274434829983271e-05,4.2744365667083564e-05,4.27691771419456,4.276915976461371,1.7377331884560476e-06,3.872150616019659e-17,3.872150616019659e-17,7.744301232039318e-17,True,0.009037900003022514,0.0,,
148,arpack_matvec,central_difference,1.0,0.0019933275626433764,0.27517274476653864,80208291.54947902,328.5709992917058,329.1795738852715,328.57145100740644,329.1787557837584,2,sparse_direct,not_applicable,1.9360753080098294e-16,1.1616451848058975e-16,0.004527299999608658,0.005801399995107204,0.015625,0.0,4.274434385326742e-05,4.2744369795609955e-05,4.276918159109422,4.276915563369295,2.595740126842827e-06,1.1616451848058975e-16,3.872150616019659e-17,7.744301232039318e-17,True,0.011131499995826744,0.015625,,
149,arpack_matvec,central_difference,1.0,0.0019933275626433764,0.2858744962519347,48664883.34545049,328.5710136024162,329.17971400154,328.5715089525224,329.17874900795687,2,sparse_direct,not_applicable,1.9360753080098294e-16,1.9360753080098294e-16,0.004506000012042932,0.004928900001686998,0.0,0.015625,4.274433289849006e-05,4.2744381037436523e-05,4.276919255223995,4.276914438535063,4.816688932152147e-06,7.744301232039318e-17,3.872150616019659e-17,1.1616451848058975e-16,True,0.010453900002175942,0.015625,,
150,arpack_matvec,central_difference,1.0,0.0019933275626433764,0.230424483798554,72281285.93064316,328.5710710777308,329.17944174553975,328.57138208536816,329.17876314634174,2,sparse_direct,not_applicable,1.1616451848058975e-16,1.5488602464078636e-16,0.006254000007174909,0.005547099994146265,0.0,0.015625,4.274433141016335e-05,4.2744382266491156e-05,4.27691940414323,4.2769143155583995,5.088584830836851e-06,0.0,3.872150616019659e-17,3.872150616019659e-17,True,0.012684600005741231,0.015625,,
151,arpack_matvec,central_difference,1.0,0.0019933275626433764,0.23722621865240762,42124861.30224438,328.5710212059603,329.17942008856187,328.571275778864,329.17871318404485,2,sparse_direct,not_applicable,2.323290369611795e-16,3.097720492815727e-16,0.003169300005538389,0.0022520000056829304,0.0,0.0,4.2744317062156196e-05,4.274439700557154e-05,4.2769208397789935,4.276912840797067,7.998981926604642e-06,1.9360753080098294e-16,3.872150616019659e-17,2.323290369611795e-16,True,0.006149099994217977,0.0,,
152,arpack_matvec,central_difference,1.0,0.0019933275626433764,0.2152474607336458,71287034.62781803,328.5711206353655,329.1790849981406,328.5711723490538,329.17871476581166,2,sparse_direct,not_applicable,2.710505431213761e-16,1.5488602464078636e-16,0.004348200003732927,0.005212200005189516,0.0,0.015625,4.274432456354882e-05,4.274438910018849e-05,4.276920089203034,4.276913631792914,6.457410119509177e-06,0.0,7.744301232039318e-17,7.744301232039318e-17,True,0.010296499996911734,0.015625,,
153,arpack_matvec,central_difference,1.0,0.0019933275626433764,0.31085817506613134,55257763.134669274,328.57116715128194,329.1790495719993,328.5710626981669,329.17882287549355,2,sparse_direct,not_applicable,1.5488602464078636e-16,1.9360753080098294e-16,0.005070700004580431,0.004118400000152178,0.0,0.0,4.274432133016054e-05,4.274439254915869e-05,4.276920412730062,4.276913286696241,7.126033820803457e-06,1.1616451848058975e-16,1.1616451848058975e-16,2.323290369611795e-16,True,0.010146300002816133,0.0,,
154,arpack_matvec,central_difference,1.0,0.0019933275626433764,0.254078805578643,72943951.4898043,328.57123091869613,329.1790760083618,328.57102877641944,329.17894383943946,2,sparse_direct,not_applicable,1.9360753080098294e-16,1.5488602464078636e-16,0.0036118999996688217,0.004191600004560314,0.015625,0.0,4.2744324269190495e-05,4.274438939475453e-05,4.276920118655997,4.276913602319257,6.51633673953711e-06,7.744301232039318e-17,0.0,7.744301232039318e-17,True,0.008423100007348694,0.015625,,
155,arpack_matvec,central_difference,1.0,0.0019933275626433764,0.307718761651618,56153268.65158972,328.5712923008079,329.17915562751716,328.5709563712878,329.17906042856265,2,sparse_direct,not_applicable,4.2593656776216244e-16,1.1616451848058975e-16,0.004035000005387701,0.0040551999991294,0.0,0.0,4.274432076995352e-05,4.2744393184570266e-05,4.276920468783376,4.276913223118307,7.2456650688224045e-06,0.0,0.0,0.0,True,0.0092504999920493,0.0,,
156,arpack_matvec,central_difference,1.0,0.0019933275626433764,0.25099798280428165,87142008.91213493,328.57136467859203,329.17915618742035,328.5709883001376,329.179082262029,2,sparse_direct,not_applicable,2.323290369611795e-16,4.2593656776216244e-16,0.0029667999915545806,0.0038989000022411346,0.0,0.0,4.27443280810746e-05,4.274438562107099e-05,4.2769197372457715,4.276913979906119,5.757339652134874e-06,1.5488602464078636e-16,7.744301232039318e-17,7.744301232039318e-17,True,0.0075102000118931755,0.0,,
157,arpack_matvec,central_difference,1.0,0.0019933275626433764,0.24918947722372586,56234646.18445014,328.57141997315586,329.17930355801934,328.57088471663485,329.1791889112987,2,sparse_direct,not_applicable,1.2584489502063891e-16,2.323290369611795e-16,0.004341799998655915,0.005051200001616962,0.0,0.015625,4.2744321267980856e-05,4.2744392781173644e-05,4.276920418951651,4.276913263481317,7.155470333586322e-06,3.872150616019659e-17,3.872150616019659e-17,0.0,True,0.009957100002793595,0.015625,,
158,arpack_matvec,central_difference,1.0,0.0019933275626433764,0.2526505980614826,74803867.77949876,328.57148176109695,329.1792033893345,328.57099883135857,329.17905832820435,2,sparse_direct,not_applicable,1.9360753080098294e-16,1.5488602464078636e-16,0.005824700012453832,0.0038001999928383157,0.0,0.0,4.274433548319151e-05,4.274437819039375e-05,4.276918996603542,4.276914723404299,4.273199243343129e-06,7.744301232039318e-17,0.0,7.744301232039318e-17,True,0.010176800002227537,0.0,,
159,arpack_matvec,central_difference,1.0,0.0019933275626433764,0.24126025092069261,44761189.24192218,328.5714759374213,329.1793164802282,328.57093009640124,329.17904326824765,2,sparse_direct,not_applicable,1.5488602464078636e-16,1.5488602464078636e-16,0.003708000003825873,0.0057419000077061355,0.0,0.015625,4.2744335218145664e-05,4.2744378806669296e-05,4.276919023123539,4.276914661741034,4.3613825049249044e-06,7.744301232039318e-17,7.744301232039318e-17,0.0,True,0.010026399992057122,0.015625,,
160,arpack_matvec,central_difference,1.0,0.0019933275626433764,0.22398643248842626,81162936.95406951,328.5714859041486,329.17914653466653,328.5709971355889,329.1788258124099,2,sparse_direct,not_applicable,1.476257422357495e-16,2.323290369611795e-16,0.004781900002853945,0.0050703999877441674,0.0,0.015625,4.274435179890217e-05,4.2744361886511815e-05,4.276917364084392,4.276916354737874,1.0093465183658168e-06,3.872150616019659e-17,7.744301232039318e-17,3.872150616019659e-17,True,0.01052460000209976,0.015625,,
161,arpack_matvec,central_difference,1.0,0.0019933275626433764,0.2819613593360719,52224552.70829037,328.57150630682656,329.17914690745425,328.57093929030765,329.1786841232139,2,sparse_direct,not_applicable,1.1616451848058975e-16,1.5488602464078636e-16,0.005699100001947954,0.005559600002015941,0.0,0.0,4.274436001571308e-05,4.274435396686926e-05,4.2769165419263055,4.276917147161799,6.052354937224891e-07,0.0,1.5488602464078636e-16,1.5488602464078636e-16,True,0.01216980000026524,0.0,,
162,arpack_matvec,central_difference,1.0,0.0019933275626433764,0.2131159648892168,69171412.88215116,328.57150954007386,329.1791467006805,328.5709420665831,329.17864686451725,2,sparse_direct,not_applicable,7.744301232039318e-17,1.9360753080098294e-16,0.006124299994553439,0.005575000002863817,0.015625,0.0,4.274436903906965e-05,4.2744344725673316e-05,4.276915639067195,4.27691807181814,2.432750944691975e-06,1.1616451848058975e-16,1.1616451848058975e-16,0.0,True,0.012578399997437373,0.015625,,
163,arpack_matvec,central_difference,1.0,0.0019933275626433764,0.24226179310614065,55366709.2784945,328.571623642732,329.1793869439624,328.5708144306684,329.1786714806398,2,sparse_direct,not_applicable,2.323290369611795e-16,1.1616451848058975e-16,0.0038289999938569963,0.002771899991785176,0.0,0.015625,4.274438452820478e-05,4.2744329718505905e-05,4.276914089256033,4.276919573407379,5.484151345491739e-06,7.744301232039318e-17,0.0,7.744301232039318e-17,True,0.007247899993672036,0.015625,,
164,arpack_matvec,central_difference,1.0,0.0019933275626433764,0.21024705579964775,65070367.89255227,328.5716604290449,329.17946495469226,328.5707957429817,329.1787260010418,2,sparse_direct,not_applicable,3.4849355544176928e-16,1.3068508329066348e-16,0.0022606999991694465,0.0033312000014120713,0.0,0.0,4.274439147190911e-05,4.2744322352989356e-05,4.276913394483553,4.276920310387641,6.915904088522495e-06,3.872150616019659e-17,3.872150616019659e-17,7.744301232039318e-17,True,0.005885499995201826,0.0,,
165,arpack_matvec,central_difference,1.0,0.0019933275626433764,0.24180992866940382,43567577.4775455,328.5716540497834,329.17945964375366,328.5708180994975,329.17876127461597,2,sparse_direct,not_applicable,1.1858461261560205e-16,1.5488602464078636e-16,0.0024231999996118248,0.00396480000927113,0.0,0.0,4.274439337400736e-05,4.274432074020756e-05,4.276913204163634,4.276920471759704,7.267596069837623e-06,0.0,7.744301232039318e-17,7.744301232039318e-17,True,0.00681899998744484,0.0,,
166,arpack_matvec,central_difference,1.0,0.0019933275626433764,0.18922976345628642,72630751.93465738,328.5717437594072,329.1795739862878,328.57070299351557,329.178730960157,2,sparse_direct,not_applicable,1.9360753080098294e-16,1.5488602464078636e-16,0.005052900000009686,0.003831900001387112,0.0,0.0,4.2744400989609385e-05,4.274431296495103e-05,4.276912442162808,4.276921249738142,8.807575333946716e-06,3.872150616019659e-17,3.872150616019659e-17,7.744301232039318e-17,True,0.009904899998218752,0.0,,
167,arpack_matvec,central_difference,1.0,0.0019933275626433764,0.25782327574638203,51316142.06756688,328.57164262268026,329.1793812466932,328.5708034853856,329.17872689163227,2,sparse_direct,not_applicable,1.1616451848058975e-16,1.0164395367051604e-16,0.002954500014311634,0.0031159999925876036,0.0,0.015625,4.274439029564631e-05,4.274432391637903e-05,4.276913512177924,4.276920153957677,6.641779753735477e-06,0.0,3.872150616019659e-17,3.872150616019659e-17,True,0.006365900000673719,0.015625,,
168,arpack_matvec,central_difference,1.0,0.0019933275626433764,0.24853948920356597,74838135.0118172,328.5714955384362,329.179106763122,328.5709646182937,329.17873548545134,2,sparse_direct,not_applicable,1.1616451848058975e-16,1.5488602464078636e-16,0.0037328000034904107,0.0035065999982180074,0.0,0.0,4.274437395147707e-05,4.2744339808782894e-05,4.276915147541641,4.276918563792928,3.416251287191585e-06,1.5488602464078636e-16,0.0,1.5488602464078636e-16,True,0.0077261999977054074,0.0,,
169,arpack_matvec,central_difference,1.0,0.0019933275626433764,0.2692449798330347,46482562.147699505,328.57151545285177,329.1790516223262,328.57090575779125,329.17872864848516,2,sparse_direct,not_applicable,3.097720492815727e-16,1.5488602464078636e-16,0.003852900001220405,0.002419899989035912,0.0,0.015625,4.2744368611841635e-05,4.27443454283438e-05,4.276915681814772,4.276918001510265,2.31969549258082e-06,3.872150616019659e-17,7.744301232039318e-17,1.1616451848058975e-16,True,0.006817100002081133,0.015625,,
170,arpack_matvec,central_difference,1.0,0.0019933275626433764,0.2240592957991041,73563713.9182948,328.5714754813685,329.1790428849301,328.5709621508699,329.1788852433668,2,sparse_direct,not_applicable,1.1616451848058975e-16,1.5488602464078636e-16,0.0031697999947937205,0.004358999998657964,0.0,0.0,4.274435973958801e-05,4.2744353978247954e-05,4.276916569554837,4.276917146023269,5.764684321007962e-07,7.744301232039318e-17,0.0,7.744301232039318e-17,True,0.008029900011024438,0.0,,
171,arpack_matvec,central_difference,1.0,0.0019933275626433764,0.2727922812649986,47743337.40595369,328.5715123352885,329.1790942870413,328.57092736022565,329.17913300119113,2,sparse_direct,not_applicable,2.323290369611795e-16,1.1616451848058975e-16,0.001819099998101592,0.0036125000042375177,0.0,0.0,4.274434734614232e-05,4.274436653443052e-05,4.276917809618998,4.276915889676366,1.9199426315452683e-06,7.744301232039318e-17,7.744301232039318e-17,0.0,True,0.0059352999960538,0.0,,
172,arpack_matvec,central_difference,1.0,0.0019933275626433764,0.25638748831163,81613631.6456115,328.5714846698953,329.1790613831966,328.570998060248,329.17917064589597,2,sparse_direct,not_applicable,2.710505431213761e-16,3.4849355544176928e-16,0.0033503000013297424,0.0027781999961007386,0.015625,0.0,4.274434312718579e-05,4.27443705507793e-05,4.276918231759777,4.276915487808572,2.743951204919881e-06,7.744301232039318e-17,7.744301232039318e-17,0.0,True,0.0066611999936867505,0.015625,,
173,arpack_matvec,central_difference,1.0,0.0019933275626433764,0.23550330932590585,47466842.8984327,328.57140762130564,329.1791416020242,328.57094742591755,329.17940528925294,2,sparse_direct,not_applicable,2.323290369611795e-16,3.097720492815727e-16,0.0030719999922439456,0.0019460999901639298,0.0,0.0,4.274432721576536e-05,4.2744386860242e-05,4.2769198238270425,4.276913855917259,5.967909783244352e-06,7.744301232039318e-17,7.744301232039318e-17,0.0,True,0.005333400011295453,0.0,,
174,arpack_matvec,central_difference,1.0,0.0019933275626433764,0.21767068328913966,74581489.16001561,328.5713898962598,329.17909180148126,328.57099080075085,329.1793176740264,2,sparse_direct,not_applicable,1.5488602464078636e-16,2.371692252312041e-16,0.0031413999968208373,0.002661300008185208,0.015625,0.0,4.274432684011e-05,4.274438692954651e-05,4.276919861414436,4.276913848982795,6.012431641444493e-06,1.5488602464078636e-16,3.872150616019659e-17,1.1616451848058975e-16,True,0.006334899997455068,0.015625,,
175,arpack_matvec,central_difference,1.0,0.0019933275626433764,0.2627896949882716,46178352.38327457,328.57132296337795,329.17909170323935,328.5709721244973,329.17928718055305,2,sparse_direct,not_applicable,1.5488602464078636e-16,1.9360753080098294e-16,0.0028643000114243478,0.003242599996156059,0.0,0.0,4.2744318460760423e-05,4.2744395587614745e-05,4.27692069983713,4.2769129826747925,7.717162337605998e-06,7.744301232039318e-17,7.744301232039318e-17,0.0,True,0.006656300000031479,0.0,,
176,arpack_matvec,central_difference,1.0,0.0019933275626433764,0.2046596438415562,71004846.35504167,328.5712933395769,329.1790515812869,328.57102169254915,329.1791357859535,2,sparse_direct,not_applicable,1.9360753080098294e-16,8.228320059041775e-17,0.002055999997537583,0.0028547999972943217,0.0,0.0,4.274431926996408e-05,4.274439449199871e-05,4.2769206188696485,4.2769130922997975,7.5265698509241474e-06,7.744301232039318e-17,3.872150616019659e-17,3.872150616019659e-17,True,0.005419900000561029,0.0,,
177,arpack_matvec,central_difference,1.0,0.0019933275626433764,0.26522143290813754,42571652.175186366,328.57116224596626,329.179020342533,328.5710790425192,329.1789262367915,2,sparse_direct,not_applicable,1.1616451848058975e-16,1.1616451848058975e-16,0.0033236000017495826,0.0023241999879246578,0.015625,0.0,4.274431790135206e-05,4.274439612700949e-05,4.276920755810539,4.276912928704106,7.827106433211384e-06,7.744301232039318e-17,7.744301232039318e-17,1.5488602464078636e-16,True,0.005986300006043166,0.015625,,
178,arpack_matvec,central_difference,1.0,0.0019933275626433764,0.20988178282542488,68876295.7502571,328.571069273444,329.17900185296554,328.5711755032179,329.1787322019544,2,sparse_direct,not_applicable,1.1616451848058975e-16,1.1616451848058975e-16,0.0027461999998195097,0.002555200000642799,0.0,0.0,4.2744322406152424e-05,4.274439123699418e-05,4.27692030506824,4.276913417988644,6.887079595507828e-06,1.1616451848058975e-16,0.0,1.1616451848058975e-16,True,0.0056170000025304034,0.0,,
179,arpack_matvec,central_difference,1.0,0.0019933275626433764,0.23759490580770704,49679175.39080943,328.57085899084944,329.1793608266374,328.5712653040008,329.17872184131875,2,sparse_direct,not_applicable,1.1616451848058975e-16,1.9360753080098294e-16,0.002610300012747757,0.003072400009841658,0.0,0.015625,4.274431173581857e-05,4.274440233178667e-05,4.276921372722991,4.276912307867452,9.064855539087091e-06,7.744301232039318e-17,0.0,7.744301232039318e-17,True,0.006051600008504465,0.015625,,
180,arpack_matvec,central_difference,1.0,0.0019933275626433764,0.2182881184264108,69860792.94512042,328.5708807240504,329.17941611718015,328.57135860616376,329.178769866573,2,sparse_direct,not_applicable,1.5488602464078636e-16,1.9360753080098294e-16,0.0022653000050922856,0.0028560000064317137,0.0,0.0,4.2744322628524966e-05,4.2744391056098415e-05,4.2769202828180415,4.276913436088692,6.846729349696545e-06,3.872150616019659e-17,7.744301232039318e-17,3.872150616019659e-17,True,0.0059852999984286726,0.0,,
181,arpack_matvec,central_difference,1.0,0.0019933275626433764,0.2871552738024492,45615347.673616804,328.5707629949949,329.1796672253425,328.5714955303921,329.17878190053256,2,sparse_direct,not_applicable,1.1616451848058975e-16,1.3310517742567576e-16,0.0029447999986587092,0.0029023000097367913,0.0,0.0,4.2744320758303825e-05,4.2744393128075635e-05,4.276920469949024,4.27691322877104,7.241177984340652e-06,1.1616451848058975e-16,7.744301232039318e-17,3.872150616019659e-17,True,0.006278899993048981,0.0,,
182,arpack_matvec,central_difference,1.0,0.0019933275626433764,0.25410691023781906,79020640.23994628,328.57083041394344,329.17958204824305,328.57154102760154,329.17880727031115,2,sparse_direct,not_applicable,3.097720492815727e-16,1.9360753080098294e-16,0.0027240000054007396,0.0035065000120084733,0.015625,0.0,4.274432949260424e-05,4.274438411869241e-05,4.276919596010687,4.276914130230988,5.465779699065365e-06,3.872150616019659e-17,3.872150616019659e-17,0.0,True,0.0066325000079814345,0.015625,,
183,arpack_matvec,central_difference,1.0,0.0019933275626433764,0.26580571631160715,43249203.7122347,328.57072529044274,329.1797638409278,328.5716194294388,329.1788079782057,2,sparse_direct,not_applicable,2.710505431213761e-16,1.621463070458232e-16,0.0021693000016966835,0.0022207000001799315,0.0,0.0,4.274432819568137e-05,4.27443857300519e-05,4.276919725778426,4.276913969001717,5.756776709553435e-06,3.872150616019659e-17,1.1616451848058975e-16,7.744301232039318e-17,True,0.004721000004792586,0.0,,
184,arpack_matvec,central_difference,1.0,0.0019933275626433764,0.232505180264621,70894135.19839789,328.570878935025,329.1794402599055,328.571641037216,329.1788171780626,2,sparse_direct,not_applicable,1.9360753080098294e-16,3.097720492815727e-16,0.002933700001449324,0.0027632999990601093,0.0,0.0,4.274434181738482e-05,4.2744371862141045e-05,4.276918362815992,4.276915356596366,3.006219626122686e-06,7.744301232039318e-17,7.744301232039318e-17,0.0,True,0.006102500003180467,0.0,,
185,arpack_matvec,central_difference,1.0,0.0019933275626433764,0.29784073015180645,49650912.95521032,328.570746730808,329.1793651045167,328.5716466458791,329.17879915872027,2,sparse_direct,not_applicable,2.323290369611795e-16,1.5488602464078636e-16,0.0035266000049887225,0.002445199992507696,0.015625,0.0,4.274434916395804e-05,4.274436481639922e-05,4.276917627731835,4.276916061579152,1.5661526822086103e-06,3.872150616019659e-17,7.744301232039318e-17,3.872150616019659e-17,True,0.006442300000344403,0.015625,,
186,arpack_matvec,central_difference,1.0,0.0019933275626433764,0.26679222506259953,71739644.88009647,328.5708175350178,329.17913029163947,328.5715510808636,329.17878443381363,2,sparse_direct,not_applicable,1.9360753080098294e-16,2.710505431213761e-16,0.0030014000076334924,0.0028359999996609986,0.0,0.0,4.274435711181511e-05,4.274435655037812e-05,4.276916832484641,4.27691688866093,5.617628850984602e-08,7.744301232039318e-17,1.1616451848058975e-16,1.9360753080098294e-16,True,0.006180199998198077,0.0,,
187,arpack_matvec,central_difference,1.0,0.0019933275626433764,0.2756473789945989,39945068.43107392,328.5705793292117,329.17903826386623,328.57166004996145,329.17869750910535,2,sparse_direct,not_applicable,2.323290369611795e-16,2.323290369611795e-16,0.0028175999905215576,0.002696399998967536,0.015625,0.0,4.2744367635276737e-05,4.2744346402942676e-05,4.276915779527897,4.2769179039937555,2.124465858344138e-06,7.744301232039318e-17,1.5488602464078636e-16,7.744301232039318e-17,True,0.0059157999930903316,0.015625,,
188,arpack_matvec,central_difference,1.0,0.0019933275626433764,0.244518675378411,68729994.54482861,328.57074208816226,329.17902480618375,328.57158061042713,329.1788335070897,2,sparse_direct,not_applicable,1.5488602464078636e-16,1.1616451848058975e-16,0.003331100000650622,0.0022947999968891963,0.0,0.0,4.274437068447463e-05,4.274434307337941e-05,4.276915474431288,4.276918237143542,2.7627122545226257e-06,7.744301232039318e-17,0.0,7.744301232039318e-17,True,0.005968299999949522,0.0,,
189,arpack_matvec,central_difference,1.0,0.0019933275626433764,0.34013241678308137,69080659.04720604,328.57074756414016,329.1791045674586,328.57161671117694,329.1789797660221,2,sparse_direct,not_applicable,1.5488602464078636e-16,1.9360753080098294e-16,0.00261799999861978,0.002838600004906766,0.0,0.015625,4.274437829645694e-05,4.274433561115954e-05,4.276914712791833,4.276918983799298,4.271007465028731e-06,0.0,7.744301232039318e-17,7.744301232039318e-17,True,0.005789299990283325,0.015625,,
190,arpack_matvec,central_difference,1.0,0.0019933275626433764,0.21444458573564038,61688687.921604194,328.57062994022425,329.1792397816499,328.5717554584068,329.17908299537845,2,sparse_direct,not_applicable,2.323290369611795e-16,1.5004583637076176e-16,0.002839499997207895,0.003199700004188344,0.0,0.0,4.2744388592121334e-05,4.2744325138739855e-05,4.276913682629046,4.276920031650455,6.349021409057798e-06,0.0,7.744301232039318e-17,7.744301232039318e-17,True,0.006365499997627921,0.0,,
191,arpack_matvec,central_difference,1.0,0.0019933275626433764,0.23160343620317747,49896299.3640727,328.5702849536622,329.17943361240475,328.5720201112736,329.17917296955966,2,sparse_direct,not_applicable,1.9360753080098294e-16,3.097720492815727e-16,0.0022431999968830496,0.0025941000058082864,0.0,0.0,4.274440428439789e-05,4.274430963895001e-05,4.276912112493411,4.276921582532017,9.470038605741138e-06,3.872150616019659e-17,1.1616451848058975e-16,1.5488602464078636e-16,True,0.005119800000102259,0.0,,
192,arpack_matvec,central_difference,1.0,0.0019933275626433764,0.22075197279268627,66522223.91836868,328.57072659622867,329.1791490143742,328.57172047869767,329.1788527853063,2,sparse_direct,not_applicable,1.5488602464078636e-16,1.9360753080098294e-16,0.003002599987667054,0.00286469999991823,0.0,0.015625,4.274437733546749e-05,4.2744336421937335e-05,4.276914808946467,4.276918902674376,4.093727909548761e-06,0.0,3.872150616019659e-17,3.872150616019659e-17,True,0.0062864999927114695,0.015625,,
193,arpack_matvec,central_difference,1.0,0.0019933275626433764,0.24819503046629535,39424639.336585596,328.57049402005043,329.17924532422944,328.5719564113044,329.1786331556774,2,sparse_direct,not_applicable,1.5488602464078636e-16,1.3068508329066348e-16,0.00242759998945985,0.0032873000018298626,0.0,0.015625,4.274437918285188e-05,4.274433503564747e-05,4.276914624100978,4.27691904138397,4.4172829927191515e-06,3.872150616019659e-17,0.0,3.872150616019659e-17,True,0.0076932000083616,0.015625,,
194,arpack_matvec,central_difference,1.0,0.0019933275626433764,0.2525019558611912,76673506.23760946,328.57074598857855,329.1791660131943,328.5717654470642,329.1786108258774,2,sparse_direct,not_applicable,1.9360753080098294e-16,1.5488602464078636e-16,0.003326799997012131,0.0032219999993685633,0.0,0.0,4.274436609554993e-05,4.2744347594056676e-05,4.276915933589882,4.27691778481316,1.8512232786704885e-06,3.872150616019659e-17,1.5488602464078636e-16,1.1616451848058975e-16,True,0.006994899988058023,0.0,,
195,arpack_matvec,central_difference,1.0,0.0019933275626433764,0.2809470678247656,59256328.4308296,328.5706985311642,329.1793828471685,328.57182711514696,329.17861852426336,2,sparse_direct,not_applicable,1.5488602464078636e-16,1.5488602464078636e-16,0.0033570000086911023,0.0018240000063087791,0.0,0.0,4.2744359534626344e-05,4.274435450608686e-05,4.276916590062898,4.276917093208732,5.031458343296435e-07,1.1616451848058975e-16,0.0,1.1616451848058975e-16,True,0.005450099997688085,0.0,,
196,arpack_matvec,central_difference,1.0,0.0019933275626433764,0.25999815399515575,76468361.20424363,328.5708134951037,329.179401122178,328.57167818685866,329.1787064443292,2,sparse_direct,not_applicable,1.1616451848058975e-16,1.9360753080098294e-16,0.0024154999991878867,0.0026027999992948025,0.015625,0.0,4.274435156101995e-05,4.274436209621918e-05,4.276917387886429,4.276916333754969,1.0541314594547657e-06,0.0,0.0,0.0,True,0.005389600002672523,0.015625,,
197,arpack_matvec,central_difference,1.0,0.0019933275626433764,0.2886783010620012,55129150.941351,328.5706364831638,329.1797311833582,328.5717169817732,329.1786961204108,2,sparse_direct,not_applicable,1.1616451848058975e-16,1.9360753080098294e-16,0.0035475000040605664,0.0020982999994885176,0.0,0.0,4.2744341366961977e-05,4.274437252911324e-05,4.276918407884454,4.2769152898604785,3.1180239759009964e-06,7.744301232039318e-17,3.872150616019659e-17,3.872150616019659e-17,True,0.0060111000057077035,0.0,,
198,arpack_matvec,central_difference,1.0,0.0019933275626433764,0.22540913015506459,73046985.96990567,328.57068913985006,329.17970231319515,328.57167086341207,329.1787479540142,2,sparse_direct,not_applicable,1.9360753080098294e-16,1.5488602464078636e-16,0.003959500012570061,0.002276899991557002,0.0,0.0,4.2744335566604386e-05,4.27443780814866e-05,4.276918988257404,4.276914734301324,4.25395607983603e-06,7.744301232039318e-17,1.1616451848058975e-16,3.872150616019659e-17,True,0.0066005000117002055,0.015625,,
199,arpack_matvec,central_difference,1.0,0.0019933275626433764,0.1953266121732382,46916387.18918334,328.5703201612425,329.1802613713654,328.5716863652087,329.17873921782206,2,sparse_direct,not_applicable,1.5488602464078636e-16,1.9360753080098294e-16,0.00277279999863822,0.0033088999916799366,0.0,0.0,4.274431139633253e-05,4.274440285570093e-05,4.276921406691374,4.276912255445727,9.151245646599193e-06,0.0,3.872150616019659e-17,3.872150616019659e-17,True,0.0064695000037318096,0.0,,
200,arpack_matvec,central_difference,1.0,0.0019933275626433764,0.2270766769322832,59429135.13728671,328.5707669994704,329.179543761827,328.5716278674876,329.1788308472734,2,sparse_direct,not_applicable,2.710505431213761e-16,1.5488602464078636e-16,0.0022557000047527254,0.003763400003663264,0.0,0.0,4.274432585792932e-05,4.2744387886009204e-05,4.276919959689657,4.276913753281143,6.206408514231043e-06,3.872150616019659e-17,3.872150616019659e-17,0.0,True,0.006397900011506863,0.0,,
201,arpack_matvec,central_difference,1.0,0.0019933275626433764,0.204258894968922,48807469.58986709,328.57070260819245,329.17951287521174,328.5716527381537,329.1788783400489,2,sparse_direct,not_applicable,1.5488602464078636e-16,1.9360753080098294e-16,0.0030312999879242852,0.0027987000066787004,0.015625,0.0,4.2744311983007567e-05,4.2744402335621e-05,4.276921347989691,4.276912307483798,9.04050589323191e-06,3.872150616019659e-17,3.872150616019659e-17,0.0,True,0.006351800009724684,0.015625,,
202,arpack_matvec,central_difference,1.0,0.0019933275626433764,0.26465835936557447,70020116.36728123,328.57102692867227,329.17897515677436,328.57141607687004,329.17890780424995,2,sparse_direct,not_applicable,1.5488602464078636e-16,1.9360753080098294e-16,0.0026541999977780506,0.002274099999340251,0.0,0.0,4.2744327407415506e-05,4.274438625686579e-05,4.276919804650876,4.27691391628982,5.88836105563928e-06,0.0,3.872150616019659e-17,3.872150616019659e-17,True,0.005263200000626966,0.0,,
203,arpack_matvec,central_difference,1.0,0.0019933275626433764,0.26201942442755743,59642313.54796309,328.5710295237549,329.17879652930617,328.5713978437045,329.1789427632121,2,sparse_direct,not_applicable,1.9360753080098294e-16,1.3552527156068805e-16,0.0029168000037316233,0.0038413000002037734,0.0,0.015625,4.2744317537088653e-05,4.2744396427888945e-05,4.276920792258091,4.276912898598751,7.893659339508474e-06,7.744301232039318e-17,0.0,7.744301232039318e-17,True,0.007143399998312816,0.015625,,
204,arpack_matvec,central_difference,1.0,0.0019933275626433764,0.22564286177383097,76807438.37632701,328.5711052261118,329.1787828899342,328.57130733156345,329.17919274166,2,sparse_direct,not_applicable,1.9360753080098294e-16,1.9360753080098294e-16,0.0026556000084383413,0.0029254999972181395,0.0,0.0,4.274432167135575e-05,4.2744392014298385e-05,4.276920378590679,4.27691334021323,7.038377448864708e-06,0.0,0.0,0.0,True,0.005927000005613081,0.0,,
205,arpack_matvec,central_difference,1.0,0.0019933275626433764,0.21343674117160397,39626312.2420079,328.5707727139772,329.17875670940583,328.5712810076162,329.1796239143921,2,sparse_direct,not_applicable,1.9360753080098294e-16,1.9360753080098294e-16,0.0025326000031782314,0.0027655000012600794,0.0,0.0,4.2744299815308996e-05,4.274441433044339e-05,4.276922565468746,4.276911107308188,1.1458160558142083e-05,7.744301232039318e-17,7.744301232039318e-17,1.5488602464078636e-16,True,0.0056361000024480745,0.0,,
206,arpack_matvec,central_difference,1.0,0.0019933275626433764,0.2221748198020129,69202303.32801898,328.5711421428194,329.17884091927885,328.57126220185495,329.1794136806368,2,sparse_direct,not_applicable,2.710505431213761e-16,1.5488602464078636e-16,0.0033144000044558197,0.002475600005709566,0.015625,0.0,4.274432510011546e-05,4.274438859907823e-05,4.276920035515143,4.276913681932953,6.353582190143925e-06,3.872150616019659e-17,3.872150616019659e-17,7.744301232039318e-17,True,0.0061634000012418255,0.015625,,
207,arpack_matvec,central_difference,1.0,0.0019933275626433764,0.2805973459882204,46441464.562134475,328.571150579839,329.17888326761613,328.5712616082398,329.1795005882671,2,sparse_direct,not_applicable,1.5488602464078636e-16,3.097720492815727e-16,0.0031201000092551112,0.0018381999980192631,0.0,0.0,4.2744325882357553e-05,4.2744388050422303e-05,4.276919957245412,4.276913736830313,6.220415099456034e-06,7.744301232039318e-17,7.744301232039318e-17,1.5488602464078636e-16,True,0.005282899990561418,0.0,,
208,arpack_matvec,central_difference,1.0,0.0019933275626433764,0.2556588324852402,81373315.5814687,328.57119558487426,329.17892612140287,328.5712814159303,329.1793445556662,2,sparse_direct,not_applicable,1.9360753080098294e-16,2.323290369611795e-16,0.00273949999245815,0.0026252000097883865,0.0,0.0,4.27443357702068e-05,4.274437790853772e-05,4.276918967885324,4.276914751606235,4.216279089419572e-06,7.744301232039318e-17,3.872150616019659e-17,3.872150616019659e-17,True,0.005745099988416769,0.0,,
209,arpack_matvec,central_difference,1.0,0.0019933275626433764,0.28853309561639334,51730535.23204403,328.5711573055592,329.1789785201181,328.571309375585,329.1792964952717,2,sparse_direct,not_applicable,1.5488602464078636e-16,1.3552527156068805e-16,0.003312000000732951,0.002312199998414144,0.0,0.0,4.2744339733573104e-05,4.274437417786696e-05,4.276918571318279,4.27691512488953,3.446428749498409e-06,1.1616451848058975e-16,1.5488602464078636e-16,3.872150616019659e-17,True,0.005972800005110912,0.0,,
210,arpack_matvec,central_difference,1.0,0.0019933275626433764,0.23211469075343708,67497761.78701074,328.571109764893,329.17902233580224,328.5713553699043,329.179064493676,2,sparse_direct,not_applicable,1.1616451848058975e-16,1.1616451848058975e-16,0.002208500009146519,0.002398999989964068,0.0,0.0,4.274435028607242e-05,4.274436339423072e-05,4.2769175154552235,4.276916203878506,1.3115767174554094e-06,7.744301232039318e-17,0.0,7.744301232039318e-17,True,0.004938700003549457,0.0,,
211,arpack_matvec,central_difference,1.0,0.0019933275626433764,0.2344918661128038,51096006.325743034,328.57100968670653,329.1791135220806,328.5714275147799,329.1789503420887,2,sparse_direct,not_applicable,1.1616451848058975e-16,1.5488602464078636e-16,0.0027196000010007992,0.002668499990249984,0.0,0.015625,4.2744356728087495e-05,4.2744357362907566e-05,4.276916870879677,4.276916807360821,6.351885595279327e-08,0.0,7.744301232039318e-17,7.744301232039318e-17,True,0.005768600007286295,0.015625,,
212,arpack_matvec,central_difference,1.0,0.0019933275626433764,0.25165425057300805,87988613.67431019,328.57105788402595,329.1790371653486,328.57141470097736,329.1787637370372,2,sparse_direct,not_applicable,1.1616451848058975e-16,1.1616451848058975e-16,0.0028374000103212893,0.0025391000090166926,0.0,0.0,4.274436437134064e-05,4.2744349354960606e-05,4.2769161061108285,4.276917608620484,1.5025096553600292e-06,3.872150616019659e-17,0.0,3.872150616019659e-17,True,0.005918500013649464,0.0,,
213,arpack_matvec,central_difference,1.0,0.0019933275626433764,0.2092905252975747,46920607.92907183,328.57088464299153,329.179188394993,328.5715575356327,329.1785676856997,2,sparse_direct,not_applicable,3.4849355544176928e-16,1.5488602464078636e-16,0.0019338999991305172,0.0023689000081503764,0.0,0.0,4.274437969303556e-05,4.2744334804301764e-05,4.276914573053049,4.276919064531993,4.491478944324001e-06,1.1616451848058975e-16,3.872150616019659e-17,1.5488602464078636e-16,True,0.004591300006723031,0.0,,
214,arpack_matvec,central_difference,1.0,0.0019933275626433764,0.19904978640102527,72247906.73855592,328.5709518206778,329.1792350476834,328.57153087788765,329.1786813544931,2,sparse_direct,not_applicable,1.9360753080098294e-16,3.097720492815727e-16,0.0026211999938823283,0.0026268000074196607,0.0,0.015625,4.2744383366949056e-05,4.274433051575764e-05,4.276914205448866,4.276919493635828,5.288186962104646e-06,3.872150616019659e-17,3.872150616019659e-17,0.0,True,0.005620299998554401,0.015625,,
215,arpack_matvec,central_difference,1.0,0.0019933275626433764,0.16293509642707196,51940315.84490199,328.5706628867067,329.1795654924266,328.57146112000333,329.17853161490143,2,sparse_direct,not_applicable,1.5488602464078636e-16,1.2584489502063891e-16,0.0032402000069851056,0.0029968000017106533,0.0,0.0,4.274440869188578e-05,4.274430604186561e-05,4.276911671489807,4.276921942450081,1.0270960274283425e-05,3.872150616019659e-17,3.872150616019659e-17,0.0,True,0.006545700001879595,0.0,,
216,arpack_matvec,central_difference,1.0,0.0019933275626433764,0.2317161476064974,80657943.80548777,328.5710653321973,329.17899766952416,328.57146198795056,329.1787852417498,2,sparse_direct,not_applicable,2.323290369611795e-16,1.7424677772088464e-16,0.0016548999992664903,0.002733400004217401,0.0,0.0,4.2744372987632915e-05,4.2744340826653205e-05,4.27691524398193,4.276918461946734,3.217964804846929e-06,7.744301232039318e-17,0.0,7.744301232039318e-17,True,0.004709700006060302,0.0,,
217,arpack_matvec,central_difference,1.0,0.0019933275626433764,0.21837533644419901,61965737.01723304,328.57103528986903,329.1788629654793,328.57143982027367,329.1788607345832,2,sparse_direct,not_applicable,1.5488602464078636e-16,1.1616451848058975e-16,0.002314999990630895,0.0026305000064894557,0.015625,0.0,4.274437106846612e-05,4.2744343176632405e-05,4.276915436009874,4.276918226812242,2.790802367869105e-06,0.0,1.1616451848058975e-16,1.1616451848058975e-16,True,0.00526420000824146,0.015625,,
218,arpack_matvec,central_difference,1.0,0.0019933275626433764,0.2701979630588537,78271831.85043198,328.57114369584764,329.17877904870204,328.5713085015496,329.17904030688044,2,sparse_direct,not_applicable,1.8876734253095837e-16,1.9360753080098294e-16,0.00368989999697078,0.002364500003750436,0.0,0.0,4.274435978394843e-05,4.274435387040077e-05,4.27691656511622,4.27691715681425,5.916980292397511e-07,7.744301232039318e-17,3.872150616019659e-17,1.1616451848058975e-16,True,0.0066174999956274405,0.0,,
219,arpack_matvec,central_difference,1.0,0.0019933275626433764,0.22789653515475058,49343937.36744974,328.5711085158568,329.17864801559807,328.57125497162684,329.179332212721,2,sparse_direct,not_applicable,1.5488602464078636e-16,1.9360753080098294e-16,0.002747200007434003,0.0027172999980393797,0.0,0.015625,4.274435500868288e-05,4.2744359082476335e-05,4.276917042919952,4.27691663530414,4.076158122146012e-07,0.0,0.0,0.0,True,0.0058535999996820465,0.015625,,
220,arpack_matvec,central_difference,1.0,0.0019933275626433764,0.22498767983771154,72193775.989271,328.5712048673609,329.17860587363845,328.57118823585563,329.1793783877638,2,sparse_direct,not_applicable,2.710505431213761e-16,1.1616451848058975e-16,0.0026073999906657264,0.004231899991282262,0.0,0.0,4.2744347848944374e-05,4.2744365857777345e-05,4.276917759309584,4.2769159573809326,1.801928651623541e-06,0.0,7.744301232039318e-17,7.744301232039318e-17,True,0.00720510000246577,0.0,,
221,arpack_matvec,central_difference,1.0,0.0019933275626433764,0.2538747720936424,48608459.85178746,328.5712295411636,329.17849678401285,328.571138347682,329.179573852458,2,sparse_direct,not_applicable,1.1616451848058975e-16,1.5488602464078636e-16,0.002733399989665486,0.0028986999968765303,0.0,0.0,4.2744341050831764e-05,4.2744372894231514e-05,4.276918439515849,4.276915253327484,3.1861883647010814e-06,0.0,7.744301232039318e-17,7.744301232039318e-17,True,0.0059809999947901815,0.0,,
222,arpack_matvec,central_difference,1.0,0.0019933275626433764,0.24256250862313333,70817374.60449408,328.5712750188999,329.17856510740637,328.5711824658901,329.17938337680346,2,sparse_direct,not_applicable,2.323290369611795e-16,2.710505431213761e-16,0.0028421000024536625,0.002393400005530566,0.015625,0.0,4.274434040104556e-05,4.2744373334764e-05,4.276918504532236,4.276915209248698,3.2952835375965606e-06,1.1616451848058975e-16,1.1616451848058975e-16,2.323290369611795e-16,True,0.005622899989248253,0.015625,,
223,arpack_matvec,central_difference,1.0,0.0019933275626433764,0.24339739756705406,50950741.50628273,328.57114477791305,329.1784510267039,328.5711840982444,329.1795350851046,2,sparse_direct,not_applicable,1.5488602464078636e-16,1.5004583637076176e-16,0.004716600000392646,0.0022958000045036897,0.0,0.0,4.274433031257149e-05,4.2744383787823525e-05,4.276919513966263,4.27691416333704,5.350629222355963e-06,7.744301232039318e-17,3.872150616019659e-17,1.1616451848058975e-16,True,0.007355099995038472,0.0,,
224,arpack_matvec,central_difference,1.0,0.0019933275626433764,0.27861974581505516,90782805.97499768,328.57124461805364,329.1785655392364,328.5712414804631,329.17928872485726,2,sparse_direct,not_applicable,1.5488602464078636e-16,1.5488602464078636e-16,0.0025279999972553924,0.0027622000052360818,0.0,0.015625,4.274433309696555e-05,4.274438059184097e-05,4.276919235364903,4.276914483120434,4.752244469052869e-06,3.872150616019659e-17,7.744301232039318e-17,1.1616451848058975e-16,True,0.005624899989925325,0.015625,,
225,arpack_matvec,central_difference,1.0,0.0019933275626433764,0.2475548833287752,57694183.638509706,328.5711437321792,329.17851566326806,328.5712422134447,329.1793099376375,2,sparse_direct,not_applicable,2.323290369611795e-16,1.5488602464078636e-16,0.0023969000030774623,0.0024028000043472275,0.0,0.0,4.2744323626311746e-05,4.274439038136583e-05,4.276920182981288,4.27691350360101,6.6793802782072476e-06,7.744301232039318e-17,3.872150616019659e-17,1.1616451848058975e-16,True,0.005104099996970035,0.0,,
226,arpack_matvec,central_difference,1.0,0.0019933275626433764,0.2885607915891168,79830976.7180459,328.5711271626943,329.1787606687356,328.57128144052564,329.17898592256097,2,sparse_direct,not_applicable,1.5488602464078636e-16,1.5488602464078636e-16,0.0030852000054437667,0.0024237999896286055,0.0,0.0,4.274433420870015e-05,4.27443794321809e-05,4.276919124126789,4.2769145991536295,4.524973159725221e-06,1.9360753080098294e-16,0.0,1.9360753080098294e-16,True,0.005770000003394671,0.0,,
227,arpack_matvec,central_difference,1.0,0.0019933275626433764,0.2967399463133312,49507612.60311281,328.5710007236588,329.17889953771095,328.57131493988993,329.1789490493179,2,sparse_direct,not_applicable,1.5488602464078636e-16,1.9360753080098294e-16,0.002787800010992214,0.0023939999955473468,0.015625,0.0,4.274432707318967e-05,4.2744386791959324e-05,4.276919838092907,4.27691386274948,5.97534342716699e-06,3.872150616019659e-17,3.872150616019659e-17,7.744301232039318e-17,True,0.005562399994232692,0.015625,,
228,arpack_matvec,central_difference,1.0,0.0019933275626433764,0.2645023940740903,67798237.64618509,328.57093912664106,329.1790883225244,328.57135984989264,329.17884455112846,2,sparse_direct,not_applicable,2.2748884869115496e-16,1.9360753080098294e-16,0.0026157999964198098,0.0022483999928226694,0.0,0.0,4.274433151260877e-05,4.2744382133537815e-05,4.27691939389273,4.2769143288614355,5.065031294826383e-06,7.744301232039318e-17,7.744301232039318e-17,0.0,True,0.005217199999606237,0.0,,
229,arpack_matvec,central_difference,1.0,0.0019933275626433764,0.25135216654717746,52096300.75915871,328.57072503217887,329.1793257863026,328.5713861674438,329.17877543958963,2,sparse_direct,not_applicable,2.710505431213761e-16,1.5488602464078636e-16,0.0028811999945901334,0.004804700001841411,0.0,0.015625,4.274432170020814e-05,4.274439227490625e-05,4.276920375703761,4.276913314137359,7.061566401844743e-06,1.1616451848058975e-16,7.744301232039318e-17,3.872150616019659e-17,True,0.008377300007850863,0.015625,,
230,arpack_matvec,central_difference,1.0,0.0019933275626433764,0.2534912198679391,74329618.78595886,328.5708667500884,329.17923373265086,328.57144831373006,329.1787704101994,2,sparse_direct,not_applicable,2.323290369611795e-16,1.6940658945086007e-16,0.002906900001107715,0.0033076000108849257,0.0,0.0,4.274433685498998e-05,4.274437683118981e-05,4.276918859343934,4.276914859403458,3.999940475729602e-06,7.744301232039318e-17,3.872150616019659e-17,3.872150616019659e-17,True,0.006708400003844872,0.0,,
231,arpack_matvec,central_difference,1.0,0.0019933275626433764,0.22601303142639065,48768615.977454424,328.57071522032044,329.1793738326806,328.571409007819,329.1787368689851,2,sparse_direct,not_applicable,2.323290369611795e-16,1.1616451848058975e-16,0.0042391000024508685,0.002318399987416342,0.0,0.0,4.2744333930688706e-05,4.274438021871852e-05,4.276919151944101,4.276914520454296,4.63148980500705e-06,3.872150616019659e-17,0.0,3.872150616019659e-17,True,0.006917000006069429,0.0,,
232,arpack_matvec,central_difference,1.0,0.0019933275626433764,0.29794028476050616,96448453.5750335,328.57103261291854,329.17902974479836,328.57145256556214,329.17883465470516,2,sparse_direct,not_applicable,2.323290369611795e-16,1.9360753080098294e-16,0.002840499990270473,0.0027329000004101545,0.015625,0.0,4.274435090082071e-05,4.27443627710635e-05,4.276917453944692,4.276916266231383,1.1877133090365533e-06,0.0,7.744301232039318e-17,7.744301232039318e-17,True,0.005997200001729652,0.015625,,
233,arpack_matvec,central_difference,1.0,0.0019933275626433764,0.18158697371780622,51315711.65854105,328.5707831042159,329.17908998782264,328.57164638874724,329.1788955734197,2,sparse_direct,not_applicable,1.9360753080098294e-16,1.1616451848058975e-16,0.0029910000012023374,0.004650500006391667,0.0,0.0,4.2744352642930817e-05,4.274436193951175e-05,4.276917279632516,4.2769163494348055,9.30197710857783e-07,3.872150616019659e-17,1.9360753080098294e-16,1.5488602464078636e-16,True,0.00803690000611823,0.0,,
234,arpack_matvec,central_difference,1.0,0.0019933275626433764,0.258272339134365,71212206.29003574,328.5709727718621,329.1788152387078,328.57147607090724,329.1789657041964,2,sparse_direct,not_applicable,1.9360753080098294e-16,1.9360753080098294e-16,0.0024065000034170225,0.0024523000029148534,0.0,0.015625,4.27443610759073e-05,4.274435267132924e-05,4.276916435845361,4.276917276791025,8.409456642155533e-07,0.0,0.0,0.0,True,0.005136899999342859,0.015625,,
235,arpack_matvec,central_difference,1.0,0.0019933275626433764,0.2935516830000765,65610452.03661095,328.57097032691007,329.1786821025501,328.5714246733138,329.17903108776943,2,sparse_direct,not_applicable,1.9360753080098294e-16,1.9360753080098294e-16,0.0021426000021165237,0.0029577999957837164,0.0,0.0,4.2744365964338745e-05,4.274434800965356e-05,4.276915946718611,4.276917743229331,1.7965107197426278e-06,7.744301232039318e-17,1.9360753080098294e-16,2.710505431213761e-16,True,0.005445500006317161,0.0,,
236,arpack_matvec,central_difference,1.0,0.0019933275626433764,0.21496126478403005,61123122.79344967,328.5709243380454,329.1785296015579,328.57137525928124,329.17929722856525,2,sparse_direct,not_applicable,1.9360753080098294e-16,2.323290369611795e-16,0.004793500003870577,0.003234899995732121,0.0,0.015625,4.274437563497876e-05,4.274433826979329e-05,4.276914979093892,4.27691871778135,3.7386874582878704e-06,7.744301232039318e-17,3.872150616019659e-17,1.1616451848058975e-16,True,0.00850440000067465,0.015625,,
237,arpack_matvec,central_difference,1.0,0.0019933275626433764,0.24504138626544458,65670950.88406477,328.5709154072809,329.17845030083004,328.57134695011575,329.17944776226557,2,sparse_direct,not_applicable,2.323290369611795e-16,2.323290369611795e-16,0.0022914000001037493,0.0038693999958923087,0.0,0.0,4.274438103849604e-05,4.2744333004756836e-05,4.27691443842905,4.276919244591137,4.806162086978816e-06,7.744301232039318e-17,0.0,7.744301232039318e-17,True,0.006771500004106201,0.0,,
238,arpack_matvec,central_difference,1.0,0.0019933275626433764,0.21118238279587828,78402054.80077823,328.5708644243665,329.1783856938026,328.571367885079,329.17953469666986,2,sparse_direct,not_applicable,1.1616451848058975e-16,2.323290369611795e-16,0.0018310000014025718,0.004031299991765991,0.0,0.0,4.27443847348692e-05,4.2744329206099483e-05,4.2769140685776215,4.276919624677831,5.556100209247461e-06,1.1616451848058975e-16,3.872150616019659e-17,1.5488602464078636e-16,True,0.006374599994160235,0.0,,
239,arpack_matvec,central_difference,1.0,0.0019933275626433764,0.27173086466806456,66795256.07773138,328.5709720169355,329.17851082307544,328.57137510753506,329.179335055712,2,sparse_direct,not_applicable,1.5488602464078636e-16,3.097720492815727e-16,0.0022418999869842082,0.0029709999944316223,0.0,0.0,4.274437721199215e-05,4.274433688165379e-05,4.2769148213011565,4.276918856676003,4.035374846722561e-06,0.0,3.872150616019659e-17,3.872150616019659e-17,True,0.005682699993485585,0.015625,,
240,arpack_matvec,central_difference,1.0,0.0019933275626433764,0.2521628546664407,67270010.85140693,328.5710571062497,329.17861960331163,328.57139709409813,329.1791575692979,2,sparse_direct,not_applicable,1.9360753080098294e-16,1.5488602464078636e-16,0.0032798000029288232,0.002475200002663769,0.0,0.0,4.274437038157549e-05,4.274434344373089e-05,4.276915504738764,4.276918200086873,2.6953481082614417e-06,3.872150616019659e-17,0.0,3.872150616019659e-17,True,0.006099399994127452,0.0,,
241,arpack_matvec,central_difference,1.0,0.0019933275626433764,0.23150676462499767,57121176.72425282,328.57103082216923,329.17867795107975,328.57146001446995,329.179041273622,2,sparse_direct,not_applicable,1.1616451848058975e-16,1.9360753080098294e-16,0.0033952999947359785,0.0020188999915262684,0.0,0.015625,4.2744366586881e-05,4.274434765050625e-05,4.276915884428277,4.276917779164924,1.8947366466903759e-06,7.744301232039318e-17,1.1616451848058975e-16,1.9360753080098294e-16,True,0.00577980000525713,0.015625,,
242,arpack_matvec,central_difference,1.0,0.0019933275626433764,0.2806453098684396,88169273.74135877,328.5710953546424,329.1788507422309,328.571342150182,329.17890993383264,2,sparse_direct,not_applicable,1.5488602464078636e-16,2.323290369611795e-16,0.002903500004322268,0.002908100010245107,0.0,0.0,4.274435817056327e-05,4.274435551703267e-05,4.276916726548372,4.276916992055461,2.6550708920325405e-07,7.744301232039318e-17,3.872150616019659e-17,3.872150616019659e-17,True,0.006203699987963773,0.0,,
243,arpack_matvec,central_difference,1.0,0.0019933275626433764,0.24803318414128045,55400641.43765701,328.57088362251073,329.1790305389938,328.5713255538071,329.17886247722737,2,sparse_direct,not_applicable,1.5488602464078636e-16,3.872150616019659e-16,0.0021180000039748847,0.002661999998963438,0.0,0.0,4.2744350517146256e-05,4.2744363455367476e-05,4.2769174923344195,4.276916197761284,1.2945731358016133e-06,3.872150616019659e-17,3.872150616019659e-17,0.0,True,0.005092699997476302,0.0,,
244,arpack_matvec,central_difference,1.0,0.0019933275626433764,0.23465546793658604,84647284.06710906,328.5709718295868,329.17902260009004,328.5712801804875,329.17885048159184,2,sparse_direct,not_applicable,1.9360753080098294e-16,1.5488602464078636e-16,0.003741199994692579,0.0018577000009827316,0.015625,0.0,4.274434821943571e-05,4.274436541617697e-05,4.276917722238929,4.276916001566585,1.7206723441631766e-06,1.1616451848058975e-16,3.872150616019659e-17,7.744301232039318e-17,True,0.0059225000004516914,0.015625,,
245,arpack_matvec,central_difference,1.0,0.0019933275626433764,0.2254046186800024,54215627.57719851,328.57094950719585,329.17908086207683,328.57119777944604,329.1788623977127,2,sparse_direct,not_applicable,1.1616451848058975e-16,1.5488602464078636e-16,0.0028684999997494742,0.0019863000052282587,0.0,0.0,4.274433703814467e-05,4.274437703708659e-05,4.2769188410178165,4.276914838801848,4.00221596841277e-06,3.872150616019659e-17,1.5488602464078636e-16,1.9360753080098294e-16,True,0.0054029000020818785,0.0,,
246,arpack_matvec,central_difference,1.0,0.0019933275626433764,0.24493687201198264,68944962.82184833,328.5710928664845,329.17897417023664,328.57119078703226,329.1788936491757,2,sparse_direct,not_applicable,9.680376540049147e-17,3.097720492815727e-16,0.0027269999991403893,0.002661100006662309,0.0,0.0,4.2744339697122126e-05,4.274437403167369e-05,4.276918574965496,4.27691513951733,3.4354481659448766e-06,3.872150616019659e-17,3.872150616019659e-17,7.744301232039318e-17,True,0.005768400005763397,0.0,,
247,arpack_matvec,central_difference,1.0,0.0019933275626433764,0.2768478190111001,57786619.969416514,328.57124172355765,329.1788204361545,328.5711349972944,329.1790089084127,2,sparse_direct,not_applicable,1.5488602464078636e-16,1.1616451848058975e-16,0.0034521000052336603,0.002272500001708977,0.015625,0.0,4.274433379987434e-05,4.2744380199336684e-05,4.276919165033146,4.276914522393603,4.6426395430287926e-06,0.0,7.744301232039318e-17,7.744301232039318e-17,True,0.006055699996068142,0.015625,,
248,arpack_matvec,central_difference,1.0,0.0019933275626433764,0.2381209520250477,60086250.03230364,328.5713296733872,329.178717990825,328.57111407256605,329.17908146440675,2,sparse_direct,not_applicable,1.5488602464078636e-16,1.5488602464078636e-16,0.003999799999292009,0.004674700001487508,0.0,0.0,4.27443321082968e-05,4.274438163137818e-05,4.276919334289279,4.276914379106489,4.955182790311596e-06,1.5488602464078636e-16,0.0,1.5488602464078636e-16,True,0.009129700003541075,0.0,,
249,arpack_matvec,central_difference,1.0,0.0019933275626433764,0.2673450292454703,66032724.526466906,328.57142074347223,329.1785273374449,328.57106139899804,329.17923768920537,2,sparse_direct,not_applicable,1.5488602464078636e-16,1.5488602464078636e-16,0.005436600011307746,0.00289060000795871,0.015625,0.0,4.274432722510474e-05,4.274438666594315e-05,4.276919822892561,4.276913875358395,5.947534165606783e-06,1.1616451848058975e-16,7.744301232039318e-17,3.872150616019659e-17,True,0.00884879998920951,0.015625,,
250,arpack_matvec,central_difference,1.0,0.0019933275626433764,0.25285319600702566,74449826.02900377,328.57142910008923,329.17849038175206,328.57102738516016,329.1792492522723,2,sparse_direct,not_applicable,1.9360753080098294e-16,1.9360753080098294e-16,0.0029071000026306137,0.0028224999987287447,0.0,0.0,4.274433097476166e-05,4.2744382756267507e-05,4.2769194477087265,4.276914266552394,5.181156332412229e-06,7.744301232039318e-17,3.872150616019659e-17,1.1616451848058975e-16,True,0.006072500007576309,0.0,,
251,arpack_matvec,central_difference,1.0,0.0019933275626433764,0.25979364445852055,41977581.3328642,328.5714179220575,329.1783206517843,328.57090022003996,329.17939298176526,2,sparse_direct,not_applicable,1.5488602464078636e-16,1.9360753080098294e-16,0.002743799996096641,0.003240399993956089,0.0,0.0,4.274433022504636e-05,4.274438376748488e-05,4.276919522723866,4.276914165372083,5.357351783530362e-06,3.872150616019659e-17,7.744301232039318e-17,1.1616451848058975e-16,True,0.006365900000673719,0.015625,,
252,arpack_matvec,central_difference,1.0,0.0019933275626433764,0.24190134443063946,73911852.85314114,328.5714669524216,329.1784061440849,328.5709475838949,329.17930709494703,2,sparse_direct,not_applicable,1.9360753080098294e-16,1.5488602464078636e-16,0.0025120000063907355,0.0022896000009495765,0.0,0.0,4.274433803775057e-05,4.274437566040128e-05,4.276918740999112,4.276914976550166,3.7644489463417585e-06,7.744301232039318e-17,7.744301232039318e-17,1.5488602464078636e-16,True,0.0050836000009439886,0.0,,
253,arpack_matvec,central_difference,1.0,0.0019933275626433764,0.24836488191019307,61227569.53751999,328.5715377578745,329.17819561695734,328.57077655120287,329.17952084875543,2,sparse_direct,not_applicable,2.323290369611795e-16,1.9360753080098294e-16,0.0025323000008938834,0.002702900004805997,0.0,0.015625,4.2744335175137824e-05,4.274437873396477e-05,4.276919027426824,4.2769146690156985,4.35841112533808e-06,1.5488602464078636e-16,7.744301232039318e-17,2.323290369611795e-16,True,0.005623699995339848,0.015625,,
254,arpack_matvec,central_difference,1.0,0.0019933275626433764,0.20649826643663463,61117617.07024534,328.57157654580135,329.1782424680619,328.57079900307133,329.1794681404094,2,sparse_direct,not_applicable,1.9360753080098294e-16,1.5488602464078636e-16,0.002718899995670654,0.00273800001014024,0.0,0.0,4.2744339311539006e-05,4.2744374481801616e-05,4.27691861354622,4.276915094478445,3.5190677749596944e-06,1.5488602464078636e-16,3.872150616019659e-17,1.1616451848058975e-16,True,0.006484600002295338,0.0,,
255,arpack_matvec,central_difference,1.0,0.0019933275626433764,0.21408137693240684,48184939.672750935,328.5716830090304,329.17819766694157,328.5707275490398,329.17953300356106,2,sparse_direct,not_applicable,1.5488602464078636e-16,1.9360753080098294e-16,0.002078099991194904,0.0025173000030918047,0.0,0.0,4.274434324247801e-05,4.274437118312926e-05,4.276918220223855,4.276915424536912,2.795686943279918e-06,3.872150616019659e-17,3.872150616019659e-17,0.0,True,0.004933999996865168,0.0,,
256,arpack_matvec,central_difference,1.0,0.0019933275626433764,0.24344454809621832,80423559.42547634,328.57154577206035,329.1785194731118,328.57096954212744,329.17921219829356,2,sparse_direct,not_applicable,1.5488602464078636e-16,1.5488602464078636e-16,0.002708500003791414,0.002582000000984408,0.0,0.015625,4.274435305798516e-05,4.274436065859831e-05,4.276917238102982,4.2769164776004756,7.605025063028847e-07,7.744301232039318e-17,0.0,7.744301232039318e-17,True,0.005681399998138659,0.015625,,
257,arpack_matvec,central_difference,1.0,0.0019933275626433764,0.2557559333577994,62484451.71251323,328.5716045114867,329.17853319126436,328.5708694404149,329.17921428600994,2,sparse_direct,not_applicable,1.9360753080098294e-16,1.5488602464078636e-16,0.004393600000184961,0.0026416000036988407,0.0,0.0,4.274436020504723e-05,4.274435387628172e-05,4.276916522981903,4.276917156225813,6.332439097533893e-07,7.744301232039318e-17,0.0,7.744301232039318e-17,True,0.007482199987862259,0.0,,
258,arpack_matvec,central_difference,1.0,0.0019933275626433764,0.24843918962930117,74572636.52374405,328.57155967867504,329.17861116130894,328.5708767396412,329.1791280203478,2,sparse_direct,not_applicable,1.1616451848058975e-16,1.9360753080098294e-16,0.0029471000016201288,0.003411799989407882,0.015625,0.0,4.2744364262382474e-05,4.274434948085884e-05,4.2769161170129655,4.276917596023348,1.479010382610113e-06,7.744301232039318e-17,1.1616451848058975e-16,3.872150616019659e-17,True,0.006763599987607449,0.015625,,
259,arpack_matvec,central_difference,1.0,0.0019933275626433764,0.198581398796012,44987739.91876517,328.5716823154189,329.17846089167756,328.5704571864948,329.1792762412008,2,sparse_direct,not_applicable,1.5488602464078636e-16,1.1616451848058975e-16,0.002659899997524917,0.003727000002982095,0.0,0.0,4.2744380173100536e-05,4.2744334092362996e-05,4.2769145250187375,4.276919135767271,4.610748533195874e-06,1.1616451848058975e-16,1.1616451848058975e-16,2.323290369611795e-16,True,0.006704100000206381,0.0,,
260,arpack_matvec,central_difference,1.0,0.0019933275626433764,0.25538663991204036,71219909.41642325,328.57153145846274,329.17868610354196,328.5708967041529,329.1790333456248,2,sparse_direct,not_applicable,1.2584489502063891e-16,1.5488602464078636e-16,0.0031986999965738505,0.0030597000004490837,0.015625,0.0,4.274436924008009e-05,4.2744344465605714e-05,4.2769156189544955,4.276918097840012,2.4788855164104007e-06,1.1616451848058975e-16,0.0,1.1616451848058975e-16,True,0.006526600001961924,0.015625,,
261,arpack_matvec,central_difference,1.0,0.0019933275626433764,0.1935511978882842,44464885.1973326,328.57155700930485,329.1784440803386,328.5703670764304,329.1792972716985,2,sparse_direct,not_applicable,1.9360753080098294e-16,2.710505431213761e-16,0.0023412000009557232,0.002166400008718483,0.0,0.0,4.274438695407716e-05,4.274432736109402e-05,4.276913846528309,4.276919809285721,5.962757411381858e-06,7.744301232039318e-17,0.0,7.744301232039318e-17,True,0.004848700002185069,0.0,,
262,arpack_matvec,central_difference,1.0,0.0019933275626433764,0.25596386165970003,69067928.6034728,328.57159872069764,329.1786446812469,328.57087767960763,329.1791031255635,2,sparse_direct,not_applicable,2.323290369611795e-16,1.6698649531584777e-16,0.0031067000090843067,0.00221869999950286,0.0,0.0,4.27443689911361e-05,4.274434479339676e-05,4.2769156438633305,4.276918065041861,2.4211785305539024e-06,1.1616451848058975e-16,3.872150616019659e-17,1.5488602464078636e-16,True,0.005659700007527135,0.0,,
263,arpack_matvec,central_difference,1.0,0.0019933275626433764,0.25854936341573753,58651604.66292806,328.5716313652342,329.17861000915786,328.57089360968575,329.17916953885754,2,sparse_direct,not_applicable,1.5488602464078636e-16,1.1616451848058975e-16,0.0026742999907583,0.0018742000102065504,0.015625,0.0,4.274436678804e-05,4.274434734916645e-05,4.276915864300709,4.2769178093164095,1.9450157004996527e-06,7.744301232039318e-17,0.0,7.744301232039318e-17,True,0.004900200001429766,0.015625,,
264,arpack_matvec,central_difference,1.0,0.0019933275626433764,0.23607151937598517,79627534.31756963,328.57148980614437,329.17861656123944,328.57092516284655,329.1791874023469,2,sparse_direct,not_applicable,2.323290369611795e-16,1.9360753080098294e-16,0.00245349999750033,0.002373199997236952,0.0,0.0,4.274435970639453e-05,4.274435403708267e-05,4.276916572876111,4.276917140136382,5.672602707562646e-07,3.872150616019659e-17,1.1616451848058975e-16,7.744301232039318e-17,True,0.005142800000612624,0.0,,
265,arpack_matvec,central_difference,1.0,0.0019933275626433764,0.22208800741834506,45891324.308237225,328.57154771576086,329.17842257442413,328.57067739192985,329.1794707790504,2,sparse_direct,not_applicable,2.323290369611795e-16,1.1616451848058975e-16,0.003270800007157959,0.0019146999984513968,0.0,0.0,4.2744355743132024e-05,4.274435860886008e-05,4.2769169694324,4.276916682693253,2.8673914709287374e-07,1.1616451848058975e-16,0.0,1.1616451848058975e-16,True,0.005552899994654581,0.0,,
266,arpack_matvec,central_difference,1.0,0.0019933275626433764,0.2523123054300019,69754492.75701007,328.57143896615923,329.17850100226593,328.5708337412518,329.17933687461067,2,sparse_direct,not_applicable,1.1616451848058975e-16,1.5488602464078636e-16,0.002942599996458739,0.0028669000021182,0.015625,0.0,4.274435167957745e-05,4.2744362022101556e-05,4.2769173760237935,4.276916341171033,1.034852760817273e-06,3.872150616019659e-17,7.744301232039318e-17,3.872150616019659e-17,True,0.006142599988379516,0.015625,,
267,arpack_matvec,central_difference,1.0,0.0019933275626433764,0.26480856002323266,59110641.21475048,328.57146762927744,329.17838410604634,328.57073488297806,329.1794660348303,2,sparse_direct,not_applicable,1.1616451848058975e-16,3.097720492815727e-16,0.00212239999382291,0.0022185999987414107,0.0,0.0,4.274434745793046e-05,4.2744366411497886e-05,4.27691779843369,4.276915901976761,1.8964569292734268e-06,7.744301232039318e-17,7.744301232039318e-17,1.5488602464078636e-16,True,0.004845000003115274,0.0,,
268,arpack_matvec,central_difference,1.0,0.0019933275626433764,0.2311913656397879,69398974.74426788,328.57142545473044,329.1784715242186,328.5709073595765,329.179285268365,2,sparse_direct,not_applicable,1.790869659909092e-16,1.9360753080098294e-16,0.003170199997839518,0.002106399988406338,0.0,0.015625,4.2744346080846336e-05,4.27443676523677e-05,4.276917936222103,4.27691577781781,2.158404292629257e-06,3.872150616019659e-17,1.1616451848058975e-16,7.744301232039318e-17,True,0.005677699999068864,0.015625,,
269,arpack_matvec,central_difference,1.0,0.0019933275626433764,0.21212386586422322,47812746.001672305,328.57136760931024,329.17832569754285,328.5708426458769,329.17940216949023,2,sparse_direct,not_applicable,1.5488602464078636e-16,1.9360753080098294e-16,0.0023609000054420903,0.0018911000079242513,0.0,0.0,4.2744338407914005e-05,4.2744375857066366e-05,4.2769187039612495,4.276914956872259,3.747088990202485e-06,0.0,3.872150616019659e-17,3.872150616019659e-17,True,0.004635000004782341,0.0,,
270,arpack_matvec,central_difference,1.0,0.0019933275626433764,0.25860022869756794,81316358.53517832,328.5714250652034,329.1786226042354,328.5711027099047,329.17920506440055,2,sparse_direct,not_applicable,1.9360753080098294e-16,1.5488602464078636e-16,0.0017335000011371449,0.0024769000010564923,0.0,0.0,4.2744341019314874e-05,4.274437272837953e-05,4.27691844266937,4.276915269922298,3.1727470721776285e-06,0.0,7.744301232039318e-17,7.744301232039318e-17,True,0.004554099999950267,0.0,,
271,arpack_matvec,central_difference,1.0,0.0019933275626433764,0.26196341067476897,64275931.54803305,328.5713824562362,329.1786658321116,328.57108150007576,329.17925619816134,2,sparse_direct,not_applicable,1.1616451848058975e-16,2.710505431213761e-16,0.0027390000032028183,0.00306770000315737,0.0,0.0,4.274433591274564e-05,4.2744377987813354e-05,4.276918953623152,4.2769147436740775,4.209949074684971e-06,1.1616451848058975e-16,7.744301232039318e-17,1.9360753080098294e-16,True,0.0062037000025156885,0.0,,
272,arpack_matvec,central_difference,1.0,0.0019933275626433764,0.2663883160548696,58202472.5930682,328.5712390094583,329.1788367181881,328.57113834379317,329.1791100182163,2,sparse_direct,not_applicable,1.3310517742567576e-16,2.323290369611795e-16,0.0028274000069359317,0.0025600999942980707,0.0,0.0,4.274433944047142e-05,4.274437421478e-05,4.276918600645485,4.276915121196085,3.479449399712564e-06,1.1616451848058975e-16,7.744301232039318e-17,1.9360753080098294e-16,True,0.005772599994088523,0.0,,
273,arpack_matvec,central_difference,1.0,0.0019933275626433764,0.3260678258390535,59518224.09384666,328.5711617578412,329.17892557130773,328.5711604777912,329.1790503277845,2,sparse_direct,not_applicable,2.710505431213761e-16,2.323290369611795e-16,0.0019089999987045303,0.0026877999916905537,0.0,0.0,4.274434000561599e-05,4.274437382410972e-05,4.276918544098177,4.27691516028576,3.383812417823151e-06,1.1616451848058975e-16,7.744301232039318e-17,1.9360753080098294e-16,True,0.004914000004646368,0.0,,
274,arpack_matvec,central_difference,1.0,0.0019933275626433764,0.2660581567865818,72281844.22887118,328.5710351203441,329.1790721469314,328.5712201059093,329.17892659337946,2,sparse_direct,not_applicable,3.097720492815727e-16,1.5488602464078636e-16,0.002796199987642467,0.0035804000071948394,0.0,0.015625,4.2744341500569145e-05,4.274437217801441e-05,4.276918394515972,4.276915324990716,3.0695252561940833e-06,0.0,3.872150616019659e-17,3.872150616019659e-17,True,0.006923799999640323,0.015625,,
275,arpack_matvec,central_difference,1.0,0.0019933275626433764,0.24658266825144984,49631416.83582322,328.5708848804373,329.17922374086623,328.5712491110467,329.1788759657346,2,sparse_direct,not_applicable,8.228320059041775e-17,2.710505431213761e-16,0.0025252000050386414,0.001821199999540113,0.0,0.0,4.274433731342632e-05,4.2744376675559805e-05,4.276918813473647,4.276914874975478,3.93849816848757e-06,0.0,7.744301232039318e-17,7.744301232039318e-17,True,0.005086700009997003,0.0,,
276,arpack_matvec,central_difference,1.0,0.0019933275626433764,0.2241967362802303,77968065.02367736,328.5708863074725,329.1792143671559,328.5713498013496,329.1787665681112,2,sparse_direct,not_applicable,1.5488602464078636e-16,2.323290369611795e-16,0.0023237999994307756,0.0022428000083891675,0.0,0.0,4.274434280473973e-05,4.2744370838845765e-05,4.276918264023121,4.276915458985223,2.8050378979571633e-06,3.872150616019659e-17,3.872150616019659e-17,7.744301232039318e-17,True,0.004859099994064309,0.0,,
277,arpack_matvec,central_difference,1.0,0.0019933275626433764,0.22543374113849535,51270417.6413114,328.5706925323637,329.1793774029092,328.57137097397964,329.178661023661,2,sparse_direct,not_applicable,8.470329472543003e-17,1.9360753080098294e-16,0.0038060000078985468,0.0034780999994836748,0.015625,0.0,4.27443389098823e-05,4.2744375155250055e-05,4.2769186537352395,4.276915027094567,3.626640672216297e-06,1.1616451848058975e-16,1.1616451848058975e-16,2.323290369611795e-16,True,0.007768199997371994,0.015625,,
278,arpack_matvec,central_difference,1.0,0.0019933275626433764,0.30985302005432114,89743914.11773762,328.57102014735574,329.179042241025,328.5714188466115,329.1787477138601,2,sparse_direct,not_applicable,1.9360753080098294e-16,1.839271542609338e-16,0.003993200007244013,0.0035321999894222245,0.0,0.0,4.2744350209458624e-05,4.274436342438358e-05,4.276917523121052,4.2769162008614705,1.3222595818263017e-06,3.872150616019659e-17,3.872150616019659e-17,7.744301232039318e-17,True,0.008328900003107265,0.0,,
279,arpack_matvec,central_difference,1.0,0.0019933275626433764,0.2670061716157633,55953281.29614854,328.5708991906304,329.1790605992517,328.57156080171535,329.1786737942242,2,sparse_direct,not_applicable,2.710505431213761e-16,1.9360753080098294e-16,0.0035842000070260838,0.0022604000114370137,0.015625,0.0,4.2744348695629326e-05,4.274436526661849e-05,4.276917674591908,4.276916016531109,1.6580607988814222e-06,7.744301232039318e-17,0.0,7.744301232039318e-17,True,0.006741900011547841,0.015625,,
280,arpack_matvec,central_difference,1.0,0.0019933275626433764,0.2259792991709937,62963015.401367426,328.570862045606,329.17900654572713,328.571585504565,329.1788025111555,2,sparse_direct,not_applicable,1.1616451848058975e-16,1.1616451848058975e-16,0.0023212999949464574,0.003175199992256239,0.0,0.0,4.2744351571854836e-05,4.274436218221473e-05,4.27691738680231,4.276916325150425,1.0616518855144363e-06,3.872150616019659e-17,1.1616451848058975e-16,7.744301232039318e-17,True,0.005788800001027994,0.0,,
281,arpack_matvec,central_difference,1.0,0.0019933275626433764,0.222794317837735,57801560.42167584,328.5706167920018,329.17902056346617,328.57167312726193,329.1789416527873,2,sparse_direct,not_applicable,1.1616451848058975e-16,1.7424677772088464e-16,0.003013900000951253,0.002706300001591444,0.0,0.015625,4.274435251326375e-05,4.2744361835524965e-05,4.276917292606752,4.276916359839517,9.327672350067928e-07,7.744301232039318e-17,7.744301232039318e-17,0.0,True,0.006151499997940846,0.015625,,
282,arpack_matvec,central_difference,1.0,0.0019933275626433764,0.21334514153530656,78349418.9744119,328.570456222701,329.1789772679756,328.5717260829817,329.1790974758273,2,sparse_direct,not_applicable,1.5488602464078636e-16,1.9360753080098294e-16,0.002519599991501309,0.0024286999978357926,0.0,0.0,4.2744353954772775e-05,4.2744359973979345e-05,4.27691714837215,4.2769165461021,6.022700498320432e-07,0.0,0.0,0.0,True,0.005689199999324046,0.0,,
283,arpack_matvec,central_difference,1.0,0.0019933275626433764,0.1682136704020357,58739043.6633148,328.56966558690493,329.17908221228834,328.5710420980014,329.17932827779185,2,sparse_direct,not_applicable,1.1616451848058975e-16,1.9360753080098294e-16,0.00229350000154227,0.0025488999963272363,0.0,0.0,4.274435146127218e-05,4.2744363306382194e-05,4.276917397866998,4.276916212668455,1.1851985428634748e-06,1.1616451848058975e-16,7.744301232039318e-17,1.9360753080098294e-16,True,0.005177900005946867,0.0,,
284,arpack_matvec,central_difference,1.0,0.0019933275626433764,0.2153105603279935,75704470.24376866,328.5707533513326,329.178863837213,328.5716792394103,329.1790002444789,2,sparse_direct,not_applicable,1.4278555396572492e-16,1.1616451848058975e-16,0.002851500001270324,0.0019622999971034005,0.015625,0.0,4.2744354955054555e-05,4.274435871120298e-05,4.276917048285898,4.276916672453022,3.7583287593179193e-07,0.0,0.0,0.0,True,0.005168500007130206,0.015625,,
285,arpack_matvec,central_difference,1.0,0.0019933275626433764,0.2001065826944305,45139474.37321042,328.5705355982705,329.17873190404856,328.57189950257606,329.1790159466584,2,sparse_direct,not_applicable,1.9360753080098294e-16,1.9360753080098294e-16,0.003976199994212948,0.002768400008790195,0.0,0.0,4.274435499462461e-05,4.2744359381759245e-05,4.276917044326596,4.27691660535848,4.3896811607879727e-07,1.1616451848058975e-16,1.1616451848058975e-16,0.0,True,0.00703020000946708,0.0,,
286,arpack_matvec,central_difference,1.0,0.0019933275626433764,0.24570667783081887,79682511.90119734,328.5708913983575,329.17882714222753,328.5714684568959,329.1789700555608,2,sparse_direct,not_applicable,1.5488602464078636e-16,1.5488602464078636e-16,0.003331100000650622,0.003176900005200878,0.0,0.015625,4.274435631828887e-05,4.274435734453658e-05,4.276916911883327,4.276916809198986,1.0268434103011259e-07,3.872150616019659e-17,0.0,3.872150616019659e-17,True,0.006980100006330758,0.015625,,
287,arpack_matvec,central_difference,1.0,0.0019933275626433764,0.19650319539074096,46070557.71522013,328.57061898495306,329.17892818579935,328.5713531857999,329.17915930570166,2,sparse_direct,not_applicable,1.5488602464078636e-16,2.323290369611795e-16,0.002820399997290224,0.0032595000084256753,0.0,0.0,4.2744357824617636e-05,4.274435675855968e-05,4.276916761163014,4.276916867830689,1.066676746930284e-07,1.1616451848058975e-16,3.872150616019659e-17,7.744301232039318e-17,True,0.006853500002762303,0.0,,
288,arpack_matvec,central_difference,1.0,0.0019933275626433764,0.24833219347605515,80103531.67934531,328.57086404484704,329.1789486242793,328.5712265357435,329.1790886918774,2,sparse_direct,not_applicable,1.5488602464078636e-16,1.5488602464078636e-16,0.0031500000040978193,0.002882200002204627,0.0,0.0,4.274435790335429e-05,4.274435578470239e-05,4.276916753284779,4.27691696527295,2.119881710171967e-07,0.0,7.744301232039318e-17,7.744301232039318e-17,True,0.006482199998572469,0.0,,
289,arpack_matvec,central_difference,1.0,0.0019933275626433764,0.23167876666683038,53243772.63867289,328.5706455214762,329.1790523501089,328.57111034906916,329.1792640169789,2,sparse_direct,not_applicable,1.4036545983071262e-16,1.5488602464078636e-16,0.002846599993063137,0.00452699999732431,0.015625,0.0,4.274435966026017e-05,4.2744354433745505e-05,4.276916577492225,4.2769171004470685,5.229548438734355e-07,3.872150616019659e-17,7.744301232039318e-17,1.1616451848058975e-16,True,0.007805700006429106,0.015625,,
290,arpack_matvec,central_difference,1.0,0.0019933275626433764,0.23724963085317538,79522755.03256848,328.57083972989443,329.17901220842134,328.5711338546056,329.1791670136986,2,sparse_direct,not_applicable,2.323290369611795e-16,1.5488602464078636e-16,0.0026144000003114343,0.003012400004081428,0.0,0.0,4.274435940310396e-05,4.27443542338463e-05,4.2769166032227695,4.276917120448595,5.172258257246654e-07,7.744301232039318e-17,3.872150616019659e-17,3.872150616019659e-17,True,0.006004800001392141,0.0,,
291,arpack_matvec,central_difference,1.0,0.0019933275626433764,0.23722702489876457,41414727.42879323,328.57068863982835,329.17909096816516,328.5710705525613,329.1793305960745,2,sparse_direct,not_applicable,1.815070601259215e-16,1.9360753080098294e-16,0.002834999992046505,0.002621699997689575,0.015625,0.0,4.274436198427253e-05,4.274435205542511e-05,4.27691634495613,4.276917338417202,9.934610716300085e-07,3.872150616019659e-17,3.872150616019659e-17,7.744301232039318e-17,True,0.005829599991557188,0.015625,,
292,arpack_matvec,central_difference,1.0,0.0019933275626433764,0.24166511729606396,77183021.34112228,328.5710352443352,329.1789537641757,328.57120885816914,329.17910056862746,2,sparse_direct,not_applicable,2.323290369611795e-16,1.6940658945086007e-16,0.0030507999908877537,0.002669300010893494,0.0,0.0,4.274436028470871e-05,4.274435333918805e-05,4.276916515011132,4.276917209966364,6.94955232027894e-07,0.0,3.872150616019659e-17,3.872150616019659e-17,True,0.0062507999973604456,0.0,,
293,arpack_matvec,central_difference,1.0,0.0019933275626433764,0.2031859024529776,45134049.517212205,328.5711150877641,329.17891833665135,328.5712947089394,329.1791839507141,2,sparse_direct,not_applicable,1.9360753080098294e-16,1.1616451848058975e-16,0.0033248999970965087,0.0034128000115742907,0.0,0.015625,4.274436372947712e-05,4.2744350606756134e-05,4.276916170334416,4.276917483368227,1.313033811456421e-06,7.744301232039318e-17,7.744301232039318e-17,0.0,True,0.007169200005591847,0.015625,,
294,arpack_matvec,central_difference,1.0,0.0019933275626433764,0.23937440653974967,80814915.73392844,328.5711821523695,329.17882279290194,328.5712244917939,329.1790206637469,2,sparse_direct,not_applicable,1.1616451848058975e-16,2.323290369611795e-16,0.00329510000301525,0.002467500002239831,0.0,0.0,4.2744361209814896e-05,4.274435248818872e-05,4.276916422446831,4.2769172951157115,8.726688802696003e-07,0.0,0.0,0.0,True,0.006429000000935048,0.0,,
295,arpack_matvec,central_difference,1.0,0.0019933275626433764,0.19210297137263485,46214663.11960031,328.5709895729297,329.17866545025623,328.57094032507064,329.17908471261046,2,sparse_direct,not_applicable,1.5488602464078636e-16,1.5488602464078636e-16,0.0021388999884948134,0.0028602000093087554,0.0,0.0,4.274436536559357e-05,4.274434912223914e-05,4.276916006627859,4.276917631906148,1.625278288841514e-06,3.872150616019659e-17,3.872150616019659e-17,7.744301232039318e-17,True,0.005674500003806315,0.0,,
296,arpack_matvec,central_difference,1.0,0.0019933275626433764,0.23509656329022616,71063848.0216285,328.57104890046,329.1787394048319,328.5709682168535,329.17902531437693,2,sparse_direct,not_applicable,1.5488602464078636e-16,2.323290369611795e-16,0.002855200000340119,0.0028378999995766208,0.0,0.015625,4.2744361792159094e-05,4.274435188861906e-05,4.2769163641786205,4.276917355107493,9.909288722909082e-07,7.744301232039318e-17,3.872150616019659e-17,1.1616451848058975e-16,True,0.00607750000199303,0.015625,,
297,arpack_matvec,central_difference,1.0,0.0019933275626433764,0.23066645649325984,43160072.185411684,328.57093951287857,329.1787239784203,328.5707841045118,329.179127643312,2,sparse_direct,not_applicable,1.5488602464078636e-16,1.2100470675061434e-16,0.0017584000015631318,0.003259999997681007,0.0,0.0,4.274436337840494e-05,4.274435069339968e-05,4.276916205462002,4.276917474698841,1.2692368391853392e-06,0.0,1.1616451848058975e-16,1.1616451848058975e-16,True,0.005450500000733882,0.0,,
298,arpack_matvec,central_difference,1.0,0.0019933275626433764,0.2747852164029815,73163920.06810452,328.5711316574483,329.17879620809333,328.5710403673996,329.1789824820486,2,sparse_direct,not_applicable,1.5488602464078636e-16,1.5488602464078636e-16,0.0022585999977309257,0.00309729999571573,0.0,0.0,4.2744359305622374e-05,4.274435435758073e-05,4.276916612976585,4.276917108067968,4.950913830015224e-07,3.872150616019659e-17,7.744301232039318e-17,1.1616451848058975e-16,True,0.005738299994845875,0.0,,
299,arpack_matvec,central_difference,1.0,0.0019933275626433764,0.21570432237610457,50037515.97206944,328.57111309138037,329.1787524298456,328.570939171272,329.1790440837158,2,sparse_direct,not_applicable,2.323290369611795e-16,2.323290369611795e-16,0.0028051999979652464,0.002559899992775172,0.015625,0.0,4.274435997244718e-05,4.274435434270657e-05,4.276916546255406,4.276917109556248,5.633008415273366e-07,3.872150616019659e-17,1.1616451848058975e-16,7.744301232039318e-17,True,0.005689800003892742,0.015625,,
300,arpack_matvec,central_difference,1.0,0.0019933275626433764,0.29801534279506553,78749608.9322523,328.5712572665661,329.1787707428469,328.57113116380424,329.17895173920164,2,sparse_direct,not_applicable,3.097720492815727e-16,1.1616451848058975e-16,0.002427500003250316,0.002896999998483807,0.0,0.0,4.274435753793982e-05,4.274435615100597e-05,4.276916789847435,4.276916928621328,1.3877389282157537e-07,3.872150616019659e-17,7.744301232039318e-17,3.872150616019659e-17,True,0.005680000002030283,0.0,,
301,arpack_matvec,central_difference,1.0,0.0019933275626433764,0.28799175150269457,51935491.864504516,328.5713365146455,329.178697260377,328.57109675939995,329.1790292522195,2,sparse_direct,not_applicable,1.5488602464078636e-16,1.5488602464078636e-16,0.0019897000020137057,0.002833699996699579,0.0,0.015625,4.2744357233601833e-05,4.274435676796591e-05,4.2769168202989,4.276916866889521,4.6590621138875576e-08,3.872150616019659e-17,3.872150616019659e-17,0.0,True,0.0051881999970646575,0.015625,,
302,arpack_matvec,central_difference,1.0,0.0019933275626433764,0.22134337625319525,66434119.84122551,328.571429940426,329.1786342932681,328.57109355325525,329.17911828255166,2,sparse_direct,not_applicable,1.9360753080098294e-16,1.9360753080098294e-16,0.0029904999973950908,0.002520499998354353,0.0,0.0,4.274435635966682e-05,4.2744357416175936e-05,4.27691690774313,4.276916802030892,1.0571223807431807e-07,3.872150616019659e-17,0.0,3.872150616019659e-17,True,0.005906599995796569,0.0,,
303,arpack_matvec,central_difference,1.0,0.0019933275626433764,0.2095160534213061,49511500.12072585,328.57146657882424,329.1784671649073,328.5709098871855,329.1793105027425,2,sparse_direct,not_applicable,1.2584489502063891e-16,1.9360753080098294e-16,0.0024298999924212694,0.0032737000001361594,0.0,0.0,4.2744355643114285e-05,4.274435880678856e-05,4.276916979439981,4.276916662888917,3.1655106358385865e-07,3.872150616019659e-17,0.0,3.872150616019659e-17,True,0.006021100009093061,0.0,,
304,arpack_matvec,central_difference,1.0,0.0019933275626433764,0.26225945738146683,81572342.53067048,328.5713163727678,329.17866968675816,328.57110450976586,329.17904292867377,2,sparse_direct,not_applicable,1.9360753080098294e-16,1.2826498915565119e-16,0.002837099993485026,0.0032426999969175085,0.015625,0.0,4.274435592635464e-05,4.2744357794010805e-05,4.276916951099502,4.276916764225474,1.8687402825179333e-07,7.744301232039318e-17,3.872150616019659e-17,3.872150616019659e-17,True,0.006442900004913099,0.015625,,
305,arpack_matvec,central_difference,1.0,0.0019933275626433764,0.19995713691229844,47696893.31711717,328.57141596632835,329.17836185097383,328.57081936353353,329.1793670128506,2,sparse_direct,not_applicable,1.9360753080098294e-16,1.1616451848058975e-16,0.0017214999970747158,0.002825699993991293,0.0,0.0,4.274435474692988e-05,4.2744359743626214e-05,4.276917069110448,4.2769165691507816,4.999596665555828e-07,1.1616451848058975e-16,3.872150616019659e-17,7.744301232039318e-17,True,0.00488259999838192,0.0,,
306,arpack_matvec,central_difference,1.0,0.0019933275626433764,0.22882313135869806,66786613.36042024,328.57138187348824,329.1785834655292,328.5710251804356,329.1791734692791,2,sparse_direct,not_applicable,1.5488602464078636e-16,1.3310517742567576e-16,0.0035093000042252243,0.001984899994567968,0.0,0.0,4.274435552555595e-05,4.274435826888649e-05,4.276916991202638,4.2769167167103435,2.7449229467180203e-07,7.744301232039318e-17,3.872150616019659e-17,1.1616451848058975e-16,True,0.0058492999960435554,0.015625,,
307,arpack_matvec,central_difference,1.0,0.0019933275626433764,0.22301268462888965,54236828.92899768,328.5714328106643,329.1785830734817,328.5710367290428,329.1792332860282,2,sparse_direct,not_applicable,1.3552527156068805e-16,1.5004583637076176e-16,0.002681999991182238,0.0028554000018630177,0.0,0.0,4.274435584981728e-05,4.2744358511781395e-05,4.276916958757681,4.276916692406755,2.6635092620352907e-07,3.872150616019659e-17,3.872150616019659e-17,0.0,True,0.005936199988354929,0.0,,
308,arpack_matvec,central_difference,1.0,0.0019933275626433764,0.25824890824610913,75277639.74978046,328.57133255261476,329.17875260263105,328.5711460342468,329.17906717718347,2,sparse_direct,not_applicable,1.1616451848058975e-16,2.323290369611795e-16,0.002591199998278171,0.0024587000079918653,0.0,0.0,4.274435649493303e-05,4.2744357212252293e-05,4.276916894208657,4.276916822435093,7.177356398102575e-08,1.1616451848058975e-16,0.0,1.1616451848058975e-16,True,0.0053635000076610595,0.0,,
309,arpack_matvec,central_difference,1.0,0.0019933275626433764,0.2452901044026589,46848162.70915508,328.5712748357035,329.1787642895793,328.57104867177827,329.1791649361856,2,sparse_direct,not_applicable,1.5488602464078636e-16,1.9360753080098294e-16,0.003296900002169423,0.002216599998064339,0.0,0.015625,4.2744357107605554e-05,4.274435704339404e-05,4.276916832905841,4.2769168393307195,6.424878407074175e-09,7.744301232039318e-17,3.872150616019659e-17,1.1616451848058975e-16,True,0.005988400007481687,0.015625,,
310,arpack_matvec,central_difference,1.0,0.0019933275626433764,0.27803389830279596,80172096.58291307,328.5712271378094,329.1788019923658,328.5710746243129,329.1790970808006,2,sparse_direct,not_applicable,2.323290369611795e-16,1.1616451848058975e-16,0.0027979000005871058,0.0030103999888524413,0.0,0.0,4.274435726409959e-05,4.274435640611915e-05,4.276916817247354,4.2769169030952,8.584784616516572e-08,3.872150616019659e-17,0.0,3.872150616019659e-17,True,0.006240299990167841,0.0,,
311,arpack_matvec,central_difference,1.0,0.0019933275626433764,0.24392570477183323,54107717.54906231,328.5711527791115,329.178749845883,328.57087366352073,329.17932577565875,2,sparse_direct,not_applicable,1.5488602464078636e-16,1.2584489502063891e-16,0.0027039999986300245,0.002970599991385825,0.0,0.0,4.2744358303547466e-05,4.2744355786999034e-05,4.276916713242234,4.276916965043153,2.5180091878240773e-07,1.5488602464078636e-16,1.1616451848058975e-16,2.710505431213761e-16,True,0.006099400008679368,0.0,,
312,arpack_matvec,central_difference,1.0,0.0019933275626433764,0.20380480698761583,69932469.95561907,328.5711706090836,329.17871686848116,328.57092666964803,329.17925462578955,2,sparse_direct,not_applicable,1.5488602464078636e-16,1.9360753080098294e-16,0.0023354000004474074,0.0028212000033818185,0.015625,0.0,4.274435834189306e-05,4.2744355356796136e-05,4.276916709405449,4.276917008088417,2.986829681361769e-07,3.872150616019659e-17,7.744301232039318e-17,1.1616451848058975e-16,True,0.00564190000295639,0.015625,,
313,arpack_matvec,central_difference,1.0,0.0019933275626433764,0.22247238881173273,43643245.09257642,328.5711713985035,329.1786254852128,328.57088571361317,329.17930048120087,2,sparse_direct,not_applicable,2.323290369611795e-16,1.1616451848058975e-16,0.0027771999884862453,0.0028218999941600487,0.0,0.0,4.2744359203289606e-05,4.2744354885010555e-05,4.276916623215801,4.276917055294365,4.3207856403881806e-07,7.744301232039318e-17,7.744301232039318e-17,0.0,True,0.005949999991571531,0.0,,
314,arpack_matvec,central_difference,1.0,0.0019933275626433764,0.21905399834587472,72304546.70533396,328.57127078634227,329.1787019388373,328.5711391310571,329.17907047663573,2,sparse_direct,not_applicable,1.9360753080098294e-16,2.323290369611795e-16,0.003079199988860637,0.0036997999995946884,0.0,0.0,4.2744358347771943e-05,4.274435536177035e-05,4.27691670881722,4.276917007590707,2.9877348683982063e-07,3.872150616019659e-17,3.872150616019659e-17,0.0,True,0.007110399994417094,0.0,,
315,arpack_matvec,central_difference,1.0,0.0019933275626433764,0.2237234136464566,47109559.21152086,328.5713073606947,329.1788023597791,328.57118642966657,329.17922896662947,2,sparse_direct,not_applicable,2.323290369611795e-16,1.9360753080098294e-16,0.0021718999923905358,0.0028997000044910237,0.0,0.0,4.274435921575395e-05,4.274435501850245e-05,4.276916621968644,4.276917041937424,4.19968780640545e-07,3.872150616019659e-17,1.1616451848058975e-16,1.5488602464078636e-16,True,0.005348299993784167,0.0,,
316,arpack_matvec,central_difference,1.0,0.0019933275626433764,0.2207717384480827,59675304.607983425,328.5711873688491,329.1789333194436,328.57113291579117,329.1792079703219,2,sparse_direct,not_applicable,2.008678132060198e-16,2.710505431213761e-16,0.0028464000060921535,0.0030094999965513125,0.0,0.0,4.274435839039418e-05,4.274435529048055e-05,4.276916704552522,4.276917014723825,3.101713028641484e-07,1.1616451848058975e-16,0.0,1.1616451848058975e-16,True,0.006248399993637577,0.0,,
317,arpack_matvec,central_difference,1.0,0.0019933275626433764,0.24669856424106332,45779083.07844444,328.57104786888715,329.1790751217339,328.57100565479243,329.17941498395857,2,sparse_direct,not_applicable,1.1616451848058975e-16,1.5488602464078636e-16,0.003878699993947521,0.0021778999944217503,0.015625,0.0,4.2744359076054964e-05,4.274435495627952e-05,4.276916635946649,4.27691704816333,4.1221668123370137e-07,3.872150616019659e-17,3.872150616019659e-17,7.744301232039318e-17,True,0.007410099991830066,0.015625,,
318,arpack_matvec,central_difference,1.0,0.0019933275626433764,0.2729864476679207,72126653.53926358,328.5710749799202,329.179037960894,328.57106471617016,329.17927376086124,2,sparse_direct,not_applicable,1.5488602464078636e-16,2.710505431213761e-16,0.003075200002058409,0.0028999000060139224,0.0,0.0,4.274435812118042e-05,4.274435543125521e-05,4.276916731489523,4.2769170006381865,2.691486633565887e-07,3.872150616019659e-17,3.872150616019659e-17,0.0,True,0.006420400008209981,0.0,,
319,arpack_matvec,central_difference,1.0,0.0019933275626433764,0.2656030044276301,49581199.03394177,328.57099498124893,329.1790979442286,328.5710038728541,329.17941400202585,2,sparse_direct,not_applicable,1.0164395367051604e-16,2.323290369611795e-16,0.0028212000033818185,0.004360799997812137,0.0,0.015625,4.274435862875116e-05,4.274435531382523e-05,4.27691668070299,4.276917012388002,3.316850119006176e-07,7.744301232039318e-17,1.1616451848058975e-16,3.872150616019659e-17,True,0.007587400003103539,0.015625,,
320,arpack_matvec,central_difference,1.0,0.0019933275626433764,0.2509951352232383,71394632.49784051,328.571089871499,329.17897695963313,328.5711347295092,329.1792246375889,2,sparse_direct,not_applicable,1.9360753080098294e-16,1.1616451848058975e-16,0.003070899998419918,0.002929299997049384,0.0,0.0,4.2744357842445186e-05,4.274435582473269e-05,4.276916759379225,4.276916961267596,2.018883709098418e-07,7.744301232039318e-17,7.744301232039318e-17,1.5488602464078636e-16,True,0.006358500002534129,0.0,,
321,arpack_matvec,central_difference,1.0,0.0019933275626433764,0.2525605270464018,54774171.85789113,328.57104325279334,329.17895367839833,328.57115757025934,329.1793363905726,2,sparse_direct,not_applicable,2.371692252312041e-16,1.5488602464078636e-16,0.00361660000635311,0.003603399993153289,0.0,0.015625,4.2744358283836785e-05,4.274435580913462e-05,4.276916715214446,4.276916962828309,2.476138627471869e-07,7.744301232039318e-17,0.0,7.744301232039318e-17,True,0.007866800006013364,0.015625,,
322,arpack_matvec,central_difference,1.0,0.0019933275626433764,0.22472936602641652,67714469.12865609,328.5711242920613,329.17882572618873,328.5712894815216,329.179201528332,2,sparse_direct,not_applicable,1.9360753080098294e-16,1.5488602464078636e-16,0.003392699989490211,0.002778300011414103,0.0,0.0,4.274435768183083e-05,4.2744356014166284e-05,4.276916775449982,4.27691694231324,1.6686325743364705e-07,7.744301232039318e-17,3.872150616019659e-17,3.872150616019659e-17,True,0.006530300001031719,0.0,,
323,arpack_matvec,central_difference,1.0,0.0019933275626433764,0.21830906905555583,43475905.585222036,328.5710763417062,329.17864753934447,328.5714561764742,329.17936544570955,2,sparse_direct,not_applicable,1.6698649531584777e-16,1.9360753080098294e-16,0.0027908000047318637,0.001868599996669218,0.0,0.015625,4.2744358320628895e-05,4.274435602599376e-05,4.2769167115331,4.276916941129806,2.295967060916837e-07,1.1616451848058975e-16,0.0,1.1616451848058975e-16,True,0.004997500000172295,0.015625,,
324,arpack_matvec,central_difference,1.0,0.0019933275626433764,0.23308777745514692,74772346.32315171,328.5710005427751,329.17858416895365,328.57138172674024,329.1791715266516,2,sparse_direct,not_applicable,1.5488602464078636e-16,1.3794536569570035e-16,0.002203299998654984,0.0021058999991510063,0.0,0.0,4.2744357520779105e-05,4.2744356239838216e-05,4.276916791564504,4.276916919732947,1.2816844296992258e-07,7.744301232039318e-17,7.744301232039318e-17,0.0,True,0.004778199989232235,0.0,,
325,arpack_matvec,central_difference,1.0,0.0019933275626433764,0.2373252354731561,63998252.858887814,328.57074997039,329.1784633325277,328.5714134596828,329.17937524586847,2,sparse_direct,not_applicable,1.5488602464078636e-16,1.5488602464078636e-16,0.0031255000067176297,0.0022173999896040186,0.0,0.0,4.2744357815963975e-05,4.2744356475044425e-05,4.2769167620288835,4.2769168961986725,1.3416978905667065e-07,3.872150616019659e-17,7.744301232039318e-17,3.872150616019659e-17,True,0.005629899998893961,0.0,,
326,arpack_matvec,central_difference,1.0,0.0019933275626433764,0.237422037203684,82910278.49546236,328.5707437931855,329.1784339826886,328.571431080532,329.1793983046521,2,sparse_direct,not_applicable,1.5488602464078636e-16,2.323290369611795e-16,0.0030329000001074746,0.003012399989529513,0.0,0.015625,4.274435764917833e-05,4.274435627439832e-05,4.276916778717128,4.2769169162749305,1.3755780248203564e-07,0.0,1.1616451848058975e-16,1.1616451848058975e-16,True,0.006497700000181794,0.015625,,
327,arpack_matvec,central_difference,1.0,0.0019933275626433764,0.2417842738272307,54388341.68924435,328.57073509577117,329.1783640209092,328.57147868217976,329.17944937823705,2,sparse_direct,not_applicable,1.5488602464078636e-16,1.1616451848058975e-16,0.0033063000009860843,0.0026816000026883557,0.0,0.0,4.274435793362344e-05,4.2744356504719635e-05,4.276916750256108,4.276916893229429,1.4297332118218264e-07,3.872150616019659e-17,3.872150616019659e-17,7.744301232039318e-17,True,0.006480800002464093,0.0,,
328,arpack_matvec,central_difference,1.0,0.0019933275626433764,0.2521322697823449,66665797.74072678,328.57111921505197,329.17861580799433,328.57140564522655,329.1790984825647,2,sparse_direct,not_applicable,1.5488602464078636e-16,2.323290369611795e-16,0.00208760000532493,0.0031660999957239255,0.0,0.0,4.2744357072489384e-05,4.274435663254448e-05,4.276916836419496,4.276916880439524,4.402002762304846e-08,3.872150616019659e-17,1.1616451848058975e-16,1.5488602464078636e-16,True,0.005679399997461587,0.0,,
329,arpack_matvec,central_difference,1.0,0.0019933275626433764,0.2624399219696295,54153279.47892063,328.57102847517024,329.1786367484784,328.5712511704948,329.17917995240185,2,sparse_direct,not_applicable,1.5488602464078636e-16,1.9360753080098294e-16,0.0026538999954937026,0.0028362999873934314,0.015625,0.0,4.274435708162073e-05,4.274435700588571e-05,4.276916835505832,4.27691684308373,7.577898308852582e-09,3.872150616019659e-17,7.744301232039318e-17,1.1616451848058975e-16,True,0.005908000006456859,0.015625,,
330,arpack_matvec,central_difference,1.0,0.0019933275626433764,0.22381331481963052,70958364.52165894,328.57093785285866,329.178641064787,328.571109179179,329.17925293358434,2,sparse_direct,not_applicable,1.9360753080098294e-16,1.1858461261560205e-16,0.0033980000007431954,0.002421700002742,0.0,0.0,4.274435673588726e-05,4.274435699885153e-05,4.276916870099248,4.276916843787556,2.631169149225343e-08,0.0,1.1616451848058975e-16,1.1616451848058975e-16,True,0.007407400000374764,0.0,,
331,arpack_matvec,central_difference,1.0,0.0019933275626433764,0.1766434434186736,41726271.85811251,328.5705707168046,329.17847758230016,328.5707818611266,329.17963946089225,2,sparse_direct,not_applicable,1.9360753080098294e-16,2.323290369611795e-16,0.0052254000038374215,0.002783499992801808,0.015625,0.0,4.2744356638917647e-05,4.274435769752606e-05,4.2769168798018375,4.276916773879549,1.0592228871786347e-07,1.1616451848058975e-16,3.872150616019659e-17,1.5488602464078636e-16,True,0.008498900002450682,0.015625,,
332,arpack_matvec,central_difference,1.0,0.0019933275626433764,0.27782262783877365,83509245.8203174,328.57099139676745,329.1786992032843,328.5710535035268,329.17915636957446,2,sparse_direct,not_applicable,2.710505431213761e-16,1.1616451848058975e-16,0.0026049000007333234,0.004648000001907349,0.0,0.0,4.274435649456999e-05,4.274435707627715e-05,4.276916894244982,4.2769168360405,5.82044821229033e-08,0.0,1.9360753080098294e-16,1.9360753080098294e-16,True,0.0077778999984730035,0.0,,
333,arpack_matvec,central_difference,1.0,0.0019933275626433764,0.20342084113928208,56605057.37257896,328.5708469246642,329.1785721127379,328.5708929080126,329.17928011954945,2,sparse_direct,not_applicable,1.4036545983071262e-16,1.5488602464078636e-16,0.0056398000015178695,0.0033658000029390678,0.015625,0.0,4.274435643111168e-05,4.2744357896733885e-05,4.276916900594498,4.276916753947204,1.466472934197327e-07,3.872150616019659e-17,7.744301232039318e-17,1.1616451848058975e-16,True,0.009583300008671358,0.015625,,
334,arpack_matvec,central_difference,1.0,0.0019933275626433764,0.26540215961934793,89028952.82819553,328.5711098775083,329.17870464372294,328.5711148936976,329.17900872550734,2,sparse_direct,not_applicable,1.2342480088562662e-16,1.5488602464078636e-16,0.005150500001036562,0.004536300009931438,0.0,0.015625,4.2744356374035875e-05,4.274435728701568e-05,4.276916906305391,4.276916814954415,9.135097567281036e-08,3.872150616019659e-17,1.5488602464078636e-16,1.1616451848058975e-16,True,0.010182899990468286,0.015625,,
335,arpack_matvec,central_difference,1.0,0.0019933275626433764,0.2548927213764218,45634343.919828616,328.57112364549823,329.178711393261,328.5710942982824,329.17914121309093,2,sparse_direct,not_applicable,1.5488602464078636e-16,1.4278555396572492e-16,0.002808799996273592,0.002708100000745617,0.0,0.0,4.2744356039601626e-05,4.27443580121968e-05,4.276916939768229,4.276916742394211,1.973740184624262e-07,3.872150616019659e-17,3.872150616019659e-17,7.744301232039318e-17,True,0.0060252999974181876,0.0,,
336,arpack_matvec,central_difference,1.0,0.0019933275626433764,0.22247446894452563,62183863.159669094,328.5712357363391,329.1787745151295,328.571180449761,329.1791050408988,2,sparse_direct,not_applicable,1.1616451848058975e-16,1.9360753080098294e-16,0.002765700002782978,0.0034678000083658844,0.0,0.0,4.2744355887145074e-05,4.274435772067339e-05,4.276916955022735,4.276916771563473,1.8345926200424856e-07,1.1616451848058975e-16,7.744301232039318e-17,3.872150616019659e-17,True,0.006596699997317046,0.0,,
337,arpack_matvec,central_difference,1.0,0.0019933275626433764,0.23222011697426664,44181020.6933646,328.5712857173705,329.17878720453416,328.57115117855955,329.1792116556078,2,sparse_direct,not_applicable,2.323290369611795e-16,1.9360753080098294e-16,0.0024333000037586316,0.002650599999469705,0.015625,0.0,4.274435558096552e-05,4.274435846489433e-05,4.276916985658465,4.276916697098183,2.885602823354816e-07,3.872150616019659e-17,0.0,3.872150616019659e-17,True,0.005416200001491234,0.015625,,
338,arpack_matvec,central_difference,1.0,0.0019933275626433764,0.207642713736902,67679981.49705906,328.571235782876,329.1787960187674,328.5711024406322,329.17912583278246,2,sparse_direct,not_applicable,1.5488602464078636e-16,3.097720492815727e-16,0.002540500005125068,0.0029017999913776293,0.0,0.0,4.274435559004902e-05,4.2744358123282923e-05,4.276916984749588,4.276916731279151,2.5347043663970226e-07,0.0,3.872150616019659e-17,3.872150616019659e-17,True,0.0057797999907052144,0.0,,
339,arpack_matvec,central_difference,1.0,0.0019933275626433764,0.24672929859981302,55755964.144919634,328.5711657637381,329.1787665465176,328.5710014349776,329.17907752543886,2,sparse_direct,not_applicable,2.710505431213761e-16,3.097720492815727e-16,0.003663399998913519,0.0019933000003220513,0.0,0.015625,4.274435561967866e-05,4.274435849967328e-05,4.276916981784903,4.276916693618269,2.881666336662647e-07,0.0,7.744301232039318e-17,7.744301232039318e-17,True,0.006040399995981716,0.015625,,
340,arpack_matvec,central_difference,1.0,0.0019933275626433764,0.2378768273420238,70679995.77102557,328.5711664103102,329.1787530368043,328.5710446477931,329.1789585190904,2,sparse_direct,not_applicable,1.5488602464078636e-16,1.1132433021056518e-16,0.002673399998457171,0.0022059999901102856,0.0,0.0,4.2744355787459515e-05,4.274435795098682e-05,4.276916964997078,4.276916748518762,2.1647831616178337e-07,2.323290369611795e-16,7.744301232039318e-17,3.097720492815727e-16,True,0.005121100010001101,0.0,,
341,arpack_matvec,central_difference,1.0,0.0019933275626433764,0.28004736782930745,60125200.579305045,328.57113858454096,329.1788538381405,328.5710245684206,329.1790320894068,2,sparse_direct,not_applicable,1.1616451848058975e-16,3.872150616019659e-16,0.002588799994555302,0.002739299990935251,0.0,0.0,4.274435594257834e-05,4.2744358127132756e-05,4.276916949476191,4.276916730893944,2.1858224652504532e-07,7.744301232039318e-17,0.0,7.744301232039318e-17,True,0.005645299999741837,0.0,,
342,arpack_matvec,central_difference,1.0,0.0019933275626433764,0.23778908565334875,73560917.68007472,328.571173145475,329.1789492778956,328.57112046123837,329.1790707426142,2,sparse_direct,not_applicable,1.9360753080098294e-16,1.8876734253095837e-16,0.0033991999953286722,0.002264299997477792,0.0,0.0,4.27443561381771e-05,4.2744357556389786e-05,4.27691692990496,4.276916788001368,1.4190359198806846e-07,2.323290369611795e-16,7.744301232039318e-17,3.097720492815727e-16,True,0.006069800001569092,0.0,,
343,arpack_matvec,central_difference,1.0,0.0019933275626433764,0.2788716309726756,63180458.332209654,328.571171047273,329.17904079378104,328.5711528962392,329.1791735497402,2,sparse_direct,not_applicable,1.9360753080098294e-16,2.710505431213761e-16,0.002137200004654005,0.002666300002601929,0.0,0.0,4.27443563847158e-05,4.2744357685223246e-05,4.276916905236778,4.276916775110545,1.301262333441855e-07,0.0,0.0,0.0,True,0.005133500002557412,0.0,,
344,arpack_matvec,central_difference,1.0,0.0019933275626433764,0.27879579174209845,80157484.56041831,328.5712143168601,329.1790161125006,328.57124350732454,329.179120129678,2,sparse_direct,not_applicable,2.710505431213761e-16,1.1616451848058975e-16,0.002723199999309145,0.0024153999984264374,0.0,0.0,4.274435650247841e-05,4.274435709911153e-05,4.276916893453681,4.276916833755736,5.969794436566644e-08,7.744301232039318e-17,3.872150616019659e-17,3.872150616019659e-17,True,0.005598600007942878,0.0,,
345,arpack_matvec,central_difference,1.0,0.0019933275626433764,0.23602014188717318,47102676.52483213,328.57120876735775,329.1791227348853,328.57132465166535,329.179308713208,2,sparse_direct,not_applicable,1.1616451848058975e-16,1.9360753080098294e-16,0.003706799994688481,0.0022075000015320256,0.015625,0.0,4.2744356832026644e-05,4.27443571861796e-05,4.276916860479728,4.276916825043875,3.543585336274191e-08,7.744301232039318e-17,7.744301232039318e-17,1.5488602464078636e-16,True,0.006291299985605292,0.015625,,
346,arpack_matvec,central_difference,1.0,0.0019933275626433764,0.2666967903255834,78108320.52133393,328.57120037669966,329.1789237452415,328.57127717096506,329.1790081496574,2,sparse_direct,not_applicable,1.9360753080098294e-16,1.9360753080098294e-16,0.0027193999994779006,0.0028135000029578805,0.0,0.0,4.274435694711423e-05,4.274435669038042e-05,4.276916848964289,4.2769168746525725,2.568828350035801e-08,1.1616451848058975e-16,1.1616451848058975e-16,0.0,True,0.0058720999950310215,0.0,,
347,arpack_matvec,central_difference,1.0,0.0019933275626433764,0.1749786428959093,40922473.68230606,328.57104951176836,329.17909437690935,328.57128360473115,329.17937613446696,2,sparse_direct,not_applicable,1.5488602464078636e-16,2.710505431213761e-16,0.0027174999995622784,0.0033393000048818067,0.0,0.015625,4.2744357658168675e-05,4.27443567174313e-05,4.276916777817572,4.2769168719459145,9.412834245381418e-08,3.872150616019659e-17,0.0,3.872150616019659e-17,True,0.006646100009675138,0.015625,,
348,arpack_matvec,central_difference,1.0,0.0019933275626433764,0.26156004208843814,79020179.50088932,328.57119772199906,329.1789190370207,328.5712779632916,329.1790445995749,2,sparse_direct,not_applicable,1.5488602464078636e-16,1.1616451848058975e-16,0.0027656000020215288,0.002791799997794442,0.0,0.0,4.274435704438585e-05,4.274435659609668e-05,4.276916839231482,4.27691688408642,4.485493843020549e-08,3.872150616019659e-17,1.1616451848058975e-16,7.744301232039318e-17,True,0.005972200000542216,0.0,,
349,arpack_matvec,central_difference,1.0,0.0019933275626433764,0.2686055267745841,62152695.50616504,328.57123318394855,329.1788406741957,328.5712892063447,329.1789955032041,2,sparse_direct,not_applicable,8.228320059041775e-17,1.9360753080098294e-16,0.0029052000027149916,0.002833000005921349,0.0,0.0,4.2744357370507836e-05,4.2744356793644294e-05,4.276916806600353,4.276916864320191,5.771983868640973e-08,0.0,3.872150616019659e-17,3.872150616019659e-17,True,0.006160400007502176,0.0,,
350,arpack_matvec,central_difference,1.0,0.0019933275626433764,0.23031032151021627,71655614.81580442,328.57123621404,329.1788282450145,328.5712551545718,329.1789652596921,2,sparse_direct,not_applicable,2.323290369611795e-16,1.5488602464078636e-16,0.0027279000059934333,0.005652099993312731,0.015625,0.0,4.2744357109073414e-05,4.274435663163462e-05,4.27691683275897,4.276916880530563,4.7771592903700366e-08,3.872150616019659e-17,1.1616451848058975e-16,1.5488602464078636e-16,True,0.0088162000029115,0.015625,,
351,arpack_matvec,central_difference,1.0,0.0019933275626433764,0.26625591767985424,52025012.21193918,328.57120134551917,329.1789547999622,328.57119458332056,329.1791338930269,2,sparse_direct,not_applicable,1.1616451848058975e-16,1.5488602464078636e-16,0.0026085999998031184,0.0033697000035317615,0.0,0.0,4.27443573225652e-05,4.2744356777654e-05,4.276916811397399,4.276916865920149,5.452274987050032e-08,7.744301232039318e-17,3.872150616019659e-17,3.872150616019659e-17,True,0.006408800007193349,0.0,,
352,arpack_matvec,central_difference,1.0,0.0019933275626433764,0.24547403633397533,74682322.94980843,328.5711982671063,329.17899931944015,328.57119453815227,329.1791426449295,2,sparse_direct,not_applicable,1.2826498915565119e-16,1.5488602464078636e-16,0.0032882000086829066,0.004210400002193637,0.015625,0.0,4.274435703437548e-05,4.274435671576681e-05,4.276916840233099,4.27691687211246,3.1879361372944004e-08,0.0,1.5488602464078636e-16,1.5488602464078636e-16,True,0.007963099997141398,0.015625,,
353,arpack_matvec,central_difference,1.0,0.0019933275626433764,0.24783916400377676,56353314.66598312,328.57116147884994,329.1790960023668,328.57116655876075,329.17928301781154,2,sparse_direct,not_applicable,1.9360753080098294e-16,1.5972621291081093e-16,0.002748200000496581,0.0029412000003503636,0.0,0.0,4.274435718965633e-05,4.274435691073939e-05,4.276916824696001,4.276916852603885,2.790788400375277e-08,7.744301232039318e-17,3.872150616019659e-17,1.1616451848058975e-16,True,0.006044599998858757,0.0,,
354,arpack_matvec,central_difference,1.0,0.0019933275626433764,0.23392336252723903,81833210.4313898,328.5711843132045,329.17905711980023,328.5712077828516,329.1791841213345,2,sparse_direct,not_applicable,1.5488602464078636e-16,1.9360753080098294e-16,0.002988099993672222,0.002836400002706796,0.015625,0.0,4.2744356869546944e-05,4.2744356842648844e-05,4.276916856725521,4.276916859416892,2.691371570051615e-09,7.744301232039318e-17,0.0,7.744301232039318e-17,True,0.006255400003283285,0.015625,,
355,arpack_matvec,central_difference,1.0,0.0019933275626433764,0.21041792527127143,52105051.738527335,328.5711591267721,329.17912763558974,328.57121640859293,329.1792735812018,2,sparse_direct,not_applicable,1.1616451848058975e-16,1.5488602464078636e-16,0.003653499996289611,0.0029384999943431467,0.0,0.0,4.274435700798722e-05,4.274435718367306e-05,4.276916842873456,4.276916825294675,1.7578781097427054e-08,3.872150616019659e-17,1.5488602464078636e-16,1.9360753080098294e-16,True,0.006947800007765181,0.0,,
356,arpack_matvec,central_difference,1.0,0.0019933275626433764,0.1993465858030803,57214700.61520002,328.5712308292157,329.1789725890956,328.57129451141105,329.17901544044673,2,sparse_direct,not_applicable,1.5488602464078636e-16,1.5488602464078636e-16,0.002856100007193163,0.0027046000031987205,0.0,0.015625,4.2744356607059104e-05,4.27443570115196e-05,4.276916882989541,4.276916842520014,4.0469527284869855e-08,0.0,0.0,0.0,True,0.005987000011373311,0.015625,,
357,arpack_matvec,central_difference,1.0,0.0019933275626433764,0.26251686983182754,46383525.02252759,328.57118487537144,329.17889633164907,328.5712703035057,329.17890282772225,2,sparse_direct,not_applicable,3.097720492815727e-16,1.5488602464078636e-16,0.0026264000043738633,0.0034586000110721216,0.0,0.0,4.274435666534869e-05,4.2744357339675925e-05,4.276916877157198,4.276916809685334,6.747186453992526e-08,3.872150616019659e-17,3.872150616019659e-17,7.744301232039318e-17,True,0.006500000003143214,0.0,,
358,arpack_matvec,central_difference,1.0,0.0019933275626433764,0.23622981170675558,74885984.58449112,328.5711615405135,329.1789336716521,328.5712299629385,329.1789357789737,2,sparse_direct,not_applicable,1.5488602464078636e-16,2.323290369611795e-16,0.0023622000007890165,0.0030353000038303435,0.0,0.0,4.2744356520355545e-05,4.2744357157427e-05,4.27691689166493,4.276916827920805,6.374412553356024e-08,0.0,0.0,0.0,True,0.005758400002378039,0.0,,
359,arpack_matvec,central_difference,1.0,0.0019933275626433764,0.20294102551007623,45527848.427029885,328.57100846114804,329.1791539855051,328.5711481069551,329.17916856013454,2,sparse_direct,not_applicable,1.9360753080098294e-16,1.9360753080098294e-16,0.0026962000119965523,0.002708400003029965,0.015625,0.0,4.274435651098225e-05,4.2744357853886825e-05,4.276916892602803,4.276916758234397,1.3436840617941925e-07,7.744301232039318e-17,7.744301232039318e-17,1.5488602464078636e-16,True,0.005820499995024875,0.015625,,
360,arpack_matvec,central_difference,1.0,0.0019933275626433764,0.24360544957296293,73043381.48821363,328.5710677836178,329.1791174162579,328.5711962893717,329.1791286975413,2,sparse_direct,not_applicable,1.1616451848058975e-16,1.5488602464078636e-16,0.003523399995174259,0.0019886999943992123,0.0,0.0,4.274435635341308e-05,4.274435726370523e-05,4.276916908368867,4.276916817286812,9.10820547872504e-08,3.872150616019659e-17,3.872150616019659e-17,7.744301232039318e-17,True,0.006034799996996298,0.0,,
361,arpack_matvec,central_difference,1.0,0.0019933275626433764,0.20087340162890793,42598813.515492305,328.5708504732784,329.17941973841306,328.57116191705734,329.17942746515564,2,sparse_direct,not_applicable,3.097720492815727e-16,1.6940658945086007e-16,0.0029998999962117523,0.0021249999990686774,0.0,0.0,4.274435621319796e-05,4.2744357987718465e-05,4.276916922398519,4.276916744843465,1.7755505421490625e-07,1.1616451848058975e-16,7.744301232039318e-17,3.872150616019659e-17,True,0.005401800008257851,0.0,,
362,arpack_matvec,central_difference,1.0,0.0019933275626433764,0.21106607860649476,61295329.84440532,328.5710134296837,329.1791947797181,328.571284186671,329.17916245041215,2,sparse_direct,not_applicable,1.1616451848058975e-16,1.3068508329066348e-16,0.0029257999995024875,0.00296689999231603,0.015625,0.0,4.274435634491519e-05,4.274435739012561e-05,4.27691690921915,4.276916804637437,1.045817130673754e-07,3.872150616019659e-17,3.872150616019659e-17,0.0,True,0.006334399993647821,0.015625,,
363,arpack_matvec,central_difference,1.0,0.0019933275626433764,0.25039580711958503,53737224.89933979,328.5710615952287,329.1791209053886,328.5713771827276,329.1790501956826,2,sparse_direct,not_applicable,4.2593656776216244e-16,1.5488602464078636e-16,0.0031742999999551103,0.0021634000004269183,0.0,0.0,4.2744356615959164e-05,4.27443574678036e-05,4.276916882099019,4.276916796865129,8.523388927983433e-08,3.872150616019659e-17,3.872150616019659e-17,7.744301232039318e-17,True,0.005725299997720867,0.0,,
364,arpack_matvec,central_difference,1.0,0.0019933275626433764,0.22877259201556338,67872002.22581114,328.57104441133697,329.17903570905816,328.5714242431288,329.17892009062587,2,sparse_direct,not_applicable,1.5488602464078636e-16,1.5488602464078636e-16,0.0028429999947547913,0.0030676000023959205,0.0,0.015625,4.274435648845297e-05,4.274435718474433e-05,4.276916894857039,4.276916825187486,6.96695527935276e-08,7.744301232039318e-17,3.872150616019659e-17,1.1616451848058975e-16,True,0.00631019999855198,0.015625,,
365,arpack_matvec,central_difference,1.0,0.0019933275626433764,0.23532241088144173,52435855.86071027,328.5707007109885,329.1791164410241,328.5715120220508,329.17884698471755,2,sparse_direct,not_applicable,1.2584489502063891e-16,9.922385953550376e-17,0.0024996000138344243,0.002187000005505979,0.0,0.0,4.274435650828945e-05,4.274435773754477e-05,4.27691689287224,4.276916769875355,1.229968846772067e-07,7.744301232039318e-17,3.872150616019659e-17,1.1616451848058975e-16,True,0.005114600004162639,0.0,,
366,arpack_matvec,central_difference,1.0,0.0019933275626433764,0.22657990731776556,67556057.06748007,328.5707571956363,329.179017365034,328.5714525347814,329.17879430773047,2,sparse_direct,not_applicable,1.1132433021056518e-16,1.5488602464078636e-16,0.003285999991931021,0.002422999998088926,0.0,0.0,4.27443564370049e-05,4.274435738911494e-05,4.276916900004833,4.276916804738562,9.526627131606347e-08,1.1616451848058975e-16,7.744301232039318e-17,3.872150616019659e-17,True,0.006051500007743016,0.0,,
367,ritz_0_real,central_difference,1.0,0.0019933275626433764,0.1373896542238139,18101.49079316308,328.5720851426466,329.17686158984935,328.5704530590864,329.1808482449732,2,sparse_direct,not_applicable,1.1616451848058975e-16,1.5488602464078636e-16,0.003684999988763593,0.003303999998024665,0.015625,0.0,4.2743809742054435e-05,4.27449091051517e-05,4.276971601934466,4.276861601823444,0.000110000111022579,3.872150616019659e-17,7.744301232039318e-17,1.1616451848058975e-16,True,0.007559299992863089,0.015625,,
368,ritz_1_real,central_difference,1.0,0.0019933275626433764,0.09907158149428695,68900.47582461698,328.5693161690923,329.17705267799175,328.5732220326435,329.1806571568311,2,sparse_direct,not_applicable,1.1616451848058975e-16,1.5488602464078636e-16,0.0023381000064546242,0.0039591999957337976,0.0,0.0,4.274447444078824e-05,4.2744248333748086e-05,4.276905092809123,4.2769277166331285,2.2623824005307824e-05,0.0,3.872150616019659e-17,3.872150616019659e-17,True,0.006552799997734837,0.0,,
369,ritz_2_real,central_difference,1.0,0.0019933275626433764,0.10889290966427441,158800.16252804926,328.57315643435834,329.1768615898514,328.5693817673783,329.1808482449732,2,sparse_direct,not_applicable,1.1616451848058975e-16,1.5488602464078636e-16,0.002438600000459701,0.0032260000007227063,0.0,0.015625,4.2744367559515386e-05,4.2744353495113955e-05,4.276915787108426,4.276917194364721,1.4072562946054745e-06,7.744301232039318e-17,3.872150616019659e-17,1.1616451848058975e-16,True,0.0060360000061336905,0.015625,,
370,ritz_3_real,central_difference,1.0,0.0019933275626433764,0.12558134305095991,278407.33898063865,328.56958590128164,329.176861589863,328.5729523004552,329.18084824497316,2,sparse_direct,not_applicable,2.323290369611795e-16,1.4278555396572492e-16,0.002697400006582029,0.0023772999993525445,0.0,0.0,4.274435998252545e-05,4.2744358977523105e-05,4.276916545246995,4.276916645805554,1.0055855881319076e-07,7.744301232039318e-17,0.0,7.744301232039318e-17,True,0.005413599996245466,0.0,,
371,ritz_4_real,central_difference,1.0,0.0019933275626433764,0.14060655838831146,396585.85307307227,328.57278902929744,329.1768615898492,328.5697491724377,329.18084824497316,2,sparse_direct,not_applicable,1.5488602464078636e-16,2.323290369611795e-16,0.002554000006057322,0.0046156999887898564,0.0,0.0,4.2744358835471214e-05,4.274435879876786e-05,4.276916660018987,4.276916663691453,3.672465886950249e-09,3.872150616019659e-17,3.872150616019659e-17,0.0,True,0.007564500003354624,0.0,,
372,ritz_5_real,central_difference,1.0,0.0019933275626433764,0.15657560637879409,508310.2853016542,328.5699218837612,329.17694478112594,328.57261631797354,329.18076505369794,2,sparse_direct,not_applicable,1.9360753080098294e-16,1.5488602464078636e-16,0.0026325999933760613,0.002709399996092543,0.015625,0.0,4.274435834416327e-05,4.2744358351368506e-05,4.2769167091782965,4.276916708457354,7.20942416876369e-10,3.872150616019659e-17,3.872150616019659e-17,7.744301232039318e-17,True,0.00576050000381656,0.015625,,
