call_index,call_role,perturbation_method,step_multiplier,step_size_K,input_inf_norm,output_inf_norm_per_s,plus_temperature_min_K,plus_temperature_max_K,minus_temperature_min_K,minus_temperature_max_K,unit_bias_electrical_solve_count,electrical_solver_type,electrical_iterations,plus_electrical_residual,minus_electrical_residual,plus_electrical_wall_s,minus_electrical_wall_s,plus_electrical_cpu_s,minus_electrical_cpu_s,plus_G_hat_S,minus_G_hat_S,plus_Vd_V,minus_Vd_V,delta_Vd_V,plus_normalized_current_error,minus_normalized_current_error,normalized_delta_I_cond,finite,operator_wall_s,operator_cpu_s,exception_type,exception_message
1,fixed_probe_a_repeat_1,central_difference,1.0,0.02037337577546412,0.07481376943385959,1561108.364234369,336.4606248218642,336.4670585194775,336.42631176792656,336.4327454655399,2,sparse_direct,not_applicable,3.872150616019659e-16,2.323290369611795e-16,0.0017125000013038516,0.0016044000076362863,0.0,0.015625,6.820079443719267e-05,6.750942641569509e-05,5.865034319627569,5.925098482350681,0.06006416272311199,7.744301232039318e-17,7.744301232039318e-17,0.0,True,0.0035846999962814152,0.015625,,
2,fixed_probe_a_repeat_2,central_difference,1.0,0.02037337577546412,0.07481376943385959,1561108.364234369,336.4606248218642,336.4670585194775,336.42631176792656,336.4327454655399,2,sparse_direct,not_applicable,3.872150616019659e-16,2.323290369611795e-16,0.0017660000012256205,0.0015994999994290993,0.0,0.0,6.820079443719267e-05,6.750942641569509e-05,5.865034319627569,5.925098482350681,0.06006416272311199,7.744301232039318e-17,7.744301232039318e-17,0.0,True,0.0035986999864690006,0.0,,
3,fixed_probe_a_h_half,central_difference,0.5,0.01018668788773206,0.07481376943385959,1561113.5156104988,336.4536549827831,336.45687183158975,336.43649845581433,336.43971530462096,2,sparse_direct,not_applicable,3.097720492815727e-16,4.64658073922359e-16,0.0015880999999353662,0.0016622999974060804,0.0,0.0,6.802683327373002e-05,6.768115260763161e-05,5.880032639333049,5.910064834724707,0.03003219539165869,7.744301232039318e-17,1.5488602464078636e-16,2.323290369611795e-16,True,0.003482100000837818,0.0,,
4,fixed_probe_a_two_h,central_difference,2.0,0.04074675155092824,0.07481376943385959,1561087.759353269,336.47456450002636,336.487431895253,336.4059383921511,336.4188057873777,2,sparse_direct,not_applicable,3.097720492815727e-16,3.097720492815727e-16,0.0016371999954571947,0.0015795000072102994,0.0,0.0,6.855097525526287e-05,6.716818569721667e-05,5.835073804720098,5.95520030573902,0.1201265010189223,7.744301232039318e-17,1.5488602464078636e-16,7.744301232039318e-17,True,0.0034512999991420656,0.0,,
5,fixed_probe_a_scaled,central_difference,1.0,0.02037337577546412,0.037406884716929795,780554.1821171845,336.42631176792656,336.4327454655399,336.4606248218642,336.4670585194775,2,sparse_direct,not_applicable,2.323290369611795e-16,3.872150616019659e-16,0.0015703999961260706,0.0015581000043312088,0.0,0.0,6.750942641569509e-05,6.820079443719267e-05,5.925098482350681,5.865034319627569,0.06006416272311199,7.744301232039318e-17,7.744301232039318e-17,0.0,True,0.003350200000568293,0.0,,
6,fixed_probe_b,central_difference,1.0,0.02037337577546412,0.14912599030805507,4147085.7183350897,336.4277513650795,336.4670585194775,336.42631176792656,336.4656189223246,2,sparse_direct,not_applicable,3.872150616019659e-16,4.64658073922359e-16,0.0014273999986471608,0.0017493999912403524,0.015625,0.0,6.786826991018525e-05,6.783926403083794e-05,5.893770395640666,5.8962903816021734,0.002519985961507487,2.323290369611795e-16,7.744301232039318e-17,3.097720492815727e-16,True,0.0033946000039577484,0.015625,,
7,fixed_probe_a_plus_b,central_difference,1.0,0.02037337577546412,0.20031435886806426,4887838.828370507,336.4401987916659,336.4670585194775,336.42631176792656,336.45317149573816,2,sparse_direct,not_applicable,2.323290369611795e-16,3.097720492815727e-16,0.0016520999924978241,0.00160679999680724,0.0,0.0,6.799384010551847e-05,6.771403550350833e-05,5.882885852295544,5.9071948234317775,0.024308971136233204,0.0,2.323290369611795e-16,2.323290369611795e-16,True,0.003507100002025254,0.0,,
8,parent_h_probe,central_difference,1.0,0.02037337577546412,0.07481376943385959,1561108.364234369,336.4606248218642,336.4670585194775,336.42631176792656,336.4327454655399,2,sparse_direct,not_applicable,3.872150616019659e-16,2.323290369611795e-16,0.0015370000037364662,0.0014353000005939975,0.0,0.0,6.820079443719267e-05,6.750942641569509e-05,5.865034319627569,5.925098482350681,0.06006416272311199,7.744301232039318e-17,7.744301232039318e-17,0.0,True,0.0032011000002967194,0.0,,
9,parent_h_half_probe,central_difference,0.5,0.01018668788773206,0.07481376943385959,1561113.5156104988,336.4536549827831,336.45687183158975,336.43649845581433,336.43971530462096,2,sparse_direct,not_applicable,3.097720492815727e-16,4.64658073922359e-16,0.0014597999979741871,0.0015951999957906082,0.0,0.015625,6.802683327373002e-05,6.768115260763161e-05,5.880032639333049,5.910064834724707,0.03003219539165869,7.744301232039318e-17,1.5488602464078636e-16,2.323290369611795e-16,True,0.003297299990663305,0.015625,,
10,arpack_matvec,central_difference,1.0,0.02037337577546412,0.07481376943385959,1561108.364234369,336.4606248218642,336.4670585194775,336.42631176792656,336.4327454655399,2,sparse_direct,not_applicable,3.872150616019659e-16,2.323290369611795e-16,0.0015621000056853518,0.001451199990697205,0.0,0.0,6.820079443719267e-05,6.750942641569509e-05,5.865034319627569,5.925098482350681,0.06006416272311199,7.744301232039318e-17,7.744301232039318e-17,0.0,True,0.0032627000036882237,0.0,,
11,arpack_matvec,central_difference,1.0,0.02037337577546412,0.13352381702194238,26405499.60077324,336.42631176792656,336.4669302101342,336.4264400772699,336.4670585194775,2,sparse_direct,not_applicable,3.097720492815727e-16,3.872150616019659e-16,0.0014359999913722277,0.0016099999920697883,0.0,0.0,6.78522241233473e-05,6.785504067473885e-05,5.895164162531319,5.894919463940613,0.0002446985907065269,1.5488602464078636e-16,7.744301232039318e-17,7.744301232039318e-17,True,0.0032592999923508614,0.0,,
12,arpack_matvec,central_difference,1.0,0.02037337577546412,0.13636639306603615,13141063.185272703,336.4263117679265,336.4663979015228,336.4269723858812,336.46705851947746,2,sparse_direct,not_applicable,3.097720492815727e-16,4.64658073922359e-16,0.0016540000069653615,0.001493299991125241,0.0,0.0,6.784711089531958e-05,6.786083920154547e-05,5.895608445540957,5.894415758873939,0.0011926866670179948,0.0,2.323290369611795e-16,2.323290369611795e-16,True,0.003387799995834939,0.0,,
13,arpack_matvec,central_difference,1.0,0.02037337577546412,0.14188484846043722,8923887.25604128,336.42631176792656,336.46690966589546,336.4264606215086,336.4670585194775,2,sparse_direct,not_applicable,6.195440985631454e-16,3.097720492815727e-16,0.0014272999978857115,0.0017041999963112175,0.0,0.015625,6.785000907485405e-05,6.785712851221644e-05,5.895356617546045,5.894738088246504,0.000618529299541315,7.744301232039318e-17,7.744301232039318e-17,1.5488602464078636e-16,True,0.0033496999967610464,0.015625,,
14,arpack_matvec,central_difference,1.0,0.02037337577546412,0.32931572268441917,47416858.08605908,336.42631176792656,336.46697185762577,336.4263984297783,336.4670585194775,2,sparse_direct,not_applicable,3.097720492815727e-16,3.097720492815727e-16,0.0016102999943541363,0.0015755999920656905,0.0,0.0,6.785323883599638e-05,6.785408856468402e-05,5.89507600317818,5.895002179841935,7.382333624494919e-05,0.0,7.744301232039318e-17,7.744301232039318e-17,True,0.0034106999955838546,0.0,,
15,arpack_matvec,central_difference,1.0,0.02037337577546412,0.2711779148415284,97201624.69156097,336.4263117679265,336.46699610308156,336.4263741843224,336.46705851947746,2,sparse_direct,not_applicable,3.872150616019659e-16,3.097720492815727e-16,0.0015816000086488202,0.0015039999998407438,0.0,0.0,6.785340573289401e-05,6.785386230355616e-05,5.895061503244307,5.895021836937297,3.9666307009689206e-05,1.5488602464078636e-16,0.0,1.5488602464078636e-16,True,0.0033017999958246946,0.0,,
16,arpack_matvec,central_difference,1.0,0.02037337577546412,0.2587145954651037,56407461.52394694,336.42631176792656,336.4669668533974,336.42640343400666,336.4670585194775,2,sparse_direct,not_applicable,3.097720492815727e-16,2.323290369611795e-16,0.0014675000129500404,0.0015910999936750159,0.0,0.0,6.785341455746788e-05,6.785397015329433e-05,5.895060736570941,5.895012467160404,4.826941053703848e-05,7.744301232039318e-17,7.744301232039318e-17,1.5488602464078636e-16,True,0.0032734000124037266,0.0,,
17,arpack_matvec,central_difference,1.0,0.02037337577546412,0.3011899567168217,79893245.53355576,336.42631176792656,336.4670553622587,336.4263149251454,336.4670585194775,2,sparse_direct,not_applicable,4.162561912221133e-16,3.097720492815727e-16,0.0015325999993365258,0.00146159999712836,0.0,0.0,6.785370671687339e-05,6.785359282297263e-05,5.89503535406019,5.895045249019966,9.894959775991197e-06,7.744301232039318e-17,7.744301232039318e-17,1.5488602464078636e-16,True,0.00320839999767486,0.0,,
18,arpack_matvec,central_difference,1.0,0.02037337577546412,0.33983512333521837,80914596.63451296,336.426342279488,336.4670585194775,336.42631176792656,336.4670280079161,2,sparse_direct,not_applicable,6.195440985631454e-16,3.678543085218676e-16,0.001433299999916926,0.0019496000022627413,0.0,0.015625,6.785380102230234e-05,6.785348551426276e-05,5.895027160947508,5.895054571896978,2.741094947023015e-05,7.744301232039318e-17,1.5488602464078636e-16,7.744301232039318e-17,True,0.0035857000038959086,0.015625,,
19,arpack_matvec,central_difference,1.0,0.02037337577546412,0.3262781163903322,72321372.71451338,336.42644436160094,336.4670585194775,336.42631176792656,336.466925925803,2,sparse_direct,not_applicable,3.872150616019659e-16,4.64658073922359e-16,0.0015853000077186152,0.0015564999921480194,0.0,0.0,6.785415107767223e-05,6.78531403761368e-05,5.894996748866882,5.895084557363768,8.780849688605485e-05,7.744301232039318e-17,0.0,7.744301232039318e-17,True,0.0033650000113993883,0.0,,
20,arpack_matvec,central_difference,1.0,0.02037337577546412,0.31916640973617744,79598374.45582773,336.42648142725903,336.4670585194775,336.42631176792656,336.46688886014505,2,sparse_direct,not_applicable,3.097720492815727e-16,3.872150616019659e-16,0.0015602999919792637,0.0015585999935865402,0.0,0.0,6.785426117597498e-05,6.785299483165844e-05,5.894987183820774,5.895097202303154,0.00011001848237945921,1.5488602464078636e-16,3.097720492815727e-16,4.64658073922359e-16,True,0.0033343000104650855,0.0,,
21,arpack_matvec,central_difference,1.0,0.02037337577546412,0.3381882396705775,72814455.12415197,336.42660307856215,336.4670585194775,336.42631176792656,336.46676720884193,2,sparse_direct,not_applicable,3.097720492815727e-16,4.64658073922359e-16,0.0017541999986860901,0.0017271000106120482,0.0,0.0,6.785469705445039e-05,6.78525726335635e-05,5.894949316169192,5.895133883282395,0.00018456711320347097,7.744301232039318e-17,0.0,7.744301232039318e-17,True,0.0037081000045873225,0.0,,
22,arpack_matvec,central_difference,1.0,0.02037337577546412,0.29877981122645714,76044996.43109779,336.4266191524225,336.4670585194775,336.42631176792656,336.46675113498156,2,sparse_direct,not_applicable,3.097720492815727e-16,3.097720492815727e-16,0.0014674999983981252,0.0014404999965336174,0.0,0.015625,6.78547571009153e-05,6.785252740492824e-05,5.894944099573003,5.895137812817086,0.00019371324408279378,7.744301232039318e-17,2.323290369611795e-16,3.097720492815727e-16,True,0.0031411000090884045,0.015625,,
23,arpack_matvec,central_difference,1.0,0.02037337577546412,0.2894796872598543,64223496.31710359,336.4265151794888,336.46705851947746,336.4263117679265,336.4668551079153,2,sparse_direct,not_applicable,3.097720492815727e-16,3.097720492815727e-16,0.0017626999906497076,0.0016322000010404736,0.0,0.0,6.785439554393443e-05,6.785293408842979e-05,5.894975510333854,5.895102479705555,0.0001269693717009801,2.323290369611795e-16,0.0,2.323290369611795e-16,True,0.003913100008503534,0.0,,
24,arpack_matvec,central_difference,1.0,0.02037337577546412,0.22864708755422183,76005926.59245092,336.426332518465,336.46705851947746,336.4263117679265,336.46703776893906,2,sparse_direct,not_applicable,5.421010862427522e-16,3.097720492815727e-16,0.0015940999874146655,0.0016848000086611137,0.0,0.0,6.785371206234281e-05,6.785357145016417e-05,5.895034889653303,5.895047105866558,1.2216213255200614e-05,0.0,7.744301232039318e-17,7.744301232039318e-17,True,0.0035090000019408762,0.0,,
25,arpack_matvec,central_difference,1.0,0.02037337577546412,0.2721294314737656,63285796.756170064,336.42631176792656,336.4667259551539,336.4266443322502,336.4670585194775,2,sparse_direct,not_applicable,4.64658073922359e-16,3.581739319818184e-16,0.0016192000039154664,0.001448000009986572,0.0,0.0,6.785243678050564e-05,6.785486538553927e-05,5.895145686424663,5.894934692262245,0.0002109941624182099,7.744301232039318e-17,2.323290369611795e-16,3.097720492815727e-16,True,0.0032995000074151903,0.0,,
26,arpack_matvec,central_difference,1.0,0.02037337577546412,0.21283690127326138,69178632.07975349,336.4263117679265,336.4666053170465,336.42676497035757,336.46705851947746,2,sparse_direct,not_applicable,3.872150616019659e-16,4.64658073922359e-16,0.0016361000016331673,0.0015604999935021624,0.0,0.015625,6.785196785095275e-05,6.78552741185734e-05,5.895186428176428,5.894899183533203,0.0002872446432249376,7.744301232039318e-17,1.5488602464078636e-16,7.744301232039318e-17,True,0.0034410000080242753,0.015625,,
27,arpack_matvec,central_difference,1.0,0.02037337577546412,0.26291952245971395,56858495.719924726,336.4263117679265,336.46645204862415,336.42691823877993,336.46705851947746,2,sparse_direct,not_applicable,3.097720492815727e-16,2.323290369611795e-16,0.0019010999967576936,0.0016398000007029623,0.0,0.0,6.7851429897557e-05,6.785586876435683e-05,5.89523316758284,5.894847524376713,0.00038564320612710645,3.872150616019659e-16,0.0,3.872150616019659e-16,True,0.0037977000029059127,0.0,,
28,arpack_matvec,central_difference,1.0,0.02037337577546412,0.2207677829108055,64310677.331112705,336.42631176792656,336.46659215395454,336.42677813344955,336.4670585194775,2,sparse_direct,not_applicable,4.64658073922359e-16,4.501375091122854e-16,0.001593900000443682,0.0015798999957041815,0.0,0.0,6.785191678519191e-05,6.785533562362743e-05,5.895190864929206,5.894893840311635,0.0002970246175708624,1.5488602464078636e-16,7.744301232039318e-17,2.323290369611795e-16,True,0.003394200000911951,0.0,,
29,arpack_matvec,central_difference,1.0,0.02037337577546412,0.2368467571371061,53879475.22089251,336.42631176792656,336.46663183858743,336.42673844881665,336.4670585194775,2,sparse_direct,not_applicable,3.097720492815727e-16,3.097720492815727e-16,0.0015686999977333471,0.0015633000002708286,0.0,0.0,6.785208470737307e-05,6.785524985690167e-05,5.8951762753508214,5.894901291256764,0.00027498409405701807,2.323290369611795e-16,1.5488602464078636e-16,3.872150616019659e-16,True,0.0033500999998068437,0.0,,
30,arpack_matvec,central_difference,1.0,0.02037337577546412,0.21968374622462494,68082138.32990405,336.4263117679265,336.4668496455332,336.42652064187087,336.46705851947746,2,sparse_direct,not_applicable,4.64658073922359e-16,4.64658073922359e-16,0.001493899995693937,0.0015716999914729968,0.0,0.0,6.785283697814352e-05,6.78544113354996e-05,5.895110916715928,5.8949741384128815,0.00013677830304636984,2.323290369611795e-16,1.5488602464078636e-16,7.744301232039318e-17,True,0.003274899994721636,0.0,,
31,arpack_matvec,central_difference,1.0,0.02037337577546412,0.23669115826666937,45789662.49361928,336.42631370262166,336.46705851947746,336.4263117679265,336.4670565847824,2,sparse_direct,not_applicable,3.097720492815727e-16,3.097720492815727e-16,0.0015998999879229814,0.001954799998202361,0.0,0.015625,6.785365374415914e-05,6.785372826631832e-05,5.895039956259277,5.89503348187508,6.474384196764049e-06,7.744301232039318e-17,7.744301232039318e-17,1.5488602464078636e-16,True,0.003788899994106032,0.015625,,
32,arpack_matvec,central_difference,1.0,0.02037337577546412,0.20139232443754213,63414305.45547307,336.42647271701856,336.46705851947746,336.4263117679265,336.4668975703855,2,sparse_direct,not_applicable,3.872150616019659e-16,3.872150616019659e-16,0.0015894999960437417,0.0016405999922426417,0.0,0.0,6.785422262574234e-05,6.785308169810115e-05,5.89499053295836,5.895089655319132,9.912236077180836e-05,7.744301232039318e-17,0.0,7.744301232039318e-17,True,0.00346469999931287,0.0,,
33,arpack_matvec,central_difference,1.0,0.02037337577546412,0.3196622140309554,41616547.616940916,336.426564885951,336.46705851947746,336.4263117679265,336.4668054014531,2,sparse_direct,not_applicable,3.097720492815727e-16,3.097720492815727e-16,0.0015755000058561563,0.0015533999976469204,0.0,0.0,6.785458172208822e-05,6.785274231516948e-05,5.894959335808431,5.895119141125327,0.00015980531689585575,0.0,0.0,0.0,True,0.003349599995999597,0.0,,
34,arpack_matvec,central_difference,1.0,0.02037337577546412,0.29302825170354835,76083342.11276162,336.42648299220417,336.46705851947746,336.4263117679265,336.4668872951999,2,sparse_direct,not_applicable,3.097720492815727e-16,3.097720492815727e-16,0.001562799996463582,0.0015874999953666702,0.0,0.0,6.78542896030102e-05,6.785295654815087e-05,5.894984714161018,5.895100528392537,0.00011581423151874048,1.5488602464078636e-16,7.744301232039318e-17,7.744301232039318e-17,True,0.003374500010977499,0.0,,
35,arpack_matvec,central_difference,1.0,0.02037337577546412,0.29848820630830153,52205363.176575914,336.42652501534417,336.46705851947746,336.4263117679265,336.4668452720598,2,sparse_direct,not_applicable,3.097720492815727e-16,3.097720492815727e-16,0.0016161999956239015,0.001763099993695505,0.0,0.0,6.785449148383042e-05,6.78528082417789e-05,5.894967175390581,5.895113413356246,0.0001462379656658186,7.744301232039318e-17,0.0,7.744301232039318e-17,True,0.0036146000056760386,0.0,,
36,arpack_matvec,central_difference,1.0,0.02037337577546412,0.3455077279520133,45031502.734712936,336.4265117283566,336.46705851947746,336.4263117679265,336.46685855904747,2,sparse_direct,not_applicable,2.323290369611795e-16,3.097720492815727e-16,0.0018485000036889687,0.0015840999985812232,0.0,0.0,6.78545142313983e-05,6.785275958576325e-05,5.894965199160001,5.895117640637969,0.00015244147796789065,1.5488602464078636e-16,7.744301232039318e-17,7.744301232039318e-17,True,0.003678699998999946,0.0,,
37,arpack_matvec,central_difference,1.0,0.02037337577546412,0.2810619198167579,63272884.655378826,336.4264319015539,336.4670585194775,336.42631176792656,336.4669383858502,2,sparse_direct,not_applicable,3.097720492815727e-16,3.097720492815727e-16,0.0015789000026416034,0.0015599000034853816,0.0,0.0,6.785421073532648e-05,6.785302421571104e-05,5.89499156596557,5.895094649405206,0.00010308343963671973,7.744301232039318e-17,1.5488602464078636e-16,7.744301232039318e-17,True,0.0033586000063223764,0.0,,
38,arpack_matvec,central_difference,1.0,0.02037337577546412,0.17559487903009421,11549185.400088895,336.4263117679265,336.46690025163184,336.42647003577224,336.46705851947746,2,sparse_direct,not_applicable,2.323290369611795e-16,3.1945242582162186e-16,0.0016273999935947359,0.0015614000003552064,0.0,0.0,6.785515643802084e-05,6.78523930548704e-05,5.894909407000801,5.895149485391485,0.00024007839068396208,7.744301232039318e-17,7.744301232039318e-17,1.5488602464078636e-16,True,0.003415999992284924,0.0,,
39,arpack_matvec,central_difference,1.0,0.02037337577546412,0.19717842776519456,40513300.98476219,336.4263117679265,336.4665896983973,336.4267805890068,336.46705851947746,2,sparse_direct,not_applicable,3.872150616019659e-16,3.097720492815727e-16,0.0015770000027259812,0.0015451999934157357,0.0,0.0,6.785092535091807e-05,6.78563100243634e-05,5.895277005158601,5.894809191015286,0.00046781414331498183,7.744301232039318e-17,7.744301232039318e-17,1.5488602464078636e-16,True,0.0033395000064047053,0.0,,
40,arpack_matvec,central_difference,1.0,0.02037337577546412,0.23205529052849028,55191057.35726716,336.42631176792656,336.4666811636632,336.42668912374086,336.4670585194775,2,sparse_direct,not_applicable,3.097720492815727e-16,3.097720492815727e-16,0.0020523999992292374,0.002760700008366257,0.015625,0.0,6.785130208808596e-05,6.78559270539561e-05,5.895244272257469,5.894842460584723,0.0004018116727459997,1.5488602464078636e-16,0.0,1.5488602464078636e-16,True,0.005252899994957261,0.015625,,
41,arpack_matvec,central_difference,1.0,0.02037337577546412,0.2761103008466517,110649985.17929313,336.42631176792656,336.4670569681537,336.42631331925037,336.4670585194775,2,sparse_direct,not_applicable,2.323290369611795e-16,3.1945242582162186e-16,0.0017139999981736764,0.0016747000045143068,0.0,0.0,6.785287747229076e-05,6.785435198576897e-05,5.895107398552831,5.8949792945320825,0.0001281040207485873,0.0,1.5488602464078636e-16,1.5488602464078636e-16,True,0.0036445999867282808,0.0,,
42,arpack_matvec,central_difference,1.0,0.02037337577546412,0.1429184408956224,20234059.08805229,336.4263117679265,336.4660179040986,336.4273523833055,336.46705851947746,2,sparse_direct,not_applicable,3.097720492815727e-16,2.323290369611795e-16,0.0016897000023163855,0.0015177999885054305,0.0,0.0,6.784802595969857e-05,6.785920670592271e-05,5.8955289316390465,5.894557561414703,0.0009713702243434597,7.744301232039318e-17,1.5488602464078636e-16,2.323290369611795e-16,True,0.003506400011247024,0.0,,
43,arpack_matvec,central_difference,1.0,0.02037337577546412,0.22712137538336002,87655657.73028287,336.42631669958064,336.46705851947746,336.4263117679265,336.46705358782333,2,sparse_direct,not_applicable,3.097720492815727e-16,4.0657581468206416e-16,0.0015158000023802742,0.0014580999995814636,0.0,0.0,6.78527841772443e-05,6.785445088954404e-05,5.895115504105541,5.894970702086068,0.00014480201947275617,1.5488602464078636e-16,3.097720492815727e-16,1.5488602464078636e-16,True,0.003183799999533221,0.0,,
44,arpack_matvec,central_difference,1.0,0.02037337577546412,0.20904673439517724,47729536.27996144,336.42631176792656,336.46700747887326,336.4263628085308,336.4670585194775,2,sparse_direct,not_applicable,3.097720492815727e-16,4.64658073922359e-16,0.0020363999938126653,0.0017110000044340268,0.015625,0.0,6.785301170145072e-05,6.785436816511782e-05,5.895095736648751,5.894977888919901,0.00011784772885015116,2.323290369611795e-16,1.5488602464078636e-16,3.872150616019659e-16,True,0.003984299997682683,0.015625,,
45,arpack_matvec,central_difference,1.0,0.02037337577546412,0.24484434676837466,69278859.5850752,336.4263616031702,336.4670585194775,336.42631176792656,336.46700868423375,2,sparse_direct,not_applicable,3.872150616019659e-16,3.097720492815727e-16,0.0014516999945044518,0.0014372999867191538,0.0,0.0,6.785359979770674e-05,6.785366609774215e-05,5.8950446430628265,5.895038882995743,5.7600670837487655e-06,2.323290369611795e-16,1.5488602464078636e-16,7.744301232039318e-17,True,0.0031138000049395487,0.0,,
46,arpack_matvec,central_difference,1.0,0.02037337577546412,0.2909355257018553,105735944.80373524,336.42657630889835,336.4670585194775,336.42631176792656,336.46679397850573,2,sparse_direct,not_applicable,3.0009167274152353e-16,3.872150616019659e-16,0.0014869000006001443,0.0014140999992378056,0.0,0.0,6.785484907175522e-05,6.7852383228706e-05,5.894936109532976,5.895150339108116,0.0002142295751399459,1.5488602464078636e-16,7.744301232039318e-17,2.323290369611795e-16,True,0.003098500004853122,0.0,,
47,arpack_matvec,central_difference,1.0,0.02037337577546412,0.15934418430022795,46546331.832375556,336.4273791235998,336.46705851947746,336.4263117679265,336.4659911638042,2,sparse_direct,not_applicable,3.097720492815727e-16,3.097720492815727e-16,0.001433299999916926,0.0014127999893389642,0.0,0.0,6.785897458026717e-05,6.784825958042743e-05,5.894577724967815,5.895508631667101,0.0009309066992866377,7.744301232039318e-17,0.0,7.744301232039318e-17,True,0.0030446000018855557,0.0,,
48,arpack_matvec,central_difference,1.0,0.02037337577546412,0.21598471310938536,76388703.88845025,336.4264838492134,336.46705851947746,336.4263117679265,336.46688643819067,2,sparse_direct,not_applicable,3.872150616019659e-16,3.097720492815727e-16,0.0014635999978054315,0.001702199995634146,0.0,0.015625,6.785438635599031e-05,6.785283526090359e-05,5.894976308553519,5.8951110659111645,0.0001347573576451211,0.0,7.744301232039318e-17,7.744301232039318e-17,True,0.0033682000066619366,0.015625,,
49,arpack_matvec,central_difference,1.0,0.02037337577546412,0.2800023663012206,42050211.42650189,336.4267646989015,336.46705851947746,336.4263117679265,336.4666055885026,2,sparse_direct,not_applicable,3.872150616019659e-16,3.097720492815727e-16,0.0018235000025015324,0.0016816000133985654,0.0,0.0,6.785491430216643e-05,6.785237473803909e-05,5.894930442602138,5.895151076794278,0.0002206341921402455,0.0,0.0,0.0,True,0.0037521999911405146,0.0,,
50,arpack_matvec,central_difference,1.0,0.02037337577546412,0.20830014495246177,67243650.69909827,336.4266211829699,336.4670585194775,336.42631176792656,336.4667491044342,2,sparse_direct,not_applicable,3.872150616019659e-16,2.323290369611795e-16,0.0014926000003470108,0.0014758000033907592,0.0,0.0,6.785468849373513e-05,6.785255267161855e-05,5.894950059890572,5.895135617606801,0.00018555771622885686,2.323290369611795e-16,7.744301232039318e-17,3.097720492815727e-16,True,0.0031971999997040257,0.0,,
51,arpack_matvec,central_difference,1.0,0.02037337577546412,0.2443623360585979,51754028.27972137,336.4266537142347,336.46705851947746,336.4263117679265,336.4667165731694,2,sparse_direct,not_applicable,2.323290369611795e-16,2.323290369611795e-16,0.0014300999901024625,0.0014319000038085505,0.0,0.0,6.785439388767111e-05,6.785293256933319e-05,5.8949756542247815,5.895102611685557,0.00012695746077540093,1.5488602464078636e-16,0.0,1.5488602464078636e-16,True,0.0030617000011261553,0.0,,
52,arpack_matvec,central_difference,1.0,0.02037337577546412,0.2645431894512333,58915887.1081978,336.42631176792656,336.46691290606384,336.42645738134024,336.4670585194775,2,sparse_direct,not_applicable,3.097720492815727e-16,2.323290369611795e-16,0.0015072999958647415,0.0014608999917982146,0.0,0.0,6.785403854005653e-05,6.78532408197732e-05,5.895006525866055,5.895075830828047,6.930496199153424e-05,7.744301232039318e-17,1.5488602464078636e-16,7.744301232039318e-17,True,0.003180999992764555,0.0,,
53,arpack_matvec,central_difference,1.0,0.02037337577546412,0.19659506502215734,35610259.464013815,336.4263117679265,336.4665733129047,336.42679697449927,336.46705851947746,2,sparse_direct,not_applicable,3.097720492815727e-16,3.097720492815727e-16,0.0014308999961940572,0.0019330000068293884,0.0,0.015625,6.785359229105507e-05,6.785382301814836e-05,5.895045295232376,5.89502524998503,2.0045247345557016e-05,7.744301232039318e-17,7.744301232039318e-17,0.0,True,0.0036334999895188957,0.015625,,
54,arpack_matvec,central_difference,1.0,0.02037337577546412,0.21638131688050152,71444139.61716846,336.42631176792656,336.46703625686615,336.4263340305378,336.4670585194775,2,sparse_direct,not_applicable,2.323290369611795e-16,3.872150616019659e-16,0.0016747000045143068,0.0016478000034112483,0.0,0.0,6.785319615266182e-05,6.785406732505683e-05,5.895079711500198,5.895004025090916,7.568640928212744e-05,1.5488602464078636e-16,7.744301232039318e-17,7.744301232039318e-17,True,0.003568300002370961,0.0,,
55,arpack_matvec,central_difference,1.0,0.02037337577546412,0.2870122903127053,35314132.50239845,336.4263117679265,336.46637277617845,336.42699751122564,336.46705851947746,2,sparse_direct,not_applicable,2.323290369611795e-16,3.3881317890172014e-16,0.001519799989182502,0.0014136999961920083,0.0,0.0,6.785271405142452e-05,6.785459792070139e-05,5.895121596710873,5.894957928532154,0.0001636681787191563,7.744301232039318e-17,0.0,7.744301232039318e-17,True,0.003149600001052022,0.0,,
56,arpack_matvec,central_difference,1.0,0.02037337577546412,0.20458374028255794,56353737.36763535,336.4263117679265,336.46674049952145,336.4266297878825,336.46705851947746,2,sparse_direct,not_applicable,3.872150616019659e-16,3.872150616019659e-16,0.001436699996702373,0.0014690999960293993,0.0,0.0,6.785243461862909e-05,6.785480438523318e-05,5.895145874252518,5.894939991707493,0.00020588254502484915,7.744301232039318e-17,1.5488602464078636e-16,7.744301232039318e-17,True,0.003113399987341836,0.0,,
57,arpack_matvec,central_difference,1.0,0.02037337577546412,0.2772410787294343,36570719.95258587,336.4263117679265,336.46633674071074,336.42703354669334,336.46705851947746,2,sparse_direct,not_applicable,3.097720492815727e-16,2.323290369611795e-16,0.0014351999998325482,0.0014311999984784052,0.0,0.0,6.785214416275545e-05,6.785515581774679e-05,5.895171109707731,5.894909460887043,0.00026164882068790973,7.744301232039318e-17,7.744301232039318e-17,0.0,True,0.0030878999968990684,0.0,,
58,arpack_matvec,central_difference,1.0,0.02037337577546412,0.21331994983680763,71122575.0722353,336.4263117679265,336.4670239721946,336.42634631520934,336.46705851947746,2,sparse_direct,not_applicable,3.872150616019659e-16,2.8073091966142525e-16,0.0018243999948026612,0.0016198999946936965,0.015625,0.0,6.785230926300792e-05,6.785492021693491e-05,5.895156765402444,5.89492992875364,0.00022683664880407406,7.744301232039318e-17,1.5488602464078636e-16,7.744301232039318e-17,True,0.003662100003566593,0.015625,,
59,arpack_matvec,central_difference,1.0,0.02037337577546412,0.2472183330826673,37845031.74188077,336.42631176792656,336.4662218632224,336.42714842418155,336.4670585194775,2,sparse_direct,not_applicable,3.872150616019659e-16,5.421010862427522e-16,0.001654199993936345,0.0017557999963173643,0.0,0.0,6.785220015904358e-05,6.785509840197921e-05,5.895166244608306,5.8949144488799785,0.00025179572832723096,3.872150616019659e-16,0.0,3.872150616019659e-16,True,0.0036652999988291413,0.0,,
60,arpack_matvec,central_difference,1.0,0.02037337577546412,0.23940437454500957,77251358.7761751,336.4265854944541,336.4670585194775,336.42631176792656,336.46678479294985,2,sparse_direct,not_applicable,3.1945242582162186e-16,2.323290369611795e-16,0.001734799996484071,0.001534499999252148,0.0,0.0,6.785284526862009e-05,6.78543869596028e-05,5.895110196432515,5.894976256113559,0.00013394031895685998,3.097720492815727e-16,7.744301232039318e-17,2.323290369611795e-16,True,0.003497600002447143,0.0,,
61,arpack_matvec,central_difference,1.0,0.02037337577546412,0.24707104818972123,38487354.86379109,336.4263117679265,336.4666418796907,336.42672840771337,336.46705851947746,2,sparse_direct,not_applicable,3.097720492815727e-16,3.872150616019659e-16,0.0014703999913763255,0.0014228999934857711,0.0,0.0,6.785314004730797e-05,6.785418983459595e-05,5.895084585932435,5.894993381765456,9.120416697872002e-05,7.744301232039318e-17,1.5488602464078636e-16,2.323290369611795e-16,True,0.0031030999962240458,0.0,,
62,arpack_matvec,central_difference,1.0,0.02037337577546412,0.24066907968914136,61282413.6381758,336.4263117679265,336.4665178161217,336.42685247128236,336.46705851947746,2,sparse_direct,not_applicable,2.323290369611795e-16,6.9698711088353855e-16,0.0017433000029996037,0.0016411000106018037,0.015625,0.0,6.785365333114064e-05,6.785359246199281e-05,5.895039992141804,5.895045280381494,5.28823968970471e-06,0.0,7.744301232039318e-17,7.744301232039318e-17,True,0.0036155999987386167,0.015625,,
63,arpack_matvec,central_difference,1.0,0.02037337577546412,0.23444022603894749,34526501.60213958,336.4268080668862,336.4670585194775,336.42631176792656,336.46656222051786,2,sparse_direct,not_applicable,3.872150616019659e-16,3.097720492815727e-16,0.001437600003555417,0.0015519000007770956,0.0,0.0,6.785428283603404e-05,6.785312948902042e-05,5.894985302056422,5.895085503237188,0.00010020118076603524,2.323290369611795e-16,7.744301232039318e-17,3.097720492815727e-16,True,0.0032020999933592975,0.0,,
64,arpack_matvec,central_difference,1.0,0.02037337577546412,0.2768155371643593,55004954.09785752,336.42765269820933,336.4670585194775,336.42631176792656,336.46571758919475,2,sparse_direct,not_applicable,3.097720492815727e-16,3.872150616019659e-16,0.001600300005520694,0.0015131999971345067,0.0,0.0,6.785426568655491e-05,6.785305448788202e-05,5.894986791954314,5.895092019349499,0.00010522739518492585,1.5488602464078636e-16,7.744301232039318e-17,2.323290369611795e-16,True,0.0033419999963371083,0.0,,
65,arpack_matvec,central_difference,1.0,0.02037337577546412,0.2940596906366551,58457635.02381074,336.4274697652658,336.4670585194775,336.42631176792656,336.46590052213827,2,sparse_direct,not_applicable,6.195440985631454e-16,6.195440985631454e-16,0.001821199999540113,0.0016150000010384247,0.0,0.0,6.785404166682174e-05,6.785323778559233e-05,5.895006254219726,5.895076094437079,6.984021735334522e-05,7.744301232039318e-17,0.0,7.744301232039318e-17,True,0.003839900004095398,0.0,,
66,arpack_matvec,central_difference,1.0,0.02037337577546412,0.2686505654316771,36274573.426214784,336.428989258717,336.4670585194775,336.42631176792656,336.46438102868706,2,sparse_direct,not_applicable,2.323290369611795e-16,3.872150616019659e-16,0.0015954999980749562,0.0016334000101778656,0.0,0.0,6.785357662068997e-05,6.785375556121838e-05,5.895046656656735,5.895031110534711,1.5546122024368003e-05,1.5488602464078636e-16,7.744301232039318e-17,2.323290369611795e-16,True,0.0034629000001586974,0.0,,
67,arpack_matvec,central_difference,1.0,0.02037337577546412,0.3309245034403665,78737784.48156565,336.4283483503511,336.4670585194775,336.42631176792656,336.465021937053,2,sparse_direct,not_applicable,4.64658073922359e-16,4.64658073922359e-16,0.001643700001295656,0.0016016000008676201,0.0,0.0,6.785330255859702e-05,6.785394176696006e-05,5.895070466976407,5.8950149333073965,5.5533669010898734e-05,0.0,7.744301232039318e-17,7.744301232039318e-17,True,0.0034850000083679333,0.0,,
68,arpack_matvec,central_difference,1.0,0.02037337577546412,0.2248480667311298,44073818.09956773,336.42631176792656,336.4662780835302,336.42709220387377,336.4670585194775,2,sparse_direct,not_applicable,3.097720492815727e-16,3.097720492815727e-16,0.0015783999988343567,0.0015708999999333173,0.0,0.0,6.785251963304756e-05,6.785487929838923e-05,5.895138488050783,5.894933483574782,0.00020500447600113603,7.744301232039318e-17,1.5488602464078636e-16,7.744301232039318e-17,True,0.0033777000062400475,0.0,,
69,arpack_matvec,central_difference,1.0,0.02037337577546412,0.19919897668529812,58680203.26139087,336.4304245220083,336.4670585194775,336.42631176792656,336.4629457653958,2,sparse_direct,not_applicable,3.872150616019659e-16,4.64658073922359e-16,0.0018760999955702573,0.0017150000057881698,0.0,0.0,6.785274887468045e-05,6.78545651058635e-05,5.895118571228022,5.894960779365969,0.00015779186205300277,0.0,0.0,0.0,True,0.003830400004517287,0.0,,
70,arpack_matvec,central_difference,1.0,0.02037337577546412,0.24082801325013659,52283825.77195056,336.426920579909,336.4670585194775,336.42631176792656,336.466449707495,2,sparse_direct,not_applicable,3.097720492815727e-16,3.097720492815727e-16,0.0016407999937655404,0.001826499996241182,0.0,0.0,6.785327378121446e-05,6.785411503496797e-05,5.895072967146092,5.894999880167384,7.308697870822556e-05,1.5488602464078636e-16,7.744301232039318e-17,2.323290369611795e-16,True,0.0037518000026466325,0.0,,
71,arpack_matvec,central_difference,1.0,0.02037337577546412,0.3236349820111293,83534820.66936915,336.42797023115406,336.4670585194775,336.42631176792656,336.46540005625,2,sparse_direct,not_applicable,3.097720492815727e-16,2.323290369611795e-16,0.0021970999951008707,0.0017105999868363142,0.0,0.0,6.785385915353865e-05,6.785339547010335e-05,5.89502211060518,5.895062394869283,4.028426410318531e-05,7.744301232039318e-17,2.323290369611795e-16,1.5488602464078636e-16,True,0.004185999991022982,0.0,,
72,arpack_matvec,central_difference,1.0,0.02037337577546412,0.23222510088037304,43186681.60734071,336.4300591867135,336.4670585194775,336.42631176792656,336.4633111006906,2,sparse_direct,not_applicable,6.195440985631454e-16,2.323290369611795e-16,0.0015887000045040622,0.0015699999930802733,0.0,0.0,6.785519296182953e-05,6.785216299877352e-05,5.894906234000563,5.895169473185848,0.0002632391852852578,2.323290369611795e-16,1.5488602464078636e-16,7.744301232039318e-17,True,0.0033870000042952597,0.0,,
73,arpack_matvec,central_difference,1.0,0.02037337577546412,0.24594393749837976,60544819.23669437,336.42631176792656,336.4649343154489,336.4284359719552,336.4670585194775,2,sparse_direct,not_applicable,3.097720492815727e-16,4.64658073922359e-16,0.001588999992236495,0.0015767000004416332,0.015625,0.0,6.785502240972603e-05,6.785222293522932e-05,5.894921050717476,5.895164265757864,0.00024321504038837816,2.323290369611795e-16,0.0,2.323290369611795e-16,True,0.0033833000052254647,0.015625,,
74,arpack_matvec,central_difference,1.0,0.02037337577546412,0.30447928731985485,73035999.35496579,336.42631176792656,336.4637288776914,336.4296414097127,336.4670585194775,2,sparse_direct,not_applicable,2.710505431213761e-16,3.0009167274152353e-16,0.001631699997233227,0.0015656000032322481,0.0,0.0,6.785454650145435e-05,6.785271583327201e-05,5.894962395650624,5.895121441901924,0.00015904625130058747,2.323290369611795e-16,7.744301232039318e-17,3.097720492815727e-16,True,0.0034146999969379976,0.0,,
75,arpack_matvec,central_difference,1.0,0.02037337577546412,0.23884039214366198,75728246.54988056,336.42631176792656,336.4633098400005,336.4300604474036,336.4670585194775,2,sparse_direct,not_applicable,3.097720492815727e-16,3.1945242582162186e-16,0.001562499994179234,0.0017488000012235716,0.0,0.0,6.785415257741388e-05,6.785309862156636e-05,5.8949966185731295,5.8950881850053705,9.156643224095262e-05,7.744301232039318e-17,0.0,7.744301232039318e-17,True,0.0035601999989012256,0.0,,
76,arpack_matvec,central_difference,1.0,0.02037337577546412,0.2619418536301832,50213600.74400037,336.42631176792656,336.4655292283484,336.4278410590557,336.4670585194775,2,sparse_direct,not_applicable,3.872150616019659e-16,2.323290369611795e-16,0.0016253000067081302,0.0015894999960437417,0.0,0.0,6.785423910788939e-05,6.785307458071942e-05,5.894989101034546,5.895090273678782,0.00010117264423570305,1.5488602464078636e-16,2.323290369611795e-16,3.872150616019659e-16,True,0.003454800011240877,0.0,,
77,arpack_matvec,central_difference,1.0,0.02037337577546412,0.25952687670780467,58469550.090334475,336.42759299155,336.4670585194775,336.42631176792656,336.4657772958541,2,sparse_direct,not_applicable,3.097720492815727e-16,3.097720492815727e-16,0.0016390000091632828,0.0017523999995319173,0.0,0.015625,6.785389187704013e-05,6.785336209275482e-05,5.8950192676471795,5.895065294674777,4.602702759726185e-05,7.744301232039318e-17,7.744301232039318e-17,0.0,True,0.0036212999984854832,0.015625,,
78,arpack_matvec,central_difference,1.0,0.02037337577546412,0.2706027039526836,48890538.162234,336.4263117679265,336.46660156132646,336.4267687260776,336.46705851947746,2,sparse_direct,not_applicable,4.64658073922359e-16,2.710505431213761e-16,0.0016076999891083688,0.0015874999953666702,0.0,0.0,6.785376146461683e-05,6.785353848670099e-05,5.895030597656475,5.89504996969905,1.9372042575405146e-05,0.0,7.744301232039318e-17,7.744301232039318e-17,True,0.0034214000042993575,0.0,,
79,arpack_matvec,central_difference,1.0,0.02037337577546412,0.27546272685582807,87082126.81981231,336.42631176792656,336.46502362451264,336.42834666289144,336.4670585194775,2,sparse_direct,not_applicable,3.872150616019659e-16,2.323290369611795e-16,0.001566799997817725,0.001612000007298775,0.0,0.0,6.785341205753992e-05,6.785385831554532e-05,5.895060953763072,5.895022183408544,3.8770354527706274e-05,1.5488602464078636e-16,1.5488602464078636e-16,0.0,True,0.0033988999930443242,0.0,,
80,arpack_matvec,central_difference,1.0,0.02037337577546412,0.24005059685309074,56439418.763730064,336.42631176792656,336.4634628123484,336.4299074750557,336.4670585194775,2,sparse_direct,not_applicable,4.64658073922359e-16,5.421010862427522e-16,0.0015702999953646213,0.001732600008836016,0.0,0.0,6.785313954187932e-05,6.785419998249608e-05,5.895084629844105,5.89499250014274,9.212970136474041e-05,1.5488602464078636e-16,1.5488602464078636e-16,3.097720492815727e-16,True,0.0035798000026261434,0.0,,
81,arpack_matvec,central_difference,1.0,0.02037337577546412,0.27183189847185263,72496599.74029684,336.4308468671372,336.46705851947746,336.4263117679265,336.4625234202669,2,sparse_direct,not_applicable,3.872150616019659e-16,3.872150616019659e-16,0.0016054000006988645,0.0015544000052614138,0.0,0.0,6.785311886395961e-05,6.785416519827905e-05,5.895086426343495,5.894995522104589,9.090423890611987e-05,1.5488602464078636e-16,1.5488602464078636e-16,0.0,True,0.0033862999989651144,0.0,,
82,arpack_matvec,central_difference,1.0,0.02037337577546412,0.2516136701835184,69390284.95969503,336.42797304038487,336.46705851947746,336.4263117679265,336.4653972470192,2,sparse_direct,not_applicable,4.64658073922359e-16,3.097720492815727e-16,0.0020573000074364245,0.001671100006205961,0.015625,0.0,6.785320577551829e-05,6.785409009689195e-05,5.8950788754673935,5.89500204672735,7.682874004366624e-05,0.0,7.744301232039318e-17,7.744301232039318e-17,True,0.003964300005463883,0.015625,,
83,arpack_matvec,central_difference,1.0,0.02037337577546412,0.3032932147466617,83574951.54912603,336.42631176792656,336.4605153989348,336.4328548884692,336.4670585194775,2,sparse_direct,not_applicable,3.872150616019659e-16,3.872150616019659e-16,0.0015853000077186152,0.0015616999880876392,0.0,0.0,6.785361336624414e-05,6.785365209292419e-05,5.895043464243752,5.895040099716493,3.364527259464012e-06,7.744301232039318e-17,7.744301232039318e-17,1.5488602464078636e-16,True,0.0033719000057317317,0.0,,
84,arpack_matvec,central_difference,1.0,0.02037337577546412,0.3343223636437163,73140662.49344093,336.42631176792656,336.4607529098655,336.4326173775386,336.4670585194775,2,sparse_direct,not_applicable,3.097720492815727e-16,3.872150616019659e-16,0.0015619999903719872,0.0015451000072062016,0.0,0.0,6.785376984742599e-05,6.785350628331805e-05,5.895029869370978,5.895052767499224,2.2898128245962823e-05,1.5488602464078636e-16,1.5488602464078636e-16,0.0,True,0.0033272000000579283,0.0,,
85,arpack_matvec,central_difference,1.0,0.02037337577546412,0.2619177406966388,65090528.8873677,336.42631176792656,336.4609697043404,336.43240058306355,336.4670585194775,2,sparse_direct,not_applicable,1.645664011808355e-16,3.097720492815727e-16,0.00171050000062678,0.0015996000001905486,0.0,0.0,6.785409560727033e-05,6.785315722630732e-05,5.895001567998814,5.895083093420393,8.152542157890963e-05,2.323290369611795e-16,0.0,2.323290369611795e-16,True,0.0035348999954294413,0.0,,
86,arpack_matvec,central_difference,1.0,0.02037337577546412,0.26217607286253414,50875788.654717505,336.4263117679265,336.464546538016,336.42882374938796,336.46705851947746,2,sparse_direct,not_applicable,2.420094135012287e-16,4.64658073922359e-16,0.0018653000006452203,0.0016558999923290685,0.015625,0.0,6.785447796675875e-05,6.785282196602877e-05,5.894968349707976,5.8951122209812326,0.00014387127325665716,2.323290369611795e-16,1.5488602464078636e-16,7.744301232039318e-17,True,0.003823399994871579,0.015625,,
87,arpack_matvec,central_difference,1.0,0.02037337577546412,0.24400990171077805,84796233.21725368,336.42631176792656,336.4652864903036,336.4280837971005,336.4670585194775,2,sparse_direct,not_applicable,3.0009167274152353e-16,4.452973208422607e-16,0.001600699994014576,0.0016348999924957752,0.0,0.0,6.785466283597104e-05,6.785258399579241e-05,5.894952288937651,5.89513289611497,0.0001806071773193807,1.5488602464078636e-16,7.744301232039318e-17,2.323290369611795e-16,True,0.003474500001175329,0.0,,
88,arpack_matvec,central_difference,1.0,0.02037337577546412,0.25758508773602345,62965366.21440254,336.4294210589628,336.4670585194775,336.42631176792656,336.46394922844127,2,sparse_direct,not_applicable,3.097720492815727e-16,4.64658073922359e-16,0.0016598000074736774,0.0016583999968133867,0.0,0.0,6.785495492273231e-05,6.785234509319047e-05,5.894926913671778,5.8951536523996015,0.00022673872782341675,1.5488602464078636e-16,7.744301232039318e-17,2.323290369611795e-16,True,0.003564900005585514,0.0,,
89,arpack_matvec,central_difference,1.0,0.02037337577546412,0.23452077186139045,69801496.47495328,336.42631176792656,336.46439036952063,336.42897991788345,336.4670585194775,2,sparse_direct,not_applicable,2.323290369611795e-16,4.64658073922359e-16,0.0016108999989228323,0.0015737999929115176,0.0,0.0,6.785432075723608e-05,6.785294185698318e-05,5.894982007573091,5.895101804769183,0.00011979719609200856,2.323290369611795e-16,7.744301232039318e-17,1.5488602464078636e-16,True,0.003426800001761876,0.0,,
90,arpack_matvec,central_difference,1.0,0.02037337577546412,0.21228815800523582,48564611.61433397,336.4294883002375,336.4670585194775,336.42631176792656,336.4638819871666,2,sparse_direct,not_applicable,4.549776973823099e-16,2.323290369611795e-16,0.001603099997737445,0.0021655999880749732,0.0,0.015625,6.785434957744824e-05,6.785304146242293e-05,5.8949795037596555,5.895093151005181,0.00011364724552542782,0.0,7.744301232039318e-17,7.744301232039318e-17,True,0.0040203999960795045,0.015625,,
91,arpack_matvec,central_difference,1.0,0.02037337577546412,0.2739155593422115,92872962.46655552,336.42931852233306,336.4670585194775,336.42631176792656,336.464051765071,2,sparse_direct,not_applicable,4.64658073922359e-16,3.097720492815727e-16,0.0015035999967949465,0.0014656999992439523,0.0,0.0,6.785335544501389e-05,6.785393084963914e-05,5.895065872227155,5.8950158817825855,4.999044456965862e-05,7.744301232039318e-17,7.744301232039318e-17,0.0,True,0.0031906999938655645,0.0,,
92,arpack_matvec,central_difference,1.0,0.02037337577546412,0.2242772918464929,72445735.25877494,336.4279582852388,336.4670585194775,336.42631176792656,336.4654120021653,2,sparse_direct,not_applicable,3.823748733319413e-16,3.872150616019659e-16,0.0014388999989023432,0.0014092000055825338,0.0,0.0,6.785276181644748e-05,6.785459368190898e-05,5.895117446833833,5.894958296782873,0.0001591500509601218,0.0,0.0,0.0,True,0.003047799997148104,0.0,,
93,arpack_matvec,central_difference,1.0,0.02037337577546412,0.2733295038314983,56757816.49979873,336.42989698672585,336.4670585194775,336.42631176792656,336.46347330067823,2,sparse_direct,not_applicable,3.872150616019659e-16,6.195440985631454e-16,0.0014496999938273802,0.001437600003555417,0.0,0.0,6.785212319008427e-05,6.785518287717705e-05,5.895172931868622,5.8949071101028485,0.00026582176577338856,7.744301232039318e-17,7.744301232039318e-17,1.5488602464078636e-16,True,0.003101299997069873,0.0,,
94,arpack_matvec,central_difference,1.0,0.02037337577546412,0.2889655054638424,92899795.53031324,336.42720877210616,336.4670585194775,336.42631176792656,336.4661615152978,2,sparse_direct,not_applicable,2.904112962014744e-16,4.64658073922359e-16,0.0014595000102417544,0.0015538000006927177,0.0,0.0,6.785292994403385e-05,6.785431024058075e-05,5.895102839773113,5.894982921229037,0.00011991854407611413,0.0,2.323290369611795e-16,2.323290369611795e-16,True,0.0032263999892165884,0.0,,
95,arpack_matvec,central_difference,1.0,0.02037337577546412,0.2177432523217703,64043832.51538801,336.4287614489946,336.4670585194775,336.42631176792656,336.4646088384095,2,sparse_direct,not_applicable,5.421010862427522e-16,3.872150616019659e-16,0.001881800009869039,0.0015329000016208738,0.015625,0.0,6.7851843314329e-05,6.785551096141902e-05,5.895197248318937,5.8948786079796855,0.0003186403392518855,7.744301232039318e-17,2.323290369611795e-16,1.5488602464078636e-16,True,0.003668000004836358,0.015625,,
96,arpack_matvec,central_difference,1.0,0.02037337577546412,0.2079985733958375,59102923.32450453,336.42631176792656,336.4658796854685,336.4274906019356,336.4670585194775,2,sparse_direct,not_applicable,3.097720492815727e-16,3.872150616019659e-16,0.0014367999974638224,0.0014418000064324588,0.0,0.0,6.78529277789266e-05,6.785437576894061e-05,5.895103027878922,5.8949772283233415,0.00012579955558056355,1.5488602464078636e-16,0.0,1.5488602464078636e-16,True,0.003085000003920868,0.0,,
97,arpack_matvec,central_difference,1.0,0.02037337577546412,0.20169682987222778,48462075.7761867,336.4263117679265,336.46318521165597,336.4301850757481,336.46705851947746,2,sparse_direct,not_applicable,3.097720492815727e-16,2.323290369611795e-16,0.0016662000125506893,0.001559399999678135,0.0,0.0,6.785359160511706e-05,6.78538084142675e-05,5.895045354825915,5.895026518745745,1.8836080170281377e-05,0.0,7.744301232039318e-17,7.744301232039318e-17,True,0.003588299994589761,0.0,,
98,arpack_matvec,central_difference,1.0,0.02037337577546412,0.2217669851285147,65328684.042419955,336.42839079434583,336.46705851947746,336.4263117679265,336.46497949305825,2,sparse_direct,not_applicable,4.64658073922359e-16,3.872150616019659e-16,0.0015676000039093196,0.0015623000072082505,0.0,0.0,6.785438320000381e-05,6.785287772620311e-05,5.894976582735742,5.895107376492742,0.00013079375700009166,7.744301232039318e-17,0.0,7.744301232039318e-17,True,0.003352300002006814,0.0,,
99,arpack_matvec,central_difference,1.0,0.02037337577546412,0.21093861688134677,51976093.70744174,336.42972283957596,336.46705851947746,336.4263117679265,336.4636474478281,2,sparse_direct,not_applicable,3.097720492815727e-16,2.6137016658132697e-16,0.0015941000019665807,0.002436800001305528,0.0,0.0,6.785521254950303e-05,6.785214545053215e-05,5.89490453232586,5.895170997822338,0.0002664654964776858,7.744301232039318e-17,7.744301232039318e-17,1.5488602464078636e-16,True,0.004265199997462332,0.0,,
100,arpack_matvec,central_difference,1.0,0.02037337577546412,0.2507083822374158,76615075.65014423,336.4263117679265,336.46531963679405,336.42805065061003,336.46705851947746,2,sparse_direct,not_applicable,2.323290369611795e-16,3.872150616019659e-16,0.001695400002063252,0.0015682999946875498,0.0,0.0,6.785462993008741e-05,6.785263339020759e-05,5.894955147675724,5.8951286046582165,0.00017345698249293662,0.0,7.744301232039318e-17,7.744301232039318e-17,True,0.0035120999964419752,0.0,,
101,arpack_matvec,central_difference,1.0,0.02037337577546412,0.2507935036579622,48712257.70420216,336.43203068588093,336.46705851947746,336.4263117679265,336.46133960152315,2,sparse_direct,not_applicable,6.195440985631454e-16,4.64658073922359e-16,0.0015777999942656606,0.0015733000036561862,0.0,0.0,6.785489471818752e-05,6.785242485855798e-05,5.894932143970829,5.895146722225793,0.00021457825496451477,7.744301232039318e-17,7.744301232039318e-17,0.0,True,0.003369599988218397,0.0,,
102,arpack_matvec,central_difference,1.0,0.02037337577546412,0.2806922509303891,87765511.77007115,336.42980610948945,336.4670585194775,336.42631176792656,336.46356417791463,2,sparse_direct,not_applicable,3.097720492815727e-16,3.872150616019659e-16,0.0018016999965766445,0.0014536000089719892,0.0,0.0,6.785390843544171e-05,6.785335017689806e-05,5.8950178290845585,5.895066329918482,4.850083392327065e-05,1.5488602464078636e-16,0.0,1.5488602464078636e-16,True,0.003466800000751391,0.0,,
103,arpack_matvec,central_difference,1.0,0.02037337577546412,0.2981234119444276,64724170.82641623,336.43301330076264,336.4670585194775,336.42631176792656,336.46035698664144,2,sparse_direct,not_applicable,5.421010862427522e-16,6.9698711088353855e-16,0.0014610999933211133,0.0017977999959839508,0.0,0.0,6.785359307451672e-05,6.785369414495772e-05,5.895045227166093,5.895036446290883,8.780875210057104e-06,2.323290369611795e-16,7.744301232039318e-17,3.097720492815727e-16,True,0.0034786999895004556,0.0,,
104,arpack_matvec,central_difference,1.0,0.02037337577546412,0.2435696643286906,68078595.10216388,336.42882467763303,336.46705851947746,336.4263117679265,336.46454560977094,2,sparse_direct,not_applicable,4.64658073922359e-16,3.097720492815727e-16,0.0018493000097805634,0.0017343000072287396,0.015625,0.0,6.785285936734738e-05,6.785440341879033e-05,5.895108971523914,5.894974826191331,0.00013414533258337968,7.744301232039318e-17,7.744301232039318e-17,1.5488602464078636e-16,True,0.0038669000059599057,0.015625,,
105,arpack_matvec,central_difference,1.0,0.02037337577546412,0.23361439573747744,62511478.59979853,336.4287892313515,336.46705851947746,336.4263117679265,336.46458105605245,2,sparse_direct,not_applicable,2.323290369611795e-16,4.64658073922359e-16,0.0017943999991985038,0.0017298000020673499,0.0,0.0,6.785244424518377e-05,6.785485619798139e-05,5.895145037879639,5.894935490437302,0.0002095474423375876,7.744301232039318e-17,7.744301232039318e-17,0.0,True,0.0037733999924967065,0.0,,
106,arpack_matvec,central_difference,1.0,0.02037337577546412,0.2391852674078129,71683332.25087108,336.42889193307843,336.4670585194775,336.42631176792656,336.46447835432565,2,sparse_direct,not_applicable,3.097720492815727e-16,2.323290369611795e-16,0.001713599995127879,0.0015848000039113685,0.0,0.0,6.785213248333931e-05,6.785513366736175e-05,5.895172124446018,5.894911385200021,0.0002607392459967883,0.0,7.744301232039318e-17,7.744301232039318e-17,True,0.003526100001181476,0.0,,
107,arpack_matvec,central_difference,1.0,0.02037337577546412,0.23888085678467186,50083107.4408291,336.42972316228764,336.4670585194775,336.42631176792656,336.4636471251163,2,sparse_direct,not_applicable,4.64658073922359e-16,3.872150616019659e-16,0.0015772000042488798,0.0016344000032404438,0.0,0.0,6.78518036813725e-05,6.785549082496817e-05,5.89520069176603,5.894880357313923,0.0003203344521072182,0.0,0.0,0.0,True,0.003432299999985844,0.0,,
108,arpack_matvec,central_difference,1.0,0.02037337577546412,0.24617966077248474,71470598.36863236,336.42631176792656,336.4654418068604,336.4279284805437,336.4670585194775,2,sparse_direct,not_applicable,4.64658073922359e-16,2.323290369611795e-16,0.0017702000041026622,0.0017170000064652413,0.015625,0.0,6.785236948181461e-05,6.785491366363793e-05,5.8951515334656905,5.894930498074628,0.00022103539106232972,7.744301232039318e-17,0.0,7.744301232039318e-17,True,0.0037152000004425645,0.015625,,
109,arpack_matvec,central_difference,1.0,0.02037337577546412,0.2369720338431753,63245345.92877265,336.4263117679265,336.4647244768818,336.42864581052214,336.46705851947746,2,sparse_direct,not_applicable,3.872150616019659e-16,2.6137016658132697e-16,0.0016001000039977953,0.0015621000056853518,0.0,0.0,6.785263587880626e-05,6.78546663961582e-05,5.895128388445405,5.894951979642291,0.00017640880311464713,1.5488602464078636e-16,7.744301232039318e-17,7.744301232039318e-17,True,0.0033934999955818057,0.0,,
110,arpack_matvec,central_difference,1.0,0.02037337577546412,0.21768037244243926,59509528.03514687,336.42792143267576,336.4670585194775,336.42631176792656,336.4654488547282,2,sparse_direct,not_applicable,2.420094135012287e-16,3.097720492815727e-16,0.0015703999961260706,0.001618499998585321,0.0,0.0,6.78532093416496e-05,6.785411087257572e-05,5.895078565642324,5.895000241785883,7.832385644057638e-05,0.0,7.744301232039318e-17,7.744301232039318e-17,True,0.0034076000010827556,0.0,,
111,arpack_matvec,central_difference,1.0,0.02037337577546412,0.22757138844199215,54669359.578438915,336.42631176792656,336.4637939140172,336.4295763733868,336.4670585194775,2,sparse_direct,not_applicable,3.872150616019659e-16,3.097720492815727e-16,0.0015648000116925687,0.0015469000063603744,0.0,0.0,6.785360613040643e-05,6.785371986126546e-05,5.895044092885032,5.89503421209397,9.880791061789296e-06,7.744301232039318e-17,0.0,7.744301232039318e-17,True,0.0033292000007349998,0.0,,
112,arpack_matvec,central_difference,1.0,0.02037337577546412,0.2467214272513614,57366412.76581257,336.42631176792656,336.46251580553303,336.43085448187105,336.4670585194775,2,sparse_direct,not_applicable,3.097720492815727e-16,3.872150616019659e-16,0.0018363999988650903,0.0016687000024830922,0.0,0.015625,6.785430710150998e-05,6.78530070210968e-05,5.894983193942285,5.895096143279727,0.00011294933744210311,1.5488602464078636e-16,0.0,1.5488602464078636e-16,True,0.0037831999943591654,0.015625,,
113,arpack_matvec,central_difference,1.0,0.02037337577546412,0.2369856268336102,63186278.82941813,336.4263117679265,336.463421150043,336.42994913736095,336.46705851947746,2,sparse_direct,not_applicable,4.64658073922359e-16,4.64658073922359e-16,0.001994799997191876,0.0016715999954612926,0.0,0.0,6.78544760860418e-05,6.785282545269319e-05,5.8949685130983305,5.895111918056809,0.00014340495847875445,7.744301232039318e-17,7.744301232039318e-17,0.0,True,0.003909199993358925,0.0,,
114,arpack_matvec,central_difference,1.0,0.02037337577546412,0.2639392860178941,66455535.98882612,336.42797839894513,336.4670585194775,336.42631176792656,336.46539188845895,2,sparse_direct,not_applicable,3.872150616019659e-16,3.872150616019659e-16,0.001582800003234297,0.001552099987748079,0.0,0.0,6.785467126012678e-05,6.785260610071176e-05,5.894951557079471,5.895130975607495,0.00017941852802394465,3.097720492815727e-16,0.0,3.097720492815727e-16,True,0.0033592999971006066,0.0,,
115,arpack_matvec,central_difference,1.0,0.02037337577546412,0.22932532255574323,63815156.38844112,336.42731854212707,336.46705851947746,336.4263117679265,336.4660517452769,2,sparse_direct,not_applicable,3.097720492815727e-16,3.097720492815727e-16,0.001563700003316626,0.0015534999984083697,0.0,0.0,6.785484542023549e-05,6.785242785231215e-05,5.894936426761251,5.895146462122793,0.00021003536154218239,1.5488602464078636e-16,7.744301232039318e-17,7.744301232039318e-17,True,0.003336399997351691,0.0,,
116,arpack_matvec,central_difference,1.0,0.02037337577546412,0.22426329414157747,60083743.28052273,336.42631176792656,336.4667879968538,336.4265822905503,336.4670585194775,2,sparse_direct,not_applicable,3.097720492815727e-16,5.421010862427522e-16,0.0016150000010384247,0.0016306999896187335,0.0,0.0,6.78546002386394e-05,6.785271104623426e-05,5.89495772715823,5.89512185780526,0.0001641306470299142,7.744301232039318e-17,7.744301232039318e-17,0.0,True,0.003464599998551421,0.0,,
117,arpack_matvec,central_difference,1.0,0.02037337577546412,0.267485277106789,82332428.03363712,336.4299405866118,336.4670585194775,336.42631176792656,336.4634297007923,2,sparse_direct,not_applicable,2.323290369611795e-16,3.872150616019659e-16,0.0015764999989187345,0.0015933999966364354,0.015625,0.0,6.785415600986597e-05,6.785309613815079e-05,5.894996320370415,5.895088400764925,9.208039450925298e-05,7.744301232039318e-17,2.323290369611795e-16,3.097720492815727e-16,True,0.0033897999965120107,0.015625,,
118,arpack_matvec,central_difference,1.0,0.02037337577546412,0.2171846475918899,47030036.32493256,336.42826224484355,336.4670585194775,336.42631176792656,336.4651080425604,2,sparse_direct,not_applicable,2.323290369611795e-16,3.1945242582162186e-16,0.0015987000078894198,0.0015884000022197142,0.0,0.0,6.78539764929366e-05,6.785333888353417e-05,5.895011916385458,5.895067311080652,5.5394695193555776e-05,7.744301232039318e-17,0.0,7.744301232039318e-17,True,0.0034505999938119203,0.0,,
119,arpack_matvec,central_difference,1.0,0.02037337577546412,0.21092885252402346,60266307.46518773,336.42631176792656,336.46691244379326,336.4264578436108,336.4670585194775,2,sparse_direct,not_applicable,3.097720492815727e-16,3.872150616019659e-16,0.0016203999985009432,0.0015447000041604042,0.0,0.0,6.78536331793679e-05,6.785363167282894e-05,5.895041742902975,5.895041873789263,1.308862884741302e-07,0.0,7.744301232039318e-17,7.744301232039318e-17,True,0.003389599994989112,0.0,,
120,arpack_matvec,central_difference,1.0,0.02037337577546412,0.2008265091941706,56181192.29613883,336.42645099090186,336.4670585194775,336.42631176792656,336.4669192965021,2,sparse_direct,not_applicable,3.097720492815727e-16,3.29132802361671e-16,0.001561299999593757,0.0015811000048415735,0.0,0.0,6.785365913583401e-05,6.78536565793848e-05,5.895039487837394,5.8950397099384535,2.221010593217443e-07,7.744301232039318e-17,7.744301232039318e-17,1.5488602464078636e-16,True,0.0033617000008234754,0.0,,
121,arpack_matvec,central_difference,1.0,0.02037337577546412,0.2460895431763141,70956137.68583189,336.43236445724426,336.46705851947746,336.4263117679265,336.4610058301598,2,sparse_direct,not_applicable,2.323290369611795e-16,3.872150616019659e-16,0.001735099998768419,0.0016185999993467703,0.0,0.015625,6.785363508038016e-05,6.785363366687836e-05,5.895041577745328,5.895041700548655,1.2280332661873672e-07,2.323290369611795e-16,0.0,2.323290369611795e-16,True,0.00360250000085216,0.015625,,
122,arpack_matvec,central_difference,1.0,0.02037337577546412,0.27689827290167685,67061776.02356117,336.4303777282244,336.4670585194775,336.42631176792656,336.46299255917967,2,sparse_direct,not_applicable,2.323290369611795e-16,4.64658073922359e-16,0.0017145000019809231,0.0018058999994536862,0.0,0.0,6.785365522566285e-05,6.785365414421251e-05,5.895039827548104,5.895039921503144,9.395503930420546e-08,7.744301232039318e-17,0.0,7.744301232039318e-17,True,0.003769599992665462,0.0,,
123,arpack_matvec,central_difference,1.0,0.02037337577546412,0.2791928231527704,63098361.54986459,336.4311155886267,336.46705851947746,336.4263117679265,336.4622546987774,2,sparse_direct,not_applicable,3.097720492815727e-16,3.097720492815727e-16,0.0020022999960929155,0.0016870000108610839,0.0,0.0,6.785363681802708e-05,6.785363657616933e-05,5.895041426780674,5.895041447792981,2.1012307449552736e-08,3.097720492815727e-16,0.0,3.097720492815727e-16,True,0.0039736000035190955,0.0,,
124,arpack_matvec,central_difference,1.0,0.02037337577546412,0.3112316573554339,62933603.49140254,336.4335309777121,336.4670585194775,336.42631176792656,336.45983930969186,2,sparse_direct,not_applicable,4.64658073922359e-16,4.549776973823099e-16,0.0014936999941710383,0.0014902000111760572,0.0,0.0,6.78536386958286e-05,6.785363893010017e-05,5.895041263639567,5.895041243286339,2.035322843596532e-08,7.744301232039318e-17,7.744301232039318e-17,1.5488602464078636e-16,True,0.003192999996826984,0.0,,
125,arpack_matvec,central_difference,1.0,0.02037337577546412,0.2324905796684049,74552363.42496306,336.42631176792656,336.4648736388514,336.4284966485527,336.4670585194775,2,sparse_direct,not_applicable,2.323290369611795e-16,3.678543085218676e-16,0.0017608999914955348,0.0016757999983383343,0.0,0.015625,6.785363460162269e-05,6.785363614172414e-05,5.895041619339198,5.895041485537051,1.338021462515826e-07,7.744301232039318e-17,0.0,7.744301232039318e-17,True,0.0036696000024676323,0.015625,,
126,arpack_matvec,central_difference,1.0,0.02037337577546412,0.22963797702395186,52996961.81474696,336.4263117679265,336.4629851742375,336.4303851131666,336.46705851947746,2,sparse_direct,not_applicable,3.872150616019659e-16,3.097720492815727e-16,0.0016187000001082197,0.0015751999890198931,0.0,0.0,6.785366271328249e-05,6.785366507769837e-05,5.895039177033243,5.895038971615831,2.0541741196922203e-07,7.744301232039318e-17,7.744301232039318e-17,0.0,True,0.0034279000101378188,0.0,,
127,arpack_matvec,central_difference,1.0,0.02037337577546412,0.23925000060343465,80990717.46083155,336.4277737511227,336.4670585194775,336.42631176792656,336.4655965362813,2,sparse_direct,not_applicable,5.421010862427522e-16,3.872150616019659e-16,0.0016241999983321875,0.001655700005358085,0.0,0.0,6.785365491772757e-05,6.785365622901459e-05,5.895039854301132,5.8950397403781745,1.1392295728995805e-07,3.097720492815727e-16,7.744301232039318e-17,3.872150616019659e-16,True,0.00352549999661278,0.0,,
128,arpack_matvec,central_difference,1.0,0.02037337577546412,0.23144762132828164,67956307.25834334,336.42631176792656,336.4662219007739,336.42714838663017,336.4670585194775,2,sparse_direct,not_applicable,3.097720492815727e-16,3.872150616019659e-16,0.0016214999923249707,0.0015838000108487904,0.0,0.0,6.785366946949911e-05,6.785367020669457e-05,5.895038590061867,5.895038526015285,6.404658225989124e-08,1.5488602464078636e-16,2.323290369611795e-16,7.744301232039318e-17,True,0.0034488000092096627,0.0,,
129,arpack_matvec,central_difference,1.0,0.02037337577546412,0.2348272542614698,73352248.34495443,336.4291866739498,336.4670585194775,336.42631176792656,336.4641836134543,2,sparse_direct,not_applicable,3.872150616019659e-16,3.097720492815727e-16,0.002228500001365319,0.0016653999919071794,0.0,0.0,6.785364714891034e-05,6.78536462748426e-05,5.8950405292462404,5.8950406051841595,7.593791906401748e-08,7.744301232039318e-17,7.744301232039318e-17,0.0,True,0.004275300001609139,0.0,,
130,arpack_matvec,central_difference,1.0,0.02037337577546412,0.23769872976073766,65642539.677118786,336.42888358954116,336.46705851947746,336.4263117679265,336.4644866978629,2,sparse_direct,not_applicable,3.872150616019659e-16,3.872150616019659e-16,0.00241650000680238,0.0021828999888384715,0.0,0.015625,6.785364884099347e-05,6.78536470207995e-05,5.895040382240165,5.89504054037635,1.5813618503557336e-07,7.744301232039318e-17,7.744301232039318e-17,1.5488602464078636e-16,True,0.004890299998805858,0.015625,,
131,arpack_matvec,central_difference,1.0,0.02037337577546412,0.3068983438038905,82393300.27441144,336.43287233695077,336.46705851947746,336.4263117679265,336.4604979504532,2,sparse_direct,not_applicable,3.097720492815727e-16,2.8073091966142525e-16,0.0034205000119982287,0.002191099993069656,0.0,0.0,6.785363781087333e-05,6.785363551056126e-05,5.895041340523401,5.895041540371715,1.99848314785811e-07,7.744301232039318e-17,7.744301232039318e-17,0.0,True,0.005981000009342097,0.0,,
132,arpack_matvec,central_difference,1.0,0.02037337577546412,0.2973681496730681,85168888.51141831,336.43231241686914,336.46705851947746,336.4263117679265,336.46105787053494,2,sparse_direct,not_applicable,3.7753468506191674e-16,4.64658073922359e-16,0.0020010999869555235,0.0016886999947018921,0.0,0.0,6.785363551316884e-05,6.7853633576563e-05,5.895041540145173,5.895041708395143,1.6824997040032486e-07,7.744301232039318e-17,1.5488602464078636e-16,7.744301232039318e-17,True,0.00398249999852851,0.0,,
133,arpack_matvec,central_difference,1.0,0.02037337577546412,0.21509229764582258,69855171.01435907,336.42631176792656,336.4657929980912,336.42757728931275,336.4670585194775,2,sparse_direct,not_applicable,3.872150616019659e-16,3.872150616019659e-16,0.0016026000084821135,0.0017078000091714785,0.0,0.015625,6.785366099390221e-05,6.785365889545822e-05,5.895039326410799,5.895039508720937,1.8231013765301896e-07,0.0,0.0,0.0,True,0.0035433000011835247,0.015625,,
134,arpack_matvec,central_difference,1.0,0.02037337577546412,0.22778396333779133,62093829.80271775,336.42631176792656,336.464135120293,336.42923516711096,336.4670585194775,2,sparse_direct,not_applicable,5.421010862427522e-16,3.29132802361671e-16,0.0015706000122008845,0.0015854999946895987,0.0,0.0,6.785365138909098e-05,6.785364990586432e-05,5.895040160864639,5.8950402897255145,1.28860875747705e-07,1.5488602464078636e-16,2.323290369611795e-16,3.872150616019659e-16,True,0.0033786999993026257,0.0,,
135,arpack_matvec,central_difference,1.0,0.02037337577546412,0.23184069200937527,60277217.033422135,336.42760362493556,336.4670585194775,336.42631176792656,336.4657666624685,2,sparse_direct,not_applicable,3.872150616019659e-16,3.097720492815727e-16,0.0015672000008635223,0.0015722999960416928,0.0,0.0,6.785367239869765e-05,6.785367266950567e-05,5.895038335576918,5.895038312049471,2.3527446657567452e-08,7.744301232039318e-17,1.5488602464078636e-16,7.744301232039318e-17,True,0.0033613999985391274,0.0,,
136,arpack_matvec,central_difference,1.0,0.02037337577546412,0.24547299689360227,82232009.52234687,336.4304303944669,336.4670585194775,336.42631176792656,336.4629398929371,2,sparse_direct,not_applicable,5.421010862427522e-16,3.097720492815727e-16,0.0015973999979905784,0.0019807000062428415,0.0,0.0,6.785364624596966e-05,6.785364718016661e-05,5.8950406076926045,5.8950405265307335,8.116187100171146e-08,0.0,7.744301232039318e-17,7.744301232039318e-17,True,0.0039031000051181763,0.0,,
137,arpack_matvec,central_difference,1.0,0.02037337577546412,0.2180408474160312,59787570.609434426,336.42772992761536,336.46705851947746,336.4263117679265,336.4656403597887,2,sparse_direct,not_applicable,3.872150616019659e-16,3.097720492815727e-16,0.0017678000003797933,0.0023886999988462776,0.0,0.0,6.785367823037443e-05,6.785368077832743e-05,5.895037828928508,5.895037607565729,2.2136277966211537e-07,1.5488602464078636e-16,0.0,1.5488602464078636e-16,True,0.0044199999974807724,0.0,,
138,arpack_matvec,central_difference,1.0,0.02037337577546412,0.22149772946199775,72748262.94893602,336.4263117679265,336.4653313443083,336.42803894309566,336.46705851947746,2,sparse_direct,not_applicable,3.872150616019659e-16,2.904112962014744e-16,0.0017042999970726669,0.0015724999975645915,0.015625,0.0,6.785363056521319e-05,6.785363234161379e-05,5.895041970017588,5.8950418156860405,1.543315475416307e-07,7.744301232039318e-17,7.744301232039318e-17,0.0,True,0.0035180999984731898,0.015625,,
139,arpack_matvec,central_difference,1.0,0.02037337577546412,0.2407455194106558,69222209.29828143,336.43007578478347,336.4670585194775,336.42631176792656,336.4632945026206,2,sparse_direct,not_applicable,3.872150616019659e-16,3.097720492815727e-16,0.001567100000102073,0.0015605999942636117,0.0,0.0,6.785364590143771e-05,6.785364763874496e-05,5.895040637625113,5.895040486690017,1.5093509642127856e-07,7.744301232039318e-17,1.5488602464078636e-16,7.744301232039318e-17,True,0.00335359999735374,0.0,,
140,arpack_matvec,central_difference,1.0,0.02037337577546412,0.24205939087050776,89896041.15724681,336.4285384877518,336.46705851947746,336.4263117679265,336.4648317996523,2,sparse_direct,not_applicable,3.097720492815727e-16,2.904112962014744e-16,0.0015038999990792945,0.0014513000060105696,0.0,0.0,6.785363091474631e-05,6.785363206680954e-05,5.895041939650571,5.895041839560704,1.00089867061115e-07,7.744301232039318e-17,1.5488602464078636e-16,7.744301232039318e-17,True,0.0031556000030832365,0.0,,
141,arpack_matvec,central_difference,1.0,0.02037337577546412,0.30012514496148335,94159899.08077203,336.43294299029475,336.4670585194775,336.42631176792656,336.46042729710933,2,sparse_direct,not_applicable,3.1945242582162186e-16,3.097720492815727e-16,0.0016580999945290387,0.0016710000054445118,0.0,0.0,6.785364087681569e-05,6.7853640763882e-05,5.895041074158078,5.895041083969618,9.81154002488438e-09,1.5488602464078636e-16,7.744301232039318e-17,2.323290369611795e-16,True,0.0035752999974647537,0.0,,
142,arpack_matvec,central_difference,1.0,0.02037337577546412,0.2830861790611327,90757082.21243131,336.43178892581807,336.4670585194775,336.42631176792656,336.4615813615859,2,sparse_direct,not_applicable,2.5652997831130237e-16,3.872150616019659e-16,0.0027646999951684847,0.002461399999447167,0.0,0.015625,6.7853634292301e-05,6.785363363828197e-05,5.895041646212691,5.895041703033074,5.682038306531467e-08,1.5488602464078636e-16,7.744301232039318e-17,7.744301232039318e-17,True,0.005531399991014041,0.015625,,
143,arpack_matvec,central_difference,1.0,0.02037337577546412,0.20591347111428412,66894495.1906643,336.42655920085514,336.4670585194775,336.42631176792656,336.46681108654883,2,sparse_direct,not_applicable,3.872150616019659e-16,4.2593656776216244e-16,0.0015501000016229227,0.001587100006872788,0.0,0.0,6.785364792009758e-05,6.785364583427938e-05,5.895040462246452,5.895040643459746,1.8121329414810816e-07,0.0,7.744301232039318e-17,7.744301232039318e-17,True,0.003405900002690032,0.0,,
144,arpack_matvec,central_difference,1.0,0.02037337577546412,0.22446915189108296,84844009.7270548,336.4283298111946,336.4670585194775,336.42631176792656,336.4650404762095,2,sparse_direct,not_applicable,3.097720492815727e-16,2.323290369611795e-16,0.0016024000069592148,0.0015946999919833615,0.0,0.0,6.785362901509758e-05,6.78536272239083e-05,5.895042104689775,5.895042260306161,1.5561638555539048e-07,1.5488602464078636e-16,7.744301232039318e-17,2.323290369611795e-16,True,0.0034229000011691824,0.0,,
145,arpack_matvec,central_difference,1.0,0.02037337577546412,0.24748992968110076,76664058.40228406,336.4263117679265,336.4659203769663,336.42744991043776,336.46705851947746,2,sparse_direct,not_applicable,3.4849355544176928e-16,3.097720492815727e-16,0.001861199998529628,0.0020665000047301874,0.0,0.0,6.785364885227515e-05,6.785364780289661e-05,5.895040381260026,5.895040472428725,9.11686992566274e-08,0.0,0.0,0.0,True,0.004212800005916506,0.0,,
146,arpack_matvec,central_difference,1.0,0.02037337577546412,0.25298636778477673,70241369.14275049,336.42631176792656,336.46380174865857,336.4295685387455,336.4670585194775,2,sparse_direct,not_applicable,3.872150616019659e-16,5.421010862427522e-16,0.0017463000112911686,0.0016640999965602532,0.015625,0.0,6.785364440009766e-05,6.785364382182974e-05,5.895040768059679,5.895040818298881,5.023920213176325e-08,7.744301232039318e-17,7.744301232039318e-17,0.0,True,0.0036656000011134893,0.015625,,
147,arpack_matvec,central_difference,1.0,0.02037337577546412,0.21437292124677768,58698512.10851057,336.42819678736174,336.4670585194775,336.42631176792656,336.4651735000422,2,sparse_direct,not_applicable,2.4684960177125323e-16,4.64658073922359e-16,0.0016415999998571351,0.0018048000056296587,0.0,0.0,6.785364957076595e-05,6.785364977397231e-05,5.895040318838442,5.895040301184127,1.7654314454773612e-08,7.744301232039318e-17,1.5488602464078636e-16,2.323290369611795e-16,True,0.0036834999918937683,0.0,,
148,arpack_matvec,central_difference,1.0,0.02037337577546412,0.22772402719191767,65614802.931180574,336.4300630652548,336.4670585194775,336.42631176792656,336.4633072221493,2,sparse_direct,not_applicable,3.872150616019659e-16,3.097720492815727e-16,0.001698100008070469,0.001668600001721643,0.0,0.0,6.785364523477117e-05,6.785364584788596e-05,5.895040695544276,5.895040642277623,5.3266653310402035e-08,0.0,0.0,0.0,True,0.003603000004659407,0.0,,
149,arpack_matvec,central_difference,1.0,0.02037337577546412,0.2225081699182151,70067357.8924486,336.42666987015787,336.4670585194775,336.42631176792656,336.4667004172462,2,sparse_direct,not_applicable,3.097720492815727e-16,2.323290369611795e-16,0.001647099998081103,0.0018930000078398734,0.0,0.0,6.785364885516779e-05,6.785365028840314e-05,5.895040381008718,5.89504025649102,1.245176974862261e-07,1.5488602464078636e-16,1.5488602464078636e-16,3.097720492815727e-16,True,0.0038361000042641535,0.0,,
150,arpack_matvec,central_difference,1.0,0.02037337577546412,0.2572469106622602,70444926.45243275,336.433048954324,336.4670585194775,336.42631176792656,336.46032133308006,2,sparse_direct,not_applicable,3.872150616019659e-16,5.421010862427522e-16,0.0024176000006264076,0.00214679999044165,0.015625,0.0,6.785365368546897e-05,6.785365521214707e-05,5.895039961358205,5.895039828722338,1.326358676223549e-07,7.744301232039318e-17,7.744301232039318e-17,1.5488602464078636e-16,True,0.0049014000105671585,0.015625,,
151,arpack_matvec,central_difference,1.0,0.02037337577546412,0.21633774481206958,62247863.57845728,336.42691787863646,336.4670585194775,336.42631176792656,336.4664524087676,2,sparse_direct,not_applicable,2.323290369611795e-16,3.097720492815727e-16,0.0021314000041456893,0.0021548999939113855,0.0,0.0,6.785365088246654e-05,6.785365187427807e-05,5.895040204879535,5.895040118712193,8.616734259447867e-08,0.0,0.0,0.0,True,0.0046470000088447705,0.0,,
152,arpack_matvec,central_difference,1.0,0.02037337577546412,0.22935626703541348,54787763.7935939,336.42631176792656,336.465173834062,336.4281964533421,336.4670585194775,2,sparse_direct,not_applicable,4.64658073922359e-16,2.904112962014744e-16,0.0021705999970436096,0.0015896999975666404,0.0,0.0,6.785365993169583e-05,6.785366042472362e-05,5.895039418693933,5.895039375860308,4.283362553536563e-08,7.744301232039318e-17,2.323290369611795e-16,1.5488602464078636e-16,True,0.004014900012407452,0.0,,
153,arpack_matvec,central_difference,1.0,0.02037337577546412,0.24240728926646005,54121928.17904719,336.43075229150566,336.4670585194775,336.42631176792656,336.4626179958983,2,sparse_direct,not_applicable,3.097720492815727e-16,6.9698711088353855e-16,0.001983099995413795,0.001784299995051697,0.0,0.015625,6.785365012648474e-05,6.785364957031768e-05,5.895040270558288,5.895040318877387,4.831909983238347e-08,0.0,2.323290369611795e-16,2.323290369611795e-16,True,0.004028800001833588,0.015625,,
154,arpack_matvec,central_difference,1.0,0.02037337577546412,0.2300391164343692,63426567.592941515,336.4338488088856,336.4670585194775,336.42631176792656,336.45952147851847,2,sparse_direct,not_applicable,3.581739319818184e-16,3.872150616019659e-16,0.0016601999959675595,0.0016044999938458204,0.0,0.0,6.785364457651273e-05,6.785364360690845e-05,5.895040752732955,5.895040836970978,8.423802277945924e-08,2.323290369611795e-16,7.744301232039318e-17,1.5488602464078636e-16,True,0.0035004000092158094,0.0,,
155,arpack_matvec,central_difference,1.0,0.02037337577546412,0.30765275691639654,80779639.70440754,336.43371622805904,336.46705851947746,336.4263117679265,336.45965405934504,2,sparse_direct,not_applicable,3.872150616019659e-16,5.130599566226047e-16,0.001595699999597855,0.0015740000089863315,0.0,0.0,6.785363166302393e-05,6.78536300233356e-05,5.895041874641111,5.895042017095263,1.424541524741585e-07,1.5488602464078636e-16,2.323290369611795e-16,7.744301232039318e-17,True,0.003396900006919168,0.0,,
156,arpack_matvec,central_difference,1.0,0.02037337577546412,0.27608055731689723,69097128.00720415,336.4319970793969,336.46705851947746,336.4263117679265,336.46137320800716,2,sparse_direct,not_applicable,3.097720492815727e-16,2.323290369611795e-16,0.001580699987243861,0.0015691000007791445,0.0,0.0,6.785363616028582e-05,6.785363406991891e-05,5.895041483924436,5.895041665532978,1.8160854242665891e-07,0.0,0.0,0.0,True,0.0033684999943943694,0.0,,
157,arpack_matvec,central_difference,1.0,0.02037337577546412,0.21335425495299337,58607599.10940585,336.42774136342194,336.4670585194775,336.42631176792656,336.465628923982,2,sparse_direct,not_applicable,3.872150616019659e-16,2.710505431213761e-16,0.0015512999962083995,0.0017191000079037622,0.0,0.0,6.785364942699074e-05,6.785364742578679e-05,5.895040331329453,5.895040505191559,1.738621060454193e-07,1.5488602464078636e-16,1.5488602464078636e-16,0.0,True,0.0034958000032929704,0.0,,
158,arpack_matvec,central_difference,1.0,0.02037337577546412,0.21174940156016647,53455581.48510613,336.42631176792656,336.4665197544638,336.4268505329403,336.4670585194775,2,sparse_direct,not_applicable,2.323290369611795e-16,2.371692252312041e-16,0.001707999996142462,0.0016099999920697883,0.0,0.015625,6.785365180419517e-05,6.785365010799034e-05,5.895040124800907,5.895040272165058,1.4736415110405687e-07,0.0,7.744301232039318e-17,7.744301232039318e-17,True,0.003562800004146993,0.015625,,
159,arpack_matvec,central_difference,1.0,0.02037337577546412,0.24191804835325262,62970714.379192814,336.4282581201863,336.4670585194775,336.42631176792656,336.4651121672177,2,sparse_direct,not_applicable,5.421010862427522e-16,3.872150616019659e-16,0.0015763999981572852,0.0015894000098342076,0.0,0.0,6.785365067971635e-05,6.78536496094864e-05,5.8950402224942176,5.895040315474457,9.298023950776724e-08,1.5488602464078636e-16,7.744301232039318e-17,7.744301232039318e-17,True,0.0033904000010807067,0.0,,
160,arpack_matvec,central_difference,1.0,0.02037337577546412,0.223896687014821,72008624.44219047,336.42798765750416,336.4670585194775,336.42631176792656,336.4653826298999,2,sparse_direct,not_applicable,3.097720492815727e-16,5.421010862427522e-16,0.0015829000039957464,0.00157049999688752,0.0,0.0,6.785363878847482e-05,6.785363814618741e-05,5.895041255590576,5.895041311391722,5.5801145926182016e-08,0.0,0.0,0.0,True,0.0033736999903339893,0.0,,
161,arpack_matvec,central_difference,1.0,0.02037337577546412,0.2656378218280346,66023655.78308601,336.42631176792656,336.4607130403385,336.4326572470656,336.4670585194775,2,sparse_direct,not_applicable,3.097720492815727e-16,3.097720492815727e-16,0.0015776999935042113,0.0019513000006554648,0.0,0.0,6.785363617783546e-05,6.785363624115155e-05,5.895041482399744,5.8950414768989186,5.500825572823942e-09,1.5488602464078636e-16,2.323290369611795e-16,3.872150616019659e-16,True,0.0037672000034945086,0.0,,
162,arpack_matvec,central_difference,1.0,0.02037337577546412,0.23453477462487612,59555817.80904996,336.4263117679265,336.4651059580853,336.4282643293188,336.46705851947746,2,sparse_direct,not_applicable,3.097720492815727e-16,3.872150616019659e-16,0.002079300000332296,0.0021766999998362735,0.015625,0.0,6.785364319351867e-05,6.785364360688178e-05,5.8950408728857715,5.895040836973295,3.591247654810559e-08,0.0,7.744301232039318e-17,7.744301232039318e-17,True,0.004555000006803311,0.015625,,
163,arpack_matvec,central_difference,1.0,0.02037337577546412,0.2677837729717874,77670199.96419755,336.4266349729704,336.4670585194775,336.42631176792656,336.46673531443355,2,sparse_direct,not_applicable,2.323290369611795e-16,2.323290369611795e-16,0.002316800004336983,0.0016909999976633117,0.0,0.0,6.785363699121095e-05,6.785363808393405e-05,5.89504141173467,5.895041316800218,9.49344522993556e-08,7.744301232039318e-17,7.744301232039318e-17,1.5488602464078636e-16,True,0.004369400005089119,0.0,,
164,arpack_matvec,central_difference,1.0,0.02037337577546412,0.2743751430234611,75163562.76058258,336.42631176792656,336.463995980399,336.4293743070051,336.4670585194775,2,sparse_direct,not_applicable,4.64658073922359e-16,4.64658073922359e-16,0.0016005999932531267,0.0015676000039093196,0.0,0.0,6.785364258863106e-05,6.785364402288151e-05,5.895040925437662,5.895040800831752,1.246059104786923e-07,7.744301232039318e-17,7.744301232039318e-17,1.5488602464078636e-16,True,0.0033933000086108223,0.0,,
165,arpack_matvec,central_difference,1.0,0.02037337577546412,0.20676851496222262,55188453.59719934,336.42873166323756,336.4670585194775,336.42631176792656,336.4646386241665,2,sparse_direct,not_applicable,4.64658073922359e-16,3.872150616019659e-16,0.0015596000012010336,0.002872100012609735,0.0,0.0,6.78536679121049e-05,6.785366967057677e-05,5.895038725366255,5.895038572592502,1.5277375275957183e-07,7.744301232039318e-17,2.323290369611795e-16,1.5488602464078636e-16,True,0.004666199994971976,0.0,,
166,arpack_matvec,central_difference,1.0,0.02037337577546412,0.20389631416614046,71480778.73618227,336.42696867008397,336.4670585194775,336.42631176792656,336.4664016173201,2,sparse_direct,not_applicable,5.421010862427522e-16,3.097720492815727e-16,0.002082999999402091,0.0018049999926006421,0.0,0.0,6.785365540785322e-05,6.785365686565906e-05,5.895039811719634,5.895039685067308,1.2665232596020815e-07,7.744301232039318e-17,2.323290369611795e-16,1.5488602464078636e-16,True,0.004208199999993667,0.0,,
167,arpack_matvec,central_difference,1.0,0.02037337577546412,0.18972301237026015,62743035.63465607,336.42631176792656,336.46282954546825,336.43054074193583,336.4670585194775,2,sparse_direct,not_applicable,3.097720492815727e-16,5.421010862427522e-16,0.001654799998505041,0.0016508999979123473,0.0,0.0,6.78536921174499e-05,6.785369415249335e-05,5.895036622438003,5.8950364456361966,1.7680180608437013e-07,7.744301232039318e-17,7.744301232039318e-17,1.5488602464078636e-16,True,0.003548599997884594,0.0,,
168,arpack_matvec,central_difference,1.0,0.02037337577546412,0.1989290700406236,60112016.99461634,336.42975439429176,336.4670585194775,336.42631176792656,336.4636158931122,2,sparse_direct,not_applicable,3.872150616019659e-16,3.872150616019659e-16,0.0017229000077350065,0.001709500007564202,0.0,0.0,6.78537015853237e-05,6.785370266895529e-05,5.895035799882101,5.895035705737687,9.414441404231866e-08,0.0,7.744301232039318e-17,7.744301232039318e-17,True,0.00368180000805296,0.0,,
169,arpack_matvec,central_difference,1.0,0.02037337577546412,0.2243315206799635,55618843.84777514,336.4275331903789,336.4670585194775,336.42631176792656,336.4658370970251,2,sparse_direct,not_applicable,5.421010862427522e-16,2.323290369611795e-16,0.0019150000007357448,0.001712900004349649,0.0,0.0,6.785365893009286e-05,6.785365882065111e-05,5.895039505711923,5.895039515220082,9.50815959299689e-09,0.0,0.0,0.0,True,0.00388179998844862,0.0,,
170,arpack_matvec,central_difference,1.0,0.02037337577546412,0.3004306506415616,74615448.33442985,336.4263117679265,336.46133202312785,336.43203826427623,336.46705851947746,2,sparse_direct,not_applicable,3.872150616019659e-16,3.097720492815727e-16,0.0023862999951234087,0.002242100003059022,0.015625,0.0,6.7853627538763e-05,6.785362584146545e-05,5.89504223295196,5.895042380411151,1.4745919063585688e-07,2.323290369611795e-16,1.5488602464078636e-16,3.872150616019659e-16,True,0.0051097000105073676,0.015625,,
171,arpack_matvec,central_difference,1.0,0.02037337577546412,0.249464642588442,62990011.552727945,336.42631176792656,336.46277477856836,336.4305955088357,336.4670585194775,2,sparse_direct,not_applicable,2.710505431213761e-16,5.421010862427522e-16,0.0017007999995257705,0.0016248000029008836,0.0,0.0,6.785362758124078e-05,6.785362503126997e-05,5.895042229261541,5.895042450799971,2.2153842937910895e-07,1.5488602464078636e-16,0.0,1.5488602464078636e-16,True,0.003574200003640726,0.0,,
172,arpack_matvec,central_difference,1.0,0.02037337577546412,0.23508072233657548,57842931.68871017,336.429065689576,336.4670585194775,336.42631176792656,336.46430459782806,2,sparse_direct,not_applicable,3.872150616019659e-16,3.872150616019659e-16,0.0016140000079758465,0.001604000004590489,0.0,0.0,6.785364129694166e-05,6.785363914760104e-05,5.895041037658049,5.895041224390129,1.8673207957675686e-07,7.744301232039318e-17,7.744301232039318e-17,0.0,True,0.003446700007771142,0.0,,
173,arpack_matvec,central_difference,1.0,0.02037337577546412,0.29255291579842546,66092664.562632255,336.43118627039087,336.4670585194775,336.42631176792656,336.4621840170132,2,sparse_direct,not_applicable,4.64658073922359e-16,5.421010862427522e-16,0.0020303000055719167,0.0017157000111183152,0.0,0.0,6.785364335881775e-05,6.785364154689231e-05,5.8950408585247915,5.895041015942644,1.5741785208689407e-07,2.323290369611795e-16,1.5488602464078636e-16,3.872150616019659e-16,True,0.004009500000393018,0.0,,
174,arpack_matvec,central_difference,1.0,0.02037337577546412,0.2265751422318467,58741905.65278334,336.43022879563887,336.46705851947746,336.4263117679265,336.4631414917651,2,sparse_direct,not_applicable,2.420094135012287e-16,3.872150616019659e-16,0.0018540000019129366,0.0019668000022647902,0.015625,0.0,6.785363784415068e-05,6.78536356745404e-05,5.895041337632305,5.895041526125406,1.8849310112756257e-07,1.5488602464078636e-16,7.744301232039318e-17,7.744301232039318e-17,True,0.004084300002432428,0.015625,,
175,arpack_matvec,central_difference,1.0,0.02037337577546412,0.22755360338076874,53814295.69163945,336.431011448509,336.4670585194775,336.42631176792656,336.46235883889506,2,sparse_direct,not_applicable,3.872150616019659e-16,4.64658073922359e-16,0.001958699998795055,0.002054700002190657,0.0,0.0,6.785365039686957e-05,6.785364814468944e-05,5.895040247067592,5.8950404427341905,1.956665984792494e-07,0.0,0.0,0.0,True,0.004433800000697374,0.0,,
176,arpack_matvec,central_difference,1.0,0.02037337577546412,0.25973427938011107,67904256.59316574,336.4300288480384,336.4670585194775,336.42631176792656,336.4633414393656,2,sparse_direct,not_applicable,3.097720492815727e-16,2.323290369611795e-16,0.0018470000068191439,0.001971699995920062,0.0,0.0,6.785364377818652e-05,6.785364316092833e-05,5.89504082209055,5.895040875717181,5.3626631135728076e-08,1.5488602464078636e-16,0.0,1.5488602464078636e-16,True,0.0041086999990511686,0.0,,
177,arpack_matvec,central_difference,1.0,0.02037337577546412,0.26656085462557844,62624949.97319627,336.43021596742636,336.46705851947746,336.4263117679265,336.4631543199776,2,sparse_direct,not_applicable,3.872150616019659e-16,2.904112962014744e-16,0.0017541999986860901,0.001831399989896454,0.0,0.015625,6.785364309466101e-05,6.785364322982284e-05,5.8950408814744035,5.8950408697317105,1.1742693040162067e-08,7.744301232039318e-17,1.5488602464078636e-16,2.323290369611795e-16,True,0.0038435999886132777,0.015625,,
178,arpack_matvec,central_difference,1.0,0.02037337577546412,0.24399447286392126,70845161.68420869,336.4313468794371,336.46705851947746,336.4263117679265,336.46202340796697,2,sparse_direct,not_applicable,3.097720492815727e-16,4.64658073922359e-16,0.0026537999947322533,0.002598300008685328,0.0,0.0,6.785364741712974e-05,6.78536493014076e-05,5.895040505943672,5.895040342239959,1.6370371280771678e-07,0.0,7.744301232039318e-17,7.744301232039318e-17,True,0.0058613000001059845,0.0,,
179,arpack_matvec,central_difference,1.0,0.02037337577546412,0.2616267566587159,71990601.73688348,336.4302238598739,336.4670585194775,336.42631176792656,336.4631464275301,2,sparse_direct,not_applicable,3.097720492815727e-16,2.323290369611795e-16,0.0025615999911678955,0.0017998999974224716,0.0,0.0,6.785363690817311e-05,6.785363898656054e-05,5.895041418948897,5.895041238381131,1.805677660726701e-07,7.744301232039318e-17,2.323290369611795e-16,1.5488602464078636e-16,True,0.004670599999371916,0.0,,
180,arpack_matvec,central_difference,1.0,0.02037337577546412,0.22479526597355834,61381362.559219405,336.42836601979695,336.46705851947746,336.4263117679265,336.465004267607,2,sparse_direct,not_applicable,5.421010862427522e-16,3.097720492815727e-16,0.002300199994351715,0.001832599999033846,0.0,0.015625,6.785366394925375e-05,6.785366771911426e-05,5.895039069653647,5.895038742133032,3.2752061507324015e-07,7.744301232039318e-17,3.097720492815727e-16,2.323290369611795e-16,True,0.004416800002218224,0.015625,,
181,arpack_matvec,central_difference,1.0,0.02037337577546412,0.2725829222400988,80577833.43283165,336.4317405024372,336.4670585194775,336.42631176792656,336.4616297849669,2,sparse_direct,not_applicable,4.64658073922359e-16,4.64658073922359e-16,0.0018454000091878697,0.002122999998391606,0.0,0.0,6.785363286379773e-05,6.785363526521611e-05,5.895041770319329,5.895041561687005,2.0863232386147956e-07,7.744301232039318e-17,7.744301232039318e-17,0.0,True,0.004272399994079024,0.0,,
182,arpack_matvec,central_difference,1.0,0.02037337577546412,0.2945298813779983,81528223.50039063,336.43486657993856,336.4670585194775,336.42631176792656,336.4585037074655,2,sparse_direct,not_applicable,3.097720492815727e-16,4.64658073922359e-16,0.0019619999948190525,0.0017571999924257398,0.0,0.0,6.785364395550496e-05,6.785364554972414e-05,5.895040806685343,5.895040668181553,1.385037906587172e-07,7.744301232039318e-17,0.0,7.744301232039318e-17,True,0.004024499998195097,0.0,,
183,arpack_matvec,central_difference,1.0,0.02037337577546412,0.28330486468702537,78626915.77390315,336.43504209263216,336.4670585194775,336.42631176792656,336.4583281947719,2,sparse_direct,not_applicable,4.64658073922359e-16,3.097720492815727e-16,0.0016576000052737072,0.0018124000052921474,0.0,0.0,6.785364198123486e-05,6.785364264807307e-05,5.895040978207497,5.895040920273414,5.7934083308452955e-08,7.744301232039318e-17,0.0,7.744301232039318e-17,True,0.00371290001203306,0.0,,
184,arpack_matvec,central_difference,1.0,0.02037337577546412,0.2256692251056201,59313660.26652426,336.42889177253807,336.4670585194775,336.42631176792656,336.464478514866,2,sparse_direct,not_applicable,3.1461223755159726e-16,2.6137016658132697e-16,0.0016832000110298395,0.0019302000000607222,0.0,0.0,6.78536582780055e-05,6.785365546981471e-05,5.895039562364444,5.895039806336499,2.4397205500292785e-07,7.744301232039318e-17,7.744301232039318e-17,1.5488602464078636e-16,True,0.00394550000783056,0.015625,,
185,arpack_matvec,central_difference,1.0,0.02037337577546412,0.2226690775347564,67010605.33058404,336.4284513436458,336.4670585194775,336.42631176792656,336.46491894375816,2,sparse_direct,not_applicable,3.097720492815727e-16,2.5168979004127783e-16,0.0016388000076403841,0.0017659000004641712,0.0,0.0,6.785364644573844e-05,6.785364212929288e-05,5.895040590336941,5.895040965344398,3.7500745708740624e-07,3.097720492815727e-16,7.744301232039318e-17,2.323290369611795e-16,True,0.003652699990198016,0.0,,
186,arpack_matvec,central_difference,1.0,0.02037337577546412,0.19909850557817688,65679307.96386569,336.42631176792656,336.46645257430293,336.42691771310103,336.4670585194775,2,sparse_direct,not_applicable,5.421010862427522e-16,3.872150616019659e-16,0.0019601999956648797,0.0017933999915840104,0.0,0.0,6.785366985261113e-05,6.785366222042754e-05,5.895038556777594,5.895039219851848,6.630742541702261e-07,0.0,7.744301232039318e-17,7.744301232039318e-17,True,0.004023899993626401,0.0,,
187,arpack_matvec,central_difference,1.0,0.02037337577546412,0.23675139980127596,86699282.99225387,336.4273859265702,336.4670585194775,336.42631176792656,336.4659843608339,2,sparse_direct,not_applicable,3.097720492815727e-16,3.872150616019659e-16,0.0017192000086652115,0.002406699990388006,0.0,0.0,6.785363808163227e-05,6.785363313695107e-05,5.895041317000194,5.895041746588097,4.295879030280503e-07,7.744301232039318e-17,1.5488602464078636e-16,2.323290369611795e-16,True,0.004499100003158674,0.0,,
188,arpack_matvec,central_difference,1.0,0.02037337577546412,0.2886175915526474,86167081.8302748,336.4340369240402,336.4670585194775,336.42631176792656,336.4593333633638,2,sparse_direct,not_applicable,3.872150616019659e-16,3.097720492815727e-16,0.002135000002454035,0.0017286999936914071,0.015625,0.0,6.785363584180517e-05,6.785363245043229e-05,5.895041511593647,5.895041806232021,2.946383732549407e-07,1.5488602464078636e-16,0.0,1.5488602464078636e-16,True,0.004224200005410239,0.015625,,
189,arpack_matvec,central_difference,1.0,0.02037337577546412,0.2717663873356657,89189420.49241325,336.43414455470645,336.4670585194775,336.42631176792656,336.45922573269763,2,sparse_direct,not_applicable,5.421010862427522e-16,3.097720492815727e-16,0.001644399992073886,0.0017208000062964857,0.0,0.0,6.785363996983639e-05,6.785363581713228e-05,5.8950411529553275,5.895041513737198,3.6078187015675667e-07,0.0,7.744301232039318e-17,7.744301232039318e-17,True,0.003614100001868792,0.0,,
190,arpack_matvec,central_difference,1.0,0.02037337577546412,0.21221452464298957,72926877.94406247,336.42631176792656,336.4657582114255,336.4276120759786,336.4670585194775,2,sparse_direct,not_applicable,5.421010862427522e-16,3.097720492815727e-16,0.001865599988377653,0.0018548999942140654,0.0,0.0,6.785365425002779e-05,6.785365085931558e-05,5.895039912310047,5.895040206890862,2.94580814852452e-07,1.5488602464078636e-16,7.744301232039318e-17,7.744301232039318e-17,True,0.00400400000216905,0.0,,
191,arpack_matvec,central_difference,1.0,0.02037337577546412,0.2452199228493557,61939852.37713703,336.43075279227793,336.4670585194775,336.42631176792656,336.46261749512604,2,sparse_direct,not_applicable,4.64658073922359e-16,3.872150616019659e-16,0.0023925999994389713,0.0020499000092968345,0.0,0.015625,6.785365269742177e-05,6.78536508844738e-05,5.895040047198502,5.895040204705147,1.5750664505986833e-07,0.0,7.744301232039318e-17,7.744301232039318e-17,True,0.0048463999992236495,0.015625,,
192,arpack_matvec,central_difference,1.0,0.02037337577546412,0.3007280703121842,79401042.52048331,336.43462523460636,336.4670585194775,336.42631176792656,336.4587450527976,2,sparse_direct,not_applicable,2.6137016658132697e-16,3.872150616019659e-16,0.0018075999978464097,0.002165800004149787,0.0,0.0,6.785362966376587e-05,6.785363044153675e-05,5.8950420483342505,5.89504198076245,6.757180059935308e-08,1.5488602464078636e-16,7.744301232039318e-17,7.744301232039318e-17,True,0.004272499994840473,0.0,,
193,arpack_matvec,central_difference,1.0,0.02037337577546412,0.20994832009302242,53457731.04843559,336.4265148909224,336.4670585194775,336.42631176792656,336.46685539648166,2,sparse_direct,not_applicable,3.097720492815727e-16,3.872150616019659e-16,0.0018416999955661595,0.0018270000000484288,0.0,0.0,6.785366460871869e-05,6.785366743165629e-05,5.895039012360182,5.895038767107008,2.4525317421364434e-07,2.323290369611795e-16,1.5488602464078636e-16,3.872150616019659e-16,True,0.004029899995657615,0.0,,
194,arpack_matvec,central_difference,1.0,0.02037337577546412,0.21772173276150744,61307395.02404512,336.4313985159124,336.4670585194775,336.42631176792656,336.4619717714917,2,sparse_direct,not_applicable,2.323290369611795e-16,3.097720492815727e-16,0.0022576000046683475,0.001887099992018193,0.0,0.0,6.785365697212261e-05,6.785366170543692e-05,5.895039675817891,5.895039264593574,4.1122431682083516e-07,7.744301232039318e-17,7.744301232039318e-17,0.0,True,0.004437099996721372,0.0,,
195,arpack_matvec,central_difference,1.0,0.02037337577546412,0.2247862393744193,69090387.5354412,336.4304686429243,336.4670585194775,336.42631176792656,336.46290164447976,2,sparse_direct,not_applicable,4.64658073922359e-16,6.195440985631454e-16,0.0016488999972352758,0.0016278999974019825,0.015625,0.0,6.785365654051126e-05,6.785366111644977e-05,5.895039713315738,5.895039315764024,3.9755171332700456e-07,1.5488602464078636e-16,2.323290369611795e-16,7.744301232039318e-17,True,0.0035223000013502315,0.015625,,
196,arpack_matvec,central_difference,1.0,0.02037337577546412,0.23707953730022013,58800701.32379417,336.4310904131964,336.46705851947746,336.4263117679265,336.4622798742077,2,sparse_direct,not_applicable,3.872150616019659e-16,3.097720492815727e-16,0.0016850999963935465,0.0021386999869719148,0.0,0.0,6.785365707246149e-05,6.785366001805707e-05,5.895039667100575,5.895039411190979,2.559095966248037e-07,0.0,1.5488602464078636e-16,1.5488602464078636e-16,True,0.004076800003531389,0.0,,
197,arpack_matvec,central_difference,1.0,0.02037337577546412,0.29038395496845393,71214409.41252448,336.43160862424827,336.46705851947746,336.4263117679265,336.4617616631557,2,sparse_direct,not_applicable,3.872150616019659e-16,2.323290369611795e-16,0.0016961000073933974,0.0016388000076403841,0.0,0.0,6.785363893795898e-05,6.785364005473114e-05,5.8950412426035745,5.895041145579776,9.702379877296607e-08,1.5488602464078636e-16,0.0,1.5488602464078636e-16,True,0.0036133000103291124,0.0,,
198,arpack_matvec,central_difference,1.0,0.02037337577546412,0.2624870343113223,71380467.19908266,336.4282438543055,336.4670585194775,336.42631176792656,336.4651264330986,2,sparse_direct,not_applicable,3.1945242582162186e-16,3.097720492815727e-16,0.0026520999963395298,0.002029199997195974,0.0,0.0,6.78536387245124e-05,6.785363657300328e-05,5.895041261147553,5.895041448068043,1.8692048975310627e-07,7.744301232039318e-17,7.744301232039318e-17,0.0,True,0.005067499994765967,0.0,,
199,arpack_matvec,central_difference,1.0,0.02037337577546412,0.29586450705235084,77433434.93994732,336.43521441091383,336.4670585194775,336.42631176792656,336.45815587649014,2,sparse_direct,not_applicable,3.097720492815727e-16,5.421010862427522e-16,0.0017909000016516075,0.0018542999896453694,0.015625,0.0,6.785363820774285e-05,6.7853635342862e-05,5.8950413060438605,5.8950415549412245,2.48897364052425e-07,0.0,7.744301232039318e-17,7.744301232039318e-17,True,0.003923500000382774,0.015625,,
200,arpack_matvec,central_difference,1.0,0.02037337577546412,0.2581930568067372,63581242.05258543,336.42645081213385,336.46705851947746,336.4263117679265,336.46691947527023,2,sparse_direct,not_applicable,2.323290369611795e-16,3.872150616019659e-16,0.0019373999966774136,0.001640399990719743,0.0,0.0,6.785364828734507e-05,6.785364258192592e-05,5.895040430340447,5.895040926020197,4.956797505784039e-07,7.744301232039318e-17,2.323290369611795e-16,1.5488602464078636e-16,True,0.0038223000010475516,0.0,,
201,arpack_matvec,central_difference,1.0,0.02037337577546412,0.25528173555728784,59410664.25077195,336.4263117679265,336.46493750988094,336.428432777523,336.46705851947746,2,sparse_direct,not_applicable,2.6137016658132697e-16,3.097720492815727e-16,0.0016132000018842518,0.002363599996897392,0.0,0.0,6.785364432793614e-05,6.785363713581624e-05,5.895040774328982,5.8950413991715385,6.24842556362637e-07,3.097720492815727e-16,3.097720492815727e-16,0.0,True,0.004289000004064292,0.0,,
202,arpack_matvec,central_difference,1.0,0.02037337577546412,0.23213781990369142,53445627.5336348,336.4277226455853,336.4670585194775,336.42631176792656,336.4656476418188,2,sparse_direct,not_applicable,3.872150616019659e-16,3.097720492815727e-16,0.0025602999958209693,0.0028418000001693144,0.015625,0.0,6.785364993767016e-05,6.785364191165685e-05,5.895040286962263,5.895040984252349,6.972900861157427e-07,1.5488602464078636e-16,0.0,1.5488602464078636e-16,True,0.005948899997747503,0.015625,,
203,arpack_matvec,central_difference,1.0,0.02037337577546412,0.2667703777600059,64872473.494241506,336.42631176792656,336.4666026516473,336.4267676357568,336.4670585194775,2,sparse_direct,not_applicable,6.195440985631454e-16,3.872150616019659e-16,0.0016669999895384535,0.001664900002651848,0.0,0.0,6.785363453977655e-05,6.785363040829646e-05,5.895041624712316,5.895041983650326,3.5893800998110237e-07,1.5488602464078636e-16,7.744301232039318e-17,2.323290369611795e-16,True,0.0035859999916283414,0.0,,
204,arpack_matvec,central_difference,1.0,0.02037337577546412,0.2365656805319086,69307708.66016832,336.4280666627031,336.4670585194775,336.42631176792656,336.465303624701,2,sparse_direct,not_applicable,3.097720492815727e-16,3.097720492815727e-16,0.0028753000078722835,0.002275599996210076,0.0,0.0,6.785365686441929e-05,6.785365728785383e-05,5.895039685175019,5.895039648387563,3.678745574831055e-08,7.744301232039318e-17,7.744301232039318e-17,1.5488602464078636e-16,True,0.0055810999911045656,0.0,,
205,arpack_matvec,central_difference,1.0,0.02037337577546412,0.2362002485247519,64050620.84938804,336.42631176792656,336.4651131943962,336.42825709300774,336.4670585194775,2,sparse_direct,not_applicable,4.64658073922359e-16,3.097720492815727e-16,0.0025083999935304746,0.002231599995866418,0.0,0.015625,6.785364851472501e-05,6.785365104210445e-05,5.8950404105859615,5.895040191010393,2.1957556839424797e-07,7.744301232039318e-17,0.0,7.744301232039318e-17,True,0.005117799999425188,0.015625,,
206,arpack_matvec,central_difference,1.0,0.02037337577546412,0.20771604988780842,46144111.60988958,336.4269551679945,336.4670585194775,336.42631176792656,336.4664151194095,2,sparse_direct,not_applicable,2.323290369611795e-16,3.872150616019659e-16,0.0017595000099390745,0.0017772999999579042,0.0,0.0,6.785367608048644e-05,6.785368254670798e-05,5.895038015707939,5.895037453931181,5.617767584453759e-07,7.744301232039318e-17,7.744301232039318e-17,0.0,True,0.0038062000094214454,0.0,,
207,arpack_matvec,central_difference,1.0,0.02037337577546412,0.22711338433082437,68819509.99989958,336.4286767074311,336.4670585194775,336.42631176792656,336.46469357997296,2,sparse_direct,not_applicable,3.097720492815727e-16,2.323290369611795e-16,0.0030315999902086332,0.0018572999979369342,0.0,0.0,6.785363620628462e-05,6.785364028732091e-05,5.895041479928115,5.895041125372662,3.5455545344120765e-07,0.0,2.323290369611795e-16,2.323290369611795e-16,True,0.005185900008655153,0.0,,
208,arpack_matvec,central_difference,1.0,0.02037337577546412,0.22685977781264025,50924862.859168984,336.4287740601307,336.4670585194775,336.42631176792656,336.4645962272734,2,sparse_direct,not_applicable,2.323290369611795e-16,2.8073091966142525e-16,0.00327139999717474,0.0020769999973708764,0.0,0.015625,6.78536782392201e-05,6.785368216360744e-05,5.895037828160007,5.895037487214445,3.409455615610568e-07,2.323290369611795e-16,2.323290369611795e-16,0.0,True,0.0060914000059710816,0.015625,,
209,arpack_matvec,central_difference,1.0,0.02037337577546412,0.2262074908727036,71856492.64930856,336.4272263507896,336.4670585194775,336.42631176792656,336.46614393661434,2,sparse_direct,not_applicable,3.872150616019659e-16,3.097720492815727e-16,0.001879699993878603,0.0017395000031683594,0.0,0.0,6.785363694114017e-05,6.785363897333956e-05,5.895041416084758,5.895041239529753,1.7655500439417438e-07,7.744301232039318e-17,3.097720492815727e-16,3.872150616019659e-16,True,0.003904299999703653,0.0,,
210,arpack_matvec,central_difference,1.0,0.02037337577546412,0.2191358747915029,56643890.18834449,336.43045449452495,336.4670585194775,336.42631176792656,336.46291579287913,2,sparse_direct,not_applicable,3.872150616019659e-16,3.872150616019659e-16,0.0017053999908966944,0.0017477999936090782,0.0,0.0,6.785366452473425e-05,6.785366743363037e-05,5.895039019656641,5.895038766935502,2.5272113912677696e-07,7.744301232039318e-17,0.0,7.744301232039318e-17,True,0.0037032000109320506,0.0,,
211,arpack_matvec,central_difference,1.0,0.02037337577546412,0.2954687723345661,97241255.92724691,336.4311979358639,336.4670585194775,336.42631176792656,336.4621723515402,2,sparse_direct,not_applicable,2.6137016658132697e-16,3.097720492815727e-16,0.001918799986015074,0.0018029999919235706,0.0,0.0,6.785362665892454e-05,6.785362724794026e-05,5.895042309391276,5.895042258218292,5.117298407242288e-08,7.744301232039318e-17,7.744301232039318e-17,0.0,True,0.0039961000002222136,0.0,,
212,arpack_matvec,central_difference,1.0,0.02037337577546412,0.24450858210122692,59083661.49579137,336.42959448344584,336.4670585194775,336.42631176792656,336.46377580395824,2,sparse_direct,not_applicable,3.097720492815727e-16,3.872150616019659e-16,0.002702300000237301,0.0024659000046085566,0.015625,0.0,6.785366792460256e-05,6.785366756325765e-05,5.895038724280474,5.895038755673652,3.1393177835070674e-08,0.0,7.744301232039318e-17,7.744301232039318e-17,True,0.005530799986445345,0.015625,,
213,arpack_matvec,central_difference,1.0,0.02037337577546412,0.20357452361307765,74021277.70749536,336.42631176792656,336.46661226756834,336.42675801983563,336.4670585194775,2,sparse_direct,not_applicable,2.323290369611795e-16,7.744301232039318e-16,0.004123599996091798,0.0018284999969182536,0.0,0.0,6.785363609258377e-05,6.785363451740524e-05,5.895041489806307,5.895041626655908,1.3684960098458987e-07,7.744301232039318e-17,7.744301232039318e-17,0.0,True,0.006347599992295727,0.0,,
214,arpack_matvec,central_difference,1.0,0.02037337577546412,0.21576946355481025,58435775.701598465,336.42650906288867,336.4670585194775,336.42631176792656,336.4668612245154,2,sparse_direct,not_applicable,4.64658073922359e-16,4.64658073922359e-16,0.00307059999613557,0.0019510999991325662,0.0,0.0,6.78536790392267e-05,6.785367666932522e-05,5.895037758656493,5.895037964550402,2.058939090332501e-07,7.744301232039318e-17,7.744301232039318e-17,1.5488602464078636e-16,True,0.005388600009609945,0.0,,
215,arpack_matvec,central_difference,1.0,0.02037337577546412,0.24223900625313968,78607029.99310528,336.42631176792656,336.4647515978164,336.42861868958767,336.4670585194775,2,sparse_direct,not_applicable,3.097720492815727e-16,5.421010862427522e-16,0.0021484000026248395,0.0022207000001799315,0.0,0.0,6.785362792057697e-05,6.785362607775849e-05,5.895042199780417,5.895042359882292,1.601018748687011e-07,7.744301232039318e-17,7.744301232039318e-17,0.0,True,0.004823800001759082,0.015625,,
216,arpack_matvec,central_difference,1.0,0.02037337577546412,0.2231786591915747,57032714.25439462,336.42631176792656,336.4658832404226,336.42748704698147,336.4670585194775,2,sparse_direct,not_applicable,3.1945242582162186e-16,3.097720492815727e-16,0.0021724000107496977,0.0035502000100677833,0.0,0.0,6.785366890538773e-05,6.7853666208809e-05,5.895038639071131,5.895038873346398,2.3427526762986872e-07,7.744301232039318e-17,7.744301232039318e-17,1.5488602464078636e-16,True,0.0061987999943085015,0.0,,
217,arpack_matvec,central_difference,1.0,0.02037337577546412,0.26685606347564245,85879053.19198716,336.4297944327712,336.4670585194775,336.42631176792656,336.4635758546329,2,sparse_direct,not_applicable,2.5168979004127783e-16,3.1945242582162186e-16,0.002340899998671375,0.0017944999999599531,0.0,0.015625,6.785363622495956e-05,6.785363513417005e-05,5.895041478305659,5.895041573072128,9.476646933848087e-08,1.5488602464078636e-16,1.5488602464078636e-16,3.097720492815727e-16,True,0.004609700001310557,0.015625,,
218,arpack_matvec,central_difference,1.0,0.02037337577546412,0.2497891638446103,67915203.88894404,336.4283514832799,336.4670585194775,336.42631176792656,336.46501880412416,2,sparse_direct,not_applicable,3.097720492815727e-16,3.097720492815727e-16,0.0023981999984243885,0.002358900004765019,0.0,0.0,6.785365650116275e-05,6.78536559856051e-05,5.895039716734287,5.8950397615252825,4.479099580123602e-08,7.744301232039318e-17,2.323290369611795e-16,1.5488602464078636e-16,True,0.005129800003487617,0.0,,
219,arpack_matvec,central_difference,1.0,0.02037337577546412,0.2197105253554382,63335316.74552589,336.4263117679265,336.46288616550703,336.43048412189705,336.46705851947746,2,sparse_direct,not_applicable,3.097720492815727e-16,3.097720492815727e-16,0.0018804999999701977,0.001714199999696575,0.0,0.0,6.785362329896197e-05,6.785362419964387e-05,5.8950426013008395,5.895042523050662,7.825017789286903e-08,7.744301232039318e-17,1.5488602464078636e-16,2.323290369611795e-16,True,0.0038795000000391155,0.0,,
220,arpack_matvec,central_difference,1.0,0.02037337577546412,0.23802183851823636,42108653.457543634,336.42631176792656,336.4621898545065,336.4311804328976,336.4670585194775,2,sparse_direct,not_applicable,3.872150616019659e-16,3.097720492815727e-16,0.001967600008356385,0.0018726999987848103,0.0,0.0,6.785364117980114e-05,6.785364285182954e-05,5.895041047835074,5.895040902571303,1.4526377078993846e-07,1.5488602464078636e-16,7.744301232039318e-17,2.323290369611795e-16,True,0.004117799995583482,0.0,,
221,arpack_matvec,central_difference,1.0,0.02037337577546412,0.29350317065289255,88910813.80114229,336.42631176792656,336.46270256024843,336.43066772715554,336.4670585194775,2,sparse_direct,not_applicable,3.872150616019659e-16,3.872150616019659e-16,0.002258699998492375,0.002502300005289726,0.015625,0.0,6.785363062506439e-05,6.785363208894453e-05,5.895041964817788,5.895041837637642,1.271801464142186e-07,7.744301232039318e-17,1.5488602464078636e-16,7.744301232039318e-17,True,0.005115499996463768,0.015625,,
222,arpack_matvec,central_difference,1.0,0.02037337577546412,0.23048384969548788,57867742.425632656,336.427161737662,336.46705851947746,336.4263117679265,336.4662085497421,2,sparse_direct,not_applicable,3.097720492815727e-16,2.323290369611795e-16,0.0027589999954216182,0.022325700003420934,0.0,0.0,6.785367950827035e-05,6.785368233911165e-05,5.895037717906603,5.895037471966874,2.459397290266452e-07,1.5488602464078636e-16,7.744301232039318e-17,7.744301232039318e-17,True,0.028237599995918572,0.0,,
223,arpack_matvec,central_difference,1.0,0.02037337577546412,0.19786420333470411,66323960.46331691,336.42631176792656,336.4654620355525,336.4279082518515,336.4670585194775,2,sparse_direct,not_applicable,3.097720492815727e-16,3.29132802361671e-16,0.0060760000051232055,0.006636399994022213,0.0,0.0,6.785364658999506e-05,6.785365064670167e-05,5.895040577804105,5.895040225362492,3.524416127831387e-07,0.0,7.744301232039318e-17,7.744301232039318e-17,True,0.013573800009908155,0.0,,
224,arpack_matvec,central_difference,1.0,0.02037337577546412,0.20920888929304599,52726060.05021521,336.43181555481647,336.4670585194775,336.42631176792656,336.4615547325876,2,sparse_direct,not_applicable,4.64658073922359e-16,3.1945242582162186e-16,0.014754600008018315,0.0034183999960077927,0.015625,0.015625,6.785365736251928e-05,6.785366137227937e-05,5.895039641900723,5.8950392935378755,3.4836284790173977e-07,7.744301232039318e-17,7.744301232039318e-17,0.0,True,0.0189344000100391,0.03125,,
225,arpack_matvec,central_difference,1.0,0.02037337577546412,0.24291507418978298,73815910.55709492,336.4301625421251,336.4670585194775,336.42631176792656,336.46320774527896,2,sparse_direct,not_applicable,3.097720492815727e-16,2.323290369611795e-16,0.0034387000050628558,0.004155200003879145,0.0,0.0,6.78536391442381e-05,6.785363968226646e-05,5.895041224682298,5.895041177939052,4.6743245718516846e-08,7.744301232039318e-17,0.0,7.744301232039318e-17,True,0.008425599997281097,0.0,,
226,arpack_matvec,central_difference,1.0,0.02037337577546412,0.23644788250187587,66572884.263006516,336.4308462382228,336.4670585194775,336.42631176792656,336.4625240491812,2,sparse_direct,not_applicable,3.097720492815727e-16,3.097720492815727e-16,0.00379139999859035,0.004372499999590218,0.015625,0.0,6.785366845773838e-05,6.785366730241005e-05,5.895038677962326,5.895038778335754,1.0037342779156688e-07,7.744301232039318e-17,0.0,7.744301232039318e-17,True,0.01043039999785833,0.015625,,
227,arpack_matvec,central_difference,1.0,0.02037337577546412,0.24091138796764824,70955752.30341955,336.42631176792656,336.4663040174127,336.42706626999137,336.4670585194775,2,sparse_direct,not_applicable,3.097720492815727e-16,3.097720492815727e-16,0.006930299990926869,0.003103199996985495,0.015625,0.0,6.785364336416126e-05,6.785364002344124e-05,5.895040858060554,5.895041148298204,2.902376499136494e-07,7.744301232039318e-17,1.5488602464078636e-16,7.744301232039318e-17,True,0.01536879999912344,0.015625,,
228,arpack_matvec,central_difference,1.0,0.02037337577546412,0.2462516203010584,52587145.918888785,336.42631176792656,336.46660378276084,336.4267665046431,336.4670585194775,2,sparse_direct,not_applicable,3.097720492815727e-16,3.872150616019659e-16,0.0045402999967336655,0.004012799996417016,0.0,0.015625,6.785366622629566e-05,6.785366140947613e-05,5.89503887182718,5.895039290306269,4.184790896033519e-07,2.323290369611795e-16,3.097720492815727e-16,7.744301232039318e-17,True,0.00947200000518933,0.015625,,
229,arpack_matvec,central_difference,1.0,0.02037337577546412,0.24200563773367806,71419595.76171568,336.4293168392455,336.4670585194775,336.42631176792656,336.4640534481585,2,sparse_direct,not_applicable,3.097720492815727e-16,2.5168979004127783e-16,0.004724600003100932,0.0024628999963169917,0.0,0.0,6.785364380670726e-05,6.785363969003494e-05,5.895040819612704,5.895041177264135,3.5765143113764e-07,7.744301232039318e-17,1.5488602464078636e-16,7.744301232039318e-17,True,0.007808400012436323,0.0,,
230,arpack_matvec,central_difference,1.0,0.02037337577546412,0.23818543381848764,66135966.7428552,336.4303460469112,336.4670585194775,336.42631176792656,336.46302424049287,2,sparse_direct,not_applicable,3.872150616019659e-16,3.872150616019659e-16,0.0022581000084755942,0.0031691000040154904,0.0,0.0,6.785364745758858e-05,6.7853644248748e-05,5.8950405024286585,5.895040781208751,2.7878009234427736e-07,7.744301232039318e-17,1.5488602464078636e-16,7.744301232039318e-17,True,0.0060031000029994175,0.0,,
231,arpack_matvec,central_difference,1.0,0.02037337577546412,0.20965517336351072,75157463.52310099,336.4271796421702,336.4670585194775,336.42631176792656,336.4661906452338,2,sparse_direct,not_applicable,3.097720492815727e-16,6.9698711088353855e-16,0.002425499988021329,0.004076699988218024,0.015625,0.0,6.785365258321387e-05,6.785364856955321e-05,5.895040057120741,5.895040405822556,3.487018149783694e-07,0.0,1.5488602464078636e-16,1.5488602464078636e-16,True,0.007134400002541952,0.015625,,
232,arpack_matvec,central_difference,1.0,0.02037337577546412,0.2539989249912002,72747496.0927927,336.4315751454754,336.4670585194775,336.42631176792656,336.4617951419286,2,sparse_direct,not_applicable,3.3881317890172014e-16,2.323290369611795e-16,0.01643839999451302,0.00539750000461936,0.0,0.0,6.785365794518781e-05,6.785365557536799e-05,5.895039591279221,5.895039797166164,2.058869430499044e-07,7.744301232039318e-17,7.744301232039318e-17,1.5488602464078636e-16,True,0.023659200000111014,0.0,,
233,arpack_matvec,central_difference,1.0,0.02037337577546412,0.18862278063683188,60740832.33916519,336.4263117679265,336.46673428436037,336.4266360030437,336.46705851947746,2,sparse_direct,not_applicable,1.839271542609338e-16,3.872150616019659e-16,0.00639009999576956,0.002448500003083609,0.015625,0.0,6.785367258571746e-05,6.785367095183259e-05,5.895038319328881,5.895038461278665,1.419497834831418e-07,7.744301232039318e-17,3.097720492815727e-16,2.323290369611795e-16,True,0.009848300003795885,0.015625,,
234,arpack_matvec,central_difference,1.0,0.02037337577546412,0.2831390299128541,78404189.82390481,336.43045063820495,336.4670585194775,336.42631176792656,336.46291964919914,2,sparse_direct,not_applicable,4.64658073922359e-16,3.097720492815727e-16,0.0034927000087918714,0.005409000004874542,0.0,0.015625,6.78536513411236e-05,6.785365245642933e-05,5.895040165031984,5.895040068135623,9.689636115695066e-08,0.0,0.0,0.0,True,0.009648000006563962,0.015625,,
235,arpack_matvec,central_difference,1.0,0.02037337577546412,0.2745654338332805,83643467.93057175,336.42631176792656,336.465315303619,336.4280549837851,336.4670585194775,2,sparse_direct,not_applicable,3.097720492815727e-16,3.581739319818184e-16,0.003924600008758716,0.0045747000112896785,0.0,0.0,6.785363809163915e-05,6.785364021015196e-05,5.895041316130809,5.895041132077005,1.840538033093253e-07,1.5488602464078636e-16,1.5488602464078636e-16,3.097720492815727e-16,True,0.009308799999416806,0.0,,
236,arpack_matvec,central_difference,1.0,0.02037337577546412,0.24647489413217136,61423410.7592035,336.42631176792656,336.4634657494239,336.4299045379802,336.4670585194775,2,sparse_direct,not_applicable,3.097720492815727e-16,2.323290369611795e-16,0.003929299986339174,0.003405299998121336,0.015625,0.0,6.785364274709101e-05,6.785364736887219e-05,5.895040911670857,5.895040510136228,4.015346286578847e-07,1.5488602464078636e-16,0.0,1.5488602464078636e-16,True,0.008013700004084967,0.015625,,
237,arpack_matvec,central_difference,1.0,0.02037337577546412,0.18416799750163174,58844668.181318074,336.4266569801768,336.46705851947746,336.4263117679265,336.4667133072273,2,sparse_direct,not_applicable,3.097720492815727e-16,2.323290369611795e-16,0.002816399995936081,0.0038493000029120594,0.0,0.0,6.785364963499387e-05,6.785365465410313e-05,5.8950403132584,5.89503987720449,4.360539103132055e-07,2.323290369611795e-16,1.5488602464078636e-16,7.744301232039318e-17,True,0.007294399998500012,0.0,,
238,arpack_matvec,central_difference,1.0,0.02037337577546412,0.2734190469970975,71316564.38351104,336.4314458443947,336.4670585194775,336.42631176792656,336.46192444300925,2,sparse_direct,not_applicable,3.872150616019659e-16,5.32420709702703e-16,0.0035921999951824546,0.002728799998294562,0.015625,0.0,6.785365581166364e-05,6.785365685110357e-05,5.895039776637096,5.895039686331872,9.03052237433144e-08,0.0,1.5488602464078636e-16,1.5488602464078636e-16,True,0.006974999996600673,0.015625,,
239,arpack_matvec,central_difference,1.0,0.02037337577546412,0.27732105668806517,69000471.88234971,336.4308874859018,336.46705851947746,336.4263117679265,336.4624828015023,2,sparse_direct,not_applicable,3.872150616019659e-16,2.662103548513515e-16,0.002526900003431365,0.0018656000029295683,0.0,0.0,6.785364139422765e-05,6.785364104208513e-05,5.895041029205962,5.895041059799672,3.059370978775178e-08,7.744301232039318e-17,7.744301232039318e-17,1.5488602464078636e-16,True,0.004736200004117563,0.0,,
240,arpack_matvec,central_difference,1.0,0.02037337577546412,0.24838135051781646,59545531.31553103,336.43182556248206,336.4670585194775,336.42631176792656,336.4615447249219,2,sparse_direct,not_applicable,3.872150616019659e-16,3.097720492815727e-16,0.0021007999894209206,0.002286300004925579,0.0,0.0,6.785363978073416e-05,6.785363576330641e-05,5.895041169384299,5.8950415184135245,3.490292259655803e-07,7.744301232039318e-17,1.5488602464078636e-16,2.323290369611795e-16,True,0.004729399995994754,0.0,,
241,arpack_matvec,central_difference,1.0,0.02037337577546412,0.2425437793119329,78759872.73768717,336.43182854996115,336.4670585194775,336.42631176792656,336.46154173744293,2,sparse_direct,not_applicable,3.097720492815727e-16,3.097720492815727e-16,0.0027116999990539625,0.0026132999919354916,0.015625,0.0,6.785363276113979e-05,6.785362879374216e-05,5.895041779238127,5.895042123920869,3.4468274190402326e-07,7.744301232039318e-17,7.744301232039318e-17,0.0,True,0.005937400012044236,0.015625,,
242,arpack_matvec,central_difference,1.0,0.02037337577546412,0.28686231108455185,64558905.560624845,336.42631176792656,336.4658393883023,336.4275308991018,336.4670585194775,2,sparse_direct,not_applicable,3.872150616019659e-16,3.872150616019659e-16,0.0019063999934587628,0.0016898000030778348,0.0,0.0,6.785364851897705e-05,6.785364517269858e-05,5.8950404102165495,5.8950407009370664,2.907205169933036e-07,1.5488602464078636e-16,7.744301232039318e-17,2.323290369611795e-16,True,0.0038721000018995255,0.0,,
243,arpack_matvec,central_difference,1.0,0.02037337577546412,0.2547803349601282,68572288.27177837,336.4275186455256,336.4670585194775,336.42631176792656,336.4658516418784,2,sparse_direct,not_applicable,4.64658073922359e-16,5.421010862427522e-16,0.003000099997734651,0.0021084000036353245,0.0,0.0,6.785363927502502e-05,6.785363590808811e-05,5.895041213319689,5.895041505835065,2.9251537636554303e-07,1.5488602464078636e-16,7.744301232039318e-17,7.744301232039318e-17,True,0.005425700001069345,0.0,,
244,arpack_matvec,central_difference,1.0,0.02037337577546412,0.29379286657307935,65229082.43061966,336.43080481145716,336.4670585194775,336.42631176792656,336.4625654759469,2,sparse_direct,not_applicable,3.097720492815727e-16,4.64658073922359e-16,0.0019080000056419522,0.002824499999405816,0.015625,0.0,6.785364324362379e-05,6.785364032076596e-05,5.895040868532702,5.8950411224669965,2.53934294924818e-07,1.5488602464078636e-16,7.744301232039318e-17,7.744301232039318e-17,True,0.005043799988925457,0.015625,,
245,arpack_matvec,central_difference,1.0,0.02037337577546412,0.28621258663788524,80018269.83186823,336.429159908321,336.4670585194775,336.42631176792656,336.46421037908306,2,sparse_direct,not_applicable,3.097720492815727e-16,2.8557110793144984e-16,0.00200980000954587,0.001677200008998625,0.0,0.0,6.785362622706462e-05,6.785362463699694e-05,5.895042346910753,5.895042485053945,1.381431919966758e-07,0.0,1.5488602464078636e-16,1.5488602464078636e-16,True,0.003990600001998246,0.0,,
246,arpack_matvec,central_difference,1.0,0.02037337577546412,0.23741095738551796,60835542.60672194,336.42924429460174,336.4670585194775,336.42631176792656,336.46412599280234,2,sparse_direct,not_applicable,3.872150616019659e-16,3.097720492815727e-16,0.0016146999987540767,0.0018983000045409426,0.0,0.0,6.785365747832194e-05,6.785365773538017e-05,5.895039631839935,5.895039609507042,2.2332892868348608e-08,2.323290369611795e-16,7.744301232039318e-17,1.5488602464078636e-16,True,0.003748599992832169,0.0,,
247,arpack_matvec,central_difference,1.0,0.02037337577546412,0.2229686599731115,63661837.60146366,336.42760112520597,336.46705851947746,336.4263117679265,336.4657691621981,2,sparse_direct,not_applicable,3.097720492815727e-16,3.872150616019659e-16,0.0018279000069014728,0.0016776999982539564,0.0,0.0,6.785363529878592e-05,6.785363660434583e-05,5.8950415587705,5.895041445345041,1.1342545924719616e-07,1.5488602464078636e-16,7.744301232039318e-17,7.744301232039318e-17,True,0.0037583000084850937,0.0,,
248,arpack_matvec,central_difference,1.0,0.02037337577546412,0.21025951285401503,53443616.44387303,336.42631176792656,336.4659181767672,336.42745211063675,336.4670585194775,2,sparse_direct,not_applicable,3.097720492815727e-16,4.64658073922359e-16,0.0016223000129684806,0.002831799996783957,0.015625,0.0,6.785366260185651e-05,6.785366590188047e-05,5.895039186713789,5.8950389000119525,2.8670183649381897e-07,2.323290369611795e-16,7.744301232039318e-17,3.097720492815727e-16,True,0.0047482000081799924,0.015625,,
249,arpack_matvec,central_difference,1.0,0.02037337577546412,0.2515800484636249,74062614.87521014,336.42826724563565,336.4670585194775,336.42631176792656,336.46510304176843,2,sparse_direct,not_applicable,4.64658073922359e-16,3.872150616019659e-16,0.0026289000088581815,0.0018199999904027209,0.0,0.0,6.78536316725167e-05,6.78536341006354e-05,5.89504187381639,5.895041662864366,2.1095202384913136e-07,1.5488602464078636e-16,0.0,1.5488602464078636e-16,True,0.005141799992998131,0.0,,
250,arpack_matvec,central_difference,1.0,0.02037337577546412,0.20818931603324062,65151932.397763036,336.4270193772478,336.46705851947746,336.4263117679265,336.4663509101563,2,sparse_direct,not_applicable,3.097720492815727e-16,2.323290369611795e-16,0.0026464999973541126,0.001981500012334436,0.0,0.0,6.785367794107447e-05,6.78536816517137e-05,5.8950378540625055,5.895037531687091,3.223754143633073e-07,0.0,0.0,0.0,True,0.004943000007187948,0.0,,
251,ritz_0_real,central_difference,1.0,0.02037337577546412,0.08992632624286938,876130.3170079028,336.42631176792656,336.4670584823312,336.4263118050729,336.4670585194775,2,sparse_direct,not_applicable,3.872150616019659e-16,2.323290369611795e-16,0.0022449000098276883,0.0020981999987270683,0.0,0.015625,6.785465937461904e-05,6.785465940469643e-05,5.894952589646623,5.894952587033615,2.6130084762598926e-09,7.744301232039318e-17,1.5488602464078636e-16,2.323290369611795e-16,True,0.004828799996175803,0.015625,,
252,ritz_1_real,central_difference,1.0,0.02037337577546412,0.0952766135361506,776153.6064916404,336.42631176792656,336.4670585161366,336.42631177126736,336.4670585194775,2,sparse_direct,not_applicable,3.872150616019659e-16,2.420094135012287e-16,0.0021264999959385023,0.0026596999960020185,0.0,0.0,6.785454045444294e-05,6.785454044630345e-05,5.8949629209935805,5.894962921700711,7.071303542716123e-10,7.744301232039318e-17,1.5488602464078636e-16,7.744301232039318e-17,True,0.005223700005444698,0.0,,
253,ritz_2_real,central_difference,1.0,0.02037337577546412,0.09210081447033575,838944.2247942814,336.4264725167769,336.46705851947746,336.4263117679265,336.46689777062716,2,sparse_direct,not_applicable,3.872150616019659e-16,3.872150616019659e-16,0.0022041999909561127,0.0019865999929606915,0.0,0.0,6.785460981832563e-05,6.78546097225448e-05,5.894956894910495,5.894956903231578,8.321083377893501e-09,7.744301232039318e-17,1.5488602464078636e-16,2.323290369611795e-16,True,0.004537400003755465,0.0,,
254,ritz_3_real,central_difference,1.0,0.02037337577546412,0.1001102408504708,699753.4077952803,336.4263117679265,336.466897972676,336.42647231472796,336.46705851947746,2,sparse_direct,not_applicable,2.323290369611795e-16,6.9698711088353855e-16,0.0017375000024912879,0.0016208000015467405,0.0,0.0,6.785444367242498e-05,6.785444371634675e-05,5.894971329085615,5.894971325269835,3.815779692217802e-09,7.744301232039318e-17,1.5488602464078636e-16,2.323290369611795e-16,True,0.003605799996876158,0.0,,
255,ritz_4_real,central_difference,1.0,0.02037337577546412,0.10053279890747718,583459.4666130367,336.42631176792656,336.4670585097509,336.42631177765315,336.4670585194775,2,sparse_direct,not_applicable,2.323290369611795e-16,3.29132802361671e-16,0.001659100002143532,0.0021293999889167026,0.015625,0.0,6.785441886820002e-05,6.785441886273102e-05,5.894973483996045,5.894973484471174,4.751283810833229e-10,0.0,7.744301232039318e-17,7.744301232039318e-17,True,0.004033600009279326,0.015625,,
256,ritz_5_real,central_difference,1.0,0.02037337577546412,0.11166694260312553,529123.2954221143,336.4264724055951,336.46705851947746,336.4263117679265,336.46689788180896,2,sparse_direct,not_applicable,3.3881317890172014e-16,2.323290369611795e-16,0.0017674999980954453,0.0021831000049132854,0.0,0.0,6.785424743317683e-05,6.785424749531044e-05,5.894988377756629,5.894988372358634,5.3979949399263205e-09,0.0,2.323290369611795e-16,2.323290369611795e-16,True,0.004222099989419803,0.0,,
