call_index,call_role,perturbation_method,step_multiplier,step_size_K,input_inf_norm,output_inf_norm_per_s,plus_temperature_min_K,plus_temperature_max_K,minus_temperature_min_K,minus_temperature_max_K,unit_bias_electrical_solve_count,electrical_solver_type,electrical_iterations,plus_electrical_residual,minus_electrical_residual,plus_electrical_wall_s,minus_electrical_wall_s,plus_electrical_cpu_s,minus_electrical_cpu_s,plus_G_hat_S,minus_G_hat_S,plus_Vd_V,minus_Vd_V,delta_Vd_V,plus_normalized_current_error,minus_normalized_current_error,normalized_delta_I_cond,finite,operator_wall_s,operator_cpu_s,exception_type,exception_message
1,parent_h_probe,central_difference,1.0,0.0019950057818460764,0.07481376943385959,944673.9122471964,329.4573616645493,329.4579916663751,329.4540016548114,329.45463165663733,2,sparse_direct,not_applicable,2.323290369611795e-16,1.9360753080098294e-16,0.005551099995500408,0.002425700004096143,0.015625,0.0,5.173399321123414e-05,5.167962679035785e-05,4.211180539142978,4.21561065653732,0.004430117394342403,3.872150616019659e-17,7.744301232039318e-17,1.1616451848058975e-16,True,0.008520199990016408,0.015625,,
2,parent_h_half_probe,central_difference,0.5,0.0009975028909230382,0.07481376943385959,944673.931447511,329.45667916257133,329.4569941634842,329.45499915770233,329.4553141586153,2,sparse_direct,not_applicable,4.2593656776216244e-16,1.5488602464078636e-16,0.002648199995746836,0.002662600003532134,0.0,0.0,5.172039289429903e-05,5.169320968644253e-05,4.212287904860798,4.214502963634741,0.002215058773943568,1.9360753080098294e-16,3.872150616019659e-17,2.323290369611795e-16,True,0.0057883999979821965,0.0,,
3,arpack_matvec,central_difference,1.0,0.0019950057818460764,0.07481376943385959,944673.9122471964,329.4573616645493,329.4579916663751,329.4540016548114,329.45463165663733,2,sparse_direct,not_applicable,2.323290369611795e-16,1.9360753080098294e-16,0.0035362000053282827,0.002049700007773936,0.015625,0.0,5.173399321123414e-05,5.167962679035785e-05,4.211180539142978,4.21561065653732,0.004430117394342403,3.872150616019659e-17,7.744301232039318e-17,1.1616451848058975e-16,True,0.0060868000000482425,0.015625,,
4,arpack_matvec,central_difference,1.0,0.0019950057818460764,0.11884238258412727,28013388.881508414,329.45400839049125,329.4579916663751,329.4540016548114,329.4579849306954,2,sparse_direct,not_applicable,2.710505431213761e-16,1.5488602464078636e-16,0.002604499997687526,0.002179399991291575,0.0,0.0,5.1706846030162454e-05,5.170674898662915e-05,4.2133914974473194,4.213399405165482,7.90771816294722e-06,3.872150616019659e-17,7.744301232039318e-17,3.872150616019659e-17,True,0.005133600003318861,0.0,,
5,arpack_matvec,central_difference,1.0,0.0019950057818460764,0.12868358988501166,6343346.926761499,329.45400165481146,329.4579356611021,329.4540576600844,329.45799166637516,2,sparse_direct,not_applicable,1.5488602464078636e-16,2.710505431213761e-16,0.0025845999916782603,0.0029313999984879047,0.0,0.0,5.170632238273769e-05,5.170728133211455e-05,4.213434167888872,4.213356026668416,7.814122045601835e-05,1.1616451848058975e-16,7.744301232039318e-17,3.872150616019659e-17,True,0.005856200004927814,0.0,,
6,arpack_matvec,central_difference,1.0,0.0019950057818460764,0.17932006893019517,11101938.593788425,329.45400165481146,329.4579486032831,329.4540447179034,329.45799166637516,2,sparse_direct,not_applicable,2.710505431213761e-16,2.323290369611795e-16,0.003462799999397248,0.002678299992112443,0.015625,0.0,5.170650200669137e-05,5.170709452365679e-05,4.213419530779912,4.213371248767987,4.8282011924527524e-05,1.1616451848058975e-16,1.5488602464078636e-16,2.710505431213761e-16,True,0.006530999991809949,0.015625,,
7,arpack_matvec,central_difference,1.0,0.0019950057818460764,0.34401012383139545,44627615.59402301,329.45400165481146,329.45798070956636,329.45401261162016,329.45799166637516,2,sparse_direct,not_applicable,2.710505431213761e-16,2.323290369611795e-16,0.0020804000087082386,0.003013299996382557,0.0,0.0,5.170672560144233e-05,5.1706871718517495e-05,4.213401310742196,4.213389404203363,1.1906538833095226e-05,7.744301232039318e-17,3.872150616019659e-17,3.872150616019659e-17,True,0.005424800008768216,0.0,,
8,arpack_matvec,central_difference,1.0,0.0019950057818460764,0.28458319118875613,92848105.02640092,329.45400165481146,329.4579802398273,329.4540130813592,329.45799166637516,2,sparse_direct,not_applicable,3.4849355544176928e-16,1.9360753080098294e-16,0.002849600001354702,0.002731200002017431,0.0,0.015625,5.170672331945788e-05,5.170687348890175e-05,4.213401496693183,4.213389259941725,1.2236751457450623e-05,3.872150616019659e-17,3.872150616019659e-17,0.0,True,0.00603679999767337,0.015625,,
9,arpack_matvec,central_difference,1.0,0.0019950057818460764,0.3482968689473571,62489269.54622762,329.45400165481146,329.45797502246364,329.4540182987229,329.45799166637516,2,sparse_direct,not_applicable,1.5488602464078636e-16,2.323290369611795e-16,0.0034386999905109406,0.0021502000017790124,0.0,0.0,5.170668947419868e-05,5.1706907536060654e-05,4.213404254627741,4.213386485574808,1.7769052933047647e-05,3.872150616019659e-17,3.872150616019659e-17,0.0,True,0.00602789998811204,0.0,,
10,arpack_matvec,central_difference,1.0,0.0019950057818460764,0.27465382037762526,81524434.36154272,329.45400165481146,329.4579659909652,329.4540273302213,329.45799166637516,2,sparse_direct,not_applicable,1.9360753080098294e-16,1.9360753080098294e-16,0.0026658999995561317,0.002716199989663437,0.0,0.0,5.170662987925711e-05,5.170696689558441e-05,4.21340911082473,4.213381648613172,2.7462211558137994e-05,3.872150616019659e-17,3.872150616019659e-17,0.0,True,0.005697100001270883,0.0,,
11,arpack_matvec,central_difference,1.0,0.0019950057818460764,0.3124807284647076,72293672.94834465,329.45400165481146,329.4579681717217,329.4540251494648,329.45799166637516,2,sparse_direct,not_applicable,1.9360753080098294e-16,1.5488602464078636e-16,0.0027234000008320436,0.00339209999947343,0.015625,0.0,5.170664419853039e-05,5.1706952761883205e-05,4.213407943992935,4.213382800308913,2.5143684021955437e-05,3.872150616019659e-17,1.5488602464078636e-16,1.9360753080098294e-16,True,0.006515100001706742,0.015625,,
12,arpack_matvec,central_difference,1.0,0.0019950057818460764,0.3231076005907479,72726430.28257097,329.4540016548114,329.4579755316667,329.4540177895199,329.4579916663751,2,sparse_direct,not_applicable,2.323290369611795e-16,1.1616451848058975e-16,0.002993600006448105,0.002880400003050454,0.0,0.0,5.1706691135363827e-05,5.1706905951814756e-05,4.213404119264983,4.213386614668594,1.750459638927282e-05,7.744301232039318e-17,1.5488602464078636e-16,2.323290369611795e-16,True,0.006264700001338497,0.0,,
13,arpack_matvec,central_difference,1.0,0.0019950057818460764,0.31698677724676094,77097729.5408994,329.45400165481146,329.45798021653275,329.4540131046539,329.45799166637516,2,sparse_direct,not_applicable,3.4849355544176928e-16,3.4849355544176928e-16,0.0028165000112494454,0.002733999994234182,0.0,0.015625,5.1706721070588434e-05,5.1706875774736526e-05,4.21340167994576,4.213389073678069,1.26062676910621e-05,1.1616451848058975e-16,1.1616451848058975e-16,0.0,True,0.005941499999607913,0.015625,,
14,arpack_matvec,central_difference,1.0,0.0019950057818460764,0.33531108807514115,70521139.63489246,329.4540016548114,329.4579871878126,329.45400613337404,329.4579916663751,2,sparse_direct,not_applicable,1.5488602464078636e-16,2.0812809561105665e-16,0.0026071999891428277,0.0039561000012326986,0.0,0.0,5.170676501731473e-05,5.170683197362407e-05,4.213398098882231,4.2133926428607404,5.45602149060187e-06,0.0,7.744301232039318e-17,7.744301232039318e-17,True,0.006932700009201653,0.0,,
15,arpack_matvec,central_difference,1.0,0.0019950057818460764,0.3020349132265737,75850848.39570534,329.45400165481146,329.45799081122135,329.4540025099653,329.45799166637516,2,sparse_direct,not_applicable,2.710505431213761e-16,2.323290369611795e-16,0.0021807000011904165,0.002773900007014163,0.0,0.0,5.170678818573969e-05,5.1706808879765634e-05,4.213396210971551,4.2133945246920765,1.6862794742777965e-06,7.744301232039318e-17,0.0,7.744301232039318e-17,True,0.005292699992423877,0.0,,
16,arpack_matvec,central_difference,1.0,0.0019950057818460764,0.3103130799549356,64887641.50463241,329.45400822461596,329.45799166637516,329.45400165481146,329.45798509657055,2,sparse_direct,not_applicable,1.5488602464078636e-16,1.5488602464078636e-16,0.002784500000416301,0.002681400001165457,0.015625,0.0,5.1706836889489935e-05,5.170676042881465e-05,4.213392242285607,4.213398472782614,6.230497006320945e-06,1.5488602464078636e-16,1.1616451848058975e-16,2.710505431213761e-16,True,0.005808500005514361,0.015625,,
17,arpack_matvec,central_difference,1.0,0.0019950057818460764,0.2495019850244308,75320575.3149912,329.4540110049343,329.45799166637516,329.45400165481146,329.45798231625224,2,sparse_direct,not_applicable,2.323290369611795e-16,2.323290369611795e-16,0.004283999995095655,0.0024083000025711954,0.0,0.0,5.170685688751663e-05,5.170674007160146e-05,4.21339061272358,4.213400131619563,9.518895983440245e-06,7.744301232039318e-17,7.744301232039318e-17,0.0,True,0.007049499996355735,0.0,,
18,arpack_matvec,central_difference,1.0,0.0019950057818460764,0.28560220056860885,65385142.244957305,329.45401571208697,329.4579916663751,329.4540016548114,329.45797760909966,2,sparse_direct,not_applicable,1.5488602464078636e-16,1.9360753080098294e-16,0.002485400007572025,0.0021972999966237694,0.0,0.015625,5.17068918568729e-05,5.1706705339632806e-05,4.213387763208705,4.21340296180726,1.5198598554810872e-05,3.872150616019659e-17,7.744301232039318e-17,3.872150616019659e-17,True,0.005011700006434694,0.015625,,
19,arpack_matvec,central_difference,1.0,0.0019950057818460764,0.21157117154357705,69835463.44068469,329.45401840014057,329.45799166637516,329.45400165481146,329.45797492104595,2,sparse_direct,not_applicable,4.2593656776216244e-16,2.710505431213761e-16,0.0020824999955948442,0.0021466000034706667,0.0,0.0,5.170691231436411e-05,5.170668449785477e-05,4.213386096210247,4.213404660133311,1.8563923064540688e-05,3.872150616019659e-17,0.0,3.872150616019659e-17,True,0.0045070999913150445,0.0,,
20,arpack_matvec,central_difference,1.0,0.0019950057818460764,0.2688506831226159,62303644.83879288,329.45402291206443,329.45799166637505,329.45400165481135,329.4579704091223,2,sparse_direct,not_applicable,1.9360753080098294e-16,1.9360753080098294e-16,0.003930999999283813,0.0032663999882061034,0.0,0.0,5.1706947461794035e-05,5.170664973272982e-05,4.213383232191004,4.213407493028892,2.4260837887979392e-05,3.872150616019659e-17,1.1616451848058975e-16,1.5488602464078636e-16,True,0.007932900000014342,0.0,,
21,arpack_matvec,central_difference,1.0,0.0019950057818460764,0.22453123239748338,63840502.331764825,329.45402338071193,329.45799166637516,329.45400165481146,329.4579699404746,2,sparse_direct,not_applicable,1.5488602464078636e-16,2.323290369611795e-16,0.0025772999943001196,0.003276300005381927,0.015625,0.0,5.1706952579658134e-05,5.170664420738107e-05,4.21338281515767,4.213407943271721,2.5128114050865236e-05,7.744301232039318e-17,7.744301232039318e-17,0.0,True,0.006435200004489161,0.015625,,
22,arpack_matvec,central_difference,1.0,0.0019950057818460764,0.22879884460345792,56513827.21731659,329.4540302809414,329.4579916663751,329.4540016548114,329.4579630402453,2,sparse_direct,not_applicable,2.710505431213761e-16,1.9360753080098294e-16,0.0024945000041043386,0.0038284000038402155,0.0,0.0,5.170700551421288e-05,5.170659171876827e-05,4.213378501747116,4.213412220404109,3.371865699275389e-05,3.872150616019659e-17,3.872150616019659e-17,7.744301232039318e-17,True,0.006758200004696846,0.0,,
23,arpack_matvec,central_difference,1.0,0.0019950057818460764,0.2257702479857665,65387929.19064493,329.4540218038709,329.45799166637516,329.45400165481146,329.4579715173155,2,sparse_direct,not_applicable,1.9360753080098294e-16,1.5488602464078636e-16,0.0023080999962985516,0.0035748999944189563,0.0,0.015625,5.1706945823108835e-05,5.17066508045035e-05,4.213383365720622,4.213407405693526,2.403997290389981e-05,1.9360753080098294e-16,7.744301232039318e-17,2.710505431213761e-16,True,0.006326800008537248,0.015625,,
24,arpack_matvec,central_difference,1.0,0.0019950057818460764,0.22930206212582427,49082245.3073558,329.45402158319257,329.45799166637516,329.45400165481146,329.45797173799394,2,sparse_direct,not_applicable,1.5488602464078636e-16,1.5488602464078636e-16,0.0029516999929910526,0.0027797000075224787,0.0,0.0,5.170694860162001e-05,5.170664885985365e-05,4.213383139311347,4.213407564156746,2.4424845399551032e-05,3.872150616019659e-17,1.1616451848058975e-16,7.744301232039318e-17,True,0.006165099999634549,0.0,,
25,arpack_matvec,central_difference,1.0,0.0019950057818460764,0.21182106490932426,63633991.863833696,329.4540137486108,329.45799166637516,329.45400165481146,329.4579795725757,2,sparse_direct,not_applicable,1.1616451848058975e-16,3.097720492815727e-16,0.003202200008672662,0.0023166000028140843,0.0,0.0,5.170689255046633e-05,5.170670437902387e-05,4.213387706690552,4.213403040084006,1.533339345360929e-05,7.744301232039318e-17,3.872150616019659e-17,3.872150616019659e-17,True,0.005911999993259087,0.0,,
26,arpack_matvec,central_difference,1.0,0.0019950057818460764,0.2562696091248582,43157885.40348328,329.4540096093671,329.45799166637516,329.45400165481146,329.4579837118194,2,sparse_direct,not_applicable,2.710505431213761e-16,1.9360753080098294e-16,0.002255900006275624,0.002472200008924119,0.015625,0.0,5.170686733174072e-05,5.1706730234761733e-05,4.213389761664562,4.213400933189138,1.1171524576525371e-05,1.5488602464078636e-16,7.744301232039318e-17,2.323290369611795e-16,True,0.005037099996116012,0.015625,,
27,arpack_matvec,central_difference,1.0,0.0019950057818460764,0.29480892977077633,72694096.8949133,329.4540022763162,329.4579916663751,329.4540016548114,329.4579910448704,2,sparse_direct,not_applicable,1.5488602464078636e-16,1.5488602464078636e-16,0.0027626999944914132,0.0021081000013509765,0.0,0.0,5.170680924802564e-05,5.170678750800984e-05,4.2133944946839454,4.213396266197266,1.7715133209250666e-06,3.872150616019659e-17,3.872150616019659e-17,0.0,True,0.005199300008825958,0.0,,
28,arpack_matvec,central_difference,1.0,0.0019950057818460764,0.26646329030711674,51846076.36405374,329.4540016548114,329.45798568132227,329.45400763986447,329.4579916663751,2,sparse_direct,not_applicable,3.4849355544176928e-16,3.872150616019659e-16,0.003531399997882545,0.0027905000024475157,0.0,0.0,5.1706762632402544e-05,5.1706834907515576e-05,4.213398293220147,4.213392403789118,5.889431028194281e-06,3.872150616019659e-17,3.872150616019659e-17,7.744301232039318e-17,True,0.006720899997162633,0.0,,
29,arpack_matvec,central_difference,1.0,0.0019950057818460764,0.3103716295102825,42814489.69647662,329.4540016548114,329.45797781534185,329.4540155058448,329.4579916663751,2,sparse_direct,not_applicable,2.323290369611795e-16,2.710505431213761e-16,0.0028568000125233084,0.002322300002560951,0.015625,0.0,5.1706703229215815e-05,5.1706893817619876e-05,4.213403133777946,4.213387603435285,1.5530342660774465e-05,3.872150616019659e-17,7.744301232039318e-17,1.1616451848058975e-16,True,0.0055924000043887645,0.015625,,
30,arpack_matvec,central_difference,1.0,0.0019950057818460764,0.27773877586721063,59277550.724093415,329.4540016548114,329.4579804935746,329.454012827612,329.4579916663751,2,sparse_direct,not_applicable,2.710505431213761e-16,2.323290369611795e-16,0.0021453000081237406,0.0025790000072447583,0.0,0.0,5.170672186197284e-05,5.170687480523848e-05,4.213401615458586,4.213389152678638,1.2462779947597369e-05,0.0,1.1616451848058975e-16,1.1616451848058975e-16,True,0.0055407000036211684,0.0,,
31,arpack_matvec,central_difference,1.0,0.0019950057818460764,0.14708000441902566,8652210.38955205,329.45400165481146,329.45794253520614,329.45405078598026,329.45799166637516,2,sparse_direct,not_applicable,1.839271542609338e-16,1.9360753080098294e-16,0.002460500007146038,0.002953099989099428,0.0,0.0,5.170632498328341e-05,5.170727155424456e-05,4.213433955976148,4.213356823416073,7.713256007502167e-05,7.744301232039318e-17,1.1616451848058975e-16,3.872150616019659e-17,True,0.006437599993660115,0.015625,,
32,arpack_matvec,central_difference,1.0,0.0019950057818460764,0.13183413641921254,31737194.009170726,329.4540179863279,329.45799166637516,329.45400165481146,329.4579753348587,2,sparse_direct,not_applicable,2.323290369611795e-16,1.9360753080098294e-16,0.0031072999991010875,0.0019563000096241012,0.0,0.0,5.170674468245593e-05,5.170685050368891e-05,4.213399755897306,4.2133911329169305,8.622980375960765e-06,1.1616451848058975e-16,1.5488602464078636e-16,3.872150616019659e-17,True,0.005483600005391054,0.0,,
33,arpack_matvec,central_difference,1.0,0.0019950057818460764,0.14503239234759813,12287628.897190753,329.45410063498673,329.45799166637516,329.45400165481146,329.45789268619967,2,sparse_direct,not_applicable,2.323290369611795e-16,2.323290369611795e-16,0.002904499997384846,0.003486700006760657,0.0,0.0,5.1706747661091115e-05,5.170685014479862e-05,4.2133995131788735,4.2133911621615106,8.351017362961954e-06,1.1616451848058975e-16,7.744301232039318e-17,3.872150616019659e-17,True,0.006792400003178045,0.0,,
34,arpack_matvec,central_difference,1.0,0.0019950057818460764,0.19892233759752873,80741725.8476511,329.4541127065753,329.4579916663751,329.4540016548114,329.4578806146112,2,sparse_direct,not_applicable,1.9360753080098294e-16,3.4849355544176928e-16,0.002533399994717911,0.0029990000039106235,0.0,0.0,5.17068291169678e-05,5.170676766228961e-05,4.2133928756387835,4.213397883352763,5.00771397948796e-06,1.5488602464078636e-16,3.872150616019659e-17,1.9360753080098294e-16,True,0.005902100005187094,0.0,,
35,arpack_matvec,central_difference,1.0,0.0019950057818460764,0.15939885730018963,24061634.64016246,329.45400165481135,329.45797959200223,329.4540137291844,329.45799166637505,2,sparse_direct,not_applicable,1.9360753080098294e-16,2.710505431213761e-16,0.0021755000052507967,0.002694599999813363,0.0,0.0,5.170693060873377e-05,5.170666848062579e-05,4.213384605476957,4.213405965324097,2.1359847139912347e-05,3.872150616019659e-17,7.744301232039318e-17,3.872150616019659e-17,True,0.0054330000129994005,0.0,,
36,arpack_matvec,central_difference,1.0,0.0019950057818460764,0.18675040286067668,75709004.42399772,329.4541210591976,329.4579916663751,329.4540016548114,329.45787226198894,2,sparse_direct,not_applicable,1.9360753080098294e-16,1.5488602464078636e-16,0.0033884999866131693,0.002550600009271875,0.0,0.015625,5.170684058138059e-05,5.170675618747961e-05,4.213391941447589,4.2133988183938245,6.876946235578885e-06,0.0,0.0,0.0,True,0.006282400005147792,0.015625,,
37,arpack_matvec,central_difference,1.0,0.0019950057818460764,0.14486423593598846,14329931.276401311,329.45411222986513,329.45799166637516,329.45400165481146,329.4578810913214,2,sparse_direct,not_applicable,2.710505431213761e-16,1.9360753080098294e-16,0.003349899998283945,0.002068500005407259,0.0,0.0,5.170690337077755e-05,5.1706694038420616e-05,4.213386824986886,4.213403882704676,1.7057717790258664e-05,7.744301232039318e-17,0.0,7.744301232039318e-17,True,0.005802100000437349,0.0,,
38,arpack_matvec,central_difference,1.0,0.0019950057818460764,0.18751240621967571,58947354.74249819,329.45400165481146,329.4578877433883,329.4541055777982,329.45799166637516,2,sparse_direct,not_applicable,2.323290369611795e-16,1.9360753080098294e-16,0.0028175999905215576,0.0026388000114820898,0.0,0.0,5.170681528134107e-05,5.170678078580199e-05,4.213394003051694,4.213396813965375,2.8109136804843615e-06,7.744301232039318e-17,0.0,7.744301232039318e-17,True,0.005782899999758229,0.0,,
39,arpack_matvec,central_difference,1.0,0.0019950057818460764,0.21769673342934284,79978279.7267782,329.4540016548114,329.45790408704266,329.45408923414396,329.4579916663751,2,sparse_direct,not_applicable,2.323290369611795e-16,1.5488602464078636e-16,0.0033433000062359497,0.002761099996860139,0.015625,0.0,5.170680151116481e-05,5.1706795028441554e-05,4.213395125131892,4.213395653384988,5.282530963768295e-07,0.0,3.872150616019659e-17,3.872150616019659e-17,True,0.006841999987955205,0.015625,,
40,arpack_matvec,central_difference,1.0,0.0019950057818460764,0.2478422578346699,23958457.801626544,329.45409445127166,329.45799166637516,329.45400165481146,329.45789886991474,2,sparse_direct,not_applicable,2.710505431213761e-16,3.097720492815727e-16,0.001955100000486709,0.0028344000020297244,0.0,0.0,5.1706802040134776e-05,5.1706794854533554e-05,4.213395082028096,4.213395667556108,5.855280127420315e-07,3.872150616019659e-17,0.0,3.872150616019659e-17,True,0.005305899991071783,0.0,,
41,arpack_matvec,central_difference,1.0,0.0019950057818460764,0.2883466496433773,69993527.98381981,329.4540016548114,329.4574235181185,329.4545698030681,329.4579916663751,2,sparse_direct,not_applicable,2.323290369611795e-16,1.9360753080098294e-16,0.0027205000078538433,0.0033414000063203275,0.0,0.015625,5.1706793881575187e-05,5.170680305131171e-05,4.213395746838892,4.213394999631047,7.47207844931097e-07,3.872150616019659e-17,3.872150616019659e-17,0.0,True,0.006454799993662164,0.015625,,
42,arpack_matvec,central_difference,1.0,0.0019950057818460764,0.27187189605667744,44973242.74674921,329.4540016548114,329.4579228883287,329.4540704328579,329.4579916663751,2,sparse_direct,not_applicable,1.9360753080098294e-16,3.097720492815727e-16,0.0026710000092862174,0.0029864000098314136,0.0,0.0,5.170678941510898e-05,5.1706808048709036e-05,4.213396110794766,4.213394592411772,1.5183829935594417e-06,0.0,7.744301232039318e-17,7.744301232039318e-17,True,0.0060981999995419756,0.0,,
43,arpack_matvec,central_difference,1.0,0.0019950057818460764,0.316160303471575,66302180.95484115,329.45419744704617,329.45799166637516,329.45400165481146,329.45779587414023,2,sparse_direct,not_applicable,1.9360753080098294e-16,1.5488602464078636e-16,0.002430300010018982,0.002707299994654022,0.0,0.0,5.170679231940192e-05,5.170680459317484e-05,4.213395874134629,4.213394873990362,1.0001442669604899e-06,0.0,1.5488602464078636e-16,1.5488602464078636e-16,True,0.005543699997360818,0.0,,
44,arpack_matvec,central_difference,1.0,0.0019950057818460764,0.3038722676946823,66813976.44316067,329.4543185488404,329.45799166637516,329.45400165481146,329.457674772346,2,sparse_direct,not_applicable,2.710505431213761e-16,2.323290369611795e-16,0.0027122999890707433,0.0030119000002741814,0.015625,0.0,5.170679156042435e-05,5.1706805561831904e-05,4.213395935980913,4.213394795058107,1.1409228060088594e-06,7.744301232039318e-17,3.872150616019659e-17,3.872150616019659e-17,True,0.006366800007526763,0.015625,,
45,arpack_matvec,central_difference,1.0,0.0019950057818460764,0.2862207470107255,68735744.33035481,329.4540016548114,329.4576182976587,329.4543750235278,329.4579916663751,2,sparse_direct,not_applicable,1.1616451848058975e-16,2.323290369611795e-16,0.0029125000000931323,0.0026046999992104247,0.0,0.0,5.1706792122886994e-05,5.170680469992849e-05,4.213395890147905,4.213394865291404,1.0248565009973731e-06,7.744301232039318e-17,1.1616451848058975e-16,3.872150616019659e-17,True,0.005837899996549822,0.0,,
46,arpack_matvec,central_difference,1.0,0.0019950057818460764,0.2865677622518694,60984300.68514178,329.45401317393265,329.4579916663751,329.4540016548114,329.4579801472541,2,sparse_direct,not_applicable,1.9360753080098294e-16,2.710505431213761e-16,0.0028289999900152907,0.0026083999982802197,0.0,0.015625,5.170679237138202e-05,5.170680458613427e-05,4.213395869898962,4.213394874564071,9.953348909519377e-07,3.872150616019659e-17,7.744301232039318e-17,1.1616451848058975e-16,True,0.005774499994004145,0.015625,,
47,arpack_matvec,central_difference,1.0,0.0019950057818460764,0.2847423450333404,65177967.805401795,329.45438481503726,329.45799166637516,329.45400165481146,329.45760850614926,2,sparse_direct,not_applicable,1.9360753080098294e-16,1.5004583637076176e-16,0.003581500001018867,0.002617100006318651,0.0,0.0,5.170679496152257e-05,5.170680196514919e-05,4.213395658837968,4.213395088138392,5.706995764853673e-07,1.1616451848058975e-16,3.872150616019659e-17,7.744301232039318e-17,True,0.0065377999999327585,0.0,,
48,arpack_matvec,central_difference,1.0,0.0019950057818460764,0.25664253447414226,62210074.257619224,329.45434799712115,329.45799166637516,329.45400165481146,329.4576453240655,2,sparse_direct,not_applicable,1.8876734253095837e-16,1.1616451848058975e-16,0.0022877000010339543,0.0027904000016860664,0.0,0.0,5.170679513701414e-05,5.1706801926135335e-05,4.213395644537809,4.213395091317486,5.53220322885295e-07,0.0,1.5488602464078636e-16,1.5488602464078636e-16,True,0.005406700001913123,0.0,,
49,arpack_matvec,central_difference,1.0,0.0019950057818460764,0.28517351784921996,57934814.25002143,329.4540016548115,329.45789473774556,329.45409858344107,329.4579916663752,2,sparse_direct,not_applicable,1.5488602464078636e-16,2.323290369611795e-16,0.0027110999944852665,0.0026834000018425286,0.0,0.015625,5.170679623560448e-05,5.170680079833692e-05,4.213395555017744,4.213395183217589,3.718001551078487e-07,3.872150616019659e-17,3.872150616019659e-17,0.0,True,0.005771899988758378,0.015625,,
50,arpack_matvec,central_difference,1.0,0.0019950057818460764,0.31672711852032126,69867068.27151051,329.4540016548115,329.4576235420234,329.45436977916313,329.4579916663752,2,sparse_direct,not_applicable,3.872150616019659e-16,2.323290369611795e-16,0.003480999992461875,0.0023231999948620796,0.0,0.0,5.170679674403174e-05,5.170680018119994e-05,4.213395513587888,4.21339523350579,2.8008209795871153e-07,7.744301232039318e-17,3.872150616019659e-17,1.1616451848058975e-16,True,0.006381300001521595,0.0,,
51,arpack_matvec,central_difference,1.0,0.0019950057818460764,0.2600655449799341,40992079.64890243,329.4543328429719,329.4579916663751,329.4540016548114,329.45766047821473,2,sparse_direct,not_applicable,1.8876734253095837e-16,1.5488602464078636e-16,0.0024139000015566126,0.002762000003713183,0.0,0.0,5.170679703128944e-05,5.170680044529114e-05,4.2133954901803214,4.213395211985978,2.7819434311737723e-07,3.872150616019659e-17,7.744301232039318e-17,3.872150616019659e-17,True,0.005580500001087785,0.0,,
52,arpack_matvec,central_difference,1.0,0.0019950057818460764,0.2367961858311603,60439817.72752625,329.4544458230643,329.45799166637505,329.45400165481135,329.4575474981223,2,sparse_direct,not_applicable,1.9360753080098294e-16,2.323290369611795e-16,0.002185700010159053,0.002102499987813644,0.015625,0.0,5.170679770846066e-05,5.1706799202799286e-05,4.213395435000146,4.213395313232029,1.217681173670826e-07,1.1616451848058975e-16,0.0,1.1616451848058975e-16,True,0.004838599998038262,0.015625,,
53,arpack_matvec,central_difference,1.0,0.0019950057818460764,0.28940957556113256,40714896.62897385,329.45400165481146,329.4577776368044,329.4542156843821,329.45799166637516,2,sparse_direct,not_applicable,2.710505431213761e-16,2.710505431213761e-16,0.00244320000638254,0.0026694999978644773,0.0,0.0,5.1706799244768684e-05,5.1706798211172224e-05,4.213395309812099,4.213395394036043,8.422394426332858e-08,3.872150616019659e-17,1.1616451848058975e-16,7.744301232039318e-17,True,0.005808100002468564,0.0,,
54,arpack_matvec,central_difference,1.0,0.0019950057818460764,0.292365444847464,66295722.82835016,329.45400165481146,329.4578372911228,329.4541560300637,329.45799166637516,2,sparse_direct,not_applicable,1.9360753080098294e-16,1.9360753080098294e-16,0.0028437000000849366,0.002867200004402548,0.0,0.015625,5.1706799797820125e-05,5.1706796941391584e-05,4.213395264745988,4.213395497505765,2.3275977678594018e-07,3.872150616019659e-17,7.744301232039318e-17,3.872150616019659e-17,True,0.006102600003941916,0.015625,,
55,arpack_matvec,central_difference,1.0,0.0019950057818460764,0.3046743209340627,51564450.12690762,329.45400165481146,329.45786458655084,329.4541287346357,329.45799166637516,2,sparse_direct,not_applicable,1.5488602464078636e-16,1.9360753080098294e-16,0.002620100000058301,0.004135600000154227,0.0,0.0,5.170680146717092e-05,5.1706795713083344e-05,4.21339512871679,4.213395597596059,4.688792687446153e-07,7.744301232039318e-17,7.744301232039318e-17,0.0,True,0.007161399989854544,0.0,,
56,arpack_matvec,central_difference,1.0,0.0019950057818460764,0.2598781130573443,70607032.29387958,329.4544121443437,329.4579916663751,329.4540016548114,329.45758117684295,2,sparse_direct,not_applicable,1.1616451848058975e-16,1.1616451848058975e-16,0.0024200000043492764,0.002833000005921349,0.0,0.0,5.1706803139035186e-05,5.1706793782549134e-05,4.213394992482788,4.213395754908159,7.624253717253282e-07,7.744301232039318e-17,3.872150616019659e-17,1.1616451848058975e-16,True,0.005607099999906495,0.0,,
57,arpack_matvec,central_difference,1.0,0.0019950057818460764,0.23484552362052108,71991110.5314858,329.45400165481146,329.45780755875165,329.454185762435,329.45799166637516,2,sparse_direct,not_applicable,2.710505431213761e-16,2.710505431213761e-16,0.0030411000043386593,0.0029082999972160906,0.015625,0.0,5.170680392542269e-05,5.170679301135297e-05,4.213394928402997,4.213395817750089,8.89347091970194e-07,3.872150616019659e-17,1.1616451848058975e-16,7.744301232039318e-17,True,0.0063771999994060025,0.015625,,
58,arpack_matvec,central_difference,1.0,0.0019950057818460764,0.309366965822247,74410813.19006261,329.4540016548114,329.4574655319017,329.45452778928495,329.4579916663751,2,sparse_direct,not_applicable,2.323290369611795e-16,1.9360753080098294e-16,0.003374199994141236,0.0024527000059606507,0.0,0.0,5.1706801772705725e-05,5.17067951228508e-05,4.213395103819894,4.213395645691927,5.418720325778281e-07,0.0,7.744301232039318e-17,7.744301232039318e-17,True,0.006228200014447793,0.0,,
59,arpack_matvec,central_difference,1.0,0.0019950057818460764,0.332075224842313,65758848.398543335,329.4540016548114,329.45732283121015,329.4546704899765,329.4579916663751,2,sparse_direct,not_applicable,3.097720492815727e-16,1.9360753080098294e-16,0.0028959999908693135,0.002849399999831803,0.0,0.015625,5.170680135576837e-05,5.170679564967037e-05,4.21339513779457,4.213395602763348,4.6496877814661275e-07,0.0,1.1616451848058975e-16,1.1616451848058975e-16,True,0.006153999987873249,0.015625,,
60,arpack_matvec,central_difference,1.0,0.0019950057818460764,0.2554130980805713,71836847.25839223,329.45415185332166,329.4579916663751,329.4540016548114,329.45784146786485,2,sparse_direct,not_applicable,2.710505431213761e-16,2.323290369611795e-16,0.002716100003453903,0.004328299997723661,0.0,0.0,5.1706800902577456e-05,5.1706796090740485e-05,4.213395174723415,4.213395566822175,3.9209876057100246e-07,1.1616451848058975e-16,0.0,1.1616451848058975e-16,True,0.007457300001988187,0.0,,
61,arpack_matvec,central_difference,1.0,0.0019950057818460764,0.2828582487632428,62823736.03758551,329.45451750007294,329.4579916663751,329.4540016548114,329.4574758211136,2,sparse_direct,not_applicable,3.4849355544176928e-16,2.323290369611795e-16,0.0034496999869588763,0.00294019999273587,0.0,0.015625,5.170680079038045e-05,5.17067961976494e-05,4.2133951838659325,4.213395558110563,3.7424463084079207e-07,1.1616451848058975e-16,3.872150616019659e-17,7.744301232039318e-17,True,0.007084900003974326,0.015625,,
62,arpack_matvec,central_difference,1.0,0.0019950057818460764,0.2238694974634559,72418555.88110058,329.4541199130728,329.4579916663751,329.4540016548114,329.4578734081137,2,sparse_direct,not_applicable,1.9360753080098294e-16,1.9360753080098294e-16,0.00288620000355877,0.002639199999975972,0.0,0.0,5.1706802067137996e-05,5.1706794716046994e-05,4.213395079827703,4.213395678840866,5.990131635158491e-07,0.0,1.5488602464078636e-16,1.5488602464078636e-16,True,0.005990999998175539,0.0,,
63,arpack_matvec,central_difference,1.0,0.0019950057818460764,0.24065720249594838,50885238.17613302,329.4540016548114,329.45789432426886,329.45409899691776,329.4579916663751,2,sparse_direct,not_applicable,2.323290369611795e-16,1.1616451848058975e-16,0.0033327999990433455,0.002489199992851354,0.0,0.0,5.17068031118414e-05,5.170679420052761e-05,4.213394994698708,4.213395720848637,7.261499286315143e-07,7.744301232039318e-17,3.872150616019659e-17,3.872150616019659e-17,True,0.006162899997434579,0.0,,
64,arpack_matvec,central_difference,1.0,0.0019950057818460764,0.25638916845831716,78263398.47649577,329.4540016548114,329.4579834404343,329.4540098807523,329.4579916663751,2,sparse_direct,not_applicable,1.5488602464078636e-16,2.323290369611795e-16,0.002493099993444048,0.0021567000076174736,0.015625,0.0,5.1706801181886624e-05,5.170679568807459e-05,4.213395151963548,4.21339559963393,4.4767038254178715e-07,3.872150616019659e-17,3.872150616019659e-17,7.744301232039318e-17,True,0.0050675999955274165,0.015625,,
65,arpack_matvec,central_difference,1.0,0.0019950057818460764,0.2535262784849122,58154402.23325928,329.45400165481146,329.4577987871786,329.4541945340079,329.45799166637516,2,sparse_direct,not_applicable,2.710505431213761e-16,1.9360753080098294e-16,0.0035392999998293817,0.0027307999989716336,0.0,0.0,5.170680135826544e-05,5.1706795993345045e-05,4.213395137591093,4.21339557475857,4.371674764414024e-07,0.0,1.1616451848058975e-16,1.1616451848058975e-16,True,0.00688129999616649,0.0,,
66,arpack_matvec,central_difference,1.0,0.0019950057818460764,0.2612200233471138,73409194.72521491,329.4540016548114,329.45782876517916,329.45416455600736,329.4579916663751,2,sparse_direct,not_applicable,1.5488602464078636e-16,2.710505431213761e-16,0.0029156000091461465,0.003550499997800216,0.0,0.0,5.1706800560250554e-05,5.1706796369890364e-05,4.213395202618362,4.213395544075285,3.414569222925934e-07,0.0,1.1616451848058975e-16,1.1616451848058975e-16,True,0.0068180000089341775,0.0,,
67,arpack_matvec,central_difference,1.0,0.0019950057818460764,0.1667621516657338,35003344.62150999,329.45400273777983,329.4579916663751,329.4540016548114,329.4579905834067,2,sparse_direct,not_applicable,1.9360753080098294e-16,1.8876734253095837e-16,0.002011399992625229,0.0030875000084051862,0.015625,0.0,5.17068028434469e-05,5.170679520760033e-05,4.213395016569177,4.213395638786001,6.222168238423365e-07,1.1616451848058975e-16,3.872150616019659e-17,1.5488602464078636e-16,True,0.0055275000049732625,0.015625,,
68,arpack_matvec,central_difference,1.0,0.0019950057818460764,0.23371377484557615,65382655.054688185,329.4540016548114,329.4579226583799,329.4540706628067,329.4579916663751,2,sparse_direct,not_applicable,1.5488602464078636e-16,2.710505431213761e-16,0.0029000000067753717,0.0026628999912645668,0.0,0.0,5.170679898381407e-05,5.170679766486056e-05,4.213395331076323,4.213395438552957,1.0747663381494021e-07,1.5488602464078636e-16,3.872150616019659e-17,1.1616451848058975e-16,True,0.005906400008825585,0.0,,
69,arpack_matvec,central_difference,1.0,0.0019950057818460764,0.2600864607763924,45489102.726638936,329.4540548550551,329.4579916663751,329.4540016548114,329.4579384661315,2,sparse_direct,not_applicable,1.5488602464078636e-16,1.9360753080098294e-16,0.0035534000053303316,0.0022539000055985525,0.0,0.015625,5.1706797913686976e-05,5.170679959734665e-05,4.213395418277013,4.213395281081828,1.3719518499044625e-07,1.5488602464078636e-16,1.1616451848058975e-16,3.872150616019659e-17,True,0.006214399996679276,0.015625,,
70,arpack_matvec,central_difference,1.0,0.0019950057818460764,0.259348120800731,79586059.95498772,329.45422555981884,329.45799166637516,329.45400165481146,329.4577677613677,2,sparse_direct,not_applicable,1.5488602464078636e-16,2.710505431213761e-16,0.002882300002966076,0.002686599997105077,0.0,0.0,5.170679659943195e-05,5.1706800122677324e-05,4.21339552537079,4.213395238274581,2.870962090284479e-07,3.872150616019659e-17,1.1616451848058975e-16,7.744301232039318e-17,True,0.0058945000055246055,0.0,,
71,arpack_matvec,central_difference,1.0,0.0019950057818460764,0.2937355418462135,63531241.43938899,329.4540016548115,329.4575324983988,329.45446082278784,329.4579916663752,2,sparse_direct,not_applicable,1.9360753080098294e-16,1.9360753080098294e-16,0.0022492999996757135,0.002826900003128685,0.0,0.0,5.1706794831576054e-05,5.1706802328198924e-05,4.21339566942683,4.213395058554819,6.108720107533827e-07,7.744301232039318e-17,1.1616451848058975e-16,3.872150616019659e-17,True,0.005400800000643358,0.0,,
72,arpack_matvec,central_difference,1.0,0.0019950057818460764,0.27413409668643746,77529811.66880906,329.4544488711944,329.45799166637516,329.45400165481146,329.4575444499921,2,sparse_direct,not_applicable,4.64658073922359e-16,1.5972621291081093e-16,0.0037844000034965575,0.0021902000007685274,0.0,0.0,5.1706794862542054e-05,5.170680182601107e-05,4.2133956669035255,4.21339509947624,5.674272856026619e-07,3.872150616019659e-17,1.1616451848058975e-16,1.5488602464078636e-16,True,0.006465400001616217,0.0,,
73,arpack_matvec,central_difference,1.0,0.0019950057818460764,0.284412290010892,54354492.107068904,329.45445883328796,329.45799166637516,329.45400165481146,329.4575344878988,2,sparse_direct,not_applicable,2.710505431213761e-16,1.9360753080098294e-16,0.0032943999976851046,0.002067399997031316,0.0,0.0,5.1706794673832614e-05,5.1706802556005217e-05,4.21339568228076,4.213395039991731,6.42289029073595e-07,0.0,1.1616451848058975e-16,1.1616451848058975e-16,True,0.005726700008381158,0.0,,
74,arpack_matvec,central_difference,1.0,0.0019950057818460764,0.31155870039725514,84051693.27427508,329.4546906837878,329.45799166637516,329.45400165481146,329.4573026373988,2,sparse_direct,not_applicable,1.5488602464078636e-16,1.5488602464078636e-16,0.0028977999900234863,0.002701999997952953,0.0,0.0,5.1706796373658664e-05,5.170680035223592e-05,4.213395543768219,4.213395219568703,3.2419951612183695e-07,7.744301232039318e-17,0.0,7.744301232039318e-17,True,0.006042599998181686,0.015625,,
75,arpack_matvec,central_difference,1.0,0.0019950057818460764,0.25416059036361593,50943035.57392294,329.4541731587333,329.45799166637516,329.45400165481146,329.45782016245334,2,sparse_direct,not_applicable,1.5488602464078636e-16,2.323290369611795e-16,0.002373700001044199,0.0022806000051787123,0.0,0.0,5.170679545985414e-05,5.1706801886926024e-05,4.213395618230771,4.2133950945125065,5.237182643114124e-07,7.744301232039318e-17,3.872150616019659e-17,1.1616451848058975e-16,True,0.00558860000455752,0.0,,
76,arpack_matvec,central_difference,1.0,0.0019950057818460764,0.27184847178732285,72614591.48956467,329.4543339350329,329.45799166637516,329.45400165481146,329.45765938615375,2,sparse_direct,not_applicable,1.9360753080098294e-16,1.5488602464078636e-16,0.0031218000076478347,0.0028377000126056373,0.0,0.0,5.170679583228853e-05,5.1706800866075675e-05,4.213395587882469,4.213395177697809,4.101846604598336e-07,3.872150616019659e-17,7.744301232039318e-17,1.1616451848058975e-16,True,0.006364699991536327,0.0,,
77,arpack_matvec,central_difference,1.0,0.0019950057818460764,0.25345068545975974,44116580.59604375,329.4540016548115,329.4579429368,329.4540503843864,329.4579916663752,2,sparse_direct,not_applicable,1.5488602464078636e-16,1.5488602464078636e-16,0.0027267999976174906,0.0033928000048035756,0.0,0.015625,5.1706792411296786e-05,5.1706804880381226e-05,4.213395866646454,4.213394850586983,1.0160594712260718e-06,1.5488602464078636e-16,7.744301232039318e-17,7.744301232039318e-17,True,0.006518900001537986,0.015625,,
78,arpack_matvec,central_difference,1.0,0.0019950057818460764,0.2152341018851764,72040340.17797422,329.45400165481146,329.45773904404354,329.454254277143,329.45799166637516,2,sparse_direct,not_applicable,1.9360753080098294e-16,2.323290369611795e-16,0.0019708000036189333,0.002257400003145449,0.0,0.0,5.170679294697007e-05,5.170680376225085e-05,4.213395822996414,4.213394941699263,8.812971517002666e-07,0.0,3.872150616019659e-17,3.872150616019659e-17,True,0.004621300002327189,0.0,,
79,arpack_matvec,central_difference,1.0,0.0019950057818460764,0.2738036906390924,52312088.78904142,329.4544115994243,329.45799166637516,329.45400165481146,329.4575817217621,2,sparse_direct,not_applicable,2.323290369611795e-16,3.872150616019659e-16,0.002330100003746338,0.0021465999889187515,0.0,0.0,5.170679361284661e-05,5.170680385035355e-05,4.213395768736592,4.213394934520101,8.342164905528193e-07,7.744301232039318e-17,3.872150616019659e-17,1.1616451848058975e-16,True,0.004788399994140491,0.0,,
80,arpack_matvec,central_difference,1.0,0.0019950057818460764,0.26664121289143905,76814714.63690464,329.45400165481146,329.4577744388447,329.4542188823418,329.45799166637516,2,sparse_direct,not_applicable,2.710505431213761e-16,1.9360753080098294e-16,0.0026214999961666763,0.0034543999936431646,0.015625,0.0,5.1706795498630994e-05,5.170680136463079e-05,4.213395615070988,4.213395137072404,4.779985838254674e-07,7.744301232039318e-17,7.744301232039318e-17,1.5488602464078636e-16,True,0.006393700008629821,0.015625,,
81,arpack_matvec,central_difference,1.0,0.0019950057818460764,0.310679552973351,55596418.88215899,329.4542923472292,329.45799166637516,329.45400165481146,329.4577009739573,2,sparse_direct,not_applicable,1.5488602464078636e-16,2.710505431213761e-16,0.0019751000072574243,0.0022763999877497554,0.0,0.0,5.170679685276909e-05,5.1706800464642015e-05,4.213395504727284,4.213395210409147,2.9431813697300413e-07,3.872150616019659e-17,3.872150616019659e-17,7.744301232039318e-17,True,0.004629899995052256,0.0,,
82,arpack_matvec,central_difference,1.0,0.0019950057818460764,0.2898266765050603,98016302.25565827,329.45400165481146,329.45773218045224,329.4542611407345,329.45799166637516,2,sparse_direct,not_applicable,1.9360753080098294e-16,1.9360753080098294e-16,0.002557799991336651,0.002890000003390014,0.0,0.0,5.170679886702566e-05,5.170679786325561e-05,4.213395340592977,4.213395422386479,8.179350174941646e-08,0.0,3.872150616019659e-17,3.872150616019659e-17,True,0.005790800001705065,0.0,,
83,arpack_matvec,central_difference,1.0,0.0019950057818460764,0.18520213824102905,44082934.62143167,329.4541499955878,329.4579916663751,329.4540016548114,329.45784332559873,2,sparse_direct,not_applicable,1.9360753080098294e-16,4.2593656776216244e-16,0.0028689000027952716,0.0030343999969772995,0.015625,0.0,5.170680440093659e-05,5.170679308799581e-05,4.21339488965514,4.213395811504747,9.218496073160054e-07,1.5488602464078636e-16,3.872150616019659e-17,1.9360753080098294e-16,True,0.0063495000067632645,0.015625,,
84,arpack_matvec,central_difference,1.0,0.0019950057818460764,0.27674355416633345,85455865.61614,329.45400165481146,329.45762158988117,329.45437173130546,329.45799166637516,2,sparse_direct,not_applicable,1.5488602464078636e-16,3.097720492815727e-16,0.0022419000015361235,0.002023299995926209,0.0,0.0,5.170680146202315e-05,5.170679521079503e-05,4.213395129136264,4.213395638525677,5.093894133167964e-07,7.744301232039318e-17,7.744301232039318e-17,1.5488602464078636e-16,True,0.00463669998862315,0.0,,
85,arpack_matvec,central_difference,1.0,0.0019950057818460764,0.19341106882717995,62280519.68436784,329.45401862888474,329.45799166637516,329.45400165481146,329.4579746923019,2,sparse_direct,not_applicable,3.097720492815727e-16,3.4849355544176928e-16,0.002256599997053854,0.002427600004011765,0.0,0.0,5.170680496394915e-05,5.170679288422941e-05,4.213394843777344,4.213395828108919,9.843315753599313e-07,3.872150616019659e-17,0.0,3.872150616019659e-17,True,0.005058700000518002,0.0,,
86,arpack_matvec,central_difference,1.0,0.0019950057818460764,0.2390925586847525,77221339.4679884,329.4540076461074,329.4579916663751,329.4540016548114,329.4579856750791,2,sparse_direct,not_applicable,1.9360753080098294e-16,2.323290369611795e-16,0.0023841000074753538,0.002287299997988157,0.015625,0.0,5.170680330452994e-05,5.17067933256543e-05,4.213394978997236,4.213395792138834,8.131415976109224e-07,7.744301232039318e-17,3.872150616019659e-17,3.872150616019659e-17,True,0.0049992999993264675,0.015625,,
87,arpack_matvec,central_difference,1.0,0.0019950057818460764,0.17531738355277643,33680647.33676739,329.45405108077745,329.4579916663751,329.4540016548114,329.4579422404092,2,sparse_direct,not_applicable,1.7424677772088464e-16,3.4849355544176928e-16,0.002280899992911145,0.0025687000015750527,0.0,0.0,5.1706823061459695e-05,5.170677407262422e-05,4.213393369079169,4.213397360997796,3.991918626766733e-06,7.744301232039318e-17,3.872150616019659e-17,1.1616451848058975e-16,True,0.005235600008745678,0.0,,
88,arpack_matvec,central_difference,1.0,0.0019950057818460764,0.20246961586356632,74420408.12168247,329.45400165481135,329.4579708480337,329.4540224731528,329.45799166637505,2,sparse_direct,not_applicable,2.323290369611795e-16,1.9360753080098294e-16,0.0026683000032790005,0.0027348000003257766,0.0,0.015625,5.1706810460791614e-05,5.170678611497746e-05,4.213394395860185,4.213396379710364,1.983850179243518e-06,3.872150616019659e-17,0.0,3.872150616019659e-17,True,0.005811800001538359,0.015625,,
89,arpack_matvec,central_difference,1.0,0.0019950057818460764,0.20830774292814938,51930435.87089618,329.45400165481146,329.4578615740557,329.45413174713093,329.45799166637516,2,sparse_direct,not_applicable,1.9360753080098294e-16,2.710505431213761e-16,0.0031058000022312626,0.0037674000050174072,0.0,0.0,5.1706820219344446e-05,5.1706777414288254e-05,4.2133936006724,4.213397088697739,3.4880253396707417e-06,3.872150616019659e-17,1.1616451848058975e-16,1.5488602464078636e-16,True,0.007306300001800992,0.0,,
90,arpack_matvec,central_difference,1.0,0.0019950057818460764,0.2220733987701601,79224669.40080209,329.45408180190884,329.4579916663751,329.4540016548114,329.4579115192778,2,sparse_direct,not_applicable,2.323290369611795e-16,1.5488602464078636e-16,0.002889399998821318,0.002984400009154342,0.0,0.0,5.170681905151224e-05,5.170677778524311e-05,4.2133936958346405,4.213397058469979,3.3626353381777108e-06,3.872150616019659e-17,3.872150616019659e-17,7.744301232039318e-17,True,0.006235799999558367,0.0,,
91,arpack_matvec,central_difference,1.0,0.0019950057818460764,0.21697902187549195,55761340.21285802,329.4540016548114,329.4578319743276,329.45416134685894,329.4579916663751,2,sparse_direct,not_applicable,1.5488602464078636e-16,3.097720492815727e-16,0.002868399998988025,0.0028183999966131523,0.015625,0.0,5.1706818899058585e-05,5.170677848344122e-05,4.213393708257514,4.213397001576357,3.2933188434114413e-06,1.1616451848058975e-16,3.872150616019659e-17,7.744301232039318e-17,True,0.006099899997934699,0.015625,,
92,arpack_matvec,central_difference,1.0,0.0019950057818460764,0.21483279829029567,67983072.0251207,329.45400165481146,329.45797133403175,329.45402198715476,329.45799166637516,2,sparse_direct,not_applicable,2.323290369611795e-16,1.984477190710075e-16,0.0037697000079788268,0.002615500008687377,0.0,0.0,5.1706807773954865e-05,5.1706789090006704e-05,4.213394614800463,4.213396137286155,1.5224856921847163e-06,7.744301232039318e-17,1.9360753080098294e-16,1.1616451848058975e-16,True,0.006751099994289689,0.0,,
93,arpack_matvec,central_difference,1.0,0.0019950057818460764,0.3201397277329938,63952025.65934821,329.4540016548114,329.45759920342607,329.45439411776056,329.4579916663751,2,sparse_direct,not_applicable,3.4849355544176928e-16,4.2593656776216244e-16,0.0027571999962674454,0.002668799992534332,0.0,0.015625,5.1706799740893554e-05,5.170679740499527e-05,4.213395269384724,4.2133954597284164,1.9034369280745977e-07,3.872150616019659e-17,7.744301232039318e-17,1.1616451848058975e-16,True,0.00583829999959562,0.015625,,
94,arpack_matvec,central_difference,1.0,0.0019950057818460764,0.250987354370306,80294608.90169467,329.45419420784714,329.45799166637516,329.45400165481146,329.4577991133395,2,sparse_direct,not_applicable,1.9360753080098294e-16,1.5488602464078636e-16,0.002706600003875792,0.004541599992080592,0.0,0.0,5.170679679389087e-05,5.170680016447122e-05,4.213395509525052,4.213395234868951,2.746561005295689e-07,1.5488602464078636e-16,3.872150616019659e-17,1.9360753080098294e-16,True,0.0076283999951556325,0.0,,
95,arpack_matvec,central_difference,1.0,0.0019950057818460764,0.21543837182877035,50657071.21579548,329.4540177735291,329.4579916663751,329.4540016548114,329.4579755476573,2,sparse_direct,not_applicable,2.710505431213761e-16,1.5488602464078636e-16,0.0027157000004081056,0.0030630999972345307,0.0,0.015625,5.1706791053970764e-05,5.170680671187362e-05,4.2133959772499505,4.213394701345498,1.2759044523136254e-06,3.872150616019659e-17,0.0,3.872150616019659e-17,True,0.006149299995740876,0.015625,,
96,arpack_matvec,central_difference,1.0,0.0019950057818460764,0.263171657197785,81721068.84781621,329.45400165481146,329.4575143154419,329.4544790057446,329.45799166637516,2,sparse_direct,not_applicable,2.0812809561105665e-16,2.710505431213761e-16,0.0034256000071763992,0.0031746999884489924,0.0,0.0,5.1706791005290154e-05,5.170680576098166e-05,4.213395981216754,4.2133947788301365,1.2023866178267895e-06,3.872150616019659e-17,3.872150616019659e-17,0.0,True,0.00706950000312645,0.0,,
97,arpack_matvec,central_difference,1.0,0.0019950057818460764,0.24206692091217905,47820794.00004345,329.45400165481146,329.4575153653363,329.45447795585034,329.45799166637516,2,sparse_direct,not_applicable,2.323290369611795e-16,3.872150616019659e-16,0.003379999994649552,0.0021662000071955845,0.0,0.0,5.170678120901517e-05,5.1706816172578594e-05,4.213396779479278,4.2133939304281,2.8490511780887573e-06,7.744301232039318e-17,1.1616451848058975e-16,1.9360753080098294e-16,True,0.005822599996463396,0.0,,
98,arpack_matvec,central_difference,1.0,0.0019950057818460764,0.30813147481248065,107984029.0718945,329.4540979782756,329.4579916663751,329.4540016548114,329.4578953429109,2,sparse_direct,not_applicable,1.5488602464078636e-16,2.323290369611795e-16,0.0030402999982470647,0.0025655999925220385,0.0,0.0,5.1706788883162695e-05,5.170680783712612e-05,4.213396154141113,4.213394609652873,1.5444882395243553e-06,7.744301232039318e-17,3.872150616019659e-17,1.1616451848058975e-16,True,0.006049500007065944,0.015625,,
99,arpack_matvec,central_difference,1.0,0.0019950057818460764,0.27402673719245657,46985091.1299162,329.4540016548114,329.45763367274816,329.45435964843836,329.4579916663751,2,sparse_direct,not_applicable,3.4849355544176928e-16,2.710505431213761e-16,0.0031706000008853152,0.00331660000665579,0.0,0.0,5.1706781489049453e-05,5.170681584790124e-05,4.213396756660306,4.213393956884835,2.7997754710185063e-06,7.744301232039318e-17,3.872150616019659e-17,1.1616451848058975e-16,True,0.006830900005297735,0.0,,
100,arpack_matvec,central_difference,1.0,0.0019950057818460764,0.22028103952632494,71765206.10273828,329.45400165481146,329.45771929627335,329.4542740249133,329.45799166637516,2,sparse_direct,not_applicable,2.323290369611795e-16,1.9360753080098294e-16,0.004632500000298023,0.004992600006517023,0.015625,0.0,5.1706784250326195e-05,5.1706812547326585e-05,4.213396531653963,4.213394225836268,2.305817695003043e-06,3.872150616019659e-17,3.872150616019659e-17,0.0,True,0.010392399999545887,0.015625,,
101,arpack_matvec,central_difference,1.0,0.0019950057818460764,0.24525490828064234,51072700.11213049,329.4540016548114,329.45782524838825,329.4541680727984,329.4579916663751,2,sparse_direct,not_applicable,1.5488602464078636e-16,1.3552527156068805e-16,0.0023345999943558127,0.0036933000083081424,0.0,0.0,5.1706785959501464e-05,5.1706811698819116e-05,4.213396392379533,4.21339429497796,2.097401572420665e-06,0.0,1.1616451848058975e-16,1.1616451848058975e-16,True,0.0064464000024599954,0.0,,
102,arpack_matvec,central_difference,1.0,0.0019950057818460764,0.2699678863639169,72998961.62335896,329.45400165481146,329.45777233108174,329.4542209901049,329.45799166637516,2,sparse_direct,not_applicable,3.097720492815727e-16,1.839271542609338e-16,0.0022745000023860484,0.003478500002529472,0.0,0.015625,5.170679489272995e-05,5.1706801950116024e-05,4.213395664443625,4.213395089363389,5.750802358761575e-07,7.744301232039318e-17,7.744301232039318e-17,0.0,True,0.00618269998813048,0.015625,,
103,arpack_matvec,central_difference,1.0,0.0019950057818460764,0.25570756268042333,57086626.730594054,329.4540016548115,329.4576559492122,329.4543373719744,329.4579916663752,2,sparse_direct,not_applicable,1.9360753080098294e-16,2.323290369611795e-16,0.0033430000039516017,0.0021529999939957634,0.0,0.0,5.1706801449900344e-05,5.170679611155887e-05,4.2133951301241055,4.213395565125762,4.3500165691767734e-07,1.1616451848058975e-16,3.872150616019659e-17,1.5488602464078636e-16,True,0.005871500005014241,0.0,,
104,arpack_matvec,central_difference,1.0,0.0019950057818460764,0.24042866155521062,82830179.20809112,329.4542555431589,329.45799166637516,329.45400165481146,329.4577377780278,2,sparse_direct,not_applicable,1.9360753080098294e-16,1.9360753080098294e-16,0.0036690999986603856,0.001988200005143881,0.0,0.0,5.1706805186205345e-05,5.170679158909181e-05,4.213394825666516,4.213395933644907,1.107978391701181e-06,1.5488602464078636e-16,7.744301232039318e-17,2.323290369611795e-16,True,0.006105799999204464,0.0,,
105,arpack_matvec,central_difference,1.0,0.0019950057818460764,0.28313956389292183,53669839.84939726,329.45400165481146,329.45739160605416,329.45460171513247,329.45799166637516,2,sparse_direct,not_applicable,3.4849355544176928e-16,1.5488602464078636e-16,0.0034622000093804672,0.00294690000009723,0.015625,0.0,5.1706813082917526e-05,5.170678419620561e-05,4.213394182192972,4.213396536064051,2.353871079385783e-06,3.872150616019659e-17,3.872150616019659e-17,7.744301232039318e-17,True,0.006750000000465661,0.015625,,
106,arpack_matvec,central_difference,1.0,0.0019950057818460764,0.2593017589916348,87096422.19981723,329.4540016548114,329.4577165415399,329.4542767796467,329.4579916663751,2,sparse_direct,not_applicable,2.323290369611795e-16,1.9360753080098294e-16,0.0023159999982453883,0.0028452999977162108,0.0,0.0,5.170681158766015e-05,5.170678502386127e-05,4.213394304035888,4.213396468621423,2.164585534814023e-06,1.1616451848058975e-16,7.744301232039318e-17,3.872150616019659e-17,True,0.005497100006323308,0.0,,
107,arpack_matvec,central_difference,1.0,0.0019950057818460764,0.2310412535587683,50032708.82791787,329.45400165481146,329.4579573197195,329.454036001467,329.45799166637516,2,sparse_direct,not_applicable,2.323290369611795e-16,2.710505431213761e-16,0.0029313000122783706,0.002530300000216812,0.0,0.015625,5.1706829140041973e-05,5.170676824934009e-05,4.213392873758557,4.213397835516139,4.9617575816895965e-06,3.872150616019659e-17,7.744301232039318e-17,3.872150616019659e-17,True,0.006098699988797307,0.015625,,
108,arpack_matvec,central_difference,1.0,0.0019950057818460764,0.25898824800588566,76263477.5034517,329.45400165481146,329.45779325209634,329.4542000690902,329.45799166637516,2,sparse_direct,not_applicable,1.5488602464078636e-16,3.872150616019659e-16,0.003301300006569363,0.002167900005588308,0.0,0.0,5.1706820703387976e-05,5.170677591177276e-05,4.21339356122952,4.2133972111322615,3.649902741820199e-06,0.0,3.872150616019659e-17,3.872150616019659e-17,True,0.005810899994685315,0.0,,
109,arpack_matvec,central_difference,1.0,0.0019950057818460764,0.26644685214104524,51530231.61057733,329.45400165481146,329.457914713557,329.4540786076295,329.45799166637516,2,sparse_direct,not_applicable,2.710505431213761e-16,2.323290369611795e-16,0.00266909999481868,0.003826999993179925,0.0,0.0,5.170683432236492e-05,5.170676274256998e-05,4.21339245147081,4.213398284242999,5.832772188796298e-06,1.1616451848058975e-16,1.5488602464078636e-16,3.872150616019659e-17,True,0.006908600000315346,0.0,,
110,arpack_matvec,central_difference,1.0,0.0019950057818460764,0.28267493662269066,94797953.09218997,329.4540016548114,329.4577815536778,329.4542117675087,329.4579916663751,2,sparse_direct,not_applicable,1.5488602464078636e-16,2.710505431213761e-16,0.002168599996366538,0.003222200000891462,0.0,0.0,5.170681947262721e-05,5.1706777208444e-05,4.21339366151957,4.2133971054712385,3.4439516687356786e-06,1.1616451848058975e-16,1.9360753080098294e-16,7.744301232039318e-17,True,0.005802900006528944,0.015625,,
111,arpack_matvec,central_difference,1.0,0.0019950057818460764,0.19862201618772585,49630345.538848266,329.4540336838284,329.4579916663751,329.4540016548114,329.4579596373582,2,sparse_direct,not_applicable,1.5488602464078636e-16,2.710505431213761e-16,0.0027431000053184107,0.0029492000030586496,0.0,0.0,5.170683280785263e-05,5.170676508833271e-05,4.2133925748826355,4.213398093095232,5.518212596200556e-06,3.872150616019659e-17,0.0,3.872150616019659e-17,True,0.006144500002847053,0.0,,
112,arpack_matvec,central_difference,1.0,0.0019950057818460764,0.3078106563806804,91855898.93550643,329.4540016548114,329.45731496050416,329.45467836068246,329.4579916663751,2,sparse_direct,not_applicable,1.9360753080098294e-16,1.9360753080098294e-16,0.004252700004144572,0.0018678000051295385,0.0,0.0,5.170681533318829e-05,5.170678147439881e-05,4.2133939988268585,4.213396757854134,2.7590272750899203e-06,3.872150616019659e-17,3.872150616019659e-17,7.744301232039318e-17,True,0.0065790999942692,0.0,,
113,arpack_matvec,central_difference,1.0,0.0019950057818460764,0.2305637942687826,53298322.75657859,329.45424407641104,329.45799166637505,329.45400165481135,329.45774924477547,2,sparse_direct,not_applicable,1.5488602464078636e-16,2.323290369611795e-16,0.0030288000125437975,0.002464500008500181,0.0,0.0,5.170684889208224e-05,5.1706748671889365e-05,4.213391264240524,4.21339943081251,8.1665719857682e-06,1.1616451848058975e-16,3.872150616019659e-17,1.5488602464078636e-16,True,0.00586049999401439,0.0,,
114,arpack_matvec,central_difference,1.0,0.0019950057818460764,0.24453340348779048,81067384.05237567,329.4540016548114,329.4576624162667,329.4543309049199,329.4579916663751,2,sparse_direct,not_applicable,1.9360753080098294e-16,2.710505431213761e-16,0.00290250001125969,0.004038200000650249,0.0,0.015625,5.170683888799852e-05,5.170675793604895e-05,4.213392079434798,4.213398675909161,6.596474363185223e-06,1.5488602464078636e-16,7.744301232039318e-17,2.323290369611795e-16,True,0.0075059000082546845,0.015625,,
115,arpack_matvec,central_difference,1.0,0.0019950057818460764,0.2412749556738684,48636316.26044385,329.45435365442233,329.4579916663751,329.4540016548114,329.4576396667643,2,sparse_direct,not_applicable,2.323290369611795e-16,3.097720492815727e-16,0.0022637999936705455,0.0026618999982019886,0.0,0.0,5.170685162820442e-05,5.170674608006557e-05,4.213391041284515,4.2133996420110424,8.600726527419056e-06,1.1616451848058975e-16,7.744301232039318e-17,1.9360753080098294e-16,True,0.005301800003508106,0.0,,
116,arpack_matvec,central_difference,1.0,0.0019950057818460764,0.26591686490880545,78009439.508,329.4540016548114,329.45764300787124,329.45435031331516,329.4579916663751,2,sparse_direct,not_applicable,1.9360753080098294e-16,2.323290369611795e-16,0.0029760000034002587,0.002851599987479858,0.0,0.0,5.17068135978387e-05,5.1706783269753815e-05,4.213394140233978,4.213396611557218,2.4713232393835938e-06,7.744301232039318e-17,3.872150616019659e-17,3.872150616019659e-17,True,0.006198200004291721,0.0,,
117,arpack_matvec,central_difference,1.0,0.0019950057818460764,0.27401635368167226,52251332.27873081,329.4546234328336,329.4579916663751,329.4540016548114,329.4573698883529,2,sparse_direct,not_applicable,2.323290369611795e-16,1.5488602464078636e-16,0.0028491999983089045,0.002938599995104596,0.015625,0.0,5.170679782485523e-05,5.1706799603147566e-05,4.213395425515584,4.213395280609133,1.4490645128262258e-07,3.872150616019659e-17,1.1616451848058975e-16,1.5488602464078636e-16,True,0.006175000002258457,0.015625,,
118,arpack_matvec,central_difference,1.0,0.0019950057818460764,0.23061099558326714,68606524.89466983,329.4540016548114,329.4575415423649,329.45445177882164,329.4579916663751,2,sparse_direct,not_applicable,1.9360753080098294e-16,1.9360753080098294e-16,0.002515000000130385,0.002539200009778142,0.0,0.0,5.17067779546631e-05,5.1706818706636633e-05,4.2133970446645606,4.213393723937253,3.320727307354332e-06,1.1616451848058975e-16,3.872150616019659e-17,1.5488602464078636e-16,True,0.00535739999031648,0.0,,
119,arpack_matvec,central_difference,1.0,0.0019950057818460764,0.20554560162506727,43034056.95010733,329.45400165481146,329.45774552772775,329.454247793459,329.45799166637516,2,sparse_direct,not_applicable,1.3552527156068805e-16,2.323290369611795e-16,0.0028433000115910545,0.0028369000065140426,0.0,0.0,5.1706741836251745e-05,5.170685551304536e-05,4.213399987824432,4.2133907247239,9.263100531953228e-06,7.744301232039318e-17,3.872150616019659e-17,3.872150616019659e-17,True,0.006081799991079606,0.0,,
120,arpack_matvec,central_difference,1.0,0.0019950057818460764,0.2631329159225232,93951339.74315311,329.4541004576813,329.4579916663752,329.4540016548115,329.45789286350544,2,sparse_direct,not_applicable,3.4849355544176928e-16,1.9360753080098294e-16,0.0035897000052500516,0.00230540000484325,0.015625,0.0,5.170675654811398e-05,5.1706840109949946e-05,4.213398789007018,4.213391979862663,6.8091443550244435e-06,7.744301232039318e-17,0.0,7.744301232039318e-17,True,0.006233399995835498,0.015625,,
121,arpack_matvec,central_difference,1.0,0.0019950057818460764,0.22613905111365756,49434892.32907271,329.4541112950566,329.45799166637516,329.45400165481146,329.45788202612994,2,sparse_direct,not_applicable,2.323290369611795e-16,1.9360753080098294e-16,0.002115299997967668,0.002860799999325536,0.0,0.0,5.170672107375199e-05,5.1706876290861396e-05,4.213401679687974,4.213389031621093,1.2648066880949216e-05,1.1616451848058975e-16,7.744301232039318e-17,1.9360753080098294e-16,True,0.005347600003005937,0.0,,
122,arpack_matvec,central_difference,1.0,0.0019950057818460764,0.2640145770491134,81395085.39226292,329.454491871325,329.45799166637516,329.45400165481146,329.45750144986164,2,sparse_direct,not_applicable,1.5488602464078636e-16,3.4849355544176928e-16,0.00278539999271743,0.0027846000011777505,0.0,0.015625,5.170675223191926e-05,5.1706844428569484e-05,4.213399140718328,4.213391627954958,7.512763370520759e-06,2.323290369611795e-16,1.1616451848058975e-16,1.1616451848058975e-16,True,0.0059692999930121005,0.015625,,
123,arpack_matvec,central_difference,1.0,0.0019950057818460764,0.2692714457717484,51106067.586729795,329.4544310065359,329.45799166637516,329.45400165481146,329.4575623146506,2,sparse_direct,not_applicable,1.5488602464078636e-16,1.6940658945086007e-16,0.003993499994976446,0.0022438000014517456,0.0,0.0,5.1706708106431546e-05,5.170688911531411e-05,4.213402736350285,4.213387986607375,1.4749742909714314e-05,3.872150616019659e-17,0.0,3.872150616019659e-17,True,0.006579100008821115,0.0,,
124,arpack_matvec,central_difference,1.0,0.0019950057818460764,0.2732987991003265,88528948.40067573,329.4542587303783,329.45799166637516,329.45400165481146,329.45773459080834,2,sparse_direct,not_applicable,2.323290369611795e-16,2.323290369611795e-16,0.0022160000080475584,0.002375299998675473,0.0,0.0,5.170673013282332e-05,5.1706866472538605e-05,4.2134009414957445,4.213389831677572,1.1109818172094776e-05,1.1616451848058975e-16,7.744301232039318e-17,1.9360753080098294e-16,True,0.004951800001435913,0.0,,
125,arpack_matvec,central_difference,1.0,0.0019950057818460764,0.2651997094056371,46595084.84910483,329.4540016548114,329.4576687318433,329.45432458934334,329.4579916663751,2,sparse_direct,not_applicable,2.323290369611795e-16,2.323290369611795e-16,0.0023409999994328246,0.0021520000009331852,0.015625,0.0,5.170669260778005e-05,5.170690450731914e-05,4.213403999282748,4.213386732374702,1.726690804559894e-05,1.5488602464078636e-16,0.0,1.5488602464078636e-16,True,0.004779700000653975,0.015625,,
126,arpack_matvec,central_difference,1.0,0.0019950057818460764,0.2257456752908413,82542964.44304495,329.45400165481146,329.4579562719054,329.4540370492811,329.45799166637516,2,sparse_direct,not_applicable,1.9360753080098294e-16,2.323290369611795e-16,0.003737200007890351,0.0026704999909270555,0.0,0.0,5.170672799973751e-05,5.170686867782904e-05,4.213401115313468,4.213389651977108,1.1463336360151288e-05,0.0,7.744301232039318e-17,7.744301232039318e-17,True,0.006767699989723042,0.0,,
127,arpack_matvec,central_difference,1.0,0.0019950057818460764,0.2596309913887946,51472963.883963384,329.45400165481146,329.45798958809524,329.4540037330915,329.45799166637516,2,sparse_direct,not_applicable,2.323290369611795e-16,2.323290369611795e-16,0.0028003999905195087,0.002751899999566376,0.0,0.0,5.170672717703364e-05,5.1706870331327524e-05,4.213401182352741,4.2133895172400155,1.1665112725545157e-05,1.5488602464078636e-16,0.0,1.5488602464078636e-16,True,0.005944599994109012,0.0,,
128,arpack_matvec,central_difference,1.0,0.0019950057818460764,0.26197028299847586,70695322.75696996,329.45400165481146,329.457654965893,329.4543383552937,329.45799166637516,2,sparse_direct,not_applicable,2.710505431213761e-16,1.9360753080098294e-16,0.002736700000241399,0.003939400005037896,0.015625,0.0,5.170676483972886e-05,5.1706831970824626e-05,4.2133981133530645,4.213392643088857,5.4702642078297e-06,0.0,7.744301232039318e-17,7.744301232039318e-17,True,0.007066999998642132,0.015625,,
129,arpack_matvec,central_difference,1.0,0.0019950057818460764,0.2238035007291373,54120652.94547404,329.4542160546033,329.45799166637516,329.45400165481146,329.4577772665832,2,sparse_direct,not_applicable,1.1616451848058975e-16,3.097720492815727e-16,0.003003400008310564,0.0020612999942386523,0.0,0.0,5.170677690692451e-05,5.17068209016053e-05,4.213397130040964,4.213393545077539,3.584963425673493e-06,3.872150616019659e-17,1.1616451848058975e-16,1.5488602464078636e-16,True,0.0055585999944014475,0.0,,
130,arpack_matvec,central_difference,1.0,0.0019950057818460764,0.20044343541034068,66881807.18428833,329.45412492526134,329.45799166637516,329.45400165481146,329.4578683959253,2,sparse_direct,not_applicable,2.323290369611795e-16,1.9360753080098294e-16,0.0033370999881299213,0.0023809999984223396,0.0,0.0,5.170681180582676e-05,5.1706784880063275e-05,4.213394286258309,4.213396480338995,2.1940806860243356e-06,7.744301232039318e-17,1.1616451848058975e-16,1.9360753080098294e-16,True,0.006091200004448183,0.0,,
131,arpack_matvec,central_difference,1.0,0.0019950057818460764,0.24206257733531567,44318925.350846246,329.4540016548114,329.45767101456755,329.4543223066191,329.4579916663751,2,sparse_direct,not_applicable,3.097720492815727e-16,1.5488602464078636e-16,0.0019342000014148653,0.0017913000046974048,0.015625,0.0,5.17068331623093e-05,5.170676413784646e-05,4.213392545999314,4.213398170546935,5.624547621430054e-06,3.872150616019659e-17,3.872150616019659e-17,7.744301232039318e-17,True,0.004069500006153248,0.015625,,
132,arpack_matvec,central_difference,1.0,0.0019950057818460764,0.2510835914451663,77740551.22369526,329.45404538426243,329.4579916663752,329.4540016548115,329.4579479369242,2,sparse_direct,not_applicable,1.5488602464078636e-16,1.5488602464078636e-16,0.0024659000046085566,0.002609699993627146,0.0,0.0,5.1706835173347603e-05,5.170676153365879e-05,4.213392382127482,4.213398382752829,6.000625346835875e-06,1.1616451848058975e-16,3.872150616019659e-17,1.5488602464078636e-16,True,0.005339100011042319,0.0,,
133,arpack_matvec,central_difference,1.0,0.0019950057818460764,0.26587045389625985,50153889.11921805,329.45400165481146,329.45756461470353,329.4544287064829,329.45799166637516,2,sparse_direct,not_applicable,1.9360753080098294e-16,2.710505431213761e-16,0.0035820000048261136,0.0023077000078046694,0.0,0.0,5.170687844640013e-05,5.1706718851392395e-05,4.213388855974766,4.21340186078037,1.300480560395556e-05,1.5488602464078636e-16,0.0,1.5488602464078636e-16,True,0.006300099994405173,0.0,,
134,arpack_matvec,central_difference,1.0,0.0019950057818460764,0.2273839034129224,67856607.87979493,329.454274874555,329.4579916663751,329.4540016548114,329.45771844663153,2,sparse_direct,not_applicable,1.9360753080098294e-16,3.097720492815727e-16,0.002146499988157302,0.0027181000041309744,0.015625,0.0,5.170690445382497e-05,5.170669216259343e-05,4.213386736733726,4.213404035559504,1.729882577805597e-05,0.0,3.872150616019659e-17,3.872150616019659e-17,True,0.005201799998758361,0.015625,,
135,arpack_matvec,central_difference,1.0,0.0019950057818460764,0.2904655150877551,52450863.20365024,329.45400165481146,329.45744043664797,329.45455288453854,329.45799166637516,2,sparse_direct,not_applicable,2.323290369611795e-16,1.9360753080098294e-16,0.002052800002275035,0.0027113000105600804,0.0,0.0,5.170689471439846e-05,5.170670238670745e-05,4.213387530360392,4.213403202431084,1.5672070691863382e-05,0.0,3.872150616019659e-17,3.872150616019659e-17,True,0.0050792999973054975,0.0,,
136,arpack_matvec,central_difference,1.0,0.0019950057818460764,0.28565087935881023,85062027.40002264,329.45400165481146,329.45775329481546,329.45424002637105,329.45799166637516,2,sparse_direct,not_applicable,2.710505431213761e-16,1.5488602464078636e-16,0.003521899998304434,0.002141100005246699,0.0,0.0,5.1706857137194604e-05,5.1706739487913886e-05,4.2133905923782935,4.213400179182209,9.586803915162534e-06,3.872150616019659e-17,0.0,3.872150616019659e-17,True,0.00598790000367444,0.0,,
137,arpack_matvec,central_difference,1.0,0.0019950057818460764,0.19072932267256013,42005299.14685105,329.4541106648654,329.4579916663751,329.4540016548114,329.4578826563211,2,sparse_direct,not_applicable,2.710505431213761e-16,3.097720492815727e-16,0.0021102000027894974,0.002550000004703179,0.0,0.0,5.170704206255629e-05,5.1706554941505965e-05,4.213375523584022,4.213415217273009,3.969368898726344e-05,7.744301232039318e-17,0.0,7.744301232039318e-17,True,0.005086000004666857,0.0,,
138,arpack_matvec,central_difference,1.0,0.0019950057818460764,0.19205746304737092,67425733.7130956,329.4540016548114,329.45783586623565,329.45415745495086,329.4579916663751,2,sparse_direct,not_applicable,2.323290369611795e-16,3.097720492815727e-16,0.002267000003485009,0.002833999998983927,0.0,0.0,5.17069610433129e-05,5.170663543976083e-05,4.213382125490035,4.213408657716984,2.653222694881663e-05,3.872150616019659e-17,3.872150616019659e-17,0.0,True,0.005426500007160939,0.0,,
139,arpack_matvec,central_difference,1.0,0.0019950057818460764,0.3365580654162487,65562001.98794062,329.4540016548114,329.4572562180242,329.4547371031622,329.4579916663751,2,sparse_direct,not_applicable,1.1616451848058975e-16,1.5488602464078636e-16,0.0034262999979546294,0.0020321000047260895,0.0,0.015625,5.17069097903509e-05,5.1706687310623e-05,4.213386301881833,4.213404430930255,1.812904842157792e-05,0.0,3.872150616019659e-17,3.872150616019659e-17,True,0.00584270000399556,0.015625,,
140,arpack_matvec,central_difference,1.0,0.0019950057818460764,0.3471666700088501,82099009.09632428,329.4540016548114,329.4570700772787,329.45492324390784,329.4579916663751,2,sparse_direct,not_applicable,1.1616451848058975e-16,2.323290369611795e-16,0.003188900009263307,0.0036323999956948683,0.0,0.0,5.170690054524546e-05,5.170669623802421e-05,4.213387055228103,4.2134037034664145,1.664823831148965e-05,0.0,3.872150616019659e-17,3.872150616019659e-17,True,0.007138200002373196,0.0,,
141,arpack_matvec,central_difference,1.0,0.0019950057818460764,0.20712681138427663,49506556.676802196,329.45400165481146,329.45770350807805,329.4542898131086,329.45799166637516,2,sparse_direct,not_applicable,1.9360753080098294e-16,2.710505431213761e-16,0.002961399994092062,0.003601799995522015,0.0,0.0,5.1707045557731e-05,5.170655196292665e-05,4.213375238777891,4.213415459988699,4.022121080815566e-05,0.0,0.0,0.0,True,0.006995100004132837,0.0,,
142,arpack_matvec,central_difference,1.0,0.0019950057818460764,0.26414999732353567,80002418.20132029,329.45452105901114,329.4579916663751,329.4540016548114,329.4574722621754,2,sparse_direct,not_applicable,2.323290369611795e-16,1.9360753080098294e-16,0.0020154999947408214,0.0025591000012354925,0.015625,0.0,5.1706887962903635e-05,5.1706708787322396e-05,4.213388080512707,4.21340268086682,1.4600354113269987e-05,1.1616451848058975e-16,7.744301232039318e-17,1.9360753080098294e-16,True,0.004891799995675683,0.015625,,
143,arpack_matvec,central_difference,1.0,0.0019950057818460764,0.2635478198685654,60356583.49553211,329.4540016548114,329.4574436501972,329.4545496709893,329.4579916663751,2,sparse_direct,not_applicable,1.5488602464078636e-16,2.710505431213761e-16,0.0019039000035263598,0.0028869999950984493,0.0,0.0,5.1706842735242555e-05,5.170675462210243e-05,4.213391765937653,4.213398945950821,7.1800131680177515e-06,0.0,1.1616451848058975e-16,1.1616451848058975e-16,True,0.005122200003825128,0.0,,
144,arpack_matvec,central_difference,1.0,0.0019950057818460764,0.23422093814249534,70452042.07749379,329.4540016548114,329.4576815418984,329.4543117792882,329.4579916663751,2,sparse_direct,not_applicable,1.5488602464078636e-16,3.097720492815727e-16,0.0025931999989552423,0.00325140000495594,0.0,0.015625,5.170681504647044e-05,5.170678183857223e-05,4.2133940221904185,4.213396728178973,2.7059885541191875e-06,3.872150616019659e-17,1.9360753080098294e-16,2.323290369611795e-16,True,0.0062300999998115,0.015625,,
145,arpack_matvec,central_difference,1.0,0.0019950057818460764,0.23192139448391294,55810115.7634634,329.4540016548114,329.4574500129134,329.4545433082731,329.4579916663751,2,sparse_direct,not_applicable,2.710505431213761e-16,1.6940658945086007e-16,0.0018979000014951453,0.002257400003145449,0.0,0.0,5.170676840592128e-05,5.170682922037089e-05,4.213397822756903,4.213392867212859,4.9555440444493115e-06,0.0,1.1616451848058975e-16,1.1616451848058975e-16,True,0.004438500007381663,0.0,,
146,arpack_matvec,central_difference,1.0,0.0019950057818460764,0.2663554136411598,79423653.41339365,329.45429236995574,329.4579916663751,329.4540016548114,329.4577009512308,2,sparse_direct,not_applicable,2.323290369611795e-16,1.9360753080098294e-16,0.002750300001935102,0.002819800007273443,0.0,0.0,5.1706750916593665e-05,5.1706845832641506e-05,4.213399247899531,4.21339151354254,7.734356991306868e-06,7.744301232039318e-17,3.872150616019659e-17,1.1616451848058975e-16,True,0.00594420000561513,0.0,,
147,arpack_matvec,central_difference,1.0,0.0019950057818460764,0.25889242771686605,50727203.71541441,329.45400165481146,329.45761983368317,329.45437348750346,329.45799166637516,2,sparse_direct,not_applicable,1.9360753080098294e-16,1.5488602464078636e-16,0.0027474000089569017,0.003347999998368323,0.0,0.015625,5.170664405542201e-05,5.170695330080212e-05,4.213407955654376,4.213382756394671,2.5199259705566135e-05,1.1616451848058975e-16,7.744301232039318e-17,3.872150616019659e-17,True,0.0064937999995891005,0.015625,,
148,arpack_matvec,central_difference,1.0,0.0019950057818460764,0.28156037912248805,84156881.90739413,329.4546274883553,329.45799166637516,329.45400165481146,329.4573658328312,2,sparse_direct,not_applicable,1.5488602464078636e-16,1.5488602464078636e-16,0.002937099998234771,0.0029787999956170097,0.0,0.0,5.170667437427745e-05,5.17069223627359e-05,4.213405485069906,4.213385277409436,2.0207660470283884e-05,3.872150616019659e-17,0.0,3.872150616019659e-17,True,0.00633170000219252,0.0,,
149,arpack_matvec,central_difference,1.0,0.0019950057818460764,0.24587740979498507,53290424.11695337,329.4540016548114,329.45770459524164,329.454288725945,329.4579916663751,2,sparse_direct,not_applicable,2.710505431213761e-16,2.323290369611795e-16,0.002850500008207746,0.002718699994147755,0.0,0.0,5.170660508166686e-05,5.1706992312823975e-05,4.2134111315026015,4.213379577471032,3.155403156984704e-05,1.9360753080098294e-16,7.744301232039318e-17,2.710505431213761e-16,True,0.005985900002997369,0.0,,
150,arpack_matvec,central_difference,1.0,0.0019950057818460764,0.21377619108518822,69053833.36011189,329.45400165481146,329.4577737756144,329.45421954557224,329.45799166637516,2,sparse_direct,not_applicable,1.6940658945086007e-16,2.710505431213761e-16,0.003159400002914481,0.00245649999123998,0.015625,0.0,5.170663471229262e-05,5.170696193798846e-05,4.213408716996048,4.213382052586699,2.66644093489532e-05,3.872150616019659e-17,7.744301232039318e-17,1.1616451848058975e-16,True,0.006057699996745214,0.015625,,
151,arpack_matvec,central_difference,1.0,0.0019950057818460764,0.288967261801886,62426457.43781142,329.45439753905606,329.45799166637516,329.45400165481146,329.45759578213057,2,sparse_direct,not_applicable,2.323290369611795e-16,3.097720492815727e-16,0.002615899997181259,0.002769400001852773,0.0,0.0,5.170665394410853e-05,5.17069432623898e-05,4.213407149857302,4.213383574382946,2.3575474355830295e-05,7.744301232039318e-17,7.744301232039318e-17,1.5488602464078636e-16,True,0.005712199999834411,0.0,,
152,arpack_matvec,central_difference,1.0,0.0019950057818460764,0.2460794746367768,75225641.78679748,329.45451760854326,329.4579916663751,329.4540016548114,329.4574757126434,2,sparse_direct,not_applicable,2.323290369611795e-16,2.323290369611795e-16,0.00271499999507796,0.0026477000064915046,0.0,0.015625,5.170672316489833e-05,5.1706873511619126e-05,4.213401509287705,4.213389258090576,1.2251197128776425e-05,3.872150616019659e-17,3.872150616019659e-17,0.0,True,0.005745200003730133,0.015625,,
153,arpack_matvec,central_difference,1.0,0.0019950057818460764,0.20824886967623202,43685355.56888346,329.4540016548114,329.45792320451454,329.45407011667197,329.4579916663751,2,sparse_direct,not_applicable,1.9360753080098294e-16,1.5488602464078636e-16,0.003996300001745112,0.0031352000078186393,0.0,0.0,5.170674264362936e-05,5.170685524165042e-05,4.213399922034079,4.213390746838819,9.175195260446856e-06,3.872150616019659e-17,1.1616451848058975e-16,7.744301232039318e-17,True,0.007501799991587177,0.0,,
154,arpack_matvec,central_difference,1.0,0.0019950057818460764,0.25006564287354965,85207806.07431282,329.4540016548115,329.4577343447219,329.4542589764648,329.4579916663752,2,sparse_direct,not_applicable,1.5488602464078636e-16,5.033795800825557e-16,0.0019576000049710274,0.0025138000055449083,0.0,0.0,5.170679939051059e-05,5.1706797385988235e-05,4.213395297936131,4.21339546127723,1.6334109886884107e-07,7.744301232039318e-17,1.1616451848058975e-16,1.9360753080098294e-16,True,0.004750199994305149,0.0,,
155,arpack_matvec,central_difference,1.0,0.0019950057818460764,0.19308295500384196,52703787.37008101,329.4540016548114,329.45788212934673,329.4541111918398,329.4579916663751,2,sparse_direct,not_applicable,1.5488602464078636e-16,2.323290369611795e-16,0.0028332999936537817,0.004214900007355027,0.0,0.015625,5.170687275267368e-05,5.170672533274907e-05,4.213389319934048,4.213401332637075,1.2012703026975657e-05,1.1616451848058975e-16,7.744301232039318e-17,3.872150616019659e-17,True,0.007438600005116314,0.015625,,
156,arpack_matvec,central_difference,1.0,0.0019950057818460764,0.2245077969015211,76816859.08744402,329.4540217246392,329.45799166637516,329.45400165481146,329.45797159654745,2,sparse_direct,not_applicable,1.9360753080098294e-16,3.097720492815727e-16,0.002410400004009716,0.0029242999880807474,0.0,0.0,5.1706879504341395e-05,5.170671725917579e-05,4.213388769767322,4.213401990524604,1.322075728182881e-05,7.744301232039318e-17,1.5488602464078636e-16,7.744301232039318e-17,True,0.005698599998140708,0.0,,
157,arpack_matvec,central_difference,1.0,0.0019950057818460764,0.25453174224943503,59116462.64129971,329.4541061770945,329.45799166637516,329.45400165481146,329.4578871440921,2,sparse_direct,not_applicable,1.1616451848058975e-16,1.9360753080098294e-16,0.002851899989764206,0.002595199999632314,0.0,0.0,5.1706951549308575e-05,5.170664594662195e-05,4.213382899116539,4.2134078015465875,2.4902430048712176e-05,7.744301232039318e-17,3.872150616019659e-17,1.1616451848058975e-16,True,0.005844500003149733,0.0,,
158,arpack_matvec,central_difference,1.0,0.0019950057818460764,0.2627260400607031,79755605.33692667,329.45423652091745,329.4579916663751,329.4540016548114,329.4577568002692,2,sparse_direct,not_applicable,2.323290369611795e-16,2.323290369611795e-16,0.004242999988491647,0.002401400008238852,0.015625,0.0,5.170692704757478e-05,5.170666962861695e-05,4.213384895661142,4.213405871778083,2.097611694118484e-05,1.1616451848058975e-16,1.1616451848058975e-16,2.323290369611795e-16,True,0.006998099997872487,0.015625,,
159,arpack_matvec,central_difference,1.0,0.0019950057818460764,0.2995895028969448,48634899.44164269,329.45400165481146,329.45780367663195,329.4541896445547,329.45799166637516,2,sparse_direct,not_applicable,1.9360753080098294e-16,2.323290369611795e-16,0.002904499997384846,0.0028414000116754323,0.0,0.0,5.17069941040184e-05,5.170660285510211e-05,4.213379431514336,4.213411312938476,3.1881424139790226e-05,3.872150616019659e-17,7.744301232039318e-17,1.1616451848058975e-16,True,0.006155000010039657,0.0,,
160,arpack_matvec,central_difference,1.0,0.0019950057818460764,0.2958627419775215,81734216.67178258,329.45400165481135,329.45744341659065,329.454549904596,329.45799166637505,2,sparse_direct,not_applicable,1.9360753080098294e-16,3.872150616019659e-16,0.002713999987463467,0.0024504999892087653,0.015625,0.0,5.1706914192760416e-05,5.1706682506566883e-05,4.213385943147373,4.213404822396703,1.887924933008378e-05,0.0,3.872150616019659e-17,3.872150616019659e-17,True,0.005538800003705546,0.015625,,
161,arpack_matvec,central_difference,1.0,0.0019950057818460764,0.2659366263878273,55939229.62672696,329.4541559345029,329.4579916663751,329.4540016548114,329.4578373866836,2,sparse_direct,not_applicable,1.5488602464078636e-16,1.5004583637076176e-16,0.002748500002780929,0.0024760000087553635,0.0,0.0,5.1706931768274065e-05,5.1706665610121994e-05,4.213384510990801,4.2134061992320015,2.168824120030166e-05,0.0,0.0,0.0,True,0.005488399998284876,0.0,,
162,arpack_matvec,central_difference,1.0,0.0019950057818460764,0.2845404172994846,93223466.60296173,329.4543260628106,329.4579916663751,329.4540016548114,329.4576672583759,2,sparse_direct,not_applicable,2.323290369611795e-16,1.5488602464078636e-16,0.0028454000130295753,0.002686299994820729,0.0,0.0,5.170687885531198e-05,5.170671791277621e-05,4.213388822654158,4.213401937264961,1.311461080266696e-05,1.1616451848058975e-16,7.744301232039318e-17,1.9360753080098294e-16,True,0.005918900002143346,0.0,,
163,arpack_matvec,central_difference,1.0,0.0019950057818460764,0.2218350193905819,49079634.79873743,329.4540016548114,329.4576867060384,329.45430661514814,329.4579916663751,2,sparse_direct,not_applicable,3.097720492815727e-16,1.5488602464078636e-16,0.002890000003390014,0.0018783999985316768,0.015625,0.0,5.1707038910850045e-05,5.1706558523226606e-05,4.213375780402479,4.21341492540914,3.9145006661023274e-05,7.744301232039318e-17,1.1616451848058975e-16,3.872150616019659e-17,True,0.005255900003248826,0.015625,,
164,arpack_matvec,central_difference,1.0,0.0019950057818460764,0.2577858852114593,82327709.83304195,329.45400165481135,329.4579131699754,329.4540801512112,329.45799166637505,2,sparse_direct,not_applicable,1.1616451848058975e-16,1.9360753080098294e-16,0.0020447999995667487,0.0026996999949915335,0.0,0.0,5.170697569424294e-05,5.170662092382848e-05,4.21338093164789,4.213409840574304,2.890892641360665e-05,1.5488602464078636e-16,3.872150616019659e-17,1.1616451848058975e-16,True,0.0058539000019663945,0.0,,
165,arpack_matvec,central_difference,1.0,0.0019950057818460764,0.23111336636701812,47730003.33948317,329.4540016548114,329.45758949304656,329.4544038281401,329.4579916663751,2,sparse_direct,not_applicable,2.323290369611795e-16,2.323290369611795e-16,0.002725099999224767,0.002701000004890375,0.0,0.015625,5.170710466414616e-05,5.17064925059391e-05,4.213370422466714,4.213420304970024,4.988250330928423e-05,0.0,1.1616451848058975e-16,1.1616451848058975e-16,True,0.005823600004077889,0.015625,,
166,arpack_matvec,central_difference,1.0,0.0019950057818460764,0.2381048167071507,83568790.6595275,329.454016959053,329.4579916663751,329.4540016548114,329.45797636213354,2,sparse_direct,not_applicable,1.5488602464078636e-16,1.9360753080098294e-16,0.0030163000046741217,0.0027313000027788803,0.0,0.0,5.170696926010073e-05,5.1706627484561736e-05,4.213381455938764,4.213409305960863,2.7850022099151772e-05,0.0,0.0,0.0,True,0.006127000000560656,0.0,,
167,arpack_matvec,central_difference,1.0,0.0019950057818460764,0.32766816107189495,50127762.3702822,329.45400165481146,329.45737282098304,329.4546205002036,329.45799166637516,2,sparse_direct,not_applicable,1.5488602464078636e-16,1.9360753080098294e-16,0.001999300002353266,0.0028590000001713634,0.0,0.0,5.170692228884009e-05,5.170667494161277e-05,4.2133852834309025,4.213405438839632,2.015540872957189e-05,7.744301232039318e-17,7.744301232039318e-17,1.5488602464078636e-16,True,0.005204000000958331,0.0,,
168,arpack_matvec,central_difference,1.0,0.0019950057818460764,0.24019520758404442,76301997.03362812,329.45400165481146,329.4577910388195,329.454202282367,329.45799166637516,2,sparse_direct,not_applicable,1.5488602464078636e-16,3.097720492815727e-16,0.002527200005715713,0.0030647999956272542,0.0,0.015625,5.170688371727979e-05,5.1706713118304055e-05,4.21338842647169,4.213402327949981,1.390147829116728e-05,3.872150616019659e-17,3.872150616019659e-17,0.0,True,0.005957599991234019,0.015625,,
169,arpack_matvec,central_difference,1.0,0.0019950057818460764,0.19218954593255025,47339741.8356006,329.4541265801887,329.45799166637516,329.45400165481146,329.4578667409978,2,sparse_direct,not_applicable,1.9360753080098294e-16,2.323290369611795e-16,0.0020222000021021813,0.003252000009524636,0.0,0.0,5.1706885801169214e-05,5.170671211946838e-05,4.213388256663831,4.213402409341668,1.4152677837664385e-05,3.872150616019659e-17,7.744301232039318e-17,3.872150616019659e-17,True,0.005736099992645904,0.0,,
170,arpack_matvec,central_difference,1.0,0.0019950057818460764,0.23537775699873317,74399665.35362048,329.45435265967114,329.4579916663752,329.4540016548115,329.4576406615155,2,sparse_direct,not_applicable,1.5488602464078636e-16,1.5488602464078636e-16,0.0019365999905858189,0.0028144000098109245,0.0,0.0,5.170677974640856e-05,5.170681693740376e-05,4.2133968986617525,4.213393868105375,3.0305563774035704e-06,3.872150616019659e-17,7.744301232039318e-17,1.1616451848058975e-16,True,0.005143300004419871,0.0,,
171,arpack_matvec,central_difference,1.0,0.0019950057818460764,0.2147156360053299,52980293.39412394,329.454192480945,329.4579916663751,329.4540016548114,329.45780084024153,2,sparse_direct,not_applicable,1.839271542609338e-16,2.0812809561105665e-16,0.0027086000045528635,0.002356800003326498,0.015625,0.0,5.170668451296939e-05,5.170691300796152e-05,4.213404658901672,4.213386039691814,1.8619209857462238e-05,3.872150616019659e-17,7.744301232039318e-17,1.1616451848058975e-16,True,0.005440599998109974,0.015625,,
172,arpack_matvec,central_difference,1.0,0.0019950057818460764,0.23585254151184867,71211889.60386343,329.4542546146097,329.4579916663751,329.4540016548114,329.45773870657695,2,sparse_direct,not_applicable,1.3068508329066348e-16,2.323290369611795e-16,0.00264170000446029,0.003365900003700517,0.0,0.0,5.170665818739058e-05,5.170693849077118e-05,4.21340680408607,4.213383963202322,2.284088374793214e-05,7.744301232039318e-17,3.872150616019659e-17,3.872150616019659e-17,True,0.006352399999741465,0.0,,
173,arpack_matvec,central_difference,1.0,0.0019950057818460764,0.24720957184340972,56733065.66333964,329.45400165481146,329.45742712260187,329.45456619858476,329.45799166637516,2,sparse_direct,not_applicable,1.645664011808355e-16,2.323290369611795e-16,0.0023548000026494265,0.0029060999950161204,0.0,0.015625,5.170653326159237e-05,5.170706398665264e-05,4.213416983906201,4.213373737088255,4.3246817945430394e-05,3.872150616019659e-17,7.744301232039318e-17,3.872150616019659e-17,True,0.005609600004390813,0.015625,,
174,arpack_matvec,central_difference,1.0,0.0019950057818460764,0.28974156029893466,85932122.47494844,329.45400165481146,329.45730202384175,329.4546912973449,329.45799166637516,2,sparse_direct,not_applicable,1.5972621291081093e-16,1.5488602464078636e-16,0.0028744000010192394,0.002340899998671375,0.0,0.0,5.170657971717767e-05,5.1707016937978836e-05,4.213413198377295,4.213377570874427,3.562750286789651e-05,3.872150616019659e-17,1.5488602464078636e-16,1.9360753080098294e-16,True,0.005546400003368035,0.0,,
175,arpack_matvec,central_difference,1.0,0.0019950057818460764,0.23585684968517845,38757912.39276446,329.45433119602404,329.45799166637516,329.45400165481146,329.4576621251626,2,sparse_direct,not_applicable,2.323290369611795e-16,4.64658073922359e-16,0.002569699994637631,0.003321600001072511,0.0,0.0,5.170643675894659e-05,5.1707160597570356e-05,4.213424847644493,4.213365864718186,5.8982926306683225e-05,0.0,1.1616451848058975e-16,1.1616451848058975e-16,True,0.006291799989412539,0.0,,
176,arpack_matvec,central_difference,1.0,0.0019950057818460764,0.2423000185307536,84534869.59150487,329.4540016548114,329.45783517512535,329.4541581460613,329.4579916663751,2,sparse_direct,not_applicable,2.710505431213761e-16,3.4849355544176928e-16,0.0022899000032339245,0.0027257999900029972,0.0,0.015625,5.1706595146429584e-05,5.170700149385083e-05,4.213411941094477,4.213378829348922,3.311174555520324e-05,3.872150616019659e-17,1.5488602464078636e-16,1.9360753080098294e-16,True,0.005353300002752803,0.015625,,
177,arpack_matvec,central_difference,1.0,0.0019950057818460764,0.3127635548068575,57233483.90202264,329.45400165481146,329.4573966784003,329.4545966427862,329.45799166637516,2,sparse_direct,not_applicable,1.1616451848058975e-16,3.4849355544176928e-16,0.0026331000117352232,0.002859200001694262,0.0,0.0,5.170655660324202e-05,5.170704050258242e-05,4.213415081863025,4.213375650699317,3.9431163708414374e-05,7.744301232039318e-17,3.872150616019659e-17,3.872150616019659e-17,True,0.005830099995364435,0.0,,
178,arpack_matvec,central_difference,1.0,0.0019950057818460764,0.21845412675304698,72341562.13078676,329.45410728119094,329.4579916663751,329.4540016548114,329.4578860399957,2,sparse_direct,not_applicable,3.872150616019659e-16,1.9360753080098294e-16,0.0038566000002902,0.004098300007171929,0.0,0.015625,5.1706566373729054e-05,5.170703026729808e-05,4.213414285694951,4.213376484727061,3.780096788918996e-05,3.872150616019659e-17,7.744301232039318e-17,3.872150616019659e-17,True,0.008481800003210083,0.015625,,
179,arpack_matvec,central_difference,1.0,0.0019950057818460764,0.202446253639399,56827067.30722009,329.45400165481146,329.4579342327042,329.4540590884823,329.45799166637516,2,sparse_direct,not_applicable,2.323290369611795e-16,1.5488602464078636e-16,0.0025442999904043972,0.0033121000014944,0.0,0.0,5.1706428871267075e-05,5.170716877613632e-05,4.213425490391354,4.213365198286597,6.0292104756776155e-05,1.1616451848058975e-16,1.1616451848058975e-16,2.323290369611795e-16,True,0.00627389999863226,0.0,,
180,arpack_matvec,central_difference,1.0,0.0019950057818460764,0.24201970666250328,67681002.52079995,329.4540016548114,329.4574682753125,329.4545250458741,329.4579916663751,2,sparse_direct,not_applicable,1.9360753080098294e-16,1.1616451848058975e-16,0.00330319999193307,0.003688900003908202,0.0,0.015625,5.170655136321746e-05,5.1707045304006516e-05,4.213415508857245,4.213375259452762,4.024940448310588e-05,1.1616451848058975e-16,2.323290369611795e-16,1.1616451848058975e-16,True,0.00743769999826327,0.015625,,
181,arpack_matvec,central_difference,1.0,0.0019950057818460764,0.21612440452351658,48914473.12301961,329.45400165481135,329.45771934228196,329.45427397890467,329.45799166637505,2,sparse_direct,not_applicable,2.323290369611795e-16,2.323290369611795e-16,0.002890000003390014,0.0024653000000398606,0.0,0.0,5.1706479169111733e-05,5.170711826764954e-05,4.213421391751798,4.213369313981062,5.2077770736680407e-05,7.744301232039318e-17,1.1616451848058975e-16,3.872150616019659e-17,True,0.0056570000015199184,0.0,,
182,arpack_matvec,central_difference,1.0,0.0019950057818460764,0.20321466824513407,60492229.231000505,329.45400165481146,329.45798776098286,329.45400556020365,329.45799166637516,2,sparse_direct,not_applicable,3.097720492815727e-16,2.323290369611795e-16,0.003304400001070462,0.0029503999976441264,0.0,0.0,5.170666832650338e-05,5.1706928506163865e-05,4.213405977883023,4.213384776806718,2.120107630521062e-05,0.0,1.1616451848058975e-16,1.1616451848058975e-16,True,0.006686700013233349,0.0,,
183,arpack_matvec,central_difference,1.0,0.0019950057818460764,0.2240049205049492,50392291.76798733,329.4540016548115,329.4575431567243,329.45445016446223,329.4579916663752,2,sparse_direct,not_applicable,2.323290369611795e-16,1.9360753080098294e-16,0.003031799991731532,0.0028975000022910535,0.015625,0.0,5.170670397631174e-05,5.170689365803769e-05,4.213403072899644,4.213387616438998,1.54564606464902e-05,3.872150616019659e-17,3.872150616019659e-17,0.0,True,0.006293300000834279,0.015625,,
184,arpack_matvec,central_difference,1.0,0.0019950057818460764,0.2090984981769694,69224006.40411212,329.4540016548114,329.45765090698865,329.454342414198,329.4579916663751,2,sparse_direct,not_applicable,1.5488602464078636e-16,2.710505431213761e-16,0.0019179000082658604,0.0029592999926535413,0.0,0.0,5.1706781781535256e-05,5.170681508112545e-05,4.213396732826707,4.213394019366512,2.7134601952027992e-06,3.872150616019659e-17,3.872150616019659e-17,7.744301232039318e-17,True,0.005356599998776801,0.0,,
185,arpack_matvec,central_difference,1.0,0.0019950057818460764,0.23771398859038192,53004511.45533971,329.4540016548115,329.4578917543842,329.45410156680254,329.4579916663752,2,sparse_direct,not_applicable,1.5488602464078636e-16,1.9360753080098294e-16,0.002471600004355423,0.0034802000009221956,0.0,0.0,5.1706827222827756e-05,5.1706770179040934e-05,4.213393029985059,4.213397678271791,4.648286732411577e-06,3.872150616019659e-17,1.5488602464078636e-16,1.9360753080098294e-16,True,0.006364999993820675,0.0,,
186,arpack_matvec,central_difference,1.0,0.0019950057818460764,0.28810641167242756,80319650.60078,329.4540016548115,329.45734002233183,329.4546532988547,329.4579916663752,2,sparse_direct,not_applicable,1.5488602464078636e-16,1.5488602464078636e-16,0.0021797999943373725,0.0025729000044520944,0.0,0.0,5.170686645270156e-05,5.170673036174906e-05,4.213389833294015,4.213400922841385,1.1089547369280695e-05,7.744301232039318e-17,3.872150616019659e-17,3.872150616019659e-17,True,0.005125499999849126,0.0,,
187,arpack_matvec,central_difference,1.0,0.0019950057818460764,0.2680708926683088,50136847.54447835,329.4544793027415,329.4579916663752,329.4540016548115,329.4575140184451,2,sparse_direct,not_applicable,2.710505431213761e-16,2.710505431213761e-16,0.002630300004966557,0.002647800007252954,0.0,0.0,5.1706950302273134e-05,5.1706647033860046e-05,4.213383000732235,4.213407712951064,2.4712218828604193e-05,1.1616451848058975e-16,7.744301232039318e-17,3.872150616019659e-17,True,0.005536299999221228,0.0,,
188,arpack_matvec,central_difference,1.0,0.0019950057818460764,0.23940905599028578,69404358.85137787,329.4540512834108,329.4579916663752,329.4540016548115,329.4579420377758,2,sparse_direct,not_applicable,1.1616451848058975e-16,3.872150616019659e-16,0.0027951000083703548,0.0035272999957669526,0.0,0.015625,5.1706961423336176e-05,5.170663552663015e-05,4.213382094523542,4.213408650638281,2.655611473922903e-05,1.1616451848058975e-16,3.872150616019659e-17,1.5488602464078636e-16,True,0.006737000003340654,0.015625,,
189,arpack_matvec,central_difference,1.0,0.0019950057818460764,0.22032442203382055,57011734.54483967,329.45400578284955,329.45799166637505,329.45400165481135,329.4579875383372,2,sparse_direct,not_applicable,1.9360753080098294e-16,1.9360753080098294e-16,0.0026196000108029693,0.002757099995505996,0.0,0.0,5.170700662797516e-05,5.1706591353987834e-05,4.213378410991485,4.213412250128953,3.3839137468127944e-05,3.872150616019659e-17,7.744301232039318e-17,3.872150616019659e-17,True,0.005708999990019947,0.0,,
190,arpack_matvec,central_difference,1.0,0.0019950057818460764,0.25742599815132505,77869461.12898777,329.4540016548114,329.45754976775856,329.45444355342806,329.4579916663751,2,sparse_direct,not_applicable,1.5488602464078636e-16,2.323290369611795e-16,0.0028359999996609986,0.002769099999568425,0.0,0.0,5.1706899510283224e-05,5.170669735548839e-05,4.213387139563008,4.213403612408042,1.64728450338103e-05,1.5488602464078636e-16,3.872150616019659e-17,1.9360753080098294e-16,True,0.006015499995555729,0.0,,
191,arpack_matvec,central_difference,1.0,0.0019950057818460764,0.27287673313870736,56140108.38901059,329.4540016548114,329.45753616713955,329.45445715404696,329.4579916663751,2,sparse_direct,not_applicable,2.710505431213761e-16,2.323290369611795e-16,0.003648900004918687,0.0023164000012911856,0.015625,0.0,5.170686825941197e-05,5.1706729105540275e-05,4.213389686072272,4.213401025205456,1.1339133183518868e-05,1.1616451848058975e-16,1.5488602464078636e-16,2.710505431213761e-16,True,0.006297700005234219,0.015625,,
192,arpack_matvec,central_difference,1.0,0.0019950057818460764,0.2515207367218545,73353643.8346669,329.4540016548114,329.45777092504534,329.4542223961412,329.4579916663751,2,sparse_direct,not_applicable,3.872150616019659e-16,2.323290369611795e-16,0.0026408999983686954,0.0031432999967364594,0.0,0.0,5.1706801476744675e-05,5.1706795231746985e-05,4.213395127936661,4.21339563681838,5.088817189857764e-07,0.0,1.1616451848058975e-16,1.1616451848058975e-16,True,0.0061480000003939494,0.0,,
193,arpack_matvec,central_difference,1.0,0.0019950057818460764,0.2862644290916281,53821971.89685186,329.45470288721697,329.45799166637516,329.45400165481146,329.45729043396955,2,sparse_direct,not_applicable,2.710505431213761e-16,3.097720492815727e-16,0.0035825000086333603,0.002916799989179708,0.015625,0.0,5.170671541537952e-05,5.170688183109654e-05,4.2134021407692055,4.213388580169271,1.3560599934514528e-05,7.744301232039318e-17,0.0,7.744301232039318e-17,True,0.007243700005346909,0.015625,,
194,arpack_matvec,central_difference,1.0,0.0019950057818460764,0.2212503746867739,74530169.07740737,329.45400165481146,329.4577094288127,329.45428389237395,329.45799166637516,2,sparse_direct,not_applicable,2.710505431213761e-16,1.9360753080098294e-16,0.0027987000066787004,0.0027555999986361712,0.0,0.0,5.1706658030407123e-05,5.170693864528572e-05,4.213406816878139,4.213383950611573,2.286626656644586e-05,3.872150616019659e-17,7.744301232039318e-17,3.872150616019659e-17,True,0.006056199999875389,0.0,,
195,arpack_matvec,central_difference,1.0,0.0019950057818460764,0.21129280078797102,43790887.787720084,329.4540478480338,329.4579916663751,329.4540016548114,329.45794547315285,2,sparse_direct,not_applicable,1.5488602464078636e-16,2.710505431213761e-16,0.002586399990832433,0.0020763999928021803,0.0,0.0,5.170655036195239e-05,5.1707047144832375e-05,4.213415590447405,4.213375109452122,4.048099528297655e-05,3.872150616019659e-17,0.0,3.872150616019659e-17,True,0.0049377999966964126,0.0,,
196,arpack_matvec,central_difference,1.0,0.0019950057818460764,0.20515991714395357,62801754.70457456,329.4540016548114,329.4578215925542,329.45417172863233,329.4579916663751,2,sparse_direct,not_applicable,3.872150616019659e-16,2.323290369611795e-16,0.002913300006184727,0.0025584999966667965,0.015625,0.0,5.170662368636251e-05,5.170697287361159e-05,4.213409615464111,4.213381161489123,2.8453974988629227e-05,3.872150616019659e-17,0.0,3.872150616019659e-17,True,0.005807699999422766,0.015625,,
197,arpack_matvec,central_difference,1.0,0.0019950057818460764,0.32549291871110375,58923427.700525425,329.45400165481146,329.4573069969622,329.4546863242243,329.45799166637516,2,sparse_direct,not_applicable,1.9360753080098294e-16,2.323290369611795e-16,0.0027725000109057873,0.0020274999988032505,0.0,0.0,5.1706593653128354e-05,5.1707003335827896e-05,4.21341206277902,4.213378679254221,3.3383524798757946e-05,3.872150616019659e-17,3.872150616019659e-17,0.0,True,0.005585499995504506,0.0,,
198,arpack_matvec,central_difference,1.0,0.0019950057818460764,0.21753736337740653,73769668.11611629,329.45400165481146,329.4577182796774,329.4542750415092,329.45799166637516,2,sparse_direct,not_applicable,2.710505431213761e-16,2.710505431213761e-16,0.0031269000028260052,0.002626300003612414,0.0,0.0,5.170655260706792e-05,5.1707043991129354e-05,4.213415407499514,4.213375366433237,4.0041066276863546e-05,3.872150616019659e-17,1.5488602464078636e-16,1.1616451848058975e-16,True,0.006097799996496178,0.0,,
199,arpack_matvec,central_difference,1.0,0.0019950057818460764,0.24861494721496333,58990662.62415341,329.45407906934184,329.45799166637505,329.45400165481135,329.4579142518448,2,sparse_direct,not_applicable,3.097720492815727e-16,2.710505431213761e-16,0.002826900003128685,0.0021892999939154834,0.015625,0.0,5.170650852523247e-05,5.1707088783494335e-05,4.2134189996021325,4.213371716507247,4.7283094885663957e-05,0.0,0.0,0.0,True,0.00535229999513831,0.015625,,
200,arpack_matvec,central_difference,1.0,0.0019950057818460764,0.272509200729758,81080025.05269162,329.45400165481146,329.4576408487402,329.4543524724463,329.45799166637516,2,sparse_direct,not_applicable,1.9360753080098294e-16,2.323290369611795e-16,0.0034339999983785674,0.0023560000117868185,0.0,0.0,5.170659132391594e-05,5.170700537902507e-05,4.2134122525794195,4.213378512762982,3.373981643761681e-05,3.872150616019659e-17,7.744301232039318e-17,1.1616451848058975e-16,True,0.006141099991509691,0.0,,
201,arpack_matvec,central_difference,1.0,0.0019950057818460764,0.24019178448894107,54192238.0115268,329.4540946995511,329.4579916663751,329.4540016548114,329.45789862163554,2,sparse_direct,not_applicable,1.5972621291081093e-16,1.5488602464078636e-16,0.0029535000066971406,0.0028408000071067363,0.0,0.015625,5.170643899967918e-05,5.17071582465526e-05,4.213424665052952,4.213366056291235,5.860876171670526e-05,3.872150616019659e-17,3.872150616019659e-17,7.744301232039318e-17,True,0.006200399991939776,0.015625,,
202,arpack_matvec,central_difference,1.0,0.0019950057818460764,0.25503148431096057,79680984.86301777,329.4542465222798,329.4579916663751,329.4540016548114,329.4577467989067,2,sparse_direct,not_applicable,1.9360753080098294e-16,3.4849355544176928e-16,0.0017044999985955656,0.00284250000549946,0.0,0.0,5.1706549661266924e-05,5.170704697644181e-05,4.213415647544216,4.213375123173513,4.0524370702677004e-05,0.0,0.0,0.0,True,0.0048780999932205305,0.0,,
203,arpack_matvec,central_difference,1.0,0.0019950057818460764,0.2754340885672264,57046706.63936456,329.4540016548115,329.45724416145373,329.4547491597328,329.4579916663752,2,sparse_direct,not_applicable,1.9360753080098294e-16,3.4849355544176928e-16,0.0031703999993624166,0.0024505000037606806,0.0,0.0,5.170651525454588e-05,5.170708188817198e-05,4.213418451249245,4.213372278375276,4.617287396868619e-05,3.872150616019659e-17,1.1616451848058975e-16,7.744301232039318e-17,True,0.005956200009677559,0.0,,
204,arpack_matvec,central_difference,1.0,0.0019950057818460764,0.24406111055175586,83474205.3469575,329.4541223625731,329.4579916663752,329.4540016548115,329.4578709586136,2,sparse_direct,not_applicable,1.9360753080098294e-16,2.323290369611795e-16,0.0028867000073660165,0.004197999995085411,0.015625,0.0,5.170662732024671e-05,5.170696933873601e-05,4.213409319350374,4.213381449531109,2.7869819264836337e-05,0.0,0.0,0.0,True,0.00750799999514129,0.015625,,
205,arpack_matvec,central_difference,1.0,0.0019950057818460764,0.27614273679849793,50889341.07556752,329.4544307468205,329.4579916663752,329.4540016548115,329.45756257436614,2,sparse_direct,not_applicable,2.323290369611795e-16,1.5972621291081093e-16,0.002224299998488277,0.0033441999985370785,0.0,0.0,5.1706650920020496e-05,5.170694644251685e-05,4.21340739628042,4.213383315247646,2.4081032774070366e-05,1.1616451848058975e-16,1.1616451848058975e-16,0.0,True,0.005950400009169243,0.0,,
206,arpack_matvec,central_difference,1.0,0.0019950057818460764,0.2867378648661337,84049674.38210647,329.45400165481146,329.4579194939039,329.4540738272825,329.45799166637516,2,sparse_direct,not_applicable,2.323290369611795e-16,2.710505431213761e-16,0.0022422999900300056,0.002956700001959689,0.0,0.015625,5.170674127859675e-05,5.170685548213967e-05,4.213400033265771,4.213390727242284,9.306023486921333e-06,2.323290369611795e-16,7.744301232039318e-17,1.5488602464078636e-16,True,0.005682799994247034,0.015625,,
207,arpack_matvec,central_difference,1.0,0.0019950057818460764,0.21273940602563088,45472843.37008449,329.45400165481146,329.4578574015275,329.454135919659,329.45799166637516,2,sparse_direct,not_applicable,1.9360753080098294e-16,2.323290369611795e-16,0.0025009999953908846,0.0028636999923037365,0.0,0.0,5.1706769312470034e-05,5.1706828345797326e-05,4.21339774888552,4.213392938478534,4.810406986521798e-06,3.872150616019659e-17,1.5488602464078636e-16,1.1616451848058975e-16,True,0.005727000010665506,0.0,,
208,arpack_matvec,central_difference,1.0,0.0019950057818460764,0.2525258022963372,80036245.04822624,329.4543331952621,329.4579916663751,329.4540016548114,329.4576601259244,2,sparse_direct,not_applicable,3.4849355544176928e-16,2.323290369611795e-16,0.0028409000078681856,0.0028581999940797687,0.0,0.0,5.1706825826380745e-05,5.170677092238937e-05,4.213393143776226,4.213397617699016,4.473922789571816e-06,3.872150616019659e-17,0.0,3.872150616019659e-17,True,0.006370299990521744,0.0,,
209,arpack_matvec,central_difference,1.0,0.0019950057818460764,0.23953689576484638,52662641.621553645,329.4540016548114,329.45760661986577,329.45438670132086,329.4579916663751,2,sparse_direct,not_applicable,1.5488602464078636e-16,1.5488602464078636e-16,0.002577000006567687,0.002282700006617233,0.015625,0.0,5.1706904417318295e-05,5.170669316055205e-05,4.213386739708508,4.213403954239222,1.721453071468204e-05,0.0,3.872150616019659e-17,3.872150616019659e-17,True,0.005374199987272732,0.015625,,
210,arpack_matvec,central_difference,1.0,0.0019950057818460764,0.21314446763578057,65920193.74503072,329.4541993268568,329.4579916663751,329.4540016548114,329.45779399432985,2,sparse_direct,not_applicable,1.839271542609338e-16,1.5488602464078636e-16,0.002881399996113032,0.0026350999978603795,0.0,0.0,5.170692696031244e-05,5.170666984909004e-05,4.213384902771791,4.213405853812459,2.095104066768272e-05,7.744301232039318e-17,7.744301232039318e-17,0.0,True,0.005946300007053651,0.0,,
211,arpack_matvec,central_difference,1.0,0.0019950057818460764,0.24807149936596148,50007313.15797905,329.45400165481146,329.45750288061174,329.4544904405748,329.45799166637516,2,sparse_direct,not_applicable,1.9360753080098294e-16,1.5488602464078636e-16,0.003380599999218248,0.0023790999985067174,0.0,0.015625,5.170697488440911e-05,5.170662257481023e-05,4.213380997637796,4.213409706041001,2.870840320490231e-05,3.872150616019659e-17,1.1616451848058975e-16,1.5488602464078636e-16,True,0.00614720000885427,0.015625,,
212,arpack_matvec,central_difference,1.0,0.0019950057818460764,0.2628475630685834,73567975.53677256,329.4540016548114,329.4578200318438,329.4541732893427,329.4579916663751,2,sparse_direct,not_applicable,1.4036545983071262e-16,1.5488602464078636e-16,0.003847600004519336,0.002703499994822778,0.0,0.0,5.1706994940186604e-05,5.170660190971849e-05,4.213379363378604,4.213411389974868,3.202659626388993e-05,3.872150616019659e-17,0.0,3.872150616019659e-17,True,0.006869300006655976,0.0,,
213,arpack_matvec,central_difference,1.0,0.0019950057818460764,0.24723797674979098,53067213.631539054,329.45418677875773,329.4579916663751,329.4540016548114,329.4578065424288,2,sparse_direct,not_applicable,3.872150616019659e-16,1.5488602464078636e-16,0.002380500009167008,0.003502499996102415,0.0,0.0,5.170714076300258e-05,5.1706456635256045e-05,4.213367480941586,4.213423227975663,5.574703407695836e-05,0.0,1.1616451848058975e-16,1.1616451848058975e-16,True,0.0062107000121613964,0.0,,
214,arpack_matvec,central_difference,1.0,0.0019950057818460764,0.2889755687187087,80839244.56618033,329.4541194475393,329.4579916663751,329.4540016548114,329.4578738736472,2,sparse_direct,not_applicable,2.323290369611795e-16,2.323290369611795e-16,0.002125200000591576,0.002175899993744679,0.015625,0.0,5.1706994469899335e-05,5.170660226364133e-05,4.21337940170028,4.2134113611347885,3.19594345086216e-05,3.872150616019659e-17,7.744301232039318e-17,3.872150616019659e-17,True,0.0048141000006580725,0.015625,,
215,arpack_matvec,central_difference,1.0,0.0019950057818460764,0.33390256209254243,48054436.77773369,329.45400165481146,329.4575861193584,329.45440720182813,329.45799166637516,2,sparse_direct,not_applicable,1.9360753080098294e-16,2.323290369611795e-16,0.0028110999992350116,0.002848999996786006,0.0,0.0,5.170702607607596e-05,5.170657102766862e-05,4.213376826251184,4.2134139064592935,3.7080208109330215e-05,3.872150616019659e-17,3.872150616019659e-17,7.744301232039318e-17,True,0.005989700002828613,0.0,,
216,arpack_matvec,central_difference,1.0,0.0019950057818460764,0.27857539547067955,78328572.40298878,329.45400165481146,329.4578589534026,329.4541343677838,329.45799166637516,2,sparse_direct,not_applicable,1.9360753080098294e-16,1.9360753080098294e-16,0.0028531999996630475,0.0032743000047048554,0.0,0.015625,5.170697314628134e-05,5.170662355263466e-05,4.213381139270425,4.213409626361171,2.848709074676492e-05,3.872150616019659e-17,1.5488602464078636e-16,1.9360753080098294e-16,True,0.006523400006699376,0.015625,,
217,arpack_matvec,central_difference,1.0,0.0019950057818460764,0.2452808611661322,57219213.26620465,329.4541753767097,329.45799166637516,329.45400165481146,329.4578179444769,2,sparse_direct,not_applicable,2.323290369611795e-16,1.9360753080098294e-16,0.002287600000272505,0.002509499987354502,0.0,0.0,5.1707062173931535e-05,5.1706535163535106e-05,4.213373884798667,4.213416828922352,4.294412368466283e-05,3.872150616019659e-17,7.744301232039318e-17,3.872150616019659e-17,True,0.0050731000083032995,0.0,,
218,arpack_matvec,central_difference,1.0,0.0019950057818460764,0.26368684440232126,92593321.67862986,329.4540016548115,329.45797060872724,329.4540227124595,329.4579916663752,2,sparse_direct,not_applicable,3.4849355544176928e-16,1.984477190710075e-16,0.00286019999475684,0.0028246999863767996,0.0,0.0,5.17069537587464e-05,5.17066429268678e-05,4.213382719078712,4.213408047616627,2.5328537915036975e-05,0.0,3.872150616019659e-17,3.872150616019659e-17,True,0.006087399990065023,0.0,,
219,arpack_matvec,central_difference,1.0,0.0019950057818460764,0.21090474747228327,40052648.355254106,329.4540016548114,329.45758383139133,329.4544094897952,329.4579916663751,2,sparse_direct,not_applicable,1.9360753080098294e-16,1.5488602464078636e-16,0.002705600010813214,0.0035740999883273616,0.0,0.015625,5.1707030478853306e-05,5.170656719230206e-05,4.213376467488365,4.213414218991872,3.775150350726619e-05,1.9360753080098294e-16,3.872150616019659e-17,2.323290369611795e-16,True,0.006679999991320074,0.015625,,
220,arpack_matvec,central_difference,1.0,0.0019950057818460764,0.2104118557556877,60645828.9370672,329.45419837338306,329.4579916663751,329.4540016548114,329.45779494780345,2,sparse_direct,not_applicable,1.5488602464078636e-16,3.4849355544176928e-16,0.0026066999998874962,0.0028559000056702644,0.0,0.0,5.1706898290976084e-05,5.170669839766042e-05,4.2133872389194424,4.213403527484975,1.628856553281821e-05,0.0,1.1616451848058975e-16,1.1616451848058975e-16,True,0.0058102000039070845,0.0,,
221,arpack_matvec,central_difference,1.0,0.0019950057818460764,0.20553716433012523,60987762.458924286,329.45400165481146,329.45796264130047,329.45403067988616,329.45799166637516,2,sparse_direct,not_applicable,1.5488602464078636e-16,2.323290369611795e-16,0.0028122999938204885,0.0027025000017601997,0.0,0.0,5.170686293032447e-05,5.1706734838715155e-05,4.213390120318735,4.213400558029081,1.0437710345811979e-05,7.744301232039318e-17,3.872150616019659e-17,3.872150616019659e-17,True,0.005906099991989322,0.0,,
222,arpack_matvec,central_difference,1.0,0.0019950057818460764,0.21988692954338632,69656732.89251705,329.4540016548114,329.45782392692195,329.45416939426457,329.4579916663751,2,sparse_direct,not_applicable,1.9360753080098294e-16,4.64658073922359e-16,0.0038575999933527783,0.0018191999988630414,0.015625,0.0,5.170678684624428e-05,5.1706809942536084e-05,4.213396320122113,4.213394438090888,1.8820312250866778e-06,3.872150616019659e-17,3.872150616019659e-17,0.0,True,0.0060169999924255535,0.015625,,
223,arpack_matvec,central_difference,1.0,0.0019950057818460764,0.2254461291928318,52320500.13183633,329.4540574028713,329.45799166637505,329.45400165481135,329.45793591831534,2,sparse_direct,not_applicable,3.097720492815727e-16,1.9360753080098294e-16,0.002860100008547306,0.0027486000035423785,0.0,0.0,5.1706709559706234e-05,5.1706888120319395e-05,4.2134026179279065,4.213388067685525,1.455024238161684e-05,3.872150616019659e-17,3.872150616019659e-17,7.744301232039318e-17,True,0.006023399997502565,0.0,,
224,arpack_matvec,central_difference,1.0,0.0019950057818460764,0.25803995146352254,79662305.30773574,329.45400165481146,329.45765821181084,329.4543351093759,329.45799166637516,2,sparse_direct,not_applicable,2.323290369611795e-16,1.5488602464078636e-16,0.0027303999959258363,0.0039058999973349273,0.0,0.015625,5.170671032239385e-05,5.1706886463241864e-05,4.213402555779107,4.213388202714167,1.4353064939243154e-05,0.0,3.872150616019659e-17,3.872150616019659e-17,True,0.007044399986625649,0.015625,,
225,arpack_matvec,central_difference,1.0,0.0019950057818460764,0.2529503127650471,53602024.907417566,329.45400165481146,329.45737579697743,329.4546175242091,329.45799166637516,2,sparse_direct,not_applicable,3.097720492815727e-16,1.5488602464078636e-16,0.0024910000065574422,0.0029208000050857663,0.0,0.0,5.170665014612126e-05,5.170694737690213e-05,4.213407459342961,4.21338323910849,2.4220234471350466e-05,0.0,1.9360753080098294e-16,1.9360753080098294e-16,True,0.005835900010424666,0.0,,
226,arpack_matvec,central_difference,1.0,0.0019950057818460764,0.2262049476663248,74549802.0232232,329.4540016548114,329.4579023021966,329.4540910189899,329.4579916663751,2,sparse_direct,not_applicable,4.64658073922359e-16,1.1616451848058975e-16,0.0028369999927235767,0.0027827000012621284,0.0,0.0,5.170666206793724e-05,5.1706934609014965e-05,4.213406487873012,4.21338427951056,2.2208362452147412e-05,1.1616451848058975e-16,7.744301232039318e-17,3.872150616019659e-17,True,0.006079900005715899,0.0,,
227,arpack_matvec,central_difference,1.0,0.0019950057818460764,0.22346754772575791,45060785.80693038,329.45451264907115,329.4579916663751,329.4540016548114,329.4574806721155,2,sparse_direct,not_applicable,2.323290369611795e-16,1.9360753080098294e-16,0.002964100000099279,0.002510900012566708,0.015625,0.0,5.1706518679734304e-05,5.1707078751176524e-05,4.213418172140296,4.213372533994622,4.563814567326574e-05,7.744301232039318e-17,1.1616451848058975e-16,3.872150616019659e-17,True,0.006030199991073459,0.015625,,
228,arpack_matvec,central_difference,1.0,0.0019950057818460764,0.22375253811484982,68847440.41953753,329.45400165481146,329.4577978969469,329.45419542423986,329.45799166637516,2,sparse_direct,not_applicable,2.323290369611795e-16,1.5488602464078636e-16,0.0025225000135833398,0.002830900004482828,0.0,0.0,5.1706611928649824e-05,5.170698465997169e-05,4.213410573563237,4.213380201069018,3.0372494218333657e-05,1.5488602464078636e-16,1.1616451848058975e-16,2.710505431213761e-16,True,0.005684499992639758,0.0,,
229,arpack_matvec,central_difference,1.0,0.0019950057818460764,0.24103195615798179,57433499.1049637,329.454164187642,329.45799166637516,329.45400165481146,329.4578291335445,2,sparse_direct,not_applicable,1.9360753080098294e-16,2.323290369611795e-16,0.002710999993723817,0.0024006000021472573,0.0,0.015625,5.170661483823028e-05,5.1706982464940094e-05,4.213410336470611,4.213380379932727,2.995653788406827e-05,3.872150616019659e-17,1.1616451848058975e-16,7.744301232039318e-17,True,0.005432799996924587,0.015625,,
230,arpack_matvec,central_difference,1.0,0.0019950057818460764,0.24155776011229216,71993777.15671463,329.4540016548114,329.45772075354506,329.45427256764157,329.4579916663751,2,sparse_direct,not_applicable,1.9360753080098294e-16,1.6940658945086007e-16,0.0033401999971829355,0.001926700002513826,0.0,0.0,5.170668350913475e-05,5.170691309943284e-05,4.213404740700798,4.213386032238189,1.8708462609318133e-05,0.0,3.872150616019659e-17,3.872150616019659e-17,True,0.005663999996613711,0.0,,
231,arpack_matvec,central_difference,1.0,0.0019950057818460764,0.2592784609845584,53589320.58787354,329.45417321999344,329.4579916663751,329.4540016548114,329.4578201011931,2,sparse_direct,not_applicable,1.790869659909092e-16,2.710505431213761e-16,0.003019400013727136,0.0029097000078763813,0.0,0.0,5.17066279872201e-05,5.1706969352510684e-05,4.213409265000825,4.213381448408669,2.7816592155893716e-05,1.1616451848058975e-16,3.872150616019659e-17,1.5488602464078636e-16,True,0.006352399999741465,0.0,,
232,arpack_matvec,central_difference,1.0,0.0019950057818460764,0.19308879402267468,68528608.83801633,329.4540016548114,329.4578918936532,329.45410142753343,329.4579916663751,2,sparse_direct,not_applicable,2.710505431213761e-16,1.5488602464078636e-16,0.0028443000046536326,0.002405699997325428,0.015625,0.0,5.170663788820458e-05,5.170695885520939e-05,4.213408458201129,4.213382303789367,2.6154411761680763e-05,1.1616451848058975e-16,0.0,1.1616451848058975e-16,True,0.005642600008286536,0.015625,,
233,arpack_matvec,central_difference,1.0,0.0019950057818460764,0.27015207831510213,49104774.75023283,329.4544175533389,329.45799166637505,329.45400165481135,329.45757576784774,2,sparse_direct,not_applicable,3.4849355544176928e-16,2.323290369611795e-16,0.0031746000022394583,0.0024778999941190705,0.0,0.0,5.17066254066161e-05,5.170697211847684e-05,4.2134094752860785,4.21338122302184,2.8252264238304292e-05,3.872150616019659e-17,7.744301232039318e-17,1.1616451848058975e-16,True,0.005997700005536899,0.0,,
234,arpack_matvec,central_difference,1.0,0.0019950057818460764,0.20493698348782455,79163332.05921738,329.45400165481146,329.4577858009864,329.4542075202002,329.45799166637516,2,sparse_direct,not_applicable,3.097720492815727e-16,2.323290369611795e-16,0.0027867000026162714,0.002427300001727417,0.0,0.0,5.170656766261162e-05,5.170702947444728e-05,4.213414180667747,4.213376549332956,3.763133479051106e-05,7.744301232039318e-17,7.744301232039318e-17,1.5488602464078636e-16,True,0.0055278000072576106,0.0,,
235,arpack_matvec,central_difference,1.0,0.0019950057818460764,0.24579103704835803,46767042.12694022,329.4543764318591,329.4579916663751,329.4540016548114,329.45761688932754,2,sparse_direct,not_applicable,2.710505431213761e-16,1.9360753080098294e-16,0.0030089000065345317,0.002124899998307228,0.015625,0.0,5.170657928463599e-05,5.1707018581538805e-05,4.213413233623812,4.213377436947953,3.579667585906776e-05,1.1616451848058975e-16,1.9360753080098294e-16,7.744301232039318e-17,True,0.005474399993545376,0.015625,,
236,arpack_matvec,central_difference,1.0,0.0019950057818460764,0.26813624430762145,70209505.12208077,329.45425726276744,329.4579916663752,329.4540016548115,329.4577360584191,2,sparse_direct,not_applicable,1.5488602464078636e-16,2.323290369611795e-16,0.002928999994765036,0.0027497999981278554,0.0,0.0,5.170673983769415e-05,5.17068568870035e-05,4.213400150679846,4.213390612765393,9.537914453794372e-06,3.872150616019659e-17,3.872150616019659e-17,0.0,True,0.00601390001247637,0.0,,
237,arpack_matvec,central_difference,1.0,0.0019950057818460764,0.21902469385161152,48847995.24290502,329.4540016548114,329.4579270684668,329.4540662527198,329.4579916663751,2,sparse_direct,not_applicable,2.710505431213761e-16,1.9360753080098294e-16,0.002916400000685826,0.003091799997491762,0.0,0.015625,5.1706776651335714e-05,5.1706820843206675e-05,4.213397150867966,4.213393549836223,3.601031743016847e-06,1.9360753080098294e-16,3.872150616019659e-17,2.323290369611795e-16,True,0.006407699998817407,0.015625,,
238,arpack_matvec,central_difference,1.0,0.0019950057818460764,0.22637766001317872,81851052.75679062,329.45400165481146,329.45790250901604,329.4540908121706,329.45799166637516,2,sparse_direct,not_applicable,2.710505431213761e-16,2.323290369611795e-16,0.0020275999995647,0.003462199994828552,0.0,0.0,5.1706838909092986e-05,5.17067577548123e-05,4.21339207771589,4.2133986906774865,6.6129615960974775e-06,7.744301232039318e-17,3.872150616019659e-17,1.1616451848058975e-16,True,0.005817099998239428,0.0,,
239,arpack_matvec,central_difference,1.0,0.0019950057818460764,0.2119094086749484,48391322.83598683,329.45417793242984,329.4579916663751,329.4540016548114,329.45781538875667,2,sparse_direct,not_applicable,1.9360753080098294e-16,3.097720492815727e-16,0.002069499998469837,0.0020851000008406118,0.0,0.0,5.170693246574037e-05,5.1706665075411135e-05,4.213384454157151,4.213406242803832,2.1788646681564217e-05,1.5488602464078636e-16,1.1616451848058975e-16,3.872150616019659e-17,True,0.00445890000264626,0.0,,
240,arpack_matvec,central_difference,1.0,0.0019950057818460764,0.27305974319265214,78004003.48586246,329.45400165481146,329.45760495592833,329.45438836525807,329.45799166637516,2,sparse_direct,not_applicable,1.5488602464078636e-16,3.4849355544176928e-16,0.002192500003729947,0.0026211999938823283,0.0,0.015625,5.170693673225505e-05,5.170665992925351e-05,4.2133841064965125,4.213406662147349,2.255565083686406e-05,3.872150616019659e-17,3.872150616019659e-17,7.744301232039318e-17,True,0.005114400002639741,0.015625,,
241,arpack_matvec,central_difference,1.0,0.0019950057818460764,0.35924309301290147,66911342.70236684,329.45400165481146,329.4573970352688,329.4545962859177,329.45799166637516,2,sparse_direct,not_applicable,2.323290369611795e-16,1.5488602464078636e-16,0.0022166999988257885,0.0027136000135215,0.0,0.0,5.170701027548861e-05,5.1706586759863695e-05,4.2133781137715465,4.213412624490135,3.451071858862065e-05,3.872150616019659e-17,3.872150616019659e-17,7.744301232039318e-17,True,0.00526269999681972,0.0,,
242,arpack_matvec,central_difference,1.0,0.0019950057818460764,0.24620821330095413,72585629.19306323,329.45400165481146,329.45759344725366,329.45439987393286,329.45799166637516,2,sparse_direct,not_applicable,1.9360753080098294e-16,3.4849355544176928e-16,0.003132999991066754,0.0024354999914066866,0.0,0.0,5.170708634627126e-05,5.170651038275186e-05,4.213371915105301,4.21341884823807,4.693313276860067e-05,7.744301232039318e-17,0.0,7.744301232039318e-17,True,0.0058942000032402575,0.0,,
243,arpack_matvec,central_difference,1.0,0.0019950057818460764,0.2564526775203374,54083739.67268669,329.4540016548115,329.4578273559262,329.4541659652603,329.4579916663752,2,sparse_direct,not_applicable,3.872150616019659e-16,1.9360753080098294e-16,0.0030838999955449253,0.0017076000076485798,0.015625,0.0,5.170727478962248e-05,5.170632260562232e-05,4.213356559781959,4.2134341497264955,7.758994453688217e-05,1.9360753080098294e-16,0.0,1.9360753080098294e-16,True,0.005041600001277402,0.015625,,
244,arpack_matvec,central_difference,1.0,0.0019950057818460764,0.2447692566414546,79455834.36567558,329.4541876454457,329.4579916663751,329.4540016548114,329.45780567574093,2,sparse_direct,not_applicable,2.710505431213761e-16,1.5488602464078636e-16,0.002693300004466437,0.002816699998220429,0.0,0.0,5.170720278725557e-05,5.1706393925176755e-05,4.213362426888059,4.213428338061372,6.591117331300467e-05,7.744301232039318e-17,3.872150616019659e-17,3.872150616019659e-17,True,0.005827699991641566,0.0,,
245,arpack_matvec,central_difference,1.0,0.0019950057818460764,0.2488942712298114,58510672.88635107,329.45400165481146,329.45788138923075,329.45411193195577,329.45799166637516,2,sparse_direct,not_applicable,2.710505431213761e-16,1.9360753080098294e-16,0.0035391999990679324,0.0028332999936537817,0.0,0.015625,5.170740572278113e-05,5.1706191538088114e-05,4.2133458907477035,4.213444830157758,9.893941005412188e-05,1.9360753080098294e-16,1.1616451848058975e-16,3.097720492815727e-16,True,0.007003900012932718,0.015625,,
246,arpack_matvec,central_difference,1.0,0.0019950057818460764,0.27433250118353913,78304968.04501249,329.4540016548114,329.4572622203552,329.45473110083134,329.4579916663751,2,sparse_direct,not_applicable,3.4849355544176928e-16,2.323290369611795e-16,0.0019729999912669882,0.003006200000527315,0.0,0.0,5.17071598838755e-05,5.1706436891805634e-05,4.213365922873721,4.213424836818151,5.8913944429583864e-05,3.872150616019659e-17,7.744301232039318e-17,3.872150616019659e-17,True,0.005433699989225715,0.0,,
247,arpack_matvec,central_difference,1.0,0.0019950057818460764,0.2796787763820581,58356693.849689625,329.4540016548114,329.4576077092283,329.45438561195834,329.4579916663751,2,sparse_direct,not_applicable,1.3552527156068805e-16,1.5488602464078636e-16,0.002550999997765757,0.003310899992357008,0.0,0.0,5.1707136825112145e-05,5.1706460608481386e-05,4.213367801821459,4.213422904207999,5.510238653982924e-05,3.872150616019659e-17,1.1616451848058975e-16,1.5488602464078636e-16,True,0.006267799995839596,0.0,,
248,arpack_matvec,central_difference,1.0,0.0019950057818460764,0.2552424132675361,71683124.52049787,329.4540016548114,329.45751534613714,329.4544779750495,329.4579916663751,2,sparse_direct,not_applicable,1.5488602464078636e-16,1.9360753080098294e-16,0.002579500011052005,0.0020321000047260895,0.0,0.015625,5.1706904639954685e-05,5.1706692179882655e-05,4.213386721566767,4.213404034150663,1.731258389625623e-05,3.872150616019659e-17,1.5488602464078636e-16,1.1616451848058975e-16,True,0.004953800002112985,0.015625,,
249,arpack_matvec,central_difference,1.0,0.0019950057818460764,0.2297014528942657,47864987.95037226,329.4541082786389,329.4579916663751,329.4540016548114,329.45788504254773,2,sparse_direct,not_applicable,3.097720492815727e-16,1.5488602464078636e-16,0.0030143000039970502,0.0028338999982224777,0.0,0.0,5.170677055947131e-05,5.1706827122302794e-05,4.213397647271896,4.213393038176456,4.609095440422095e-06,1.1616451848058975e-16,1.1616451848058975e-16,0.0,True,0.006262599999899976,0.0,,
250,arpack_matvec,central_difference,1.0,0.0019950057818460764,0.3081133846334703,89432491.47174591,329.4546641170612,329.4579916663751,329.4540016548114,329.4573292041254,2,sparse_direct,not_applicable,2.323290369611795e-16,1.5488602464078636e-16,0.003200000006472692,0.002312199998414144,0.0,0.0,5.1706658457479536e-05,5.1706938255342854e-05,4.213406782077402,4.213383982386399,2.279969100271728e-05,3.872150616019659e-17,3.872150616019659e-17,0.0,True,0.006305799994152039,0.0,,
251,arpack_matvec,central_difference,1.0,0.0019950057818460764,0.22603373144666145,43601685.34200074,329.45452874067007,329.4579916663751,329.4540016548114,329.45746458051656,2,sparse_direct,not_applicable,3.097720492815727e-16,1.9360753080098294e-16,0.002139299991540611,0.0020343000069260597,0.015625,0.0,5.170633305335131e-05,5.170726435172126e-05,4.213433298364283,4.213357410312345,7.58880519375893e-05,2.323290369611795e-16,0.0,2.323290369611795e-16,True,0.004439299998921342,0.015625,,
252,arpack_matvec,central_difference,1.0,0.0019950057818460764,0.26791147695979795,74917447.32564695,329.45412122010504,329.4579916663751,329.4540016548114,329.4578721010815,2,sparse_direct,not_applicable,2.323290369611795e-16,1.5488602464078636e-16,0.0021769999875687063,0.002364799991482869,0.0,0.0,5.1706465764902195e-05,5.17071309467071e-05,4.213422484024929,4.213368280824684,5.42032002446291e-05,7.744301232039318e-17,3.872150616019659e-17,3.872150616019659e-17,True,0.004856999992625788,0.0,,
253,arpack_matvec,central_difference,1.0,0.0019950057818460764,0.3128183495226724,59363267.545718655,329.454335773562,329.45799166637516,329.45400165481146,329.45765754762454,2,sparse_direct,not_applicable,1.5488602464078636e-16,1.9360753080098294e-16,0.002236899992567487,0.0035124999994877726,0.0,0.0,5.170636280894724e-05,5.170723433355188e-05,4.213430873648795,4.213359856339058,7.101730973690934e-05,7.744301232039318e-17,0.0,7.744301232039318e-17,True,0.0060880000091856346,0.0,,
254,arpack_matvec,central_difference,1.0,0.0019950057818460764,0.22558123728559734,74356971.39053032,329.45400165481146,329.4579279850586,329.4540653361278,329.45799166637516,2,sparse_direct,not_applicable,3.872150616019659e-16,1.3552527156068805e-16,0.002226399999926798,0.002931799986981787,0.015625,0.0,5.1706255465096135e-05,5.170734124300046e-05,4.2134396208669465,4.213351144849198,8.847601774863989e-05,3.872150616019659e-17,7.744301232039318e-17,3.872150616019659e-17,True,0.005441500004963018,0.015625,,
255,arpack_matvec,central_difference,1.0,0.0019950057818460764,0.20501301062457558,51056343.48425164,329.45400165481146,329.4578069882446,329.454186332942,329.45799166637516,2,sparse_direct,not_applicable,1.9360753080098294e-16,1.9360753080098294e-16,0.0028381999873090535,0.002768499994999729,0.0,0.0,5.170592285462072e-05,5.170767460986035e-05,4.213466724805491,4.21332398076473,0.0001427440407608671,7.744301232039318e-17,1.5488602464078636e-16,7.744301232039318e-17,True,0.00601009999809321,0.0,,
256,arpack_matvec,central_difference,1.0,0.0019950057818460764,0.23889962770925124,77977129.38794951,329.45400165481146,329.4577638067419,329.4542295144447,329.45799166637516,2,sparse_direct,not_applicable,2.710505431213761e-16,1.790869659909092e-16,0.0037972999998601153,0.004824499992537312,0.0,0.015625,5.170606455906923e-05,5.170753218704341e-05,4.213455177475722,4.213335585910917,0.00011959156480489952,0.0,1.9360753080098294e-16,1.9360753080098294e-16,True,0.009044799997354858,0.015625,,
257,arpack_matvec,central_difference,1.0,0.0019950057818460764,0.24722007113204866,51886612.465844795,329.4540016548114,329.45798123114815,329.4540120900385,329.4579916663751,2,sparse_direct,not_applicable,3.097720492815727e-16,2.323290369611795e-16,0.005034000001614913,0.0032370999979320914,0.015625,0.0,5.1705780154014247e-05,5.170781716616945e-05,4.21347835337497,4.213312364805119,0.00016598856985083899,1.5488602464078636e-16,7.744301232039318e-17,2.323290369611795e-16,True,0.00958679999166634,0.015625,,
258,arpack_matvec,central_difference,1.0,0.0019950057818460764,0.2688387570801115,79726107.63841808,329.4545057744802,329.4579916663751,329.4540016548114,329.45748754670643,2,sparse_direct,not_applicable,3.097720492815727e-16,2.323290369611795e-16,0.0028279000107431784,0.0028019000019412488,0.0,0.0,5.17061158661566e-05,5.170748083031172e-05,4.213450996536788,4.213339770666038,0.00011122587075007573,1.1616451848058975e-16,0.0,1.1616451848058975e-16,True,0.006031000011716969,0.0,,
259,arpack_matvec,central_difference,1.0,0.0019950057818460764,0.23280890165631238,44137247.07218252,329.45405772992916,329.4579916663751,329.4540016548114,329.45793559125747,2,sparse_direct,not_applicable,1.5488602464078636e-16,3.097720492815727e-16,0.002901300002122298,0.0035201999999117106,0.015625,0.0,5.1705627553051456e-05,5.170796990282531e-05,4.213490788788364,4.2132999193882545,0.00019086940010915043,1.1616451848058975e-16,1.1616451848058975e-16,2.323290369611795e-16,True,0.006690000009257346,0.015625,,
260,arpack_matvec,central_difference,1.0,0.0019950057818460764,0.23205755486508492,68760151.96171717,329.4543505004224,329.45799166637505,329.45400165481135,329.45764282076425,2,sparse_direct,not_applicable,1.9360753080098294e-16,1.4036545983071262e-16,0.002074100004392676,0.002527899996493943,0.0,0.0,5.170615155284399e-05,5.1707445134123224e-05,4.21344808848612,4.21334267934138,0.0001054091447398875,0.0,7.744301232039318e-17,7.744301232039318e-17,True,0.004991800000425428,0.0,,
261,arpack_matvec,central_difference,1.0,0.0019950057818460764,0.2631469171994411,57169918.28786963,329.45400165481146,329.4578430846632,329.45415023652333,329.45799166637516,2,sparse_direct,not_applicable,1.9360753080098294e-16,1.9360753080098294e-16,0.0024344999983441085,0.0025095000019064173,0.0,0.0,5.170620656826409e-05,5.1707390787196275e-05,4.213443605376025,4.213347107764925,9.649761109997712e-05,0.0,3.872150616019659e-17,3.872150616019659e-17,True,0.005296100003761239,0.0,,
262,arpack_matvec,central_difference,1.0,0.0019950057818460764,0.23433370758873304,71919840.56932586,329.4540016548115,329.4578651411807,329.4541281800059,329.4579916663752,2,sparse_direct,not_applicable,2.1296828388108122e-16,1.9360753080098294e-16,0.002345100001548417,0.003485900000669062,0.0,0.0,5.170647976077559e-05,5.170711698549901e-05,4.213421343538709,4.213369418457466,5.1925081242742976e-05,0.0,3.872150616019659e-17,3.872150616019659e-17,True,0.006295099999988452,0.0,,
263,arpack_matvec,central_difference,1.0,0.0019950057818460764,0.2741412326442755,65863727.57609644,329.45400165481146,329.4573663167174,329.4546270044691,329.45799166637516,2,sparse_direct,not_applicable,3.097720492815727e-16,1.5488602464078636e-16,0.0021071999944979325,0.0027562999894144014,0.0,0.0,5.170665313507633e-05,5.1706944219811614e-05,4.2134072157827065,4.21338349636663,2.3719416076595223e-05,1.9360753080098294e-16,3.872150616019659e-17,2.323290369611795e-16,True,0.005236299999523908,0.0,,
264,arpack_matvec,central_difference,1.0,0.0019950057818460764,0.25964122951813734,76924648.95385675,329.4540016548114,329.45763589560624,329.45435742558027,329.4579916663751,2,sparse_direct,not_applicable,2.323290369611795e-16,2.323290369611795e-16,0.0028101000061724335,0.0025840000016614795,0.0,0.015625,5.170686649300916e-05,5.170673028113424e-05,4.213389830009507,4.213400929410406,1.1099400898828549e-05,3.872150616019659e-17,0.0,3.872150616019659e-17,True,0.0057708999956958,0.015625,,
265,arpack_matvec,central_difference,1.0,0.0019950057818460764,0.26329344901515234,57882891.846381165,329.45433800265045,329.4579916663751,329.4540016548114,329.4576553185362,2,sparse_direct,not_applicable,1.9360753080098294e-16,1.5488602464078636e-16,0.002455299996654503,0.003324300007079728,0.0,0.0,5.170712210999575e-05,5.1706475253990414e-05,4.213369000886405,4.213421710784489,5.270989808447979e-05,0.0,7.744301232039318e-17,7.744301232039318e-17,True,0.0061139000026742,0.0,,
266,arpack_matvec,central_difference,1.0,0.0019950057818460764,0.28064986549156745,85094890.90381123,329.45466582387104,329.4579916663751,329.4540016548114,329.4573274973155,2,sparse_direct,not_applicable,2.323290369611795e-16,2.710505431213761e-16,0.002514000007067807,0.002835499995853752,0.0,0.0,5.1707135141933585e-05,5.170646161478988e-05,4.213367938975651,4.21342282220658,5.488323092883718e-05,1.1616451848058975e-16,3.872150616019659e-17,1.5488602464078636e-16,True,0.005714900005841628,0.0,,
267,arpack_matvec,central_difference,1.0,0.0019950057818460764,0.24260282380818535,49686399.08211175,329.4540016548115,329.45739735171975,329.4545959694669,329.4579916663752,2,sparse_direct,not_applicable,1.9360753080098294e-16,3.4849355544176928e-16,0.002842200003215112,0.002205800003139302,0.015625,0.0,5.170751322818791e-05,5.170608422415753e-05,4.21333713075451,4.213453574995677,0.00011644424116674656,7.744301232039318e-17,1.1616451848058975e-16,1.9360753080098294e-16,True,0.005386499993619509,0.015625,,
268,arpack_matvec,central_difference,1.0,0.0019950057818460764,0.25579899102799714,80861352.48214398,329.45400165481146,329.4576617941929,329.4543315269937,329.45799166637516,2,sparse_direct,not_applicable,1.9360753080098294e-16,2.710505431213761e-16,0.0027593000122578815,0.0026188999909209087,0.0,0.0,5.1707290529743246e-05,5.1706306142562794e-05,4.213355277201873,4.213435491265321,8.021406344838056e-05,2.323290369611795e-16,7.744301232039318e-17,3.097720492815727e-16,True,0.006058099999791011,0.0,,
269,arpack_matvec,central_difference,1.0,0.0019950057818460764,0.31375491206667955,61959404.90537177,329.45400165481146,329.4574892763365,329.45450404485,329.45799166637516,2,sparse_direct,not_applicable,1.5488602464078636e-16,1.9360753080098294e-16,0.0028276000084588304,0.003119500004686415,0.0,0.015625,5.170742218541682e-05,5.170617493990052e-05,4.21334454930047,4.213446182714735,0.00010163341426494554,7.744301232039318e-17,1.5488602464078636e-16,7.744301232039318e-17,True,0.006276800006162375,0.015625,,
270,arpack_matvec,central_difference,1.0,0.0019950057818460764,0.25949294984324006,79777700.78431393,329.45400165481146,329.4573459916879,329.45464732949875,329.45799166637516,2,sparse_direct,not_applicable,3.097720492815727e-16,1.1616451848058975e-16,0.0021170999971218407,0.0027502000011736527,0.0,0.0,5.1707337297370215e-05,5.170625934406337e-05,4.213351466357258,4.213439304777667,8.78384204092697e-05,0.0,0.0,0.0,True,0.0053340000013122335,0.0,,
271,arpack_matvec,central_difference,1.0,0.0019950057818460764,0.24360873647179251,47636816.91027284,329.45455605619327,329.4579916663751,329.4540016548114,329.45743726499336,2,sparse_direct,not_applicable,1.9360753080098294e-16,1.5488602464078636e-16,0.0034659000084502622,0.002529399993363768,0.0,0.0,5.170764923714199e-05,5.170594812949976e-05,4.213326048224463,4.213464665180522,0.00013861695605932312,3.872150616019659e-17,3.872150616019659e-17,0.0,True,0.0063304000068455935,0.0,,
272,arpack_matvec,central_difference,1.0,0.0019950057818460764,0.2539079652416743,74972397.48468503,329.4544141231666,329.45799166637516,329.45400165481146,329.45757919802,2,sparse_direct,not_applicable,1.645664011808355e-16,1.5488602464078636e-16,0.002377700002398342,0.0020700000022770837,0.0,0.015625,5.1707456275759307e-05,5.1706140424293635e-05,4.213341771473653,4.213448995333331,0.00010722385967820713,7.744301232039318e-17,2.323290369611795e-16,3.097720492815727e-16,True,0.004951700000674464,0.015625,,
273,arpack_matvec,central_difference,1.0,0.0019950057818460764,0.26006390217001135,49148563.290535785,329.4545637846417,329.4579916663751,329.4540016548114,329.4574295365448,2,sparse_direct,not_applicable,1.5488602464078636e-16,2.323290369611795e-16,0.002594000005046837,0.0027108000067528337,0.0,0.0,5.170785625377097e-05,5.170574106754565e-05,4.213309179829243,4.213481538514298,0.0001723586850550518,3.872150616019659e-17,7.744301232039318e-17,1.1616451848058975e-16,True,0.005694399995263666,0.0,,
274,arpack_matvec,central_difference,1.0,0.0019950057818460764,0.23518910290515418,66098610.674616285,329.45427502279716,329.4579916663752,329.4540016548115,329.45771829838947,2,sparse_direct,not_applicable,3.097720492815727e-16,2.323290369611795e-16,0.003351100007421337,0.0024735000042710453,0.0,0.0,5.1707661343528035e-05,5.170593533663664e-05,4.213325061752626,4.213465707658071,0.000140645905444714,3.872150616019659e-17,3.872150616019659e-17,0.0,True,0.006234500004211441,0.0,,
275,arpack_matvec,central_difference,1.0,0.0019950057818460764,0.22439577212290682,50048574.550563216,329.4544756003491,329.45799166637516,329.45400165481146,329.45751772083753,2,sparse_direct,not_applicable,3.4849355544176928e-16,2.710505431213761e-16,0.0025043999921763316,0.0023255999985849485,0.015625,0.0,5.1708447928630257e-05,5.1705149782101795e-05,4.213260968962045,4.213529722695412,0.0002687537333674328,1.5488602464078636e-16,3.872150616019659e-17,1.9360753080098294e-16,True,0.005168699994101189,0.015625,,
276,arpack_matvec,central_difference,1.0,0.0019950057818460764,0.19714961802278966,69453763.73469411,329.45429859577115,329.45799166637516,329.45400165481146,329.45769472541537,2,sparse_direct,not_applicable,1.9360753080098294e-16,2.710505431213761e-16,0.0028332999936537817,0.0027303999959258363,0.0,0.0,5.1708234527660876e-05,5.1705362341166817e-05,4.213278357178511,4.213512401011592,0.00023404383308101018,3.872150616019659e-17,3.872150616019659e-17,0.0,True,0.005960299997241236,0.0,,
277,arpack_matvec,central_difference,1.0,0.0019950057818460764,0.29243927582401863,48180343.05555739,329.45465958395596,329.45799166637505,329.45400165481135,329.45733373723067,2,sparse_direct,not_applicable,1.9360753080098294e-16,2.710505431213761e-16,0.0021247999975457788,0.002568199997767806,0.0,0.015625,5.170780904930804e-05,5.170578838715022e-05,4.213313026192116,4.213477682460914,0.0001646562687973585,0.0,3.872150616019659e-17,3.872150616019659e-17,True,0.005861099998583086,0.015625,,
278,arpack_matvec,central_difference,1.0,0.0019950057818460764,0.18937600310680766,69623698.8116386,329.45423058159327,329.45799166637516,329.45400165481146,329.45776273959336,2,sparse_direct,not_applicable,1.9360753080098294e-16,1.5488602464078636e-16,0.0028006000065943226,0.002831500009051524,0.0,0.0,5.170832029292593e-05,5.170527682781469e-05,4.213271368884692,4.213519369576345,0.0002480006916529831,3.872150616019659e-17,3.872150616019659e-17,0.0,True,0.005959999994956888,0.0,,
279,arpack_matvec,central_difference,1.0,0.0019950057818460764,0.23026124781033394,51451904.08355948,329.4544433898259,329.4579916663751,329.4540016548114,329.45754993136075,2,sparse_direct,not_applicable,1.5488602464078636e-16,1.9360753080098294e-16,0.002758099988568574,0.003060100003494881,0.0,0.0,5.170823068937156e-05,5.170536731348777e-05,4.2132786699291325,4.213511995813117,0.00023332588398439214,3.872150616019659e-17,1.1616451848058975e-16,7.744301232039318e-17,True,0.006680099992081523,0.0,,
280,arpack_matvec,central_difference,1.0,0.0019950057818460764,0.25604889134358294,77368535.12825525,329.4544534653868,329.4579916663751,329.4540016548114,329.4575398557997,2,sparse_direct,not_applicable,1.9360753080098294e-16,2.710505431213761e-16,0.0022659000096609816,0.0016912999999476597,0.0,0.015625,5.170726156210726e-05,5.170633521288147e-05,4.2133576376235675,4.213433122389013,7.548476544538829e-05,1.9360753080098294e-16,7.744301232039318e-17,1.1616451848058975e-16,True,0.004287499992642552,0.015625,,
281,arpack_matvec,central_difference,1.0,0.0019950057818460764,0.2599611714133749,52468342.68341434,329.45436272918846,329.45799166637516,329.45400165481146,329.45763059199805,2,sparse_direct,not_applicable,3.097720492815727e-16,2.323290369611795e-16,0.0029198999982327223,0.002766600009636022,0.0,0.0,5.170705474956427e-05,5.170654261612656e-05,4.213374489776756,4.213416221632197,4.1731855440652055e-05,0.0,7.744301232039318e-17,7.744301232039318e-17,True,0.0060948000027565286,0.0,,
282,arpack_matvec,central_difference,1.0,0.0019950057818460764,0.23078000521779857,80495227.71093364,329.45413977595166,329.45799166637516,329.45400165481146,329.45785354523497,2,sparse_direct,not_applicable,2.710505431213761e-16,2.323290369611795e-16,0.002753699998720549,0.003443100009462796,0.0,0.0,5.1706606866715805e-05,5.170698987557809e-05,4.213410986044496,4.213379776071686,3.120997281058635e-05,1.1616451848058975e-16,0.0,1.1616451848058975e-16,True,0.006611899996642023,0.0,,
283,arpack_matvec,central_difference,1.0,0.0019950057818460764,0.23179900863863623,46874505.76220725,329.45429807275366,329.4579916663751,329.4540016548114,329.45769524843286,2,sparse_direct,not_applicable,2.323290369611795e-16,1.1616451848058975e-16,0.0033339999936288223,0.0035214999952586368,0.015625,0.0,5.1706038999778256e-05,5.1707558519424826e-05,4.21345726026777,4.213333440244734,0.00012382002303557016,3.872150616019659e-17,7.744301232039318e-17,1.1616451848058975e-16,True,0.0073591999971540645,0.015625,,
284,arpack_matvec,central_difference,1.0,0.0019950057818460764,0.28742944089654715,73951434.789221,329.45400165481146,329.4576865025744,329.4543068186121,329.45799166637516,2,sparse_direct,not_applicable,1.9360753080098294e-16,1.9360753080098294e-16,0.002870600001187995,0.0023133999929996207,0.0,0.0,5.170595440184521e-05,5.170764228343509e-05,4.213464154053589,4.2133266148376975,0.00013753921589110263,7.744301232039318e-17,1.9360753080098294e-16,2.710505431213761e-16,True,0.005591000008280389,0.0,,
285,arpack_matvec,central_difference,1.0,0.0019950057818460764,0.37521819749908764,59742872.34902071,329.45400165481146,329.4576419167381,329.4543514044484,329.45799166637516,2,sparse_direct,not_applicable,2.710505431213761e-16,3.4849355544176928e-16,0.003850399996736087,0.0021745999983977526,0.0,0.0,5.1705621361172815e-05,5.1707975661949315e-05,4.213491293364519,4.213299450119899,0.00019184324461996027,7.744301232039318e-17,0.0,7.744301232039318e-17,True,0.006439200005843304,0.0,,
286,arpack_matvec,central_difference,1.0,0.0019950057818460764,0.2841475574458512,82851811.22130682,329.45400165481146,329.457215323912,329.4547779972746,329.45799166637516,2,sparse_direct,not_applicable,2.710505431213761e-16,1.1616451848058975e-16,0.002948399996967055,0.0028722999995807186,0.0,0.0,5.170553336195573e-05,5.170806336882764e-05,4.213498464433279,4.213292303548974,0.00020616088430447377,3.872150616019659e-17,3.872150616019659e-17,7.744301232039318e-17,True,0.006242200004635379,0.0,,
287,arpack_matvec,central_difference,1.0,0.0019950057818460764,0.2913799293977591,51266917.65022481,329.4540016548115,329.45727588200305,329.45471743918347,329.4579916663752,2,sparse_direct,not_applicable,2.710505431213761e-16,3.097720492815727e-16,0.002721099997870624,0.001822499994887039,0.0,0.0,5.1704982227576575e-05,5.1708615055991665e-05,4.213543377007662,4.213247351285611,0.0002960257220507856,1.1616451848058975e-16,3.872150616019659e-17,7.744301232039318e-17,True,0.004901299995253794,0.0,,
288,arpack_matvec,central_difference,1.0,0.0019950057818460764,0.3091164656004445,98982490.42638303,329.4542044889969,329.4579916663751,329.4540016548114,329.45778883218964,2,sparse_direct,not_applicable,1.9360753080098294e-16,2.323290369611795e-16,0.0020223999890731648,0.0023824999952921644,0.0,0.0,5.170563182294812e-05,5.170796494164251e-05,4.21349044083458,4.213300323638375,0.00019011719620465328,7.744301232039318e-17,7.744301232039318e-17,0.0,True,0.005653500003973022,0.0,,
289,arpack_matvec,central_difference,1.0,0.0019950057818460764,0.24835316227622253,67004852.55833598,329.4540016548114,329.45788547444835,329.45410784673817,329.4579916663751,2,sparse_direct,not_applicable,2.323290369611795e-16,3.872150616019659e-16,0.002243000009912066,0.002264899987494573,0.0,0.0,5.170493958387617e-05,5.1708657850787476e-05,4.213546852131758,4.213243864344205,0.00030298778755266653,1.9360753080098294e-16,0.0,1.9360753080098294e-16,True,0.00484120000328403,0.0,,
290,arpack_matvec,central_difference,1.0,0.0019950057818460764,0.3257554871966521,102680183.1310019,329.4540016548114,329.4574643526142,329.45452896857233,329.4579916663751,2,sparse_direct,not_applicable,1.645664011808355e-16,1.9360753080098294e-16,0.0025080999912461266,0.002494600004865788,0.0,0.0,5.1705928379824053e-05,5.170766835142231e-05,4.213466274561948,4.21332449072443,0.00014178383751772827,3.872150616019659e-17,3.872150616019659e-17,0.0,True,0.005256299991742708,0.0,,
291,arpack_matvec,central_difference,1.0,0.0019950057818460764,0.27963017762926556,55796523.60911887,329.4540016548114,329.4573214527312,329.4546718684554,329.4579916663751,2,sparse_direct,not_applicable,2.710505431213761e-16,2.710505431213761e-16,0.004342500003986061,0.00252540000656154,0.0,0.0,5.170552076005201e-05,5.1708076551982574e-05,4.21349949136621,4.213291229355368,0.00020826201084123142,3.872150616019659e-17,3.872150616019659e-17,7.744301232039318e-17,True,0.007418599998345599,0.0,,
292,arpack_matvec,central_difference,1.0,0.0019950057818460764,0.2761258799116994,76237274.49277642,329.4540016548115,329.45731901826906,329.45467430291745,329.4579916663752,2,sparse_direct,not_applicable,1.9360753080098294e-16,1.5488602464078636e-16,0.0030848000023979694,0.0028829999937443063,0.0,0.0,5.170604836351187e-05,5.170754838518367e-05,4.2134564972295445,4.213334266022373,0.0001222312071718079,0.0,3.872150616019659e-17,3.872150616019659e-17,True,0.006409599998733029,0.0,,
293,arpack_matvec,central_difference,1.0,0.0019950057818460764,0.22848629446128393,50022214.98284773,329.45400165481146,329.45748626378685,329.45450705739967,329.45799166637516,2,sparse_direct,not_applicable,1.9360753080098294e-16,1.9360753080098294e-16,0.003929199985577725,0.0020360000053187832,0.0,0.0,5.1705905580744596e-05,5.17076919267124e-05,4.2134681324377805,4.213322569726927,0.00014556271085375272,3.872150616019659e-17,7.744301232039318e-17,1.1616451848058975e-16,True,0.006448600004659966,0.0,,
294,arpack_matvec,central_difference,1.0,0.0019950057818460764,0.30745597090189103,83996695.2350367,329.45481897401567,329.4579916663751,329.4540016548114,329.45717434717085,2,sparse_direct,not_applicable,2.710505431213761e-16,2.323290369611795e-16,0.002667900000233203,0.00247210000816267,0.0,0.0,5.170658852464849e-05,5.170700822318158e-05,4.213412480683189,4.213378281005076,3.41996781134668e-05,7.744301232039318e-17,1.1616451848058975e-16,3.872150616019659e-17,True,0.005505900000571273,0.0,,
295,arpack_matvec,central_difference,1.0,0.0019950057818460764,0.25914980100034235,43504232.81582224,329.45450389235214,329.4579916663751,329.4540016548114,329.4574894288345,2,sparse_direct,not_applicable,1.5488602464078636e-16,3.097720492815727e-16,0.0025088999973377213,0.002436800001305528,0.0,0.0,5.170679231522172e-05,5.170680521703181e-05,4.213395874475258,4.213394823154582,1.051320675848899e-06,0.0,3.872150616019659e-17,3.872150616019659e-17,True,0.005276299998513423,0.0,,
296,arpack_matvec,central_difference,1.0,0.0019950057818460764,0.21865577178840548,77610207.17589802,329.45400165481146,329.4579791330351,329.4540141881514,329.45799166637516,2,sparse_direct,not_applicable,2.323290369611795e-16,1.5488602464078636e-16,0.004368399997474626,0.0024302000092575327,0.0,0.0,5.170713599057381e-05,5.1706460777935165e-05,4.213367869824006,4.2134228903996584,5.5020575652875436e-05,3.872150616019659e-17,1.1616451848058975e-16,7.744301232039318e-17,True,0.007753800004138611,0.0,,
297,arpack_matvec,central_difference,1.0,0.0019950057818460764,0.22699128751543707,49289353.99790298,329.45418996386235,329.45799166637516,329.45400165481146,329.45780335732417,2,sparse_direct,not_applicable,3.4849355544176928e-16,2.323290369611795e-16,0.00315730000147596,0.0028334999951766804,0.0,0.0,5.1707707050323276e-05,5.1705890454152946e-05,4.213321337402875,4.213469365090604,0.00014802768772881336,3.872150616019659e-17,7.744301232039318e-17,1.1616451848058975e-16,True,0.006461700002546422,0.0,,
298,arpack_matvec,central_difference,1.0,0.0019950057818460764,0.2438399974468334,88037563.10327345,329.4543185933564,329.45799166637516,329.45400165481146,329.45767472783024,2,sparse_direct,not_applicable,1.9360753080098294e-16,2.323290369611795e-16,0.0025292999926023185,0.003412000005482696,0.015625,0.0,5.1707623155460364e-05,5.170597365877852e-05,4.213328173455172,4.213462584826814,0.00013441137164260653,0.0,1.9360753080098294e-16,1.9360753080098294e-16,True,0.006294999999227002,0.015625,,
299,arpack_matvec,central_difference,1.0,0.0019950057818460764,0.2049632933189348,49790551.61051729,329.45417048658913,329.45799166637516,329.45400165481146,329.4578228345975,2,sparse_direct,not_applicable,2.323290369611795e-16,2.710505431213761e-16,0.002280200002132915,0.0027165000064997002,0.0,0.0,5.17081029359228e-05,5.170549491067231e-05,4.213289079533239,4.213501597841516,0.00021251830827662133,3.872150616019659e-17,0.0,3.872150616019659e-17,True,0.005433899990748614,0.0,,
300,arpack_matvec,central_difference,1.0,0.0019950057818460764,0.23870690638460765,87389022.43753113,329.4542034505725,329.45799166637516,329.45400165481146,329.45778987061414,2,sparse_direct,not_applicable,1.5488602464078636e-16,2.710505431213761e-16,0.002714599992032163,0.003083200004766695,0.0,0.0,5.170795050494886e-05,5.170564640677921e-05,4.2133014999782885,4.213489252398941,0.00018775242065238729,3.872150616019659e-17,3.872150616019659e-17,7.744301232039318e-17,True,0.006180100011988543,0.0,,
301,arpack_matvec,central_difference,1.0,0.0019950057818460764,0.26022756681426407,42217825.520646386,329.4543155137898,329.45799166637516,329.45400165481146,329.4576778073967,2,sparse_direct,not_applicable,3.872150616019659e-16,2.323290369611795e-16,0.0038733000110369176,0.0020726999937323853,0.0,0.0,5.170829004250112e-05,5.1705307452339386e-05,4.2132738337360465,4.2135168739519235,0.00024304021587706615,7.744301232039318e-17,3.872150616019659e-17,1.1616451848058975e-16,True,0.006440299999667332,0.0,,
302,arpack_matvec,central_difference,1.0,0.0019950057818460764,0.26627274561822284,83663571.88255477,329.4545798416766,329.4579916663751,329.4540016548114,329.4574134795099,2,sparse_direct,not_applicable,3.4849355544176928e-16,3.4849355544176928e-16,0.003005899998242967,0.002816100008203648,0.0,0.0,5.1707653180655496e-05,5.170594363015033e-05,4.213325726892762,4.213465031827923,0.00013930493516056686,7.744301232039318e-17,1.1616451848058975e-16,1.9360753080098294e-16,True,0.006200799994985573,0.0,,
303,arpack_matvec,central_difference,1.0,0.0019950057818460764,0.24009355808066346,45540547.67757692,329.45400165481146,329.4578821223475,329.45411119883903,329.45799166637516,2,sparse_direct,not_applicable,1.9360753080098294e-16,3.872150616019659e-16,0.0021712000016123056,0.002694599999813363,0.0,0.015625,5.170784295380295e-05,5.17057547450138e-05,4.213310263550283,4.213480423942818,0.00017016039253547888,3.872150616019659e-17,3.872150616019659e-17,7.744301232039318e-17,True,0.0051928000029874966,0.015625,,
304,arpack_matvec,central_difference,1.0,0.0019950057818460764,0.2343882710717208,67203916.61161906,329.45437043789445,329.4579916663751,329.4540016548114,329.45762288329206,2,sparse_direct,not_applicable,3.4849355544176928e-16,3.097720492815727e-16,0.0035486999986460432,0.0021871000062674284,0.0,0.0,5.1707153239778686e-05,5.1706443509853445e-05,4.213366464269048,4.213424297530489,5.783326144115364e-05,3.872150616019659e-17,3.872150616019659e-17,0.0,True,0.006135000003268942,0.0,,
305,arpack_matvec,central_difference,1.0,0.0019950057818460764,0.24918073277598002,57283731.751581796,329.45400165481146,329.45770924154056,329.4542840796461,329.45799166637516,2,sparse_direct,not_applicable,2.710505431213761e-16,1.5488602464078636e-16,0.0027974000113317743,0.002809400000842288,0.0,0.0,5.170661522084137e-05,5.170698212410008e-05,4.213410305292831,4.213380407706319,2.9897586511395957e-05,1.5488602464078636e-16,1.1616451848058975e-16,2.710505431213761e-16,True,0.005984600007650442,0.0,,
306,arpack_matvec,central_difference,1.0,0.0019950057818460764,0.2255108106336254,71903376.87095653,329.4540016548114,329.45798748116187,329.45400584002476,329.4579916663751,2,sparse_direct,not_applicable,2.323290369611795e-16,1.9360753080098294e-16,0.0022459000028902665,0.0027274999883957207,0.015625,0.0,5.17062949675938e-05,5.170730177361409e-05,4.213436401889665,4.213354360998147,8.204089151853111e-05,3.872150616019659e-17,0.0,3.872150616019659e-17,True,0.005295499999192543,0.015625,,
307,arpack_matvec,central_difference,1.0,0.0019950057818460764,0.25519769515398,65158820.59610598,329.45400165481146,329.45776732820696,329.45422599297956,329.45799166637516,2,sparse_direct,not_applicable,1.9360753080098294e-16,1.9360753080098294e-16,0.0034690999891608953,0.0028144999960204586,0.0,0.0,5.170567835635084e-05,5.170791900115776e-05,4.213486648832351,4.213304066992643,0.00018258183970765174,1.1616451848058975e-16,7.744301232039318e-17,1.9360753080098294e-16,True,0.0066101999982493,0.0,,
308,arpack_matvec,central_difference,1.0,0.0019950057818460764,0.23436036294380083,72625993.00286683,329.45400165481146,329.45764934895425,329.45434397223227,329.45799166637516,2,sparse_direct,not_applicable,1.9360753080098294e-16,1.5488602464078636e-16,0.0031445999920833856,0.002550300006987527,0.0,0.015625,5.170564960342289e-05,5.170794711486905e-05,4.213488991904703,4.213301776211037,0.00018721569366597635,0.0,7.744301232039318e-17,7.744301232039318e-17,True,0.006059899998945184,0.015625,,
309,arpack_matvec,central_difference,1.0,0.0019950057818460764,0.21406291430770946,62410648.729569726,329.45400165481146,329.4579494138432,329.4540439073433,329.45799166637516,2,sparse_direct,not_applicable,1.9360753080098294e-16,2.323290369611795e-16,0.0025560000067343935,0.003534200004651211,0.0,0.0,5.1704645842656514e-05,5.170895180697378e-05,4.2135707898721915,4.2132199128028365,0.0003508770693549934,1.1616451848058975e-16,1.9360753080098294e-16,3.097720492815727e-16,True,0.006526299999677576,0.0,,
310,arpack_matvec,central_difference,1.0,0.0019950057818460764,0.2961335564852534,92522217.98764274,329.4544715200909,329.4579916663751,329.4540016548114,329.4575218010956,2,sparse_direct,not_applicable,1.1616451848058975e-16,2.710505431213761e-16,0.0020567000028677285,0.0032555999932810664,0.0,0.0,5.1705536360972435e-05,5.170806040543604e-05,4.213498220042578,4.213292545012973,0.00020567502960577855,3.872150616019659e-17,1.1616451848058975e-16,1.5488602464078636e-16,True,0.005659199989167973,0.0,,
311,arpack_matvec,central_difference,1.0,0.0019950057818460764,0.2188863123708591,50438222.19661615,329.4540016548115,329.45771051130316,329.45428280988335,329.4579916663752,2,sparse_direct,not_applicable,1.5488602464078636e-16,1.3552527156068805e-16,0.002012299999478273,0.0023861999943619594,0.015625,0.0,5.170425784915333e-05,5.170933982642073e-05,4.213602408894681,4.213188297406742,0.0004141114879390173,3.872150616019659e-17,3.872150616019659e-17,0.0,True,0.00472339999396354,0.015625,,
312,arpack_matvec,central_difference,1.0,0.0019950057818460764,0.24678452045733984,69265721.89886078,329.45400165481146,329.45780272752785,329.45419059365867,329.45799166637516,2,sparse_direct,not_applicable,2.323290369611795e-16,3.4849355544176928e-16,0.0024468999909004197,0.0034198000066680834,0.0,0.0,5.170538018662655e-05,5.1708216563403346e-05,4.213510946770938,4.213279820938479,0.0002311258324594334,7.744301232039318e-17,0.0,7.744301232039318e-17,True,0.006255600004806183,0.0,,
313,arpack_matvec,central_difference,1.0,0.0019950057818460764,0.2779358863149896,48514510.65653499,329.45400165481146,329.45766284999655,329.45433047118996,329.45799166637516,2,sparse_direct,not_applicable,1.9360753080098294e-16,1.9360753080098294e-16,0.002293199999257922,0.0030615999858127907,0.0,0.0,5.170532065593161e-05,5.170827664984175e-05,4.21351579797835,4.213274924991547,0.00024087298680353086,3.872150616019659e-17,3.872150616019659e-17,7.744301232039318e-17,True,0.0057167000049958006,0.0,,
314,arpack_matvec,central_difference,1.0,0.0019950057818460764,0.20118697355351844,53381070.584925726,329.45400165481146,329.45777136692436,329.45422195426204,329.45799166637516,2,sparse_direct,not_applicable,2.323290369611795e-16,3.097720492815727e-16,0.0028916000010212883,0.0028257000085432082,0.015625,0.0,5.170580390439994e-05,5.170779278692893e-05,4.213476417968721,4.2133143513017375,0.0001620666669834847,7.744301232039318e-17,3.872150616019659e-17,1.1616451848058975e-16,True,0.00611380000191275,0.015625,,
315,arpack_matvec,central_difference,1.0,0.0019950057818460764,0.2218742668885466,48452977.35177518,329.45445251941965,329.4579916663751,329.4540016548114,329.45754080176687,2,sparse_direct,not_applicable,3.097720492815727e-16,1.5488602464078636e-16,0.003532099988660775,0.002308800001628697,0.0,0.0,5.1706366684127814e-05,5.170723096543974e-05,4.213430557869395,4.213360130789424,7.042707997051423e-05,1.1616451848058975e-16,0.0,1.1616451848058975e-16,True,0.006252099992707372,0.0,,
316,arpack_matvec,central_difference,1.0,0.0019950057818460764,0.2531776783189465,89821882.91830882,329.4541664456489,329.45799166637516,329.45400165481146,329.4578268755377,2,sparse_direct,not_applicable,1.1616451848058975e-16,1.7424677772088464e-16,0.003732999990461394,0.0028276999946683645,0.0,0.0,5.170696444349521e-05,5.170663233539749e-05,4.213381848423541,4.213408910681658,2.7062258117105387e-05,1.5488602464078636e-16,1.5488602464078636e-16,0.0,True,0.0069737000012537464,0.0,,
317,arpack_matvec,central_difference,1.0,0.0019950057818460764,0.26017828900812306,45272874.002430014,329.45456599751753,329.4579916663751,329.4540016548114,329.457427323669,2,sparse_direct,not_applicable,2.323290369611795e-16,1.1616451848058975e-16,0.0025504999939585105,0.0028994000022066757,0.0,0.0,5.170760185640834e-05,5.170599560740995e-05,4.213329908981337,4.213460796257883,0.00013088727654597676,0.0,0.0,0.0,True,0.006135200004791841,0.0,,
318,arpack_matvec,central_difference,1.0,0.0019950057818460764,0.25828659258865844,72173377.11097126,329.45449700449745,329.4579916663751,329.4540016548114,329.45749631668906,2,sparse_direct,not_applicable,1.5004583637076176e-16,1.5488602464078636e-16,0.0021693000016966835,0.0023424999963026494,0.0,0.0,5.170762303149236e-05,5.170597371715746e-05,4.213328183556542,4.21346258006958,0.00013439651303759348,1.1616451848058975e-16,3.872150616019659e-17,7.744301232039318e-17,True,0.004830500009120442,0.0,,
319,arpack_matvec,central_difference,1.0,0.0019950057818460764,0.25816498218598133,54629310.959753074,329.4543019719114,329.4579916663752,329.4540016548115,329.45769134927525,2,sparse_direct,not_applicable,1.9360753080098294e-16,2.710505431213761e-16,0.002701300007174723,0.002978800010168925,0.015625,0.0,5.1708479186120525e-05,5.170511830223003e-05,4.213258422069043,4.213532288038645,0.000273865969601772,0.0,1.5488602464078636e-16,1.5488602464078636e-16,True,0.006014399987179786,0.015625,,
320,arpack_matvec,central_difference,1.0,0.0019950057818460764,0.2280437045017794,76306840.49427927,329.4544107605419,329.4579916663752,329.4540016548115,329.4575825606446,2,sparse_direct,not_applicable,1.9360753080098294e-16,1.5488602464078636e-16,0.0028103999939048663,0.005505599998286925,0.0,0.0,5.1708160668447426e-05,5.170543618519055e-05,4.213284375366384,4.213506383410104,0.00022200804372030092,0.0,1.5488602464078636e-16,1.5488602464078636e-16,True,0.008713600007467903,0.0,,
321,arpack_matvec,central_difference,1.0,0.0019950057818460764,0.21818731731517801,53272691.046424665,329.4545842042529,329.4579916663752,329.4540016548115,329.4574091169337,2,sparse_direct,not_applicable,1.5488602464078636e-16,1.9360753080098294e-16,0.005161399996723048,0.0026050000014947727,0.015625,0.0,5.170925988640381e-05,5.17043375467705e-05,4.2131948107922454,4.213595914003001,0.0004011032107555934,3.872150616019659e-17,3.872150616019659e-17,7.744301232039318e-17,True,0.008440500008873641,0.015625,,
322,arpack_matvec,central_difference,1.0,0.0019950057818460764,0.23245659751017328,66584582.085049674,329.454681712099,329.4579916663751,329.4540016548114,329.4573116090875,2,sparse_direct,not_applicable,1.9360753080098294e-16,3.872150616019659e-16,0.002791599996271543,0.0027162000042153522,0.0,0.0,5.1708140049839984e-05,5.1705456779672226e-05,4.2132860554124365,4.213504705154357,0.00021864974192009612,3.872150616019659e-17,7.744301232039318e-17,1.1616451848058975e-16,True,0.006012199999531731,0.0,,
323,arpack_matvec,central_difference,1.0,0.0019950057818460764,0.2197262000379517,55574796.735348314,329.4543226198491,329.4579916663751,329.4540016548114,329.4576707013374,2,sparse_direct,not_applicable,3.097720492815727e-16,1.5488602464078636e-16,0.0026988000026904047,0.0035263999889139086,0.015625,0.0,5.170858388847518e-05,5.170501393069282e-05,4.213249890834104,4.213540793458305,0.00029090262420172763,7.744301232039318e-17,0.0,7.744301232039318e-17,True,0.007294200011529028,0.015625,,
324,arpack_matvec,central_difference,1.0,0.0019950057818460764,0.24962918566518935,84775226.44772656,329.45420927299045,329.45799166637516,329.45400165481146,329.4577840481962,2,sparse_direct,not_applicable,4.2593656776216244e-16,1.5488602464078636e-16,0.002221499991719611,0.0032942999969236553,0.0,0.0,5.1707531992999916e-05,5.170606489674616e-05,4.2133356017223536,4.213455149958898,0.00011954823654480862,7.744301232039318e-17,3.872150616019659e-17,1.1616451848058975e-16,True,0.0058492999960435554,0.0,,
325,arpack_matvec,central_difference,1.0,0.0019950057818460764,0.24416206408260957,53160953.632621385,329.45427149414235,329.45799166637516,329.45400165481146,329.45772182704417,2,sparse_direct,not_applicable,2.323290369611795e-16,1.9360753080098294e-16,0.0038000999920768663,0.0030784000118728727,0.0,0.015625,5.170722658052755e-05,5.170637084087264e-05,4.21336048809372,4.213430219146034,6.97310523145589e-05,0.0,1.1616451848058975e-16,1.1616451848058975e-16,True,0.00732360000256449,0.015625,,
326,arpack_matvec,central_difference,1.0,0.0019950057818460764,0.22750309237720534,72095018.34112866,329.4540016548114,329.4576907911166,329.4543025300699,329.4579916663751,2,sparse_direct,not_applicable,1.1616451848058975e-16,2.710505431213761e-16,0.002857900006347336,0.002760499992291443,0.0,0.0,5.17064031352881e-05,5.1707193693895956e-05,4.213427587551923,4.213363167860775,6.441969114767687e-05,1.1616451848058975e-16,3.872150616019659e-17,7.744301232039318e-17,True,0.006003900009091012,0.0,,
327,arpack_matvec,central_difference,1.0,0.0019950057818460764,0.23730153935902004,50587151.976185374,329.4542440029743,329.4579916663751,329.4540016548114,329.45774931821234,2,sparse_direct,not_applicable,2.710505431213761e-16,2.0328790734103208e-16,0.002785000004223548,0.0027174999995622784,0.0,0.0,5.1705773475131776e-05,5.170782384056624e-05,4.213478897633856,4.213311820954761,0.00016707667909532375,3.872150616019659e-17,3.872150616019659e-17,7.744301232039318e-17,True,0.00593749999825377,0.0,,
328,arpack_matvec,central_difference,1.0,0.0019950057818460764,0.2594125673178107,82044129.02463254,329.45400165481146,329.45739074174946,329.45460257943716,329.45799166637516,2,sparse_direct,not_applicable,2.323290369611795e-16,2.323290369611795e-16,0.0025533999869367108,0.0035247999912826344,0.015625,0.0,5.170562468617386e-05,5.170797213433444e-05,4.213491022410188,4.213299737559092,0.00019128485109565219,7.744301232039318e-17,7.744301232039318e-17,1.5488602464078636e-16,True,0.0064024999883258715,0.015625,,
329,arpack_matvec,central_difference,1.0,0.0019950057818460764,0.2267871766895072,52857628.06788861,329.45400165481146,329.4575491672422,329.45444415394445,329.45799166637516,2,sparse_direct,not_applicable,1.9360753080098294e-16,2.710505431213761e-16,0.0019203000119887292,0.0031121999927563593,0.0,0.0,5.1704684999269335e-05,5.170891248530835e-05,4.213567598881665,4.213223116715196,0.00034448216646953966,0.0,3.872150616019659e-17,3.872150616019659e-17,True,0.005304600010276772,0.0,,
330,arpack_matvec,central_difference,1.0,0.0019950057818460764,0.24759440775175232,76553879.537215,329.4540016548114,329.4576846635684,329.45430865761824,329.4579916663751,2,sparse_direct,not_applicable,1.5488602464078636e-16,2.710505431213761e-16,0.0029837000038241968,0.0018657000036910176,0.0,0.0,5.170499212256674e-05,5.17086048259613e-05,4.213542570645093,4.213248184834466,0.0002943858106272401,1.1616451848058975e-16,3.872150616019659e-17,1.5488602464078636e-16,True,0.005218599995714612,0.0,,
331,arpack_matvec,central_difference,1.0,0.0019950057818460764,0.20541231768575718,67040155.87638335,329.4540016548114,329.4579331602419,329.4540601609447,329.4579916663751,2,sparse_direct,not_applicable,1.5488602464078636e-16,2.710505431213761e-16,0.002844100003130734,0.00359809999645222,0.0,0.0,5.170429841283114e-05,5.1709299155565434e-05,4.21359910318866,4.2131916112008625,0.00040749198779721496,1.5488602464078636e-16,3.872150616019659e-17,1.1616451848058975e-16,True,0.0068718999973498285,0.0,,
332,arpack_matvec,central_difference,1.0,0.0019950057818460764,0.2809668802131932,67562483.69197857,329.4540016548114,329.45725478114906,329.45473854003745,329.4579916663751,2,sparse_direct,not_applicable,2.710505431213761e-16,2.323290369611795e-16,0.0018523999897297472,0.0020081999973626807,0.0,0.0,5.1705362288231906e-05,5.170823455019504e-05,4.213512405325301,4.2132783553423865,0.0002340499829145415,0.0,7.744301232039318e-17,7.744301232039318e-17,True,0.004197699992801063,0.0,,
333,arpack_matvec,central_difference,1.0,0.0019950057818460764,0.22861014174624986,52892612.14306998,329.4540016548114,329.4575027319493,329.4544905892372,329.4579916663751,2,sparse_direct,not_applicable,1.1616451848058975e-16,1.9360753080098294e-16,0.0027501000004122034,0.0026246000052196905,0.0,0.015625,5.170479881870113e-05,5.170879857221109e-05,4.213558323420182,4.213232398332791,0.0003259250873908215,3.872150616019659e-17,0.0,3.872150616019659e-17,True,0.005642200005240738,0.015625,,
334,arpack_matvec,central_difference,1.0,0.0019950057818460764,0.24139626788483318,78640102.35175073,329.4540016548114,329.4574415089474,329.45455181223923,329.4579916663751,2,sparse_direct,not_applicable,2.710505431213761e-16,2.323290369611795e-16,0.0029042999958619475,0.003362200004630722,0.0,0.0,5.1705496146728404e-05,5.170810066988058e-05,4.21350149711481,4.213289264175312,0.00021223293949734767,3.872150616019659e-17,3.872150616019659e-17,0.0,True,0.006672100003925152,0.0,,
335,arpack_matvec,central_difference,1.0,0.0019950057818460764,0.23342117943276727,65671991.29703682,329.4540016548114,329.4577075228456,329.454285798341,329.4579916663751,2,sparse_direct,not_applicable,2.323290369611795e-16,2.710505431213761e-16,0.0024762999964877963,0.0032436000037705526,0.0,0.0,5.170537672379652e-05,5.170822044502788e-05,4.213511228959622,4.213279504656654,0.00023172430296813928,1.5488602464078636e-16,0.0,1.5488602464078636e-16,True,0.0060578999982681125,0.0,,
336,arpack_matvec,central_difference,1.0,0.0019950057818460764,0.25702608157253204,68925848.61406568,329.45444961591465,329.4579916663751,329.4540016548114,329.457543705272,2,sparse_direct,not_applicable,2.323290369611795e-16,1.5488602464078636e-16,0.002358600002480671,0.0024810000031720847,0.015625,0.0,5.170617856574344e-05,5.1707418257464245e-05,4.213445887251129,4.21334486936707,0.00010101788405858514,0.0,0.0,0.0,True,0.005178899999009445,0.015625,,
337,arpack_matvec,central_difference,1.0,0.0019950057818460764,0.21576421244715846,52386448.71176379,329.45408510382515,329.4579916663751,329.4540016548114,329.45790821736136,2,sparse_direct,not_applicable,2.710505431213761e-16,1.5488602464078636e-16,0.0031201999954646453,0.002245499999844469,0.0,0.0,5.1706115984776595e-05,5.170748154930942e-05,4.213450986870629,4.213339712079128,0.00011127479150108144,3.872150616019659e-17,3.872150616019659e-17,0.0,True,0.006324000001768582,0.0,,
338,arpack_matvec,central_difference,1.0,0.0019950057818460764,0.2488056651301882,77653271.42210029,329.4544289826205,329.4579916663751,329.4540016548114,329.4575643385661,2,sparse_direct,not_applicable,2.710505431213761e-16,1.9360753080098294e-16,0.002212799998233095,0.001865800004452467,0.0,0.0,5.1706623176622016e-05,5.1706973837963065e-05,4.213409657001256,4.213381082908226,2.8574093029476444e-05,3.872150616019659e-17,3.872150616019659e-17,0.0,True,0.0046131999988574535,0.0,,
339,arpack_matvec,central_difference,1.0,0.0019950057818460764,0.21124246073835587,59481245.48803454,329.45400165481146,329.457864398301,329.4541289228855,329.45799166637516,2,sparse_direct,not_applicable,1.9360753080098294e-16,1.2100470675061434e-16,0.002766899997368455,0.002810599995427765,0.015625,0.0,5.1706828741136455e-05,5.1706768961722947e-05,4.213392906263851,4.213397777466633,4.871202781586703e-06,3.872150616019659e-17,0.0,3.872150616019659e-17,True,0.0059120999940205365,0.015625,,
340,arpack_matvec,central_difference,1.0,0.0019950057818460764,0.2018759384613446,64301474.50513806,329.4540016548114,329.45778226146086,329.45421105972565,329.4579916663751,2,sparse_direct,not_applicable,3.097720492815727e-16,1.9360753080098294e-16,0.003748899995116517,0.002454399989801459,0.0,0.0,5.170724724096923e-05,5.1706349760839434e-05,4.213358804579449,4.213431936908927,7.313232947847581e-05,0.0,1.1616451848058975e-16,1.1616451848058975e-16,True,0.006563999995705672,0.0,,
341,arpack_matvec,central_difference,1.0,0.0019950057818460764,0.22056263821989872,55194111.75812372,329.45400165481146,329.4577410603438,329.45425226084285,329.45799166637516,2,sparse_direct,not_applicable,3.097720492815727e-16,4.2593656776216244e-16,0.0021807999873999506,0.002864099995349534,0.0,0.015625,5.170744068069066e-05,5.1706156838925184e-05,4.2133430422260485,4.21344765773222,0.00010461550617169024,1.1616451848058975e-16,3.872150616019659e-17,7.744301232039318e-17,True,0.00538859999505803,0.015625,,
342,arpack_matvec,central_difference,1.0,0.0019950057818460764,0.19301135456886273,69655476.7467772,329.45400165481146,329.4579177723313,329.4540755488553,329.45799166637516,2,sparse_direct,not_applicable,3.097720492815727e-16,1.9360753080098294e-16,0.0028321999998297542,0.002695599992875941,0.0,0.0,5.170742855900631e-05,5.1706168551877516e-05,4.213344029952878,4.213446703263673,0.00010267331079560904,3.872150616019659e-17,1.5488602464078636e-16,1.1616451848058975e-16,True,0.005917900009080768,0.0,,
343,arpack_matvec,central_difference,1.0,0.0019950057818460764,0.23381269622812037,61847784.31673182,329.4541591243576,329.45799166637516,329.45400165481146,329.457834196829,2,sparse_direct,not_applicable,2.710505431213761e-16,1.5488602464078636e-16,0.003351699997438118,0.0021496999979717657,0.0,0.0,5.17071978732377e-05,5.170639979426032e-05,4.2133628273069395,4.213427859804075,6.503249713585291e-05,3.872150616019659e-17,1.1616451848058975e-16,1.5488602464078636e-16,True,0.005817800003569573,0.0,,
344,arpack_matvec,central_difference,1.0,0.0019950057818460764,0.24521912925937686,76433609.98920871,329.4542429282502,329.4579916663751,329.4540016548114,329.4577503929364,2,sparse_direct,not_applicable,3.097720492815727e-16,1.9360753080098294e-16,0.0021493999956874177,0.002792700004647486,0.015625,0.0,5.1707019389361886e-05,5.170657769356183e-05,4.2133773711220055,4.213413363275652,3.5992153646802194e-05,0.0,0.0,0.0,True,0.005270800000289455,0.015625,,
345,arpack_matvec,central_difference,1.0,0.0019950057818460764,0.25032775128203744,46557613.66680187,329.4541656101939,329.4579916663751,329.4540016548114,329.4578277109926,2,sparse_direct,not_applicable,1.5488602464078636e-16,2.710505431213761e-16,0.002383300001383759,0.002758300004643388,0.0,0.0,5.170687021164235e-05,5.170672719373626e-05,4.21338952699269,4.213401180991703,1.1653999012928296e-05,0.0,1.1616451848058975e-16,1.1616451848058975e-16,True,0.005538600002182648,0.0,,
346,arpack_matvec,central_difference,1.0,0.0019950057818460764,0.24294673969821007,71677202.85445714,329.45430008457134,329.4579916663751,329.4540016548114,329.45769323661517,2,sparse_direct,not_applicable,1.5488602464078636e-16,1.9360753080098294e-16,0.0032909999863477424,0.0018890000064857304,0.0,0.0,5.1706728439208254e-05,5.1706868326995515e-05,4.213401079502528,4.213389680565155,1.1398937373563456e-05,3.872150616019659e-17,1.1616451848058975e-16,7.744301232039318e-17,True,0.005608999999822117,0.0,,
347,arpack_matvec,central_difference,1.0,0.0019950057818460764,0.22921850975060568,56335992.421539836,329.45400165481146,329.45762146012856,329.45437186105806,329.45799166637516,2,sparse_direct,not_applicable,2.710505431213761e-16,1.9360753080098294e-16,0.0028657999937422574,0.002706999992369674,0.015625,0.0,5.1706423609722206e-05,5.170717361649136e-05,4.213425919141319,4.21336480386969,6.111527162833141e-05,3.872150616019659e-17,3.872150616019659e-17,7.744301232039318e-17,True,0.00597830000333488,0.015625,,
348,arpack_matvec,central_difference,1.0,0.0019950057818460764,0.24649974347140022,74888861.81711243,329.4540016548114,329.4579368497283,329.45405647145833,329.4579916663751,2,sparse_direct,not_applicable,3.872150616019659e-16,1.5488602464078636e-16,0.0024323000106960535,0.002421400000457652,0.0,0.0,5.1706424499101136e-05,5.170717225427788e-05,4.213425846668076,4.2133649148698105,6.0931798265606574e-05,0.0,3.872150616019659e-17,3.872150616019659e-17,True,0.005188999988604337,0.0,,
349,arpack_matvec,central_difference,1.0,0.0019950057818460764,0.19587105016191525,53806667.91997114,329.4540016548114,329.4578959979091,329.45409732327755,329.4579916663751,2,sparse_direct,not_applicable,4.2593656776216244e-16,1.9360753080098294e-16,0.003086299999267794,0.002219600006355904,0.0,0.015625,5.1705914418316146e-05,5.170768310395938e-05,4.21346741227208,4.2133232886356495,0.0001441236364305709,1.5488602464078636e-16,0.0,1.5488602464078636e-16,True,0.0059261999995214865,0.015625,,
350,arpack_matvec,central_difference,1.0,0.0019950057818460764,0.19864996696485768,67571727.34938735,329.45400165481146,329.45789616931705,329.4540971518696,329.45799166637516,2,sparse_direct,not_applicable,2.323290369611795e-16,2.323290369611795e-16,0.002728799998294562,0.0027088999922852963,0.0,0.0,5.170603957982534e-05,5.1707557115938965e-05,4.213457213000495,4.213333554606237,0.00012365839425765301,3.872150616019659e-17,7.744301232039318e-17,1.1616451848058975e-16,True,0.005808200003230013,0.0,,
351,arpack_matvec,central_difference,1.0,0.0019950057818460764,0.2251756952513762,51176006.403153606,329.4543210689555,329.45799166637516,329.45400165481146,329.45767225223113,2,sparse_direct,not_applicable,4.2593656776216244e-16,1.1616451848058975e-16,0.0027956999983871356,0.0036173999978927895,0.0,0.0,5.170577331822767e-05,5.1707823974195824e-05,4.213478910419898,4.213311810066213,0.00016710035368472376,3.872150616019659e-17,7.744301232039318e-17,1.1616451848058975e-16,True,0.006794799992348999,0.0,,
352,arpack_matvec,central_difference,1.0,0.0019950057818460764,0.223618727439922,66271219.99862758,329.4540016548114,329.4578475598975,329.4541457612891,329.4579916663751,2,sparse_direct,not_applicable,1.5488602464078636e-16,1.5488602464078636e-16,0.0018694000027608126,0.002735899994149804,0.0,0.015625,5.170591240124777e-05,5.1707684326400754e-05,4.213467576641133,4.213323189026843,0.00014438761428969826,0.0,0.0,0.0,True,0.004926300010993145,0.015625,,
353,arpack_matvec,central_difference,1.0,0.0019950057818460764,0.21361197652278086,47796906.70902423,329.4540016548114,329.4579275149311,329.4540658062554,329.4579916663751,2,sparse_direct,not_applicable,1.9360753080098294e-16,1.9360753080098294e-16,0.0027043000009143725,0.0027018999971915036,0.0,0.0,5.1705598957045095e-05,5.170799839726785e-05,4.213493119077769,4.21329759758822,0.00019552148954904425,3.872150616019659e-17,3.872150616019659e-17,0.0,True,0.005790900002466515,0.0,,
354,arpack_matvec,central_difference,1.0,0.0019950057818460764,0.24458507179389516,69199582.3217067,329.4540016548114,329.4575049651576,329.4544883560289,329.4579916663751,2,sparse_direct,not_applicable,2.710505431213761e-16,1.5488602464078636e-16,0.002687200001673773,0.0033438999962527305,0.0,0.0,5.170607195067568e-05,5.170752480120559e-05,4.213454575144094,4.213336187738474,0.00011838740562009065,0.0,3.872150616019659e-17,3.872150616019659e-17,True,0.006398700003046542,0.0,,
355,arpack_matvec,central_difference,1.0,0.0019950057818460764,0.23867364432661867,50256107.44105846,329.45427793657075,329.4579916663751,329.4540016548114,329.45771538461565,2,sparse_direct,not_applicable,3.4849355544176928e-16,2.710505431213761e-16,0.0028403000032994896,0.002515900006983429,0.015625,0.0,5.170601673093783e-05,5.170758060479823e-05,4.213459074927132,4.213331640643182,0.00012743428395012302,3.872150616019659e-17,3.872150616019659e-17,0.0,True,0.005697200002032332,0.015625,,
356,arpack_matvec,central_difference,1.0,0.0019950057818460764,0.22508013652467768,58277136.45777895,329.4541993522275,329.45799166637505,329.45400165481135,329.4577939689589,2,sparse_direct,not_applicable,1.9360753080098294e-16,2.710505431213761e-16,0.002813699989928864,0.0026940999960061163,0.0,0.0,5.170627957926963e-05,5.1707317237008335e-05,4.213437655851965,4.213353100968367,8.455488359793151e-05,7.744301232039318e-17,1.5488602464078636e-16,7.744301232039318e-17,True,0.005899999989196658,0.0,,
357,arpack_matvec,central_difference,1.0,0.0019950057818460764,0.23688274666393405,59176490.37593765,329.4540016548114,329.45760261343816,329.4543907077485,329.4579916663751,2,sparse_direct,not_applicable,1.9360753080098294e-16,1.1616451848058975e-16,0.002249099998152815,0.0022232000046642497,0.0,0.015625,5.1706460034515835e-05,5.1707137385347725e-05,4.213422950978936,4.213367756170535,5.519480840110447e-05,1.1616451848058975e-16,1.5488602464078636e-16,2.710505431213761e-16,True,0.005280099998344667,0.015625,,
358,arpack_matvec,central_difference,1.0,0.0019950057818460764,0.24476518666834468,75298571.20197685,329.45436228684304,329.45799166637516,329.45400165481146,329.4576310343435,2,sparse_direct,not_applicable,3.097720492815727e-16,4.2593656776216244e-16,0.0028483000060077757,0.002481400006217882,0.0,0.0,5.170667481225117e-05,5.1706922004451854e-05,4.213405449380879,4.213385306604535,2.014277634376782e-05,7.744301232039318e-17,3.872150616019659e-17,3.872150616019659e-17,True,0.005648899998050183,0.0,,
359,arpack_matvec,central_difference,1.0,0.0019950057818460764,0.22004736467019448,49230993.57056703,329.45450906617987,329.4579916663751,329.4540016548114,329.45748425500676,2,sparse_direct,not_applicable,1.5488602464078636e-16,2.323290369611795e-16,0.0024622000055387616,0.0028879000019514933,0.0,0.0,5.170688140645723e-05,5.170671638680291e-05,4.213388614771444,4.213402061611261,1.3446839817632394e-05,0.0,3.872150616019659e-17,3.872150616019659e-17,True,0.005739999993238598,0.0,,
360,arpack_matvec,central_difference,1.0,0.0019950057818460764,0.2219490931672114,60093482.78230477,329.4543432960426,329.4579916663751,329.4540016548114,329.4576500251439,2,sparse_direct,not_applicable,1.5488602464078636e-16,1.5488602464078636e-16,0.002770200007944368,0.0022009999956935644,0.015625,0.0,5.1706998778794346e-05,5.1706598023243606e-05,4.213379050587086,4.213411706671734,3.265608464797509e-05,0.0,7.744301232039318e-17,7.744301232039318e-17,True,0.005530799986445345,0.015625,,
361,arpack_matvec,central_difference,1.0,0.0019950057818460764,0.20965962088702236,48196744.40308663,329.45412880591203,329.4579916663752,329.4540016548115,329.4578645152745,2,sparse_direct,not_applicable,1.9360753080098294e-16,1.5488602464078636e-16,0.0028491999983089045,0.0027089000068372115,0.0,0.0,5.170742110260396e-05,5.170617648301418e-05,4.21334463753275,4.213446056969093,0.00010141943634245365,7.744301232039318e-17,3.872150616019659e-17,1.1616451848058975e-16,True,0.005950699996901676,0.0,,
362,arpack_matvec,central_difference,1.0,0.0019950057818460764,0.22963102115637804,79353084.56345354,329.4540016548114,329.4577315781605,329.4542617430261,329.4579916663751,2,sparse_direct,not_applicable,2.710505431213761e-16,1.5488602464078636e-16,0.0026101000112248585,0.0024028000043472275,0.0,0.0,5.1707205215900295e-05,5.170639156802437e-05,4.213362228989905,4.213428530139999,6.630115009365056e-05,1.1616451848058975e-16,7.744301232039318e-17,1.9360753080098294e-16,True,0.005391700004111044,0.0,,
363,arpack_matvec,central_difference,1.0,0.0019950057818460764,0.182880580843759,47959755.41948159,329.4540741604944,329.4579916663752,329.4540016548115,329.45791916069226,2,sparse_direct,not_applicable,2.323290369611795e-16,1.9360753080098294e-16,0.003068999998504296,0.0024009000044316053,0.015625,0.0,5.170773964240586e-05,5.170585794595396e-05,4.213318681689864,4.213472014157963,0.0001533324680993431,7.744301232039318e-17,0.0,7.744301232039318e-17,True,0.005823899991810322,0.015625,,
364,arpack_matvec,central_difference,1.0,0.0019950057818460764,0.22204129110210763,61200161.66361781,329.4540858121801,329.4579916663751,329.4540016548114,329.4579075090064,2,sparse_direct,not_applicable,1.9360753080098294e-16,1.1616451848058975e-16,0.0028657000075327232,0.0025764000019989908,0.0,0.0,5.1707239550861404e-05,5.170635722130337e-05,4.213359431207051,4.2134313289729075,7.189776585647678e-05,7.744301232039318e-17,1.5488602464078636e-16,2.323290369611795e-16,True,0.005832299997564405,0.0,,
365,arpack_matvec,central_difference,1.0,0.0019950057818460764,0.2147776854407384,48967213.23522253,329.45440448431367,329.4579916663751,329.4540016548114,329.45758883687296,2,sparse_direct,not_applicable,2.323290369611795e-16,1.9360753080098294e-16,0.002886500005843118,0.002287900002556853,0.0,0.015625,5.1707370015991586e-05,5.170622784205745e-05,4.213348800295316,4.213441871814473,9.30715191564957e-05,1.1616451848058975e-16,0.0,1.1616451848058975e-16,True,0.00550640000437852,0.015625,,
366,arpack_matvec,central_difference,1.0,0.0019950057818460764,0.2629632609424114,77160302.26598093,329.45443786772495,329.45799166637516,329.45400165481146,329.45755545346157,2,sparse_direct,not_applicable,1.1616451848058975e-16,1.9360753080098294e-16,0.00290839999797754,0.0026068000006489456,0.0,0.0,5.1707014799123886e-05,5.17065820355309e-05,4.213377745160325,4.213413009461693,3.526430136790992e-05,3.872150616019659e-17,3.872150616019659e-17,7.744301232039318e-17,True,0.005855900002643466,0.0,,
367,arpack_matvec,central_difference,1.0,0.0019950057818460764,0.2706114988346669,63365138.70083328,329.4540016548114,329.45753274942774,329.4544605717589,329.4579916663751,2,sparse_direct,not_applicable,1.5488602464078636e-16,2.323290369611795e-16,0.0028489000105764717,0.0025236000074073672,0.0,0.0,5.17069195115921e-05,5.170667778888568e-05,4.213385509737476,4.213405206824819,1.969708734339548e-05,0.0,0.0,0.0,True,0.005764100002124906,0.0,,
368,arpack_matvec,central_difference,1.0,0.0019950057818460764,0.23774414918830358,65268444.80037553,329.4540016548114,329.4578766596963,329.4541166614901,329.4579916663751,2,sparse_direct,not_applicable,1.5488602464078636e-16,2.710505431213761e-16,0.0022271000052569434,0.0026892999885603786,0.0,0.015625,5.170669196499632e-05,5.1706904893096e-05,4.213404051661027,4.213386700939305,1.735072172248664e-05,3.872150616019659e-17,3.872150616019659e-17,7.744301232039318e-17,True,0.005240300000878051,0.015625,,
369,arpack_matvec,central_difference,1.0,0.0019950057818460764,0.2287059566827488,45933211.83053552,329.45433605650567,329.4579916663751,329.4540016548114,329.45765726468085,2,sparse_direct,not_applicable,1.1616451848058975e-16,1.9360753080098294e-16,0.0026585000014165416,0.002581399996415712,0.0,0.0,5.170647757686836e-05,5.170711980452832e-05,4.213421521499416,4.213369188748058,5.233275135818616e-05,7.744301232039318e-17,3.872150616019659e-17,1.1616451848058975e-16,True,0.0058677999913925305,0.0,,
370,arpack_matvec,central_difference,1.0,0.0019950057818460764,0.23797132250263467,68394682.96926326,329.45400165481146,329.45744002868884,329.4545532924977,329.45799166637516,2,sparse_direct,not_applicable,1.5488602464078636e-16,1.9360753080098294e-16,0.0028525000088848174,0.0018438999977661297,0.0,0.0,5.170635717867916e-05,5.170723957905298e-05,4.213431332446255,4.213359428909864,7.19035363916376e-05,3.872150616019659e-17,7.744301232039318e-17,3.872150616019659e-17,True,0.005243599996902049,0.0,,
371,arpack_matvec,central_difference,1.0,0.0019950057818460764,0.24400353871789457,53995505.13023383,329.45400165481146,329.4574618371316,329.45453148405494,329.45799166637516,2,sparse_direct,not_applicable,3.049318610115481e-16,1.5488602464078636e-16,0.002727500002947636,0.00341360000311397,0.015625,0.0,5.1706121503228386e-05,5.170747562814779e-05,4.213450537180622,4.213340194559951,0.00011034262067077805,1.1616451848058975e-16,7.744301232039318e-17,1.9360753080098294e-16,True,0.006503299999167211,0.015625,,
372,arpack_matvec,central_difference,1.0,0.0019950057818460764,0.24492987536650032,76207363.35630804,329.4540623946488,329.45799166637516,329.45400165481146,329.4579309265377,2,sparse_direct,not_applicable,1.9360753080098294e-16,1.9360753080098294e-16,0.0021422999998321757,0.00230679998639971,0.0,0.0,5.1706176427057536e-05,5.1707420356375005e-05,4.213446061528902,4.213344698338719,0.00010136319018361206,3.872150616019659e-17,7.744301232039318e-17,1.1616451848058975e-16,True,0.004822200004127808,0.0,,
373,arpack_matvec,central_difference,1.0,0.0019950057818460764,0.27085615743697905,63546542.47418303,329.45451879914356,329.45799166637516,329.45400165481146,329.45747452204307,2,sparse_direct,not_applicable,1.5488602464078636e-16,3.097720492815727e-16,0.002862599998479709,0.0025129999994533136,0.0,0.0,5.170609427648946e-05,5.1707502864523444e-05,4.213452755845934,4.21333797522794,0.00011478061799330419,0.0,7.744301232039318e-17,7.744301232039318e-17,True,0.0057074999931501225,0.0,,
374,arpack_matvec,central_difference,1.0,0.0019950057818460764,0.22614314001690736,66704007.77904852,329.4540016548114,329.4576695784037,329.45432374278295,329.4579916663751,2,sparse_direct,not_applicable,2.710505431213761e-16,3.097720492815727e-16,0.0028424000047380105,0.0033064000017475337,0.015625,0.0,5.170610442591295e-05,5.170749227434491e-05,4.2134519287846635,4.213338838159006,0.00011309062565789674,0.0,3.872150616019659e-17,3.872150616019659e-17,True,0.006549800003995188,0.015625,,
375,arpack_matvec,central_difference,1.0,0.0019950057818460764,0.19675899136867986,50030197.06928147,329.4540016548114,329.45789011818476,329.454103203002,329.4579916663751,2,sparse_direct,not_applicable,3.097720492815727e-16,2.710505431213761e-16,0.0019413000118220225,0.002690900000743568,0.0,0.0,5.1705766816687324e-05,5.1707830628183075e-05,4.213479440227399,4.213311267879029,0.00016817234836974393,3.872150616019659e-17,7.744301232039318e-17,1.1616451848058975e-16,True,0.0049512999976286665,0.0,,
376,arpack_matvec,central_difference,1.0,0.0019950057818460764,0.23838615305639452,73248347.20431936,329.4540016548114,329.45772435396304,329.4542689672236,329.4579916663751,2,sparse_direct,not_applicable,1.9360753080098294e-16,1.9360753080098294e-16,0.002369399997405708,0.0028626999992411584,0.0,0.015625,5.170624100007861e-05,5.170735573601534e-05,4.213440799592702,4.213349963892253,9.083570044854383e-05,3.872150616019659e-17,3.872150616019659e-17,7.744301232039318e-17,True,0.005582199999480508,0.015625,,
377,arpack_matvec,central_difference,1.0,0.0019950057818460764,0.25084720586145554,63905127.68846938,329.4540016548114,329.4575676144324,329.45442570675425,329.4579916663751,2,sparse_direct,not_applicable,1.9360753080098294e-16,2.710505431213761e-16,0.00275580000015907,0.0034377000120002776,0.0,0.0,5.1706143552276236e-05,5.170745358740676e-05,4.21344874043915,4.213341990531975,0.00010674990717429722,3.872150616019659e-17,0.0,3.872150616019659e-17,True,0.006579300010344014,0.0,,
378,arpack_matvec,central_difference,1.0,0.0019950057818460764,0.26830397959631663,70135956.8332927,329.4543226838271,329.4579916663751,329.4540016548114,329.4576706373594,2,sparse_direct,not_applicable,1.984477190710075e-16,2.323290369611795e-16,0.002092599999741651,0.002352200011955574,0.0,0.0,5.170641966545807e-05,5.170717712489888e-05,4.213426240549469,4.213364517986732,6.172256273728749e-05,3.872150616019659e-17,1.1616451848058975e-16,1.5488602464078636e-16,True,0.004780199989909306,0.0,,
379,arpack_matvec,central_difference,1.0,0.0019950057818460764,0.23499828306485365,47268640.63829173,329.45414112453307,329.4579916663751,329.4540016548114,329.45785219665345,2,sparse_direct,not_applicable,1.9360753080098294e-16,2.323290369611795e-16,0.002691500005312264,0.0027760000084526837,0.015625,0.0,5.1706325380025416e-05,5.170727212276281e-05,4.21343392364652,4.2133567770904765,7.714655604385001e-05,7.744301232039318e-17,7.744301232039318e-17,1.5488602464078636e-16,True,0.00579079998715315,0.015625,,
380,arpack_matvec,central_difference,1.0,0.0019950057818460764,0.23548491442816075,74875072.87776889,329.45429155201253,329.45799166637516,329.45400165481146,329.4577017691741,2,sparse_direct,not_applicable,1.9360753080098294e-16,2.710505431213761e-16,0.0027107999922009185,0.0030211999983293936,0.0,0.0,5.170652510289876e-05,5.170707200984242e-05,4.21341764873483,4.21337308331507,4.456541975983441e-05,3.872150616019659e-17,3.872150616019659e-17,7.744301232039318e-17,True,0.006106000000727363,0.0,,
381,arpack_matvec,central_difference,1.0,0.0019950057818460764,0.23071640199927732,68120097.80620047,329.45439948376924,329.45799166637516,329.45400165481146,329.4575938374174,2,sparse_direct,not_applicable,1.7424677772088464e-16,2.710505431213761e-16,0.0026553000061539933,0.001980500004719943,0.0,0.0,5.17065690628113e-05,5.1707028530271e-05,4.213414066569649,4.213376626269696,3.744029995278453e-05,3.872150616019659e-17,1.5488602464078636e-16,1.1616451848058975e-16,True,0.004912000003969297,0.0,,
382,arpack_matvec,central_difference,1.0,0.0019950057818460764,0.20611917915271227,64351498.81388246,329.45421888480735,329.4579916663751,329.4540016548114,329.4577744363793,2,sparse_direct,not_applicable,2.710505431213761e-16,2.710505431213761e-16,0.0029180999990785494,0.0027362999971956015,0.015625,0.0,5.170673110374379e-05,5.170686592363842e-05,4.213400862378826,4.213389876405297,1.0985973529109572e-05,0.0,3.872150616019659e-17,3.872150616019659e-17,True,0.0060652999964077026,0.015625,,
383,arpack_matvec,central_difference,1.0,0.0019950057818460764,0.18909327907009343,48972011.41405579,329.45400165481146,329.45789223639247,329.45410108479416,329.45799166637516,2,sparse_direct,not_applicable,2.323290369611795e-16,2.323290369611795e-16,0.003838400007225573,0.0025824000040302053,0.0,0.0,5.170682913649498e-05,5.1706768582514434e-05,4.213392874047588,4.213397808366965,4.934319377092322e-06,3.872150616019659e-17,0.0,3.872150616019659e-17,True,0.0067697999911615625,0.0,,
384,arpack_matvec,central_difference,1.0,0.0019950057818460764,0.18248137031125355,66378529.625615254,329.45400165481146,329.4578904824533,329.4541028387332,329.45799166637516,2,sparse_direct,not_applicable,2.323290369611795e-16,1.5488602464078636e-16,0.00248910000664182,0.002883499997551553,0.0,0.015625,5.170682779341218e-05,5.1706769356873615e-05,4.213392983490301,4.213397745267233,4.761776932760142e-06,3.872150616019659e-17,1.9360753080098294e-16,1.5488602464078636e-16,True,0.005725700000766665,0.015625,,
385,arpack_matvec,central_difference,1.0,0.0019950057818460764,0.23691354821977328,61298511.61329409,329.4543629469744,329.45799166637516,329.45400165481146,329.45763037421233,2,sparse_direct,not_applicable,3.4849355544176928e-16,1.5488602464078636e-16,0.005243899999186397,0.002959700010251254,0.0,0.0,5.170681700808661e-05,5.170678062961979e-05,4.213393862345696,4.213396826692092,2.964346395906148e-06,0.0,3.872150616019659e-17,3.872150616019659e-17,True,0.008940700005041435,0.0,,
386,arpack_matvec,central_difference,1.0,0.0019950057818460764,0.23942185902749008,69924847.04448354,329.4543771110583,329.45799166637516,329.45400165481146,329.4576162101283,2,sparse_direct,not_applicable,3.097720492815727e-16,1.9360753080098294e-16,0.003128799988189712,0.0026467000134289265,0.015625,0.0,5.170680864812318e-05,5.17067884679295e-05,4.213394543567754,4.21339618797694,1.6444091865963628e-06,3.872150616019659e-17,3.872150616019659e-17,7.744301232039318e-17,True,0.006046099995728582,0.015625,,
387,arpack_matvec,central_difference,1.0,0.0019950057818460764,0.24159902942967632,46890122.94140352,329.4541557400087,329.4579916663751,329.4540016548114,329.45783758117784,2,sparse_direct,not_applicable,1.9360753080098294e-16,1.9360753080098294e-16,0.0029371999989962205,0.0029414000018732622,0.0,0.0,5.170680185165944e-05,5.170679558535089e-05,4.2133950973862495,4.213395608004505,5.106182552339078e-07,7.744301232039318e-17,0.0,7.744301232039318e-17,True,0.006319899999652989,0.0,,
388,arpack_matvec,central_difference,1.0,0.0019950057818460764,0.2501557755353914,70703702.91566117,329.45417875521156,329.4579916663751,329.4540016548114,329.45781456597496,2,sparse_direct,not_applicable,1.790869659909092e-16,2.710505431213761e-16,0.0029212999943410978,0.00224760000128299,0.0,0.0,5.170679593988575e-05,5.170680084737913e-05,4.21339557911477,4.213395179221321,3.998934490212491e-07,1.1616451848058975e-16,7.744301232039318e-17,1.9360753080098294e-16,True,0.0054929999896558,0.0,,
389,arpack_matvec,central_difference,1.0,0.0019950057818460764,0.24994844607017883,57687374.91453637,329.4540016548114,329.45767543188316,329.45431788930335,329.4579916663751,2,sparse_direct,not_applicable,3.4849355544176928e-16,3.097720492815727e-16,0.003028000006452203,0.0028710000042337924,0.0,0.0,5.170678617738497e-05,5.1706810963144845e-05,4.213396374625005,4.213394354925301,2.0196997043697706e-06,7.744301232039318e-17,7.744301232039318e-17,1.5488602464078636e-16,True,0.0062470999982906505,0.0,,
390,arpack_matvec,central_difference,1.0,0.0019950057818460764,0.2345512337240512,69811740.73685811,329.45402813686405,329.45799166637516,329.45400165481146,329.45796518432246,2,sparse_direct,not_applicable,1.5488602464078636e-16,1.5488602464078636e-16,0.002940099991974421,0.0031315999949583784,0.0,0.0,5.170678403542494e-05,5.170681272274366e-05,4.21339654916548,4.213394211542189,2.3376232904936955e-06,0.0,0.0,0.0,True,0.006560100009664893,0.0,,
391,arpack_matvec,central_difference,1.0,0.0019950057818460764,0.233736648460194,52483701.99114019,329.4540016548114,329.4579171117376,329.45407620944917,329.4579916663751,2,sparse_direct,not_applicable,3.872150616019659e-16,2.710505431213761e-16,0.0017854999896371737,0.004167899998719804,0.0,0.015625,5.1706768445504775e-05,5.1706828799055125e-05,4.213397819531387,4.213392901544279,4.917987108221666e-06,0.0,1.1616451848058975e-16,1.1616451848058975e-16,True,0.006431899993913248,0.015625,,
392,arpack_matvec,central_difference,1.0,0.0019950057818460764,0.2160472492665733,62416074.370863624,329.4540619686321,329.45799166637516,329.45400165481146,329.4579313525544,2,sparse_direct,not_applicable,1.5488602464078636e-16,1.5488602464078636e-16,0.0031759999983478338,0.0022133999882498756,0.0,0.0,5.1706769212285816e-05,5.1706827488578977e-05,4.2133977570491705,4.213393008330001,4.748719169889171e-06,0.0,1.5488602464078636e-16,1.5488602464078636e-16,True,0.00597379999817349,0.0,,
393,arpack_matvec,central_difference,1.0,0.0019950057818460764,0.2560122536661893,51931710.30457114,329.45415763786673,329.45799166637516,329.45400165481146,329.4578356833199,2,sparse_direct,not_applicable,2.323290369611795e-16,2.710505431213761e-16,0.003137600011541508,0.002978800010168925,0.0,0.0,5.1706763318719446e-05,5.170683384063984e-05,4.2133982372946495,4.213392490724747,5.746569902598253e-06,3.872150616019659e-17,3.872150616019659e-17,0.0,True,0.006829799996921793,0.015625,,
394,arpack_matvec,central_difference,1.0,0.0019950057818460764,0.22935292973705937,74396825.26336947,329.4540016548114,329.4578270611109,329.45416626007574,329.4579916663751,2,sparse_direct,not_applicable,3.4849355544176928e-16,1.5488602464078636e-16,0.0026460999943083152,0.0028710999904433265,0.0,0.0,5.17067653684431e-05,5.1706831356404355e-05,4.213398070270045,4.2133926931556225,5.37711442216704e-06,3.872150616019659e-17,0.0,3.872150616019659e-17,True,0.0064968999940901995,0.0,,
395,arpack_matvec,central_difference,1.0,0.0019950057818460764,0.22181818293217453,50343813.291053504,329.4540016548114,329.4576527415186,329.4543405796679,329.4579916663751,2,sparse_direct,not_applicable,1.9360753080098294e-16,1.5488602464078636e-16,0.00339209999947343,0.002309499992406927,0.0,0.0,5.170675234226738e-05,5.170684481648954e-05,4.213399131726454,4.213391596344847,7.5353816066936474e-06,1.1616451848058975e-16,7.744301232039318e-17,1.9360753080098294e-16,True,0.006114200004958548,0.0,,
396,arpack_matvec,central_difference,1.0,0.0019950057818460764,0.23151155915332886,65755328.990995444,329.4540016548114,329.4575562446373,329.4544370765493,329.4579916663751,2,sparse_direct,not_applicable,1.5488602464078636e-16,2.323290369611795e-16,0.002928799993242137,0.003722800000105053,0.015625,0.0,5.17067645222702e-05,5.1706832230517935e-05,4.213398139221628,4.213392621927438,5.5172941895165195e-06,3.872150616019659e-17,3.872150616019659e-17,0.0,True,0.007071999993058853,0.015625,,
397,arpack_matvec,central_difference,1.0,0.0019950057818460764,0.24368336248751418,47551176.558300324,329.45462198385906,329.4579916663751,329.4540016548114,329.45737133732734,2,sparse_direct,not_applicable,1.5488602464078636e-16,1.5488602464078636e-16,0.003335400004289113,0.0028181999950902537,0.0,0.0,5.170676811363276e-05,5.170682924447355e-05,4.2133978465744395,4.213392865248824,4.9813256151054475e-06,1.5488602464078636e-16,1.9360753080098294e-16,3.4849355544176928e-16,True,0.00659540000197012,0.0,,
398,arpack_matvec,central_difference,1.0,0.0019950057818460764,0.22678626185944592,59476718.56508065,329.4540016548114,329.45787022335776,329.45412309782876,329.4579916663751,2,sparse_direct,not_applicable,1.5488602464078636e-16,2.323290369611795e-16,0.001832599999033846,0.0026683000032790005,0.0,0.015625,5.170677747815843e-05,5.170681938228755e-05,4.2133970834931915,4.213393668881008,3.4146121832279164e-06,7.744301232039318e-17,0.0,7.744301232039318e-17,True,0.0048608999932184815,0.015625,,
399,arpack_matvec,central_difference,1.0,0.0019950057818460764,0.2515122606300945,60937895.831638284,329.4540016548114,329.45766986217075,329.4543234590159,329.4579916663751,2,sparse_direct,not_applicable,2.323290369611795e-16,2.710505431213761e-16,0.0037823000020580366,0.0025279999972553924,0.0,0.0,5.1706782739543845e-05,5.170681460227919e-05,4.2133966547620885,4.213394058385894,2.5963761940417385e-06,7.744301232039318e-17,1.9360753080098294e-16,1.1616451848058975e-16,True,0.006620000000111759,0.0,,
400,arpack_matvec,central_difference,1.0,0.0019950057818460764,0.2744746313674491,82955381.68644354,329.45467258078196,329.45799166637516,329.45400165481146,329.45732074040455,2,sparse_direct,not_applicable,1.1616451848058975e-16,1.5488602464078636e-16,0.002989699991303496,0.0020469000010052696,0.0,0.0,5.170679120592917e-05,5.170680560066689e-05,4.213395964867419,4.21339479189359,1.1729738291776926e-06,3.872150616019659e-17,1.5488602464078636e-16,1.9360753080098294e-16,True,0.005416599989985116,0.0,,
401,arpack_matvec,central_difference,1.0,0.0019950057818460764,0.22236700947254404,49438448.58844696,329.4543363912463,329.4579916663751,329.4540016548114,329.45765692994036,2,sparse_direct,not_applicable,4.64658073922359e-16,1.9360753080098294e-16,0.0028620000084629282,0.003638499998487532,0.015625,0.0,5.170679826661673e-05,5.1706799492576976e-05,4.213395389518076,4.21339528961912,9.989895577433572e-08,0.0,0.0,0.0,True,0.00691759999608621,0.015625,,
402,arpack_matvec,central_difference,1.0,0.0019950057818460764,0.21070330992569186,63348216.235928245,329.4540687149696,329.4579916663751,329.4540016548114,329.4579246062169,2,sparse_direct,not_applicable,1.5488602464078636e-16,3.872150616019659e-16,0.002144199999747798,0.003447099996265024,0.0,0.0,5.170680471131903e-05,5.170679208955786e-05,4.213394864363231,4.213395892863773,1.0285005425103577e-06,3.872150616019659e-17,7.744301232039318e-17,3.872150616019659e-17,True,0.006002599999192171,0.0,,
403,arpack_matvec,central_difference,1.0,0.0019950057818460764,0.21463837117939819,49011882.112286925,329.4541182369943,329.45799166637516,329.45400165481146,329.4578750841922,2,sparse_direct,not_applicable,1.5488602464078636e-16,2.323290369611795e-16,0.0023538999957963824,0.0031371000077342615,0.0,0.015625,5.170682180183098e-05,5.170677564908544e-05,4.21339347172155,4.213397232537696,3.760816146503032e-06,7.744301232039318e-17,7.744301232039318e-17,0.0,True,0.005854699993506074,0.015625,,
404,ritz_0_real,central_difference,1.0,0.0019950057818460764,0.0908290238625901,128924.45938495357,329.4540016548114,329.45799166634913,329.4540016548375,329.4579916663751,2,sparse_direct,not_applicable,2.323290369611795e-16,3.4849355544176928e-16,0.00557900000421796,0.0026461999950697646,0.0,0.0,5.1706806325298146e-05,5.1706806325318264e-05,4.213394732846091,4.213394732844452,1.638689184346731e-12,1.9360753080098294e-16,7.744301232039318e-17,2.710505431213761e-16,True,0.008928399998694658,0.0,,
405,ritz_1_real,central_difference,1.0,0.0019950057818460764,0.10266684417052327,2690.2412352314655,329.4540016548148,329.45799166637505,329.45400165481135,329.4579916663718,2,sparse_direct,not_applicable,1.9360753080098294e-16,2.323290369611795e-16,0.0025253000058000907,0.0031134000018937513,0.0,0.015625,5.170680445180164e-05,5.170680445179983e-05,4.213394885510336,4.213394885510485,1.4832579608992091e-13,7.744301232039318e-17,3.872150616019659e-17,3.872150616019659e-17,True,0.0060175999969942495,0.015625,,
406,ritz_2_real,central_difference,1.0,0.0019950057818460764,0.09563202510218105,77991.17550180828,329.45401738603533,329.4579916663751,329.4540016548114,329.45797593515107,2,sparse_direct,not_applicable,3.4849355544176928e-16,1.5488602464078636e-16,0.002893399985623546,0.0033727999980328605,0.0,0.0,5.1706805512910764e-05,5.170680551297132e-05,4.213394799044509,4.213394799039574,4.934719299853896e-12,3.872150616019659e-17,3.872150616019659e-17,0.0,True,0.006692199996905401,0.0,,
407,ritz_3_real,central_difference,1.0,0.0019950057818460764,0.11151398562679724,100915.07584261468,329.45400165481146,329.4579759351893,329.4540173859972,329.45799166637516,2,sparse_direct,not_applicable,1.5488602464078636e-16,2.710505431213761e-16,0.002642000006744638,0.0018767000001389533,0.0,0.0,5.170680331734773e-05,5.170680331732007e-05,4.213394977952762,4.213394977955016,2.2533086507792177e-12,7.744301232039318e-17,7.744301232039318e-17,1.5488602464078636e-16,True,0.004787900004885159,0.0,,
408,ritz_4_real,central_difference,1.0,0.0019950057818460764,0.11398824588009204,188464.6561112601,329.45400165481135,329.4579916663677,329.4540016548189,329.45799166637505,2,sparse_direct,not_applicable,2.323290369611795e-16,1.9360753080098294e-16,0.0030682999931741506,0.0029368999967118725,0.015625,0.0,5.1706802832465996e-05,5.170680283246273e-05,4.213395017463971,4.2133950174642365,2.6556534749033744e-13,3.872150616019659e-17,3.872150616019659e-17,0.0,True,0.006425499988836236,0.015625,,
409,ritz_5_real,central_difference,1.0,0.0019950057818460764,0.12669963540573745,279663.4255078649,329.4540173860378,329.4579916663751,329.4540016548114,329.4579759351486,2,sparse_direct,not_applicable,1.9360753080098294e-16,2.323290369611795e-16,0.003103499999269843,0.002785100004984997,0.0,0.0,5.170680177283941e-05,5.170680177283156e-05,4.213395103809002,4.213395103809641,6.394884621840902e-13,7.744301232039318e-17,0.0,7.744301232039318e-17,True,0.006991999995079823,0.0,,
