seed,split,case_id,contact_overlap_nm,mode,repeat_index,wall_time_s,main_linear_solve_count,diagnostic_linear_solve_count,diagnostic_included_in_timing,timing_repeats
baseline,train,g010nm_cooling_high_localized-sink,10.0,COLD,0,0.17660110001452267,85,0,False,10
baseline,train,g010nm_cooling_high_localized-sink,10.0,COLD,1,0.1888852000120096,85,0,False,10
baseline,train,g010nm_cooling_high_localized-sink,10.0,COLD,2,0.21857959998305887,85,0,False,10
baseline,train,g010nm_cooling_high_localized-sink,10.0,COLD,3,0.23778009999659844,85,0,False,10
baseline,train,g010nm_cooling_high_localized-sink,10.0,COLD,4,0.23978959998930804,85,0,False,10
baseline,train,g010nm_cooling_high_localized-sink,10.0,COLD,5,0.21712089999346063,85,0,False,10
baseline,train,g010nm_cooling_high_localized-sink,10.0,COLD,6,0.17841819999739528,85,0,False,10
baseline,train,g010nm_cooling_high_localized-sink,10.0,COLD,7,0.17487389998859726,85,0,False,10
baseline,train,g010nm_cooling_high_localized-sink,10.0,COLD,8,0.16548860000330023,85,0,False,10
baseline,train,g010nm_cooling_high_localized-sink,10.0,COLD,9,0.1800709000090137,85,0,False,10
baseline,train,g010nm_cooling_high_localized-sink,10.0,A1,0,0.005725099996197969,2,0,False,20
baseline,train,g010nm_cooling_high_localized-sink,10.0,A1,1,0.005286500003421679,2,0,False,20
baseline,train,g010nm_cooling_high_localized-sink,10.0,A1,2,0.005995000014081597,2,0,False,20
baseline,train,g010nm_cooling_high_localized-sink,10.0,A1,3,0.006630599993513897,2,0,False,20
baseline,train,g010nm_cooling_high_localized-sink,10.0,A1,4,0.006356199999572709,2,0,False,20
baseline,train,g010nm_cooling_high_localized-sink,10.0,A1,5,0.007300500001292676,2,0,False,20
baseline,train,g010nm_cooling_high_localized-sink,10.0,A1,6,0.005620599986286834,2,0,False,20
baseline,train,g010nm_cooling_high_localized-sink,10.0,A1,7,0.005747699993662536,2,0,False,20
baseline,train,g010nm_cooling_high_localized-sink,10.0,A1,8,0.006167100014863536,2,0,False,20
baseline,train,g010nm_cooling_high_localized-sink,10.0,A1,9,0.006566600000951439,2,0,False,20
baseline,train,g010nm_cooling_high_localized-sink,10.0,A1,10,0.0062092999869491905,2,0,False,20
baseline,train,g010nm_cooling_high_localized-sink,10.0,A1,11,0.005620800016913563,2,0,False,20
baseline,train,g010nm_cooling_high_localized-sink,10.0,A1,12,0.0064731000165920705,2,0,False,20
baseline,train,g010nm_cooling_high_localized-sink,10.0,A1,13,0.006126599997514859,2,0,False,20
baseline,train,g010nm_cooling_high_localized-sink,10.0,A1,14,0.005634900007862598,2,0,False,20
baseline,train,g010nm_cooling_high_localized-sink,10.0,A1,15,0.004447599989362061,2,0,False,20
baseline,train,g010nm_cooling_high_localized-sink,10.0,A1,16,0.005805699998745695,2,0,False,20
baseline,train,g010nm_cooling_high_localized-sink,10.0,A1,17,0.005906400008825585,2,0,False,20
baseline,train,g010nm_cooling_high_localized-sink,10.0,A1,18,0.00563460000557825,2,0,False,20
baseline,train,g010nm_cooling_high_localized-sink,10.0,A1,19,0.0059946000110358,2,0,False,20
baseline,train,g010nm_cooling_high_localized-sink,10.0,A2,0,0.011123400006908923,4,0,False,20
baseline,train,g010nm_cooling_high_localized-sink,10.0,A2,1,0.010549300001002848,4,0,False,20
baseline,train,g010nm_cooling_high_localized-sink,10.0,A2,2,0.005428899981779978,4,0,False,20
baseline,train,g010nm_cooling_high_localized-sink,10.0,A2,3,0.0044732000096701086,4,0,False,20
baseline,train,g010nm_cooling_high_localized-sink,10.0,A2,4,0.009321700024884194,4,0,False,20
baseline,train,g010nm_cooling_high_localized-sink,10.0,A2,5,0.010219499992672354,4,0,False,20
baseline,train,g010nm_cooling_high_localized-sink,10.0,A2,6,0.011243699991609901,4,0,False,20
baseline,train,g010nm_cooling_high_localized-sink,10.0,A2,7,0.011540800012880936,4,0,False,20
baseline,train,g010nm_cooling_high_localized-sink,10.0,A2,8,0.01074910000897944,4,0,False,20
baseline,train,g010nm_cooling_high_localized-sink,10.0,A2,9,0.011101200012490153,4,0,False,20
baseline,train,g010nm_cooling_high_localized-sink,10.0,A2,10,0.013598599995020777,4,0,False,20
baseline,train,g010nm_cooling_high_localized-sink,10.0,A2,11,0.014289299986558035,4,0,False,20
baseline,train,g010nm_cooling_high_localized-sink,10.0,A2,12,0.009430100006284192,4,0,False,20
baseline,train,g010nm_cooling_high_localized-sink,10.0,A2,13,0.010636899998644367,4,0,False,20
baseline,train,g010nm_cooling_high_localized-sink,10.0,A2,14,0.009225199988577515,4,0,False,20
baseline,train,g010nm_cooling_high_localized-sink,10.0,A2,15,0.00966310000512749,4,0,False,20
baseline,train,g010nm_cooling_high_localized-sink,10.0,A2,16,0.01034739997703582,4,0,False,20
baseline,train,g010nm_cooling_high_localized-sink,10.0,A2,17,0.0087622000137344,4,0,False,20
baseline,train,g010nm_cooling_high_localized-sink,10.0,A2,18,0.010429999994812533,4,0,False,20
baseline,train,g010nm_cooling_high_localized-sink,10.0,A2,19,0.011546599998837337,4,0,False,20
baseline,train,g010nm_cooling_high_localized-sink,10.0,R0,0,0.00469519998296164,1,0,False,20
baseline,train,g010nm_cooling_high_localized-sink,10.0,R0,1,0.005129800003487617,1,0,False,20
baseline,train,g010nm_cooling_high_localized-sink,10.0,R0,2,0.004196800000499934,1,0,False,20
baseline,train,g010nm_cooling_high_localized-sink,10.0,R0,3,0.0046818999981042,1,0,False,20
baseline,train,g010nm_cooling_high_localized-sink,10.0,R0,4,0.0039527000044472516,1,0,False,20
baseline,train,g010nm_cooling_high_localized-sink,10.0,R0,5,0.003983000002335757,1,0,False,20
baseline,train,g010nm_cooling_high_localized-sink,10.0,R0,6,0.003986099996836856,1,0,False,20
baseline,train,g010nm_cooling_high_localized-sink,10.0,R0,7,0.004834800027310848,1,0,False,20
baseline,train,g010nm_cooling_high_localized-sink,10.0,R0,8,0.003875399997923523,1,0,False,20
baseline,train,g010nm_cooling_high_localized-sink,10.0,R0,9,0.004485100012971088,1,0,False,20
baseline,train,g010nm_cooling_high_localized-sink,10.0,R0,10,0.003607399994507432,1,0,False,20
baseline,train,g010nm_cooling_high_localized-sink,10.0,R0,11,0.0035333000123500824,1,0,False,20
baseline,train,g010nm_cooling_high_localized-sink,10.0,R0,12,0.0038555999926757067,1,0,False,20
baseline,train,g010nm_cooling_high_localized-sink,10.0,R0,13,0.004180799995083362,1,0,False,20
baseline,train,g010nm_cooling_high_localized-sink,10.0,R0,14,0.0050549000152386725,1,0,False,20
baseline,train,g010nm_cooling_high_localized-sink,10.0,R0,15,0.004020899999886751,1,0,False,20
baseline,train,g010nm_cooling_high_localized-sink,10.0,R0,16,0.003930000006221235,1,0,False,20
baseline,train,g010nm_cooling_high_localized-sink,10.0,R0,17,0.004504699987592176,1,0,False,20
baseline,train,g010nm_cooling_high_localized-sink,10.0,R0,18,0.0033662999921943992,1,0,False,20
baseline,train,g010nm_cooling_high_localized-sink,10.0,R0,19,0.004061500017996877,1,0,False,20
baseline,train,g010nm_cooling_high_localized-sink,10.0,R1,0,0.005440499982796609,2,0,False,20
baseline,train,g010nm_cooling_high_localized-sink,10.0,R1,1,0.005292699992423877,2,0,False,20
baseline,train,g010nm_cooling_high_localized-sink,10.0,R1,2,0.00485820000176318,2,0,False,20
baseline,train,g010nm_cooling_high_localized-sink,10.0,R1,3,0.0051666999934241176,2,0,False,20
baseline,train,g010nm_cooling_high_localized-sink,10.0,R1,4,0.005085999990114942,2,0,False,20
baseline,train,g010nm_cooling_high_localized-sink,10.0,R1,5,0.004858500004047528,2,0,False,20
baseline,train,g010nm_cooling_high_localized-sink,10.0,R1,6,0.004921599989756942,2,0,False,20
baseline,train,g010nm_cooling_high_localized-sink,10.0,R1,7,0.007059399998979643,2,0,False,20
baseline,train,g010nm_cooling_high_localized-sink,10.0,R1,8,0.005771199997980148,2,0,False,20
baseline,train,g010nm_cooling_high_localized-sink,10.0,R1,9,0.005813199997646734,2,0,False,20
baseline,train,g010nm_cooling_high_localized-sink,10.0,R1,10,0.005097699991893023,2,0,False,20
baseline,train,g010nm_cooling_high_localized-sink,10.0,R1,11,0.004832700011320412,2,0,False,20
baseline,train,g010nm_cooling_high_localized-sink,10.0,R1,12,0.006301099987467751,2,0,False,20
baseline,train,g010nm_cooling_high_localized-sink,10.0,R1,13,0.005156999977771193,2,0,False,20
baseline,train,g010nm_cooling_high_localized-sink,10.0,R1,14,0.0049128000100608915,2,0,False,20
baseline,train,g010nm_cooling_high_localized-sink,10.0,R1,15,0.005420999979833141,2,0,False,20
baseline,train,g010nm_cooling_high_localized-sink,10.0,R1,16,0.005406300013419241,2,0,False,20
baseline,train,g010nm_cooling_high_localized-sink,10.0,R1,17,0.0048353000020142645,2,0,False,20
baseline,train,g010nm_cooling_high_localized-sink,10.0,R1,18,0.006307400006335229,2,0,False,20
baseline,train,g010nm_cooling_high_localized-sink,10.0,R1,19,0.005130399978952482,2,0,False,20
baseline,train,g010nm_cooling_high_localized-sink,10.0,R2,0,0.010054699989268556,4,0,False,20
baseline,train,g010nm_cooling_high_localized-sink,10.0,R2,1,0.01204540001344867,4,0,False,20
baseline,train,g010nm_cooling_high_localized-sink,10.0,R2,2,0.011111300002085045,4,0,False,20
baseline,train,g010nm_cooling_high_localized-sink,10.0,R2,3,0.009332100016763434,4,0,False,20
baseline,train,g010nm_cooling_high_localized-sink,10.0,R2,4,0.010159999976167455,4,0,False,20
baseline,train,g010nm_cooling_high_localized-sink,10.0,R2,5,0.010124899999937043,4,0,False,20
baseline,train,g010nm_cooling_high_localized-sink,10.0,R2,6,0.010721400001784787,4,0,False,20
baseline,train,g010nm_cooling_high_localized-sink,10.0,R2,7,0.011712399980751798,4,0,False,20
baseline,train,g010nm_cooling_high_localized-sink,10.0,R2,8,0.010069699987070635,4,0,False,20
baseline,train,g010nm_cooling_high_localized-sink,10.0,R2,9,0.009202399989590049,4,0,False,20
baseline,train,g010nm_cooling_high_localized-sink,10.0,R2,10,0.01019210001686588,4,0,False,20
baseline,train,g010nm_cooling_high_localized-sink,10.0,R2,11,0.01221430001896806,4,0,False,20
baseline,train,g010nm_cooling_high_localized-sink,10.0,R2,12,0.010171599977184087,4,0,False,20
baseline,train,g010nm_cooling_high_localized-sink,10.0,R2,13,0.009930000000167638,4,0,False,20
baseline,train,g010nm_cooling_high_localized-sink,10.0,R2,14,0.012220500007970259,4,0,False,20
baseline,train,g010nm_cooling_high_localized-sink,10.0,R2,15,0.010918800020590425,4,0,False,20
baseline,train,g010nm_cooling_high_localized-sink,10.0,R2,16,0.009668000013334677,4,0,False,20
baseline,train,g010nm_cooling_high_localized-sink,10.0,R2,17,0.011027400003513321,4,0,False,20
baseline,train,g010nm_cooling_high_localized-sink,10.0,R2,18,0.008628000010503456,4,0,False,20
baseline,train,g010nm_cooling_high_localized-sink,10.0,R2,19,0.009992399980546907,4,0,False,20
baseline,train,g010nm_cooling_high_nominal,10.0,COLD,0,0.22536159999435768,77,0,False,10
baseline,train,g010nm_cooling_high_nominal,10.0,COLD,1,0.22353700001258403,77,0,False,10
baseline,train,g010nm_cooling_high_nominal,10.0,COLD,2,0.20718550001038238,77,0,False,10
baseline,train,g010nm_cooling_high_nominal,10.0,COLD,3,0.21009129998856224,77,0,False,10
baseline,train,g010nm_cooling_high_nominal,10.0,COLD,4,0.20585709999431856,77,0,False,10
baseline,train,g010nm_cooling_high_nominal,10.0,COLD,5,0.2115056999900844,77,0,False,10
baseline,train,g010nm_cooling_high_nominal,10.0,COLD,6,0.213900000002468,77,0,False,10
baseline,train,g010nm_cooling_high_nominal,10.0,COLD,7,0.2117069999803789,77,0,False,10
baseline,train,g010nm_cooling_high_nominal,10.0,COLD,8,0.22058349999133497,77,0,False,10
baseline,train,g010nm_cooling_high_nominal,10.0,COLD,9,0.221250600006897,77,0,False,10
baseline,train,g010nm_cooling_high_nominal,10.0,A1,0,0.005868299980647862,2,0,False,20
baseline,train,g010nm_cooling_high_nominal,10.0,A1,1,0.004539799992926419,2,0,False,20
baseline,train,g010nm_cooling_high_nominal,10.0,A1,2,0.005497300007846206,2,0,False,20
baseline,train,g010nm_cooling_high_nominal,10.0,A1,3,0.005757799983257428,2,0,False,20
baseline,train,g010nm_cooling_high_nominal,10.0,A1,4,0.007113400002708659,2,0,False,20
baseline,train,g010nm_cooling_high_nominal,10.0,A1,5,0.005414199986262247,2,0,False,20
baseline,train,g010nm_cooling_high_nominal,10.0,A1,6,0.0070970999950077385,2,0,False,20
baseline,train,g010nm_cooling_high_nominal,10.0,A1,7,0.006363599997712299,2,0,False,20
baseline,train,g010nm_cooling_high_nominal,10.0,A1,8,0.0054635999840684235,2,0,False,20
baseline,train,g010nm_cooling_high_nominal,10.0,A1,9,0.006444700004067272,2,0,False,20
baseline,train,g010nm_cooling_high_nominal,10.0,A1,10,0.005384400021284819,2,0,False,20
baseline,train,g010nm_cooling_high_nominal,10.0,A1,11,0.006155900016892701,2,0,False,20
baseline,train,g010nm_cooling_high_nominal,10.0,A1,12,0.00612779997754842,2,0,False,20
baseline,train,g010nm_cooling_high_nominal,10.0,A1,13,0.005414400016888976,2,0,False,20
baseline,train,g010nm_cooling_high_nominal,10.0,A1,14,0.006462599994847551,2,0,False,20
baseline,train,g010nm_cooling_high_nominal,10.0,A1,15,0.005669800011673942,2,0,False,20
baseline,train,g010nm_cooling_high_nominal,10.0,A1,16,0.005405299976700917,2,0,False,20
baseline,train,g010nm_cooling_high_nominal,10.0,A1,17,0.004658299993025139,2,0,False,20
baseline,train,g010nm_cooling_high_nominal,10.0,A1,18,0.005714900005841628,2,0,False,20
baseline,train,g010nm_cooling_high_nominal,10.0,A1,19,0.00538409998989664,2,0,False,20
baseline,train,g010nm_cooling_high_nominal,10.0,A2,0,0.011822500004200265,4,0,False,20
baseline,train,g010nm_cooling_high_nominal,10.0,A2,1,0.011615600000368431,4,0,False,20
baseline,train,g010nm_cooling_high_nominal,10.0,A2,2,0.010539899987634271,4,0,False,20
baseline,train,g010nm_cooling_high_nominal,10.0,A2,3,0.013969399995403364,4,0,False,20
baseline,train,g010nm_cooling_high_nominal,10.0,A2,4,0.009275799995521083,4,0,False,20
baseline,train,g010nm_cooling_high_nominal,10.0,A2,5,0.010682099993573502,4,0,False,20
baseline,train,g010nm_cooling_high_nominal,10.0,A2,6,0.010206999984802678,4,0,False,20
baseline,train,g010nm_cooling_high_nominal,10.0,A2,7,0.011672199994791299,4,0,False,20
baseline,train,g010nm_cooling_high_nominal,10.0,A2,8,0.01204549998510629,4,0,False,20
baseline,train,g010nm_cooling_high_nominal,10.0,A2,9,0.010749899985967204,4,0,False,20
baseline,train,g010nm_cooling_high_nominal,10.0,A2,10,0.011831599986180663,4,0,False,20
baseline,train,g010nm_cooling_high_nominal,10.0,A2,11,0.012558799993712455,4,0,False,20
baseline,train,g010nm_cooling_high_nominal,10.0,A2,12,0.00970320001943037,4,0,False,20
baseline,train,g010nm_cooling_high_nominal,10.0,A2,13,0.010249000013573095,4,0,False,20
baseline,train,g010nm_cooling_high_nominal,10.0,A2,14,0.01179949997458607,4,0,False,20
baseline,train,g010nm_cooling_high_nominal,10.0,A2,15,0.011086100013926625,4,0,False,20
baseline,train,g010nm_cooling_high_nominal,10.0,A2,16,0.011825100023997948,4,0,False,20
baseline,train,g010nm_cooling_high_nominal,10.0,A2,17,0.012714300013612956,4,0,False,20
baseline,train,g010nm_cooling_high_nominal,10.0,A2,18,0.011781000008340925,4,0,False,20
baseline,train,g010nm_cooling_high_nominal,10.0,A2,19,0.012546999991172925,4,0,False,20
baseline,train,g010nm_cooling_high_nominal,10.0,R0,0,0.005217199999606237,1,0,False,20
baseline,train,g010nm_cooling_high_nominal,10.0,R0,1,0.004956899996614084,1,0,False,20
baseline,train,g010nm_cooling_high_nominal,10.0,R0,2,0.004579900007229298,1,0,False,20
baseline,train,g010nm_cooling_high_nominal,10.0,R0,3,0.004277800006093457,1,0,False,20
baseline,train,g010nm_cooling_high_nominal,10.0,R0,4,0.0054576999973505735,1,0,False,20
baseline,train,g010nm_cooling_high_nominal,10.0,R0,5,0.004830799996852875,1,0,False,20
baseline,train,g010nm_cooling_high_nominal,10.0,R0,6,0.005174799996893853,1,0,False,20
baseline,train,g010nm_cooling_high_nominal,10.0,R0,7,0.0041809999966062605,1,0,False,20
baseline,train,g010nm_cooling_high_nominal,10.0,R0,8,0.004670099995564669,1,0,False,20
baseline,train,g010nm_cooling_high_nominal,10.0,R0,9,0.00432480001472868,1,0,False,20
baseline,train,g010nm_cooling_high_nominal,10.0,R0,10,0.005225800006883219,1,0,False,20
baseline,train,g010nm_cooling_high_nominal,10.0,R0,11,0.00490410000202246,1,0,False,20
baseline,train,g010nm_cooling_high_nominal,10.0,R0,12,0.005229899979894981,1,0,False,20
baseline,train,g010nm_cooling_high_nominal,10.0,R0,13,0.004358200007118285,1,0,False,20
baseline,train,g010nm_cooling_high_nominal,10.0,R0,14,0.0035740000021178275,1,0,False,20
baseline,train,g010nm_cooling_high_nominal,10.0,R0,15,0.004125500010559335,1,0,False,20
baseline,train,g010nm_cooling_high_nominal,10.0,R0,16,0.0043895000126212835,1,0,False,20
baseline,train,g010nm_cooling_high_nominal,10.0,R0,17,0.004851500008953735,1,0,False,20
baseline,train,g010nm_cooling_high_nominal,10.0,R0,18,0.004512299987254664,1,0,False,20
baseline,train,g010nm_cooling_high_nominal,10.0,R0,19,0.004730999993626028,1,0,False,20
baseline,train,g010nm_cooling_high_nominal,10.0,R1,0,0.005437799991341308,2,0,False,20
baseline,train,g010nm_cooling_high_nominal,10.0,R1,1,0.006264499999815598,2,0,False,20
baseline,train,g010nm_cooling_high_nominal,10.0,R1,2,0.007705099997110665,2,0,False,20
baseline,train,g010nm_cooling_high_nominal,10.0,R1,3,0.005599399999482557,2,0,False,20
baseline,train,g010nm_cooling_high_nominal,10.0,R1,4,0.004524100018898025,2,0,False,20
baseline,train,g010nm_cooling_high_nominal,10.0,R1,5,0.005587299994658679,2,0,False,20
baseline,train,g010nm_cooling_high_nominal,10.0,R1,6,0.005264399980660528,2,0,False,20
baseline,train,g010nm_cooling_high_nominal,10.0,R1,7,0.006333700002869591,2,0,False,20
baseline,train,g010nm_cooling_high_nominal,10.0,R1,8,0.005414899991592392,2,0,False,20
baseline,train,g010nm_cooling_high_nominal,10.0,R1,9,0.005407699994975701,2,0,False,20
baseline,train,g010nm_cooling_high_nominal,10.0,R1,10,0.006692000024486333,2,0,False,20
baseline,train,g010nm_cooling_high_nominal,10.0,R1,11,0.005647600017255172,2,0,False,20
baseline,train,g010nm_cooling_high_nominal,10.0,R1,12,0.0067112000251654536,2,0,False,20
baseline,train,g010nm_cooling_high_nominal,10.0,R1,13,0.00558420000015758,2,0,False,20
baseline,train,g010nm_cooling_high_nominal,10.0,R1,14,0.005397200002335012,2,0,False,20
baseline,train,g010nm_cooling_high_nominal,10.0,R1,15,0.005130199977429584,2,0,False,20
baseline,train,g010nm_cooling_high_nominal,10.0,R1,16,0.0054509000037796795,2,0,False,20
baseline,train,g010nm_cooling_high_nominal,10.0,R1,17,0.004955099982907996,2,0,False,20
baseline,train,g010nm_cooling_high_nominal,10.0,R1,18,0.004060600011143833,2,0,False,20
baseline,train,g010nm_cooling_high_nominal,10.0,R1,19,0.006085100001655519,2,0,False,20
baseline,train,g010nm_cooling_high_nominal,10.0,R2,0,0.01070030001574196,4,0,False,20
baseline,train,g010nm_cooling_high_nominal,10.0,R2,1,0.010029199998825788,4,0,False,20
baseline,train,g010nm_cooling_high_nominal,10.0,R2,2,0.011728900019079447,4,0,False,20
baseline,train,g010nm_cooling_high_nominal,10.0,R2,3,0.011185300012584776,4,0,False,20
baseline,train,g010nm_cooling_high_nominal,10.0,R2,4,0.011340600001858547,4,0,False,20
baseline,train,g010nm_cooling_high_nominal,10.0,R2,5,0.01326780000817962,4,0,False,20
baseline,train,g010nm_cooling_high_nominal,10.0,R2,6,0.013554999983171001,4,0,False,20
baseline,train,g010nm_cooling_high_nominal,10.0,R2,7,0.012327200005529448,4,0,False,20
baseline,train,g010nm_cooling_high_nominal,10.0,R2,8,0.014821500022662804,4,0,False,20
baseline,train,g010nm_cooling_high_nominal,10.0,R2,9,0.013354299997445196,4,0,False,20
baseline,train,g010nm_cooling_high_nominal,10.0,R2,10,0.011945100006414577,4,0,False,20
baseline,train,g010nm_cooling_high_nominal,10.0,R2,11,0.011608900007558987,4,0,False,20
baseline,train,g010nm_cooling_high_nominal,10.0,R2,12,0.012022599985357374,4,0,False,20
baseline,train,g010nm_cooling_high_nominal,10.0,R2,13,0.012943500012625009,4,0,False,20
baseline,train,g010nm_cooling_high_nominal,10.0,R2,14,0.014832999993814155,4,0,False,20
baseline,train,g010nm_cooling_high_nominal,10.0,R2,15,0.018359100009547547,4,0,False,20
baseline,train,g010nm_cooling_high_nominal,10.0,R2,16,0.012266500008990988,4,0,False,20
baseline,train,g010nm_cooling_high_nominal,10.0,R2,17,0.01227789997938089,4,0,False,20
baseline,train,g010nm_cooling_high_nominal,10.0,R2,18,0.010238199989544228,4,0,False,20
baseline,train,g010nm_cooling_high_nominal,10.0,R2,19,0.011067200015531853,4,0,False,20
baseline,train,g010nm_cooling_low_localized-sink,10.0,COLD,0,0.21435059999930672,79,0,False,10
baseline,train,g010nm_cooling_low_localized-sink,10.0,COLD,1,0.2319512000249233,79,0,False,10
baseline,train,g010nm_cooling_low_localized-sink,10.0,COLD,2,0.2492305000196211,79,0,False,10
baseline,train,g010nm_cooling_low_localized-sink,10.0,COLD,3,0.22453080001287162,79,0,False,10
baseline,train,g010nm_cooling_low_localized-sink,10.0,COLD,4,0.217418300017016,79,0,False,10
baseline,train,g010nm_cooling_low_localized-sink,10.0,COLD,5,0.21429140001419,79,0,False,10
baseline,train,g010nm_cooling_low_localized-sink,10.0,COLD,6,0.22892439999850467,79,0,False,10
baseline,train,g010nm_cooling_low_localized-sink,10.0,COLD,7,0.21225339997909032,79,0,False,10
baseline,train,g010nm_cooling_low_localized-sink,10.0,COLD,8,0.2179228000168223,79,0,False,10
baseline,train,g010nm_cooling_low_localized-sink,10.0,COLD,9,0.21910489999572746,79,0,False,10
baseline,train,g010nm_cooling_low_localized-sink,10.0,A1,0,0.006483200006186962,2,0,False,20
baseline,train,g010nm_cooling_low_localized-sink,10.0,A1,1,0.005598900024779141,2,0,False,20
baseline,train,g010nm_cooling_low_localized-sink,10.0,A1,2,0.005379100010031834,2,0,False,20
baseline,train,g010nm_cooling_low_localized-sink,10.0,A1,3,0.005217800004174933,2,0,False,20
baseline,train,g010nm_cooling_low_localized-sink,10.0,A1,4,0.006300100008957088,2,0,False,20
baseline,train,g010nm_cooling_low_localized-sink,10.0,A1,5,0.0058099000016227365,2,0,False,20
baseline,train,g010nm_cooling_low_localized-sink,10.0,A1,6,0.007644500001333654,2,0,False,20
baseline,train,g010nm_cooling_low_localized-sink,10.0,A1,7,0.005455100006656721,2,0,False,20
baseline,train,g010nm_cooling_low_localized-sink,10.0,A1,8,0.005698599998140708,2,0,False,20
baseline,train,g010nm_cooling_low_localized-sink,10.0,A1,9,0.005918200011365116,2,0,False,20
baseline,train,g010nm_cooling_low_localized-sink,10.0,A1,10,0.005349299986846745,2,0,False,20
baseline,train,g010nm_cooling_low_localized-sink,10.0,A1,11,0.006290399993304163,2,0,False,20
baseline,train,g010nm_cooling_low_localized-sink,10.0,A1,12,0.005625399993732572,2,0,False,20
baseline,train,g010nm_cooling_low_localized-sink,10.0,A1,13,0.006013400008669123,2,0,False,20
baseline,train,g010nm_cooling_low_localized-sink,10.0,A1,14,0.005722500005504116,2,0,False,20
baseline,train,g010nm_cooling_low_localized-sink,10.0,A1,15,0.005619200004730374,2,0,False,20
baseline,train,g010nm_cooling_low_localized-sink,10.0,A1,16,0.006304799986537546,2,0,False,20
baseline,train,g010nm_cooling_low_localized-sink,10.0,A1,17,0.005807399982586503,2,0,False,20
baseline,train,g010nm_cooling_low_localized-sink,10.0,A1,18,0.0058917000133078545,2,0,False,20
baseline,train,g010nm_cooling_low_localized-sink,10.0,A1,19,0.005866799998329952,2,0,False,20
baseline,train,g010nm_cooling_low_localized-sink,10.0,A2,0,0.010505400015972555,4,0,False,20
baseline,train,g010nm_cooling_low_localized-sink,10.0,A2,1,0.010617700027069077,4,0,False,20
baseline,train,g010nm_cooling_low_localized-sink,10.0,A2,2,0.014287500001955777,4,0,False,20
baseline,train,g010nm_cooling_low_localized-sink,10.0,A2,3,0.011199900007341057,4,0,False,20
baseline,train,g010nm_cooling_low_localized-sink,10.0,A2,4,0.010509300016565248,4,0,False,20
baseline,train,g010nm_cooling_low_localized-sink,10.0,A2,5,0.013874300027964637,4,0,False,20
baseline,train,g010nm_cooling_low_localized-sink,10.0,A2,6,0.011920400022063404,4,0,False,20
baseline,train,g010nm_cooling_low_localized-sink,10.0,A2,7,0.012506900005973876,4,0,False,20
baseline,train,g010nm_cooling_low_localized-sink,10.0,A2,8,0.01175199999124743,4,0,False,20
baseline,train,g010nm_cooling_low_localized-sink,10.0,A2,9,0.010603399976389483,4,0,False,20
baseline,train,g010nm_cooling_low_localized-sink,10.0,A2,10,0.01118180001503788,4,0,False,20
baseline,train,g010nm_cooling_low_localized-sink,10.0,A2,11,0.011376300011761487,4,0,False,20
baseline,train,g010nm_cooling_low_localized-sink,10.0,A2,12,0.010537399997701868,4,0,False,20
baseline,train,g010nm_cooling_low_localized-sink,10.0,A2,13,0.01086299997405149,4,0,False,20
baseline,train,g010nm_cooling_low_localized-sink,10.0,A2,14,0.011668599996482953,4,0,False,20
baseline,train,g010nm_cooling_low_localized-sink,10.0,A2,15,0.012182000005850568,4,0,False,20
baseline,train,g010nm_cooling_low_localized-sink,10.0,A2,16,0.01138019998325035,4,0,False,20
baseline,train,g010nm_cooling_low_localized-sink,10.0,A2,17,0.010874700004933402,4,0,False,20
baseline,train,g010nm_cooling_low_localized-sink,10.0,A2,18,0.009311600006185472,4,0,False,20
baseline,train,g010nm_cooling_low_localized-sink,10.0,A2,19,0.010953199991490692,4,0,False,20
baseline,train,g010nm_cooling_low_localized-sink,10.0,R0,0,0.003916200017556548,1,0,False,20
baseline,train,g010nm_cooling_low_localized-sink,10.0,R0,1,0.004142699996009469,1,0,False,20
baseline,train,g010nm_cooling_low_localized-sink,10.0,R0,2,0.004497500020079315,1,0,False,20
baseline,train,g010nm_cooling_low_localized-sink,10.0,R0,3,0.003916999994544312,1,0,False,20
baseline,train,g010nm_cooling_low_localized-sink,10.0,R0,4,0.003853400005027652,1,0,False,20
baseline,train,g010nm_cooling_low_localized-sink,10.0,R0,5,0.004403900005854666,1,0,False,20
baseline,train,g010nm_cooling_low_localized-sink,10.0,R0,6,0.004868400021223351,1,0,False,20
baseline,train,g010nm_cooling_low_localized-sink,10.0,R0,7,0.00405080002383329,1,0,False,20
baseline,train,g010nm_cooling_low_localized-sink,10.0,R0,8,0.003863800026010722,1,0,False,20
baseline,train,g010nm_cooling_low_localized-sink,10.0,R0,9,0.0044787999941036105,1,0,False,20
baseline,train,g010nm_cooling_low_localized-sink,10.0,R0,10,0.00336180001613684,1,0,False,20
baseline,train,g010nm_cooling_low_localized-sink,10.0,R0,11,0.004242599999997765,1,0,False,20
baseline,train,g010nm_cooling_low_localized-sink,10.0,R0,12,0.003911200008587912,1,0,False,20
baseline,train,g010nm_cooling_low_localized-sink,10.0,R0,13,0.0040388999914284796,1,0,False,20
baseline,train,g010nm_cooling_low_localized-sink,10.0,R0,14,0.005871299974387512,1,0,False,20
baseline,train,g010nm_cooling_low_localized-sink,10.0,R0,15,0.00426849999348633,1,0,False,20
baseline,train,g010nm_cooling_low_localized-sink,10.0,R0,16,0.0046208999992813915,1,0,False,20
baseline,train,g010nm_cooling_low_localized-sink,10.0,R0,17,0.007372699998086318,1,0,False,20
baseline,train,g010nm_cooling_low_localized-sink,10.0,R0,18,0.004471200023544952,1,0,False,20
baseline,train,g010nm_cooling_low_localized-sink,10.0,R0,19,0.004309700016165152,1,0,False,20
baseline,train,g010nm_cooling_low_localized-sink,10.0,R1,0,0.005230200011283159,2,0,False,20
baseline,train,g010nm_cooling_low_localized-sink,10.0,R1,1,0.0061722000245936215,2,0,False,20
baseline,train,g010nm_cooling_low_localized-sink,10.0,R1,2,0.005772700009401888,2,0,False,20
baseline,train,g010nm_cooling_low_localized-sink,10.0,R1,3,0.00540490000275895,2,0,False,20
baseline,train,g010nm_cooling_low_localized-sink,10.0,R1,4,0.004920600011246279,2,0,False,20
baseline,train,g010nm_cooling_low_localized-sink,10.0,R1,5,0.0056269999768119305,2,0,False,20
baseline,train,g010nm_cooling_low_localized-sink,10.0,R1,6,0.00492490001488477,2,0,False,20
baseline,train,g010nm_cooling_low_localized-sink,10.0,R1,7,0.0053598000085912645,2,0,False,20
baseline,train,g010nm_cooling_low_localized-sink,10.0,R1,8,0.005197599995881319,2,0,False,20
baseline,train,g010nm_cooling_low_localized-sink,10.0,R1,9,0.004941399995004758,2,0,False,20
baseline,train,g010nm_cooling_low_localized-sink,10.0,R1,10,0.005549800000153482,2,0,False,20
baseline,train,g010nm_cooling_low_localized-sink,10.0,R1,11,0.0052004000172019005,2,0,False,20
baseline,train,g010nm_cooling_low_localized-sink,10.0,R1,12,0.005017799994675443,2,0,False,20
baseline,train,g010nm_cooling_low_localized-sink,10.0,R1,13,0.0037026999925728887,2,0,False,20
baseline,train,g010nm_cooling_low_localized-sink,10.0,R1,14,0.007333499990636483,2,0,False,20
baseline,train,g010nm_cooling_low_localized-sink,10.0,R1,15,0.0057690999819897115,2,0,False,20
baseline,train,g010nm_cooling_low_localized-sink,10.0,R1,16,0.00556640001013875,2,0,False,20
baseline,train,g010nm_cooling_low_localized-sink,10.0,R1,17,0.005372600018745288,2,0,False,20
baseline,train,g010nm_cooling_low_localized-sink,10.0,R1,18,0.006146300002001226,2,0,False,20
baseline,train,g010nm_cooling_low_localized-sink,10.0,R1,19,0.005025099992053583,2,0,False,20
baseline,train,g010nm_cooling_low_localized-sink,10.0,R2,0,0.010145900014322251,4,0,False,20
baseline,train,g010nm_cooling_low_localized-sink,10.0,R2,1,0.010745000006863847,4,0,False,20
baseline,train,g010nm_cooling_low_localized-sink,10.0,R2,2,0.011270699993474409,4,0,False,20
baseline,train,g010nm_cooling_low_localized-sink,10.0,R2,3,0.009992200008127838,4,0,False,20
baseline,train,g010nm_cooling_low_localized-sink,10.0,R2,4,0.011401099996874109,4,0,False,20
baseline,train,g010nm_cooling_low_localized-sink,10.0,R2,5,0.010657400009222329,4,0,False,20
baseline,train,g010nm_cooling_low_localized-sink,10.0,R2,6,0.00920359999872744,4,0,False,20
baseline,train,g010nm_cooling_low_localized-sink,10.0,R2,7,0.010398500016890466,4,0,False,20
baseline,train,g010nm_cooling_low_localized-sink,10.0,R2,8,0.01187370001571253,4,0,False,20
baseline,train,g010nm_cooling_low_localized-sink,10.0,R2,9,0.008885399991413578,4,0,False,20
baseline,train,g010nm_cooling_low_localized-sink,10.0,R2,10,0.011526399990543723,4,0,False,20
baseline,train,g010nm_cooling_low_localized-sink,10.0,R2,11,0.009459900000365451,4,0,False,20
baseline,train,g010nm_cooling_low_localized-sink,10.0,R2,12,0.0100438000226859,4,0,False,20
baseline,train,g010nm_cooling_low_localized-sink,10.0,R2,13,0.010241700016194955,4,0,False,20
baseline,train,g010nm_cooling_low_localized-sink,10.0,R2,14,0.010958300001220778,4,0,False,20
baseline,train,g010nm_cooling_low_localized-sink,10.0,R2,15,0.010702800005674362,4,0,False,20
baseline,train,g010nm_cooling_low_localized-sink,10.0,R2,16,0.009871599992038682,4,0,False,20
baseline,train,g010nm_cooling_low_localized-sink,10.0,R2,17,0.011474600003566593,4,0,False,20
baseline,train,g010nm_cooling_low_localized-sink,10.0,R2,18,0.009638400020776317,4,0,False,20
baseline,train,g010nm_cooling_low_localized-sink,10.0,R2,19,0.011635899980319664,4,0,False,20
baseline,train,g010nm_cooling_low_nominal,10.0,COLD,0,0.17053760000271723,61,0,False,10
baseline,train,g010nm_cooling_low_nominal,10.0,COLD,1,0.18447539999033324,61,0,False,10
baseline,train,g010nm_cooling_low_nominal,10.0,COLD,2,0.17204159998800606,61,0,False,10
baseline,train,g010nm_cooling_low_nominal,10.0,COLD,3,0.1622641999856569,61,0,False,10
baseline,train,g010nm_cooling_low_nominal,10.0,COLD,4,0.16179680000641383,61,0,False,10
baseline,train,g010nm_cooling_low_nominal,10.0,COLD,5,0.18213360002846457,61,0,False,10
baseline,train,g010nm_cooling_low_nominal,10.0,COLD,6,0.18023560001165606,61,0,False,10
baseline,train,g010nm_cooling_low_nominal,10.0,COLD,7,0.19673249998595566,61,0,False,10
baseline,train,g010nm_cooling_low_nominal,10.0,COLD,8,0.18393669999204576,61,0,False,10
baseline,train,g010nm_cooling_low_nominal,10.0,COLD,9,0.16539119998924434,61,0,False,10
baseline,train,g010nm_cooling_low_nominal,10.0,A1,0,0.006162899982882664,2,0,False,20
baseline,train,g010nm_cooling_low_nominal,10.0,A1,1,0.006010199984302744,2,0,False,20
baseline,train,g010nm_cooling_low_nominal,10.0,A1,2,0.006414000003132969,2,0,False,20
baseline,train,g010nm_cooling_low_nominal,10.0,A1,3,0.006008099997416139,2,0,False,20
baseline,train,g010nm_cooling_low_nominal,10.0,A1,4,0.006429799977922812,2,0,False,20
baseline,train,g010nm_cooling_low_nominal,10.0,A1,5,0.005506399989826605,2,0,False,20
baseline,train,g010nm_cooling_low_nominal,10.0,A1,6,0.0053678000112995505,2,0,False,20
baseline,train,g010nm_cooling_low_nominal,10.0,A1,7,0.006976499978918582,2,0,False,20
baseline,train,g010nm_cooling_low_nominal,10.0,A1,8,0.009880600002361462,2,0,False,20
baseline,train,g010nm_cooling_low_nominal,10.0,A1,9,0.0057446999999228865,2,0,False,20
baseline,train,g010nm_cooling_low_nominal,10.0,A1,10,0.006613300007302314,2,0,False,20
baseline,train,g010nm_cooling_low_nominal,10.0,A1,11,0.006426800013286993,2,0,False,20
baseline,train,g010nm_cooling_low_nominal,10.0,A1,12,0.0054539999982807785,2,0,False,20
baseline,train,g010nm_cooling_low_nominal,10.0,A1,13,0.005883899983018637,2,0,False,20
baseline,train,g010nm_cooling_low_nominal,10.0,A1,14,0.006453699985286221,2,0,False,20
baseline,train,g010nm_cooling_low_nominal,10.0,A1,15,0.005404199997428805,2,0,False,20
baseline,train,g010nm_cooling_low_nominal,10.0,A1,16,0.00711609999416396,2,0,False,20
baseline,train,g010nm_cooling_low_nominal,10.0,A1,17,0.005561600002693012,2,0,False,20
baseline,train,g010nm_cooling_low_nominal,10.0,A1,18,0.0053662999998778105,2,0,False,20
baseline,train,g010nm_cooling_low_nominal,10.0,A1,19,0.008193399989977479,2,0,False,20
baseline,train,g010nm_cooling_low_nominal,10.0,A2,0,0.010439799982123077,4,0,False,20
baseline,train,g010nm_cooling_low_nominal,10.0,A2,1,0.012047099997289479,4,0,False,20
baseline,train,g010nm_cooling_low_nominal,10.0,A2,2,0.011354299989761785,4,0,False,20
baseline,train,g010nm_cooling_low_nominal,10.0,A2,3,0.010495499998796731,4,0,False,20
baseline,train,g010nm_cooling_low_nominal,10.0,A2,4,0.010913200007053092,4,0,False,20
baseline,train,g010nm_cooling_low_nominal,10.0,A2,5,0.009389899991219863,4,0,False,20
baseline,train,g010nm_cooling_low_nominal,10.0,A2,6,0.010543799988226965,4,0,False,20
baseline,train,g010nm_cooling_low_nominal,10.0,A2,7,0.00900230000843294,4,0,False,20
baseline,train,g010nm_cooling_low_nominal,10.0,A2,8,0.009108600002946332,4,0,False,20
baseline,train,g010nm_cooling_low_nominal,10.0,A2,9,0.010205099999438971,4,0,False,20
baseline,train,g010nm_cooling_low_nominal,10.0,A2,10,0.013133700005710125,4,0,False,20
baseline,train,g010nm_cooling_low_nominal,10.0,A2,11,0.011057900002924725,4,0,False,20
baseline,train,g010nm_cooling_low_nominal,10.0,A2,12,0.010506799997529015,4,0,False,20
baseline,train,g010nm_cooling_low_nominal,10.0,A2,13,0.011466299998573959,4,0,False,20
baseline,train,g010nm_cooling_low_nominal,10.0,A2,14,0.010957799997413531,4,0,False,20
baseline,train,g010nm_cooling_low_nominal,10.0,A2,15,0.009552600007737055,4,0,False,20
baseline,train,g010nm_cooling_low_nominal,10.0,A2,16,0.01054749998729676,4,0,False,20
baseline,train,g010nm_cooling_low_nominal,10.0,A2,17,0.011533599987160414,4,0,False,20
baseline,train,g010nm_cooling_low_nominal,10.0,A2,18,0.009620199998607859,4,0,False,20
baseline,train,g010nm_cooling_low_nominal,10.0,A2,19,0.010274300002492964,4,0,False,20
baseline,train,g010nm_cooling_low_nominal,10.0,R0,0,0.004149599990341812,1,0,False,20
baseline,train,g010nm_cooling_low_nominal,10.0,R0,1,0.003874799993354827,1,0,False,20
baseline,train,g010nm_cooling_low_nominal,10.0,R0,2,0.003882999997586012,1,0,False,20
baseline,train,g010nm_cooling_low_nominal,10.0,R0,3,0.005541699996683747,1,0,False,20
baseline,train,g010nm_cooling_low_nominal,10.0,R0,4,0.0059046999958809465,1,0,False,20
baseline,train,g010nm_cooling_low_nominal,10.0,R0,5,0.004508900019573048,1,0,False,20
baseline,train,g010nm_cooling_low_nominal,10.0,R0,6,0.0051531000062823296,1,0,False,20
baseline,train,g010nm_cooling_low_nominal,10.0,R0,7,0.00417369999922812,1,0,False,20
baseline,train,g010nm_cooling_low_nominal,10.0,R0,8,0.003987300005974248,1,0,False,20
baseline,train,g010nm_cooling_low_nominal,10.0,R0,9,0.004595800011884421,1,0,False,20
baseline,train,g010nm_cooling_low_nominal,10.0,R0,10,0.004522000002907589,1,0,False,20
baseline,train,g010nm_cooling_low_nominal,10.0,R0,11,0.004096200020285323,1,0,False,20
baseline,train,g010nm_cooling_low_nominal,10.0,R0,12,0.00383590001729317,1,0,False,20
baseline,train,g010nm_cooling_low_nominal,10.0,R0,13,0.0043217999918852,1,0,False,20
baseline,train,g010nm_cooling_low_nominal,10.0,R0,14,0.004164899990428239,1,0,False,20
baseline,train,g010nm_cooling_low_nominal,10.0,R0,15,0.0040213000029325485,1,0,False,20
baseline,train,g010nm_cooling_low_nominal,10.0,R0,16,0.0038505000120494515,1,0,False,20
baseline,train,g010nm_cooling_low_nominal,10.0,R0,17,0.00451739999698475,1,0,False,20
baseline,train,g010nm_cooling_low_nominal,10.0,R0,18,0.0042776999762281775,1,0,False,20
baseline,train,g010nm_cooling_low_nominal,10.0,R0,19,0.004161699995165691,1,0,False,20
baseline,train,g010nm_cooling_low_nominal,10.0,R1,0,0.005124299990711734,2,0,False,20
baseline,train,g010nm_cooling_low_nominal,10.0,R1,1,0.005093700019642711,2,0,False,20
baseline,train,g010nm_cooling_low_nominal,10.0,R1,2,0.005922100011957809,2,0,False,20
baseline,train,g010nm_cooling_low_nominal,10.0,R1,3,0.007533799973316491,2,0,False,20
baseline,train,g010nm_cooling_low_nominal,10.0,R1,4,0.005201499996474013,2,0,False,20
baseline,train,g010nm_cooling_low_nominal,10.0,R1,5,0.004285000002710149,2,0,False,20
baseline,train,g010nm_cooling_low_nominal,10.0,R1,6,0.005246499989880249,2,0,False,20
baseline,train,g010nm_cooling_low_nominal,10.0,R1,7,0.005600200005574152,2,0,False,20
baseline,train,g010nm_cooling_low_nominal,10.0,R1,8,0.005854700022609904,2,0,False,20
baseline,train,g010nm_cooling_low_nominal,10.0,R1,9,0.005395600019255653,2,0,False,20
baseline,train,g010nm_cooling_low_nominal,10.0,R1,10,0.00465809999150224,2,0,False,20
baseline,train,g010nm_cooling_low_nominal,10.0,R1,11,0.004640099999960512,2,0,False,20
baseline,train,g010nm_cooling_low_nominal,10.0,R1,12,0.004791000013938174,2,0,False,20
baseline,train,g010nm_cooling_low_nominal,10.0,R1,13,0.006543900002725422,2,0,False,20
baseline,train,g010nm_cooling_low_nominal,10.0,R1,14,0.005569500004639849,2,0,False,20
baseline,train,g010nm_cooling_low_nominal,10.0,R1,15,0.004852499987464398,2,0,False,20
baseline,train,g010nm_cooling_low_nominal,10.0,R1,16,0.006693700008327141,2,0,False,20
baseline,train,g010nm_cooling_low_nominal,10.0,R1,17,0.00556350001716055,2,0,False,20
baseline,train,g010nm_cooling_low_nominal,10.0,R1,18,0.004945099994074553,2,0,False,20
baseline,train,g010nm_cooling_low_nominal,10.0,R1,19,0.006414499977836385,2,0,False,20
baseline,train,g010nm_cooling_low_nominal,10.0,R2,0,0.01131810000515543,4,0,False,20
baseline,train,g010nm_cooling_low_nominal,10.0,R2,1,0.009758100000908598,4,0,False,20
baseline,train,g010nm_cooling_low_nominal,10.0,R2,2,0.009620800003176555,4,0,False,20
baseline,train,g010nm_cooling_low_nominal,10.0,R2,3,0.011035500006983057,4,0,False,20
baseline,train,g010nm_cooling_low_nominal,10.0,R2,4,0.011365200014552101,4,0,False,20
baseline,train,g010nm_cooling_low_nominal,10.0,R2,5,0.010742900019977242,4,0,False,20
baseline,train,g010nm_cooling_low_nominal,10.0,R2,6,0.010286000004271045,4,0,False,20
baseline,train,g010nm_cooling_low_nominal,10.0,R2,7,0.009377600013976917,4,0,False,20
baseline,train,g010nm_cooling_low_nominal,10.0,R2,8,0.010468300024513155,4,0,False,20
baseline,train,g010nm_cooling_low_nominal,10.0,R2,9,0.010095900011947379,4,0,False,20
baseline,train,g010nm_cooling_low_nominal,10.0,R2,10,0.010903499991400167,4,0,False,20
baseline,train,g010nm_cooling_low_nominal,10.0,R2,11,0.011149300000397488,4,0,False,20
baseline,train,g010nm_cooling_low_nominal,10.0,R2,12,0.009899500000756234,4,0,False,20
baseline,train,g010nm_cooling_low_nominal,10.0,R2,13,0.011333899979945272,4,0,False,20
baseline,train,g010nm_cooling_low_nominal,10.0,R2,14,0.00882600000477396,4,0,False,20
baseline,train,g010nm_cooling_low_nominal,10.0,R2,15,0.009788700001081452,4,0,False,20
baseline,train,g010nm_cooling_low_nominal,10.0,R2,16,0.009545700013404712,4,0,False,20
baseline,train,g010nm_cooling_low_nominal,10.0,R2,17,0.009864999999990687,4,0,False,20
baseline,train,g010nm_cooling_low_nominal,10.0,R2,18,0.010683700005756691,4,0,False,20
baseline,train,g010nm_cooling_low_nominal,10.0,R2,19,0.01210769999306649,4,0,False,20
baseline,train,g010nm_cooling_near-transition_localized-sink,10.0,COLD,0,0.21464920000289567,79,0,False,10
baseline,train,g010nm_cooling_near-transition_localized-sink,10.0,COLD,1,0.2150264999945648,79,0,False,10
baseline,train,g010nm_cooling_near-transition_localized-sink,10.0,COLD,2,0.21544749999884516,79,0,False,10
baseline,train,g010nm_cooling_near-transition_localized-sink,10.0,COLD,3,0.21239190001506358,79,0,False,10
baseline,train,g010nm_cooling_near-transition_localized-sink,10.0,COLD,4,0.21459009998943657,79,0,False,10
baseline,train,g010nm_cooling_near-transition_localized-sink,10.0,COLD,5,0.20611279999138787,79,0,False,10
baseline,train,g010nm_cooling_near-transition_localized-sink,10.0,COLD,6,0.22069469999405555,79,0,False,10
baseline,train,g010nm_cooling_near-transition_localized-sink,10.0,COLD,7,0.21958689999883063,79,0,False,10
baseline,train,g010nm_cooling_near-transition_localized-sink,10.0,COLD,8,0.21938500000396743,79,0,False,10
baseline,train,g010nm_cooling_near-transition_localized-sink,10.0,COLD,9,0.22862509998958558,79,0,False,10
baseline,train,g010nm_cooling_near-transition_localized-sink,10.0,A1,0,0.006013000005623326,2,0,False,20
baseline,train,g010nm_cooling_near-transition_localized-sink,10.0,A1,1,0.006957300007343292,2,0,False,20
baseline,train,g010nm_cooling_near-transition_localized-sink,10.0,A1,2,0.006245899974601343,2,0,False,20
baseline,train,g010nm_cooling_near-transition_localized-sink,10.0,A1,3,0.007013199996436015,2,0,False,20
baseline,train,g010nm_cooling_near-transition_localized-sink,10.0,A1,4,0.006437200005166233,2,0,False,20
baseline,train,g010nm_cooling_near-transition_localized-sink,10.0,A1,5,0.006771999993361533,2,0,False,20
baseline,train,g010nm_cooling_near-transition_localized-sink,10.0,A1,6,0.007306199986487627,2,0,False,20
baseline,train,g010nm_cooling_near-transition_localized-sink,10.0,A1,7,0.0055087000073399395,2,0,False,20
baseline,train,g010nm_cooling_near-transition_localized-sink,10.0,A1,8,0.00449079999816604,2,0,False,20
baseline,train,g010nm_cooling_near-transition_localized-sink,10.0,A1,9,0.006263599992962554,2,0,False,20
baseline,train,g010nm_cooling_near-transition_localized-sink,10.0,A1,10,0.0052906000055372715,2,0,False,20
baseline,train,g010nm_cooling_near-transition_localized-sink,10.0,A1,11,0.004494699998758733,2,0,False,20
baseline,train,g010nm_cooling_near-transition_localized-sink,10.0,A1,12,0.006266699987463653,2,0,False,20
baseline,train,g010nm_cooling_near-transition_localized-sink,10.0,A1,13,0.006389899994246662,2,0,False,20
baseline,train,g010nm_cooling_near-transition_localized-sink,10.0,A1,14,0.005848100001458079,2,0,False,20
baseline,train,g010nm_cooling_near-transition_localized-sink,10.0,A1,15,0.006218700000317767,2,0,False,20
baseline,train,g010nm_cooling_near-transition_localized-sink,10.0,A1,16,0.00691170000936836,2,0,False,20
baseline,train,g010nm_cooling_near-transition_localized-sink,10.0,A1,17,0.006080099992686883,2,0,False,20
baseline,train,g010nm_cooling_near-transition_localized-sink,10.0,A1,18,0.005549199995584786,2,0,False,20
baseline,train,g010nm_cooling_near-transition_localized-sink,10.0,A1,19,0.005637599999317899,2,0,False,20
baseline,train,g010nm_cooling_near-transition_localized-sink,10.0,A2,0,0.011333500006003305,4,0,False,20
baseline,train,g010nm_cooling_near-transition_localized-sink,10.0,A2,1,0.015931300004012883,4,0,False,20
baseline,train,g010nm_cooling_near-transition_localized-sink,10.0,A2,2,0.008785300015006214,4,0,False,20
baseline,train,g010nm_cooling_near-transition_localized-sink,10.0,A2,3,0.015003400010755286,4,0,False,20
baseline,train,g010nm_cooling_near-transition_localized-sink,10.0,A2,4,0.01013260000036098,4,0,False,20
baseline,train,g010nm_cooling_near-transition_localized-sink,10.0,A2,5,0.010261900024488568,4,0,False,20
baseline,train,g010nm_cooling_near-transition_localized-sink,10.0,A2,6,0.012028700002701953,4,0,False,20
baseline,train,g010nm_cooling_near-transition_localized-sink,10.0,A2,7,0.01197280001360923,4,0,False,20
baseline,train,g010nm_cooling_near-transition_localized-sink,10.0,A2,8,0.010976899997331202,4,0,False,20
baseline,train,g010nm_cooling_near-transition_localized-sink,10.0,A2,9,0.012690900010056794,4,0,False,20
baseline,train,g010nm_cooling_near-transition_localized-sink,10.0,A2,10,0.013151600025594234,4,0,False,20
baseline,train,g010nm_cooling_near-transition_localized-sink,10.0,A2,11,0.011554099997738376,4,0,False,20
baseline,train,g010nm_cooling_near-transition_localized-sink,10.0,A2,12,0.01595679999445565,4,0,False,20
baseline,train,g010nm_cooling_near-transition_localized-sink,10.0,A2,13,0.011302300001261756,4,0,False,20
baseline,train,g010nm_cooling_near-transition_localized-sink,10.0,A2,14,0.016341000009560958,4,0,False,20
baseline,train,g010nm_cooling_near-transition_localized-sink,10.0,A2,15,0.01454649999504909,4,0,False,20
baseline,train,g010nm_cooling_near-transition_localized-sink,10.0,A2,16,0.011524399975314736,4,0,False,20
baseline,train,g010nm_cooling_near-transition_localized-sink,10.0,A2,17,0.010022700007539243,4,0,False,20
baseline,train,g010nm_cooling_near-transition_localized-sink,10.0,A2,18,0.012470199988456443,4,0,False,20
baseline,train,g010nm_cooling_near-transition_localized-sink,10.0,A2,19,0.012091799988411367,4,0,False,20
baseline,train,g010nm_cooling_near-transition_localized-sink,10.0,R0,0,0.008031200006371364,1,0,False,20
baseline,train,g010nm_cooling_near-transition_localized-sink,10.0,R0,1,0.004129499982809648,1,0,False,20
baseline,train,g010nm_cooling_near-transition_localized-sink,10.0,R0,2,0.002962500002468005,1,0,False,20
baseline,train,g010nm_cooling_near-transition_localized-sink,10.0,R0,3,0.006186599988723174,1,0,False,20
baseline,train,g010nm_cooling_near-transition_localized-sink,10.0,R0,4,0.003530499991029501,1,0,False,20
baseline,train,g010nm_cooling_near-transition_localized-sink,10.0,R0,5,0.004298899992136285,1,0,False,20
baseline,train,g010nm_cooling_near-transition_localized-sink,10.0,R0,6,0.004296099999919534,1,0,False,20
baseline,train,g010nm_cooling_near-transition_localized-sink,10.0,R0,7,0.004077300021890551,1,0,False,20
baseline,train,g010nm_cooling_near-transition_localized-sink,10.0,R0,8,0.00205210002604872,1,0,False,20
baseline,train,g010nm_cooling_near-transition_localized-sink,10.0,R0,9,0.004233900021063164,1,0,False,20
baseline,train,g010nm_cooling_near-transition_localized-sink,10.0,R0,10,0.004165700025623664,1,0,False,20
baseline,train,g010nm_cooling_near-transition_localized-sink,10.0,R0,11,0.004283500020392239,1,0,False,20
baseline,train,g010nm_cooling_near-transition_localized-sink,10.0,R0,12,0.005044200021075085,1,0,False,20
baseline,train,g010nm_cooling_near-transition_localized-sink,10.0,R0,13,0.0043994000006932765,1,0,False,20
baseline,train,g010nm_cooling_near-transition_localized-sink,10.0,R0,14,0.00401370000327006,1,0,False,20
baseline,train,g010nm_cooling_near-transition_localized-sink,10.0,R0,15,0.00520489999325946,1,0,False,20
baseline,train,g010nm_cooling_near-transition_localized-sink,10.0,R0,16,0.004313799989176914,1,0,False,20
baseline,train,g010nm_cooling_near-transition_localized-sink,10.0,R0,17,0.004241699993144721,1,0,False,20
baseline,train,g010nm_cooling_near-transition_localized-sink,10.0,R0,18,0.005389099998865277,1,0,False,20
baseline,train,g010nm_cooling_near-transition_localized-sink,10.0,R0,19,0.00506120000500232,1,0,False,20
baseline,train,g010nm_cooling_near-transition_localized-sink,10.0,R1,0,0.0048386999987997115,2,0,False,20
baseline,train,g010nm_cooling_near-transition_localized-sink,10.0,R1,1,0.005651299987221137,2,0,False,20
baseline,train,g010nm_cooling_near-transition_localized-sink,10.0,R1,2,0.005717899999581277,2,0,False,20
baseline,train,g010nm_cooling_near-transition_localized-sink,10.0,R1,3,0.005512799980351701,2,0,False,20
baseline,train,g010nm_cooling_near-transition_localized-sink,10.0,R1,4,0.0061335999926086515,2,0,False,20
baseline,train,g010nm_cooling_near-transition_localized-sink,10.0,R1,5,0.004958999983500689,2,0,False,20
baseline,train,g010nm_cooling_near-transition_localized-sink,10.0,R1,6,0.003694100014399737,2,0,False,20
baseline,train,g010nm_cooling_near-transition_localized-sink,10.0,R1,7,0.0054783999803476036,2,0,False,20
baseline,train,g010nm_cooling_near-transition_localized-sink,10.0,R1,8,0.005361599993193522,2,0,False,20
baseline,train,g010nm_cooling_near-transition_localized-sink,10.0,R1,9,0.00546409998787567,2,0,False,20
baseline,train,g010nm_cooling_near-transition_localized-sink,10.0,R1,10,0.005435099999886006,2,0,False,20
baseline,train,g010nm_cooling_near-transition_localized-sink,10.0,R1,11,0.005393600004026666,2,0,False,20
baseline,train,g010nm_cooling_near-transition_localized-sink,10.0,R1,12,0.0053626000008080155,2,0,False,20
baseline,train,g010nm_cooling_near-transition_localized-sink,10.0,R1,13,0.004963200015481561,2,0,False,20
baseline,train,g010nm_cooling_near-transition_localized-sink,10.0,R1,14,0.005126099975313991,2,0,False,20
baseline,train,g010nm_cooling_near-transition_localized-sink,10.0,R1,15,0.006632900011027232,2,0,False,20
baseline,train,g010nm_cooling_near-transition_localized-sink,10.0,R1,16,0.005551200010813773,2,0,False,20
baseline,train,g010nm_cooling_near-transition_localized-sink,10.0,R1,17,0.005178399995202199,2,0,False,20
baseline,train,g010nm_cooling_near-transition_localized-sink,10.0,R1,18,0.00706129998434335,2,0,False,20
baseline,train,g010nm_cooling_near-transition_localized-sink,10.0,R1,19,0.005798900005174801,2,0,False,20
baseline,train,g010nm_cooling_near-transition_localized-sink,10.0,R2,0,0.011405700002796948,4,0,False,20
baseline,train,g010nm_cooling_near-transition_localized-sink,10.0,R2,1,0.010291400016285479,4,0,False,20
baseline,train,g010nm_cooling_near-transition_localized-sink,10.0,R2,2,0.010447399981785566,4,0,False,20
baseline,train,g010nm_cooling_near-transition_localized-sink,10.0,R2,3,0.009591800015186891,4,0,False,20
baseline,train,g010nm_cooling_near-transition_localized-sink,10.0,R2,4,0.009904800012009218,4,0,False,20
baseline,train,g010nm_cooling_near-transition_localized-sink,10.0,R2,5,0.010789699997985736,4,0,False,20
baseline,train,g010nm_cooling_near-transition_localized-sink,10.0,R2,6,0.011466299998573959,4,0,False,20
baseline,train,g010nm_cooling_near-transition_localized-sink,10.0,R2,7,0.010032899997895584,4,0,False,20
baseline,train,g010nm_cooling_near-transition_localized-sink,10.0,R2,8,0.013495499995769933,4,0,False,20
baseline,train,g010nm_cooling_near-transition_localized-sink,10.0,R2,9,0.011570399976335466,4,0,False,20
baseline,train,g010nm_cooling_near-transition_localized-sink,10.0,R2,10,0.00924370001303032,4,0,False,20
baseline,train,g010nm_cooling_near-transition_localized-sink,10.0,R2,11,0.010464000020874664,4,0,False,20
baseline,train,g010nm_cooling_near-transition_localized-sink,10.0,R2,12,0.010783299978356808,4,0,False,20
baseline,train,g010nm_cooling_near-transition_localized-sink,10.0,R2,13,0.009902799996780232,4,0,False,20
baseline,train,g010nm_cooling_near-transition_localized-sink,10.0,R2,14,0.010684699984267354,4,0,False,20
baseline,train,g010nm_cooling_near-transition_localized-sink,10.0,R2,15,0.010376999998698011,4,0,False,20
baseline,train,g010nm_cooling_near-transition_localized-sink,10.0,R2,16,0.011050300003262237,4,0,False,20
baseline,train,g010nm_cooling_near-transition_localized-sink,10.0,R2,17,0.010143300023628399,4,0,False,20
baseline,train,g010nm_cooling_near-transition_localized-sink,10.0,R2,18,0.011717600020347163,4,0,False,20
baseline,train,g010nm_cooling_near-transition_localized-sink,10.0,R2,19,0.010229500010609627,4,0,False,20
baseline,train,g010nm_cooling_near-transition_nominal,10.0,COLD,0,0.188879099994665,69,0,False,10
baseline,train,g010nm_cooling_near-transition_nominal,10.0,COLD,1,0.18840670000645332,69,0,False,10
baseline,train,g010nm_cooling_near-transition_nominal,10.0,COLD,2,0.191056200012099,69,0,False,10
baseline,train,g010nm_cooling_near-transition_nominal,10.0,COLD,3,0.19068259999039583,69,0,False,10
baseline,train,g010nm_cooling_near-transition_nominal,10.0,COLD,4,0.19065649999538437,69,0,False,10
baseline,train,g010nm_cooling_near-transition_nominal,10.0,COLD,5,0.19002589999581687,69,0,False,10
baseline,train,g010nm_cooling_near-transition_nominal,10.0,COLD,6,0.1837812000012491,69,0,False,10
baseline,train,g010nm_cooling_near-transition_nominal,10.0,COLD,7,0.18550120000145398,69,0,False,10
baseline,train,g010nm_cooling_near-transition_nominal,10.0,COLD,8,0.19578720000572503,69,0,False,10
baseline,train,g010nm_cooling_near-transition_nominal,10.0,COLD,9,0.18459920000168495,69,0,False,10
baseline,train,g010nm_cooling_near-transition_nominal,10.0,A1,0,0.006070400006137788,2,0,False,20
baseline,train,g010nm_cooling_near-transition_nominal,10.0,A1,1,0.005718900007195771,2,0,False,20
baseline,train,g010nm_cooling_near-transition_nominal,10.0,A1,2,0.005708200013032183,2,0,False,20
baseline,train,g010nm_cooling_near-transition_nominal,10.0,A1,3,0.006367299996782094,2,0,False,20
baseline,train,g010nm_cooling_near-transition_nominal,10.0,A1,4,0.00545379999675788,2,0,False,20
baseline,train,g010nm_cooling_near-transition_nominal,10.0,A1,5,0.005735799990361556,2,0,False,20
baseline,train,g010nm_cooling_near-transition_nominal,10.0,A1,6,0.005769899988081306,2,0,False,20
baseline,train,g010nm_cooling_near-transition_nominal,10.0,A1,7,0.0054512000060640275,2,0,False,20
baseline,train,g010nm_cooling_near-transition_nominal,10.0,A1,8,0.006333299999823794,2,0,False,20
baseline,train,g010nm_cooling_near-transition_nominal,10.0,A1,9,0.006533000007038936,2,0,False,20
baseline,train,g010nm_cooling_near-transition_nominal,10.0,A1,10,0.00577819999307394,2,0,False,20
baseline,train,g010nm_cooling_near-transition_nominal,10.0,A1,11,0.007564400002593175,2,0,False,20
baseline,train,g010nm_cooling_near-transition_nominal,10.0,A1,12,0.005752600001869723,2,0,False,20
baseline,train,g010nm_cooling_near-transition_nominal,10.0,A1,13,0.006635099998675287,2,0,False,20
baseline,train,g010nm_cooling_near-transition_nominal,10.0,A1,14,0.0058132999984081835,2,0,False,20
baseline,train,g010nm_cooling_near-transition_nominal,10.0,A1,15,0.005505799985257909,2,0,False,20
baseline,train,g010nm_cooling_near-transition_nominal,10.0,A1,16,0.007284699997399002,2,0,False,20
baseline,train,g010nm_cooling_near-transition_nominal,10.0,A1,17,0.005484799999976531,2,0,False,20
baseline,train,g010nm_cooling_near-transition_nominal,10.0,A1,18,0.006151500012492761,2,0,False,20
baseline,train,g010nm_cooling_near-transition_nominal,10.0,A1,19,0.008196999988285825,2,0,False,20
baseline,train,g010nm_cooling_near-transition_nominal,10.0,A2,0,0.011634199996478856,4,0,False,20
baseline,train,g010nm_cooling_near-transition_nominal,10.0,A2,1,0.011281299986876547,4,0,False,20
baseline,train,g010nm_cooling_near-transition_nominal,10.0,A2,2,0.010416600009193644,4,0,False,20
baseline,train,g010nm_cooling_near-transition_nominal,10.0,A2,3,0.011000499973306432,4,0,False,20
baseline,train,g010nm_cooling_near-transition_nominal,10.0,A2,4,0.010604800016153604,4,0,False,20
baseline,train,g010nm_cooling_near-transition_nominal,10.0,A2,5,0.00986000002012588,4,0,False,20
baseline,train,g010nm_cooling_near-transition_nominal,10.0,A2,6,0.013359000004129484,4,0,False,20
baseline,train,g010nm_cooling_near-transition_nominal,10.0,A2,7,0.013634300004923716,4,0,False,20
baseline,train,g010nm_cooling_near-transition_nominal,10.0,A2,8,0.01398790001985617,4,0,False,20
baseline,train,g010nm_cooling_near-transition_nominal,10.0,A2,9,0.015087299980223179,4,0,False,20
baseline,train,g010nm_cooling_near-transition_nominal,10.0,A2,10,0.011933300003875047,4,0,False,20
baseline,train,g010nm_cooling_near-transition_nominal,10.0,A2,11,0.010091000003740191,4,0,False,20
baseline,train,g010nm_cooling_near-transition_nominal,10.0,A2,12,0.012043299997458234,4,0,False,20
baseline,train,g010nm_cooling_near-transition_nominal,10.0,A2,13,0.011484699993161485,4,0,False,20
baseline,train,g010nm_cooling_near-transition_nominal,10.0,A2,14,0.004652900010114536,4,0,False,20
baseline,train,g010nm_cooling_near-transition_nominal,10.0,A2,15,0.0099874000006821,4,0,False,20
baseline,train,g010nm_cooling_near-transition_nominal,10.0,A2,16,0.011193100013770163,4,0,False,20
baseline,train,g010nm_cooling_near-transition_nominal,10.0,A2,17,0.012974899989785627,4,0,False,20
baseline,train,g010nm_cooling_near-transition_nominal,10.0,A2,18,0.011857899982715026,4,0,False,20
baseline,train,g010nm_cooling_near-transition_nominal,10.0,A2,19,0.01045120001072064,4,0,False,20
baseline,train,g010nm_cooling_near-transition_nominal,10.0,R0,0,0.004094100004294887,1,0,False,20
baseline,train,g010nm_cooling_near-transition_nominal,10.0,R0,1,0.0053368000080809,1,0,False,20
baseline,train,g010nm_cooling_near-transition_nominal,10.0,R0,2,0.005060700001195073,1,0,False,20
baseline,train,g010nm_cooling_near-transition_nominal,10.0,R0,3,0.004282900015823543,1,0,False,20
baseline,train,g010nm_cooling_near-transition_nominal,10.0,R0,4,0.0040803000156302005,1,0,False,20
baseline,train,g010nm_cooling_near-transition_nominal,10.0,R0,5,0.005183599976589903,1,0,False,20
baseline,train,g010nm_cooling_near-transition_nominal,10.0,R0,6,0.005177200015168637,1,0,False,20
baseline,train,g010nm_cooling_near-transition_nominal,10.0,R0,7,0.004535999993095174,1,0,False,20
baseline,train,g010nm_cooling_near-transition_nominal,10.0,R0,8,0.0069512999907601625,1,0,False,20
baseline,train,g010nm_cooling_near-transition_nominal,10.0,R0,9,0.006000399996992201,1,0,False,20
baseline,train,g010nm_cooling_near-transition_nominal,10.0,R0,10,0.004124600003706291,1,0,False,20
baseline,train,g010nm_cooling_near-transition_nominal,10.0,R0,11,0.005050500010838732,1,0,False,20
baseline,train,g010nm_cooling_near-transition_nominal,10.0,R0,12,0.004220600007101893,1,0,False,20
baseline,train,g010nm_cooling_near-transition_nominal,10.0,R0,13,0.004095299984328449,1,0,False,20
baseline,train,g010nm_cooling_near-transition_nominal,10.0,R0,14,0.004507300007389858,1,0,False,20
baseline,train,g010nm_cooling_near-transition_nominal,10.0,R0,15,0.0042662999767344445,1,0,False,20
baseline,train,g010nm_cooling_near-transition_nominal,10.0,R0,16,0.0044615000078920275,1,0,False,20
baseline,train,g010nm_cooling_near-transition_nominal,10.0,R0,17,0.004095900018000975,1,0,False,20
baseline,train,g010nm_cooling_near-transition_nominal,10.0,R0,18,0.004899299994576722,1,0,False,20
baseline,train,g010nm_cooling_near-transition_nominal,10.0,R0,19,0.0039440999971702695,1,0,False,20
baseline,train,g010nm_cooling_near-transition_nominal,10.0,R1,0,0.0055158000031951815,2,0,False,20
baseline,train,g010nm_cooling_near-transition_nominal,10.0,R1,1,0.004887199989752844,2,0,False,20
baseline,train,g010nm_cooling_near-transition_nominal,10.0,R1,2,0.005420400004368275,2,0,False,20
baseline,train,g010nm_cooling_near-transition_nominal,10.0,R1,3,0.004364499996881932,2,0,False,20
baseline,train,g010nm_cooling_near-transition_nominal,10.0,R1,4,0.005173000012291595,2,0,False,20
baseline,train,g010nm_cooling_near-transition_nominal,10.0,R1,5,0.005236700002569705,2,0,False,20
baseline,train,g010nm_cooling_near-transition_nominal,10.0,R1,6,0.005698400025721639,2,0,False,20
baseline,train,g010nm_cooling_near-transition_nominal,10.0,R1,7,0.00487890001386404,2,0,False,20
baseline,train,g010nm_cooling_near-transition_nominal,10.0,R1,8,0.004825899988645688,2,0,False,20
baseline,train,g010nm_cooling_near-transition_nominal,10.0,R1,9,0.006537499983096495,2,0,False,20
baseline,train,g010nm_cooling_near-transition_nominal,10.0,R1,10,0.006169000000227243,2,0,False,20
baseline,train,g010nm_cooling_near-transition_nominal,10.0,R1,11,0.005167600000277162,2,0,False,20
baseline,train,g010nm_cooling_near-transition_nominal,10.0,R1,12,0.006113600014941767,2,0,False,20
baseline,train,g010nm_cooling_near-transition_nominal,10.0,R1,13,0.005245099979219958,2,0,False,20
baseline,train,g010nm_cooling_near-transition_nominal,10.0,R1,14,0.005178399995202199,2,0,False,20
baseline,train,g010nm_cooling_near-transition_nominal,10.0,R1,15,0.006078200007323176,2,0,False,20
baseline,train,g010nm_cooling_near-transition_nominal,10.0,R1,16,0.005429399985587224,2,0,False,20
baseline,train,g010nm_cooling_near-transition_nominal,10.0,R1,17,0.006004199996823445,2,0,False,20
baseline,train,g010nm_cooling_near-transition_nominal,10.0,R1,18,0.00570419998257421,2,0,False,20
baseline,train,g010nm_cooling_near-transition_nominal,10.0,R1,19,0.005168300005607307,2,0,False,20
baseline,train,g010nm_cooling_near-transition_nominal,10.0,R2,0,0.012581999995745718,4,0,False,20
baseline,train,g010nm_cooling_near-transition_nominal,10.0,R2,1,0.013478500011842698,4,0,False,20
baseline,train,g010nm_cooling_near-transition_nominal,10.0,R2,2,0.010792300017783418,4,0,False,20
baseline,train,g010nm_cooling_near-transition_nominal,10.0,R2,3,0.011335500021232292,4,0,False,20
baseline,train,g010nm_cooling_near-transition_nominal,10.0,R2,4,0.009705500007839873,4,0,False,20
baseline,train,g010nm_cooling_near-transition_nominal,10.0,R2,5,0.011428800004068762,4,0,False,20
baseline,train,g010nm_cooling_near-transition_nominal,10.0,R2,6,0.012156900018453598,4,0,False,20
baseline,train,g010nm_cooling_near-transition_nominal,10.0,R2,7,0.011479100008727983,4,0,False,20
baseline,train,g010nm_cooling_near-transition_nominal,10.0,R2,8,0.01062449999153614,4,0,False,20
baseline,train,g010nm_cooling_near-transition_nominal,10.0,R2,9,0.010536899993894622,4,0,False,20
baseline,train,g010nm_cooling_near-transition_nominal,10.0,R2,10,0.010551099985605106,4,0,False,20
baseline,train,g010nm_cooling_near-transition_nominal,10.0,R2,11,0.010124899999937043,4,0,False,20
baseline,train,g010nm_cooling_near-transition_nominal,10.0,R2,12,0.010297500004526228,4,0,False,20
baseline,train,g010nm_cooling_near-transition_nominal,10.0,R2,13,0.010691800009226426,4,0,False,20
baseline,train,g010nm_cooling_near-transition_nominal,10.0,R2,14,0.013948699983302504,4,0,False,20
baseline,train,g010nm_cooling_near-transition_nominal,10.0,R2,15,0.011124099983135238,4,0,False,20
baseline,train,g010nm_cooling_near-transition_nominal,10.0,R2,16,0.01129729999229312,4,0,False,20
baseline,train,g010nm_cooling_near-transition_nominal,10.0,R2,17,0.01314790002652444,4,0,False,20
baseline,train,g010nm_cooling_near-transition_nominal,10.0,R2,18,0.011650500004179776,4,0,False,20
baseline,train,g010nm_cooling_near-transition_nominal,10.0,R2,19,0.011659399984637275,4,0,False,20
baseline,train,g010nm_heating_high_localized-sink,10.0,COLD,0,0.25091890001203865,87,0,False,10
baseline,train,g010nm_heating_high_localized-sink,10.0,COLD,1,0.24224379999213852,87,0,False,10
baseline,train,g010nm_heating_high_localized-sink,10.0,COLD,2,0.2410911000042688,87,0,False,10
baseline,train,g010nm_heating_high_localized-sink,10.0,COLD,3,0.23794510000152513,87,0,False,10
baseline,train,g010nm_heating_high_localized-sink,10.0,COLD,4,0.23855459998594597,87,0,False,10
baseline,train,g010nm_heating_high_localized-sink,10.0,COLD,5,0.24836900000809692,87,0,False,10
baseline,train,g010nm_heating_high_localized-sink,10.0,COLD,6,0.2410567000042647,87,0,False,10
baseline,train,g010nm_heating_high_localized-sink,10.0,COLD,7,0.24684939999133348,87,0,False,10
baseline,train,g010nm_heating_high_localized-sink,10.0,COLD,8,0.23827500001061708,87,0,False,10
baseline,train,g010nm_heating_high_localized-sink,10.0,COLD,9,0.23992680001538247,87,0,False,10
baseline,train,g010nm_heating_high_localized-sink,10.0,A1,0,0.0047774999984540045,2,0,False,20
baseline,train,g010nm_heating_high_localized-sink,10.0,A1,1,0.0071007999940775335,2,0,False,20
baseline,train,g010nm_heating_high_localized-sink,10.0,A1,2,0.005481000000145286,2,0,False,20
baseline,train,g010nm_heating_high_localized-sink,10.0,A1,3,0.005853899987414479,2,0,False,20
baseline,train,g010nm_heating_high_localized-sink,10.0,A1,4,0.006209000013768673,2,0,False,20
baseline,train,g010nm_heating_high_localized-sink,10.0,A1,5,0.005852100002812222,2,0,False,20
baseline,train,g010nm_heating_high_localized-sink,10.0,A1,6,0.006491799984360114,2,0,False,20
baseline,train,g010nm_heating_high_localized-sink,10.0,A1,7,0.005712599988328293,2,0,False,20
baseline,train,g010nm_heating_high_localized-sink,10.0,A1,8,0.0046316999942064285,2,0,False,20
baseline,train,g010nm_heating_high_localized-sink,10.0,A1,9,0.005690499994670972,2,0,False,20
baseline,train,g010nm_heating_high_localized-sink,10.0,A1,10,0.00614569999743253,2,0,False,20
baseline,train,g010nm_heating_high_localized-sink,10.0,A1,11,0.006304499984253198,2,0,False,20
baseline,train,g010nm_heating_high_localized-sink,10.0,A1,12,0.005854300019564107,2,0,False,20
baseline,train,g010nm_heating_high_localized-sink,10.0,A1,13,0.006709300010697916,2,0,False,20
baseline,train,g010nm_heating_high_localized-sink,10.0,A1,14,0.005452899989904836,2,0,False,20
baseline,train,g010nm_heating_high_localized-sink,10.0,A1,15,0.006415199983166531,2,0,False,20
baseline,train,g010nm_heating_high_localized-sink,10.0,A1,16,0.006086000008508563,2,0,False,20
baseline,train,g010nm_heating_high_localized-sink,10.0,A1,17,0.005403599992860109,2,0,False,20
baseline,train,g010nm_heating_high_localized-sink,10.0,A1,18,0.006161400000564754,2,0,False,20
baseline,train,g010nm_heating_high_localized-sink,10.0,A1,19,0.008188000007066876,2,0,False,20
baseline,train,g010nm_heating_high_localized-sink,10.0,A2,0,0.010516300011659041,4,0,False,20
baseline,train,g010nm_heating_high_localized-sink,10.0,A2,1,0.009871600021142513,4,0,False,20
baseline,train,g010nm_heating_high_localized-sink,10.0,A2,2,0.011844400025438517,4,0,False,20
baseline,train,g010nm_heating_high_localized-sink,10.0,A2,3,0.010153000010177493,4,0,False,20
baseline,train,g010nm_heating_high_localized-sink,10.0,A2,4,0.010465200000908226,4,0,False,20
baseline,train,g010nm_heating_high_localized-sink,10.0,A2,5,0.011389400024199858,4,0,False,20
baseline,train,g010nm_heating_high_localized-sink,10.0,A2,6,0.011583900020923465,4,0,False,20
baseline,train,g010nm_heating_high_localized-sink,10.0,A2,7,0.010605099989334121,4,0,False,20
baseline,train,g010nm_heating_high_localized-sink,10.0,A2,8,0.011578200006624684,4,0,False,20
baseline,train,g010nm_heating_high_localized-sink,10.0,A2,9,0.008722600003238767,4,0,False,20
baseline,train,g010nm_heating_high_localized-sink,10.0,A2,10,0.010877600027015433,4,0,False,20
baseline,train,g010nm_heating_high_localized-sink,10.0,A2,11,0.011163100018166006,4,0,False,20
baseline,train,g010nm_heating_high_localized-sink,10.0,A2,12,0.010950800002319738,4,0,False,20
baseline,train,g010nm_heating_high_localized-sink,10.0,A2,13,0.011687799997162074,4,0,False,20
baseline,train,g010nm_heating_high_localized-sink,10.0,A2,14,0.01290039997547865,4,0,False,20
baseline,train,g010nm_heating_high_localized-sink,10.0,A2,15,0.013186900003347546,4,0,False,20
baseline,train,g010nm_heating_high_localized-sink,10.0,A2,16,0.012029299978166819,4,0,False,20
baseline,train,g010nm_heating_high_localized-sink,10.0,A2,17,0.012177700002212077,4,0,False,20
baseline,train,g010nm_heating_high_localized-sink,10.0,A2,18,0.011068499996326864,4,0,False,20
baseline,train,g010nm_heating_high_localized-sink,10.0,A2,19,0.011882899998454377,4,0,False,20
baseline,train,g010nm_heating_high_localized-sink,10.0,R0,0,0.005949000013060868,1,0,False,20
baseline,train,g010nm_heating_high_localized-sink,10.0,R0,1,0.003905700024915859,1,0,False,20
baseline,train,g010nm_heating_high_localized-sink,10.0,R0,2,0.00436040002387017,1,0,False,20
baseline,train,g010nm_heating_high_localized-sink,10.0,R0,3,0.0031912999984342605,1,0,False,20
baseline,train,g010nm_heating_high_localized-sink,10.0,R0,4,0.004074299999047071,1,0,False,20
baseline,train,g010nm_heating_high_localized-sink,10.0,R0,5,0.0038486999983433634,1,0,False,20
baseline,train,g010nm_heating_high_localized-sink,10.0,R0,6,0.003884999983711168,1,0,False,20
baseline,train,g010nm_heating_high_localized-sink,10.0,R0,7,0.007155900006182492,1,0,False,20
baseline,train,g010nm_heating_high_localized-sink,10.0,R0,8,0.004387499997392297,1,0,False,20
baseline,train,g010nm_heating_high_localized-sink,10.0,R0,9,0.003900800016708672,1,0,False,20
baseline,train,g010nm_heating_high_localized-sink,10.0,R0,10,0.004078400001162663,1,0,False,20
baseline,train,g010nm_heating_high_localized-sink,10.0,R0,11,0.004015800019260496,1,0,False,20
baseline,train,g010nm_heating_high_localized-sink,10.0,R0,12,0.003860299999359995,1,0,False,20
baseline,train,g010nm_heating_high_localized-sink,10.0,R0,13,0.003995200007921085,1,0,False,20
baseline,train,g010nm_heating_high_localized-sink,10.0,R0,14,0.005103800009237602,1,0,False,20
baseline,train,g010nm_heating_high_localized-sink,10.0,R0,15,0.00411440001334995,1,0,False,20
baseline,train,g010nm_heating_high_localized-sink,10.0,R0,16,0.0038961999816820025,1,0,False,20
baseline,train,g010nm_heating_high_localized-sink,10.0,R0,17,0.0042424999992363155,1,0,False,20
baseline,train,g010nm_heating_high_localized-sink,10.0,R0,18,0.00490259999060072,1,0,False,20
baseline,train,g010nm_heating_high_localized-sink,10.0,R0,19,0.004088599991519004,1,0,False,20
baseline,train,g010nm_heating_high_localized-sink,10.0,R1,0,0.0063464000122621655,2,0,False,20
baseline,train,g010nm_heating_high_localized-sink,10.0,R1,1,0.0057055999932345,2,0,False,20
baseline,train,g010nm_heating_high_localized-sink,10.0,R1,2,0.004913799988571554,2,0,False,20
baseline,train,g010nm_heating_high_localized-sink,10.0,R1,3,0.004348399990703911,2,0,False,20
baseline,train,g010nm_heating_high_localized-sink,10.0,R1,4,0.005354599998099729,2,0,False,20
baseline,train,g010nm_heating_high_localized-sink,10.0,R1,5,0.004903299995930865,2,0,False,20
baseline,train,g010nm_heating_high_localized-sink,10.0,R1,6,0.005975399981252849,2,0,False,20
baseline,train,g010nm_heating_high_localized-sink,10.0,R1,7,0.00539450001087971,2,0,False,20
baseline,train,g010nm_heating_high_localized-sink,10.0,R1,8,0.005006100022001192,2,0,False,20
baseline,train,g010nm_heating_high_localized-sink,10.0,R1,9,0.00684210000326857,2,0,False,20
baseline,train,g010nm_heating_high_localized-sink,10.0,R1,10,0.005472699995152652,2,0,False,20
baseline,train,g010nm_heating_high_localized-sink,10.0,R1,11,0.004370599985122681,2,0,False,20
baseline,train,g010nm_heating_high_localized-sink,10.0,R1,12,0.004732900008093566,2,0,False,20
baseline,train,g010nm_heating_high_localized-sink,10.0,R1,13,0.005141199973877519,2,0,False,20
baseline,train,g010nm_heating_high_localized-sink,10.0,R1,14,0.005342300020856783,2,0,False,20
baseline,train,g010nm_heating_high_localized-sink,10.0,R1,15,0.005240600003162399,2,0,False,20
baseline,train,g010nm_heating_high_localized-sink,10.0,R1,16,0.005171500000869855,2,0,False,20
baseline,train,g010nm_heating_high_localized-sink,10.0,R1,17,0.0050672999932430685,2,0,False,20
baseline,train,g010nm_heating_high_localized-sink,10.0,R1,18,0.004754900000989437,2,0,False,20
baseline,train,g010nm_heating_high_localized-sink,10.0,R1,19,0.005251199996564537,2,0,False,20
baseline,train,g010nm_heating_high_localized-sink,10.0,R2,0,0.010182600002735853,4,0,False,20
baseline,train,g010nm_heating_high_localized-sink,10.0,R2,1,0.010487299994565547,4,0,False,20
baseline,train,g010nm_heating_high_localized-sink,10.0,R2,2,0.011667999991914257,4,0,False,20
baseline,train,g010nm_heating_high_localized-sink,10.0,R2,3,0.01054889999795705,4,0,False,20
baseline,train,g010nm_heating_high_localized-sink,10.0,R2,4,0.012144300009822473,4,0,False,20
baseline,train,g010nm_heating_high_localized-sink,10.0,R2,5,0.011050400004023686,4,0,False,20
baseline,train,g010nm_heating_high_localized-sink,10.0,R2,6,0.014087300020037219,4,0,False,20
baseline,train,g010nm_heating_high_localized-sink,10.0,R2,7,0.012649500014958903,4,0,False,20
baseline,train,g010nm_heating_high_localized-sink,10.0,R2,8,0.01119639998069033,4,0,False,20
baseline,train,g010nm_heating_high_localized-sink,10.0,R2,9,0.010942499997327104,4,0,False,20
baseline,train,g010nm_heating_high_localized-sink,10.0,R2,10,0.010292500024661422,4,0,False,20
baseline,train,g010nm_heating_high_localized-sink,10.0,R2,11,0.012780699995346367,4,0,False,20
baseline,train,g010nm_heating_high_localized-sink,10.0,R2,12,0.011046300001908094,4,0,False,20
baseline,train,g010nm_heating_high_localized-sink,10.0,R2,13,0.013116400019498542,4,0,False,20
baseline,train,g010nm_heating_high_localized-sink,10.0,R2,14,0.011837500002002344,4,0,False,20
baseline,train,g010nm_heating_high_localized-sink,10.0,R2,15,0.012325299991061911,4,0,False,20
baseline,train,g010nm_heating_high_localized-sink,10.0,R2,16,0.01065870001912117,4,0,False,20
baseline,train,g010nm_heating_high_localized-sink,10.0,R2,17,0.011166399985086173,4,0,False,20
baseline,train,g010nm_heating_high_localized-sink,10.0,R2,18,0.010003200004575774,4,0,False,20
baseline,train,g010nm_heating_high_localized-sink,10.0,R2,19,0.014105399983236566,4,0,False,20
baseline,train,g010nm_heating_high_nominal,10.0,COLD,0,0.23296409999602474,85,0,False,10
baseline,train,g010nm_heating_high_nominal,10.0,COLD,1,0.227895800024271,85,0,False,10
baseline,train,g010nm_heating_high_nominal,10.0,COLD,2,0.23959110002033412,85,0,False,10
baseline,train,g010nm_heating_high_nominal,10.0,COLD,3,0.23550650000106543,85,0,False,10
baseline,train,g010nm_heating_high_nominal,10.0,COLD,4,0.2366498000046704,85,0,False,10
baseline,train,g010nm_heating_high_nominal,10.0,COLD,5,0.2228793999820482,85,0,False,10
baseline,train,g010nm_heating_high_nominal,10.0,COLD,6,0.23581419998663478,85,0,False,10
baseline,train,g010nm_heating_high_nominal,10.0,COLD,7,0.22709620001842268,85,0,False,10
baseline,train,g010nm_heating_high_nominal,10.0,COLD,8,0.23999780000303872,85,0,False,10
baseline,train,g010nm_heating_high_nominal,10.0,COLD,9,0.2375101000070572,85,0,False,10
baseline,train,g010nm_heating_high_nominal,10.0,A1,0,0.006532900006277487,2,0,False,20
baseline,train,g010nm_heating_high_nominal,10.0,A1,1,0.006080699997255579,2,0,False,20
baseline,train,g010nm_heating_high_nominal,10.0,A1,2,0.006067899987101555,2,0,False,20
baseline,train,g010nm_heating_high_nominal,10.0,A1,3,0.005420300003606826,2,0,False,20
baseline,train,g010nm_heating_high_nominal,10.0,A1,4,0.0070943000027909875,2,0,False,20
baseline,train,g010nm_heating_high_nominal,10.0,A1,5,0.005865300016012043,2,0,False,20
baseline,train,g010nm_heating_high_nominal,10.0,A1,6,0.006845800002338365,2,0,False,20
baseline,train,g010nm_heating_high_nominal,10.0,A1,7,0.00644639998790808,2,0,False,20
baseline,train,g010nm_heating_high_nominal,10.0,A1,8,0.005933600012212992,2,0,False,20
baseline,train,g010nm_heating_high_nominal,10.0,A1,9,0.007066900026984513,2,0,False,20
baseline,train,g010nm_heating_high_nominal,10.0,A1,10,0.0061649999988731,2,0,False,20
baseline,train,g010nm_heating_high_nominal,10.0,A1,11,0.005440600012661889,2,0,False,20
baseline,train,g010nm_heating_high_nominal,10.0,A1,12,0.004780100018251687,2,0,False,20
baseline,train,g010nm_heating_high_nominal,10.0,A1,13,0.005963200004771352,2,0,False,20
baseline,train,g010nm_heating_high_nominal,10.0,A1,14,0.006576999992830679,2,0,False,20
baseline,train,g010nm_heating_high_nominal,10.0,A1,15,0.005785499990452081,2,0,False,20
baseline,train,g010nm_heating_high_nominal,10.0,A1,16,0.0056576000060886145,2,0,False,20
baseline,train,g010nm_heating_high_nominal,10.0,A1,17,0.006687199987936765,2,0,False,20
baseline,train,g010nm_heating_high_nominal,10.0,A1,18,0.006070300005376339,2,0,False,20
baseline,train,g010nm_heating_high_nominal,10.0,A1,19,0.006904900015797466,2,0,False,20
baseline,train,g010nm_heating_high_nominal,10.0,A2,0,0.011155900021549314,4,0,False,20
baseline,train,g010nm_heating_high_nominal,10.0,A2,1,0.011706499994033948,4,0,False,20
baseline,train,g010nm_heating_high_nominal,10.0,A2,2,0.01137860000017099,4,0,False,20
baseline,train,g010nm_heating_high_nominal,10.0,A2,3,0.010735299991210923,4,0,False,20
baseline,train,g010nm_heating_high_nominal,10.0,A2,4,0.011398600006941706,4,0,False,20
baseline,train,g010nm_heating_high_nominal,10.0,A2,5,0.011295000003883615,4,0,False,20
baseline,train,g010nm_heating_high_nominal,10.0,A2,6,0.010485600010724738,4,0,False,20
baseline,train,g010nm_heating_high_nominal,10.0,A2,7,0.00993420000304468,4,0,False,20
baseline,train,g010nm_heating_high_nominal,10.0,A2,8,0.010491799999726936,4,0,False,20
baseline,train,g010nm_heating_high_nominal,10.0,A2,9,0.010227199993096292,4,0,False,20
baseline,train,g010nm_heating_high_nominal,10.0,A2,10,0.011733499995898455,4,0,False,20
baseline,train,g010nm_heating_high_nominal,10.0,A2,11,0.010825800010934472,4,0,False,20
baseline,train,g010nm_heating_high_nominal,10.0,A2,12,0.010078599996631965,4,0,False,20
baseline,train,g010nm_heating_high_nominal,10.0,A2,13,0.01079189998563379,4,0,False,20
baseline,train,g010nm_heating_high_nominal,10.0,A2,14,0.012197100004414096,4,0,False,20
baseline,train,g010nm_heating_high_nominal,10.0,A2,15,0.010527399979764596,4,0,False,20
baseline,train,g010nm_heating_high_nominal,10.0,A2,16,0.010438900004373863,4,0,False,20
baseline,train,g010nm_heating_high_nominal,10.0,A2,17,0.012017399974865839,4,0,False,20
baseline,train,g010nm_heating_high_nominal,10.0,A2,18,0.010928900010185316,4,0,False,20
baseline,train,g010nm_heating_high_nominal,10.0,A2,19,0.01043490000301972,4,0,False,20
baseline,train,g010nm_heating_high_nominal,10.0,R0,0,0.004003600013675168,1,0,False,20
baseline,train,g010nm_heating_high_nominal,10.0,R0,1,0.004382900020573288,1,0,False,20
baseline,train,g010nm_heating_high_nominal,10.0,R0,2,0.003984600014518946,1,0,False,20
baseline,train,g010nm_heating_high_nominal,10.0,R0,3,0.0029919999942649156,1,0,False,20
baseline,train,g010nm_heating_high_nominal,10.0,R0,4,0.0039428999880328774,1,0,False,20
baseline,train,g010nm_heating_high_nominal,10.0,R0,5,0.004086600005393848,1,0,False,20
baseline,train,g010nm_heating_high_nominal,10.0,R0,6,0.004053500015288591,1,0,False,20
baseline,train,g010nm_heating_high_nominal,10.0,R0,7,0.0027373999764677137,1,0,False,20
baseline,train,g010nm_heating_high_nominal,10.0,R0,8,0.005121099995449185,1,0,False,20
baseline,train,g010nm_heating_high_nominal,10.0,R0,9,0.0044710999936796725,1,0,False,20
baseline,train,g010nm_heating_high_nominal,10.0,R0,10,0.005230899987509474,1,0,False,20
baseline,train,g010nm_heating_high_nominal,10.0,R0,11,0.004338600003393367,1,0,False,20
baseline,train,g010nm_heating_high_nominal,10.0,R0,12,0.0038545999850612134,1,0,False,20
baseline,train,g010nm_heating_high_nominal,10.0,R0,13,0.004085499997017905,1,0,False,20
baseline,train,g010nm_heating_high_nominal,10.0,R0,14,0.0051632999966386706,1,0,False,20
baseline,train,g010nm_heating_high_nominal,10.0,R0,15,0.0045584999897982925,1,0,False,20
baseline,train,g010nm_heating_high_nominal,10.0,R0,16,0.003910800005542114,1,0,False,20
baseline,train,g010nm_heating_high_nominal,10.0,R0,17,0.005197899998165667,1,0,False,20
baseline,train,g010nm_heating_high_nominal,10.0,R0,18,0.004650299990316853,1,0,False,20
baseline,train,g010nm_heating_high_nominal,10.0,R0,19,0.003860199998598546,1,0,False,20
baseline,train,g010nm_heating_high_nominal,10.0,R1,0,0.004489499988267198,2,0,False,20
baseline,train,g010nm_heating_high_nominal,10.0,R1,1,0.005578899988904595,2,0,False,20
baseline,train,g010nm_heating_high_nominal,10.0,R1,2,0.005572399997618049,2,0,False,20
baseline,train,g010nm_heating_high_nominal,10.0,R1,3,0.00480329999118112,2,0,False,20
baseline,train,g010nm_heating_high_nominal,10.0,R1,4,0.005618600000161678,2,0,False,20
baseline,train,g010nm_heating_high_nominal,10.0,R1,5,0.004840600013267249,2,0,False,20
baseline,train,g010nm_heating_high_nominal,10.0,R1,6,0.0065258999820798635,2,0,False,20
baseline,train,g010nm_heating_high_nominal,10.0,R1,7,0.005033699999330565,2,0,False,20
baseline,train,g010nm_heating_high_nominal,10.0,R1,8,0.005111300008138642,2,0,False,20
baseline,train,g010nm_heating_high_nominal,10.0,R1,9,0.005939099995885044,2,0,False,20
baseline,train,g010nm_heating_high_nominal,10.0,R1,10,0.004943000007187948,2,0,False,20
baseline,train,g010nm_heating_high_nominal,10.0,R1,11,0.005693400016753003,2,0,False,20
baseline,train,g010nm_heating_high_nominal,10.0,R1,12,0.005414100014604628,2,0,False,20
baseline,train,g010nm_heating_high_nominal,10.0,R1,13,0.0049439999856986105,2,0,False,20
baseline,train,g010nm_heating_high_nominal,10.0,R1,14,0.005305500002577901,2,0,False,20
baseline,train,g010nm_heating_high_nominal,10.0,R1,15,0.006625599984545261,2,0,False,20
baseline,train,g010nm_heating_high_nominal,10.0,R1,16,0.005238599987933412,2,0,False,20
baseline,train,g010nm_heating_high_nominal,10.0,R1,17,0.0040969999972730875,2,0,False,20
baseline,train,g010nm_heating_high_nominal,10.0,R1,18,0.005480699997860938,2,0,False,20
baseline,train,g010nm_heating_high_nominal,10.0,R1,19,0.005300599994370714,2,0,False,20
baseline,train,g010nm_heating_high_nominal,10.0,R2,0,0.011762900016037747,4,0,False,20
baseline,train,g010nm_heating_high_nominal,10.0,R2,1,0.011522900022100657,4,0,False,20
baseline,train,g010nm_heating_high_nominal,10.0,R2,2,0.012265500001376495,4,0,False,20
baseline,train,g010nm_heating_high_nominal,10.0,R2,3,0.011283700005151331,4,0,False,20
baseline,train,g010nm_heating_high_nominal,10.0,R2,4,0.011334099981468171,4,0,False,20
baseline,train,g010nm_heating_high_nominal,10.0,R2,5,0.009964800003217533,4,0,False,20
baseline,train,g010nm_heating_high_nominal,10.0,R2,6,0.011064300022553653,4,0,False,20
baseline,train,g010nm_heating_high_nominal,10.0,R2,7,0.01253580002230592,4,0,False,20
baseline,train,g010nm_heating_high_nominal,10.0,R2,8,0.010940500011201948,4,0,False,20
baseline,train,g010nm_heating_high_nominal,10.0,R2,9,0.009848999994574115,4,0,False,20
baseline,train,g010nm_heating_high_nominal,10.0,R2,10,0.01106749998871237,4,0,False,20
baseline,train,g010nm_heating_high_nominal,10.0,R2,11,0.011789299984229729,4,0,False,20
baseline,train,g010nm_heating_high_nominal,10.0,R2,12,0.009708199999295175,4,0,False,20
baseline,train,g010nm_heating_high_nominal,10.0,R2,13,0.01091650000307709,4,0,False,20
baseline,train,g010nm_heating_high_nominal,10.0,R2,14,0.009476900013396516,4,0,False,20
baseline,train,g010nm_heating_high_nominal,10.0,R2,15,0.008691499999258667,4,0,False,20
baseline,train,g010nm_heating_high_nominal,10.0,R2,16,0.012038999993819743,4,0,False,20
baseline,train,g010nm_heating_high_nominal,10.0,R2,17,0.010221200005616993,4,0,False,20
baseline,train,g010nm_heating_high_nominal,10.0,R2,18,0.00994160000118427,4,0,False,20
baseline,train,g010nm_heating_high_nominal,10.0,R2,19,0.011159199988469481,4,0,False,20
baseline,train,g010nm_heating_low_localized-sink,10.0,COLD,0,0.23349769998458214,79,0,False,10
baseline,train,g010nm_heating_low_localized-sink,10.0,COLD,1,0.21055789999081753,79,0,False,10
baseline,train,g010nm_heating_low_localized-sink,10.0,COLD,2,0.21122440000181086,79,0,False,10
baseline,train,g010nm_heating_low_localized-sink,10.0,COLD,3,0.22434329998213798,79,0,False,10
baseline,train,g010nm_heating_low_localized-sink,10.0,COLD,4,0.23013929999433458,79,0,False,10
baseline,train,g010nm_heating_low_localized-sink,10.0,COLD,5,0.21920930000487715,79,0,False,10
baseline,train,g010nm_heating_low_localized-sink,10.0,COLD,6,0.22355599998263642,79,0,False,10
baseline,train,g010nm_heating_low_localized-sink,10.0,COLD,7,0.21380779999890365,79,0,False,10
baseline,train,g010nm_heating_low_localized-sink,10.0,COLD,8,0.2155878999910783,79,0,False,10
baseline,train,g010nm_heating_low_localized-sink,10.0,COLD,9,0.21688880000147037,79,0,False,10
baseline,train,g010nm_heating_low_localized-sink,10.0,A1,0,0.0065590000012889504,2,0,False,20
baseline,train,g010nm_heating_low_localized-sink,10.0,A1,1,0.005458100000396371,2,0,False,20
baseline,train,g010nm_heating_low_localized-sink,10.0,A1,2,0.005980400019325316,2,0,False,20
baseline,train,g010nm_heating_low_localized-sink,10.0,A1,3,0.006003199989208952,2,0,False,20
baseline,train,g010nm_heating_low_localized-sink,10.0,A1,4,0.005397600005380809,2,0,False,20
baseline,train,g010nm_heating_low_localized-sink,10.0,A1,5,0.006567500007804483,2,0,False,20
baseline,train,g010nm_heating_low_localized-sink,10.0,A1,6,0.0069703999906778336,2,0,False,20
baseline,train,g010nm_heating_low_localized-sink,10.0,A1,7,0.005450399999972433,2,0,False,20
baseline,train,g010nm_heating_low_localized-sink,10.0,A1,8,0.008688700007041916,2,0,False,20
baseline,train,g010nm_heating_low_localized-sink,10.0,A1,9,0.005546800006413832,2,0,False,20
baseline,train,g010nm_heating_low_localized-sink,10.0,A1,10,0.005037299997638911,2,0,False,20
baseline,train,g010nm_heating_low_localized-sink,10.0,A1,11,0.003142099973047152,2,0,False,20
baseline,train,g010nm_heating_low_localized-sink,10.0,A1,12,0.00566570000955835,2,0,False,20
baseline,train,g010nm_heating_low_localized-sink,10.0,A1,13,0.006452500005252659,2,0,False,20
baseline,train,g010nm_heating_low_localized-sink,10.0,A1,14,0.006194400019012392,2,0,False,20
baseline,train,g010nm_heating_low_localized-sink,10.0,A1,15,0.005397600005380809,2,0,False,20
baseline,train,g010nm_heating_low_localized-sink,10.0,A1,16,0.006863999995402992,2,0,False,20
baseline,train,g010nm_heating_low_localized-sink,10.0,A1,17,0.005618499999400228,2,0,False,20
baseline,train,g010nm_heating_low_localized-sink,10.0,A1,18,0.005582899990258738,2,0,False,20
baseline,train,g010nm_heating_low_localized-sink,10.0,A1,19,0.006353000004310161,2,0,False,20
baseline,train,g010nm_heating_low_localized-sink,10.0,A2,0,0.012061999994330108,4,0,False,20
baseline,train,g010nm_heating_low_localized-sink,10.0,A2,1,0.012716900004306808,4,0,False,20
baseline,train,g010nm_heating_low_localized-sink,10.0,A2,2,0.010502499993890524,4,0,False,20
baseline,train,g010nm_heating_low_localized-sink,10.0,A2,3,0.01163210000959225,4,0,False,20
baseline,train,g010nm_heating_low_localized-sink,10.0,A2,4,0.01130159999593161,4,0,False,20
baseline,train,g010nm_heating_low_localized-sink,10.0,A2,5,0.009156799991615117,4,0,False,20
baseline,train,g010nm_heating_low_localized-sink,10.0,A2,6,0.009406099998159334,4,0,False,20
baseline,train,g010nm_heating_low_localized-sink,10.0,A2,7,0.011976299982052296,4,0,False,20
baseline,train,g010nm_heating_low_localized-sink,10.0,A2,8,0.013385600002948195,4,0,False,20
baseline,train,g010nm_heating_low_localized-sink,10.0,A2,9,0.009784699999727309,4,0,False,20
baseline,train,g010nm_heating_low_localized-sink,10.0,A2,10,0.010746699990704656,4,0,False,20
baseline,train,g010nm_heating_low_localized-sink,10.0,A2,11,0.011380100011592731,4,0,False,20
baseline,train,g010nm_heating_low_localized-sink,10.0,A2,12,0.011900500016054139,4,0,False,20
baseline,train,g010nm_heating_low_localized-sink,10.0,A2,13,0.009590699977707118,4,0,False,20
baseline,train,g010nm_heating_low_localized-sink,10.0,A2,14,0.010399999999208376,4,0,False,20
baseline,train,g010nm_heating_low_localized-sink,10.0,A2,15,0.011638199997832999,4,0,False,20
baseline,train,g010nm_heating_low_localized-sink,10.0,A2,16,0.01082759999553673,4,0,False,20
baseline,train,g010nm_heating_low_localized-sink,10.0,A2,17,0.010370899981353432,4,0,False,20
baseline,train,g010nm_heating_low_localized-sink,10.0,A2,18,0.011181000008946285,4,0,False,20
baseline,train,g010nm_heating_low_localized-sink,10.0,A2,19,0.009432600025320426,4,0,False,20
baseline,train,g010nm_heating_low_localized-sink,10.0,R0,0,0.004302799992728978,1,0,False,20
baseline,train,g010nm_heating_low_localized-sink,10.0,R0,1,0.003835600015008822,1,0,False,20
baseline,train,g010nm_heating_low_localized-sink,10.0,R0,2,0.0033118000137619674,1,0,False,20
baseline,train,g010nm_heating_low_localized-sink,10.0,R0,3,0.004419999982928857,1,0,False,20
baseline,train,g010nm_heating_low_localized-sink,10.0,R0,4,0.0039052999927662313,1,0,False,20
baseline,train,g010nm_heating_low_localized-sink,10.0,R0,5,0.00387740001315251,1,0,False,20
baseline,train,g010nm_heating_low_localized-sink,10.0,R0,6,0.005370099999709055,1,0,False,20
baseline,train,g010nm_heating_low_localized-sink,10.0,R0,7,0.004203599994070828,1,0,False,20
baseline,train,g010nm_heating_low_localized-sink,10.0,R0,8,0.0038966999854892492,1,0,False,20
baseline,train,g010nm_heating_low_localized-sink,10.0,R0,9,0.004544499999610707,1,0,False,20
baseline,train,g010nm_heating_low_localized-sink,10.0,R0,10,0.0043083000055048615,1,0,False,20
baseline,train,g010nm_heating_low_localized-sink,10.0,R0,11,0.004169000021647662,1,0,False,20
baseline,train,g010nm_heating_low_localized-sink,10.0,R0,12,0.0038831999991089106,1,0,False,20
baseline,train,g010nm_heating_low_localized-sink,10.0,R0,13,0.003046800004085526,1,0,False,20
baseline,train,g010nm_heating_low_localized-sink,10.0,R0,14,0.005762499989941716,1,0,False,20
baseline,train,g010nm_heating_low_localized-sink,10.0,R0,15,0.004140800010645762,1,0,False,20
baseline,train,g010nm_heating_low_localized-sink,10.0,R0,16,0.004745900019770488,1,0,False,20
baseline,train,g010nm_heating_low_localized-sink,10.0,R0,17,0.0055265999981202185,1,0,False,20
baseline,train,g010nm_heating_low_localized-sink,10.0,R0,18,0.004481000010855496,1,0,False,20
baseline,train,g010nm_heating_low_localized-sink,10.0,R0,19,0.004399199999170378,1,0,False,20
baseline,train,g010nm_heating_low_localized-sink,10.0,R1,0,0.004950300004566088,2,0,False,20
baseline,train,g010nm_heating_low_localized-sink,10.0,R1,1,0.005159199994523078,2,0,False,20
baseline,train,g010nm_heating_low_localized-sink,10.0,R1,2,0.004854300001170486,2,0,False,20
baseline,train,g010nm_heating_low_localized-sink,10.0,R1,3,0.005026800004998222,2,0,False,20
baseline,train,g010nm_heating_low_localized-sink,10.0,R1,4,0.005095800006529316,2,0,False,20
baseline,train,g010nm_heating_low_localized-sink,10.0,R1,5,0.0058431999932508916,2,0,False,20
baseline,train,g010nm_heating_low_localized-sink,10.0,R1,6,0.004940399987390265,2,0,False,20
baseline,train,g010nm_heating_low_localized-sink,10.0,R1,7,0.0050648000033106655,2,0,False,20
baseline,train,g010nm_heating_low_localized-sink,10.0,R1,8,0.005661100003635511,2,0,False,20
baseline,train,g010nm_heating_low_localized-sink,10.0,R1,9,0.004884199996013194,2,0,False,20
baseline,train,g010nm_heating_low_localized-sink,10.0,R1,10,0.00521080000908114,2,0,False,20
baseline,train,g010nm_heating_low_localized-sink,10.0,R1,11,0.003807900007814169,2,0,False,20
baseline,train,g010nm_heating_low_localized-sink,10.0,R1,12,0.005187900009332225,2,0,False,20
baseline,train,g010nm_heating_low_localized-sink,10.0,R1,13,0.004864900023676455,2,0,False,20
baseline,train,g010nm_heating_low_localized-sink,10.0,R1,14,0.0057271000114269555,2,0,False,20
baseline,train,g010nm_heating_low_localized-sink,10.0,R1,15,0.004958799981977791,2,0,False,20
baseline,train,g010nm_heating_low_localized-sink,10.0,R1,16,0.00491300001158379,2,0,False,20
baseline,train,g010nm_heating_low_localized-sink,10.0,R1,17,0.005912900000112131,2,0,False,20
baseline,train,g010nm_heating_low_localized-sink,10.0,R1,18,0.0050472000148147345,2,0,False,20
baseline,train,g010nm_heating_low_localized-sink,10.0,R1,19,0.004928900016238913,2,0,False,20
baseline,train,g010nm_heating_low_localized-sink,10.0,R2,0,0.01212099997792393,4,0,False,20
baseline,train,g010nm_heating_low_localized-sink,10.0,R2,1,0.009753999998793006,4,0,False,20
baseline,train,g010nm_heating_low_localized-sink,10.0,R2,2,0.013218300009611994,4,0,False,20
baseline,train,g010nm_heating_low_localized-sink,10.0,R2,3,0.011477599997306243,4,0,False,20
baseline,train,g010nm_heating_low_localized-sink,10.0,R2,4,0.01125569999567233,4,0,False,20
baseline,train,g010nm_heating_low_localized-sink,10.0,R2,5,0.01063199999043718,4,0,False,20
baseline,train,g010nm_heating_low_localized-sink,10.0,R2,6,0.010862299997825176,4,0,False,20
baseline,train,g010nm_heating_low_localized-sink,10.0,R2,7,0.009710999991511926,4,0,False,20
baseline,train,g010nm_heating_low_localized-sink,10.0,R2,8,0.012451899994630367,4,0,False,20
baseline,train,g010nm_heating_low_localized-sink,10.0,R2,9,0.005236500001046807,4,0,False,20
baseline,train,g010nm_heating_low_localized-sink,10.0,R2,10,0.011312999995425344,4,0,False,20
baseline,train,g010nm_heating_low_localized-sink,10.0,R2,11,0.010192799993092194,4,0,False,20
baseline,train,g010nm_heating_low_localized-sink,10.0,R2,12,0.00876649998826906,4,0,False,20
baseline,train,g010nm_heating_low_localized-sink,10.0,R2,13,0.009960099996533245,4,0,False,20
baseline,train,g010nm_heating_low_localized-sink,10.0,R2,14,0.00864519999595359,4,0,False,20
baseline,train,g010nm_heating_low_localized-sink,10.0,R2,15,0.009501299995463341,4,0,False,20
baseline,train,g010nm_heating_low_localized-sink,10.0,R2,16,0.010022100002970546,4,0,False,20
baseline,train,g010nm_heating_low_localized-sink,10.0,R2,17,0.010167600004933774,4,0,False,20
baseline,train,g010nm_heating_low_localized-sink,10.0,R2,18,0.01001120000728406,4,0,False,20
baseline,train,g010nm_heating_low_localized-sink,10.0,R2,19,0.009064100013347343,4,0,False,20
baseline,train,g010nm_heating_low_nominal,10.0,COLD,0,0.1645350999897346,59,0,False,10
baseline,train,g010nm_heating_low_nominal,10.0,COLD,1,0.16163249997771345,59,0,False,10
baseline,train,g010nm_heating_low_nominal,10.0,COLD,2,0.16543240001192316,59,0,False,10
baseline,train,g010nm_heating_low_nominal,10.0,COLD,3,0.1720227000187151,59,0,False,10
baseline,train,g010nm_heating_low_nominal,10.0,COLD,4,0.18557659999351017,59,0,False,10
baseline,train,g010nm_heating_low_nominal,10.0,COLD,5,0.17737069999566302,59,0,False,10
baseline,train,g010nm_heating_low_nominal,10.0,COLD,6,0.16119110002182424,59,0,False,10
baseline,train,g010nm_heating_low_nominal,10.0,COLD,7,0.16520180000225082,59,0,False,10
baseline,train,g010nm_heating_low_nominal,10.0,COLD,8,0.1625847999821417,59,0,False,10
baseline,train,g010nm_heating_low_nominal,10.0,COLD,9,0.16293369999038987,59,0,False,10
baseline,train,g010nm_heating_low_nominal,10.0,A1,0,0.0065092000004369766,2,0,False,20
baseline,train,g010nm_heating_low_nominal,10.0,A1,1,0.007280199992237613,2,0,False,20
baseline,train,g010nm_heating_low_nominal,10.0,A1,2,0.00549519999185577,2,0,False,20
baseline,train,g010nm_heating_low_nominal,10.0,A1,3,0.005849700013641268,2,0,False,20
baseline,train,g010nm_heating_low_nominal,10.0,A1,4,0.005181599990464747,2,0,False,20
baseline,train,g010nm_heating_low_nominal,10.0,A1,5,0.005563099985010922,2,0,False,20
baseline,train,g010nm_heating_low_nominal,10.0,A1,6,0.0068100999924354255,2,0,False,20
baseline,train,g010nm_heating_low_nominal,10.0,A1,7,0.005522499996004626,2,0,False,20
baseline,train,g010nm_heating_low_nominal,10.0,A1,8,0.005595099995844066,2,0,False,20
baseline,train,g010nm_heating_low_nominal,10.0,A1,9,0.006683299987344071,2,0,False,20
baseline,train,g010nm_heating_low_nominal,10.0,A1,10,0.005414100014604628,2,0,False,20
baseline,train,g010nm_heating_low_nominal,10.0,A1,11,0.005789900023955852,2,0,False,20
baseline,train,g010nm_heating_low_nominal,10.0,A1,12,0.0071496000164188445,2,0,False,20
baseline,train,g010nm_heating_low_nominal,10.0,A1,13,0.005404999974416569,2,0,False,20
baseline,train,g010nm_heating_low_nominal,10.0,A1,14,0.005578600015724078,2,0,False,20
baseline,train,g010nm_heating_low_nominal,10.0,A1,15,0.0059563000104390085,2,0,False,20
baseline,train,g010nm_heating_low_nominal,10.0,A1,16,0.005432899983134121,2,0,False,20
baseline,train,g010nm_heating_low_nominal,10.0,A1,17,0.005552599992370233,2,0,False,20
baseline,train,g010nm_heating_low_nominal,10.0,A1,18,0.005919499992160127,2,0,False,20
baseline,train,g010nm_heating_low_nominal,10.0,A1,19,0.005448000010801479,2,0,False,20
baseline,train,g010nm_heating_low_nominal,10.0,A2,0,0.01238909998210147,4,0,False,20
baseline,train,g010nm_heating_low_nominal,10.0,A2,1,0.013504400005331263,4,0,False,20
baseline,train,g010nm_heating_low_nominal,10.0,A2,2,0.013886600005207583,4,0,False,20
baseline,train,g010nm_heating_low_nominal,10.0,A2,3,0.013001399987842888,4,0,False,20
baseline,train,g010nm_heating_low_nominal,10.0,A2,4,0.0114054000005126,4,0,False,20
baseline,train,g010nm_heating_low_nominal,10.0,A2,5,0.011541000014403835,4,0,False,20
baseline,train,g010nm_heating_low_nominal,10.0,A2,6,0.01159049998386763,4,0,False,20
baseline,train,g010nm_heating_low_nominal,10.0,A2,7,0.012782400008291006,4,0,False,20
baseline,train,g010nm_heating_low_nominal,10.0,A2,8,0.01117440001689829,4,0,False,20
baseline,train,g010nm_heating_low_nominal,10.0,A2,9,0.011844499997096136,4,0,False,20
baseline,train,g010nm_heating_low_nominal,10.0,A2,10,0.01114469999447465,4,0,False,20
baseline,train,g010nm_heating_low_nominal,10.0,A2,11,0.010695899982238188,4,0,False,20
baseline,train,g010nm_heating_low_nominal,10.0,A2,12,0.010730799986049533,4,0,False,20
baseline,train,g010nm_heating_low_nominal,10.0,A2,13,0.010316200001398101,4,0,False,20
baseline,train,g010nm_heating_low_nominal,10.0,A2,14,0.012250699975993484,4,0,False,20
baseline,train,g010nm_heating_low_nominal,10.0,A2,15,0.010839800001122057,4,0,False,20
baseline,train,g010nm_heating_low_nominal,10.0,A2,16,0.011470900004496798,4,0,False,20
baseline,train,g010nm_heating_low_nominal,10.0,A2,17,0.01168389999656938,4,0,False,20
baseline,train,g010nm_heating_low_nominal,10.0,A2,18,0.010047899995697662,4,0,False,20
baseline,train,g010nm_heating_low_nominal,10.0,A2,19,0.011094599991338328,4,0,False,20
baseline,train,g010nm_heating_low_nominal,10.0,R0,0,0.004605900001479313,1,0,False,20
baseline,train,g010nm_heating_low_nominal,10.0,R0,1,0.004097099998034537,1,0,False,20
baseline,train,g010nm_heating_low_nominal,10.0,R0,2,0.0039579999865964055,1,0,False,20
baseline,train,g010nm_heating_low_nominal,10.0,R0,3,0.004863500013016164,1,0,False,20
baseline,train,g010nm_heating_low_nominal,10.0,R0,4,0.004266300005838275,1,0,False,20
baseline,train,g010nm_heating_low_nominal,10.0,R0,5,0.004438300005858764,1,0,False,20
baseline,train,g010nm_heating_low_nominal,10.0,R0,6,0.004918100021313876,1,0,False,20
baseline,train,g010nm_heating_low_nominal,10.0,R0,7,0.004416600015247241,1,0,False,20
baseline,train,g010nm_heating_low_nominal,10.0,R0,8,0.0041006999963428825,1,0,False,20
baseline,train,g010nm_heating_low_nominal,10.0,R0,9,0.0039935000240802765,1,0,False,20
baseline,train,g010nm_heating_low_nominal,10.0,R0,10,0.002577400009613484,1,0,False,20
baseline,train,g010nm_heating_low_nominal,10.0,R0,11,0.004276699997717515,1,0,False,20
baseline,train,g010nm_heating_low_nominal,10.0,R0,12,0.004237699991790578,1,0,False,20
baseline,train,g010nm_heating_low_nominal,10.0,R0,13,0.003993999998783693,1,0,False,20
baseline,train,g010nm_heating_low_nominal,10.0,R0,14,0.004883099987637252,1,0,False,20
baseline,train,g010nm_heating_low_nominal,10.0,R0,15,0.004347299982327968,1,0,False,20
baseline,train,g010nm_heating_low_nominal,10.0,R0,16,0.004420500015839934,1,0,False,20
baseline,train,g010nm_heating_low_nominal,10.0,R0,17,0.004422800004249439,1,0,False,20
baseline,train,g010nm_heating_low_nominal,10.0,R0,18,0.004867500014370307,1,0,False,20
baseline,train,g010nm_heating_low_nominal,10.0,R0,19,0.004258699977071956,1,0,False,20
baseline,train,g010nm_heating_low_nominal,10.0,R1,0,0.004454599984455854,2,0,False,20
baseline,train,g010nm_heating_low_nominal,10.0,R1,1,0.004921399988234043,2,0,False,20
baseline,train,g010nm_heating_low_nominal,10.0,R1,2,0.005449100019177422,2,0,False,20
baseline,train,g010nm_heating_low_nominal,10.0,R1,3,0.005661700008204207,2,0,False,20
baseline,train,g010nm_heating_low_nominal,10.0,R1,4,0.004880699998466298,2,0,False,20
baseline,train,g010nm_heating_low_nominal,10.0,R1,5,0.005514399992534891,2,0,False,20
baseline,train,g010nm_heating_low_nominal,10.0,R1,6,0.004147100000409409,2,0,False,20
baseline,train,g010nm_heating_low_nominal,10.0,R1,7,0.004888099996605888,2,0,False,20
baseline,train,g010nm_heating_low_nominal,10.0,R1,8,0.005211699986830354,2,0,False,20
baseline,train,g010nm_heating_low_nominal,10.0,R1,9,0.007715200015809387,2,0,False,20
baseline,train,g010nm_heating_low_nominal,10.0,R1,10,0.004974500014213845,2,0,False,20
baseline,train,g010nm_heating_low_nominal,10.0,R1,11,0.006326599977910519,2,0,False,20
baseline,train,g010nm_heating_low_nominal,10.0,R1,12,0.00547160001588054,2,0,False,20
baseline,train,g010nm_heating_low_nominal,10.0,R1,13,0.004894400015473366,2,0,False,20
baseline,train,g010nm_heating_low_nominal,10.0,R1,14,0.004568200005451217,2,0,False,20
baseline,train,g010nm_heating_low_nominal,10.0,R1,15,0.00572200000169687,2,0,False,20
baseline,train,g010nm_heating_low_nominal,10.0,R1,16,0.004949199996190146,2,0,False,20
baseline,train,g010nm_heating_low_nominal,10.0,R1,17,0.006086000008508563,2,0,False,20
baseline,train,g010nm_heating_low_nominal,10.0,R1,18,0.005125600000610575,2,0,False,20
baseline,train,g010nm_heating_low_nominal,10.0,R1,19,0.004883000015979633,2,0,False,20
baseline,train,g010nm_heating_low_nominal,10.0,R2,0,0.010521100019104779,4,0,False,20
baseline,train,g010nm_heating_low_nominal,10.0,R2,1,0.010429899994051084,4,0,False,20
baseline,train,g010nm_heating_low_nominal,10.0,R2,2,0.01114909999887459,4,0,False,20
baseline,train,g010nm_heating_low_nominal,10.0,R2,3,0.011108500009868294,4,0,False,20
baseline,train,g010nm_heating_low_nominal,10.0,R2,4,0.009935400012182072,4,0,False,20
baseline,train,g010nm_heating_low_nominal,10.0,R2,5,0.011957799986703321,4,0,False,20
baseline,train,g010nm_heating_low_nominal,10.0,R2,6,0.011163499992107973,4,0,False,20
baseline,train,g010nm_heating_low_nominal,10.0,R2,7,0.009354299982078373,4,0,False,20
baseline,train,g010nm_heating_low_nominal,10.0,R2,8,0.009921199991367757,4,0,False,20
baseline,train,g010nm_heating_low_nominal,10.0,R2,9,0.008669400005601346,4,0,False,20
baseline,train,g010nm_heating_low_nominal,10.0,R2,10,0.010409399983473122,4,0,False,20
baseline,train,g010nm_heating_low_nominal,10.0,R2,11,0.010931099997833371,4,0,False,20
baseline,train,g010nm_heating_low_nominal,10.0,R2,12,0.01056980001158081,4,0,False,20
baseline,train,g010nm_heating_low_nominal,10.0,R2,13,0.01886539999395609,4,0,False,20
baseline,train,g010nm_heating_low_nominal,10.0,R2,14,0.00954160001128912,4,0,False,20
baseline,train,g010nm_heating_low_nominal,10.0,R2,15,0.010705799999414012,4,0,False,20
baseline,train,g010nm_heating_low_nominal,10.0,R2,16,0.012129300012020394,4,0,False,20
baseline,train,g010nm_heating_low_nominal,10.0,R2,17,0.010802099975990131,4,0,False,20
baseline,train,g010nm_heating_low_nominal,10.0,R2,18,0.009700199996586889,4,0,False,20
baseline,train,g010nm_heating_low_nominal,10.0,R2,19,0.01087199998437427,4,0,False,20
baseline,train,g010nm_heating_near-transition_localized-sink,10.0,COLD,0,0.21753319998970255,79,0,False,10
baseline,train,g010nm_heating_near-transition_localized-sink,10.0,COLD,1,0.21841889998177066,79,0,False,10
baseline,train,g010nm_heating_near-transition_localized-sink,10.0,COLD,2,0.21778300000005402,79,0,False,10
baseline,train,g010nm_heating_near-transition_localized-sink,10.0,COLD,3,0.21125669998582453,79,0,False,10
baseline,train,g010nm_heating_near-transition_localized-sink,10.0,COLD,4,0.21682249999139458,79,0,False,10
baseline,train,g010nm_heating_near-transition_localized-sink,10.0,COLD,5,0.2074055999983102,79,0,False,10
baseline,train,g010nm_heating_near-transition_localized-sink,10.0,COLD,6,0.2344839999859687,79,0,False,10
baseline,train,g010nm_heating_near-transition_localized-sink,10.0,COLD,7,0.23806380000314675,79,0,False,10
baseline,train,g010nm_heating_near-transition_localized-sink,10.0,COLD,8,0.22199940000427887,79,0,False,10
baseline,train,g010nm_heating_near-transition_localized-sink,10.0,COLD,9,0.23073089998797514,79,0,False,10
baseline,train,g010nm_heating_near-transition_localized-sink,10.0,A1,0,0.006020900007570162,2,0,False,20
baseline,train,g010nm_heating_near-transition_localized-sink,10.0,A1,1,0.005464400019263849,2,0,False,20
baseline,train,g010nm_heating_near-transition_localized-sink,10.0,A1,2,0.0064919000142253935,2,0,False,20
baseline,train,g010nm_heating_near-transition_localized-sink,10.0,A1,3,0.006222299998626113,2,0,False,20
baseline,train,g010nm_heating_near-transition_localized-sink,10.0,A1,4,0.007389700011117384,2,0,False,20
baseline,train,g010nm_heating_near-transition_localized-sink,10.0,A1,5,0.00603160000173375,2,0,False,20
baseline,train,g010nm_heating_near-transition_localized-sink,10.0,A1,6,0.006234200001927093,2,0,False,20
baseline,train,g010nm_heating_near-transition_localized-sink,10.0,A1,7,0.00571610001497902,2,0,False,20
baseline,train,g010nm_heating_near-transition_localized-sink,10.0,A1,8,0.005939100024988875,2,0,False,20
baseline,train,g010nm_heating_near-transition_localized-sink,10.0,A1,9,0.0065774999966379255,2,0,False,20
baseline,train,g010nm_heating_near-transition_localized-sink,10.0,A1,10,0.005543600011151284,2,0,False,20
baseline,train,g010nm_heating_near-transition_localized-sink,10.0,A1,11,0.005649700004141778,2,0,False,20
baseline,train,g010nm_heating_near-transition_localized-sink,10.0,A1,12,0.005805499997222796,2,0,False,20
baseline,train,g010nm_heating_near-transition_localized-sink,10.0,A1,13,0.005386000004364178,2,0,False,20
baseline,train,g010nm_heating_near-transition_localized-sink,10.0,A1,14,0.007117500004824251,2,0,False,20
baseline,train,g010nm_heating_near-transition_localized-sink,10.0,A1,15,0.005449799995403737,2,0,False,20
baseline,train,g010nm_heating_near-transition_localized-sink,10.0,A1,16,0.005419799999799579,2,0,False,20
baseline,train,g010nm_heating_near-transition_localized-sink,10.0,A1,17,0.007733500009635463,2,0,False,20
baseline,train,g010nm_heating_near-transition_localized-sink,10.0,A1,18,0.00550709999515675,2,0,False,20
baseline,train,g010nm_heating_near-transition_localized-sink,10.0,A1,19,0.006464999984018505,2,0,False,20
baseline,train,g010nm_heating_near-transition_localized-sink,10.0,A2,0,0.011897200020030141,4,0,False,20
baseline,train,g010nm_heating_near-transition_localized-sink,10.0,A2,1,0.011339600023347884,4,0,False,20
baseline,train,g010nm_heating_near-transition_localized-sink,10.0,A2,2,0.010343300004024059,4,0,False,20
baseline,train,g010nm_heating_near-transition_localized-sink,10.0,A2,3,0.010542500007431954,4,0,False,20
baseline,train,g010nm_heating_near-transition_localized-sink,10.0,A2,4,0.010938300023553893,4,0,False,20
baseline,train,g010nm_heating_near-transition_localized-sink,10.0,A2,5,0.009150600002612919,4,0,False,20
baseline,train,g010nm_heating_near-transition_localized-sink,10.0,A2,6,0.011201899993466213,4,0,False,20
baseline,train,g010nm_heating_near-transition_localized-sink,10.0,A2,7,0.010994799988111481,4,0,False,20
baseline,train,g010nm_heating_near-transition_localized-sink,10.0,A2,8,0.01242630000342615,4,0,False,20
baseline,train,g010nm_heating_near-transition_localized-sink,10.0,A2,9,0.010680399980628863,4,0,False,20
baseline,train,g010nm_heating_near-transition_localized-sink,10.0,A2,10,0.01037259999429807,4,0,False,20
baseline,train,g010nm_heating_near-transition_localized-sink,10.0,A2,11,0.011304199986625463,4,0,False,20
baseline,train,g010nm_heating_near-transition_localized-sink,10.0,A2,12,0.011185700015630573,4,0,False,20
baseline,train,g010nm_heating_near-transition_localized-sink,10.0,A2,13,0.010155800002394244,4,0,False,20
baseline,train,g010nm_heating_near-transition_localized-sink,10.0,A2,14,0.01184089999878779,4,0,False,20
baseline,train,g010nm_heating_near-transition_localized-sink,10.0,A2,15,0.00990599999204278,4,0,False,20
baseline,train,g010nm_heating_near-transition_localized-sink,10.0,A2,16,0.010664400004316121,4,0,False,20
baseline,train,g010nm_heating_near-transition_localized-sink,10.0,A2,17,0.01170630002161488,4,0,False,20
baseline,train,g010nm_heating_near-transition_localized-sink,10.0,A2,18,0.011744399991584942,4,0,False,20
baseline,train,g010nm_heating_near-transition_localized-sink,10.0,A2,19,0.01027189998421818,4,0,False,20
baseline,train,g010nm_heating_near-transition_localized-sink,10.0,R0,0,0.004383299994515255,1,0,False,20
baseline,train,g010nm_heating_near-transition_localized-sink,10.0,R0,1,0.004112299997359514,1,0,False,20
baseline,train,g010nm_heating_near-transition_localized-sink,10.0,R0,2,0.005393700004788116,1,0,False,20
baseline,train,g010nm_heating_near-transition_localized-sink,10.0,R0,3,0.004133300011744723,1,0,False,20
baseline,train,g010nm_heating_near-transition_localized-sink,10.0,R0,4,0.0038721999735571444,1,0,False,20
baseline,train,g010nm_heating_near-transition_localized-sink,10.0,R0,5,0.0038117000076454133,1,0,False,20
baseline,train,g010nm_heating_near-transition_localized-sink,10.0,R0,6,0.0032561999978497624,1,0,False,20
baseline,train,g010nm_heating_near-transition_localized-sink,10.0,R0,7,0.004158899973845109,1,0,False,20
baseline,train,g010nm_heating_near-transition_localized-sink,10.0,R0,8,0.003930600010789931,1,0,False,20
baseline,train,g010nm_heating_near-transition_localized-sink,10.0,R0,9,0.004067099973326549,1,0,False,20
baseline,train,g010nm_heating_near-transition_localized-sink,10.0,R0,10,0.0047851999988779426,1,0,False,20
baseline,train,g010nm_heating_near-transition_localized-sink,10.0,R0,11,0.00410700001521036,1,0,False,20
baseline,train,g010nm_heating_near-transition_localized-sink,10.0,R0,12,0.003859699994791299,1,0,False,20
baseline,train,g010nm_heating_near-transition_localized-sink,10.0,R0,13,0.0047587000008206815,1,0,False,20
baseline,train,g010nm_heating_near-transition_localized-sink,10.0,R0,14,0.00541819998761639,1,0,False,20
baseline,train,g010nm_heating_near-transition_localized-sink,10.0,R0,15,0.0040760000119917095,1,0,False,20
baseline,train,g010nm_heating_near-transition_localized-sink,10.0,R0,16,0.004162400000495836,1,0,False,20
baseline,train,g010nm_heating_near-transition_localized-sink,10.0,R0,17,0.004401000012876466,1,0,False,20
baseline,train,g010nm_heating_near-transition_localized-sink,10.0,R0,18,0.004054999997606501,1,0,False,20
baseline,train,g010nm_heating_near-transition_localized-sink,10.0,R0,19,0.003988400014350191,1,0,False,20
baseline,train,g010nm_heating_near-transition_localized-sink,10.0,R1,0,0.005184500012546778,2,0,False,20
baseline,train,g010nm_heating_near-transition_localized-sink,10.0,R1,1,0.005126700008986518,2,0,False,20
baseline,train,g010nm_heating_near-transition_localized-sink,10.0,R1,2,0.005481200001668185,2,0,False,20
baseline,train,g010nm_heating_near-transition_localized-sink,10.0,R1,3,0.0048365000111516565,2,0,False,20
baseline,train,g010nm_heating_near-transition_localized-sink,10.0,R1,4,0.005168500007130206,2,0,False,20
baseline,train,g010nm_heating_near-transition_localized-sink,10.0,R1,5,0.005723900016164407,2,0,False,20
baseline,train,g010nm_heating_near-transition_localized-sink,10.0,R1,6,0.004961300001014024,2,0,False,20
baseline,train,g010nm_heating_near-transition_localized-sink,10.0,R1,7,0.005634300003293902,2,0,False,20
baseline,train,g010nm_heating_near-transition_localized-sink,10.0,R1,8,0.005921000003581867,2,0,False,20
baseline,train,g010nm_heating_near-transition_localized-sink,10.0,R1,9,0.004838799999561161,2,0,False,20
baseline,train,g010nm_heating_near-transition_localized-sink,10.0,R1,10,0.005417100008344278,2,0,False,20
baseline,train,g010nm_heating_near-transition_localized-sink,10.0,R1,11,0.004115099989576265,2,0,False,20
baseline,train,g010nm_heating_near-transition_localized-sink,10.0,R1,12,0.005593899986706674,2,0,False,20
baseline,train,g010nm_heating_near-transition_localized-sink,10.0,R1,13,0.005481700005475432,2,0,False,20
baseline,train,g010nm_heating_near-transition_localized-sink,10.0,R1,14,0.007161699992138892,2,0,False,20
baseline,train,g010nm_heating_near-transition_localized-sink,10.0,R1,15,0.005088999983854592,2,0,False,20
baseline,train,g010nm_heating_near-transition_localized-sink,10.0,R1,16,0.004608599992934614,2,0,False,20
baseline,train,g010nm_heating_near-transition_localized-sink,10.0,R1,17,0.006087799993110821,2,0,False,20
baseline,train,g010nm_heating_near-transition_localized-sink,10.0,R1,18,0.004885300004389137,2,0,False,20
baseline,train,g010nm_heating_near-transition_localized-sink,10.0,R1,19,0.005083799973363057,2,0,False,20
baseline,train,g010nm_heating_near-transition_localized-sink,10.0,R2,0,0.011116599984234199,4,0,False,20
baseline,train,g010nm_heating_near-transition_localized-sink,10.0,R2,1,0.009604399994714186,4,0,False,20
baseline,train,g010nm_heating_near-transition_localized-sink,10.0,R2,2,0.011188799981027842,4,0,False,20
baseline,train,g010nm_heating_near-transition_localized-sink,10.0,R2,3,0.010809400002472103,4,0,False,20
baseline,train,g010nm_heating_near-transition_localized-sink,10.0,R2,4,0.01023339998209849,4,0,False,20
baseline,train,g010nm_heating_near-transition_localized-sink,10.0,R2,5,0.010011700011091307,4,0,False,20
baseline,train,g010nm_heating_near-transition_localized-sink,10.0,R2,6,0.008510600018780679,4,0,False,20
baseline,train,g010nm_heating_near-transition_localized-sink,10.0,R2,7,0.009926300001097843,4,0,False,20
baseline,train,g010nm_heating_near-transition_localized-sink,10.0,R2,8,0.00872360001085326,4,0,False,20
baseline,train,g010nm_heating_near-transition_localized-sink,10.0,R2,9,0.009668499988038093,4,0,False,20
baseline,train,g010nm_heating_near-transition_localized-sink,10.0,R2,10,0.008809299994027242,4,0,False,20
baseline,train,g010nm_heating_near-transition_localized-sink,10.0,R2,11,0.010898899985477328,4,0,False,20
baseline,train,g010nm_heating_near-transition_localized-sink,10.0,R2,12,0.009841099992627278,4,0,False,20
baseline,train,g010nm_heating_near-transition_localized-sink,10.0,R2,13,0.012939100008225068,4,0,False,20
baseline,train,g010nm_heating_near-transition_localized-sink,10.0,R2,14,0.010487200022907928,4,0,False,20
baseline,train,g010nm_heating_near-transition_localized-sink,10.0,R2,15,0.009825000015553087,4,0,False,20
baseline,train,g010nm_heating_near-transition_localized-sink,10.0,R2,16,0.009329000022262335,4,0,False,20
baseline,train,g010nm_heating_near-transition_localized-sink,10.0,R2,17,0.009778900013770908,4,0,False,20
baseline,train,g010nm_heating_near-transition_localized-sink,10.0,R2,18,0.009998599998652935,4,0,False,20
baseline,train,g010nm_heating_near-transition_localized-sink,10.0,R2,19,0.010078899998916313,4,0,False,20
baseline,train,g010nm_heating_near-transition_nominal,10.0,COLD,0,0.20194400000036694,67,0,False,10
baseline,train,g010nm_heating_near-transition_nominal,10.0,COLD,1,0.18536130001302809,67,0,False,10
baseline,train,g010nm_heating_near-transition_nominal,10.0,COLD,2,0.18288350000511855,67,0,False,10
baseline,train,g010nm_heating_near-transition_nominal,10.0,COLD,3,0.18386170000303537,67,0,False,10
baseline,train,g010nm_heating_near-transition_nominal,10.0,COLD,4,0.17998980000265874,67,0,False,10
baseline,train,g010nm_heating_near-transition_nominal,10.0,COLD,5,0.1818947000137996,67,0,False,10
baseline,train,g010nm_heating_near-transition_nominal,10.0,COLD,6,0.18328110000584275,67,0,False,10
baseline,train,g010nm_heating_near-transition_nominal,10.0,COLD,7,0.18199029998504557,67,0,False,10
baseline,train,g010nm_heating_near-transition_nominal,10.0,COLD,8,0.19306600000709295,67,0,False,10
baseline,train,g010nm_heating_near-transition_nominal,10.0,COLD,9,0.18458150001242757,67,0,False,10
baseline,train,g010nm_heating_near-transition_nominal,10.0,A1,0,0.005570300010731444,2,0,False,20
baseline,train,g010nm_heating_near-transition_nominal,10.0,A1,1,0.005535700009204447,2,0,False,20
baseline,train,g010nm_heating_near-transition_nominal,10.0,A1,2,0.005880599986994639,2,0,False,20
baseline,train,g010nm_heating_near-transition_nominal,10.0,A1,3,0.005669899983331561,2,0,False,20
baseline,train,g010nm_heating_near-transition_nominal,10.0,A1,4,0.004495600005611777,2,0,False,20
baseline,train,g010nm_heating_near-transition_nominal,10.0,A1,5,0.005699799978174269,2,0,False,20
baseline,train,g010nm_heating_near-transition_nominal,10.0,A1,6,0.005342799995560199,2,0,False,20
baseline,train,g010nm_heating_near-transition_nominal,10.0,A1,7,0.005076900008134544,2,0,False,20
baseline,train,g010nm_heating_near-transition_nominal,10.0,A1,8,0.006106099986936897,2,0,False,20
baseline,train,g010nm_heating_near-transition_nominal,10.0,A1,9,0.006994099996518344,2,0,False,20
baseline,train,g010nm_heating_near-transition_nominal,10.0,A1,10,0.00565379997715354,2,0,False,20
baseline,train,g010nm_heating_near-transition_nominal,10.0,A1,11,0.005780300009064376,2,0,False,20
baseline,train,g010nm_heating_near-transition_nominal,10.0,A1,12,0.006640399980824441,2,0,False,20
baseline,train,g010nm_heating_near-transition_nominal,10.0,A1,13,0.005921700008912012,2,0,False,20
baseline,train,g010nm_heating_near-transition_nominal,10.0,A1,14,0.008428000001003966,2,0,False,20
baseline,train,g010nm_heating_near-transition_nominal,10.0,A1,15,0.005585800012340769,2,0,False,20
baseline,train,g010nm_heating_near-transition_nominal,10.0,A1,16,0.006917799997609109,2,0,False,20
baseline,train,g010nm_heating_near-transition_nominal,10.0,A1,17,0.006124400009866804,2,0,False,20
baseline,train,g010nm_heating_near-transition_nominal,10.0,A1,18,0.0055293999903369695,2,0,False,20
baseline,train,g010nm_heating_near-transition_nominal,10.0,A1,19,0.005831899994518608,2,0,False,20
baseline,train,g010nm_heating_near-transition_nominal,10.0,A2,0,0.01283809999586083,4,0,False,20
baseline,train,g010nm_heating_near-transition_nominal,10.0,A2,1,0.013418699993053451,4,0,False,20
baseline,train,g010nm_heating_near-transition_nominal,10.0,A2,2,0.010881499998504296,4,0,False,20
baseline,train,g010nm_heating_near-transition_nominal,10.0,A2,3,0.012234900001203641,4,0,False,20
baseline,train,g010nm_heating_near-transition_nominal,10.0,A2,4,0.01130469999043271,4,0,False,20
baseline,train,g010nm_heating_near-transition_nominal,10.0,A2,5,0.010528600018005818,4,0,False,20
baseline,train,g010nm_heating_near-transition_nominal,10.0,A2,6,0.011633399990387261,4,0,False,20
baseline,train,g010nm_heating_near-transition_nominal,10.0,A2,7,0.012464899977203459,4,0,False,20
baseline,train,g010nm_heating_near-transition_nominal,10.0,A2,8,0.011811000003945082,4,0,False,20
baseline,train,g010nm_heating_near-transition_nominal,10.0,A2,9,0.009667300008004531,4,0,False,20
baseline,train,g010nm_heating_near-transition_nominal,10.0,A2,10,0.011256100027821958,4,0,False,20
baseline,train,g010nm_heating_near-transition_nominal,10.0,A2,11,0.012436300021363422,4,0,False,20
baseline,train,g010nm_heating_near-transition_nominal,10.0,A2,12,0.011969000013777986,4,0,False,20
baseline,train,g010nm_heating_near-transition_nominal,10.0,A2,13,0.016220100020291284,4,0,False,20
baseline,train,g010nm_heating_near-transition_nominal,10.0,A2,14,0.010561900009633973,4,0,False,20
baseline,train,g010nm_heating_near-transition_nominal,10.0,A2,15,0.01117129999329336,4,0,False,20
baseline,train,g010nm_heating_near-transition_nominal,10.0,A2,16,0.013911200017901137,4,0,False,20
baseline,train,g010nm_heating_near-transition_nominal,10.0,A2,17,0.011365400016075,4,0,False,20
baseline,train,g010nm_heating_near-transition_nominal,10.0,A2,18,0.011819300008937716,4,0,False,20
baseline,train,g010nm_heating_near-transition_nominal,10.0,A2,19,0.011649599997326732,4,0,False,20
baseline,train,g010nm_heating_near-transition_nominal,10.0,R0,0,0.0034434000262990594,1,0,False,20
baseline,train,g010nm_heating_near-transition_nominal,10.0,R0,1,0.004752000008011237,1,0,False,20
baseline,train,g010nm_heating_near-transition_nominal,10.0,R0,2,0.00465069999336265,1,0,False,20
baseline,train,g010nm_heating_near-transition_nominal,10.0,R0,3,0.004764300014358014,1,0,False,20
baseline,train,g010nm_heating_near-transition_nominal,10.0,R0,4,0.0031712999916635454,1,0,False,20
baseline,train,g010nm_heating_near-transition_nominal,10.0,R0,5,0.00522720001754351,1,0,False,20
baseline,train,g010nm_heating_near-transition_nominal,10.0,R0,6,0.0042323000088799745,1,0,False,20
baseline,train,g010nm_heating_near-transition_nominal,10.0,R0,7,0.004587500006891787,1,0,False,20
baseline,train,g010nm_heating_near-transition_nominal,10.0,R0,8,0.004539200017461553,1,0,False,20
baseline,train,g010nm_heating_near-transition_nominal,10.0,R0,9,0.0047488000127486885,1,0,False,20
baseline,train,g010nm_heating_near-transition_nominal,10.0,R0,10,0.004499000002397224,1,0,False,20
baseline,train,g010nm_heating_near-transition_nominal,10.0,R0,11,0.0046045000199228525,1,0,False,20
baseline,train,g010nm_heating_near-transition_nominal,10.0,R0,12,0.004378900019219145,1,0,False,20
baseline,train,g010nm_heating_near-transition_nominal,10.0,R0,13,0.004276400024536997,1,0,False,20
baseline,train,g010nm_heating_near-transition_nominal,10.0,R0,14,0.00370110000949353,1,0,False,20
baseline,train,g010nm_heating_near-transition_nominal,10.0,R0,15,0.0034189999860245734,1,0,False,20
baseline,train,g010nm_heating_near-transition_nominal,10.0,R0,16,0.005113399995025247,1,0,False,20
baseline,train,g010nm_heating_near-transition_nominal,10.0,R0,17,0.005338999995728955,1,0,False,20
baseline,train,g010nm_heating_near-transition_nominal,10.0,R0,18,0.0037694000056944788,1,0,False,20
baseline,train,g010nm_heating_near-transition_nominal,10.0,R0,19,0.00396920001367107,1,0,False,20
baseline,train,g010nm_heating_near-transition_nominal,10.0,R1,0,0.004538300010608509,2,0,False,20
baseline,train,g010nm_heating_near-transition_nominal,10.0,R1,1,0.006063999986508861,2,0,False,20
baseline,train,g010nm_heating_near-transition_nominal,10.0,R1,2,0.005730000004405156,2,0,False,20
baseline,train,g010nm_heating_near-transition_nominal,10.0,R1,3,0.006958800018765032,2,0,False,20
baseline,train,g010nm_heating_near-transition_nominal,10.0,R1,4,0.006191199994646013,2,0,False,20
baseline,train,g010nm_heating_near-transition_nominal,10.0,R1,5,0.00632349998340942,2,0,False,20
baseline,train,g010nm_heating_near-transition_nominal,10.0,R1,6,0.008290500001749024,2,0,False,20
baseline,train,g010nm_heating_near-transition_nominal,10.0,R1,7,0.006571200006874278,2,0,False,20
baseline,train,g010nm_heating_near-transition_nominal,10.0,R1,8,0.007371799991233274,2,0,False,20
baseline,train,g010nm_heating_near-transition_nominal,10.0,R1,9,0.005976199987344444,2,0,False,20
baseline,train,g010nm_heating_near-transition_nominal,10.0,R1,10,0.006180299998959526,2,0,False,20
baseline,train,g010nm_heating_near-transition_nominal,10.0,R1,11,0.005008400010410696,2,0,False,20
baseline,train,g010nm_heating_near-transition_nominal,10.0,R1,12,0.006883099995320663,2,0,False,20
baseline,train,g010nm_heating_near-transition_nominal,10.0,R1,13,0.005174599995370954,2,0,False,20
baseline,train,g010nm_heating_near-transition_nominal,10.0,R1,14,0.005703000002540648,2,0,False,20
baseline,train,g010nm_heating_near-transition_nominal,10.0,R1,15,0.006889300013426691,2,0,False,20
baseline,train,g010nm_heating_near-transition_nominal,10.0,R1,16,0.005207299982430413,2,0,False,20
baseline,train,g010nm_heating_near-transition_nominal,10.0,R1,17,0.005352299980586395,2,0,False,20
baseline,train,g010nm_heating_near-transition_nominal,10.0,R1,18,0.006684199994197115,2,0,False,20
baseline,train,g010nm_heating_near-transition_nominal,10.0,R1,19,0.0049952999979723245,2,0,False,20
baseline,train,g010nm_heating_near-transition_nominal,10.0,R2,0,0.01168690001941286,4,0,False,20
baseline,train,g010nm_heating_near-transition_nominal,10.0,R2,1,0.009772000019438565,4,0,False,20
baseline,train,g010nm_heating_near-transition_nominal,10.0,R2,2,0.012466700020013377,4,0,False,20
baseline,train,g010nm_heating_near-transition_nominal,10.0,R2,3,0.011218900006497279,4,0,False,20
baseline,train,g010nm_heating_near-transition_nominal,10.0,R2,4,0.012251899985130876,4,0,False,20
baseline,train,g010nm_heating_near-transition_nominal,10.0,R2,5,0.010947200004011393,4,0,False,20
baseline,train,g010nm_heating_near-transition_nominal,10.0,R2,6,0.011865599983138964,4,0,False,20
baseline,train,g010nm_heating_near-transition_nominal,10.0,R2,7,0.009702199982712045,4,0,False,20
baseline,train,g010nm_heating_near-transition_nominal,10.0,R2,8,0.011430300015490502,4,0,False,20
baseline,train,g010nm_heating_near-transition_nominal,10.0,R2,9,0.012071700009983033,4,0,False,20
baseline,train,g010nm_heating_near-transition_nominal,10.0,R2,10,0.01154480001423508,4,0,False,20
baseline,train,g010nm_heating_near-transition_nominal,10.0,R2,11,0.010848599980818108,4,0,False,20
baseline,train,g010nm_heating_near-transition_nominal,10.0,R2,12,0.010494699992705137,4,0,False,20
baseline,train,g010nm_heating_near-transition_nominal,10.0,R2,13,0.01070459999027662,4,0,False,20
baseline,train,g010nm_heating_near-transition_nominal,10.0,R2,14,0.012185200001113117,4,0,False,20
baseline,train,g010nm_heating_near-transition_nominal,10.0,R2,15,0.012103899993235245,4,0,False,20
baseline,train,g010nm_heating_near-transition_nominal,10.0,R2,16,0.011809999996330589,4,0,False,20
baseline,train,g010nm_heating_near-transition_nominal,10.0,R2,17,0.012110100011341274,4,0,False,20
baseline,train,g010nm_heating_near-transition_nominal,10.0,R2,18,0.011503699992317706,4,0,False,20
baseline,train,g010nm_heating_near-transition_nominal,10.0,R2,19,0.011838499980513006,4,0,False,20
baseline,train,g020nm_cooling_high_localized-sink,20.0,COLD,0,0.22933289999491535,85,0,False,10
baseline,train,g020nm_cooling_high_localized-sink,20.0,COLD,1,0.22796379998908378,85,0,False,10
baseline,train,g020nm_cooling_high_localized-sink,20.0,COLD,2,0.24880509998183697,85,0,False,10
baseline,train,g020nm_cooling_high_localized-sink,20.0,COLD,3,0.236550100002205,85,0,False,10
baseline,train,g020nm_cooling_high_localized-sink,20.0,COLD,4,0.2330202999874018,85,0,False,10
baseline,train,g020nm_cooling_high_localized-sink,20.0,COLD,5,0.2396232000028249,85,0,False,10
baseline,train,g020nm_cooling_high_localized-sink,20.0,COLD,6,0.2313533999840729,85,0,False,10
baseline,train,g020nm_cooling_high_localized-sink,20.0,COLD,7,0.23010570000042208,85,0,False,10
baseline,train,g020nm_cooling_high_localized-sink,20.0,COLD,8,0.2436697999946773,85,0,False,10
baseline,train,g020nm_cooling_high_localized-sink,20.0,COLD,9,0.23368870001286268,85,0,False,10
baseline,train,g020nm_cooling_high_localized-sink,20.0,A1,0,0.005485800007591024,2,0,False,20
baseline,train,g020nm_cooling_high_localized-sink,20.0,A1,1,0.006527199991978705,2,0,False,20
baseline,train,g020nm_cooling_high_localized-sink,20.0,A1,2,0.005474900011904538,2,0,False,20
baseline,train,g020nm_cooling_high_localized-sink,20.0,A1,3,0.005487499991431832,2,0,False,20
baseline,train,g020nm_cooling_high_localized-sink,20.0,A1,4,0.007241099985549226,2,0,False,20
baseline,train,g020nm_cooling_high_localized-sink,20.0,A1,5,0.0054539999982807785,2,0,False,20
baseline,train,g020nm_cooling_high_localized-sink,20.0,A1,6,0.006242800009204075,2,0,False,20
baseline,train,g020nm_cooling_high_localized-sink,20.0,A1,7,0.006218099995749071,2,0,False,20
baseline,train,g020nm_cooling_high_localized-sink,20.0,A1,8,0.005508900008862838,2,0,False,20
baseline,train,g020nm_cooling_high_localized-sink,20.0,A1,9,0.0063596999971196055,2,0,False,20
baseline,train,g020nm_cooling_high_localized-sink,20.0,A1,10,0.005836000025738031,2,0,False,20
baseline,train,g020nm_cooling_high_localized-sink,20.0,A1,11,0.004926100024022162,2,0,False,20
baseline,train,g020nm_cooling_high_localized-sink,20.0,A1,12,0.006436800002120435,2,0,False,20
baseline,train,g020nm_cooling_high_localized-sink,20.0,A1,13,0.005483100016135722,2,0,False,20
baseline,train,g020nm_cooling_high_localized-sink,20.0,A1,14,0.006159500015201047,2,0,False,20
baseline,train,g020nm_cooling_high_localized-sink,20.0,A1,15,0.0059390000242274255,2,0,False,20
baseline,train,g020nm_cooling_high_localized-sink,20.0,A1,16,0.00570420001167804,2,0,False,20
baseline,train,g020nm_cooling_high_localized-sink,20.0,A1,17,0.006679800018901005,2,0,False,20
baseline,train,g020nm_cooling_high_localized-sink,20.0,A1,18,0.005723600013880059,2,0,False,20
baseline,train,g020nm_cooling_high_localized-sink,20.0,A1,19,0.005935399996815249,2,0,False,20
baseline,train,g020nm_cooling_high_localized-sink,20.0,A2,0,0.014553200016962364,4,0,False,20
baseline,train,g020nm_cooling_high_localized-sink,20.0,A2,1,0.010088000010000542,4,0,False,20
baseline,train,g020nm_cooling_high_localized-sink,20.0,A2,2,0.011949699983233586,4,0,False,20
baseline,train,g020nm_cooling_high_localized-sink,20.0,A2,3,0.01054759998805821,4,0,False,20
baseline,train,g020nm_cooling_high_localized-sink,20.0,A2,4,0.010391299991169944,4,0,False,20
baseline,train,g020nm_cooling_high_localized-sink,20.0,A2,5,0.011356000002706423,4,0,False,20
baseline,train,g020nm_cooling_high_localized-sink,20.0,A2,6,0.011469699995359406,4,0,False,20
baseline,train,g020nm_cooling_high_localized-sink,20.0,A2,7,0.01079339999705553,4,0,False,20
baseline,train,g020nm_cooling_high_localized-sink,20.0,A2,8,0.011667099985061213,4,0,False,20
baseline,train,g020nm_cooling_high_localized-sink,20.0,A2,9,0.013224599999375641,4,0,False,20
baseline,train,g020nm_cooling_high_localized-sink,20.0,A2,10,0.01106160000199452,4,0,False,20
baseline,train,g020nm_cooling_high_localized-sink,20.0,A2,11,0.009875899995677173,4,0,False,20
baseline,train,g020nm_cooling_high_localized-sink,20.0,A2,12,0.011692200001562014,4,0,False,20
baseline,train,g020nm_cooling_high_localized-sink,20.0,A2,13,0.010850699996808544,4,0,False,20
baseline,train,g020nm_cooling_high_localized-sink,20.0,A2,14,0.010130099981324747,4,0,False,20
baseline,train,g020nm_cooling_high_localized-sink,20.0,A2,15,0.01145429999451153,4,0,False,20
baseline,train,g020nm_cooling_high_localized-sink,20.0,A2,16,0.012095500016584992,4,0,False,20
baseline,train,g020nm_cooling_high_localized-sink,20.0,A2,17,0.014200000005075708,4,0,False,20
baseline,train,g020nm_cooling_high_localized-sink,20.0,A2,18,0.01613170001655817,4,0,False,20
baseline,train,g020nm_cooling_high_localized-sink,20.0,A2,19,0.011637100018560886,4,0,False,20
baseline,train,g020nm_cooling_high_localized-sink,20.0,R0,0,0.004436100018210709,1,0,False,20
baseline,train,g020nm_cooling_high_localized-sink,20.0,R0,1,0.004397700016852468,1,0,False,20
baseline,train,g020nm_cooling_high_localized-sink,20.0,R0,2,0.004231300001265481,1,0,False,20
baseline,train,g020nm_cooling_high_localized-sink,20.0,R0,3,0.004466300015337765,1,0,False,20
baseline,train,g020nm_cooling_high_localized-sink,20.0,R0,4,0.0052149000111967325,1,0,False,20
baseline,train,g020nm_cooling_high_localized-sink,20.0,R0,5,0.004194699984509498,1,0,False,20
baseline,train,g020nm_cooling_high_localized-sink,20.0,R0,6,0.0034602000087033957,1,0,False,20
baseline,train,g020nm_cooling_high_localized-sink,20.0,R0,7,0.004020200023660436,1,0,False,20
baseline,train,g020nm_cooling_high_localized-sink,20.0,R0,8,0.0056576000060886145,1,0,False,20
baseline,train,g020nm_cooling_high_localized-sink,20.0,R0,9,0.005881699995370582,1,0,False,20
baseline,train,g020nm_cooling_high_localized-sink,20.0,R0,10,0.004122400016058236,1,0,False,20
baseline,train,g020nm_cooling_high_localized-sink,20.0,R0,11,0.0045854999916628,1,0,False,20
baseline,train,g020nm_cooling_high_localized-sink,20.0,R0,12,0.0044809999817516655,1,0,False,20
baseline,train,g020nm_cooling_high_localized-sink,20.0,R0,13,0.0032635999959893525,1,0,False,20
baseline,train,g020nm_cooling_high_localized-sink,20.0,R0,14,0.003985999996075407,1,0,False,20
baseline,train,g020nm_cooling_high_localized-sink,20.0,R0,15,0.004312500008381903,1,0,False,20
baseline,train,g020nm_cooling_high_localized-sink,20.0,R0,16,0.0043375999957788736,1,0,False,20
baseline,train,g020nm_cooling_high_localized-sink,20.0,R0,17,0.0051472999912220985,1,0,False,20
baseline,train,g020nm_cooling_high_localized-sink,20.0,R0,18,0.00427589999162592,1,0,False,20
baseline,train,g020nm_cooling_high_localized-sink,20.0,R0,19,0.004702999984147027,1,0,False,20
baseline,train,g020nm_cooling_high_localized-sink,20.0,R1,0,0.00518269999884069,2,0,False,20
baseline,train,g020nm_cooling_high_localized-sink,20.0,R1,1,0.0070863000000827014,2,0,False,20
baseline,train,g020nm_cooling_high_localized-sink,20.0,R1,2,0.005219099984969944,2,0,False,20
baseline,train,g020nm_cooling_high_localized-sink,20.0,R1,3,0.005086599994683638,2,0,False,20
baseline,train,g020nm_cooling_high_localized-sink,20.0,R1,4,0.006274699990171939,2,0,False,20
baseline,train,g020nm_cooling_high_localized-sink,20.0,R1,5,0.005865099985385314,2,0,False,20
baseline,train,g020nm_cooling_high_localized-sink,20.0,R1,6,0.005552699993131682,2,0,False,20
baseline,train,g020nm_cooling_high_localized-sink,20.0,R1,7,0.006251699989661574,2,0,False,20
baseline,train,g020nm_cooling_high_localized-sink,20.0,R1,8,0.005047599988756701,2,0,False,20
baseline,train,g020nm_cooling_high_localized-sink,20.0,R1,9,0.006452800007537007,2,0,False,20
baseline,train,g020nm_cooling_high_localized-sink,20.0,R1,10,0.005860600009327754,2,0,False,20
baseline,train,g020nm_cooling_high_localized-sink,20.0,R1,11,0.005111099977511913,2,0,False,20
baseline,train,g020nm_cooling_high_localized-sink,20.0,R1,12,0.006479500007117167,2,0,False,20
baseline,train,g020nm_cooling_high_localized-sink,20.0,R1,13,0.005660299997543916,2,0,False,20
baseline,train,g020nm_cooling_high_localized-sink,20.0,R1,14,0.005652899999404326,2,0,False,20
baseline,train,g020nm_cooling_high_localized-sink,20.0,R1,15,0.008034500002395362,2,0,False,20
baseline,train,g020nm_cooling_high_localized-sink,20.0,R1,16,0.00637829999323003,2,0,False,20
baseline,train,g020nm_cooling_high_localized-sink,20.0,R1,17,0.0058892000233754516,2,0,False,20
baseline,train,g020nm_cooling_high_localized-sink,20.0,R1,18,0.005965300020761788,2,0,False,20
baseline,train,g020nm_cooling_high_localized-sink,20.0,R1,19,0.005297299998346716,2,0,False,20
baseline,train,g020nm_cooling_high_localized-sink,20.0,R2,0,0.010318299988284707,4,0,False,20
baseline,train,g020nm_cooling_high_localized-sink,20.0,R2,1,0.009883199993055314,4,0,False,20
baseline,train,g020nm_cooling_high_localized-sink,20.0,R2,2,0.011428099998738617,4,0,False,20
baseline,train,g020nm_cooling_high_localized-sink,20.0,R2,3,0.011810800002422184,4,0,False,20
baseline,train,g020nm_cooling_high_localized-sink,20.0,R2,4,0.011599599994951859,4,0,False,20
baseline,train,g020nm_cooling_high_localized-sink,20.0,R2,5,0.011849700007587671,4,0,False,20
baseline,train,g020nm_cooling_high_localized-sink,20.0,R2,6,0.0106143000011798,4,0,False,20
baseline,train,g020nm_cooling_high_localized-sink,20.0,R2,7,0.011862299987114966,4,0,False,20
baseline,train,g020nm_cooling_high_localized-sink,20.0,R2,8,0.012131600000429899,4,0,False,20
baseline,train,g020nm_cooling_high_localized-sink,20.0,R2,9,0.011247900023590773,4,0,False,20
baseline,train,g020nm_cooling_high_localized-sink,20.0,R2,10,0.010261899995384738,4,0,False,20
baseline,train,g020nm_cooling_high_localized-sink,20.0,R2,11,0.009957600006600842,4,0,False,20
baseline,train,g020nm_cooling_high_localized-sink,20.0,R2,12,0.011396099987905473,4,0,False,20
baseline,train,g020nm_cooling_high_localized-sink,20.0,R2,13,0.010572999977739528,4,0,False,20
baseline,train,g020nm_cooling_high_localized-sink,20.0,R2,14,0.01138179999543354,4,0,False,20
baseline,train,g020nm_cooling_high_localized-sink,20.0,R2,15,0.010832400002982467,4,0,False,20
baseline,train,g020nm_cooling_high_localized-sink,20.0,R2,16,0.010501000011572614,4,0,False,20
baseline,train,g020nm_cooling_high_localized-sink,20.0,R2,17,0.010575000022072345,4,0,False,20
baseline,train,g020nm_cooling_high_localized-sink,20.0,R2,18,0.009557300014421344,4,0,False,20
baseline,train,g020nm_cooling_high_localized-sink,20.0,R2,19,0.013272399984998628,4,0,False,20
baseline,validation,g020nm_cooling_high_nominal,20.0,COLD,0,0.2253877999901306,77,0,False,10
baseline,validation,g020nm_cooling_high_nominal,20.0,COLD,1,0.21238509999238886,77,0,False,10
baseline,validation,g020nm_cooling_high_nominal,20.0,COLD,2,0.21281729999464005,77,0,False,10
baseline,validation,g020nm_cooling_high_nominal,20.0,COLD,3,0.2038520000060089,77,0,False,10
baseline,validation,g020nm_cooling_high_nominal,20.0,COLD,4,0.21275520001654513,77,0,False,10
baseline,validation,g020nm_cooling_high_nominal,20.0,COLD,5,0.22278940002433956,77,0,False,10
baseline,validation,g020nm_cooling_high_nominal,20.0,COLD,6,0.20536490000085905,77,0,False,10
baseline,validation,g020nm_cooling_high_nominal,20.0,COLD,7,0.2064230999967549,77,0,False,10
baseline,validation,g020nm_cooling_high_nominal,20.0,COLD,8,0.21111450000898913,77,0,False,10
baseline,validation,g020nm_cooling_high_nominal,20.0,COLD,9,0.20857660000910982,77,0,False,10
baseline,validation,g020nm_cooling_high_nominal,20.0,A1,0,0.005435400002170354,2,0,False,20
baseline,validation,g020nm_cooling_high_nominal,20.0,A1,1,0.007217900012619793,2,0,False,20
baseline,validation,g020nm_cooling_high_nominal,20.0,A1,2,0.005546500004129484,2,0,False,20
baseline,validation,g020nm_cooling_high_nominal,20.0,A1,3,0.007830899994587526,2,0,False,20
baseline,validation,g020nm_cooling_high_nominal,20.0,A1,4,0.0059658999962266535,2,0,False,20
baseline,validation,g020nm_cooling_high_nominal,20.0,A1,5,0.006375800003297627,2,0,False,20
baseline,validation,g020nm_cooling_high_nominal,20.0,A1,6,0.006901800021296367,2,0,False,20
baseline,validation,g020nm_cooling_high_nominal,20.0,A1,7,0.005536700016818941,2,0,False,20
baseline,validation,g020nm_cooling_high_nominal,20.0,A1,8,0.004608999995980412,2,0,False,20
baseline,validation,g020nm_cooling_high_nominal,20.0,A1,9,0.005775099998572841,2,0,False,20
baseline,validation,g020nm_cooling_high_nominal,20.0,A1,10,0.00490860000718385,2,0,False,20
baseline,validation,g020nm_cooling_high_nominal,20.0,A1,11,0.004607899987604469,2,0,False,20
baseline,validation,g020nm_cooling_high_nominal,20.0,A1,12,0.005903400015085936,2,0,False,20
baseline,validation,g020nm_cooling_high_nominal,20.0,A1,13,0.006551900005433708,2,0,False,20
baseline,validation,g020nm_cooling_high_nominal,20.0,A1,14,0.00539149998803623,2,0,False,20
baseline,validation,g020nm_cooling_high_nominal,20.0,A1,15,0.005747699993662536,2,0,False,20
baseline,validation,g020nm_cooling_high_nominal,20.0,A1,16,0.006438800017349422,2,0,False,20
baseline,validation,g020nm_cooling_high_nominal,20.0,A1,17,0.005437800020445138,2,0,False,20
baseline,validation,g020nm_cooling_high_nominal,20.0,A1,18,0.006309300020802766,2,0,False,20
baseline,validation,g020nm_cooling_high_nominal,20.0,A1,19,0.0064208999974653125,2,0,False,20
baseline,validation,g020nm_cooling_high_nominal,20.0,A2,0,0.010424899985082448,4,0,False,20
baseline,validation,g020nm_cooling_high_nominal,20.0,A2,1,0.011363099998561665,4,0,False,20
baseline,validation,g020nm_cooling_high_nominal,20.0,A2,2,0.013256200007162988,4,0,False,20
baseline,validation,g020nm_cooling_high_nominal,20.0,A2,3,0.01149569998960942,4,0,False,20
baseline,validation,g020nm_cooling_high_nominal,20.0,A2,4,0.010351200005970895,4,0,False,20
baseline,validation,g020nm_cooling_high_nominal,20.0,A2,5,0.011918500007595867,4,0,False,20
baseline,validation,g020nm_cooling_high_nominal,20.0,A2,6,0.010065300011774525,4,0,False,20
baseline,validation,g020nm_cooling_high_nominal,20.0,A2,7,0.01021430001128465,4,0,False,20
baseline,validation,g020nm_cooling_high_nominal,20.0,A2,8,0.01033999997889623,4,0,False,20
baseline,validation,g020nm_cooling_high_nominal,20.0,A2,9,0.011207700008526444,4,0,False,20
baseline,validation,g020nm_cooling_high_nominal,20.0,A2,10,0.010319499997422099,4,0,False,20
baseline,validation,g020nm_cooling_high_nominal,20.0,A2,11,0.011791900004027411,4,0,False,20
baseline,validation,g020nm_cooling_high_nominal,20.0,A2,12,0.01122909999685362,4,0,False,20
baseline,validation,g020nm_cooling_high_nominal,20.0,A2,13,0.009175300016067922,4,0,False,20
baseline,validation,g020nm_cooling_high_nominal,20.0,A2,14,0.010647700022673234,4,0,False,20
baseline,validation,g020nm_cooling_high_nominal,20.0,A2,15,0.01141720000305213,4,0,False,20
baseline,validation,g020nm_cooling_high_nominal,20.0,A2,16,0.009395200002472848,4,0,False,20
baseline,validation,g020nm_cooling_high_nominal,20.0,A2,17,0.010236100002657622,4,0,False,20
baseline,validation,g020nm_cooling_high_nominal,20.0,A2,18,0.009305500017944723,4,0,False,20
baseline,validation,g020nm_cooling_high_nominal,20.0,A2,19,0.011670400010189041,4,0,False,20
baseline,validation,g020nm_cooling_high_nominal,20.0,R0,0,0.0038958000077400357,1,0,False,20
baseline,validation,g020nm_cooling_high_nominal,20.0,R0,1,0.004033199977129698,1,0,False,20
baseline,validation,g020nm_cooling_high_nominal,20.0,R0,2,0.0055711000168230385,1,0,False,20
baseline,validation,g020nm_cooling_high_nominal,20.0,R0,3,0.005561500001931563,1,0,False,20
baseline,validation,g020nm_cooling_high_nominal,20.0,R0,4,0.004075500008184463,1,0,False,20
baseline,validation,g020nm_cooling_high_nominal,20.0,R0,5,0.005331100022885948,1,0,False,20
baseline,validation,g020nm_cooling_high_nominal,20.0,R0,6,0.004031100019346923,1,0,False,20
baseline,validation,g020nm_cooling_high_nominal,20.0,R0,7,0.003851800021948293,1,0,False,20
baseline,validation,g020nm_cooling_high_nominal,20.0,R0,8,0.0042671999835874885,1,0,False,20
baseline,validation,g020nm_cooling_high_nominal,20.0,R0,9,0.0033930999925360084,1,0,False,20
baseline,validation,g020nm_cooling_high_nominal,20.0,R0,10,0.0055398999829776585,1,0,False,20
baseline,validation,g020nm_cooling_high_nominal,20.0,R0,11,0.003919300012057647,1,0,False,20
baseline,validation,g020nm_cooling_high_nominal,20.0,R0,12,0.0050304999749641865,1,0,False,20
baseline,validation,g020nm_cooling_high_nominal,20.0,R0,13,0.0036891000054311007,1,0,False,20
baseline,validation,g020nm_cooling_high_nominal,20.0,R0,14,0.004478299990296364,1,0,False,20
baseline,validation,g020nm_cooling_high_nominal,20.0,R0,15,0.004359599988674745,1,0,False,20
baseline,validation,g020nm_cooling_high_nominal,20.0,R0,16,0.005161000008229166,1,0,False,20
baseline,validation,g020nm_cooling_high_nominal,20.0,R0,17,0.004106200009118766,1,0,False,20
baseline,validation,g020nm_cooling_high_nominal,20.0,R0,18,0.003948600002331659,1,0,False,20
baseline,validation,g020nm_cooling_high_nominal,20.0,R0,19,0.0038391999842133373,1,0,False,20
baseline,validation,g020nm_cooling_high_nominal,20.0,R1,0,0.0052180000056978315,2,0,False,20
baseline,validation,g020nm_cooling_high_nominal,20.0,R1,1,0.004891399992629886,2,0,False,20
baseline,validation,g020nm_cooling_high_nominal,20.0,R1,2,0.00639609998324886,2,0,False,20
baseline,validation,g020nm_cooling_high_nominal,20.0,R1,3,0.005077900015749037,2,0,False,20
baseline,validation,g020nm_cooling_high_nominal,20.0,R1,4,0.00476479998906143,2,0,False,20
baseline,validation,g020nm_cooling_high_nominal,20.0,R1,5,0.005502399988472462,2,0,False,20
baseline,validation,g020nm_cooling_high_nominal,20.0,R1,6,0.0052328000019770116,2,0,False,20
baseline,validation,g020nm_cooling_high_nominal,20.0,R1,7,0.005084200005512685,2,0,False,20
baseline,validation,g020nm_cooling_high_nominal,20.0,R1,8,0.005836199998157099,2,0,False,20
baseline,validation,g020nm_cooling_high_nominal,20.0,R1,9,0.005598799994913861,2,0,False,20
baseline,validation,g020nm_cooling_high_nominal,20.0,R1,10,0.004575600003590807,2,0,False,20
baseline,validation,g020nm_cooling_high_nominal,20.0,R1,11,0.005114300001878291,2,0,False,20
baseline,validation,g020nm_cooling_high_nominal,20.0,R1,12,0.005124000017531216,2,0,False,20
baseline,validation,g020nm_cooling_high_nominal,20.0,R1,13,0.004902800021227449,2,0,False,20
baseline,validation,g020nm_cooling_high_nominal,20.0,R1,14,0.005343600001651794,2,0,False,20
baseline,validation,g020nm_cooling_high_nominal,20.0,R1,15,0.005817500001285225,2,0,False,20
baseline,validation,g020nm_cooling_high_nominal,20.0,R1,16,0.005214500008150935,2,0,False,20
baseline,validation,g020nm_cooling_high_nominal,20.0,R1,17,0.0050632000202313066,2,0,False,20
baseline,validation,g020nm_cooling_high_nominal,20.0,R1,18,0.005052900000009686,2,0,False,20
baseline,validation,g020nm_cooling_high_nominal,20.0,R1,19,0.005680300004314631,2,0,False,20
baseline,validation,g020nm_cooling_high_nominal,20.0,R2,0,0.011355800001183525,4,0,False,20
baseline,validation,g020nm_cooling_high_nominal,20.0,R2,1,0.01241729999310337,4,0,False,20
baseline,validation,g020nm_cooling_high_nominal,20.0,R2,2,0.014141499996185303,4,0,False,20
baseline,validation,g020nm_cooling_high_nominal,20.0,R2,3,0.011144199990667403,4,0,False,20
baseline,validation,g020nm_cooling_high_nominal,20.0,R2,4,0.008912499994039536,4,0,False,20
baseline,validation,g020nm_cooling_high_nominal,20.0,R2,5,0.012213499983772635,4,0,False,20
baseline,validation,g020nm_cooling_high_nominal,20.0,R2,6,0.012336799991317093,4,0,False,20
baseline,validation,g020nm_cooling_high_nominal,20.0,R2,7,0.009788499999558553,4,0,False,20
baseline,validation,g020nm_cooling_high_nominal,20.0,R2,8,0.010408000001916662,4,0,False,20
baseline,validation,g020nm_cooling_high_nominal,20.0,R2,9,0.009721500013256446,4,0,False,20
baseline,validation,g020nm_cooling_high_nominal,20.0,R2,10,0.011477499996544793,4,0,False,20
baseline,validation,g020nm_cooling_high_nominal,20.0,R2,11,0.009464800008572638,4,0,False,20
baseline,validation,g020nm_cooling_high_nominal,20.0,R2,12,0.010102500003995374,4,0,False,20
baseline,validation,g020nm_cooling_high_nominal,20.0,R2,13,0.010673799988580868,4,0,False,20
baseline,validation,g020nm_cooling_high_nominal,20.0,R2,14,0.010791700013214722,4,0,False,20
baseline,validation,g020nm_cooling_high_nominal,20.0,R2,15,0.009945600002538413,4,0,False,20
baseline,validation,g020nm_cooling_high_nominal,20.0,R2,16,0.010752800008049235,4,0,False,20
baseline,validation,g020nm_cooling_high_nominal,20.0,R2,17,0.00724360000458546,4,0,False,20
baseline,validation,g020nm_cooling_high_nominal,20.0,R2,18,0.01010320000932552,4,0,False,20
baseline,validation,g020nm_cooling_high_nominal,20.0,R2,19,0.011570700007723644,4,0,False,20
baseline,train,g020nm_cooling_low_localized-sink,20.0,COLD,0,0.22559280000859872,79,0,False,10
baseline,train,g020nm_cooling_low_localized-sink,20.0,COLD,1,0.21894890000112355,79,0,False,10
baseline,train,g020nm_cooling_low_localized-sink,20.0,COLD,2,0.21922950001317076,79,0,False,10
baseline,train,g020nm_cooling_low_localized-sink,20.0,COLD,3,0.23119909997330979,79,0,False,10
baseline,train,g020nm_cooling_low_localized-sink,20.0,COLD,4,0.23060070001520216,79,0,False,10
baseline,train,g020nm_cooling_low_localized-sink,20.0,COLD,5,0.2204232000221964,79,0,False,10
baseline,train,g020nm_cooling_low_localized-sink,20.0,COLD,6,0.22111020001466386,79,0,False,10
baseline,train,g020nm_cooling_low_localized-sink,20.0,COLD,7,0.2241560999827925,79,0,False,10
baseline,train,g020nm_cooling_low_localized-sink,20.0,COLD,8,0.2245868000027258,79,0,False,10
baseline,train,g020nm_cooling_low_localized-sink,20.0,COLD,9,0.21415519999573007,79,0,False,10
baseline,train,g020nm_cooling_low_localized-sink,20.0,A1,0,0.00716649999958463,2,0,False,20
baseline,train,g020nm_cooling_low_localized-sink,20.0,A1,1,0.007107100012945011,2,0,False,20
baseline,train,g020nm_cooling_low_localized-sink,20.0,A1,2,0.00544779998017475,2,0,False,20
baseline,train,g020nm_cooling_low_localized-sink,20.0,A1,3,0.005943299998762086,2,0,False,20
baseline,train,g020nm_cooling_low_localized-sink,20.0,A1,4,0.006635199999436736,2,0,False,20
baseline,train,g020nm_cooling_low_localized-sink,20.0,A1,5,0.0064978000009432435,2,0,False,20
baseline,train,g020nm_cooling_low_localized-sink,20.0,A1,6,0.006243000010726973,2,0,False,20
baseline,train,g020nm_cooling_low_localized-sink,20.0,A1,7,0.005764300003647804,2,0,False,20
baseline,train,g020nm_cooling_low_localized-sink,20.0,A1,8,0.005980500020086765,2,0,False,20
baseline,train,g020nm_cooling_low_localized-sink,20.0,A1,9,0.006083800020860508,2,0,False,20
baseline,train,g020nm_cooling_low_localized-sink,20.0,A1,10,0.006915400008438155,2,0,False,20
baseline,train,g020nm_cooling_low_localized-sink,20.0,A1,11,0.005576099996687844,2,0,False,20
baseline,train,g020nm_cooling_low_localized-sink,20.0,A1,12,0.005936100002145395,2,0,False,20
baseline,train,g020nm_cooling_low_localized-sink,20.0,A1,13,0.005748900002799928,2,0,False,20
baseline,train,g020nm_cooling_low_localized-sink,20.0,A1,14,0.006791499996325001,2,0,False,20
baseline,train,g020nm_cooling_low_localized-sink,20.0,A1,15,0.004351100011263043,2,0,False,20
baseline,train,g020nm_cooling_low_localized-sink,20.0,A1,16,0.005571099987719208,2,0,False,20
baseline,train,g020nm_cooling_low_localized-sink,20.0,A1,17,0.005718500004149973,2,0,False,20
baseline,train,g020nm_cooling_low_localized-sink,20.0,A1,18,0.0048359000065829605,2,0,False,20
baseline,train,g020nm_cooling_low_localized-sink,20.0,A1,19,0.005405999982031062,2,0,False,20
baseline,train,g020nm_cooling_low_localized-sink,20.0,A2,0,0.011880200006999075,4,0,False,20
baseline,train,g020nm_cooling_low_localized-sink,20.0,A2,1,0.011255600024014711,4,0,False,20
baseline,train,g020nm_cooling_low_localized-sink,20.0,A2,2,0.010623900016071275,4,0,False,20
baseline,train,g020nm_cooling_low_localized-sink,20.0,A2,3,0.011438399989856407,4,0,False,20
baseline,train,g020nm_cooling_low_localized-sink,20.0,A2,4,0.011438499990617856,4,0,False,20
baseline,train,g020nm_cooling_low_localized-sink,20.0,A2,5,0.012671799981035292,4,0,False,20
baseline,train,g020nm_cooling_low_localized-sink,20.0,A2,6,0.009848399990005419,4,0,False,20
baseline,train,g020nm_cooling_low_localized-sink,20.0,A2,7,0.010306899988790974,4,0,False,20
baseline,train,g020nm_cooling_low_localized-sink,20.0,A2,8,0.011697900015860796,4,0,False,20
baseline,train,g020nm_cooling_low_localized-sink,20.0,A2,9,0.01016390000586398,4,0,False,20
baseline,train,g020nm_cooling_low_localized-sink,20.0,A2,10,0.010633800004143268,4,0,False,20
baseline,train,g020nm_cooling_low_localized-sink,20.0,A2,11,0.012984299974050373,4,0,False,20
baseline,train,g020nm_cooling_low_localized-sink,20.0,A2,12,0.009347800019895658,4,0,False,20
baseline,train,g020nm_cooling_low_localized-sink,20.0,A2,13,0.009189400007016957,4,0,False,20
baseline,train,g020nm_cooling_low_localized-sink,20.0,A2,14,0.010265299992170185,4,0,False,20
baseline,train,g020nm_cooling_low_localized-sink,20.0,A2,15,0.010450500005390495,4,0,False,20
baseline,train,g020nm_cooling_low_localized-sink,20.0,A2,16,0.010186500003328547,4,0,False,20
baseline,train,g020nm_cooling_low_localized-sink,20.0,A2,17,0.01037420000648126,4,0,False,20
baseline,train,g020nm_cooling_low_localized-sink,20.0,A2,18,0.01094159999047406,4,0,False,20
baseline,train,g020nm_cooling_low_localized-sink,20.0,A2,19,0.011494999984279275,4,0,False,20
baseline,train,g020nm_cooling_low_localized-sink,20.0,R0,0,0.004337300022598356,1,0,False,20
baseline,train,g020nm_cooling_low_localized-sink,20.0,R0,1,0.004119899997022003,1,0,False,20
baseline,train,g020nm_cooling_low_localized-sink,20.0,R0,2,0.003391700010979548,1,0,False,20
baseline,train,g020nm_cooling_low_localized-sink,20.0,R0,3,0.003901199990650639,1,0,False,20
baseline,train,g020nm_cooling_low_localized-sink,20.0,R0,4,0.003822099999524653,1,0,False,20
baseline,train,g020nm_cooling_low_localized-sink,20.0,R0,5,0.004130599991185591,1,0,False,20
baseline,train,g020nm_cooling_low_localized-sink,20.0,R0,6,0.003620699979364872,1,0,False,20
baseline,train,g020nm_cooling_low_localized-sink,20.0,R0,7,0.0039333000022452325,1,0,False,20
baseline,train,g020nm_cooling_low_localized-sink,20.0,R0,8,0.0038517999928444624,1,0,False,20
baseline,train,g020nm_cooling_low_localized-sink,20.0,R0,9,0.00418699998408556,1,0,False,20
baseline,train,g020nm_cooling_low_localized-sink,20.0,R0,10,0.0055930000089574605,1,0,False,20
baseline,train,g020nm_cooling_low_localized-sink,20.0,R0,11,0.004172500019194558,1,0,False,20
baseline,train,g020nm_cooling_low_localized-sink,20.0,R0,12,0.003949599980842322,1,0,False,20
baseline,train,g020nm_cooling_low_localized-sink,20.0,R0,13,0.005189399991650134,1,0,False,20
baseline,train,g020nm_cooling_low_localized-sink,20.0,R0,14,0.0040754000074230134,1,0,False,20
baseline,train,g020nm_cooling_low_localized-sink,20.0,R0,15,0.00386699999216944,1,0,False,20
baseline,train,g020nm_cooling_low_localized-sink,20.0,R0,16,0.004586199996992946,1,0,False,20
baseline,train,g020nm_cooling_low_localized-sink,20.0,R0,17,0.004340500017860904,1,0,False,20
baseline,train,g020nm_cooling_low_localized-sink,20.0,R0,18,0.0038837000029161572,1,0,False,20
baseline,train,g020nm_cooling_low_localized-sink,20.0,R0,19,0.004031899996334687,1,0,False,20
baseline,train,g020nm_cooling_low_localized-sink,20.0,R1,0,0.005152900004759431,2,0,False,20
baseline,train,g020nm_cooling_low_localized-sink,20.0,R1,1,0.005043699988164008,2,0,False,20
baseline,train,g020nm_cooling_low_localized-sink,20.0,R1,2,0.005997100000968203,2,0,False,20
baseline,train,g020nm_cooling_low_localized-sink,20.0,R1,3,0.005142799986060709,2,0,False,20
baseline,train,g020nm_cooling_low_localized-sink,20.0,R1,4,0.005026300001190975,2,0,False,20
baseline,train,g020nm_cooling_low_localized-sink,20.0,R1,5,0.004854200000409037,2,0,False,20
baseline,train,g020nm_cooling_low_localized-sink,20.0,R1,6,0.005277199990814552,2,0,False,20
baseline,train,g020nm_cooling_low_localized-sink,20.0,R1,7,0.004937399993650615,2,0,False,20
baseline,train,g020nm_cooling_low_localized-sink,20.0,R1,8,0.004199100018013269,2,0,False,20
baseline,train,g020nm_cooling_low_localized-sink,20.0,R1,9,0.005605700018350035,2,0,False,20
baseline,train,g020nm_cooling_low_localized-sink,20.0,R1,10,0.005307900020852685,2,0,False,20
baseline,train,g020nm_cooling_low_localized-sink,20.0,R1,11,0.006513500004075468,2,0,False,20
baseline,train,g020nm_cooling_low_localized-sink,20.0,R1,12,0.005788799986476079,2,0,False,20
baseline,train,g020nm_cooling_low_localized-sink,20.0,R1,13,0.00533079999149777,2,0,False,20
baseline,train,g020nm_cooling_low_localized-sink,20.0,R1,14,0.004903799999738112,2,0,False,20
baseline,train,g020nm_cooling_low_localized-sink,20.0,R1,15,0.005522999999811873,2,0,False,20
baseline,train,g020nm_cooling_low_localized-sink,20.0,R1,16,0.006238600006327033,2,0,False,20
baseline,train,g020nm_cooling_low_localized-sink,20.0,R1,17,0.004972099995939061,2,0,False,20
baseline,train,g020nm_cooling_low_localized-sink,20.0,R1,18,0.005311800021445379,2,0,False,20
baseline,train,g020nm_cooling_low_localized-sink,20.0,R1,19,0.0039034000074025244,2,0,False,20
baseline,train,g020nm_cooling_low_localized-sink,20.0,R2,0,0.011739199981093407,4,0,False,20
baseline,train,g020nm_cooling_low_localized-sink,20.0,R2,1,0.009761499997694045,4,0,False,20
baseline,train,g020nm_cooling_low_localized-sink,20.0,R2,2,0.010044900001958013,4,0,False,20
baseline,train,g020nm_cooling_low_localized-sink,20.0,R2,3,0.010467900021467358,4,0,False,20
baseline,train,g020nm_cooling_low_localized-sink,20.0,R2,4,0.012496900017140433,4,0,False,20
baseline,train,g020nm_cooling_low_localized-sink,20.0,R2,5,0.011564699991140515,4,0,False,20
baseline,train,g020nm_cooling_low_localized-sink,20.0,R2,6,0.010441699996590614,4,0,False,20
baseline,train,g020nm_cooling_low_localized-sink,20.0,R2,7,0.010690600000089034,4,0,False,20
baseline,train,g020nm_cooling_low_localized-sink,20.0,R2,8,0.009577699995134026,4,0,False,20
baseline,train,g020nm_cooling_low_localized-sink,20.0,R2,9,0.010084300010930747,4,0,False,20
baseline,train,g020nm_cooling_low_localized-sink,20.0,R2,10,0.011249500006670132,4,0,False,20
baseline,train,g020nm_cooling_low_localized-sink,20.0,R2,11,0.00868669999181293,4,0,False,20
baseline,train,g020nm_cooling_low_localized-sink,20.0,R2,12,0.010204799997154623,4,0,False,20
baseline,train,g020nm_cooling_low_localized-sink,20.0,R2,13,0.010841799987247214,4,0,False,20
baseline,train,g020nm_cooling_low_localized-sink,20.0,R2,14,0.009721100010210648,4,0,False,20
baseline,train,g020nm_cooling_low_localized-sink,20.0,R2,15,0.00960240000858903,4,0,False,20
baseline,train,g020nm_cooling_low_localized-sink,20.0,R2,16,0.011372899985872209,4,0,False,20
baseline,train,g020nm_cooling_low_localized-sink,20.0,R2,17,0.010444499988807365,4,0,False,20
baseline,train,g020nm_cooling_low_localized-sink,20.0,R2,18,0.012123299995437264,4,0,False,20
baseline,train,g020nm_cooling_low_localized-sink,20.0,R2,19,0.011964300007093698,4,0,False,20
baseline,train,g020nm_cooling_low_nominal,20.0,COLD,0,0.1679271999746561,61,0,False,10
baseline,train,g020nm_cooling_low_nominal,20.0,COLD,1,0.17807039999752305,61,0,False,10
baseline,train,g020nm_cooling_low_nominal,20.0,COLD,2,0.17848559998674318,61,0,False,10
baseline,train,g020nm_cooling_low_nominal,20.0,COLD,3,0.178393700014567,61,0,False,10
baseline,train,g020nm_cooling_low_nominal,20.0,COLD,4,0.16955740001867525,61,0,False,10
baseline,train,g020nm_cooling_low_nominal,20.0,COLD,5,0.17037480001454242,61,0,False,10
baseline,train,g020nm_cooling_low_nominal,20.0,COLD,6,0.17699609999544919,61,0,False,10
baseline,train,g020nm_cooling_low_nominal,20.0,COLD,7,0.16894520001369528,61,0,False,10
baseline,train,g020nm_cooling_low_nominal,20.0,COLD,8,0.17480189999332651,61,0,False,10
baseline,train,g020nm_cooling_low_nominal,20.0,COLD,9,0.18238840001868084,61,0,False,10
baseline,train,g020nm_cooling_low_nominal,20.0,A1,0,0.0068608000001404434,2,0,False,20
baseline,train,g020nm_cooling_low_nominal,20.0,A1,1,0.006058400002075359,2,0,False,20
baseline,train,g020nm_cooling_low_nominal,20.0,A1,2,0.006592699995962903,2,0,False,20
baseline,train,g020nm_cooling_low_nominal,20.0,A1,3,0.005799600010504946,2,0,False,20
baseline,train,g020nm_cooling_low_nominal,20.0,A1,4,0.006279499997617677,2,0,False,20
baseline,train,g020nm_cooling_low_nominal,20.0,A1,5,0.005532200011657551,2,0,False,20
baseline,train,g020nm_cooling_low_nominal,20.0,A1,6,0.006011899997247383,2,0,False,20
baseline,train,g020nm_cooling_low_nominal,20.0,A1,7,0.005973099992843345,2,0,False,20
baseline,train,g020nm_cooling_low_nominal,20.0,A1,8,0.005314599984558299,2,0,False,20
baseline,train,g020nm_cooling_low_nominal,20.0,A1,9,0.006771299988031387,2,0,False,20
baseline,train,g020nm_cooling_low_nominal,20.0,A1,10,0.006427100015571341,2,0,False,20
baseline,train,g020nm_cooling_low_nominal,20.0,A1,11,0.005525900021893904,2,0,False,20
baseline,train,g020nm_cooling_low_nominal,20.0,A1,12,0.004461900010937825,2,0,False,20
baseline,train,g020nm_cooling_low_nominal,20.0,A1,13,0.00569379999069497,2,0,False,20
baseline,train,g020nm_cooling_low_nominal,20.0,A1,14,0.005464299989398569,2,0,False,20
baseline,train,g020nm_cooling_low_nominal,20.0,A1,15,0.006562199996551499,2,0,False,20
baseline,train,g020nm_cooling_low_nominal,20.0,A1,16,0.005342499993275851,2,0,False,20
baseline,train,g020nm_cooling_low_nominal,20.0,A1,17,0.0057450000022072345,2,0,False,20
baseline,train,g020nm_cooling_low_nominal,20.0,A1,18,0.006378599995514378,2,0,False,20
baseline,train,g020nm_cooling_low_nominal,20.0,A1,19,0.005407299991929904,2,0,False,20
baseline,train,g020nm_cooling_low_nominal,20.0,A2,0,0.010612899990519509,4,0,False,20
baseline,train,g020nm_cooling_low_nominal,20.0,A2,1,0.011255299992626533,4,0,False,20
baseline,train,g020nm_cooling_low_nominal,20.0,A2,2,0.011153800005558878,4,0,False,20
baseline,train,g020nm_cooling_low_nominal,20.0,A2,3,0.010540600022068247,4,0,False,20
baseline,train,g020nm_cooling_low_nominal,20.0,A2,4,0.01033430002280511,4,0,False,20
baseline,train,g020nm_cooling_low_nominal,20.0,A2,5,0.011037400021450594,4,0,False,20
baseline,train,g020nm_cooling_low_nominal,20.0,A2,6,0.012110100011341274,4,0,False,20
baseline,train,g020nm_cooling_low_nominal,20.0,A2,7,0.011162699986016378,4,0,False,20
baseline,train,g020nm_cooling_low_nominal,20.0,A2,8,0.010451899986946955,4,0,False,20
baseline,train,g020nm_cooling_low_nominal,20.0,A2,9,0.011662500008242205,4,0,False,20
baseline,train,g020nm_cooling_low_nominal,20.0,A2,10,0.009757699997862801,4,0,False,20
baseline,train,g020nm_cooling_low_nominal,20.0,A2,11,0.011789500014856458,4,0,False,20
baseline,train,g020nm_cooling_low_nominal,20.0,A2,12,0.009997300017857924,4,0,False,20
baseline,train,g020nm_cooling_low_nominal,20.0,A2,13,0.011597500008065253,4,0,False,20
baseline,train,g020nm_cooling_low_nominal,20.0,A2,14,0.011437500012107193,4,0,False,20
baseline,train,g020nm_cooling_low_nominal,20.0,A2,15,0.010272800020175055,4,0,False,20
baseline,train,g020nm_cooling_low_nominal,20.0,A2,16,0.010324000002583489,4,0,False,20
baseline,train,g020nm_cooling_low_nominal,20.0,A2,17,0.01115060001029633,4,0,False,20
baseline,train,g020nm_cooling_low_nominal,20.0,A2,18,0.010272300016367808,4,0,False,20
baseline,train,g020nm_cooling_low_nominal,20.0,A2,19,0.011381099990103394,4,0,False,20
baseline,train,g020nm_cooling_low_nominal,20.0,R0,0,0.004506500001298264,1,0,False,20
baseline,train,g020nm_cooling_low_nominal,20.0,R0,1,0.00451299999258481,1,0,False,20
baseline,train,g020nm_cooling_low_nominal,20.0,R0,2,0.003894399997079745,1,0,False,20
baseline,train,g020nm_cooling_low_nominal,20.0,R0,3,0.0038118000084068626,1,0,False,20
baseline,train,g020nm_cooling_low_nominal,20.0,R0,4,0.0031023999908939004,1,0,False,20
baseline,train,g020nm_cooling_low_nominal,20.0,R0,5,0.003640500013716519,1,0,False,20
baseline,train,g020nm_cooling_low_nominal,20.0,R0,6,0.0038858000189065933,1,0,False,20
baseline,train,g020nm_cooling_low_nominal,20.0,R0,7,0.003807499975664541,1,0,False,20
baseline,train,g020nm_cooling_low_nominal,20.0,R0,8,0.004543200018815696,1,0,False,20
baseline,train,g020nm_cooling_low_nominal,20.0,R0,9,0.004868699994403869,1,0,False,20
baseline,train,g020nm_cooling_low_nominal,20.0,R0,10,0.00414699999964796,1,0,False,20
baseline,train,g020nm_cooling_low_nominal,20.0,R0,11,0.003863699996145442,1,0,False,20
baseline,train,g020nm_cooling_low_nominal,20.0,R0,12,0.00272170000243932,1,0,False,20
baseline,train,g020nm_cooling_low_nominal,20.0,R0,13,0.00430850000702776,1,0,False,20
baseline,train,g020nm_cooling_low_nominal,20.0,R0,14,0.004056500009028241,1,0,False,20
baseline,train,g020nm_cooling_low_nominal,20.0,R0,15,0.0038745000201743096,1,0,False,20
baseline,train,g020nm_cooling_low_nominal,20.0,R0,16,0.0048423999978695065,1,0,False,20
baseline,train,g020nm_cooling_low_nominal,20.0,R0,17,0.004924600012600422,1,0,False,20
baseline,train,g020nm_cooling_low_nominal,20.0,R0,18,0.004359100013971329,1,0,False,20
baseline,train,g020nm_cooling_low_nominal,20.0,R0,19,0.00413509999634698,1,0,False,20
baseline,train,g020nm_cooling_low_nominal,20.0,R1,0,0.005408500001067296,2,0,False,20
baseline,train,g020nm_cooling_low_nominal,20.0,R1,1,0.005555900017498061,2,0,False,20
baseline,train,g020nm_cooling_low_nominal,20.0,R1,2,0.005772500007878989,2,0,False,20
baseline,train,g020nm_cooling_low_nominal,20.0,R1,3,0.005266499996650964,2,0,False,20
baseline,train,g020nm_cooling_low_nominal,20.0,R1,4,0.005482800013851374,2,0,False,20
baseline,train,g020nm_cooling_low_nominal,20.0,R1,5,0.004968799999915063,2,0,False,20
baseline,train,g020nm_cooling_low_nominal,20.0,R1,6,0.005350799998268485,2,0,False,20
baseline,train,g020nm_cooling_low_nominal,20.0,R1,7,0.004826799995498732,2,0,False,20
baseline,train,g020nm_cooling_low_nominal,20.0,R1,8,0.004864799993811175,2,0,False,20
baseline,train,g020nm_cooling_low_nominal,20.0,R1,9,0.005022299999836832,2,0,False,20
baseline,train,g020nm_cooling_low_nominal,20.0,R1,10,0.004445800004759803,2,0,False,20
baseline,train,g020nm_cooling_low_nominal,20.0,R1,11,0.0043169000127818435,2,0,False,20
baseline,train,g020nm_cooling_low_nominal,20.0,R1,12,0.004891899996437132,2,0,False,20
baseline,train,g020nm_cooling_low_nominal,20.0,R1,13,0.005119299981743097,2,0,False,20
baseline,train,g020nm_cooling_low_nominal,20.0,R1,14,0.00594420000561513,2,0,False,20
baseline,train,g020nm_cooling_low_nominal,20.0,R1,15,0.004859600012423471,2,0,False,20
baseline,train,g020nm_cooling_low_nominal,20.0,R1,16,0.0052060000016354024,2,0,False,20
baseline,train,g020nm_cooling_low_nominal,20.0,R1,17,0.0055902000167407095,2,0,False,20
baseline,train,g020nm_cooling_low_nominal,20.0,R1,18,0.004880499996943399,2,0,False,20
baseline,train,g020nm_cooling_low_nominal,20.0,R1,19,0.005432499980088323,2,0,False,20
baseline,train,g020nm_cooling_low_nominal,20.0,R2,0,0.011639100004686043,4,0,False,20
baseline,train,g020nm_cooling_low_nominal,20.0,R2,1,0.011092600005213171,4,0,False,20
baseline,train,g020nm_cooling_low_nominal,20.0,R2,2,0.010246500023640692,4,0,False,20
baseline,train,g020nm_cooling_low_nominal,20.0,R2,3,0.011044400016544387,4,0,False,20
baseline,train,g020nm_cooling_low_nominal,20.0,R2,4,0.010718800011090934,4,0,False,20
baseline,train,g020nm_cooling_low_nominal,20.0,R2,5,0.011209300020709634,4,0,False,20
baseline,train,g020nm_cooling_low_nominal,20.0,R2,6,0.010783400008222088,4,0,False,20
baseline,train,g020nm_cooling_low_nominal,20.0,R2,7,0.01096089999191463,4,0,False,20
baseline,train,g020nm_cooling_low_nominal,20.0,R2,8,0.00999789999332279,4,0,False,20
baseline,train,g020nm_cooling_low_nominal,20.0,R2,9,0.010882099973969162,4,0,False,20
baseline,train,g020nm_cooling_low_nominal,20.0,R2,10,0.010115999990375713,4,0,False,20
baseline,train,g020nm_cooling_low_nominal,20.0,R2,11,0.010385700006736442,4,0,False,20
baseline,train,g020nm_cooling_low_nominal,20.0,R2,12,0.011132999992696568,4,0,False,20
baseline,train,g020nm_cooling_low_nominal,20.0,R2,13,0.012036000000080094,4,0,False,20
baseline,train,g020nm_cooling_low_nominal,20.0,R2,14,0.011301999998977408,4,0,False,20
baseline,train,g020nm_cooling_low_nominal,20.0,R2,15,0.011004100000718608,4,0,False,20
baseline,train,g020nm_cooling_low_nominal,20.0,R2,16,0.011848699999973178,4,0,False,20
baseline,train,g020nm_cooling_low_nominal,20.0,R2,17,0.009094500011997297,4,0,False,20
baseline,train,g020nm_cooling_low_nominal,20.0,R2,18,0.009773600002517924,4,0,False,20
baseline,train,g020nm_cooling_low_nominal,20.0,R2,19,0.011438500019721687,4,0,False,20
baseline,validation,g020nm_cooling_near-transition_localized-sink,20.0,COLD,0,0.23146179999457672,79,0,False,10
baseline,validation,g020nm_cooling_near-transition_localized-sink,20.0,COLD,1,0.22139770002104342,79,0,False,10
baseline,validation,g020nm_cooling_near-transition_localized-sink,20.0,COLD,2,0.22303339999052696,79,0,False,10
baseline,validation,g020nm_cooling_near-transition_localized-sink,20.0,COLD,3,0.21644889999879524,79,0,False,10
baseline,validation,g020nm_cooling_near-transition_localized-sink,20.0,COLD,4,0.21318610000889748,79,0,False,10
baseline,validation,g020nm_cooling_near-transition_localized-sink,20.0,COLD,5,0.22934980000718497,79,0,False,10
baseline,validation,g020nm_cooling_near-transition_localized-sink,20.0,COLD,6,0.23995129999821074,79,0,False,10
baseline,validation,g020nm_cooling_near-transition_localized-sink,20.0,COLD,7,0.23525080000399612,79,0,False,10
baseline,validation,g020nm_cooling_near-transition_localized-sink,20.0,COLD,8,0.2152831999992486,79,0,False,10
baseline,validation,g020nm_cooling_near-transition_localized-sink,20.0,COLD,9,0.21403110001119785,79,0,False,10
baseline,validation,g020nm_cooling_near-transition_localized-sink,20.0,A1,0,0.004967099986970425,2,0,False,20
baseline,validation,g020nm_cooling_near-transition_localized-sink,20.0,A1,1,0.00589679999393411,2,0,False,20
baseline,validation,g020nm_cooling_near-transition_localized-sink,20.0,A1,2,0.006461799988755956,2,0,False,20
baseline,validation,g020nm_cooling_near-transition_localized-sink,20.0,A1,3,0.006106499989982694,2,0,False,20
baseline,validation,g020nm_cooling_near-transition_localized-sink,20.0,A1,4,0.005830900016007945,2,0,False,20
baseline,validation,g020nm_cooling_near-transition_localized-sink,20.0,A1,5,0.006525400007376447,2,0,False,20
baseline,validation,g020nm_cooling_near-transition_localized-sink,20.0,A1,6,0.00596489998861216,2,0,False,20
baseline,validation,g020nm_cooling_near-transition_localized-sink,20.0,A1,7,0.005572699999902397,2,0,False,20
baseline,validation,g020nm_cooling_near-transition_localized-sink,20.0,A1,8,0.00690129998838529,2,0,False,20
baseline,validation,g020nm_cooling_near-transition_localized-sink,20.0,A1,9,0.005659999995259568,2,0,False,20
baseline,validation,g020nm_cooling_near-transition_localized-sink,20.0,A1,10,0.0071699999971315265,2,0,False,20
baseline,validation,g020nm_cooling_near-transition_localized-sink,20.0,A1,11,0.00633979999111034,2,0,False,20
baseline,validation,g020nm_cooling_near-transition_localized-sink,20.0,A1,12,0.0055751999898348,2,0,False,20
baseline,validation,g020nm_cooling_near-transition_localized-sink,20.0,A1,13,0.00556789999245666,2,0,False,20
baseline,validation,g020nm_cooling_near-transition_localized-sink,20.0,A1,14,0.005701699992641807,2,0,False,20
baseline,validation,g020nm_cooling_near-transition_localized-sink,20.0,A1,15,0.006839200010290369,2,0,False,20
baseline,validation,g020nm_cooling_near-transition_localized-sink,20.0,A1,16,0.006442900019465014,2,0,False,20
baseline,validation,g020nm_cooling_near-transition_localized-sink,20.0,A1,17,0.006835800013504922,2,0,False,20
baseline,validation,g020nm_cooling_near-transition_localized-sink,20.0,A1,18,0.006198099988978356,2,0,False,20
baseline,validation,g020nm_cooling_near-transition_localized-sink,20.0,A1,19,0.0060680999886244535,2,0,False,20
baseline,validation,g020nm_cooling_near-transition_localized-sink,20.0,A2,0,0.012647099996684119,4,0,False,20
baseline,validation,g020nm_cooling_near-transition_localized-sink,20.0,A2,1,0.011106799996923655,4,0,False,20
baseline,validation,g020nm_cooling_near-transition_localized-sink,20.0,A2,2,0.01083059998927638,4,0,False,20
baseline,validation,g020nm_cooling_near-transition_localized-sink,20.0,A2,3,0.0126870000094641,4,0,False,20
baseline,validation,g020nm_cooling_near-transition_localized-sink,20.0,A2,4,0.011311500013107434,4,0,False,20
baseline,validation,g020nm_cooling_near-transition_localized-sink,20.0,A2,5,0.010339700005715713,4,0,False,20
baseline,validation,g020nm_cooling_near-transition_localized-sink,20.0,A2,6,0.01110020000487566,4,0,False,20
baseline,validation,g020nm_cooling_near-transition_localized-sink,20.0,A2,7,0.011887600005138665,4,0,False,20
baseline,validation,g020nm_cooling_near-transition_localized-sink,20.0,A2,8,0.008812899992335588,4,0,False,20
baseline,validation,g020nm_cooling_near-transition_localized-sink,20.0,A2,9,0.010972099989885464,4,0,False,20
baseline,validation,g020nm_cooling_near-transition_localized-sink,20.0,A2,10,0.009511600015684962,4,0,False,20
baseline,validation,g020nm_cooling_near-transition_localized-sink,20.0,A2,11,0.011812300013843924,4,0,False,20
baseline,validation,g020nm_cooling_near-transition_localized-sink,20.0,A2,12,0.011699800001224503,4,0,False,20
baseline,validation,g020nm_cooling_near-transition_localized-sink,20.0,A2,13,0.010888899996643886,4,0,False,20
baseline,validation,g020nm_cooling_near-transition_localized-sink,20.0,A2,14,0.01125879999017343,4,0,False,20
baseline,validation,g020nm_cooling_near-transition_localized-sink,20.0,A2,15,0.01070889999391511,4,0,False,20
baseline,validation,g020nm_cooling_near-transition_localized-sink,20.0,A2,16,0.011233199998969212,4,0,False,20
baseline,validation,g020nm_cooling_near-transition_localized-sink,20.0,A2,17,0.011340400000335649,4,0,False,20
baseline,validation,g020nm_cooling_near-transition_localized-sink,20.0,A2,18,0.009873800008790568,4,0,False,20
baseline,validation,g020nm_cooling_near-transition_localized-sink,20.0,A2,19,0.010792399989441037,4,0,False,20
baseline,validation,g020nm_cooling_near-transition_localized-sink,20.0,R0,0,0.004187699989415705,1,0,False,20
baseline,validation,g020nm_cooling_near-transition_localized-sink,20.0,R0,1,0.00386699999216944,1,0,False,20
baseline,validation,g020nm_cooling_near-transition_localized-sink,20.0,R0,2,0.004920999985188246,1,0,False,20
baseline,validation,g020nm_cooling_near-transition_localized-sink,20.0,R0,3,0.004736800008686259,1,0,False,20
baseline,validation,g020nm_cooling_near-transition_localized-sink,20.0,R0,4,0.004031000018585473,1,0,False,20
baseline,validation,g020nm_cooling_near-transition_localized-sink,20.0,R0,5,0.004017400002339855,1,0,False,20
baseline,validation,g020nm_cooling_near-transition_localized-sink,20.0,R0,6,0.005239099991740659,1,0,False,20
baseline,validation,g020nm_cooling_near-transition_localized-sink,20.0,R0,7,0.0039276999887079,1,0,False,20
baseline,validation,g020nm_cooling_near-transition_localized-sink,20.0,R0,8,0.0038795000000391155,1,0,False,20
baseline,validation,g020nm_cooling_near-transition_localized-sink,20.0,R0,9,0.004229699989082292,1,0,False,20
baseline,validation,g020nm_cooling_near-transition_localized-sink,20.0,R0,10,0.0035998999956063926,1,0,False,20
baseline,validation,g020nm_cooling_near-transition_localized-sink,20.0,R0,11,0.0040450999804306775,1,0,False,20
baseline,validation,g020nm_cooling_near-transition_localized-sink,20.0,R0,12,0.003854100010357797,1,0,False,20
baseline,validation,g020nm_cooling_near-transition_localized-sink,20.0,R0,13,0.0044203999859746546,1,0,False,20
baseline,validation,g020nm_cooling_near-transition_localized-sink,20.0,R0,14,0.005416799976956099,1,0,False,20
baseline,validation,g020nm_cooling_near-transition_localized-sink,20.0,R0,15,0.003968100005295128,1,0,False,20
baseline,validation,g020nm_cooling_near-transition_localized-sink,20.0,R0,16,0.003938000008929521,1,0,False,20
baseline,validation,g020nm_cooling_near-transition_localized-sink,20.0,R0,17,0.004842100024688989,1,0,False,20
baseline,validation,g020nm_cooling_near-transition_localized-sink,20.0,R0,18,0.004560500005027279,1,0,False,20
baseline,validation,g020nm_cooling_near-transition_localized-sink,20.0,R0,19,0.004068599984748289,1,0,False,20
baseline,validation,g020nm_cooling_near-transition_localized-sink,20.0,R1,0,0.005034800007706508,2,0,False,20
baseline,validation,g020nm_cooling_near-transition_localized-sink,20.0,R1,1,0.005464599991682917,2,0,False,20
baseline,validation,g020nm_cooling_near-transition_localized-sink,20.0,R1,2,0.004659400001401082,2,0,False,20
baseline,validation,g020nm_cooling_near-transition_localized-sink,20.0,R1,3,0.004274600010830909,2,0,False,20
baseline,validation,g020nm_cooling_near-transition_localized-sink,20.0,R1,4,0.005020699987653643,2,0,False,20
baseline,validation,g020nm_cooling_near-transition_localized-sink,20.0,R1,5,0.004920699982903898,2,0,False,20
baseline,validation,g020nm_cooling_near-transition_localized-sink,20.0,R1,6,0.005823900020914152,2,0,False,20
baseline,validation,g020nm_cooling_near-transition_localized-sink,20.0,R1,7,0.005235499993432313,2,0,False,20
baseline,validation,g020nm_cooling_near-transition_localized-sink,20.0,R1,8,0.005190199997741729,2,0,False,20
baseline,validation,g020nm_cooling_near-transition_localized-sink,20.0,R1,9,0.007047199993394315,2,0,False,20
baseline,validation,g020nm_cooling_near-transition_localized-sink,20.0,R1,10,0.005066199984867126,2,0,False,20
baseline,validation,g020nm_cooling_near-transition_localized-sink,20.0,R1,11,0.005764300003647804,2,0,False,20
baseline,validation,g020nm_cooling_near-transition_localized-sink,20.0,R1,12,0.00663609997718595,2,0,False,20
baseline,validation,g020nm_cooling_near-transition_localized-sink,20.0,R1,13,0.006097100005717948,2,0,False,20
baseline,validation,g020nm_cooling_near-transition_localized-sink,20.0,R1,14,0.005269799992674962,2,0,False,20
baseline,validation,g020nm_cooling_near-transition_localized-sink,20.0,R1,15,0.006441099976655096,2,0,False,20
baseline,validation,g020nm_cooling_near-transition_localized-sink,20.0,R1,16,0.00531889998819679,2,0,False,20
baseline,validation,g020nm_cooling_near-transition_localized-sink,20.0,R1,17,0.00637680001091212,2,0,False,20
baseline,validation,g020nm_cooling_near-transition_localized-sink,20.0,R1,18,0.006387700006598607,2,0,False,20
baseline,validation,g020nm_cooling_near-transition_localized-sink,20.0,R1,19,0.004874299978837371,2,0,False,20
baseline,validation,g020nm_cooling_near-transition_localized-sink,20.0,R2,0,0.010798500006785616,4,0,False,20
baseline,validation,g020nm_cooling_near-transition_localized-sink,20.0,R2,1,0.01210179997724481,4,0,False,20
baseline,validation,g020nm_cooling_near-transition_localized-sink,20.0,R2,2,0.010123299987753853,4,0,False,20
baseline,validation,g020nm_cooling_near-transition_localized-sink,20.0,R2,3,0.010253700020257384,4,0,False,20
baseline,validation,g020nm_cooling_near-transition_localized-sink,20.0,R2,4,0.011184800008777529,4,0,False,20
baseline,validation,g020nm_cooling_near-transition_localized-sink,20.0,R2,5,0.010304099996574223,4,0,False,20
baseline,validation,g020nm_cooling_near-transition_localized-sink,20.0,R2,6,0.010181000019656494,4,0,False,20
baseline,validation,g020nm_cooling_near-transition_localized-sink,20.0,R2,7,0.010905699979048222,4,0,False,20
baseline,validation,g020nm_cooling_near-transition_localized-sink,20.0,R2,8,0.00902450000285171,4,0,False,20
baseline,validation,g020nm_cooling_near-transition_localized-sink,20.0,R2,9,0.010784299985971302,4,0,False,20
baseline,validation,g020nm_cooling_near-transition_localized-sink,20.0,R2,10,0.009296100004576147,4,0,False,20
baseline,validation,g020nm_cooling_near-transition_localized-sink,20.0,R2,11,0.01052100001834333,4,0,False,20
baseline,validation,g020nm_cooling_near-transition_localized-sink,20.0,R2,12,0.010977700003422797,4,0,False,20
baseline,validation,g020nm_cooling_near-transition_localized-sink,20.0,R2,13,0.010746499989181757,4,0,False,20
baseline,validation,g020nm_cooling_near-transition_localized-sink,20.0,R2,14,0.010211799992248416,4,0,False,20
baseline,validation,g020nm_cooling_near-transition_localized-sink,20.0,R2,15,0.009961999981896952,4,0,False,20
baseline,validation,g020nm_cooling_near-transition_localized-sink,20.0,R2,16,0.010027300013462082,4,0,False,20
baseline,validation,g020nm_cooling_near-transition_localized-sink,20.0,R2,17,0.009799699997529387,4,0,False,20
baseline,validation,g020nm_cooling_near-transition_localized-sink,20.0,R2,18,0.01016520001576282,4,0,False,20
baseline,validation,g020nm_cooling_near-transition_localized-sink,20.0,R2,19,0.010871400008909404,4,0,False,20
baseline,train,g020nm_cooling_near-transition_nominal,20.0,COLD,0,0.1857231000030879,69,0,False,10
baseline,train,g020nm_cooling_near-transition_nominal,20.0,COLD,1,0.19737539999186993,69,0,False,10
baseline,train,g020nm_cooling_near-transition_nominal,20.0,COLD,2,0.19031679999898188,69,0,False,10
baseline,train,g020nm_cooling_near-transition_nominal,20.0,COLD,3,0.19604849998722784,69,0,False,10
baseline,train,g020nm_cooling_near-transition_nominal,20.0,COLD,4,0.19232309999642894,69,0,False,10
baseline,train,g020nm_cooling_near-transition_nominal,20.0,COLD,5,0.19208080001408234,69,0,False,10
baseline,train,g020nm_cooling_near-transition_nominal,20.0,COLD,6,0.1976062999747228,69,0,False,10
baseline,train,g020nm_cooling_near-transition_nominal,20.0,COLD,7,0.1904948000155855,69,0,False,10
baseline,train,g020nm_cooling_near-transition_nominal,20.0,COLD,8,0.19759620001423173,69,0,False,10
baseline,train,g020nm_cooling_near-transition_nominal,20.0,COLD,9,0.1936883000016678,69,0,False,10
baseline,train,g020nm_cooling_near-transition_nominal,20.0,A1,0,0.005664500000420958,2,0,False,20
baseline,train,g020nm_cooling_near-transition_nominal,20.0,A1,1,0.005935900000622496,2,0,False,20
baseline,train,g020nm_cooling_near-transition_nominal,20.0,A1,2,0.006552400009240955,2,0,False,20
baseline,train,g020nm_cooling_near-transition_nominal,20.0,A1,3,0.007796999998390675,2,0,False,20
baseline,train,g020nm_cooling_near-transition_nominal,20.0,A1,4,0.006546699994942173,2,0,False,20
baseline,train,g020nm_cooling_near-transition_nominal,20.0,A1,5,0.008387599984416738,2,0,False,20
baseline,train,g020nm_cooling_near-transition_nominal,20.0,A1,6,0.005869699991308153,2,0,False,20
baseline,train,g020nm_cooling_near-transition_nominal,20.0,A1,7,0.00665830000070855,2,0,False,20
baseline,train,g020nm_cooling_near-transition_nominal,20.0,A1,8,0.006300899985944852,2,0,False,20
baseline,train,g020nm_cooling_near-transition_nominal,20.0,A1,9,0.006383700005244464,2,0,False,20
baseline,train,g020nm_cooling_near-transition_nominal,20.0,A1,10,0.006364100001519546,2,0,False,20
baseline,train,g020nm_cooling_near-transition_nominal,20.0,A1,11,0.005543400009628385,2,0,False,20
baseline,train,g020nm_cooling_near-transition_nominal,20.0,A1,12,0.006250299979001284,2,0,False,20
baseline,train,g020nm_cooling_near-transition_nominal,20.0,A1,13,0.005383900017477572,2,0,False,20
baseline,train,g020nm_cooling_near-transition_nominal,20.0,A1,14,0.005543500010389835,2,0,False,20
baseline,train,g020nm_cooling_near-transition_nominal,20.0,A1,15,0.007918899995274842,2,0,False,20
baseline,train,g020nm_cooling_near-transition_nominal,20.0,A1,16,0.005414299987023696,2,0,False,20
baseline,train,g020nm_cooling_near-transition_nominal,20.0,A1,17,0.005328700004611164,2,0,False,20
baseline,train,g020nm_cooling_near-transition_nominal,20.0,A1,18,0.008205699996324256,2,0,False,20
baseline,train,g020nm_cooling_near-transition_nominal,20.0,A1,19,0.0071629000012762845,2,0,False,20
baseline,train,g020nm_cooling_near-transition_nominal,20.0,A2,0,0.00993870000820607,4,0,False,20
baseline,train,g020nm_cooling_near-transition_nominal,20.0,A2,1,0.011689399980241433,4,0,False,20
baseline,train,g020nm_cooling_near-transition_nominal,20.0,A2,2,0.010669199982658029,4,0,False,20
baseline,train,g020nm_cooling_near-transition_nominal,20.0,A2,3,0.01053870000760071,4,0,False,20
baseline,train,g020nm_cooling_near-transition_nominal,20.0,A2,4,0.012192700000014156,4,0,False,20
baseline,train,g020nm_cooling_near-transition_nominal,20.0,A2,5,0.011398300004657358,4,0,False,20
baseline,train,g020nm_cooling_near-transition_nominal,20.0,A2,6,0.01313740000477992,4,0,False,20
baseline,train,g020nm_cooling_near-transition_nominal,20.0,A2,7,0.01120229999651201,4,0,False,20
baseline,train,g020nm_cooling_near-transition_nominal,20.0,A2,8,0.007673600019188598,4,0,False,20
baseline,train,g020nm_cooling_near-transition_nominal,20.0,A2,9,0.01101580000249669,4,0,False,20
baseline,train,g020nm_cooling_near-transition_nominal,20.0,A2,10,0.01051200000802055,4,0,False,20
baseline,train,g020nm_cooling_near-transition_nominal,20.0,A2,11,0.011745099996915087,4,0,False,20
baseline,train,g020nm_cooling_near-transition_nominal,20.0,A2,12,0.011998300004051998,4,0,False,20
baseline,train,g020nm_cooling_near-transition_nominal,20.0,A2,13,0.01284549999400042,4,0,False,20
baseline,train,g020nm_cooling_near-transition_nominal,20.0,A2,14,0.010841299983439967,4,0,False,20
baseline,train,g020nm_cooling_near-transition_nominal,20.0,A2,15,0.011533599987160414,4,0,False,20
baseline,train,g020nm_cooling_near-transition_nominal,20.0,A2,16,0.009941800002707168,4,0,False,20
baseline,train,g020nm_cooling_near-transition_nominal,20.0,A2,17,0.010881399997742847,4,0,False,20
baseline,train,g020nm_cooling_near-transition_nominal,20.0,A2,18,0.012537700007669628,4,0,False,20
baseline,train,g020nm_cooling_near-transition_nominal,20.0,A2,19,0.011200100008863956,4,0,False,20
baseline,train,g020nm_cooling_near-transition_nominal,20.0,R0,0,0.004116700001759455,1,0,False,20
baseline,train,g020nm_cooling_near-transition_nominal,20.0,R0,1,0.0029966000001877546,1,0,False,20
baseline,train,g020nm_cooling_near-transition_nominal,20.0,R0,2,0.004206999990856275,1,0,False,20
baseline,train,g020nm_cooling_near-transition_nominal,20.0,R0,3,0.004041200008941814,1,0,False,20
baseline,train,g020nm_cooling_near-transition_nominal,20.0,R0,4,0.0038302999746520072,1,0,False,20
baseline,train,g020nm_cooling_near-transition_nominal,20.0,R0,5,0.0028326000028755516,1,0,False,20
baseline,train,g020nm_cooling_near-transition_nominal,20.0,R0,6,0.004676099983043969,1,0,False,20
baseline,train,g020nm_cooling_near-transition_nominal,20.0,R0,7,0.0042950000206474215,1,0,False,20
baseline,train,g020nm_cooling_near-transition_nominal,20.0,R0,8,0.003862700017634779,1,0,False,20
baseline,train,g020nm_cooling_near-transition_nominal,20.0,R0,9,0.0031343000009655952,1,0,False,20
baseline,train,g020nm_cooling_near-transition_nominal,20.0,R0,10,0.004363700019894168,1,0,False,20
baseline,train,g020nm_cooling_near-transition_nominal,20.0,R0,11,0.0044067999988328665,1,0,False,20
baseline,train,g020nm_cooling_near-transition_nominal,20.0,R0,12,0.0046808000188320875,1,0,False,20
baseline,train,g020nm_cooling_near-transition_nominal,20.0,R0,13,0.0044404000218492,1,0,False,20
baseline,train,g020nm_cooling_near-transition_nominal,20.0,R0,14,0.004280200024368241,1,0,False,20
baseline,train,g020nm_cooling_near-transition_nominal,20.0,R0,15,0.0042542000010143965,1,0,False,20
baseline,train,g020nm_cooling_near-transition_nominal,20.0,R0,16,0.003736500017112121,1,0,False,20
baseline,train,g020nm_cooling_near-transition_nominal,20.0,R0,17,0.004180299991276115,1,0,False,20
baseline,train,g020nm_cooling_near-transition_nominal,20.0,R0,18,0.0038904999964870512,1,0,False,20
baseline,train,g020nm_cooling_near-transition_nominal,20.0,R0,19,0.004569100012304261,1,0,False,20
baseline,train,g020nm_cooling_near-transition_nominal,20.0,R1,0,0.005122100003063679,2,0,False,20
baseline,train,g020nm_cooling_near-transition_nominal,20.0,R1,1,0.005238500016275793,2,0,False,20
baseline,train,g020nm_cooling_near-transition_nominal,20.0,R1,2,0.005459499981952831,2,0,False,20
baseline,train,g020nm_cooling_near-transition_nominal,20.0,R1,3,0.004880899999989197,2,0,False,20
baseline,train,g020nm_cooling_near-transition_nominal,20.0,R1,4,0.0060529999900609255,2,0,False,20
baseline,train,g020nm_cooling_near-transition_nominal,20.0,R1,5,0.005761499982327223,2,0,False,20
baseline,train,g020nm_cooling_near-transition_nominal,20.0,R1,6,0.004932000010740012,2,0,False,20
baseline,train,g020nm_cooling_near-transition_nominal,20.0,R1,7,0.0061147999949753284,2,0,False,20
baseline,train,g020nm_cooling_near-transition_nominal,20.0,R1,8,0.005095000000437722,2,0,False,20
baseline,train,g020nm_cooling_near-transition_nominal,20.0,R1,9,0.004899799998383969,2,0,False,20
baseline,train,g020nm_cooling_near-transition_nominal,20.0,R1,10,0.006316300015896559,2,0,False,20
baseline,train,g020nm_cooling_near-transition_nominal,20.0,R1,11,0.005047000013291836,2,0,False,20
baseline,train,g020nm_cooling_near-transition_nominal,20.0,R1,12,0.0048494999937247485,2,0,False,20
baseline,train,g020nm_cooling_near-transition_nominal,20.0,R1,13,0.006472899985965341,2,0,False,20
baseline,train,g020nm_cooling_near-transition_nominal,20.0,R1,14,0.006029299984220415,2,0,False,20
baseline,train,g020nm_cooling_near-transition_nominal,20.0,R1,15,0.00492929999018088,2,0,False,20
baseline,train,g020nm_cooling_near-transition_nominal,20.0,R1,16,0.006636300007812679,2,0,False,20
baseline,train,g020nm_cooling_near-transition_nominal,20.0,R1,17,0.005286899977363646,2,0,False,20
baseline,train,g020nm_cooling_near-transition_nominal,20.0,R1,18,0.004872000019531697,2,0,False,20
baseline,train,g020nm_cooling_near-transition_nominal,20.0,R1,19,0.008045499998843297,2,0,False,20
baseline,train,g020nm_cooling_near-transition_nominal,20.0,R2,0,0.010730400012107566,4,0,False,20
baseline,train,g020nm_cooling_near-transition_nominal,20.0,R2,1,0.009526099980575964,4,0,False,20
baseline,train,g020nm_cooling_near-transition_nominal,20.0,R2,2,0.009194300015224144,4,0,False,20
baseline,train,g020nm_cooling_near-transition_nominal,20.0,R2,3,0.010370900010457262,4,0,False,20
baseline,train,g020nm_cooling_near-transition_nominal,20.0,R2,4,0.010954700002912432,4,0,False,20
baseline,train,g020nm_cooling_near-transition_nominal,20.0,R2,5,0.009635900001740083,4,0,False,20
baseline,train,g020nm_cooling_near-transition_nominal,20.0,R2,6,0.01000830001430586,4,0,False,20
baseline,train,g020nm_cooling_near-transition_nominal,20.0,R2,7,0.009403000003658235,4,0,False,20
baseline,train,g020nm_cooling_near-transition_nominal,20.0,R2,8,0.011398400005418807,4,0,False,20
baseline,train,g020nm_cooling_near-transition_nominal,20.0,R2,9,0.01222910001524724,4,0,False,20
baseline,train,g020nm_cooling_near-transition_nominal,20.0,R2,10,0.009059599979082122,4,0,False,20
baseline,train,g020nm_cooling_near-transition_nominal,20.0,R2,11,0.010754299990367144,4,0,False,20
baseline,train,g020nm_cooling_near-transition_nominal,20.0,R2,12,0.010916600003838539,4,0,False,20
baseline,train,g020nm_cooling_near-transition_nominal,20.0,R2,13,0.012217099982080981,4,0,False,20
baseline,train,g020nm_cooling_near-transition_nominal,20.0,R2,14,0.009736000007251278,4,0,False,20
baseline,train,g020nm_cooling_near-transition_nominal,20.0,R2,15,0.010463599988725036,4,0,False,20
baseline,train,g020nm_cooling_near-transition_nominal,20.0,R2,16,0.011469999997643754,4,0,False,20
baseline,train,g020nm_cooling_near-transition_nominal,20.0,R2,17,0.010645000002114102,4,0,False,20
baseline,train,g020nm_cooling_near-transition_nominal,20.0,R2,18,0.009972900006687269,4,0,False,20
baseline,train,g020nm_cooling_near-transition_nominal,20.0,R2,19,0.013098099996568635,4,0,False,20
baseline,validation,g020nm_heating_high_localized-sink,20.0,COLD,0,0.24800630001118407,87,0,False,10
baseline,validation,g020nm_heating_high_localized-sink,20.0,COLD,1,0.25140430001192726,87,0,False,10
baseline,validation,g020nm_heating_high_localized-sink,20.0,COLD,2,0.23742789999232627,87,0,False,10
baseline,validation,g020nm_heating_high_localized-sink,20.0,COLD,3,0.24377840000670403,87,0,False,10
baseline,validation,g020nm_heating_high_localized-sink,20.0,COLD,4,0.23870420001912862,87,0,False,10
baseline,validation,g020nm_heating_high_localized-sink,20.0,COLD,5,0.2402033999969717,87,0,False,10
baseline,validation,g020nm_heating_high_localized-sink,20.0,COLD,6,0.24769740001647733,87,0,False,10
baseline,validation,g020nm_heating_high_localized-sink,20.0,COLD,7,0.2455070000141859,87,0,False,10
baseline,validation,g020nm_heating_high_localized-sink,20.0,COLD,8,0.23390979997930117,87,0,False,10
baseline,validation,g020nm_heating_high_localized-sink,20.0,COLD,9,0.25123990001156926,87,0,False,10
baseline,validation,g020nm_heating_high_localized-sink,20.0,A1,0,0.007063800003379583,2,0,False,20
baseline,validation,g020nm_heating_high_localized-sink,20.0,A1,1,0.0067414999939501286,2,0,False,20
baseline,validation,g020nm_heating_high_localized-sink,20.0,A1,2,0.006732300011208281,2,0,False,20
baseline,validation,g020nm_heating_high_localized-sink,20.0,A1,3,0.005965400021523237,2,0,False,20
baseline,validation,g020nm_heating_high_localized-sink,20.0,A1,4,0.005984899995382875,2,0,False,20
baseline,validation,g020nm_heating_high_localized-sink,20.0,A1,5,0.0067152999981772155,2,0,False,20
baseline,validation,g020nm_heating_high_localized-sink,20.0,A1,6,0.00544489998719655,2,0,False,20
baseline,validation,g020nm_heating_high_localized-sink,20.0,A1,7,0.006823800009442493,2,0,False,20
baseline,validation,g020nm_heating_high_localized-sink,20.0,A1,8,0.006307900010142475,2,0,False,20
baseline,validation,g020nm_heating_high_localized-sink,20.0,A1,9,0.0056798000005073845,2,0,False,20
baseline,validation,g020nm_heating_high_localized-sink,20.0,A1,10,0.004894200013950467,2,0,False,20
baseline,validation,g020nm_heating_high_localized-sink,20.0,A1,11,0.005389199999626726,2,0,False,20
baseline,validation,g020nm_heating_high_localized-sink,20.0,A1,12,0.006034300022292882,2,0,False,20
baseline,validation,g020nm_heating_high_localized-sink,20.0,A1,13,0.0068660000106319785,2,0,False,20
baseline,validation,g020nm_heating_high_localized-sink,20.0,A1,14,0.005452800018247217,2,0,False,20
baseline,validation,g020nm_heating_high_localized-sink,20.0,A1,15,0.005894400004763156,2,0,False,20
baseline,validation,g020nm_heating_high_localized-sink,20.0,A1,16,0.006060199986677617,2,0,False,20
baseline,validation,g020nm_heating_high_localized-sink,20.0,A1,17,0.006065599998692051,2,0,False,20
baseline,validation,g020nm_heating_high_localized-sink,20.0,A1,18,0.006354299985105172,2,0,False,20
baseline,validation,g020nm_heating_high_localized-sink,20.0,A1,19,0.005798900005174801,2,0,False,20
baseline,validation,g020nm_heating_high_localized-sink,20.0,A2,0,0.012575599976116791,4,0,False,20
baseline,validation,g020nm_heating_high_localized-sink,20.0,A2,1,0.010141200007637963,4,0,False,20
baseline,validation,g020nm_heating_high_localized-sink,20.0,A2,2,0.010485799983143806,4,0,False,20
baseline,validation,g020nm_heating_high_localized-sink,20.0,A2,3,0.012158300000010058,4,0,False,20
baseline,validation,g020nm_heating_high_localized-sink,20.0,A2,4,0.013015299977269024,4,0,False,20
baseline,validation,g020nm_heating_high_localized-sink,20.0,A2,5,0.01099050001357682,4,0,False,20
baseline,validation,g020nm_heating_high_localized-sink,20.0,A2,6,0.011177400010637939,4,0,False,20
baseline,validation,g020nm_heating_high_localized-sink,20.0,A2,7,0.011502899986226112,4,0,False,20
baseline,validation,g020nm_heating_high_localized-sink,20.0,A2,8,0.011397200025385246,4,0,False,20
baseline,validation,g020nm_heating_high_localized-sink,20.0,A2,9,0.006104800006141886,4,0,False,20
baseline,validation,g020nm_heating_high_localized-sink,20.0,A2,10,0.010387699992861599,4,0,False,20
baseline,validation,g020nm_heating_high_localized-sink,20.0,A2,11,0.011719199974322692,4,0,False,20
baseline,validation,g020nm_heating_high_localized-sink,20.0,A2,12,0.010064100002637133,4,0,False,20
baseline,validation,g020nm_heating_high_localized-sink,20.0,A2,13,0.010345899994717911,4,0,False,20
baseline,validation,g020nm_heating_high_localized-sink,20.0,A2,14,0.01120379997882992,4,0,False,20
baseline,validation,g020nm_heating_high_localized-sink,20.0,A2,15,0.010652099997969344,4,0,False,20
baseline,validation,g020nm_heating_high_localized-sink,20.0,A2,16,0.013914300012402236,4,0,False,20
baseline,validation,g020nm_heating_high_localized-sink,20.0,A2,17,0.012508899992099032,4,0,False,20
baseline,validation,g020nm_heating_high_localized-sink,20.0,A2,18,0.012397899990901351,4,0,False,20
baseline,validation,g020nm_heating_high_localized-sink,20.0,A2,19,0.011484299990115687,4,0,False,20
baseline,validation,g020nm_heating_high_localized-sink,20.0,R0,0,0.0039453000063076615,1,0,False,20
baseline,validation,g020nm_heating_high_localized-sink,20.0,R0,1,0.0038305999769363552,1,0,False,20
baseline,validation,g020nm_heating_high_localized-sink,20.0,R0,2,0.004260899993823841,1,0,False,20
baseline,validation,g020nm_heating_high_localized-sink,20.0,R0,3,0.0056306999758817255,1,0,False,20
baseline,validation,g020nm_heating_high_localized-sink,20.0,R0,4,0.00483150000218302,1,0,False,20
baseline,validation,g020nm_heating_high_localized-sink,20.0,R0,5,0.004357899975730106,1,0,False,20
baseline,validation,g020nm_heating_high_localized-sink,20.0,R0,6,0.004150599997956306,1,0,False,20
baseline,validation,g020nm_heating_high_localized-sink,20.0,R0,7,0.004414199996972457,1,0,False,20
baseline,validation,g020nm_heating_high_localized-sink,20.0,R0,8,0.0040191999869421124,1,0,False,20
baseline,validation,g020nm_heating_high_localized-sink,20.0,R0,9,0.0038674999959766865,1,0,False,20
baseline,validation,g020nm_heating_high_localized-sink,20.0,R0,10,0.00630280000041239,1,0,False,20
baseline,validation,g020nm_heating_high_localized-sink,20.0,R0,11,0.0049159000045619905,1,0,False,20
baseline,validation,g020nm_heating_high_localized-sink,20.0,R0,12,0.004128900007344782,1,0,False,20
baseline,validation,g020nm_heating_high_localized-sink,20.0,R0,13,0.002736399997957051,1,0,False,20
baseline,validation,g020nm_heating_high_localized-sink,20.0,R0,14,0.004950200003804639,1,0,False,20
baseline,validation,g020nm_heating_high_localized-sink,20.0,R0,15,0.00465819999226369,1,0,False,20
baseline,validation,g020nm_heating_high_localized-sink,20.0,R0,16,0.004311699973186478,1,0,False,20
baseline,validation,g020nm_heating_high_localized-sink,20.0,R0,17,0.004621000000042841,1,0,False,20
baseline,validation,g020nm_heating_high_localized-sink,20.0,R0,18,0.004285100003471598,1,0,False,20
baseline,validation,g020nm_heating_high_localized-sink,20.0,R0,19,0.004455100017366931,1,0,False,20
baseline,validation,g020nm_heating_high_localized-sink,20.0,R1,0,0.005845900013810024,2,0,False,20
baseline,validation,g020nm_heating_high_localized-sink,20.0,R1,1,0.005652200023178011,2,0,False,20
baseline,validation,g020nm_heating_high_localized-sink,20.0,R1,2,0.003851500019663945,2,0,False,20
baseline,validation,g020nm_heating_high_localized-sink,20.0,R1,3,0.006484600016847253,2,0,False,20
baseline,validation,g020nm_heating_high_localized-sink,20.0,R1,4,0.005544500018004328,2,0,False,20
baseline,validation,g020nm_heating_high_localized-sink,20.0,R1,5,0.004163800011156127,2,0,False,20
baseline,validation,g020nm_heating_high_localized-sink,20.0,R1,6,0.0048670999822206795,2,0,False,20
baseline,validation,g020nm_heating_high_localized-sink,20.0,R1,7,0.005962099996395409,2,0,False,20
baseline,validation,g020nm_heating_high_localized-sink,20.0,R1,8,0.007394099986413494,2,0,False,20
baseline,validation,g020nm_heating_high_localized-sink,20.0,R1,9,0.005137500003911555,2,0,False,20
baseline,validation,g020nm_heating_high_localized-sink,20.0,R1,10,0.006412300019292161,2,0,False,20
baseline,validation,g020nm_heating_high_localized-sink,20.0,R1,11,0.005972800019662827,2,0,False,20
baseline,validation,g020nm_heating_high_localized-sink,20.0,R1,12,0.005453200021293014,2,0,False,20
baseline,validation,g020nm_heating_high_localized-sink,20.0,R1,13,0.004672900016885251,2,0,False,20
baseline,validation,g020nm_heating_high_localized-sink,20.0,R1,14,0.004163200006587431,2,0,False,20
baseline,validation,g020nm_heating_high_localized-sink,20.0,R1,15,0.004816399974515662,2,0,False,20
baseline,validation,g020nm_heating_high_localized-sink,20.0,R1,16,0.00553530000615865,2,0,False,20
baseline,validation,g020nm_heating_high_localized-sink,20.0,R1,17,0.006822600000305101,2,0,False,20
baseline,validation,g020nm_heating_high_localized-sink,20.0,R1,18,0.005133200000273064,2,0,False,20
baseline,validation,g020nm_heating_high_localized-sink,20.0,R1,19,0.004856200015638024,2,0,False,20
baseline,validation,g020nm_heating_high_localized-sink,20.0,R2,0,0.010842099989531562,4,0,False,20
baseline,validation,g020nm_heating_high_localized-sink,20.0,R2,1,0.010146299988264218,4,0,False,20
baseline,validation,g020nm_heating_high_localized-sink,20.0,R2,2,0.011139999987790361,4,0,False,20
baseline,validation,g020nm_heating_high_localized-sink,20.0,R2,3,0.011323599988827482,4,0,False,20
baseline,validation,g020nm_heating_high_localized-sink,20.0,R2,4,0.011029499990399927,4,0,False,20
baseline,validation,g020nm_heating_high_localized-sink,20.0,R2,5,0.010416100005386397,4,0,False,20
baseline,validation,g020nm_heating_high_localized-sink,20.0,R2,6,0.01083489999291487,4,0,False,20
baseline,validation,g020nm_heating_high_localized-sink,20.0,R2,7,0.008550099999411032,4,0,False,20
baseline,validation,g020nm_heating_high_localized-sink,20.0,R2,8,0.010280999995302409,4,0,False,20
baseline,validation,g020nm_heating_high_localized-sink,20.0,R2,9,0.010627200012095273,4,0,False,20
baseline,validation,g020nm_heating_high_localized-sink,20.0,R2,10,0.010227299993857741,4,0,False,20
baseline,validation,g020nm_heating_high_localized-sink,20.0,R2,11,0.010576899978332222,4,0,False,20
baseline,validation,g020nm_heating_high_localized-sink,20.0,R2,12,0.008919899992179126,4,0,False,20
baseline,validation,g020nm_heating_high_localized-sink,20.0,R2,13,0.011421900009736419,4,0,False,20
baseline,validation,g020nm_heating_high_localized-sink,20.0,R2,14,0.010892999998759478,4,0,False,20
baseline,validation,g020nm_heating_high_localized-sink,20.0,R2,15,0.010966700006974861,4,0,False,20
baseline,validation,g020nm_heating_high_localized-sink,20.0,R2,16,0.009378199989441782,4,0,False,20
baseline,validation,g020nm_heating_high_localized-sink,20.0,R2,17,0.010215199989033863,4,0,False,20
baseline,validation,g020nm_heating_high_localized-sink,20.0,R2,18,0.008728999993763864,4,0,False,20
baseline,validation,g020nm_heating_high_localized-sink,20.0,R2,19,0.010517099988646805,4,0,False,20
baseline,train,g020nm_heating_high_nominal,20.0,COLD,0,0.2328235000022687,85,0,False,10
baseline,train,g020nm_heating_high_nominal,20.0,COLD,1,0.2353970000112895,85,0,False,10
baseline,train,g020nm_heating_high_nominal,20.0,COLD,2,0.23016829998232424,85,0,False,10
baseline,train,g020nm_heating_high_nominal,20.0,COLD,3,0.2449272999947425,85,0,False,10
baseline,train,g020nm_heating_high_nominal,20.0,COLD,4,0.234909399994649,85,0,False,10
baseline,train,g020nm_heating_high_nominal,20.0,COLD,5,0.24366969999391586,85,0,False,10
baseline,train,g020nm_heating_high_nominal,20.0,COLD,6,0.23452759999781847,85,0,False,10
baseline,train,g020nm_heating_high_nominal,20.0,COLD,7,0.2383978999860119,85,0,False,10
baseline,train,g020nm_heating_high_nominal,20.0,COLD,8,0.2429378000088036,85,0,False,10
baseline,train,g020nm_heating_high_nominal,20.0,COLD,9,0.2354330999951344,85,0,False,10
baseline,train,g020nm_heating_high_nominal,20.0,A1,0,0.006516599998576567,2,0,False,20
baseline,train,g020nm_heating_high_nominal,20.0,A1,1,0.005386800010455772,2,0,False,20
baseline,train,g020nm_heating_high_nominal,20.0,A1,2,0.00592490000417456,2,0,False,20
baseline,train,g020nm_heating_high_nominal,20.0,A1,3,0.006971099996007979,2,0,False,20
baseline,train,g020nm_heating_high_nominal,20.0,A1,4,0.00534860001062043,2,0,False,20
baseline,train,g020nm_heating_high_nominal,20.0,A1,5,0.006833899999037385,2,0,False,20
baseline,train,g020nm_heating_high_nominal,20.0,A1,6,0.005920399999013171,2,0,False,20
baseline,train,g020nm_heating_high_nominal,20.0,A1,7,0.0053536000195890665,2,0,False,20
baseline,train,g020nm_heating_high_nominal,20.0,A1,8,0.006292000005487353,2,0,False,20
baseline,train,g020nm_heating_high_nominal,20.0,A1,9,0.005493600008776411,2,0,False,20
baseline,train,g020nm_heating_high_nominal,20.0,A1,10,0.004380500002298504,2,0,False,20
baseline,train,g020nm_heating_high_nominal,20.0,A1,11,0.006540900008985773,2,0,False,20
baseline,train,g020nm_heating_high_nominal,20.0,A1,12,0.005553199996938929,2,0,False,20
baseline,train,g020nm_heating_high_nominal,20.0,A1,13,0.006816400011302903,2,0,False,20
baseline,train,g020nm_heating_high_nominal,20.0,A1,14,0.0056936999899335206,2,0,False,20
baseline,train,g020nm_heating_high_nominal,20.0,A1,15,0.005344700010027736,2,0,False,20
baseline,train,g020nm_heating_high_nominal,20.0,A1,16,0.00441380002303049,2,0,False,20
baseline,train,g020nm_heating_high_nominal,20.0,A1,17,0.006156800023745745,2,0,False,20
baseline,train,g020nm_heating_high_nominal,20.0,A1,18,0.005357800022466108,2,0,False,20
baseline,train,g020nm_heating_high_nominal,20.0,A1,19,0.006046700000297278,2,0,False,20
baseline,train,g020nm_heating_high_nominal,20.0,A2,0,0.01147349999519065,4,0,False,20
baseline,train,g020nm_heating_high_nominal,20.0,A2,1,0.008853199979057536,4,0,False,20
baseline,train,g020nm_heating_high_nominal,20.0,A2,2,0.011206600000150502,4,0,False,20
baseline,train,g020nm_heating_high_nominal,20.0,A2,3,0.010812199994688854,4,0,False,20
baseline,train,g020nm_heating_high_nominal,20.0,A2,4,0.011454799998318776,4,0,False,20
baseline,train,g020nm_heating_high_nominal,20.0,A2,5,0.012065199989592656,4,0,False,20
baseline,train,g020nm_heating_high_nominal,20.0,A2,6,0.011653900000965223,4,0,False,20
baseline,train,g020nm_heating_high_nominal,20.0,A2,7,0.011899800010723993,4,0,False,20
baseline,train,g020nm_heating_high_nominal,20.0,A2,8,0.011305599997285753,4,0,False,20
baseline,train,g020nm_heating_high_nominal,20.0,A2,9,0.012342299974989146,4,0,False,20
baseline,train,g020nm_heating_high_nominal,20.0,A2,10,0.011200700013432652,4,0,False,20
baseline,train,g020nm_heating_high_nominal,20.0,A2,11,0.011219500011065975,4,0,False,20
baseline,train,g020nm_heating_high_nominal,20.0,A2,12,0.013650999986566603,4,0,False,20
baseline,train,g020nm_heating_high_nominal,20.0,A2,13,0.011724399984814227,4,0,False,20
baseline,train,g020nm_heating_high_nominal,20.0,A2,14,0.01489600000786595,4,0,False,20
baseline,train,g020nm_heating_high_nominal,20.0,A2,15,0.015253399993525818,4,0,False,20
baseline,train,g020nm_heating_high_nominal,20.0,A2,16,0.010180000012042001,4,0,False,20
baseline,train,g020nm_heating_high_nominal,20.0,A2,17,0.012582399998791516,4,0,False,20
baseline,train,g020nm_heating_high_nominal,20.0,A2,18,0.011021200014511123,4,0,False,20
baseline,train,g020nm_heating_high_nominal,20.0,A2,19,0.011607600026763976,4,0,False,20
baseline,train,g020nm_heating_high_nominal,20.0,R0,0,0.0041748000076040626,1,0,False,20
baseline,train,g020nm_heating_high_nominal,20.0,R0,1,0.0035410000127740204,1,0,False,20
baseline,train,g020nm_heating_high_nominal,20.0,R0,2,0.003342299984069541,1,0,False,20
baseline,train,g020nm_heating_high_nominal,20.0,R0,3,0.004346300003817305,1,0,False,20
baseline,train,g020nm_heating_high_nominal,20.0,R0,4,0.004154299997026101,1,0,False,20
baseline,train,g020nm_heating_high_nominal,20.0,R0,5,0.0037867000210098922,1,0,False,20
baseline,train,g020nm_heating_high_nominal,20.0,R0,6,0.0032116999791469425,1,0,False,20
baseline,train,g020nm_heating_high_nominal,20.0,R0,7,0.004042200016556308,1,0,False,20
baseline,train,g020nm_heating_high_nominal,20.0,R0,8,0.004496400011703372,1,0,False,20
baseline,train,g020nm_heating_high_nominal,20.0,R0,9,0.003783200023462996,1,0,False,20
baseline,train,g020nm_heating_high_nominal,20.0,R0,10,0.003498799982480705,1,0,False,20
baseline,train,g020nm_heating_high_nominal,20.0,R0,11,0.003894399997079745,1,0,False,20
baseline,train,g020nm_heating_high_nominal,20.0,R0,12,0.004573200014419854,1,0,False,20
baseline,train,g020nm_heating_high_nominal,20.0,R0,13,0.005004800012102351,1,0,False,20
baseline,train,g020nm_heating_high_nominal,20.0,R0,14,0.003941999981179833,1,0,False,20
baseline,train,g020nm_heating_high_nominal,20.0,R0,15,0.0039554999966640025,1,0,False,20
baseline,train,g020nm_heating_high_nominal,20.0,R0,16,0.004389600013382733,1,0,False,20
baseline,train,g020nm_heating_high_nominal,20.0,R0,17,0.005413000006228685,1,0,False,20
baseline,train,g020nm_heating_high_nominal,20.0,R0,18,0.003916999994544312,1,0,False,20
baseline,train,g020nm_heating_high_nominal,20.0,R0,19,0.004880899999989197,1,0,False,20
baseline,train,g020nm_heating_high_nominal,20.0,R1,0,0.0056868999963626266,2,0,False,20
baseline,train,g020nm_heating_high_nominal,20.0,R1,1,0.006298499996773899,2,0,False,20
baseline,train,g020nm_heating_high_nominal,20.0,R1,2,0.005141999979969114,2,0,False,20
baseline,train,g020nm_heating_high_nominal,20.0,R1,3,0.005771600001025945,2,0,False,20
baseline,train,g020nm_heating_high_nominal,20.0,R1,4,0.006823900010203943,2,0,False,20
baseline,train,g020nm_heating_high_nominal,20.0,R1,5,0.006973999988986179,2,0,False,20
baseline,train,g020nm_heating_high_nominal,20.0,R1,6,0.00622129999101162,2,0,False,20
baseline,train,g020nm_heating_high_nominal,20.0,R1,7,0.0054425999987870455,2,0,False,20
baseline,train,g020nm_heating_high_nominal,20.0,R1,8,0.004921700019622222,2,0,False,20
baseline,train,g020nm_heating_high_nominal,20.0,R1,9,0.006038300023647025,2,0,False,20
baseline,train,g020nm_heating_high_nominal,20.0,R1,10,0.005067100020824,2,0,False,20
baseline,train,g020nm_heating_high_nominal,20.0,R1,11,0.00499460002174601,2,0,False,20
baseline,train,g020nm_heating_high_nominal,20.0,R1,12,0.007009900000412017,2,0,False,20
baseline,train,g020nm_heating_high_nominal,20.0,R1,13,0.005883300007553771,2,0,False,20
baseline,train,g020nm_heating_high_nominal,20.0,R1,14,0.0049226999981328845,2,0,False,20
baseline,train,g020nm_heating_high_nominal,20.0,R1,15,0.0062719999987166375,2,0,False,20
baseline,train,g020nm_heating_high_nominal,20.0,R1,16,0.005884699989110231,2,0,False,20
baseline,train,g020nm_heating_high_nominal,20.0,R1,17,0.005279499979224056,2,0,False,20
baseline,train,g020nm_heating_high_nominal,20.0,R1,18,0.005447600007755682,2,0,False,20
baseline,train,g020nm_heating_high_nominal,20.0,R1,19,0.005517700017662719,2,0,False,20
baseline,train,g020nm_heating_high_nominal,20.0,R2,0,0.009161099995253608,4,0,False,20
baseline,train,g020nm_heating_high_nominal,20.0,R2,1,0.010955800011288375,4,0,False,20
baseline,train,g020nm_heating_high_nominal,20.0,R2,2,0.011179099994478747,4,0,False,20
baseline,train,g020nm_heating_high_nominal,20.0,R2,3,0.011539500002982095,4,0,False,20
baseline,train,g020nm_heating_high_nominal,20.0,R2,4,0.012913400016259402,4,0,False,20
baseline,train,g020nm_heating_high_nominal,20.0,R2,5,0.010396699974080548,4,0,False,20
baseline,train,g020nm_heating_high_nominal,20.0,R2,6,0.009052800014615059,4,0,False,20
baseline,train,g020nm_heating_high_nominal,20.0,R2,7,0.01012690001516603,4,0,False,20
baseline,train,g020nm_heating_high_nominal,20.0,R2,8,0.009962099982658401,4,0,False,20
baseline,train,g020nm_heating_high_nominal,20.0,R2,9,0.011935099988477305,4,0,False,20
baseline,train,g020nm_heating_high_nominal,20.0,R2,10,0.01004679998732172,4,0,False,20
baseline,train,g020nm_heating_high_nominal,20.0,R2,11,0.010577400011243299,4,0,False,20
baseline,train,g020nm_heating_high_nominal,20.0,R2,12,0.013085299986414611,4,0,False,20
baseline,train,g020nm_heating_high_nominal,20.0,R2,13,0.013971099979244173,4,0,False,20
baseline,train,g020nm_heating_high_nominal,20.0,R2,14,0.012575300002936274,4,0,False,20
baseline,train,g020nm_heating_high_nominal,20.0,R2,15,0.010337899992009625,4,0,False,20
baseline,train,g020nm_heating_high_nominal,20.0,R2,16,0.011793099984060973,4,0,False,20
baseline,train,g020nm_heating_high_nominal,20.0,R2,17,0.011844499997096136,4,0,False,20
baseline,train,g020nm_heating_high_nominal,20.0,R2,18,0.010813100001541898,4,0,False,20
baseline,train,g020nm_heating_high_nominal,20.0,R2,19,0.012657899991609156,4,0,False,20
baseline,train,g020nm_heating_low_localized-sink,20.0,COLD,0,0.21444090001750737,79,0,False,10
baseline,train,g020nm_heating_low_localized-sink,20.0,COLD,1,0.21389060001820326,79,0,False,10
baseline,train,g020nm_heating_low_localized-sink,20.0,COLD,2,0.21391420002328232,79,0,False,10
baseline,train,g020nm_heating_low_localized-sink,20.0,COLD,3,0.21408280002651736,79,0,False,10
baseline,train,g020nm_heating_low_localized-sink,20.0,COLD,4,0.21525030001066625,79,0,False,10
baseline,train,g020nm_heating_low_localized-sink,20.0,COLD,5,0.22076730002299882,79,0,False,10
baseline,train,g020nm_heating_low_localized-sink,20.0,COLD,6,0.2187475000100676,79,0,False,10
baseline,train,g020nm_heating_low_localized-sink,20.0,COLD,7,0.21553280000807717,79,0,False,10
baseline,train,g020nm_heating_low_localized-sink,20.0,COLD,8,0.20862340001622215,79,0,False,10
baseline,train,g020nm_heating_low_localized-sink,20.0,COLD,9,0.20954020001227036,79,0,False,10
baseline,train,g020nm_heating_low_localized-sink,20.0,A1,0,0.005975000007310882,2,0,False,20
baseline,train,g020nm_heating_low_localized-sink,20.0,A1,1,0.0067516999843064696,2,0,False,20
baseline,train,g020nm_heating_low_localized-sink,20.0,A1,2,0.005545299994992092,2,0,False,20
baseline,train,g020nm_heating_low_localized-sink,20.0,A1,3,0.0061809000035282224,2,0,False,20
baseline,train,g020nm_heating_low_localized-sink,20.0,A1,4,0.004677000019000843,2,0,False,20
baseline,train,g020nm_heating_low_localized-sink,20.0,A1,5,0.005324500001734123,2,0,False,20
baseline,train,g020nm_heating_low_localized-sink,20.0,A1,6,0.007406399992760271,2,0,False,20
baseline,train,g020nm_heating_low_localized-sink,20.0,A1,7,0.008416399999987334,2,0,False,20
baseline,train,g020nm_heating_low_localized-sink,20.0,A1,8,0.007324899983359501,2,0,False,20
baseline,train,g020nm_heating_low_localized-sink,20.0,A1,9,0.005479599989484996,2,0,False,20
baseline,train,g020nm_heating_low_localized-sink,20.0,A1,10,0.005561800004215911,2,0,False,20
baseline,train,g020nm_heating_low_localized-sink,20.0,A1,11,0.007991399994352832,2,0,False,20
baseline,train,g020nm_heating_low_localized-sink,20.0,A1,12,0.005559699988225475,2,0,False,20
baseline,train,g020nm_heating_low_localized-sink,20.0,A1,13,0.004883499990683049,2,0,False,20
baseline,train,g020nm_heating_low_localized-sink,20.0,A1,14,0.006097300007240847,2,0,False,20
baseline,train,g020nm_heating_low_localized-sink,20.0,A1,15,0.00531160001992248,2,0,False,20
baseline,train,g020nm_heating_low_localized-sink,20.0,A1,16,0.006042900000466034,2,0,False,20
baseline,train,g020nm_heating_low_localized-sink,20.0,A1,17,0.005459000007249415,2,0,False,20
baseline,train,g020nm_heating_low_localized-sink,20.0,A1,18,0.00526859998353757,2,0,False,20
baseline,train,g020nm_heating_low_localized-sink,20.0,A1,19,0.006790500017814338,2,0,False,20
baseline,train,g020nm_heating_low_localized-sink,20.0,A2,0,0.010921999986749142,4,0,False,20
baseline,train,g020nm_heating_low_localized-sink,20.0,A2,1,0.00991049999720417,4,0,False,20
baseline,train,g020nm_heating_low_localized-sink,20.0,A2,2,0.01040840000496246,4,0,False,20
baseline,train,g020nm_heating_low_localized-sink,20.0,A2,3,0.013177899993024766,4,0,False,20
baseline,train,g020nm_heating_low_localized-sink,20.0,A2,4,0.01307070002076216,4,0,False,20
baseline,train,g020nm_heating_low_localized-sink,20.0,A2,5,0.010953100019833073,4,0,False,20
baseline,train,g020nm_heating_low_localized-sink,20.0,A2,6,0.011490100005175918,4,0,False,20
baseline,train,g020nm_heating_low_localized-sink,20.0,A2,7,0.010567799996351823,4,0,False,20
baseline,train,g020nm_heating_low_localized-sink,20.0,A2,8,0.01397299999371171,4,0,False,20
baseline,train,g020nm_heating_low_localized-sink,20.0,A2,9,0.01418050000211224,4,0,False,20
baseline,train,g020nm_heating_low_localized-sink,20.0,A2,10,0.012422900006640702,4,0,False,20
baseline,train,g020nm_heating_low_localized-sink,20.0,A2,11,0.013642000005347654,4,0,False,20
baseline,train,g020nm_heating_low_localized-sink,20.0,A2,12,0.010930899996310472,4,0,False,20
baseline,train,g020nm_heating_low_localized-sink,20.0,A2,13,0.010527000005822629,4,0,False,20
baseline,train,g020nm_heating_low_localized-sink,20.0,A2,14,0.01327359999413602,4,0,False,20
baseline,train,g020nm_heating_low_localized-sink,20.0,A2,15,0.011608800006797537,4,0,False,20
baseline,train,g020nm_heating_low_localized-sink,20.0,A2,16,0.010672300006262958,4,0,False,20
baseline,train,g020nm_heating_low_localized-sink,20.0,A2,17,0.009910199994919822,4,0,False,20
baseline,train,g020nm_heating_low_localized-sink,20.0,A2,18,0.010439799982123077,4,0,False,20
baseline,train,g020nm_heating_low_localized-sink,20.0,A2,19,0.012437900004442781,4,0,False,20
baseline,train,g020nm_heating_low_localized-sink,20.0,R0,0,0.005096000008052215,1,0,False,20
baseline,train,g020nm_heating_low_localized-sink,20.0,R0,1,0.00464479997754097,1,0,False,20
baseline,train,g020nm_heating_low_localized-sink,20.0,R0,2,0.004785400000400841,1,0,False,20
baseline,train,g020nm_heating_low_localized-sink,20.0,R0,3,0.004375499993329868,1,0,False,20
baseline,train,g020nm_heating_low_localized-sink,20.0,R0,4,0.004088299989234656,1,0,False,20
baseline,train,g020nm_heating_low_localized-sink,20.0,R0,5,0.004782800009706989,1,0,False,20
baseline,train,g020nm_heating_low_localized-sink,20.0,R0,6,0.005314000009093434,1,0,False,20
baseline,train,g020nm_heating_low_localized-sink,20.0,R0,7,0.004189700004644692,1,0,False,20
baseline,train,g020nm_heating_low_localized-sink,20.0,R0,8,0.004077899997355416,1,0,False,20
baseline,train,g020nm_heating_low_localized-sink,20.0,R0,9,0.0031580999784637243,1,0,False,20
baseline,train,g020nm_heating_low_localized-sink,20.0,R0,10,0.0044670999923255295,1,0,False,20
baseline,train,g020nm_heating_low_localized-sink,20.0,R0,11,0.0043938000162597746,1,0,False,20
baseline,train,g020nm_heating_low_localized-sink,20.0,R0,12,0.004184600024018437,1,0,False,20
baseline,train,g020nm_heating_low_localized-sink,20.0,R0,13,0.0035244000027887523,1,0,False,20
baseline,train,g020nm_heating_low_localized-sink,20.0,R0,14,0.004645099979825318,1,0,False,20
baseline,train,g020nm_heating_low_localized-sink,20.0,R0,15,0.003917599999113008,1,0,False,20
baseline,train,g020nm_heating_low_localized-sink,20.0,R0,16,0.004214599990518764,1,0,False,20
baseline,train,g020nm_heating_low_localized-sink,20.0,R0,17,0.004231600003549829,1,0,False,20
baseline,train,g020nm_heating_low_localized-sink,20.0,R0,18,0.004246999975293875,1,0,False,20
baseline,train,g020nm_heating_low_localized-sink,20.0,R0,19,0.003913299995474517,1,0,False,20
baseline,train,g020nm_heating_low_localized-sink,20.0,R1,0,0.005394599982537329,2,0,False,20
baseline,train,g020nm_heating_low_localized-sink,20.0,R1,1,0.005118800007039681,2,0,False,20
baseline,train,g020nm_heating_low_localized-sink,20.0,R1,2,0.005738399981055409,2,0,False,20
baseline,train,g020nm_heating_low_localized-sink,20.0,R1,3,0.005265499989036471,2,0,False,20
baseline,train,g020nm_heating_low_localized-sink,20.0,R1,4,0.005073500011349097,2,0,False,20
baseline,train,g020nm_heating_low_localized-sink,20.0,R1,5,0.0042295000166632235,2,0,False,20
baseline,train,g020nm_heating_low_localized-sink,20.0,R1,6,0.004842900001676753,2,0,False,20
baseline,train,g020nm_heating_low_localized-sink,20.0,R1,7,0.007010400004219264,2,0,False,20
baseline,train,g020nm_heating_low_localized-sink,20.0,R1,8,0.005484799999976531,2,0,False,20
baseline,train,g020nm_heating_low_localized-sink,20.0,R1,9,0.005356399982701987,2,0,False,20
baseline,train,g020nm_heating_low_localized-sink,20.0,R1,10,0.005323999997926876,2,0,False,20
baseline,train,g020nm_heating_low_localized-sink,20.0,R1,11,0.004977499978849664,2,0,False,20
baseline,train,g020nm_heating_low_localized-sink,20.0,R1,12,0.004770600004121661,2,0,False,20
baseline,train,g020nm_heating_low_localized-sink,20.0,R1,13,0.005413100006990135,2,0,False,20
baseline,train,g020nm_heating_low_localized-sink,20.0,R1,14,0.004945799999404699,2,0,False,20
baseline,train,g020nm_heating_low_localized-sink,20.0,R1,15,0.00479010000708513,2,0,False,20
baseline,train,g020nm_heating_low_localized-sink,20.0,R1,16,0.005061499978182837,2,0,False,20
baseline,train,g020nm_heating_low_localized-sink,20.0,R1,17,0.005956799985142425,2,0,False,20
baseline,train,g020nm_heating_low_localized-sink,20.0,R1,18,0.005088300007628277,2,0,False,20
baseline,train,g020nm_heating_low_localized-sink,20.0,R1,19,0.005764399975305423,2,0,False,20
baseline,train,g020nm_heating_low_localized-sink,20.0,R2,0,0.010775900009321049,4,0,False,20
baseline,train,g020nm_heating_low_localized-sink,20.0,R2,1,0.01031650000368245,4,0,False,20
baseline,train,g020nm_heating_low_localized-sink,20.0,R2,2,0.010702300001867115,4,0,False,20
baseline,train,g020nm_heating_low_localized-sink,20.0,R2,3,0.010857100016437471,4,0,False,20
baseline,train,g020nm_heating_low_localized-sink,20.0,R2,4,0.009799100022064522,4,0,False,20
baseline,train,g020nm_heating_low_localized-sink,20.0,R2,5,0.010249000013573095,4,0,False,20
baseline,train,g020nm_heating_low_localized-sink,20.0,R2,6,0.010249400016618893,4,0,False,20
baseline,train,g020nm_heating_low_localized-sink,20.0,R2,7,0.010609199991449714,4,0,False,20
baseline,train,g020nm_heating_low_localized-sink,20.0,R2,8,0.010418199992273003,4,0,False,20
baseline,train,g020nm_heating_low_localized-sink,20.0,R2,9,0.009355699992738664,4,0,False,20
baseline,train,g020nm_heating_low_localized-sink,20.0,R2,10,0.010815200017532334,4,0,False,20
baseline,train,g020nm_heating_low_localized-sink,20.0,R2,11,0.010501199983991683,4,0,False,20
baseline,train,g020nm_heating_low_localized-sink,20.0,R2,12,0.010160200006794184,4,0,False,20
baseline,train,g020nm_heating_low_localized-sink,20.0,R2,13,0.01034910001908429,4,0,False,20
baseline,train,g020nm_heating_low_localized-sink,20.0,R2,14,0.010384999972302467,4,0,False,20
baseline,train,g020nm_heating_low_localized-sink,20.0,R2,15,0.011979000002611428,4,0,False,20
baseline,train,g020nm_heating_low_localized-sink,20.0,R2,16,0.01150170000619255,4,0,False,20
baseline,train,g020nm_heating_low_localized-sink,20.0,R2,17,0.009956800000509247,4,0,False,20
baseline,train,g020nm_heating_low_localized-sink,20.0,R2,18,0.012014899984933436,4,0,False,20
baseline,train,g020nm_heating_low_localized-sink,20.0,R2,19,0.01151790001313202,4,0,False,20
baseline,train,g020nm_heating_low_nominal,20.0,COLD,0,0.16886770000564866,59,0,False,10
baseline,train,g020nm_heating_low_nominal,20.0,COLD,1,0.18808749999152496,59,0,False,10
baseline,train,g020nm_heating_low_nominal,20.0,COLD,2,0.17139899998437613,59,0,False,10
baseline,train,g020nm_heating_low_nominal,20.0,COLD,3,0.16871110000647604,59,0,False,10
baseline,train,g020nm_heating_low_nominal,20.0,COLD,4,0.17470740000135265,59,0,False,10
baseline,train,g020nm_heating_low_nominal,20.0,COLD,5,0.16812000001664273,59,0,False,10
baseline,train,g020nm_heating_low_nominal,20.0,COLD,6,0.15873320001992397,59,0,False,10
baseline,train,g020nm_heating_low_nominal,20.0,COLD,7,0.16223640000680462,59,0,False,10
baseline,train,g020nm_heating_low_nominal,20.0,COLD,8,0.16500280000036582,59,0,False,10
baseline,train,g020nm_heating_low_nominal,20.0,COLD,9,0.17060870002023876,59,0,False,10
baseline,train,g020nm_heating_low_nominal,20.0,A1,0,0.005838300014147535,2,0,False,20
baseline,train,g020nm_heating_low_nominal,20.0,A1,1,0.006585600000107661,2,0,False,20
baseline,train,g020nm_heating_low_nominal,20.0,A1,2,0.00550420000217855,2,0,False,20
baseline,train,g020nm_heating_low_nominal,20.0,A1,3,0.004320800013374537,2,0,False,20
baseline,train,g020nm_heating_low_nominal,20.0,A1,4,0.006755000009434298,2,0,False,20
baseline,train,g020nm_heating_low_nominal,20.0,A1,5,0.0058197999896947294,2,0,False,20
baseline,train,g020nm_heating_low_nominal,20.0,A1,6,0.005811599985463545,2,0,False,20
baseline,train,g020nm_heating_low_nominal,20.0,A1,7,0.006012700003338978,2,0,False,20
baseline,train,g020nm_heating_low_nominal,20.0,A1,8,0.006014499987941235,2,0,False,20
baseline,train,g020nm_heating_low_nominal,20.0,A1,9,0.005770199990365654,2,0,False,20
baseline,train,g020nm_heating_low_nominal,20.0,A1,10,0.005501799983903766,2,0,False,20
baseline,train,g020nm_heating_low_nominal,20.0,A1,11,0.00628800000413321,2,0,False,20
baseline,train,g020nm_heating_low_nominal,20.0,A1,12,0.005666699988069013,2,0,False,20
baseline,train,g020nm_heating_low_nominal,20.0,A1,13,0.005524200008949265,2,0,False,20
baseline,train,g020nm_heating_low_nominal,20.0,A1,14,0.0050799000018741935,2,0,False,20
baseline,train,g020nm_heating_low_nominal,20.0,A1,15,0.005627900012768805,2,0,False,20
baseline,train,g020nm_heating_low_nominal,20.0,A1,16,0.005543300008866936,2,0,False,20
baseline,train,g020nm_heating_low_nominal,20.0,A1,17,0.006406200001947582,2,0,False,20
baseline,train,g020nm_heating_low_nominal,20.0,A1,18,0.005764600005932152,2,0,False,20
baseline,train,g020nm_heating_low_nominal,20.0,A1,19,0.005170599994016811,2,0,False,20
baseline,train,g020nm_heating_low_nominal,20.0,A2,0,0.010074299992993474,4,0,False,20
baseline,train,g020nm_heating_low_nominal,20.0,A2,1,0.010293700004694983,4,0,False,20
baseline,train,g020nm_heating_low_nominal,20.0,A2,2,0.009647600003518164,4,0,False,20
baseline,train,g020nm_heating_low_nominal,20.0,A2,3,0.012578399997437373,4,0,False,20
baseline,train,g020nm_heating_low_nominal,20.0,A2,4,0.009783499990589917,4,0,False,20
baseline,train,g020nm_heating_low_nominal,20.0,A2,5,0.010123000014573336,4,0,False,20
baseline,train,g020nm_heating_low_nominal,20.0,A2,6,0.011929400003282353,4,0,False,20
baseline,train,g020nm_heating_low_nominal,20.0,A2,7,0.011652399989543483,4,0,False,20
baseline,train,g020nm_heating_low_nominal,20.0,A2,8,0.012267100013559684,4,0,False,20
baseline,train,g020nm_heating_low_nominal,20.0,A2,9,0.011213799996767193,4,0,False,20
baseline,train,g020nm_heating_low_nominal,20.0,A2,10,0.012017000000923872,4,0,False,20
baseline,train,g020nm_heating_low_nominal,20.0,A2,11,0.011477800027932972,4,0,False,20
baseline,train,g020nm_heating_low_nominal,20.0,A2,12,0.010777699993923306,4,0,False,20
baseline,train,g020nm_heating_low_nominal,20.0,A2,13,0.012167899985797703,4,0,False,20
baseline,train,g020nm_heating_low_nominal,20.0,A2,14,0.011788900010287762,4,0,False,20
baseline,train,g020nm_heating_low_nominal,20.0,A2,15,0.011681200005114079,4,0,False,20
baseline,train,g020nm_heating_low_nominal,20.0,A2,16,0.012016399996355176,4,0,False,20
baseline,train,g020nm_heating_low_nominal,20.0,A2,17,0.01086749997921288,4,0,False,20
baseline,train,g020nm_heating_low_nominal,20.0,A2,18,0.011902300000656396,4,0,False,20
baseline,train,g020nm_heating_low_nominal,20.0,A2,19,0.00992240000050515,4,0,False,20
baseline,train,g020nm_heating_low_nominal,20.0,R0,0,0.004472700005862862,1,0,False,20
baseline,train,g020nm_heating_low_nominal,20.0,R0,1,0.003987800009781495,1,0,False,20
baseline,train,g020nm_heating_low_nominal,20.0,R0,2,0.0036467999743763357,1,0,False,20
baseline,train,g020nm_heating_low_nominal,20.0,R0,3,0.004181199998129159,1,0,False,20
baseline,train,g020nm_heating_low_nominal,20.0,R0,4,0.004830899997614324,1,0,False,20
baseline,train,g020nm_heating_low_nominal,20.0,R0,5,0.006193399982294068,1,0,False,20
baseline,train,g020nm_heating_low_nominal,20.0,R0,6,0.005022400000598282,1,0,False,20
baseline,train,g020nm_heating_low_nominal,20.0,R0,7,0.004935700009809807,1,0,False,20
baseline,train,g020nm_heating_low_nominal,20.0,R0,8,0.005061999981990084,1,0,False,20
baseline,train,g020nm_heating_low_nominal,20.0,R0,9,0.00428619998274371,1,0,False,20
baseline,train,g020nm_heating_low_nominal,20.0,R0,10,0.004653799987863749,1,0,False,20
baseline,train,g020nm_heating_low_nominal,20.0,R0,11,0.005581400007940829,1,0,False,20
baseline,train,g020nm_heating_low_nominal,20.0,R0,12,0.0043308000022079796,1,0,False,20
baseline,train,g020nm_heating_low_nominal,20.0,R0,13,0.004530000005615875,1,0,False,20
baseline,train,g020nm_heating_low_nominal,20.0,R0,14,0.004297499981475994,1,0,False,20
baseline,train,g020nm_heating_low_nominal,20.0,R0,15,0.005183300003409386,1,0,False,20
baseline,train,g020nm_heating_low_nominal,20.0,R0,16,0.0042307000258006155,1,0,False,20
baseline,train,g020nm_heating_low_nominal,20.0,R0,17,0.004108900000574067,1,0,False,20
baseline,train,g020nm_heating_low_nominal,20.0,R0,18,0.0050066999974660575,1,0,False,20
baseline,train,g020nm_heating_low_nominal,20.0,R0,19,0.004144200007431209,1,0,False,20
baseline,train,g020nm_heating_low_nominal,20.0,R1,0,0.005375600012484938,2,0,False,20
baseline,train,g020nm_heating_low_nominal,20.0,R1,1,0.006269700010307133,2,0,False,20
baseline,train,g020nm_heating_low_nominal,20.0,R1,2,0.0049196000036317855,2,0,False,20
baseline,train,g020nm_heating_low_nominal,20.0,R1,3,0.005763300025137141,2,0,False,20
baseline,train,g020nm_heating_low_nominal,20.0,R1,4,0.006525400007376447,2,0,False,20
baseline,train,g020nm_heating_low_nominal,20.0,R1,5,0.005103000003146008,2,0,False,20
baseline,train,g020nm_heating_low_nominal,20.0,R1,6,0.006605800008401275,2,0,False,20
baseline,train,g020nm_heating_low_nominal,20.0,R1,7,0.0054515000083483756,2,0,False,20
baseline,train,g020nm_heating_low_nominal,20.0,R1,8,0.006297999992966652,2,0,False,20
baseline,train,g020nm_heating_low_nominal,20.0,R1,9,0.005608200008282438,2,0,False,20
baseline,train,g020nm_heating_low_nominal,20.0,R1,10,0.005337299982784316,2,0,False,20
baseline,train,g020nm_heating_low_nominal,20.0,R1,11,0.003928599995560944,2,0,False,20
baseline,train,g020nm_heating_low_nominal,20.0,R1,12,0.003671999991638586,2,0,False,20
baseline,train,g020nm_heating_low_nominal,20.0,R1,13,0.005384299991419539,2,0,False,20
baseline,train,g020nm_heating_low_nominal,20.0,R1,14,0.00549529999261722,2,0,False,20
baseline,train,g020nm_heating_low_nominal,20.0,R1,15,0.00605090000317432,2,0,False,20
baseline,train,g020nm_heating_low_nominal,20.0,R1,16,0.006008500000461936,2,0,False,20
baseline,train,g020nm_heating_low_nominal,20.0,R1,17,0.00587160000577569,2,0,False,20
baseline,train,g020nm_heating_low_nominal,20.0,R1,18,0.005344000004697591,2,0,False,20
baseline,train,g020nm_heating_low_nominal,20.0,R1,19,0.005652499996358529,2,0,False,20
baseline,train,g020nm_heating_low_nominal,20.0,R2,0,0.012192299996968359,4,0,False,20
baseline,train,g020nm_heating_low_nominal,20.0,R2,1,0.010209500003838912,4,0,False,20
baseline,train,g020nm_heating_low_nominal,20.0,R2,2,0.008879500004695728,4,0,False,20
baseline,train,g020nm_heating_low_nominal,20.0,R2,3,0.009919600008288398,4,0,False,20
baseline,train,g020nm_heating_low_nominal,20.0,R2,4,0.009654499997850507,4,0,False,20
baseline,train,g020nm_heating_low_nominal,20.0,R2,5,0.00992219999898225,4,0,False,20
baseline,train,g020nm_heating_low_nominal,20.0,R2,6,0.009566900000208989,4,0,False,20
baseline,train,g020nm_heating_low_nominal,20.0,R2,7,0.010760200006188825,4,0,False,20
baseline,train,g020nm_heating_low_nominal,20.0,R2,8,0.00972530001308769,4,0,False,20
baseline,train,g020nm_heating_low_nominal,20.0,R2,9,0.011680200026603416,4,0,False,20
baseline,train,g020nm_heating_low_nominal,20.0,R2,10,0.012111399992136285,4,0,False,20
baseline,train,g020nm_heating_low_nominal,20.0,R2,11,0.011291500006336719,4,0,False,20
baseline,train,g020nm_heating_low_nominal,20.0,R2,12,0.012801799981389195,4,0,False,20
baseline,train,g020nm_heating_low_nominal,20.0,R2,13,0.010707699984777719,4,0,False,20
baseline,train,g020nm_heating_low_nominal,20.0,R2,14,0.010625499999150634,4,0,False,20
baseline,train,g020nm_heating_low_nominal,20.0,R2,15,0.011303499981295317,4,0,False,20
baseline,train,g020nm_heating_low_nominal,20.0,R2,16,0.01003780000610277,4,0,False,20
baseline,train,g020nm_heating_low_nominal,20.0,R2,17,0.010786300001200289,4,0,False,20
baseline,train,g020nm_heating_low_nominal,20.0,R2,18,0.010625399998389184,4,0,False,20
baseline,train,g020nm_heating_low_nominal,20.0,R2,19,0.008468000014545396,4,0,False,20
baseline,train,g020nm_heating_near-transition_localized-sink,20.0,COLD,0,0.222669600014342,79,0,False,10
baseline,train,g020nm_heating_near-transition_localized-sink,20.0,COLD,1,0.22733890000381507,79,0,False,10
baseline,train,g020nm_heating_near-transition_localized-sink,20.0,COLD,2,0.22107060000416823,79,0,False,10
baseline,train,g020nm_heating_near-transition_localized-sink,20.0,COLD,3,0.23730690000229515,79,0,False,10
baseline,train,g020nm_heating_near-transition_localized-sink,20.0,COLD,4,0.2321730999974534,79,0,False,10
baseline,train,g020nm_heating_near-transition_localized-sink,20.0,COLD,5,0.23347269999794662,79,0,False,10
baseline,train,g020nm_heating_near-transition_localized-sink,20.0,COLD,6,0.24507179998909123,79,0,False,10
baseline,train,g020nm_heating_near-transition_localized-sink,20.0,COLD,7,0.223236599995289,79,0,False,10
baseline,train,g020nm_heating_near-transition_localized-sink,20.0,COLD,8,0.2246787000040058,79,0,False,10
baseline,train,g020nm_heating_near-transition_localized-sink,20.0,COLD,9,0.2144352000032086,79,0,False,10
baseline,train,g020nm_heating_near-transition_localized-sink,20.0,A1,0,0.0058194000157527626,2,0,False,20
baseline,train,g020nm_heating_near-transition_localized-sink,20.0,A1,1,0.005398900015279651,2,0,False,20
baseline,train,g020nm_heating_near-transition_localized-sink,20.0,A1,2,0.00571460000355728,2,0,False,20
baseline,train,g020nm_heating_near-transition_localized-sink,20.0,A1,3,0.005327400023816153,2,0,False,20
baseline,train,g020nm_heating_near-transition_localized-sink,20.0,A1,4,0.005284000013489276,2,0,False,20
baseline,train,g020nm_heating_near-transition_localized-sink,20.0,A1,5,0.006293699989328161,2,0,False,20
baseline,train,g020nm_heating_near-transition_localized-sink,20.0,A1,6,0.005727699986891821,2,0,False,20
baseline,train,g020nm_heating_near-transition_localized-sink,20.0,A1,7,0.005713299993658438,2,0,False,20
baseline,train,g020nm_heating_near-transition_localized-sink,20.0,A1,8,0.005547399981878698,2,0,False,20
baseline,train,g020nm_heating_near-transition_localized-sink,20.0,A1,9,0.006349400006001815,2,0,False,20
baseline,train,g020nm_heating_near-transition_localized-sink,20.0,A1,10,0.006935699988389388,2,0,False,20
baseline,train,g020nm_heating_near-transition_localized-sink,20.0,A1,11,0.00607010000385344,2,0,False,20
baseline,train,g020nm_heating_near-transition_localized-sink,20.0,A1,12,0.00598870002431795,2,0,False,20
baseline,train,g020nm_heating_near-transition_localized-sink,20.0,A1,13,0.00460179999936372,2,0,False,20
baseline,train,g020nm_heating_near-transition_localized-sink,20.0,A1,14,0.005564199993386865,2,0,False,20
baseline,train,g020nm_heating_near-transition_localized-sink,20.0,A1,15,0.005254799994872883,2,0,False,20
baseline,train,g020nm_heating_near-transition_localized-sink,20.0,A1,16,0.00496630000998266,2,0,False,20
baseline,train,g020nm_heating_near-transition_localized-sink,20.0,A1,17,0.005392500024754554,2,0,False,20
baseline,train,g020nm_heating_near-transition_localized-sink,20.0,A1,18,0.006399400008376688,2,0,False,20
baseline,train,g020nm_heating_near-transition_localized-sink,20.0,A1,19,0.005502499989233911,2,0,False,20
baseline,train,g020nm_heating_near-transition_localized-sink,20.0,A2,0,0.011630799999693409,4,0,False,20
baseline,train,g020nm_heating_near-transition_localized-sink,20.0,A2,1,0.00991490000160411,4,0,False,20
baseline,train,g020nm_heating_near-transition_localized-sink,20.0,A2,2,0.011446600023191422,4,0,False,20
baseline,train,g020nm_heating_near-transition_localized-sink,20.0,A2,3,0.010041500005172566,4,0,False,20
baseline,train,g020nm_heating_near-transition_localized-sink,20.0,A2,4,0.011263599997619167,4,0,False,20
baseline,train,g020nm_heating_near-transition_localized-sink,20.0,A2,5,0.014557299989974126,4,0,False,20
baseline,train,g020nm_heating_near-transition_localized-sink,20.0,A2,6,0.012978400016436353,4,0,False,20
baseline,train,g020nm_heating_near-transition_localized-sink,20.0,A2,7,0.009742099995492026,4,0,False,20
baseline,train,g020nm_heating_near-transition_localized-sink,20.0,A2,8,0.011171999998623505,4,0,False,20
baseline,train,g020nm_heating_near-transition_localized-sink,20.0,A2,9,0.010125600005267188,4,0,False,20
baseline,train,g020nm_heating_near-transition_localized-sink,20.0,A2,10,0.011126199999125674,4,0,False,20
baseline,train,g020nm_heating_near-transition_localized-sink,20.0,A2,11,0.011029699991922826,4,0,False,20
baseline,train,g020nm_heating_near-transition_localized-sink,20.0,A2,12,0.01205429999390617,4,0,False,20
baseline,train,g020nm_heating_near-transition_localized-sink,20.0,A2,13,0.011307199980365112,4,0,False,20
baseline,train,g020nm_heating_near-transition_localized-sink,20.0,A2,14,0.011050100001739338,4,0,False,20
baseline,train,g020nm_heating_near-transition_localized-sink,20.0,A2,15,0.01111789999413304,4,0,False,20
baseline,train,g020nm_heating_near-transition_localized-sink,20.0,A2,16,0.013806599978124723,4,0,False,20
baseline,train,g020nm_heating_near-transition_localized-sink,20.0,A2,17,0.011596999975154176,4,0,False,20
baseline,train,g020nm_heating_near-transition_localized-sink,20.0,A2,18,0.011145800002850592,4,0,False,20
baseline,train,g020nm_heating_near-transition_localized-sink,20.0,A2,19,0.010500300006242469,4,0,False,20
baseline,train,g020nm_heating_near-transition_localized-sink,20.0,R0,0,0.004258300003129989,1,0,False,20
baseline,train,g020nm_heating_near-transition_localized-sink,20.0,R0,1,0.003985599993029609,1,0,False,20
baseline,train,g020nm_heating_near-transition_localized-sink,20.0,R0,2,0.004166900005657226,1,0,False,20
baseline,train,g020nm_heating_near-transition_localized-sink,20.0,R0,3,0.003966399992350489,1,0,False,20
baseline,train,g020nm_heating_near-transition_localized-sink,20.0,R0,4,0.004091099981451407,1,0,False,20
baseline,train,g020nm_heating_near-transition_localized-sink,20.0,R0,5,0.003909299994120374,1,0,False,20
baseline,train,g020nm_heating_near-transition_localized-sink,20.0,R0,6,0.004935100005241111,1,0,False,20
baseline,train,g020nm_heating_near-transition_localized-sink,20.0,R0,7,0.004389300011098385,1,0,False,20
baseline,train,g020nm_heating_near-transition_localized-sink,20.0,R0,8,0.004592399985995144,1,0,False,20
baseline,train,g020nm_heating_near-transition_localized-sink,20.0,R0,9,0.003907800011802465,1,0,False,20
baseline,train,g020nm_heating_near-transition_localized-sink,20.0,R0,10,0.004914700024528429,1,0,False,20
baseline,train,g020nm_heating_near-transition_localized-sink,20.0,R0,11,0.004089099995326251,1,0,False,20
baseline,train,g020nm_heating_near-transition_localized-sink,20.0,R0,12,0.004157000017585233,1,0,False,20
baseline,train,g020nm_heating_near-transition_localized-sink,20.0,R0,13,0.003499000013107434,1,0,False,20
baseline,train,g020nm_heating_near-transition_localized-sink,20.0,R0,14,0.004163899982813746,1,0,False,20
baseline,train,g020nm_heating_near-transition_localized-sink,20.0,R0,15,0.004121700010728091,1,0,False,20
baseline,train,g020nm_heating_near-transition_localized-sink,20.0,R0,16,0.0038534999766852707,1,0,False,20
baseline,train,g020nm_heating_near-transition_localized-sink,20.0,R0,17,0.0036511000071186572,1,0,False,20
baseline,train,g020nm_heating_near-transition_localized-sink,20.0,R0,18,0.003979800007073209,1,0,False,20
baseline,train,g020nm_heating_near-transition_localized-sink,20.0,R0,19,0.004258500004652888,1,0,False,20
baseline,train,g020nm_heating_near-transition_localized-sink,20.0,R1,0,0.004062199994223192,2,0,False,20
baseline,train,g020nm_heating_near-transition_localized-sink,20.0,R1,1,0.005168800009414554,2,0,False,20
baseline,train,g020nm_heating_near-transition_localized-sink,20.0,R1,2,0.005047999991802499,2,0,False,20
baseline,train,g020nm_heating_near-transition_localized-sink,20.0,R1,3,0.00572489999467507,2,0,False,20
baseline,train,g020nm_heating_near-transition_localized-sink,20.0,R1,4,0.005394799984060228,2,0,False,20
baseline,train,g020nm_heating_near-transition_localized-sink,20.0,R1,5,0.005200899991905317,2,0,False,20
baseline,train,g020nm_heating_near-transition_localized-sink,20.0,R1,6,0.005691600003046915,2,0,False,20
baseline,train,g020nm_heating_near-transition_localized-sink,20.0,R1,7,0.005276300013065338,2,0,False,20
baseline,train,g020nm_heating_near-transition_localized-sink,20.0,R1,8,0.005512899981113151,2,0,False,20
baseline,train,g020nm_heating_near-transition_localized-sink,20.0,R1,9,0.005952800012892112,2,0,False,20
baseline,train,g020nm_heating_near-transition_localized-sink,20.0,R1,10,0.005936300003668293,2,0,False,20
baseline,train,g020nm_heating_near-transition_localized-sink,20.0,R1,11,0.0049165000091306865,2,0,False,20
baseline,train,g020nm_heating_near-transition_localized-sink,20.0,R1,12,0.004634900018572807,2,0,False,20
baseline,train,g020nm_heating_near-transition_localized-sink,20.0,R1,13,0.005438000021968037,2,0,False,20
baseline,train,g020nm_heating_near-transition_localized-sink,20.0,R1,14,0.0060816999757662416,2,0,False,20
baseline,train,g020nm_heating_near-transition_localized-sink,20.0,R1,15,0.005196799989789724,2,0,False,20
baseline,train,g020nm_heating_near-transition_localized-sink,20.0,R1,16,0.00646430000779219,2,0,False,20
baseline,train,g020nm_heating_near-transition_localized-sink,20.0,R1,17,0.006329999974695966,2,0,False,20
baseline,train,g020nm_heating_near-transition_localized-sink,20.0,R1,18,0.005644799995934591,2,0,False,20
baseline,train,g020nm_heating_near-transition_localized-sink,20.0,R1,19,0.0060458999942056835,2,0,False,20
baseline,train,g020nm_heating_near-transition_localized-sink,20.0,R2,0,0.011759200016967952,4,0,False,20
baseline,train,g020nm_heating_near-transition_localized-sink,20.0,R2,1,0.012698200007434934,4,0,False,20
baseline,train,g020nm_heating_near-transition_localized-sink,20.0,R2,2,0.010034300008555874,4,0,False,20
baseline,train,g020nm_heating_near-transition_localized-sink,20.0,R2,3,0.011279600003035739,4,0,False,20
baseline,train,g020nm_heating_near-transition_localized-sink,20.0,R2,4,0.012290399987250566,4,0,False,20
baseline,train,g020nm_heating_near-transition_localized-sink,20.0,R2,5,0.011552699987078086,4,0,False,20
baseline,train,g020nm_heating_near-transition_localized-sink,20.0,R2,6,0.010328800010029227,4,0,False,20
baseline,train,g020nm_heating_near-transition_localized-sink,20.0,R2,7,0.011244799999985844,4,0,False,20
baseline,train,g020nm_heating_near-transition_localized-sink,20.0,R2,8,0.01277450000634417,4,0,False,20
baseline,train,g020nm_heating_near-transition_localized-sink,20.0,R2,9,0.011924599995836616,4,0,False,20
baseline,train,g020nm_heating_near-transition_localized-sink,20.0,R2,10,0.010229200008325279,4,0,False,20
baseline,train,g020nm_heating_near-transition_localized-sink,20.0,R2,11,0.012065999995684251,4,0,False,20
baseline,train,g020nm_heating_near-transition_localized-sink,20.0,R2,12,0.011042900005122647,4,0,False,20
baseline,train,g020nm_heating_near-transition_localized-sink,20.0,R2,13,0.01175060000969097,4,0,False,20
baseline,train,g020nm_heating_near-transition_localized-sink,20.0,R2,14,0.011475400009658188,4,0,False,20
baseline,train,g020nm_heating_near-transition_localized-sink,20.0,R2,15,0.01320989997475408,4,0,False,20
baseline,train,g020nm_heating_near-transition_localized-sink,20.0,R2,16,0.010181399993598461,4,0,False,20
baseline,train,g020nm_heating_near-transition_localized-sink,20.0,R2,17,0.01418490000651218,4,0,False,20
baseline,train,g020nm_heating_near-transition_localized-sink,20.0,R2,18,0.011804600013419986,4,0,False,20
baseline,train,g020nm_heating_near-transition_localized-sink,20.0,R2,19,0.01081859998521395,4,0,False,20
baseline,validation,g020nm_heating_near-transition_nominal,20.0,COLD,0,0.1883246999932453,67,0,False,10
baseline,validation,g020nm_heating_near-transition_nominal,20.0,COLD,1,0.19274259998928756,67,0,False,10
baseline,validation,g020nm_heating_near-transition_nominal,20.0,COLD,2,0.18861730000935495,67,0,False,10
baseline,validation,g020nm_heating_near-transition_nominal,20.0,COLD,3,0.18863709998549893,67,0,False,10
baseline,validation,g020nm_heating_near-transition_nominal,20.0,COLD,4,0.19802539999363944,67,0,False,10
baseline,validation,g020nm_heating_near-transition_nominal,20.0,COLD,5,0.2040504000033252,67,0,False,10
baseline,validation,g020nm_heating_near-transition_nominal,20.0,COLD,6,0.1978884999989532,67,0,False,10
baseline,validation,g020nm_heating_near-transition_nominal,20.0,COLD,7,0.1979730000020936,67,0,False,10
baseline,validation,g020nm_heating_near-transition_nominal,20.0,COLD,8,0.18349900000612251,67,0,False,10
baseline,validation,g020nm_heating_near-transition_nominal,20.0,COLD,9,0.18896220001624897,67,0,False,10
baseline,validation,g020nm_heating_near-transition_nominal,20.0,A1,0,0.005470200005220249,2,0,False,20
baseline,validation,g020nm_heating_near-transition_nominal,20.0,A1,1,0.006802000018069521,2,0,False,20
baseline,validation,g020nm_heating_near-transition_nominal,20.0,A1,2,0.006061200023395941,2,0,False,20
baseline,validation,g020nm_heating_near-transition_nominal,20.0,A1,3,0.005580500001087785,2,0,False,20
baseline,validation,g020nm_heating_near-transition_nominal,20.0,A1,4,0.005478000006405637,2,0,False,20
baseline,validation,g020nm_heating_near-transition_nominal,20.0,A1,5,0.005466100003104657,2,0,False,20
baseline,validation,g020nm_heating_near-transition_nominal,20.0,A1,6,0.005758300016168505,2,0,False,20
baseline,validation,g020nm_heating_near-transition_nominal,20.0,A1,7,0.005282399972202256,2,0,False,20
baseline,validation,g020nm_heating_near-transition_nominal,20.0,A1,8,0.005430699995486066,2,0,False,20
baseline,validation,g020nm_heating_near-transition_nominal,20.0,A1,9,0.0053706000035163015,2,0,False,20
baseline,validation,g020nm_heating_near-transition_nominal,20.0,A1,10,0.006537199980812147,2,0,False,20
baseline,validation,g020nm_heating_near-transition_nominal,20.0,A1,11,0.005554700008360669,2,0,False,20
baseline,validation,g020nm_heating_near-transition_nominal,20.0,A1,12,0.006040099979145452,2,0,False,20
baseline,validation,g020nm_heating_near-transition_nominal,20.0,A1,13,0.006106000015279278,2,0,False,20
baseline,validation,g020nm_heating_near-transition_nominal,20.0,A1,14,0.005407600023318082,2,0,False,20
baseline,validation,g020nm_heating_near-transition_nominal,20.0,A1,15,0.007903499994426966,2,0,False,20
baseline,validation,g020nm_heating_near-transition_nominal,20.0,A1,16,0.00624500002595596,2,0,False,20
baseline,validation,g020nm_heating_near-transition_nominal,20.0,A1,17,0.0059782000025734305,2,0,False,20
baseline,validation,g020nm_heating_near-transition_nominal,20.0,A1,18,0.006551099999342114,2,0,False,20
baseline,validation,g020nm_heating_near-transition_nominal,20.0,A1,19,0.0054262000194285065,2,0,False,20
baseline,validation,g020nm_heating_near-transition_nominal,20.0,A2,0,0.012554500019177794,4,0,False,20
baseline,validation,g020nm_heating_near-transition_nominal,20.0,A2,1,0.008857800014084205,4,0,False,20
baseline,validation,g020nm_heating_near-transition_nominal,20.0,A2,2,0.011081800010288134,4,0,False,20
baseline,validation,g020nm_heating_near-transition_nominal,20.0,A2,3,0.011587099987082183,4,0,False,20
baseline,validation,g020nm_heating_near-transition_nominal,20.0,A2,4,0.009766900009708479,4,0,False,20
baseline,validation,g020nm_heating_near-transition_nominal,20.0,A2,5,0.010469900007592514,4,0,False,20
baseline,validation,g020nm_heating_near-transition_nominal,20.0,A2,6,0.010779200005345047,4,0,False,20
baseline,validation,g020nm_heating_near-transition_nominal,20.0,A2,7,0.013605200016172603,4,0,False,20
baseline,validation,g020nm_heating_near-transition_nominal,20.0,A2,8,0.009881400008453056,4,0,False,20
baseline,validation,g020nm_heating_near-transition_nominal,20.0,A2,9,0.010222599987173453,4,0,False,20
baseline,validation,g020nm_heating_near-transition_nominal,20.0,A2,10,0.0111474999866914,4,0,False,20
baseline,validation,g020nm_heating_near-transition_nominal,20.0,A2,11,0.009845499997027218,4,0,False,20
baseline,validation,g020nm_heating_near-transition_nominal,20.0,A2,12,0.008493300003465265,4,0,False,20
baseline,validation,g020nm_heating_near-transition_nominal,20.0,A2,13,0.012571899977046996,4,0,False,20
baseline,validation,g020nm_heating_near-transition_nominal,20.0,A2,14,0.011306800006423146,4,0,False,20
baseline,validation,g020nm_heating_near-transition_nominal,20.0,A2,15,0.011558400001376867,4,0,False,20
baseline,validation,g020nm_heating_near-transition_nominal,20.0,A2,16,0.011315200012177229,4,0,False,20
baseline,validation,g020nm_heating_near-transition_nominal,20.0,A2,17,0.011526999995112419,4,0,False,20
baseline,validation,g020nm_heating_near-transition_nominal,20.0,A2,18,0.010414899996249005,4,0,False,20
baseline,validation,g020nm_heating_near-transition_nominal,20.0,A2,19,0.011813599994638935,4,0,False,20
baseline,validation,g020nm_heating_near-transition_nominal,20.0,R0,0,0.0034721999836619943,1,0,False,20
baseline,validation,g020nm_heating_near-transition_nominal,20.0,R0,1,0.00434399998630397,1,0,False,20
baseline,validation,g020nm_heating_near-transition_nominal,20.0,R0,2,0.004361700004665181,1,0,False,20
baseline,validation,g020nm_heating_near-transition_nominal,20.0,R0,3,0.005801699997391552,1,0,False,20
baseline,validation,g020nm_heating_near-transition_nominal,20.0,R0,4,0.005151199991814792,1,0,False,20
baseline,validation,g020nm_heating_near-transition_nominal,20.0,R0,5,0.0043052000110037625,1,0,False,20
baseline,validation,g020nm_heating_near-transition_nominal,20.0,R0,6,0.0042388000001665205,1,0,False,20
baseline,validation,g020nm_heating_near-transition_nominal,20.0,R0,7,0.004481999989366159,1,0,False,20
baseline,validation,g020nm_heating_near-transition_nominal,20.0,R0,8,0.004331400006776676,1,0,False,20
baseline,validation,g020nm_heating_near-transition_nominal,20.0,R0,9,0.003984499984653667,1,0,False,20
baseline,validation,g020nm_heating_near-transition_nominal,20.0,R0,10,0.0042526999895926565,1,0,False,20
baseline,validation,g020nm_heating_near-transition_nominal,20.0,R0,11,0.003946200013160706,1,0,False,20
baseline,validation,g020nm_heating_near-transition_nominal,20.0,R0,12,0.0045415000058710575,1,0,False,20
baseline,validation,g020nm_heating_near-transition_nominal,20.0,R0,13,0.004029200004879385,1,0,False,20
baseline,validation,g020nm_heating_near-transition_nominal,20.0,R0,14,0.005352699983632192,1,0,False,20
baseline,validation,g020nm_heating_near-transition_nominal,20.0,R0,15,0.004094900010386482,1,0,False,20
baseline,validation,g020nm_heating_near-transition_nominal,20.0,R0,16,0.004246600001351908,1,0,False,20
baseline,validation,g020nm_heating_near-transition_nominal,20.0,R0,17,0.004965700005413964,1,0,False,20
baseline,validation,g020nm_heating_near-transition_nominal,20.0,R0,18,0.004019400017568842,1,0,False,20
baseline,validation,g020nm_heating_near-transition_nominal,20.0,R0,19,0.004506600002059713,1,0,False,20
baseline,validation,g020nm_heating_near-transition_nominal,20.0,R1,0,0.00506270001642406,2,0,False,20
baseline,validation,g020nm_heating_near-transition_nominal,20.0,R1,1,0.005684000003384426,2,0,False,20
baseline,validation,g020nm_heating_near-transition_nominal,20.0,R1,2,0.004598600004101172,2,0,False,20
baseline,validation,g020nm_heating_near-transition_nominal,20.0,R1,3,0.004866699979174882,2,0,False,20
baseline,validation,g020nm_heating_near-transition_nominal,20.0,R1,4,0.005065200006356463,2,0,False,20
baseline,validation,g020nm_heating_near-transition_nominal,20.0,R1,5,0.004811199993127957,2,0,False,20
baseline,validation,g020nm_heating_near-transition_nominal,20.0,R1,6,0.004497499990975484,2,0,False,20
baseline,validation,g020nm_heating_near-transition_nominal,20.0,R1,7,0.004920100007439032,2,0,False,20
baseline,validation,g020nm_heating_near-transition_nominal,20.0,R1,8,0.005373899999540299,2,0,False,20
baseline,validation,g020nm_heating_near-transition_nominal,20.0,R1,9,0.006224500015377998,2,0,False,20
baseline,validation,g020nm_heating_near-transition_nominal,20.0,R1,10,0.004901600012090057,2,0,False,20
baseline,validation,g020nm_heating_near-transition_nominal,20.0,R1,11,0.005495399993378669,2,0,False,20
baseline,validation,g020nm_heating_near-transition_nominal,20.0,R1,12,0.00650719998520799,2,0,False,20
baseline,validation,g020nm_heating_near-transition_nominal,20.0,R1,13,0.004858300002524629,2,0,False,20
baseline,validation,g020nm_heating_near-transition_nominal,20.0,R1,14,0.004914400022244081,2,0,False,20
baseline,validation,g020nm_heating_near-transition_nominal,20.0,R1,15,0.005045400001108646,2,0,False,20
baseline,validation,g020nm_heating_near-transition_nominal,20.0,R1,16,0.005309400003170595,2,0,False,20
baseline,validation,g020nm_heating_near-transition_nominal,20.0,R1,17,0.006118699995568022,2,0,False,20
baseline,validation,g020nm_heating_near-transition_nominal,20.0,R1,18,0.00520039998809807,2,0,False,20
baseline,validation,g020nm_heating_near-transition_nominal,20.0,R1,19,0.005042200005846098,2,0,False,20
baseline,validation,g020nm_heating_near-transition_nominal,20.0,R2,0,0.011766400013584644,4,0,False,20
baseline,validation,g020nm_heating_near-transition_nominal,20.0,R2,1,0.00965560000622645,4,0,False,20
baseline,validation,g020nm_heating_near-transition_nominal,20.0,R2,2,0.011153100000228733,4,0,False,20
baseline,validation,g020nm_heating_near-transition_nominal,20.0,R2,3,0.010513000015635043,4,0,False,20
baseline,validation,g020nm_heating_near-transition_nominal,20.0,R2,4,0.009946899983333424,4,0,False,20
baseline,validation,g020nm_heating_near-transition_nominal,20.0,R2,5,0.010058899992145598,4,0,False,20
baseline,validation,g020nm_heating_near-transition_nominal,20.0,R2,6,0.010807699989527464,4,0,False,20
baseline,validation,g020nm_heating_near-transition_nominal,20.0,R2,7,0.010841100011020899,4,0,False,20
baseline,validation,g020nm_heating_near-transition_nominal,20.0,R2,8,0.01066749999881722,4,0,False,20
baseline,validation,g020nm_heating_near-transition_nominal,20.0,R2,9,0.011893299990333617,4,0,False,20
baseline,validation,g020nm_heating_near-transition_nominal,20.0,R2,10,0.009167499985778704,4,0,False,20
baseline,validation,g020nm_heating_near-transition_nominal,20.0,R2,11,0.009984100004658103,4,0,False,20
baseline,validation,g020nm_heating_near-transition_nominal,20.0,R2,12,0.011114699998870492,4,0,False,20
baseline,validation,g020nm_heating_near-transition_nominal,20.0,R2,13,0.010615200008032843,4,0,False,20
baseline,validation,g020nm_heating_near-transition_nominal,20.0,R2,14,0.009881899983156472,4,0,False,20
baseline,validation,g020nm_heating_near-transition_nominal,20.0,R2,15,0.00942159999976866,4,0,False,20
baseline,validation,g020nm_heating_near-transition_nominal,20.0,R2,16,0.010216900001978502,4,0,False,20
baseline,validation,g020nm_heating_near-transition_nominal,20.0,R2,17,0.009251600014977157,4,0,False,20
baseline,validation,g020nm_heating_near-transition_nominal,20.0,R2,18,0.011649999971268699,4,0,False,20
baseline,validation,g020nm_heating_near-transition_nominal,20.0,R2,19,0.010174399998504668,4,0,False,20
baseline,test,g030nm_cooling_high_localized-sink,30.0,COLD,0,0.23790220002410933,85,0,False,10
baseline,test,g030nm_cooling_high_localized-sink,30.0,COLD,1,0.23430950002511963,85,0,False,10
baseline,test,g030nm_cooling_high_localized-sink,30.0,COLD,2,0.23133160002180375,85,0,False,10
baseline,test,g030nm_cooling_high_localized-sink,30.0,COLD,3,0.24407360001350753,85,0,False,10
baseline,test,g030nm_cooling_high_localized-sink,30.0,COLD,4,0.23700269998516887,85,0,False,10
baseline,test,g030nm_cooling_high_localized-sink,30.0,COLD,5,0.23416950000682846,85,0,False,10
baseline,test,g030nm_cooling_high_localized-sink,30.0,COLD,6,0.2333766000228934,85,0,False,10
baseline,test,g030nm_cooling_high_localized-sink,30.0,COLD,7,0.2557682000042405,85,0,False,10
baseline,test,g030nm_cooling_high_localized-sink,30.0,COLD,8,0.2565681999840308,85,0,False,10
baseline,test,g030nm_cooling_high_localized-sink,30.0,COLD,9,0.2561541000031866,85,0,False,10
baseline,test,g030nm_cooling_high_localized-sink,30.0,A1,0,0.00598119999631308,2,0,False,20
baseline,test,g030nm_cooling_high_localized-sink,30.0,A1,1,0.006401599996024743,2,0,False,20
baseline,test,g030nm_cooling_high_localized-sink,30.0,A1,2,0.0053853999997954816,2,0,False,20
baseline,test,g030nm_cooling_high_localized-sink,30.0,A1,3,0.005811900016851723,2,0,False,20
baseline,test,g030nm_cooling_high_localized-sink,30.0,A1,4,0.0047503000241704285,2,0,False,20
baseline,test,g030nm_cooling_high_localized-sink,30.0,A1,5,0.005375800014007837,2,0,False,20
baseline,test,g030nm_cooling_high_localized-sink,30.0,A1,6,0.005688299977919087,2,0,False,20
baseline,test,g030nm_cooling_high_localized-sink,30.0,A1,7,0.004548199998680502,2,0,False,20
baseline,test,g030nm_cooling_high_localized-sink,30.0,A1,8,0.0053853999997954816,2,0,False,20
baseline,test,g030nm_cooling_high_localized-sink,30.0,A1,9,0.006030900025507435,2,0,False,20
baseline,test,g030nm_cooling_high_localized-sink,30.0,A1,10,0.00841410001157783,2,0,False,20
baseline,test,g030nm_cooling_high_localized-sink,30.0,A1,11,0.005506499990588054,2,0,False,20
baseline,test,g030nm_cooling_high_localized-sink,30.0,A1,12,0.005491399992024526,2,0,False,20
baseline,test,g030nm_cooling_high_localized-sink,30.0,A1,13,0.005546200001845136,2,0,False,20
baseline,test,g030nm_cooling_high_localized-sink,30.0,A1,14,0.005436199979158118,2,0,False,20
baseline,test,g030nm_cooling_high_localized-sink,30.0,A1,15,0.007917200011434034,2,0,False,20
baseline,test,g030nm_cooling_high_localized-sink,30.0,A1,16,0.005762200016761199,2,0,False,20
baseline,test,g030nm_cooling_high_localized-sink,30.0,A1,17,0.005457499995827675,2,0,False,20
baseline,test,g030nm_cooling_high_localized-sink,30.0,A1,18,0.005523700005142018,2,0,False,20
baseline,test,g030nm_cooling_high_localized-sink,30.0,A1,19,0.005359700007829815,2,0,False,20
baseline,test,g030nm_cooling_high_localized-sink,30.0,A2,0,0.009993700019549578,4,0,False,20
baseline,test,g030nm_cooling_high_localized-sink,30.0,A2,1,0.010225100006209686,4,0,False,20
baseline,test,g030nm_cooling_high_localized-sink,30.0,A2,2,0.012648899981286377,4,0,False,20
baseline,test,g030nm_cooling_high_localized-sink,30.0,A2,3,0.010240500007057562,4,0,False,20
baseline,test,g030nm_cooling_high_localized-sink,30.0,A2,4,0.010891600017203018,4,0,False,20
baseline,test,g030nm_cooling_high_localized-sink,30.0,A2,5,0.011699299997417256,4,0,False,20
baseline,test,g030nm_cooling_high_localized-sink,30.0,A2,6,0.011205999995581806,4,0,False,20
baseline,test,g030nm_cooling_high_localized-sink,30.0,A2,7,0.010007000004407018,4,0,False,20
baseline,test,g030nm_cooling_high_localized-sink,30.0,A2,8,0.009594200004357845,4,0,False,20
baseline,test,g030nm_cooling_high_localized-sink,30.0,A2,9,0.008831000013742596,4,0,False,20
baseline,test,g030nm_cooling_high_localized-sink,30.0,A2,10,0.0105829999956768,4,0,False,20
baseline,test,g030nm_cooling_high_localized-sink,30.0,A2,11,0.009419200010597706,4,0,False,20
baseline,test,g030nm_cooling_high_localized-sink,30.0,A2,12,0.00981269998010248,4,0,False,20
baseline,test,g030nm_cooling_high_localized-sink,30.0,A2,13,0.012009700003545731,4,0,False,20
baseline,test,g030nm_cooling_high_localized-sink,30.0,A2,14,0.009916499984683469,4,0,False,20
baseline,test,g030nm_cooling_high_localized-sink,30.0,A2,15,0.01058460000785999,4,0,False,20
baseline,test,g030nm_cooling_high_localized-sink,30.0,A2,16,0.011466500000096858,4,0,False,20
baseline,test,g030nm_cooling_high_localized-sink,30.0,A2,17,0.011155599990161136,4,0,False,20
baseline,test,g030nm_cooling_high_localized-sink,30.0,A2,18,0.010994100011885166,4,0,False,20
baseline,test,g030nm_cooling_high_localized-sink,30.0,A2,19,0.010573300009127706,4,0,False,20
baseline,test,g030nm_cooling_high_localized-sink,30.0,R0,0,0.003926599980331957,1,0,False,20
baseline,test,g030nm_cooling_high_localized-sink,30.0,R0,1,0.0038997000083327293,1,0,False,20
baseline,test,g030nm_cooling_high_localized-sink,30.0,R0,2,0.004187699989415705,1,0,False,20
baseline,test,g030nm_cooling_high_localized-sink,30.0,R0,3,0.005902199976844713,1,0,False,20
baseline,test,g030nm_cooling_high_localized-sink,30.0,R0,4,0.0038880000065546483,1,0,False,20
baseline,test,g030nm_cooling_high_localized-sink,30.0,R0,5,0.003844899998512119,1,0,False,20
baseline,test,g030nm_cooling_high_localized-sink,30.0,R0,6,0.005287599982693791,1,0,False,20
baseline,test,g030nm_cooling_high_localized-sink,30.0,R0,7,0.004205999983241782,1,0,False,20
baseline,test,g030nm_cooling_high_localized-sink,30.0,R0,8,0.004207499994663522,1,0,False,20
baseline,test,g030nm_cooling_high_localized-sink,30.0,R0,9,0.0046190000139176846,1,0,False,20
baseline,test,g030nm_cooling_high_localized-sink,30.0,R0,10,0.005056199996033683,1,0,False,20
baseline,test,g030nm_cooling_high_localized-sink,30.0,R0,11,0.003971199999796227,1,0,False,20
baseline,test,g030nm_cooling_high_localized-sink,30.0,R0,12,0.00388469998142682,1,0,False,20
baseline,test,g030nm_cooling_high_localized-sink,30.0,R0,13,0.004278000007616356,1,0,False,20
baseline,test,g030nm_cooling_high_localized-sink,30.0,R0,14,0.00406109998584725,1,0,False,20
baseline,test,g030nm_cooling_high_localized-sink,30.0,R0,15,0.003911000007065013,1,0,False,20
baseline,test,g030nm_cooling_high_localized-sink,30.0,R0,16,0.00404030000208877,1,0,False,20
baseline,test,g030nm_cooling_high_localized-sink,30.0,R0,17,0.004604299989296123,1,0,False,20
baseline,test,g030nm_cooling_high_localized-sink,30.0,R0,18,0.004056400008266792,1,0,False,20
baseline,test,g030nm_cooling_high_localized-sink,30.0,R0,19,0.003909600025508553,1,0,False,20
baseline,test,g030nm_cooling_high_localized-sink,30.0,R1,0,0.005344600009266287,2,0,False,20
baseline,test,g030nm_cooling_high_localized-sink,30.0,R1,1,0.004976900003384799,2,0,False,20
baseline,test,g030nm_cooling_high_localized-sink,30.0,R1,2,0.004252100014127791,2,0,False,20
baseline,test,g030nm_cooling_high_localized-sink,30.0,R1,3,0.007655800000065938,2,0,False,20
baseline,test,g030nm_cooling_high_localized-sink,30.0,R1,4,0.004994100017938763,2,0,False,20
baseline,test,g030nm_cooling_high_localized-sink,30.0,R1,5,0.005823699990287423,2,0,False,20
baseline,test,g030nm_cooling_high_localized-sink,30.0,R1,6,0.005491499992785975,2,0,False,20
baseline,test,g030nm_cooling_high_localized-sink,30.0,R1,7,0.004943799984175712,2,0,False,20
baseline,test,g030nm_cooling_high_localized-sink,30.0,R1,8,0.004818899993551895,2,0,False,20
baseline,test,g030nm_cooling_high_localized-sink,30.0,R1,9,0.006196699978318065,2,0,False,20
baseline,test,g030nm_cooling_high_localized-sink,30.0,R1,10,0.0053585999994538724,2,0,False,20
baseline,test,g030nm_cooling_high_localized-sink,30.0,R1,11,0.005177499988349155,2,0,False,20
baseline,test,g030nm_cooling_high_localized-sink,30.0,R1,12,0.005378700006986037,2,0,False,20
baseline,test,g030nm_cooling_high_localized-sink,30.0,R1,13,0.005087300000013784,2,0,False,20
baseline,test,g030nm_cooling_high_localized-sink,30.0,R1,14,0.006009800010360777,2,0,False,20
baseline,test,g030nm_cooling_high_localized-sink,30.0,R1,15,0.005434699996840209,2,0,False,20
baseline,test,g030nm_cooling_high_localized-sink,30.0,R1,16,0.005567399988649413,2,0,False,20
baseline,test,g030nm_cooling_high_localized-sink,30.0,R1,17,0.005562099977396429,2,0,False,20
baseline,test,g030nm_cooling_high_localized-sink,30.0,R1,18,0.005459200008772314,2,0,False,20
baseline,test,g030nm_cooling_high_localized-sink,30.0,R1,19,0.0068971999862696975,2,0,False,20
baseline,test,g030nm_cooling_high_localized-sink,30.0,R2,0,0.009775999991688877,4,0,False,20
baseline,test,g030nm_cooling_high_localized-sink,30.0,R2,1,0.010629299998981878,4,0,False,20
baseline,test,g030nm_cooling_high_localized-sink,30.0,R2,2,0.01087050000205636,4,0,False,20
baseline,test,g030nm_cooling_high_localized-sink,30.0,R2,3,0.010587299999315292,4,0,False,20
baseline,test,g030nm_cooling_high_localized-sink,30.0,R2,4,0.011610699992161244,4,0,False,20
baseline,test,g030nm_cooling_high_localized-sink,30.0,R2,5,0.011254899989580736,4,0,False,20
baseline,test,g030nm_cooling_high_localized-sink,30.0,R2,6,0.010277399996994063,4,0,False,20
baseline,test,g030nm_cooling_high_localized-sink,30.0,R2,7,0.01038160000462085,4,0,False,20
baseline,test,g030nm_cooling_high_localized-sink,30.0,R2,8,0.011715699976775795,4,0,False,20
baseline,test,g030nm_cooling_high_localized-sink,30.0,R2,9,0.009050299995578825,4,0,False,20
baseline,test,g030nm_cooling_high_localized-sink,30.0,R2,10,0.010310199984814972,4,0,False,20
baseline,test,g030nm_cooling_high_localized-sink,30.0,R2,11,0.01093580000451766,4,0,False,20
baseline,test,g030nm_cooling_high_localized-sink,30.0,R2,12,0.008872000005794689,4,0,False,20
baseline,test,g030nm_cooling_high_localized-sink,30.0,R2,13,0.01023790001636371,4,0,False,20
baseline,test,g030nm_cooling_high_localized-sink,30.0,R2,14,0.01077259998419322,4,0,False,20
baseline,test,g030nm_cooling_high_localized-sink,30.0,R2,15,0.011237200000323355,4,0,False,20
baseline,test,g030nm_cooling_high_localized-sink,30.0,R2,16,0.010250800027279183,4,0,False,20
baseline,test,g030nm_cooling_high_localized-sink,30.0,R2,17,0.009583200007909909,4,0,False,20
baseline,test,g030nm_cooling_high_localized-sink,30.0,R2,18,0.009743399976287037,4,0,False,20
baseline,test,g030nm_cooling_high_localized-sink,30.0,R2,19,0.00934600000618957,4,0,False,20
baseline,test,g030nm_cooling_high_nominal,30.0,COLD,0,0.2133406999928411,77,0,False,10
baseline,test,g030nm_cooling_high_nominal,30.0,COLD,1,0.21623340001679026,77,0,False,10
baseline,test,g030nm_cooling_high_nominal,30.0,COLD,2,0.21118650000425987,77,0,False,10
baseline,test,g030nm_cooling_high_nominal,30.0,COLD,3,0.21023200001218356,77,0,False,10
baseline,test,g030nm_cooling_high_nominal,30.0,COLD,4,0.21313190000364557,77,0,False,10
baseline,test,g030nm_cooling_high_nominal,30.0,COLD,5,0.21903290000045672,77,0,False,10
baseline,test,g030nm_cooling_high_nominal,30.0,COLD,6,0.22574360002181493,77,0,False,10
baseline,test,g030nm_cooling_high_nominal,30.0,COLD,7,0.21202659999835305,77,0,False,10
baseline,test,g030nm_cooling_high_nominal,30.0,COLD,8,0.2202992000093218,77,0,False,10
baseline,test,g030nm_cooling_high_nominal,30.0,COLD,9,0.22981470002559945,77,0,False,10
baseline,test,g030nm_cooling_high_nominal,30.0,A1,0,0.005553399998461828,2,0,False,20
baseline,test,g030nm_cooling_high_nominal,30.0,A1,1,0.005702900001779199,2,0,False,20
baseline,test,g030nm_cooling_high_nominal,30.0,A1,2,0.004881700006080791,2,0,False,20
baseline,test,g030nm_cooling_high_nominal,30.0,A1,3,0.007844500010833144,2,0,False,20
baseline,test,g030nm_cooling_high_nominal,30.0,A1,4,0.006673299998510629,2,0,False,20
baseline,test,g030nm_cooling_high_nominal,30.0,A1,5,0.006464900012360886,2,0,False,20
baseline,test,g030nm_cooling_high_nominal,30.0,A1,6,0.0069497000076808035,2,0,False,20
baseline,test,g030nm_cooling_high_nominal,30.0,A1,7,0.006852899998193607,2,0,False,20
baseline,test,g030nm_cooling_high_nominal,30.0,A1,8,0.00617979999515228,2,0,False,20
baseline,test,g030nm_cooling_high_nominal,30.0,A1,9,0.0066676999849732965,2,0,False,20
baseline,test,g030nm_cooling_high_nominal,30.0,A1,10,0.0064178000029642135,2,0,False,20
baseline,test,g030nm_cooling_high_nominal,30.0,A1,11,0.006166700011817738,2,0,False,20
baseline,test,g030nm_cooling_high_nominal,30.0,A1,12,0.005799699982162565,2,0,False,20
baseline,test,g030nm_cooling_high_nominal,30.0,A1,13,0.006919600011315197,2,0,False,20
baseline,test,g030nm_cooling_high_nominal,30.0,A1,14,0.005972300015855581,2,0,False,20
baseline,test,g030nm_cooling_high_nominal,30.0,A1,15,0.005992999998852611,2,0,False,20
baseline,test,g030nm_cooling_high_nominal,30.0,A1,16,0.008555800013709813,2,0,False,20
baseline,test,g030nm_cooling_high_nominal,30.0,A1,17,0.00809389998903498,2,0,False,20
baseline,test,g030nm_cooling_high_nominal,30.0,A1,18,0.005650499981129542,2,0,False,20
baseline,test,g030nm_cooling_high_nominal,30.0,A1,19,0.006824800017056987,2,0,False,20
baseline,test,g030nm_cooling_high_nominal,30.0,A2,0,0.012319799978286028,4,0,False,20
baseline,test,g030nm_cooling_high_nominal,30.0,A2,1,0.015323200001148507,4,0,False,20
baseline,test,g030nm_cooling_high_nominal,30.0,A2,2,0.012081399996532127,4,0,False,20
baseline,test,g030nm_cooling_high_nominal,30.0,A2,3,0.010395899997092783,4,0,False,20
baseline,test,g030nm_cooling_high_nominal,30.0,A2,4,0.01075200000195764,4,0,False,20
baseline,test,g030nm_cooling_high_nominal,30.0,A2,5,0.011854099982883781,4,0,False,20
baseline,test,g030nm_cooling_high_nominal,30.0,A2,6,0.010967299982439727,4,0,False,20
baseline,test,g030nm_cooling_high_nominal,30.0,A2,7,0.012066399998730049,4,0,False,20
baseline,test,g030nm_cooling_high_nominal,30.0,A2,8,0.013545599998906255,4,0,False,20
baseline,test,g030nm_cooling_high_nominal,30.0,A2,9,0.012782000005245209,4,0,False,20
baseline,test,g030nm_cooling_high_nominal,30.0,A2,10,0.01482780001242645,4,0,False,20
baseline,test,g030nm_cooling_high_nominal,30.0,A2,11,0.013683099998161197,4,0,False,20
baseline,test,g030nm_cooling_high_nominal,30.0,A2,12,0.013493600010406226,4,0,False,20
baseline,test,g030nm_cooling_high_nominal,30.0,A2,13,0.011429500009398907,4,0,False,20
baseline,test,g030nm_cooling_high_nominal,30.0,A2,14,0.010057599982246757,4,0,False,20
baseline,test,g030nm_cooling_high_nominal,30.0,A2,15,0.011265700013609603,4,0,False,20
baseline,test,g030nm_cooling_high_nominal,30.0,A2,16,0.011273799987975508,4,0,False,20
baseline,test,g030nm_cooling_high_nominal,30.0,A2,17,0.012054799997713417,4,0,False,20
baseline,test,g030nm_cooling_high_nominal,30.0,A2,18,0.011939800024265423,4,0,False,20
baseline,test,g030nm_cooling_high_nominal,30.0,A2,19,0.013121399999363348,4,0,False,20
baseline,test,g030nm_cooling_high_nominal,30.0,R0,0,0.005184499983442947,1,0,False,20
baseline,test,g030nm_cooling_high_nominal,30.0,R0,1,0.0044132999901194125,1,0,False,20
baseline,test,g030nm_cooling_high_nominal,30.0,R0,2,0.004300400003558025,1,0,False,20
baseline,test,g030nm_cooling_high_nominal,30.0,R0,3,0.004664499982027337,1,0,False,20
baseline,test,g030nm_cooling_high_nominal,30.0,R0,4,0.004214299988234416,1,0,False,20
baseline,test,g030nm_cooling_high_nominal,30.0,R0,5,0.004196199995931238,1,0,False,20
baseline,test,g030nm_cooling_high_nominal,30.0,R0,6,0.0046455999836325645,1,0,False,20
baseline,test,g030nm_cooling_high_nominal,30.0,R0,7,0.005605900019872934,1,0,False,20
baseline,test,g030nm_cooling_high_nominal,30.0,R0,8,0.005464599991682917,1,0,False,20
baseline,test,g030nm_cooling_high_nominal,30.0,R0,9,0.0041800999897532165,1,0,False,20
baseline,test,g030nm_cooling_high_nominal,30.0,R0,10,0.004120700003113598,1,0,False,20
baseline,test,g030nm_cooling_high_nominal,30.0,R0,11,0.005273199989460409,1,0,False,20
baseline,test,g030nm_cooling_high_nominal,30.0,R0,12,0.006080799998017028,1,0,False,20
baseline,test,g030nm_cooling_high_nominal,30.0,R0,13,0.004137199983233586,1,0,False,20
baseline,test,g030nm_cooling_high_nominal,30.0,R0,14,0.005438199994387105,1,0,False,20
baseline,test,g030nm_cooling_high_nominal,30.0,R0,15,0.00446850000298582,1,0,False,20
baseline,test,g030nm_cooling_high_nominal,30.0,R0,16,0.004125899984501302,1,0,False,20
baseline,test,g030nm_cooling_high_nominal,30.0,R0,17,0.005181299988180399,1,0,False,20
baseline,test,g030nm_cooling_high_nominal,30.0,R0,18,0.00441520000458695,1,0,False,20
baseline,test,g030nm_cooling_high_nominal,30.0,R0,19,0.004097500001080334,1,0,False,20
baseline,test,g030nm_cooling_high_nominal,30.0,R1,0,0.0055837000254541636,2,0,False,20
baseline,test,g030nm_cooling_high_nominal,30.0,R1,1,0.006060899992007762,2,0,False,20
baseline,test,g030nm_cooling_high_nominal,30.0,R1,2,0.00613379999413155,2,0,False,20
baseline,test,g030nm_cooling_high_nominal,30.0,R1,3,0.005726200004573911,2,0,False,20
baseline,test,g030nm_cooling_high_nominal,30.0,R1,4,0.005776299978606403,2,0,False,20
baseline,test,g030nm_cooling_high_nominal,30.0,R1,5,0.005963900010101497,2,0,False,20
baseline,test,g030nm_cooling_high_nominal,30.0,R1,6,0.005633499997202307,2,0,False,20
baseline,test,g030nm_cooling_high_nominal,30.0,R1,7,0.005918199982261285,2,0,False,20
baseline,test,g030nm_cooling_high_nominal,30.0,R1,8,0.00512640000670217,2,0,False,20
baseline,test,g030nm_cooling_high_nominal,30.0,R1,9,0.006384800013620406,2,0,False,20
baseline,test,g030nm_cooling_high_nominal,30.0,R1,10,0.007386300014331937,2,0,False,20
baseline,test,g030nm_cooling_high_nominal,30.0,R1,11,0.00548930000513792,2,0,False,20
baseline,test,g030nm_cooling_high_nominal,30.0,R1,12,0.008021799993002787,2,0,False,20
baseline,test,g030nm_cooling_high_nominal,30.0,R1,13,0.006316199986031279,2,0,False,20
baseline,test,g030nm_cooling_high_nominal,30.0,R1,14,0.005583999998634681,2,0,False,20
baseline,test,g030nm_cooling_high_nominal,30.0,R1,15,0.005937400012044236,2,0,False,20
baseline,test,g030nm_cooling_high_nominal,30.0,R1,16,0.005336799978977069,2,0,False,20
baseline,test,g030nm_cooling_high_nominal,30.0,R1,17,0.00585230000433512,2,0,False,20
baseline,test,g030nm_cooling_high_nominal,30.0,R1,18,0.006359899998642504,2,0,False,20
baseline,test,g030nm_cooling_high_nominal,30.0,R1,19,0.005370700004277751,2,0,False,20
baseline,test,g030nm_cooling_high_nominal,30.0,R2,0,0.01166320001357235,4,0,False,20
baseline,test,g030nm_cooling_high_nominal,30.0,R2,1,0.009929000021656975,4,0,False,20
baseline,test,g030nm_cooling_high_nominal,30.0,R2,2,0.011299800011329353,4,0,False,20
baseline,test,g030nm_cooling_high_nominal,30.0,R2,3,0.009391300001880154,4,0,False,20
baseline,test,g030nm_cooling_high_nominal,30.0,R2,4,0.010068700008559972,4,0,False,20
baseline,test,g030nm_cooling_high_nominal,30.0,R2,5,0.012262100004591048,4,0,False,20
baseline,test,g030nm_cooling_high_nominal,30.0,R2,6,0.011534200020832941,4,0,False,20
baseline,test,g030nm_cooling_high_nominal,30.0,R2,7,0.010270099999615923,4,0,False,20
baseline,test,g030nm_cooling_high_nominal,30.0,R2,8,0.010860000009415671,4,0,False,20
baseline,test,g030nm_cooling_high_nominal,30.0,R2,9,0.00893850001739338,4,0,False,20
baseline,test,g030nm_cooling_high_nominal,30.0,R2,10,0.0106083000137005,4,0,False,20
baseline,test,g030nm_cooling_high_nominal,30.0,R2,11,0.010309899982530624,4,0,False,20
baseline,test,g030nm_cooling_high_nominal,30.0,R2,12,0.009887299995170906,4,0,False,20
baseline,test,g030nm_cooling_high_nominal,30.0,R2,13,0.010349599993787706,4,0,False,20
baseline,test,g030nm_cooling_high_nominal,30.0,R2,14,0.010097899998072535,4,0,False,20
baseline,test,g030nm_cooling_high_nominal,30.0,R2,15,0.01070759998401627,4,0,False,20
baseline,test,g030nm_cooling_high_nominal,30.0,R2,16,0.011659699986921623,4,0,False,20
baseline,test,g030nm_cooling_high_nominal,30.0,R2,17,0.010260899987770244,4,0,False,20
baseline,test,g030nm_cooling_high_nominal,30.0,R2,18,0.010633199999574572,4,0,False,20
baseline,test,g030nm_cooling_high_nominal,30.0,R2,19,0.011408799997298047,4,0,False,20
baseline,test,g030nm_cooling_low_localized-sink,30.0,COLD,0,0.22833680000621825,79,0,False,10
baseline,test,g030nm_cooling_low_localized-sink,30.0,COLD,1,0.21290090002003126,79,0,False,10
baseline,test,g030nm_cooling_low_localized-sink,30.0,COLD,2,0.2151198000065051,79,0,False,10
baseline,test,g030nm_cooling_low_localized-sink,30.0,COLD,3,0.21794400000362657,79,0,False,10
baseline,test,g030nm_cooling_low_localized-sink,30.0,COLD,4,0.21286759999929927,79,0,False,10
baseline,test,g030nm_cooling_low_localized-sink,30.0,COLD,5,0.20978000000468455,79,0,False,10
baseline,test,g030nm_cooling_low_localized-sink,30.0,COLD,6,0.21699749998515472,79,0,False,10
baseline,test,g030nm_cooling_low_localized-sink,30.0,COLD,7,0.2189014000177849,79,0,False,10
baseline,test,g030nm_cooling_low_localized-sink,30.0,COLD,8,0.20974520000163466,79,0,False,10
baseline,test,g030nm_cooling_low_localized-sink,30.0,COLD,9,0.23308709997218102,79,0,False,10
baseline,test,g030nm_cooling_low_localized-sink,30.0,A1,0,0.006176900002174079,2,0,False,20
baseline,test,g030nm_cooling_low_localized-sink,30.0,A1,1,0.004268000018782914,2,0,False,20
baseline,test,g030nm_cooling_low_localized-sink,30.0,A1,2,0.0058778000238817185,2,0,False,20
baseline,test,g030nm_cooling_low_localized-sink,30.0,A1,3,0.005343700002413243,2,0,False,20
baseline,test,g030nm_cooling_low_localized-sink,30.0,A1,4,0.0070970999950077385,2,0,False,20
baseline,test,g030nm_cooling_low_localized-sink,30.0,A1,5,0.006058600003598258,2,0,False,20
baseline,test,g030nm_cooling_low_localized-sink,30.0,A1,6,0.005571899993810803,2,0,False,20
baseline,test,g030nm_cooling_low_localized-sink,30.0,A1,7,0.0049149999977089465,2,0,False,20
baseline,test,g030nm_cooling_low_localized-sink,30.0,A1,8,0.0055930000089574605,2,0,False,20
baseline,test,g030nm_cooling_low_localized-sink,30.0,A1,9,0.005771299998741597,2,0,False,20
baseline,test,g030nm_cooling_low_localized-sink,30.0,A1,10,0.005687400000169873,2,0,False,20
baseline,test,g030nm_cooling_low_localized-sink,30.0,A1,11,0.0056659000110812485,2,0,False,20
baseline,test,g030nm_cooling_low_localized-sink,30.0,A1,12,0.006009199976688251,2,0,False,20
baseline,test,g030nm_cooling_low_localized-sink,30.0,A1,13,0.0056770000082906336,2,0,False,20
baseline,test,g030nm_cooling_low_localized-sink,30.0,A1,14,0.0056711999932304025,2,0,False,20
baseline,test,g030nm_cooling_low_localized-sink,30.0,A1,15,0.00634569997782819,2,0,False,20
baseline,test,g030nm_cooling_low_localized-sink,30.0,A1,16,0.0056865999940782785,2,0,False,20
baseline,test,g030nm_cooling_low_localized-sink,30.0,A1,17,0.00595310001517646,2,0,False,20
baseline,test,g030nm_cooling_low_localized-sink,30.0,A1,18,0.006297500018263236,2,0,False,20
baseline,test,g030nm_cooling_low_localized-sink,30.0,A1,19,0.005674900021404028,2,0,False,20
baseline,test,g030nm_cooling_low_localized-sink,30.0,A2,0,0.011266899993643165,4,0,False,20
baseline,test,g030nm_cooling_low_localized-sink,30.0,A2,1,0.010365099995397031,4,0,False,20
baseline,test,g030nm_cooling_low_localized-sink,30.0,A2,2,0.009104199998546392,4,0,False,20
baseline,test,g030nm_cooling_low_localized-sink,30.0,A2,3,0.011589699977776036,4,0,False,20
baseline,test,g030nm_cooling_low_localized-sink,30.0,A2,4,0.010203000012552366,4,0,False,20
baseline,test,g030nm_cooling_low_localized-sink,30.0,A2,5,0.009779100015293807,4,0,False,20
baseline,test,g030nm_cooling_low_localized-sink,30.0,A2,6,0.011208500014618039,4,0,False,20
baseline,test,g030nm_cooling_low_localized-sink,30.0,A2,7,0.01013569999486208,4,0,False,20
baseline,test,g030nm_cooling_low_localized-sink,30.0,A2,8,0.01180989999556914,4,0,False,20
baseline,test,g030nm_cooling_low_localized-sink,30.0,A2,9,0.011114500026451424,4,0,False,20
baseline,test,g030nm_cooling_low_localized-sink,30.0,A2,10,0.010023700015153736,4,0,False,20
baseline,test,g030nm_cooling_low_localized-sink,30.0,A2,11,0.014097199979005381,4,0,False,20
baseline,test,g030nm_cooling_low_localized-sink,30.0,A2,12,0.015345399995567277,4,0,False,20
baseline,test,g030nm_cooling_low_localized-sink,30.0,A2,13,0.012070500000845641,4,0,False,20
baseline,test,g030nm_cooling_low_localized-sink,30.0,A2,14,0.010619200009386986,4,0,False,20
baseline,test,g030nm_cooling_low_localized-sink,30.0,A2,15,0.010080399981234223,4,0,False,20
baseline,test,g030nm_cooling_low_localized-sink,30.0,A2,16,0.009757199994055554,4,0,False,20
baseline,test,g030nm_cooling_low_localized-sink,30.0,A2,17,0.010094900004332885,4,0,False,20
baseline,test,g030nm_cooling_low_localized-sink,30.0,A2,18,0.010765999992145225,4,0,False,20
baseline,test,g030nm_cooling_low_localized-sink,30.0,A2,19,0.009192900004563853,4,0,False,20
baseline,test,g030nm_cooling_low_localized-sink,30.0,R0,0,0.00610719999531284,1,0,False,20
baseline,test,g030nm_cooling_low_localized-sink,30.0,R0,1,0.0043200000072829425,1,0,False,20
baseline,test,g030nm_cooling_low_localized-sink,30.0,R0,2,0.004370999988168478,1,0,False,20
baseline,test,g030nm_cooling_low_localized-sink,30.0,R0,3,0.0033676000020932406,1,0,False,20
baseline,test,g030nm_cooling_low_localized-sink,30.0,R0,4,0.0046125000226311386,1,0,False,20
baseline,test,g030nm_cooling_low_localized-sink,30.0,R0,5,0.0038981999969109893,1,0,False,20
baseline,test,g030nm_cooling_low_localized-sink,30.0,R0,6,0.004631299991160631,1,0,False,20
baseline,test,g030nm_cooling_low_localized-sink,30.0,R0,7,0.004925000015646219,1,0,False,20
baseline,test,g030nm_cooling_low_localized-sink,30.0,R0,8,0.003921499999705702,1,0,False,20
baseline,test,g030nm_cooling_low_localized-sink,30.0,R0,9,0.0038429000123869628,1,0,False,20
baseline,test,g030nm_cooling_low_localized-sink,30.0,R0,10,0.004481200012378395,1,0,False,20
baseline,test,g030nm_cooling_low_localized-sink,30.0,R0,11,0.005135899991728365,1,0,False,20
baseline,test,g030nm_cooling_low_localized-sink,30.0,R0,12,0.004690499976277351,1,0,False,20
baseline,test,g030nm_cooling_low_localized-sink,30.0,R0,13,0.0043160000059287995,1,0,False,20
baseline,test,g030nm_cooling_low_localized-sink,30.0,R0,14,0.0047110999876167625,1,0,False,20
baseline,test,g030nm_cooling_low_localized-sink,30.0,R0,15,0.004328299983171746,1,0,False,20
baseline,test,g030nm_cooling_low_localized-sink,30.0,R0,16,0.0038915000041015446,1,0,False,20
baseline,test,g030nm_cooling_low_localized-sink,30.0,R0,17,0.005264799983706325,1,0,False,20
baseline,test,g030nm_cooling_low_localized-sink,30.0,R0,18,0.004325199988670647,1,0,False,20
baseline,test,g030nm_cooling_low_localized-sink,30.0,R0,19,0.004685299994889647,1,0,False,20
baseline,test,g030nm_cooling_low_localized-sink,30.0,R1,0,0.00630569999339059,2,0,False,20
baseline,test,g030nm_cooling_low_localized-sink,30.0,R1,1,0.005267700005788356,2,0,False,20
baseline,test,g030nm_cooling_low_localized-sink,30.0,R1,2,0.006204800010891631,2,0,False,20
baseline,test,g030nm_cooling_low_localized-sink,30.0,R1,3,0.005575699993642047,2,0,False,20
baseline,test,g030nm_cooling_low_localized-sink,30.0,R1,4,0.005030300002545118,2,0,False,20
baseline,test,g030nm_cooling_low_localized-sink,30.0,R1,5,0.00547600002028048,2,0,False,20
baseline,test,g030nm_cooling_low_localized-sink,30.0,R1,6,0.00554870002088137,2,0,False,20
baseline,test,g030nm_cooling_low_localized-sink,30.0,R1,7,0.005756600003223866,2,0,False,20
baseline,test,g030nm_cooling_low_localized-sink,30.0,R1,8,0.006899700005305931,2,0,False,20
baseline,test,g030nm_cooling_low_localized-sink,30.0,R1,9,0.005670400016242638,2,0,False,20
baseline,test,g030nm_cooling_low_localized-sink,30.0,R1,10,0.005710600002203137,2,0,False,20
baseline,test,g030nm_cooling_low_localized-sink,30.0,R1,11,0.005760300002293661,2,0,False,20
baseline,test,g030nm_cooling_low_localized-sink,30.0,R1,12,0.005426699994131923,2,0,False,20
baseline,test,g030nm_cooling_low_localized-sink,30.0,R1,13,0.005843999999342486,2,0,False,20
baseline,test,g030nm_cooling_low_localized-sink,30.0,R1,14,0.00542259999201633,2,0,False,20
baseline,test,g030nm_cooling_low_localized-sink,30.0,R1,15,0.005316599999787286,2,0,False,20
baseline,test,g030nm_cooling_low_localized-sink,30.0,R1,16,0.006304700014879927,2,0,False,20
baseline,test,g030nm_cooling_low_localized-sink,30.0,R1,17,0.005575399991357699,2,0,False,20
baseline,test,g030nm_cooling_low_localized-sink,30.0,R1,18,0.005527100001927465,2,0,False,20
baseline,test,g030nm_cooling_low_localized-sink,30.0,R1,19,0.005339800001820549,2,0,False,20
baseline,test,g030nm_cooling_low_localized-sink,30.0,R2,0,0.010465700004715472,4,0,False,20
baseline,test,g030nm_cooling_low_localized-sink,30.0,R2,1,0.013206700008595362,4,0,False,20
baseline,test,g030nm_cooling_low_localized-sink,30.0,R2,2,0.012914799997815862,4,0,False,20
baseline,test,g030nm_cooling_low_localized-sink,30.0,R2,3,0.010132999974302948,4,0,False,20
baseline,test,g030nm_cooling_low_localized-sink,30.0,R2,4,0.010569400008535013,4,0,False,20
baseline,test,g030nm_cooling_low_localized-sink,30.0,R2,5,0.011136899993289262,4,0,False,20
baseline,test,g030nm_cooling_low_localized-sink,30.0,R2,6,0.011350200016750023,4,0,False,20
baseline,test,g030nm_cooling_low_localized-sink,30.0,R2,7,0.010164300008909777,4,0,False,20
baseline,test,g030nm_cooling_low_localized-sink,30.0,R2,8,0.012680799991358072,4,0,False,20
baseline,test,g030nm_cooling_low_localized-sink,30.0,R2,9,0.011033899994799867,4,0,False,20
baseline,test,g030nm_cooling_low_localized-sink,30.0,R2,10,0.011830099974758923,4,0,False,20
baseline,test,g030nm_cooling_low_localized-sink,30.0,R2,11,0.011059699987526983,4,0,False,20
baseline,test,g030nm_cooling_low_localized-sink,30.0,R2,12,0.013197899999795482,4,0,False,20
baseline,test,g030nm_cooling_low_localized-sink,30.0,R2,13,0.011105199984740466,4,0,False,20
baseline,test,g030nm_cooling_low_localized-sink,30.0,R2,14,0.011247999995248392,4,0,False,20
baseline,test,g030nm_cooling_low_localized-sink,30.0,R2,15,0.012263499986147508,4,0,False,20
baseline,test,g030nm_cooling_low_localized-sink,30.0,R2,16,0.010708699992392212,4,0,False,20
baseline,test,g030nm_cooling_low_localized-sink,30.0,R2,17,0.009939499985193834,4,0,False,20
baseline,test,g030nm_cooling_low_localized-sink,30.0,R2,18,0.013236900005722418,4,0,False,20
baseline,test,g030nm_cooling_low_localized-sink,30.0,R2,19,0.01026300000376068,4,0,False,20
baseline,test,g030nm_cooling_low_nominal,30.0,COLD,0,0.16351419998682104,61,0,False,10
baseline,test,g030nm_cooling_low_nominal,30.0,COLD,1,0.16260300000431016,61,0,False,10
baseline,test,g030nm_cooling_low_nominal,30.0,COLD,2,0.17711630000849254,61,0,False,10
baseline,test,g030nm_cooling_low_nominal,30.0,COLD,3,0.17038689999026246,61,0,False,10
baseline,test,g030nm_cooling_low_nominal,30.0,COLD,4,0.17224720001104288,61,0,False,10
baseline,test,g030nm_cooling_low_nominal,30.0,COLD,5,0.16869810002390295,61,0,False,10
baseline,test,g030nm_cooling_low_nominal,30.0,COLD,6,0.16611920000286773,61,0,False,10
baseline,test,g030nm_cooling_low_nominal,30.0,COLD,7,0.1651496000122279,61,0,False,10
baseline,test,g030nm_cooling_low_nominal,30.0,COLD,8,0.16624820002471097,61,0,False,10
baseline,test,g030nm_cooling_low_nominal,30.0,COLD,9,0.16656810001586564,61,0,False,10
baseline,test,g030nm_cooling_low_nominal,30.0,A1,0,0.006062100001145154,2,0,False,20
baseline,test,g030nm_cooling_low_nominal,30.0,A1,1,0.0055346000008285046,2,0,False,20
baseline,test,g030nm_cooling_low_nominal,30.0,A1,2,0.005314799986081198,2,0,False,20
baseline,test,g030nm_cooling_low_nominal,30.0,A1,3,0.007182100001955405,2,0,False,20
baseline,test,g030nm_cooling_low_nominal,30.0,A1,4,0.0054555999813601375,2,0,False,20
baseline,test,g030nm_cooling_low_nominal,30.0,A1,5,0.005321000004187226,2,0,False,20
baseline,test,g030nm_cooling_low_nominal,30.0,A1,6,0.00685539998812601,2,0,False,20
baseline,test,g030nm_cooling_low_nominal,30.0,A1,7,0.005590199987636879,2,0,False,20
baseline,test,g030nm_cooling_low_nominal,30.0,A1,8,0.004405999992741272,2,0,False,20
baseline,test,g030nm_cooling_low_nominal,30.0,A1,9,0.005915899993851781,2,0,False,20
baseline,test,g030nm_cooling_low_nominal,30.0,A1,10,0.005555799987632781,2,0,False,20
baseline,test,g030nm_cooling_low_nominal,30.0,A1,11,0.004789400001754984,2,0,False,20
baseline,test,g030nm_cooling_low_nominal,30.0,A1,12,0.006792600004700944,2,0,False,20
baseline,test,g030nm_cooling_low_nominal,30.0,A1,13,0.0056016999878920615,2,0,False,20
baseline,test,g030nm_cooling_low_nominal,30.0,A1,14,0.006454399990616366,2,0,False,20
baseline,test,g030nm_cooling_low_nominal,30.0,A1,15,0.006753300025593489,2,0,False,20
baseline,test,g030nm_cooling_low_nominal,30.0,A1,16,0.00619020001613535,2,0,False,20
baseline,test,g030nm_cooling_low_nominal,30.0,A1,17,0.0057354000164195895,2,0,False,20
baseline,test,g030nm_cooling_low_nominal,30.0,A1,18,0.005560799996601418,2,0,False,20
baseline,test,g030nm_cooling_low_nominal,30.0,A1,19,0.007756399980280548,2,0,False,20
baseline,test,g030nm_cooling_low_nominal,30.0,A2,0,0.010558399982983246,4,0,False,20
baseline,test,g030nm_cooling_low_nominal,30.0,A2,1,0.01208690000930801,4,0,False,20
baseline,test,g030nm_cooling_low_nominal,30.0,A2,2,0.011699099995894358,4,0,False,20
baseline,test,g030nm_cooling_low_nominal,30.0,A2,3,0.009675600012997165,4,0,False,20
baseline,test,g030nm_cooling_low_nominal,30.0,A2,4,0.010482799989404157,4,0,False,20
baseline,test,g030nm_cooling_low_nominal,30.0,A2,5,0.01220840000314638,4,0,False,20
baseline,test,g030nm_cooling_low_nominal,30.0,A2,6,0.01201289999880828,4,0,False,20
baseline,test,g030nm_cooling_low_nominal,30.0,A2,7,0.010115800017956644,4,0,False,20
baseline,test,g030nm_cooling_low_nominal,30.0,A2,8,0.011701500014169142,4,0,False,20
baseline,test,g030nm_cooling_low_nominal,30.0,A2,9,0.011476999992737547,4,0,False,20
baseline,test,g030nm_cooling_low_nominal,30.0,A2,10,0.009229599992977455,4,0,False,20
baseline,test,g030nm_cooling_low_nominal,30.0,A2,11,0.011010399990482256,4,0,False,20
baseline,test,g030nm_cooling_low_nominal,30.0,A2,12,0.011228399991523474,4,0,False,20
baseline,test,g030nm_cooling_low_nominal,30.0,A2,13,0.01184099999954924,4,0,False,20
baseline,test,g030nm_cooling_low_nominal,30.0,A2,14,0.010953700024401769,4,0,False,20
baseline,test,g030nm_cooling_low_nominal,30.0,A2,15,0.01163940000697039,4,0,False,20
baseline,test,g030nm_cooling_low_nominal,30.0,A2,16,0.010721200000261888,4,0,False,20
baseline,test,g030nm_cooling_low_nominal,30.0,A2,17,0.011128100013593212,4,0,False,20
baseline,test,g030nm_cooling_low_nominal,30.0,A2,18,0.011778500018408522,4,0,False,20
baseline,test,g030nm_cooling_low_nominal,30.0,A2,19,0.010820299998158589,4,0,False,20
baseline,test,g030nm_cooling_low_nominal,30.0,R0,0,0.003356000001076609,1,0,False,20
baseline,test,g030nm_cooling_low_nominal,30.0,R0,1,0.0057471999898552895,1,0,False,20
baseline,test,g030nm_cooling_low_nominal,30.0,R0,2,0.004752300010295585,1,0,False,20
baseline,test,g030nm_cooling_low_nominal,30.0,R0,3,0.004177499999059364,1,0,False,20
baseline,test,g030nm_cooling_low_nominal,30.0,R0,4,0.004429299995535985,1,0,False,20
baseline,test,g030nm_cooling_low_nominal,30.0,R0,5,0.003888200008077547,1,0,False,20
baseline,test,g030nm_cooling_low_nominal,30.0,R0,6,0.004381199978524819,1,0,False,20
baseline,test,g030nm_cooling_low_nominal,30.0,R0,7,0.004809400008525699,1,0,False,20
baseline,test,g030nm_cooling_low_nominal,30.0,R0,8,0.005783699976745993,1,0,False,20
baseline,test,g030nm_cooling_low_nominal,30.0,R0,9,0.0040059000020846725,1,0,False,20
baseline,test,g030nm_cooling_low_nominal,30.0,R0,10,0.005362700001569465,1,0,False,20
baseline,test,g030nm_cooling_low_nominal,30.0,R0,11,0.004049900016980246,1,0,False,20
baseline,test,g030nm_cooling_low_nominal,30.0,R0,12,0.0038933999894652516,1,0,False,20
baseline,test,g030nm_cooling_low_nominal,30.0,R0,13,0.004023599991342053,1,0,False,20
baseline,test,g030nm_cooling_low_nominal,30.0,R0,14,0.005973499995889142,1,0,False,20
baseline,test,g030nm_cooling_low_nominal,30.0,R0,15,0.004898399987723678,1,0,False,20
baseline,test,g030nm_cooling_low_nominal,30.0,R0,16,0.004050499992445111,1,0,False,20
baseline,test,g030nm_cooling_low_nominal,30.0,R0,17,0.0059185999853070825,1,0,False,20
baseline,test,g030nm_cooling_low_nominal,30.0,R0,18,0.0043187999981455505,1,0,False,20
baseline,test,g030nm_cooling_low_nominal,30.0,R0,19,0.003907100006472319,1,0,False,20
baseline,test,g030nm_cooling_low_nominal,30.0,R1,0,0.0059492000145837665,2,0,False,20
baseline,test,g030nm_cooling_low_nominal,30.0,R1,1,0.00488179997773841,2,0,False,20
baseline,test,g030nm_cooling_low_nominal,30.0,R1,2,0.005289799999445677,2,0,False,20
baseline,test,g030nm_cooling_low_nominal,30.0,R1,3,0.005650999984936789,2,0,False,20
baseline,test,g030nm_cooling_low_nominal,30.0,R1,4,0.005279300006804988,2,0,False,20
baseline,test,g030nm_cooling_low_nominal,30.0,R1,5,0.005329499981598929,2,0,False,20
baseline,test,g030nm_cooling_low_nominal,30.0,R1,6,0.005798099999083206,2,0,False,20
baseline,test,g030nm_cooling_low_nominal,30.0,R1,7,0.00488490000134334,2,0,False,20
baseline,test,g030nm_cooling_low_nominal,30.0,R1,8,0.006141200021374971,2,0,False,20
baseline,test,g030nm_cooling_low_nominal,30.0,R1,9,0.005835899995872751,2,0,False,20
baseline,test,g030nm_cooling_low_nominal,30.0,R1,10,0.00527310001780279,2,0,False,20
baseline,test,g030nm_cooling_low_nominal,30.0,R1,11,0.005701100017176941,2,0,False,20
baseline,test,g030nm_cooling_low_nominal,30.0,R1,12,0.0053595000063069165,2,0,False,20
baseline,test,g030nm_cooling_low_nominal,30.0,R1,13,0.004890100011834875,2,0,False,20
baseline,test,g030nm_cooling_low_nominal,30.0,R1,14,0.0037668000150006264,2,0,False,20
baseline,test,g030nm_cooling_low_nominal,30.0,R1,15,0.0050829999963752925,2,0,False,20
baseline,test,g030nm_cooling_low_nominal,30.0,R1,16,0.004867599986027926,2,0,False,20
baseline,test,g030nm_cooling_low_nominal,30.0,R1,17,0.0058982000045944005,2,0,False,20
baseline,test,g030nm_cooling_low_nominal,30.0,R1,18,0.005328600003849715,2,0,False,20
baseline,test,g030nm_cooling_low_nominal,30.0,R1,19,0.005020400014473125,2,0,False,20
baseline,test,g030nm_cooling_low_nominal,30.0,R2,0,0.012157300021499395,4,0,False,20
baseline,test,g030nm_cooling_low_nominal,30.0,R2,1,0.01090019999537617,4,0,False,20
baseline,test,g030nm_cooling_low_nominal,30.0,R2,2,0.010931900003924966,4,0,False,20
baseline,test,g030nm_cooling_low_nominal,30.0,R2,3,0.01042460001190193,4,0,False,20
baseline,test,g030nm_cooling_low_nominal,30.0,R2,4,0.010285099997418001,4,0,False,20
baseline,test,g030nm_cooling_low_nominal,30.0,R2,5,0.010497700015548617,4,0,False,20
baseline,test,g030nm_cooling_low_nominal,30.0,R2,6,0.011002199986251071,4,0,False,20
baseline,test,g030nm_cooling_low_nominal,30.0,R2,7,0.009686000004876405,4,0,False,20
baseline,test,g030nm_cooling_low_nominal,30.0,R2,8,0.010667300026398152,4,0,False,20
baseline,test,g030nm_cooling_low_nominal,30.0,R2,9,0.010617699997965246,4,0,False,20
baseline,test,g030nm_cooling_low_nominal,30.0,R2,10,0.010164200008148327,4,0,False,20
baseline,test,g030nm_cooling_low_nominal,30.0,R2,11,0.012256200017873198,4,0,False,20
baseline,test,g030nm_cooling_low_nominal,30.0,R2,12,0.011605099978623912,4,0,False,20
baseline,test,g030nm_cooling_low_nominal,30.0,R2,13,0.011502900015329942,4,0,False,20
baseline,test,g030nm_cooling_low_nominal,30.0,R2,14,0.009887799998978153,4,0,False,20
baseline,test,g030nm_cooling_low_nominal,30.0,R2,15,0.01046620000852272,4,0,False,20
baseline,test,g030nm_cooling_low_nominal,30.0,R2,16,0.010829500010004267,4,0,False,20
baseline,test,g030nm_cooling_low_nominal,30.0,R2,17,0.009745199989993125,4,0,False,20
baseline,test,g030nm_cooling_low_nominal,30.0,R2,18,0.011190999997779727,4,0,False,20
baseline,test,g030nm_cooling_low_nominal,30.0,R2,19,0.011299699981464073,4,0,False,20
baseline,test,g030nm_cooling_near-transition_localized-sink,30.0,COLD,0,0.21183790001668967,79,0,False,10
baseline,test,g030nm_cooling_near-transition_localized-sink,30.0,COLD,1,0.24404720001621172,79,0,False,10
baseline,test,g030nm_cooling_near-transition_localized-sink,30.0,COLD,2,0.21926149999490008,79,0,False,10
baseline,test,g030nm_cooling_near-transition_localized-sink,30.0,COLD,3,0.2190151999820955,79,0,False,10
baseline,test,g030nm_cooling_near-transition_localized-sink,30.0,COLD,4,0.22946490001049824,79,0,False,10
baseline,test,g030nm_cooling_near-transition_localized-sink,30.0,COLD,5,0.2050998999911826,79,0,False,10
baseline,test,g030nm_cooling_near-transition_localized-sink,30.0,COLD,6,0.2157260999956634,79,0,False,10
baseline,test,g030nm_cooling_near-transition_localized-sink,30.0,COLD,7,0.21323059999849647,79,0,False,10
baseline,test,g030nm_cooling_near-transition_localized-sink,30.0,COLD,8,0.21839220001129434,79,0,False,10
baseline,test,g030nm_cooling_near-transition_localized-sink,30.0,COLD,9,0.21422500000335276,79,0,False,10
baseline,test,g030nm_cooling_near-transition_localized-sink,30.0,A1,0,0.005763300025137141,2,0,False,20
baseline,test,g030nm_cooling_near-transition_localized-sink,30.0,A1,1,0.005684200004907325,2,0,False,20
baseline,test,g030nm_cooling_near-transition_localized-sink,30.0,A1,2,0.005407999997260049,2,0,False,20
baseline,test,g030nm_cooling_near-transition_localized-sink,30.0,A1,3,0.006681099999696016,2,0,False,20
baseline,test,g030nm_cooling_near-transition_localized-sink,30.0,A1,4,0.006013600010192022,2,0,False,20
baseline,test,g030nm_cooling_near-transition_localized-sink,30.0,A1,5,0.005527000001166016,2,0,False,20
baseline,test,g030nm_cooling_near-transition_localized-sink,30.0,A1,6,0.005832800001371652,2,0,False,20
baseline,test,g030nm_cooling_near-transition_localized-sink,30.0,A1,7,0.005452700017485768,2,0,False,20
baseline,test,g030nm_cooling_near-transition_localized-sink,30.0,A1,8,0.005413900013081729,2,0,False,20
baseline,test,g030nm_cooling_near-transition_localized-sink,30.0,A1,9,0.006686799984890968,2,0,False,20
baseline,test,g030nm_cooling_near-transition_localized-sink,30.0,A1,10,0.005396599997766316,2,0,False,20
baseline,test,g030nm_cooling_near-transition_localized-sink,30.0,A1,11,0.006188200000906363,2,0,False,20
baseline,test,g030nm_cooling_near-transition_localized-sink,30.0,A1,12,0.006004199996823445,2,0,False,20
baseline,test,g030nm_cooling_near-transition_localized-sink,30.0,A1,13,0.005398300010710955,2,0,False,20
baseline,test,g030nm_cooling_near-transition_localized-sink,30.0,A1,14,0.005982099974062294,2,0,False,20
baseline,test,g030nm_cooling_near-transition_localized-sink,30.0,A1,15,0.006293700018431991,2,0,False,20
baseline,test,g030nm_cooling_near-transition_localized-sink,30.0,A1,16,0.00534270002390258,2,0,False,20
baseline,test,g030nm_cooling_near-transition_localized-sink,30.0,A1,17,0.007226700021419674,2,0,False,20
baseline,test,g030nm_cooling_near-transition_localized-sink,30.0,A1,18,0.005412400001659989,2,0,False,20
baseline,test,g030nm_cooling_near-transition_localized-sink,30.0,A1,19,0.004740200005471706,2,0,False,20
baseline,test,g030nm_cooling_near-transition_localized-sink,30.0,A2,0,0.01052229999913834,4,0,False,20
baseline,test,g030nm_cooling_near-transition_localized-sink,30.0,A2,1,0.01421590000973083,4,0,False,20
baseline,test,g030nm_cooling_near-transition_localized-sink,30.0,A2,2,0.011982199997873977,4,0,False,20
baseline,test,g030nm_cooling_near-transition_localized-sink,30.0,A2,3,0.011654899979475886,4,0,False,20
baseline,test,g030nm_cooling_near-transition_localized-sink,30.0,A2,4,0.01128380000591278,4,0,False,20
baseline,test,g030nm_cooling_near-transition_localized-sink,30.0,A2,5,0.012282100011361763,4,0,False,20
baseline,test,g030nm_cooling_near-transition_localized-sink,30.0,A2,6,0.01021129998844117,4,0,False,20
baseline,test,g030nm_cooling_near-transition_localized-sink,30.0,A2,7,0.01010590000078082,4,0,False,20
baseline,test,g030nm_cooling_near-transition_localized-sink,30.0,A2,8,0.011664300021948293,4,0,False,20
baseline,test,g030nm_cooling_near-transition_localized-sink,30.0,A2,9,0.011794699996244162,4,0,False,20
baseline,test,g030nm_cooling_near-transition_localized-sink,30.0,A2,10,0.01108690002001822,4,0,False,20
baseline,test,g030nm_cooling_near-transition_localized-sink,30.0,A2,11,0.011099499999545515,4,0,False,20
baseline,test,g030nm_cooling_near-transition_localized-sink,30.0,A2,12,0.011471600009826943,4,0,False,20
baseline,test,g030nm_cooling_near-transition_localized-sink,30.0,A2,13,0.01131070000701584,4,0,False,20
baseline,test,g030nm_cooling_near-transition_localized-sink,30.0,A2,14,0.010435700009111315,4,0,False,20
baseline,test,g030nm_cooling_near-transition_localized-sink,30.0,A2,15,0.010743300023023039,4,0,False,20
baseline,test,g030nm_cooling_near-transition_localized-sink,30.0,A2,16,0.01111660001333803,4,0,False,20
baseline,test,g030nm_cooling_near-transition_localized-sink,30.0,A2,17,0.011832599993795156,4,0,False,20
baseline,test,g030nm_cooling_near-transition_localized-sink,30.0,A2,18,0.012011499988147989,4,0,False,20
baseline,test,g030nm_cooling_near-transition_localized-sink,30.0,A2,19,0.010746399988420308,4,0,False,20
baseline,test,g030nm_cooling_near-transition_localized-sink,30.0,R0,0,0.003947899997001514,1,0,False,20
baseline,test,g030nm_cooling_near-transition_localized-sink,30.0,R0,1,0.005743999994592741,1,0,False,20
baseline,test,g030nm_cooling_near-transition_localized-sink,30.0,R0,2,0.004595500009600073,1,0,False,20
baseline,test,g030nm_cooling_near-transition_localized-sink,30.0,R0,3,0.004212800005916506,1,0,False,20
baseline,test,g030nm_cooling_near-transition_localized-sink,30.0,R0,4,0.004516399989370257,1,0,False,20
baseline,test,g030nm_cooling_near-transition_localized-sink,30.0,R0,5,0.0040237999928649515,1,0,False,20
baseline,test,g030nm_cooling_near-transition_localized-sink,30.0,R0,6,0.004267399985110387,1,0,False,20
baseline,test,g030nm_cooling_near-transition_localized-sink,30.0,R0,7,0.004004299989901483,1,0,False,20
baseline,test,g030nm_cooling_near-transition_localized-sink,30.0,R0,8,0.004328100010752678,1,0,False,20
baseline,test,g030nm_cooling_near-transition_localized-sink,30.0,R0,9,0.00399579998338595,1,0,False,20
baseline,test,g030nm_cooling_near-transition_localized-sink,30.0,R0,10,0.004063300002599135,1,0,False,20
baseline,test,g030nm_cooling_near-transition_localized-sink,30.0,R0,11,0.0038589999894611537,1,0,False,20
baseline,test,g030nm_cooling_near-transition_localized-sink,30.0,R0,12,0.0036669999826699495,1,0,False,20
baseline,test,g030nm_cooling_near-transition_localized-sink,30.0,R0,13,0.004118500015465543,1,0,False,20
baseline,test,g030nm_cooling_near-transition_localized-sink,30.0,R0,14,0.0042381999955978245,1,0,False,20
baseline,test,g030nm_cooling_near-transition_localized-sink,30.0,R0,15,0.003882999997586012,1,0,False,20
baseline,test,g030nm_cooling_near-transition_localized-sink,30.0,R0,16,0.004179999988991767,1,0,False,20
baseline,test,g030nm_cooling_near-transition_localized-sink,30.0,R0,17,0.003908999991836026,1,0,False,20
baseline,test,g030nm_cooling_near-transition_localized-sink,30.0,R0,18,0.004273300000932068,1,0,False,20
baseline,test,g030nm_cooling_near-transition_localized-sink,30.0,R0,19,0.004273500002454966,1,0,False,20
baseline,test,g030nm_cooling_near-transition_localized-sink,30.0,R1,0,0.00498549998155795,2,0,False,20
baseline,test,g030nm_cooling_near-transition_localized-sink,30.0,R1,1,0.005631400010315701,2,0,False,20
baseline,test,g030nm_cooling_near-transition_localized-sink,30.0,R1,2,0.004894599987892434,2,0,False,20
baseline,test,g030nm_cooling_near-transition_localized-sink,30.0,R1,3,0.005375999986426905,2,0,False,20
baseline,test,g030nm_cooling_near-transition_localized-sink,30.0,R1,4,0.006525400007376447,2,0,False,20
baseline,test,g030nm_cooling_near-transition_localized-sink,30.0,R1,5,0.006119500001659617,2,0,False,20
baseline,test,g030nm_cooling_near-transition_localized-sink,30.0,R1,6,0.0054709999822080135,2,0,False,20
baseline,test,g030nm_cooling_near-transition_localized-sink,30.0,R1,7,0.005459200008772314,2,0,False,20
baseline,test,g030nm_cooling_near-transition_localized-sink,30.0,R1,8,0.0048462999984622,2,0,False,20
baseline,test,g030nm_cooling_near-transition_localized-sink,30.0,R1,9,0.005377499997848645,2,0,False,20
baseline,test,g030nm_cooling_near-transition_localized-sink,30.0,R1,10,0.006178600015118718,2,0,False,20
baseline,test,g030nm_cooling_near-transition_localized-sink,30.0,R1,11,0.004943300009472296,2,0,False,20
baseline,test,g030nm_cooling_near-transition_localized-sink,30.0,R1,12,0.006158500007586554,2,0,False,20
baseline,test,g030nm_cooling_near-transition_localized-sink,30.0,R1,13,0.005850600020494312,2,0,False,20
baseline,test,g030nm_cooling_near-transition_localized-sink,30.0,R1,14,0.005231300019659102,2,0,False,20
baseline,test,g030nm_cooling_near-transition_localized-sink,30.0,R1,15,0.004531800019321963,2,0,False,20
baseline,test,g030nm_cooling_near-transition_localized-sink,30.0,R1,16,0.004924499982735142,2,0,False,20
baseline,test,g030nm_cooling_near-transition_localized-sink,30.0,R1,17,0.004900700005237013,2,0,False,20
baseline,test,g030nm_cooling_near-transition_localized-sink,30.0,R1,18,0.005348300008336082,2,0,False,20
baseline,test,g030nm_cooling_near-transition_localized-sink,30.0,R1,19,0.005672300001606345,2,0,False,20
baseline,test,g030nm_cooling_near-transition_localized-sink,30.0,R2,0,0.010951399977784604,4,0,False,20
baseline,test,g030nm_cooling_near-transition_localized-sink,30.0,R2,1,0.009730099991429597,4,0,False,20
baseline,test,g030nm_cooling_near-transition_localized-sink,30.0,R2,2,0.011781000008340925,4,0,False,20
baseline,test,g030nm_cooling_near-transition_localized-sink,30.0,R2,3,0.010779099975479767,4,0,False,20
baseline,test,g030nm_cooling_near-transition_localized-sink,30.0,R2,4,0.011015500000212342,4,0,False,20
baseline,test,g030nm_cooling_near-transition_localized-sink,30.0,R2,5,0.01121120000607334,4,0,False,20
baseline,test,g030nm_cooling_near-transition_localized-sink,30.0,R2,6,0.011102999997092411,4,0,False,20
baseline,test,g030nm_cooling_near-transition_localized-sink,30.0,R2,7,0.010152000002563,4,0,False,20
baseline,test,g030nm_cooling_near-transition_localized-sink,30.0,R2,8,0.011193299986189231,4,0,False,20
baseline,test,g030nm_cooling_near-transition_localized-sink,30.0,R2,9,0.010856500011868775,4,0,False,20
baseline,test,g030nm_cooling_near-transition_localized-sink,30.0,R2,10,0.011476100014988333,4,0,False,20
baseline,test,g030nm_cooling_near-transition_localized-sink,30.0,R2,11,0.010625499999150634,4,0,False,20
baseline,test,g030nm_cooling_near-transition_localized-sink,30.0,R2,12,0.011284400010481477,4,0,False,20
baseline,test,g030nm_cooling_near-transition_localized-sink,30.0,R2,13,0.01062610000371933,4,0,False,20
baseline,test,g030nm_cooling_near-transition_localized-sink,30.0,R2,14,0.011066800012486055,4,0,False,20
baseline,test,g030nm_cooling_near-transition_localized-sink,30.0,R2,15,0.010918499989202246,4,0,False,20
baseline,test,g030nm_cooling_near-transition_localized-sink,30.0,R2,16,0.009996100008720532,4,0,False,20
baseline,test,g030nm_cooling_near-transition_localized-sink,30.0,R2,17,0.011253200005739927,4,0,False,20
baseline,test,g030nm_cooling_near-transition_localized-sink,30.0,R2,18,0.011247799993725494,4,0,False,20
baseline,test,g030nm_cooling_near-transition_localized-sink,30.0,R2,19,0.009835200005909428,4,0,False,20
baseline,test,g030nm_cooling_near-transition_nominal,30.0,COLD,0,0.1889099000254646,69,0,False,10
baseline,test,g030nm_cooling_near-transition_nominal,30.0,COLD,1,0.1729514000180643,69,0,False,10
baseline,test,g030nm_cooling_near-transition_nominal,30.0,COLD,2,0.19140660000266507,69,0,False,10
baseline,test,g030nm_cooling_near-transition_nominal,30.0,COLD,3,0.19901909999316558,69,0,False,10
baseline,test,g030nm_cooling_near-transition_nominal,30.0,COLD,4,0.20194480000645854,69,0,False,10
baseline,test,g030nm_cooling_near-transition_nominal,30.0,COLD,5,0.20168399999965914,69,0,False,10
baseline,test,g030nm_cooling_near-transition_nominal,30.0,COLD,6,0.21287089999532327,69,0,False,10
baseline,test,g030nm_cooling_near-transition_nominal,30.0,COLD,7,0.1943981999938842,69,0,False,10
baseline,test,g030nm_cooling_near-transition_nominal,30.0,COLD,8,0.18873100000200793,69,0,False,10
baseline,test,g030nm_cooling_near-transition_nominal,30.0,COLD,9,0.20510630001081154,69,0,False,10
baseline,test,g030nm_cooling_near-transition_nominal,30.0,A1,0,0.005488199996761978,2,0,False,20
baseline,test,g030nm_cooling_near-transition_nominal,30.0,A1,1,0.007146499992813915,2,0,False,20
baseline,test,g030nm_cooling_near-transition_nominal,30.0,A1,2,0.005370099999709055,2,0,False,20
baseline,test,g030nm_cooling_near-transition_nominal,30.0,A1,3,0.005981099995551631,2,0,False,20
baseline,test,g030nm_cooling_near-transition_nominal,30.0,A1,4,0.005566000007092953,2,0,False,20
baseline,test,g030nm_cooling_near-transition_nominal,30.0,A1,5,0.005461000022478402,2,0,False,20
baseline,test,g030nm_cooling_near-transition_nominal,30.0,A1,6,0.006915800011483952,2,0,False,20
baseline,test,g030nm_cooling_near-transition_nominal,30.0,A1,7,0.005510699993465096,2,0,False,20
baseline,test,g030nm_cooling_near-transition_nominal,30.0,A1,8,0.0057579999847803265,2,0,False,20
baseline,test,g030nm_cooling_near-transition_nominal,30.0,A1,9,0.00557670000125654,2,0,False,20
baseline,test,g030nm_cooling_near-transition_nominal,30.0,A1,10,0.005507500027306378,2,0,False,20
baseline,test,g030nm_cooling_near-transition_nominal,30.0,A1,11,0.006394900003215298,2,0,False,20
baseline,test,g030nm_cooling_near-transition_nominal,30.0,A1,12,0.00572489999467507,2,0,False,20
baseline,test,g030nm_cooling_near-transition_nominal,30.0,A1,13,0.005538500001421198,2,0,False,20
baseline,test,g030nm_cooling_near-transition_nominal,30.0,A1,14,0.006931799987796694,2,0,False,20
baseline,test,g030nm_cooling_near-transition_nominal,30.0,A1,15,0.00594859998091124,2,0,False,20
baseline,test,g030nm_cooling_near-transition_nominal,30.0,A1,16,0.005881099990801886,2,0,False,20
baseline,test,g030nm_cooling_near-transition_nominal,30.0,A1,17,0.005443100002594292,2,0,False,20
baseline,test,g030nm_cooling_near-transition_nominal,30.0,A1,18,0.00605679998989217,2,0,False,20
baseline,test,g030nm_cooling_near-transition_nominal,30.0,A1,19,0.005213299999013543,2,0,False,20
baseline,test,g030nm_cooling_near-transition_nominal,30.0,A2,0,0.012430100003257394,4,0,False,20
baseline,test,g030nm_cooling_near-transition_nominal,30.0,A2,1,0.011756899999454618,4,0,False,20
baseline,test,g030nm_cooling_near-transition_nominal,30.0,A2,2,0.011606400017626584,4,0,False,20
baseline,test,g030nm_cooling_near-transition_nominal,30.0,A2,3,0.010932600009255111,4,0,False,20
baseline,test,g030nm_cooling_near-transition_nominal,30.0,A2,4,0.01096539999707602,4,0,False,20
baseline,test,g030nm_cooling_near-transition_nominal,30.0,A2,5,0.01135059999069199,4,0,False,20
baseline,test,g030nm_cooling_near-transition_nominal,30.0,A2,6,0.01042299999971874,4,0,False,20
baseline,test,g030nm_cooling_near-transition_nominal,30.0,A2,7,0.011315200012177229,4,0,False,20
baseline,test,g030nm_cooling_near-transition_nominal,30.0,A2,8,0.009491799981333315,4,0,False,20
baseline,test,g030nm_cooling_near-transition_nominal,30.0,A2,9,0.009980300004826859,4,0,False,20
baseline,test,g030nm_cooling_near-transition_nominal,30.0,A2,10,0.013812599994707853,4,0,False,20
baseline,test,g030nm_cooling_near-transition_nominal,30.0,A2,11,0.007258199999341741,4,0,False,20
baseline,test,g030nm_cooling_near-transition_nominal,30.0,A2,12,0.005368000012822449,4,0,False,20
baseline,test,g030nm_cooling_near-transition_nominal,30.0,A2,13,0.011787800001911819,4,0,False,20
baseline,test,g030nm_cooling_near-transition_nominal,30.0,A2,14,0.009819199971389025,4,0,False,20
baseline,test,g030nm_cooling_near-transition_nominal,30.0,A2,15,0.009802900021895766,4,0,False,20
baseline,test,g030nm_cooling_near-transition_nominal,30.0,A2,16,0.011991400009719655,4,0,False,20
baseline,test,g030nm_cooling_near-transition_nominal,30.0,A2,17,0.011677099973894656,4,0,False,20
baseline,test,g030nm_cooling_near-transition_nominal,30.0,A2,18,0.010717299999669194,4,0,False,20
baseline,test,g030nm_cooling_near-transition_nominal,30.0,A2,19,0.012841399991884828,4,0,False,20
baseline,test,g030nm_cooling_near-transition_nominal,30.0,R0,0,0.004654700023820624,1,0,False,20
baseline,test,g030nm_cooling_near-transition_nominal,30.0,R0,1,0.004210500017507002,1,0,False,20
baseline,test,g030nm_cooling_near-transition_nominal,30.0,R0,2,0.004284499998902902,1,0,False,20
baseline,test,g030nm_cooling_near-transition_nominal,30.0,R0,3,0.004525900003500283,1,0,False,20
baseline,test,g030nm_cooling_near-transition_nominal,30.0,R0,4,0.006742199999280274,1,0,False,20
baseline,test,g030nm_cooling_near-transition_nominal,30.0,R0,5,0.004727400024421513,1,0,False,20
baseline,test,g030nm_cooling_near-transition_nominal,30.0,R0,6,0.004199200018774718,1,0,False,20
baseline,test,g030nm_cooling_near-transition_nominal,30.0,R0,7,0.0049999000038951635,1,0,False,20
baseline,test,g030nm_cooling_near-transition_nominal,30.0,R0,8,0.004289399978006259,1,0,False,20
baseline,test,g030nm_cooling_near-transition_nominal,30.0,R0,9,0.004133400012506172,1,0,False,20
baseline,test,g030nm_cooling_near-transition_nominal,30.0,R0,10,0.0059677000099327415,1,0,False,20
baseline,test,g030nm_cooling_near-transition_nominal,30.0,R0,11,0.004602799977874383,1,0,False,20
baseline,test,g030nm_cooling_near-transition_nominal,30.0,R0,12,0.004814100015209988,1,0,False,20
baseline,test,g030nm_cooling_near-transition_nominal,30.0,R0,13,0.004803500021807849,1,0,False,20
baseline,test,g030nm_cooling_near-transition_nominal,30.0,R0,14,0.003921900002751499,1,0,False,20
baseline,test,g030nm_cooling_near-transition_nominal,30.0,R0,15,0.0043987999961245805,1,0,False,20
baseline,test,g030nm_cooling_near-transition_nominal,30.0,R0,16,0.00456339999800548,1,0,False,20
baseline,test,g030nm_cooling_near-transition_nominal,30.0,R0,17,0.005071099993074313,1,0,False,20
baseline,test,g030nm_cooling_near-transition_nominal,30.0,R0,18,0.003893499990226701,1,0,False,20
baseline,test,g030nm_cooling_near-transition_nominal,30.0,R0,19,0.004607500013662502,1,0,False,20
baseline,test,g030nm_cooling_near-transition_nominal,30.0,R1,0,0.004921099985949695,2,0,False,20
baseline,test,g030nm_cooling_near-transition_nominal,30.0,R1,1,0.005514799995580688,2,0,False,20
baseline,test,g030nm_cooling_near-transition_nominal,30.0,R1,2,0.0060628000064753,2,0,False,20
baseline,test,g030nm_cooling_near-transition_nominal,30.0,R1,3,0.004938600002788007,2,0,False,20
baseline,test,g030nm_cooling_near-transition_nominal,30.0,R1,4,0.005316499999025837,2,0,False,20
baseline,test,g030nm_cooling_near-transition_nominal,30.0,R1,5,0.005647600017255172,2,0,False,20
baseline,test,g030nm_cooling_near-transition_nominal,30.0,R1,6,0.004924600012600422,2,0,False,20
baseline,test,g030nm_cooling_near-transition_nominal,30.0,R1,7,0.005111699982080609,2,0,False,20
baseline,test,g030nm_cooling_near-transition_nominal,30.0,R1,8,0.006130599998869002,2,0,False,20
baseline,test,g030nm_cooling_near-transition_nominal,30.0,R1,9,0.004879599990090355,2,0,False,20
baseline,test,g030nm_cooling_near-transition_nominal,30.0,R1,10,0.004954400006681681,2,0,False,20
baseline,test,g030nm_cooling_near-transition_nominal,30.0,R1,11,0.006430100009310991,2,0,False,20
baseline,test,g030nm_cooling_near-transition_nominal,30.0,R1,12,0.005337199982022867,2,0,False,20
baseline,test,g030nm_cooling_near-transition_nominal,30.0,R1,13,0.005613300018012524,2,0,False,20
baseline,test,g030nm_cooling_near-transition_nominal,30.0,R1,14,0.005337600014172494,2,0,False,20
baseline,test,g030nm_cooling_near-transition_nominal,30.0,R1,15,0.004908399976557121,2,0,False,20
baseline,test,g030nm_cooling_near-transition_nominal,30.0,R1,16,0.005774599994765595,2,0,False,20
baseline,test,g030nm_cooling_near-transition_nominal,30.0,R1,17,0.005801499995868653,2,0,False,20
baseline,test,g030nm_cooling_near-transition_nominal,30.0,R1,18,0.005012000008719042,2,0,False,20
baseline,test,g030nm_cooling_near-transition_nominal,30.0,R1,19,0.005530500027816743,2,0,False,20
baseline,test,g030nm_cooling_near-transition_nominal,30.0,R2,0,0.011044699989724904,4,0,False,20
baseline,test,g030nm_cooling_near-transition_nominal,30.0,R2,1,0.010764899983769283,4,0,False,20
baseline,test,g030nm_cooling_near-transition_nominal,30.0,R2,2,0.010974500008160248,4,0,False,20
baseline,test,g030nm_cooling_near-transition_nominal,30.0,R2,3,0.010666600021068007,4,0,False,20
baseline,test,g030nm_cooling_near-transition_nominal,30.0,R2,4,0.010536300018429756,4,0,False,20
baseline,test,g030nm_cooling_near-transition_nominal,30.0,R2,5,0.010299500019755214,4,0,False,20
baseline,test,g030nm_cooling_near-transition_nominal,30.0,R2,6,0.011038500000722706,4,0,False,20
baseline,test,g030nm_cooling_near-transition_nominal,30.0,R2,7,0.011047300009522587,4,0,False,20
baseline,test,g030nm_cooling_near-transition_nominal,30.0,R2,8,0.009985400014556944,4,0,False,20
baseline,test,g030nm_cooling_near-transition_nominal,30.0,R2,9,0.01006589998723939,4,0,False,20
baseline,test,g030nm_cooling_near-transition_nominal,30.0,R2,10,0.01181269998778589,4,0,False,20
baseline,test,g030nm_cooling_near-transition_nominal,30.0,R2,11,0.009275799995521083,4,0,False,20
baseline,test,g030nm_cooling_near-transition_nominal,30.0,R2,12,0.010056600003736094,4,0,False,20
baseline,test,g030nm_cooling_near-transition_nominal,30.0,R2,13,0.012654799997108057,4,0,False,20
baseline,test,g030nm_cooling_near-transition_nominal,30.0,R2,14,0.010449300025356933,4,0,False,20
baseline,test,g030nm_cooling_near-transition_nominal,30.0,R2,15,0.009654499997850507,4,0,False,20
baseline,test,g030nm_cooling_near-transition_nominal,30.0,R2,16,0.010575299995252863,4,0,False,20
baseline,test,g030nm_cooling_near-transition_nominal,30.0,R2,17,0.011085200007073581,4,0,False,20
baseline,test,g030nm_cooling_near-transition_nominal,30.0,R2,18,0.0098454000253696,4,0,False,20
baseline,test,g030nm_cooling_near-transition_nominal,30.0,R2,19,0.008829300000797957,4,0,False,20
baseline,test,g030nm_heating_high_localized-sink,30.0,COLD,0,0.2345698999997694,87,0,False,10
baseline,test,g030nm_heating_high_localized-sink,30.0,COLD,1,0.23735360000864603,87,0,False,10
baseline,test,g030nm_heating_high_localized-sink,30.0,COLD,2,0.24478219999582507,87,0,False,10
baseline,test,g030nm_heating_high_localized-sink,30.0,COLD,3,0.23907040001358837,87,0,False,10
baseline,test,g030nm_heating_high_localized-sink,30.0,COLD,4,0.23570690001361072,87,0,False,10
baseline,test,g030nm_heating_high_localized-sink,30.0,COLD,5,0.23050169998896308,87,0,False,10
baseline,test,g030nm_heating_high_localized-sink,30.0,COLD,6,0.27013540000189096,87,0,False,10
baseline,test,g030nm_heating_high_localized-sink,30.0,COLD,7,0.20195960000273772,87,0,False,10
baseline,test,g030nm_heating_high_localized-sink,30.0,COLD,8,0.1588929999852553,87,0,False,10
baseline,test,g030nm_heating_high_localized-sink,30.0,COLD,9,0.1549032999901101,87,0,False,10
baseline,test,g030nm_heating_high_localized-sink,30.0,A1,0,0.002215399988926947,2,0,False,20
baseline,test,g030nm_heating_high_localized-sink,30.0,A1,1,0.0036269999982323498,2,0,False,20
baseline,test,g030nm_heating_high_localized-sink,30.0,A1,2,0.006269900011830032,2,0,False,20
baseline,test,g030nm_heating_high_localized-sink,30.0,A1,3,0.002377400000113994,2,0,False,20
baseline,test,g030nm_heating_high_localized-sink,30.0,A1,4,0.002234699990367517,2,0,False,20
baseline,test,g030nm_heating_high_localized-sink,30.0,A1,5,0.002217400004155934,2,0,False,20
baseline,test,g030nm_heating_high_localized-sink,30.0,A1,6,0.005449899996165186,2,0,False,20
baseline,test,g030nm_heating_high_localized-sink,30.0,A1,7,0.006118299992522225,2,0,False,20
baseline,test,g030nm_heating_high_localized-sink,30.0,A1,8,0.003355499997269362,2,0,False,20
baseline,test,g030nm_heating_high_localized-sink,30.0,A1,9,0.0026070000021718442,2,0,False,20
baseline,test,g030nm_heating_high_localized-sink,30.0,A1,10,0.005088900012196973,2,0,False,20
baseline,test,g030nm_heating_high_localized-sink,30.0,A1,11,0.00469370000064373,2,0,False,20
baseline,test,g030nm_heating_high_localized-sink,30.0,A1,12,0.0022662999981548637,2,0,False,20
baseline,test,g030nm_heating_high_localized-sink,30.0,A1,13,0.0022354999964591116,2,0,False,20
baseline,test,g030nm_heating_high_localized-sink,30.0,A1,14,0.002710600005229935,2,0,False,20
baseline,test,g030nm_heating_high_localized-sink,30.0,A1,15,0.0032731000101193786,2,0,False,20
baseline,test,g030nm_heating_high_localized-sink,30.0,A1,16,0.002360400016186759,2,0,False,20
baseline,test,g030nm_heating_high_localized-sink,30.0,A1,17,0.0023394000018015504,2,0,False,20
baseline,test,g030nm_heating_high_localized-sink,30.0,A1,18,0.002298399980645627,2,0,False,20
baseline,test,g030nm_heating_high_localized-sink,30.0,A1,19,0.002202000003308058,2,0,False,20
baseline,test,g030nm_heating_high_localized-sink,30.0,A2,0,0.007831099996110424,4,0,False,20
baseline,test,g030nm_heating_high_localized-sink,30.0,A2,1,0.0055025000183377415,4,0,False,20
baseline,test,g030nm_heating_high_localized-sink,30.0,A2,2,0.0054502999992109835,4,0,False,20
baseline,test,g030nm_heating_high_localized-sink,30.0,A2,3,0.00450549999368377,4,0,False,20
baseline,test,g030nm_heating_high_localized-sink,30.0,A2,4,0.005574899987550452,4,0,False,20
baseline,test,g030nm_heating_high_localized-sink,30.0,A2,5,0.005778899998404086,4,0,False,20
baseline,test,g030nm_heating_high_localized-sink,30.0,A2,6,0.005994699982693419,4,0,False,20
baseline,test,g030nm_heating_high_localized-sink,30.0,A2,7,0.005505500012077391,4,0,False,20
baseline,test,g030nm_heating_high_localized-sink,30.0,A2,8,0.005436600011307746,4,0,False,20
baseline,test,g030nm_heating_high_localized-sink,30.0,A2,9,0.004227500001434237,4,0,False,20
baseline,test,g030nm_heating_high_localized-sink,30.0,A2,10,0.009310900000855327,4,0,False,20
baseline,test,g030nm_heating_high_localized-sink,30.0,A2,11,0.009377700014738366,4,0,False,20
baseline,test,g030nm_heating_high_localized-sink,30.0,A2,12,0.004641199979232624,4,0,False,20
baseline,test,g030nm_heating_high_localized-sink,30.0,A2,13,0.005357599991839379,4,0,False,20
baseline,test,g030nm_heating_high_localized-sink,30.0,A2,14,0.004944300017086789,4,0,False,20
baseline,test,g030nm_heating_high_localized-sink,30.0,A2,15,0.0049956000002566725,4,0,False,20
baseline,test,g030nm_heating_high_localized-sink,30.0,A2,16,0.004102200007764623,4,0,False,20
baseline,test,g030nm_heating_high_localized-sink,30.0,A2,17,0.008697699988260865,4,0,False,20
baseline,test,g030nm_heating_high_localized-sink,30.0,A2,18,0.005026500002713874,4,0,False,20
baseline,test,g030nm_heating_high_localized-sink,30.0,A2,19,0.006385299988323823,4,0,False,20
baseline,test,g030nm_heating_high_localized-sink,30.0,R0,0,0.0019288999901618809,1,0,False,20
baseline,test,g030nm_heating_high_localized-sink,30.0,R0,1,0.001767900015693158,1,0,False,20
baseline,test,g030nm_heating_high_localized-sink,30.0,R0,2,0.0017567000177223235,1,0,False,20
baseline,test,g030nm_heating_high_localized-sink,30.0,R0,3,0.001739700004691258,1,0,False,20
baseline,test,g030nm_heating_high_localized-sink,30.0,R0,4,0.0017143999866675586,1,0,False,20
baseline,test,g030nm_heating_high_localized-sink,30.0,R0,5,0.001704900001641363,1,0,False,20
baseline,test,g030nm_heating_high_localized-sink,30.0,R0,6,0.0051574999815784395,1,0,False,20
baseline,test,g030nm_heating_high_localized-sink,30.0,R0,7,0.0032307000074069947,1,0,False,20
baseline,test,g030nm_heating_high_localized-sink,30.0,R0,8,0.0018028999911621213,1,0,False,20
baseline,test,g030nm_heating_high_localized-sink,30.0,R0,9,0.00172159998328425,1,0,False,20
baseline,test,g030nm_heating_high_localized-sink,30.0,R0,10,0.001651099999435246,1,0,False,20
baseline,test,g030nm_heating_high_localized-sink,30.0,R0,11,0.0016055000014603138,1,0,False,20
baseline,test,g030nm_heating_high_localized-sink,30.0,R0,12,0.0015887999907135963,1,0,False,20
baseline,test,g030nm_heating_high_localized-sink,30.0,R0,13,0.003911200008587912,1,0,False,20
baseline,test,g030nm_heating_high_localized-sink,30.0,R0,14,0.00198679999448359,1,0,False,20
baseline,test,g030nm_heating_high_localized-sink,30.0,R0,15,0.001802799990400672,1,0,False,20
baseline,test,g030nm_heating_high_localized-sink,30.0,R0,16,0.0017470000020693988,1,0,False,20
baseline,test,g030nm_heating_high_localized-sink,30.0,R0,17,0.0016922999930102378,1,0,False,20
baseline,test,g030nm_heating_high_localized-sink,30.0,R0,18,0.0016136000049300492,1,0,False,20
baseline,test,g030nm_heating_high_localized-sink,30.0,R0,19,0.0016599999798927456,1,0,False,20
baseline,test,g030nm_heating_high_localized-sink,30.0,R1,0,0.006427599990274757,2,0,False,20
baseline,test,g030nm_heating_high_localized-sink,30.0,R1,1,0.0033986000053118914,2,0,False,20
baseline,test,g030nm_heating_high_localized-sink,30.0,R1,2,0.0020994999795220792,2,0,False,20
baseline,test,g030nm_heating_high_localized-sink,30.0,R1,3,0.0020272000110708177,2,0,False,20
baseline,test,g030nm_heating_high_localized-sink,30.0,R1,4,0.002334699995117262,2,0,False,20
baseline,test,g030nm_heating_high_localized-sink,30.0,R1,5,0.005288799991831183,2,0,False,20
baseline,test,g030nm_heating_high_localized-sink,30.0,R1,6,0.0023287000076379627,2,0,False,20
baseline,test,g030nm_heating_high_localized-sink,30.0,R1,7,0.002087799977743998,2,0,False,20
baseline,test,g030nm_heating_high_localized-sink,30.0,R1,8,0.002263000002130866,2,0,False,20
baseline,test,g030nm_heating_high_localized-sink,30.0,R1,9,0.0025424000050406903,2,0,False,20
baseline,test,g030nm_heating_high_localized-sink,30.0,R1,10,0.002959899982670322,2,0,False,20
baseline,test,g030nm_heating_high_localized-sink,30.0,R1,11,0.00598419999005273,2,0,False,20
baseline,test,g030nm_heating_high_localized-sink,30.0,R1,12,0.005287600011797622,2,0,False,20
baseline,test,g030nm_heating_high_localized-sink,30.0,R1,13,0.002334399992832914,2,0,False,20
baseline,test,g030nm_heating_high_localized-sink,30.0,R1,14,0.0022746000031474978,2,0,False,20
baseline,test,g030nm_heating_high_localized-sink,30.0,R1,15,0.0030141000170260668,2,0,False,20
baseline,test,g030nm_heating_high_localized-sink,30.0,R1,16,0.002091499976813793,2,0,False,20
baseline,test,g030nm_heating_high_localized-sink,30.0,R1,17,0.002025499998126179,2,0,False,20
baseline,test,g030nm_heating_high_localized-sink,30.0,R1,18,0.00201650001690723,2,0,False,20
baseline,test,g030nm_heating_high_localized-sink,30.0,R1,19,0.002015499980188906,2,0,False,20
baseline,test,g030nm_heating_high_localized-sink,30.0,R2,0,0.00539460001164116,4,0,False,20
baseline,test,g030nm_heating_high_localized-sink,30.0,R2,1,0.004246900003636256,4,0,False,20
baseline,test,g030nm_heating_high_localized-sink,30.0,R2,2,0.004612799995811656,4,0,False,20
baseline,test,g030nm_heating_high_localized-sink,30.0,R2,3,0.004888499999651685,4,0,False,20
baseline,test,g030nm_heating_high_localized-sink,30.0,R2,4,0.004100599995581433,4,0,False,20
baseline,test,g030nm_heating_high_localized-sink,30.0,R2,5,0.003972299979068339,4,0,False,20
baseline,test,g030nm_heating_high_localized-sink,30.0,R2,6,0.0054145000176504254,4,0,False,20
baseline,test,g030nm_heating_high_localized-sink,30.0,R2,7,0.00815909999073483,4,0,False,20
baseline,test,g030nm_heating_high_localized-sink,30.0,R2,8,0.004565999988699332,4,0,False,20
baseline,test,g030nm_heating_high_localized-sink,30.0,R2,9,0.004312699980800971,4,0,False,20
baseline,test,g030nm_heating_high_localized-sink,30.0,R2,10,0.008366800000658259,4,0,False,20
baseline,test,g030nm_heating_high_localized-sink,30.0,R2,11,0.005152300000190735,4,0,False,20
baseline,test,g030nm_heating_high_localized-sink,30.0,R2,12,0.004357600002549589,4,0,False,20
baseline,test,g030nm_heating_high_localized-sink,30.0,R2,13,0.00989860002300702,4,0,False,20
baseline,test,g030nm_heating_high_localized-sink,30.0,R2,14,0.004434100002981722,4,0,False,20
baseline,test,g030nm_heating_high_localized-sink,30.0,R2,15,0.006953900010557845,4,0,False,20
baseline,test,g030nm_heating_high_localized-sink,30.0,R2,16,0.005462799977976829,4,0,False,20
baseline,test,g030nm_heating_high_localized-sink,30.0,R2,17,0.004359599988674745,4,0,False,20
baseline,test,g030nm_heating_high_localized-sink,30.0,R2,18,0.006768599996576086,4,0,False,20
baseline,test,g030nm_heating_high_localized-sink,30.0,R2,19,0.005770399991888553,4,0,False,20
baseline,test,g030nm_heating_high_nominal,30.0,COLD,0,0.14155970001593232,85,0,False,10
baseline,test,g030nm_heating_high_nominal,30.0,COLD,1,0.13883050001459196,85,0,False,10
baseline,test,g030nm_heating_high_nominal,30.0,COLD,2,0.12493829999584705,85,0,False,10
baseline,test,g030nm_heating_high_nominal,30.0,COLD,3,0.16973500000312924,85,0,False,10
baseline,test,g030nm_heating_high_nominal,30.0,COLD,4,0.2231525000242982,85,0,False,10
baseline,test,g030nm_heating_high_nominal,30.0,COLD,5,0.22335250000469387,85,0,False,10
baseline,test,g030nm_heating_high_nominal,30.0,COLD,6,0.22559190000174567,85,0,False,10
baseline,test,g030nm_heating_high_nominal,30.0,COLD,7,0.2284358000033535,85,0,False,10
baseline,test,g030nm_heating_high_nominal,30.0,COLD,8,0.23305530002107844,85,0,False,10
baseline,test,g030nm_heating_high_nominal,30.0,COLD,9,0.2228682000131812,85,0,False,10
baseline,test,g030nm_heating_high_nominal,30.0,A1,0,0.0053325999761000276,2,0,False,20
baseline,test,g030nm_heating_high_nominal,30.0,A1,1,0.005932800006121397,2,0,False,20
baseline,test,g030nm_heating_high_nominal,30.0,A1,2,0.006247599987545982,2,0,False,20
baseline,test,g030nm_heating_high_nominal,30.0,A1,3,0.005399099987698719,2,0,False,20
baseline,test,g030nm_heating_high_nominal,30.0,A1,4,0.005746100010583177,2,0,False,20
baseline,test,g030nm_heating_high_nominal,30.0,A1,5,0.0067186999949626625,2,0,False,20
baseline,test,g030nm_heating_high_nominal,30.0,A1,6,0.006114099989645183,2,0,False,20
baseline,test,g030nm_heating_high_nominal,30.0,A1,7,0.006735200004186481,2,0,False,20
baseline,test,g030nm_heating_high_nominal,30.0,A1,8,0.005891500011784956,2,0,False,20
baseline,test,g030nm_heating_high_nominal,30.0,A1,9,0.005785600020317361,2,0,False,20
baseline,test,g030nm_heating_high_nominal,30.0,A1,10,0.006887199997436255,2,0,False,20
baseline,test,g030nm_heating_high_nominal,30.0,A1,11,0.00551899999845773,2,0,False,20
baseline,test,g030nm_heating_high_nominal,30.0,A1,12,0.008555000007618219,2,0,False,20
baseline,test,g030nm_heating_high_nominal,30.0,A1,13,0.005878199997823685,2,0,False,20
baseline,test,g030nm_heating_high_nominal,30.0,A1,14,0.006646400026511401,2,0,False,20
baseline,test,g030nm_heating_high_nominal,30.0,A1,15,0.005601600016234443,2,0,False,20
baseline,test,g030nm_heating_high_nominal,30.0,A1,16,0.005329999985406175,2,0,False,20
baseline,test,g030nm_heating_high_nominal,30.0,A1,17,0.004414800001541153,2,0,False,20
baseline,test,g030nm_heating_high_nominal,30.0,A1,18,0.005820100021082908,2,0,False,20
baseline,test,g030nm_heating_high_nominal,30.0,A1,19,0.005300399992847815,2,0,False,20
baseline,test,g030nm_heating_high_nominal,30.0,A2,0,0.010593700018944219,4,0,False,20
baseline,test,g030nm_heating_high_nominal,30.0,A2,1,0.010234700021101162,4,0,False,20
baseline,test,g030nm_heating_high_nominal,30.0,A2,2,0.013230199983809143,4,0,False,20
baseline,test,g030nm_heating_high_nominal,30.0,A2,3,0.011697599984472618,4,0,False,20
baseline,test,g030nm_heating_high_nominal,30.0,A2,4,0.010806300007971004,4,0,False,20
baseline,test,g030nm_heating_high_nominal,30.0,A2,5,0.011901500023668632,4,0,False,20
baseline,test,g030nm_heating_high_nominal,30.0,A2,6,0.00976230000378564,4,0,False,20
baseline,test,g030nm_heating_high_nominal,30.0,A2,7,0.01115929998923093,4,0,False,20
baseline,test,g030nm_heating_high_nominal,30.0,A2,8,0.010493399982806295,4,0,False,20
baseline,test,g030nm_heating_high_nominal,30.0,A2,9,0.011816499987617135,4,0,False,20
baseline,test,g030nm_heating_high_nominal,30.0,A2,10,0.010622100002365187,4,0,False,20
baseline,test,g030nm_heating_high_nominal,30.0,A2,11,0.011698499991325662,4,0,False,20
baseline,test,g030nm_heating_high_nominal,30.0,A2,12,0.010946399997919798,4,0,False,20
baseline,test,g030nm_heating_high_nominal,30.0,A2,13,0.009370499989017844,4,0,False,20
baseline,test,g030nm_heating_high_nominal,30.0,A2,14,0.011159799993038177,4,0,False,20
baseline,test,g030nm_heating_high_nominal,30.0,A2,15,0.010679600003641099,4,0,False,20
baseline,test,g030nm_heating_high_nominal,30.0,A2,16,0.010218900017207488,4,0,False,20
baseline,test,g030nm_heating_high_nominal,30.0,A2,17,0.011386300000594929,4,0,False,20
baseline,test,g030nm_heating_high_nominal,30.0,A2,18,0.01025409999419935,4,0,False,20
baseline,test,g030nm_heating_high_nominal,30.0,A2,19,0.01159639999968931,4,0,False,20
baseline,test,g030nm_heating_high_nominal,30.0,R0,0,0.004976500000339001,1,0,False,20
baseline,test,g030nm_heating_high_nominal,30.0,R0,1,0.003965899988543242,1,0,False,20
baseline,test,g030nm_heating_high_nominal,30.0,R0,2,0.004017100000055507,1,0,False,20
baseline,test,g030nm_heating_high_nominal,30.0,R0,3,0.004869900003541261,1,0,False,20
baseline,test,g030nm_heating_high_nominal,30.0,R0,4,0.004206600016914308,1,0,False,20
baseline,test,g030nm_heating_high_nominal,30.0,R0,5,0.003873799985740334,1,0,False,20
baseline,test,g030nm_heating_high_nominal,30.0,R0,6,0.0038120000099297613,1,0,False,20
baseline,test,g030nm_heating_high_nominal,30.0,R0,7,0.002807200013194233,1,0,False,20
baseline,test,g030nm_heating_high_nominal,30.0,R0,8,0.004606800008332357,1,0,False,20
baseline,test,g030nm_heating_high_nominal,30.0,R0,9,0.003997599997092038,1,0,False,20
baseline,test,g030nm_heating_high_nominal,30.0,R0,10,0.003893799992511049,1,0,False,20
baseline,test,g030nm_heating_high_nominal,30.0,R0,11,0.002643599989823997,1,0,False,20
baseline,test,g030nm_heating_high_nominal,30.0,R0,12,0.004435200011357665,1,0,False,20
baseline,test,g030nm_heating_high_nominal,30.0,R0,13,0.004110600013518706,1,0,False,20
baseline,test,g030nm_heating_high_nominal,30.0,R0,14,0.003847999993013218,1,0,False,20
baseline,test,g030nm_heating_high_nominal,30.0,R0,15,0.004793700005393475,1,0,False,20
baseline,test,g030nm_heating_high_nominal,30.0,R0,16,0.004420600016601384,1,0,False,20
baseline,test,g030nm_heating_high_nominal,30.0,R0,17,0.0043147999967914075,1,0,False,20
baseline,test,g030nm_heating_high_nominal,30.0,R0,18,0.003963800001656637,1,0,False,20
baseline,test,g030nm_heating_high_nominal,30.0,R0,19,0.0035502999962773174,1,0,False,20
baseline,test,g030nm_heating_high_nominal,30.0,R1,0,0.005000699980882928,2,0,False,20
baseline,test,g030nm_heating_high_nominal,30.0,R1,1,0.005956200009677559,2,0,False,20
baseline,test,g030nm_heating_high_nominal,30.0,R1,2,0.005201099993428215,2,0,False,20
baseline,test,g030nm_heating_high_nominal,30.0,R1,3,0.0050836000009439886,2,0,False,20
baseline,test,g030nm_heating_high_nominal,30.0,R1,4,0.005258599994704127,2,0,False,20
baseline,test,g030nm_heating_high_nominal,30.0,R1,5,0.005627500009723008,2,0,False,20
baseline,test,g030nm_heating_high_nominal,30.0,R1,6,0.006806199991842732,2,0,False,20
baseline,test,g030nm_heating_high_nominal,30.0,R1,7,0.006285900017246604,2,0,False,20
baseline,test,g030nm_heating_high_nominal,30.0,R1,8,0.0053770999948028475,2,0,False,20
baseline,test,g030nm_heating_high_nominal,30.0,R1,9,0.003985000017564744,2,0,False,20
baseline,test,g030nm_heating_high_nominal,30.0,R1,10,0.004973799979779869,2,0,False,20
baseline,test,g030nm_heating_high_nominal,30.0,R1,11,0.005254899995634332,2,0,False,20
baseline,test,g030nm_heating_high_nominal,30.0,R1,12,0.005545099993469194,2,0,False,20
baseline,test,g030nm_heating_high_nominal,30.0,R1,13,0.005192699987674132,2,0,False,20
baseline,test,g030nm_heating_high_nominal,30.0,R1,14,0.0049715000204741955,2,0,False,20
baseline,test,g030nm_heating_high_nominal,30.0,R1,15,0.00539310000021942,2,0,False,20
baseline,test,g030nm_heating_high_nominal,30.0,R1,16,0.004963799990946427,2,0,False,20
baseline,test,g030nm_heating_high_nominal,30.0,R1,17,0.004789200000232086,2,0,False,20
baseline,test,g030nm_heating_high_nominal,30.0,R1,18,0.0062778999854344875,2,0,False,20
baseline,test,g030nm_heating_high_nominal,30.0,R1,19,0.005534500000067055,2,0,False,20
baseline,test,g030nm_heating_high_nominal,30.0,R2,0,0.010385300003690645,4,0,False,20
baseline,test,g030nm_heating_high_nominal,30.0,R2,1,0.011200500011909753,4,0,False,20
baseline,test,g030nm_heating_high_nominal,30.0,R2,2,0.01211349997902289,4,0,False,20
baseline,test,g030nm_heating_high_nominal,30.0,R2,3,0.012665499991271645,4,0,False,20
baseline,test,g030nm_heating_high_nominal,30.0,R2,4,0.012498399999458343,4,0,False,20
baseline,test,g030nm_heating_high_nominal,30.0,R2,5,0.011078200011979789,4,0,False,20
baseline,test,g030nm_heating_high_nominal,30.0,R2,6,0.00848210000549443,4,0,False,20
baseline,test,g030nm_heating_high_nominal,30.0,R2,7,0.011093900015112013,4,0,False,20
baseline,test,g030nm_heating_high_nominal,30.0,R2,8,0.011040399986086413,4,0,False,20
baseline,test,g030nm_heating_high_nominal,30.0,R2,9,0.011675999994622543,4,0,False,20
baseline,test,g030nm_heating_high_nominal,30.0,R2,10,0.011120400013169274,4,0,False,20
baseline,test,g030nm_heating_high_nominal,30.0,R2,11,0.011510399985127151,4,0,False,20
baseline,test,g030nm_heating_high_nominal,30.0,R2,12,0.011293999996269122,4,0,False,20
baseline,test,g030nm_heating_high_nominal,30.0,R2,13,0.010521699994569644,4,0,False,20
baseline,test,g030nm_heating_high_nominal,30.0,R2,14,0.0104585999797564,4,0,False,20
baseline,test,g030nm_heating_high_nominal,30.0,R2,15,0.011537999991560355,4,0,False,20
baseline,test,g030nm_heating_high_nominal,30.0,R2,16,0.01138310000533238,4,0,False,20
baseline,test,g030nm_heating_high_nominal,30.0,R2,17,0.010535500012338161,4,0,False,20
baseline,test,g030nm_heating_high_nominal,30.0,R2,18,0.009958499984350055,4,0,False,20
baseline,test,g030nm_heating_high_nominal,30.0,R2,19,0.010206500010099262,4,0,False,20
baseline,test,g030nm_heating_low_localized-sink,30.0,COLD,0,0.21811499999603257,79,0,False,10
baseline,test,g030nm_heating_low_localized-sink,30.0,COLD,1,0.13895389999379404,79,0,False,10
baseline,test,g030nm_heating_low_localized-sink,30.0,COLD,2,0.10729039998841472,79,0,False,10
baseline,test,g030nm_heating_low_localized-sink,30.0,COLD,3,0.12399880000157282,79,0,False,10
baseline,test,g030nm_heating_low_localized-sink,30.0,COLD,4,0.15679280000040308,79,0,False,10
baseline,test,g030nm_heating_low_localized-sink,30.0,COLD,5,0.12879370001610368,79,0,False,10
baseline,test,g030nm_heating_low_localized-sink,30.0,COLD,6,0.16239599999971688,79,0,False,10
baseline,test,g030nm_heating_low_localized-sink,30.0,COLD,7,0.163120599987451,79,0,False,10
baseline,test,g030nm_heating_low_localized-sink,30.0,COLD,8,0.12959759999648668,79,0,False,10
baseline,test,g030nm_heating_low_localized-sink,30.0,COLD,9,0.12024779999046586,79,0,False,10
baseline,test,g030nm_heating_low_localized-sink,30.0,A1,0,0.004412500013131648,2,0,False,20
baseline,test,g030nm_heating_low_localized-sink,30.0,A1,1,0.006207000027643517,2,0,False,20
baseline,test,g030nm_heating_low_localized-sink,30.0,A1,2,0.005641099996864796,2,0,False,20
baseline,test,g030nm_heating_low_localized-sink,30.0,A1,3,0.0056677999964449555,2,0,False,20
baseline,test,g030nm_heating_low_localized-sink,30.0,A1,4,0.005422799993539229,2,0,False,20
baseline,test,g030nm_heating_low_localized-sink,30.0,A1,5,0.0024582000041846186,2,0,False,20
baseline,test,g030nm_heating_low_localized-sink,30.0,A1,6,0.002287999988766387,2,0,False,20
baseline,test,g030nm_heating_low_localized-sink,30.0,A1,7,0.002207999990787357,2,0,False,20
baseline,test,g030nm_heating_low_localized-sink,30.0,A1,8,0.006828600016888231,2,0,False,20
baseline,test,g030nm_heating_low_localized-sink,30.0,A1,9,0.0027381000109016895,2,0,False,20
baseline,test,g030nm_heating_low_localized-sink,30.0,A1,10,0.0023975000076461583,2,0,False,20
baseline,test,g030nm_heating_low_localized-sink,30.0,A1,11,0.002367300010519102,2,0,False,20
baseline,test,g030nm_heating_low_localized-sink,30.0,A1,12,0.0021969999943394214,2,0,False,20
baseline,test,g030nm_heating_low_localized-sink,30.0,A1,13,0.0051429999875836074,2,0,False,20
baseline,test,g030nm_heating_low_localized-sink,30.0,A1,14,0.0024673000152688473,2,0,False,20
baseline,test,g030nm_heating_low_localized-sink,30.0,A1,15,0.002392199996393174,2,0,False,20
baseline,test,g030nm_heating_low_localized-sink,30.0,A1,16,0.00230389999342151,2,0,False,20
baseline,test,g030nm_heating_low_localized-sink,30.0,A1,17,0.002179000002797693,2,0,False,20
baseline,test,g030nm_heating_low_localized-sink,30.0,A1,18,0.002174000022932887,2,0,False,20
baseline,test,g030nm_heating_low_localized-sink,30.0,A1,19,0.006345199974020943,2,0,False,20
baseline,test,g030nm_heating_low_localized-sink,30.0,A2,0,0.00434410001616925,4,0,False,20
baseline,test,g030nm_heating_low_localized-sink,30.0,A2,1,0.006174699985422194,4,0,False,20
baseline,test,g030nm_heating_low_localized-sink,30.0,A2,2,0.004462999990209937,4,0,False,20
baseline,test,g030nm_heating_low_localized-sink,30.0,A2,3,0.004218699992634356,4,0,False,20
baseline,test,g030nm_heating_low_localized-sink,30.0,A2,4,0.0072382000216748565,4,0,False,20
baseline,test,g030nm_heating_low_localized-sink,30.0,A2,5,0.009862200007773936,4,0,False,20
baseline,test,g030nm_heating_low_localized-sink,30.0,A2,6,0.008726200001547113,4,0,False,20
baseline,test,g030nm_heating_low_localized-sink,30.0,A2,7,0.004946699977153912,4,0,False,20
baseline,test,g030nm_heating_low_localized-sink,30.0,A2,8,0.004729000007500872,4,0,False,20
baseline,test,g030nm_heating_low_localized-sink,30.0,A2,9,0.00627610000083223,4,0,False,20
baseline,test,g030nm_heating_low_localized-sink,30.0,A2,10,0.004564100003335625,4,0,False,20
baseline,test,g030nm_heating_low_localized-sink,30.0,A2,11,0.007677100016735494,4,0,False,20
baseline,test,g030nm_heating_low_localized-sink,30.0,A2,12,0.008379400009289384,4,0,False,20
baseline,test,g030nm_heating_low_localized-sink,30.0,A2,13,0.004908000002615154,4,0,False,20
baseline,test,g030nm_heating_low_localized-sink,30.0,A2,14,0.008362399996258318,4,0,False,20
baseline,test,g030nm_heating_low_localized-sink,30.0,A2,15,0.0043892000103369355,4,0,False,20
baseline,test,g030nm_heating_low_localized-sink,30.0,A2,16,0.004787299985764548,4,0,False,20
baseline,test,g030nm_heating_low_localized-sink,30.0,A2,17,0.008956999983638525,4,0,False,20
baseline,test,g030nm_heating_low_localized-sink,30.0,A2,18,0.004810100013855845,4,0,False,20
baseline,test,g030nm_heating_low_localized-sink,30.0,A2,19,0.00519009999698028,4,0,False,20
baseline,test,g030nm_heating_low_localized-sink,30.0,R0,0,0.0019862000190187246,1,0,False,20
baseline,test,g030nm_heating_low_localized-sink,30.0,R0,1,0.0022028000093996525,1,0,False,20
baseline,test,g030nm_heating_low_localized-sink,30.0,R0,2,0.0016783000028226525,1,0,False,20
baseline,test,g030nm_heating_low_localized-sink,30.0,R0,3,0.001601699972525239,1,0,False,20
baseline,test,g030nm_heating_low_localized-sink,30.0,R0,4,0.0015963000187184662,1,0,False,20
baseline,test,g030nm_heating_low_localized-sink,30.0,R0,5,0.0015888999914750457,1,0,False,20
baseline,test,g030nm_heating_low_localized-sink,30.0,R0,6,0.004512399988016114,1,0,False,20
baseline,test,g030nm_heating_low_localized-sink,30.0,R0,7,0.0023422999947797507,1,0,False,20
baseline,test,g030nm_heating_low_localized-sink,30.0,R0,8,0.003072999999858439,1,0,False,20
baseline,test,g030nm_heating_low_localized-sink,30.0,R0,9,0.0017725999932736158,1,0,False,20
baseline,test,g030nm_heating_low_localized-sink,30.0,R0,10,0.0017300999897997826,1,0,False,20
baseline,test,g030nm_heating_low_localized-sink,30.0,R0,11,0.0017157999973278493,1,0,False,20
baseline,test,g030nm_heating_low_localized-sink,30.0,R0,12,0.0016217000083997846,1,0,False,20
baseline,test,g030nm_heating_low_localized-sink,30.0,R0,13,0.004392200004076585,1,0,False,20
baseline,test,g030nm_heating_low_localized-sink,30.0,R0,14,0.004075200005900115,1,0,False,20
baseline,test,g030nm_heating_low_localized-sink,30.0,R0,15,0.004562999994959682,1,0,False,20
baseline,test,g030nm_heating_low_localized-sink,30.0,R0,16,0.0017799999914132059,1,0,False,20
baseline,test,g030nm_heating_low_localized-sink,30.0,R0,17,0.0019305000023450702,1,0,False,20
baseline,test,g030nm_heating_low_localized-sink,30.0,R0,18,0.004660999984480441,1,0,False,20
baseline,test,g030nm_heating_low_localized-sink,30.0,R0,19,0.0044804000062868,1,0,False,20
baseline,test,g030nm_heating_low_localized-sink,30.0,R1,0,0.004629100003512576,2,0,False,20
baseline,test,g030nm_heating_low_localized-sink,30.0,R1,1,0.00246679998235777,2,0,False,20
baseline,test,g030nm_heating_low_localized-sink,30.0,R1,2,0.0027070000069215894,2,0,False,20
baseline,test,g030nm_heating_low_localized-sink,30.0,R1,3,0.0021154999849386513,2,0,False,20
baseline,test,g030nm_heating_low_localized-sink,30.0,R1,4,0.0020628000202123076,2,0,False,20
baseline,test,g030nm_heating_low_localized-sink,30.0,R1,5,0.002137100003892556,2,0,False,20
baseline,test,g030nm_heating_low_localized-sink,30.0,R1,6,0.0020861999946646392,2,0,False,20
baseline,test,g030nm_heating_low_localized-sink,30.0,R1,7,0.00449670001398772,2,0,False,20
baseline,test,g030nm_heating_low_localized-sink,30.0,R1,8,0.002431200002320111,2,0,False,20
baseline,test,g030nm_heating_low_localized-sink,30.0,R1,9,0.0022384000185411423,2,0,False,20
baseline,test,g030nm_heating_low_localized-sink,30.0,R1,10,0.0021914999815635383,2,0,False,20
baseline,test,g030nm_heating_low_localized-sink,30.0,R1,11,0.002171600004658103,2,0,False,20
baseline,test,g030nm_heating_low_localized-sink,30.0,R1,12,0.0027040000131819397,2,0,False,20
baseline,test,g030nm_heating_low_localized-sink,30.0,R1,13,0.0042298000189475715,2,0,False,20
baseline,test,g030nm_heating_low_localized-sink,30.0,R1,14,0.004409099987242371,2,0,False,20
baseline,test,g030nm_heating_low_localized-sink,30.0,R1,15,0.002732199995080009,2,0,False,20
baseline,test,g030nm_heating_low_localized-sink,30.0,R1,16,0.0021219000045675784,2,0,False,20
baseline,test,g030nm_heating_low_localized-sink,30.0,R1,17,0.002283900015754625,2,0,False,20
baseline,test,g030nm_heating_low_localized-sink,30.0,R1,18,0.003356799978064373,2,0,False,20
baseline,test,g030nm_heating_low_localized-sink,30.0,R1,19,0.00564050002139993,2,0,False,20
baseline,test,g030nm_heating_low_localized-sink,30.0,R2,0,0.004045800014864653,4,0,False,20
baseline,test,g030nm_heating_low_localized-sink,30.0,R2,1,0.00831469998229295,4,0,False,20
baseline,test,g030nm_heating_low_localized-sink,30.0,R2,2,0.004231800005072728,4,0,False,20
baseline,test,g030nm_heating_low_localized-sink,30.0,R2,3,0.004050599993206561,4,0,False,20
baseline,test,g030nm_heating_low_localized-sink,30.0,R2,4,0.006001600006129593,4,0,False,20
baseline,test,g030nm_heating_low_localized-sink,30.0,R2,5,0.004124900005990639,4,0,False,20
baseline,test,g030nm_heating_low_localized-sink,30.0,R2,6,0.004120099998544902,4,0,False,20
baseline,test,g030nm_heating_low_localized-sink,30.0,R2,7,0.006679799989797175,4,0,False,20
baseline,test,g030nm_heating_low_localized-sink,30.0,R2,8,0.006410200003301725,4,0,False,20
baseline,test,g030nm_heating_low_localized-sink,30.0,R2,9,0.005146499985130504,4,0,False,20
baseline,test,g030nm_heating_low_localized-sink,30.0,R2,10,0.01067059999331832,4,0,False,20
baseline,test,g030nm_heating_low_localized-sink,30.0,R2,11,0.00514120000298135,4,0,False,20
baseline,test,g030nm_heating_low_localized-sink,30.0,R2,12,0.007728999975370243,4,0,False,20
baseline,test,g030nm_heating_low_localized-sink,30.0,R2,13,0.006031400000210851,4,0,False,20
baseline,test,g030nm_heating_low_localized-sink,30.0,R2,14,0.00465960000292398,4,0,False,20
baseline,test,g030nm_heating_low_localized-sink,30.0,R2,15,0.008318799984408543,4,0,False,20
baseline,test,g030nm_heating_low_localized-sink,30.0,R2,16,0.0049959000025410205,4,0,False,20
baseline,test,g030nm_heating_low_localized-sink,30.0,R2,17,0.009520599996903911,4,0,False,20
baseline,test,g030nm_heating_low_localized-sink,30.0,R2,18,0.008200399985071272,4,0,False,20
baseline,test,g030nm_heating_low_localized-sink,30.0,R2,19,0.005345699988538399,4,0,False,20
baseline,test,g030nm_heating_low_nominal,30.0,COLD,0,0.09274629998253658,59,0,False,10
baseline,test,g030nm_heating_low_nominal,30.0,COLD,1,0.08828140000696294,59,0,False,10
baseline,test,g030nm_heating_low_nominal,30.0,COLD,2,0.1329068999912124,59,0,False,10
baseline,test,g030nm_heating_low_nominal,30.0,COLD,3,0.1577063000004273,59,0,False,10
baseline,test,g030nm_heating_low_nominal,30.0,COLD,4,0.1617071000218857,59,0,False,10
baseline,test,g030nm_heating_low_nominal,30.0,COLD,5,0.08868529999745078,59,0,False,10
baseline,test,g030nm_heating_low_nominal,30.0,COLD,6,0.08140220001223497,59,0,False,10
baseline,test,g030nm_heating_low_nominal,30.0,COLD,7,0.09090109998942353,59,0,False,10
baseline,test,g030nm_heating_low_nominal,30.0,COLD,8,0.09594899998046458,59,0,False,10
baseline,test,g030nm_heating_low_nominal,30.0,COLD,9,0.09485970000969246,59,0,False,10
baseline,test,g030nm_heating_low_nominal,30.0,A1,0,0.0022050999978091568,2,0,False,20
baseline,test,g030nm_heating_low_nominal,30.0,A1,1,0.0058794000069610775,2,0,False,20
baseline,test,g030nm_heating_low_nominal,30.0,A1,2,0.0033715000026859343,2,0,False,20
baseline,test,g030nm_heating_low_nominal,30.0,A1,3,0.00223280000500381,2,0,False,20
baseline,test,g030nm_heating_low_nominal,30.0,A1,4,0.0021684999810531735,2,0,False,20
baseline,test,g030nm_heating_low_nominal,30.0,A1,5,0.0021726000122725964,2,0,False,20
baseline,test,g030nm_heating_low_nominal,30.0,A1,6,0.0038296999991871417,2,0,False,20
baseline,test,g030nm_heating_low_nominal,30.0,A1,7,0.00258840000606142,2,0,False,20
baseline,test,g030nm_heating_low_nominal,30.0,A1,8,0.002366900007473305,2,0,False,20
baseline,test,g030nm_heating_low_nominal,30.0,A1,9,0.0024158000014722347,2,0,False,20
baseline,test,g030nm_heating_low_nominal,30.0,A1,10,0.0026821999927051365,2,0,False,20
baseline,test,g030nm_heating_low_nominal,30.0,A1,11,0.002907499991124496,2,0,False,20
baseline,test,g030nm_heating_low_nominal,30.0,A1,12,0.004036599973915145,2,0,False,20
baseline,test,g030nm_heating_low_nominal,30.0,A1,13,0.002438099996652454,2,0,False,20
baseline,test,g030nm_heating_low_nominal,30.0,A1,14,0.0022391999955289066,2,0,False,20
baseline,test,g030nm_heating_low_nominal,30.0,A1,15,0.0021902000007685274,2,0,False,20
baseline,test,g030nm_heating_low_nominal,30.0,A1,16,0.002174699999159202,2,0,False,20
baseline,test,g030nm_heating_low_nominal,30.0,A1,17,0.0029082999972160906,2,0,False,20
baseline,test,g030nm_heating_low_nominal,30.0,A1,18,0.0026763000059872866,2,0,False,20
baseline,test,g030nm_heating_low_nominal,30.0,A1,19,0.006825700023910031,2,0,False,20
baseline,test,g030nm_heating_low_nominal,30.0,A2,0,0.005509499984327704,4,0,False,20
baseline,test,g030nm_heating_low_nominal,30.0,A2,1,0.004274200007785112,4,0,False,20
baseline,test,g030nm_heating_low_nominal,30.0,A2,2,0.007734099985100329,4,0,False,20
baseline,test,g030nm_heating_low_nominal,30.0,A2,3,0.010515300004044548,4,0,False,20
baseline,test,g030nm_heating_low_nominal,30.0,A2,4,0.004688799992436543,4,0,False,20
baseline,test,g030nm_heating_low_nominal,30.0,A2,5,0.008851999999023974,4,0,False,20
baseline,test,g030nm_heating_low_nominal,30.0,A2,6,0.006114999996498227,4,0,False,20
baseline,test,g030nm_heating_low_nominal,30.0,A2,7,0.006177700008265674,4,0,False,20
baseline,test,g030nm_heating_low_nominal,30.0,A2,8,0.007717100001173094,4,0,False,20
baseline,test,g030nm_heating_low_nominal,30.0,A2,9,0.004262200003722683,4,0,False,20
baseline,test,g030nm_heating_low_nominal,30.0,A2,10,0.007668900012504309,4,0,False,20
baseline,test,g030nm_heating_low_nominal,30.0,A2,11,0.006357800011755899,4,0,False,20
baseline,test,g030nm_heating_low_nominal,30.0,A2,12,0.004188299993984401,4,0,False,20
baseline,test,g030nm_heating_low_nominal,30.0,A2,13,0.012358300009509549,4,0,False,20
baseline,test,g030nm_heating_low_nominal,30.0,A2,14,0.009483900008490309,4,0,False,20
baseline,test,g030nm_heating_low_nominal,30.0,A2,15,0.0048494999937247485,4,0,False,20
baseline,test,g030nm_heating_low_nominal,30.0,A2,16,0.004579200001899153,4,0,False,20
baseline,test,g030nm_heating_low_nominal,30.0,A2,17,0.007028299994999543,4,0,False,20
baseline,test,g030nm_heating_low_nominal,30.0,A2,18,0.00477820000378415,4,0,False,20
baseline,test,g030nm_heating_low_nominal,30.0,A2,19,0.004528999998001382,4,0,False,20
baseline,test,g030nm_heating_low_nominal,30.0,R0,0,0.0034691999899223447,1,0,False,20
baseline,test,g030nm_heating_low_nominal,30.0,R0,1,0.005496900004800409,1,0,False,20
baseline,test,g030nm_heating_low_nominal,30.0,R0,2,0.004299199994420633,1,0,False,20
baseline,test,g030nm_heating_low_nominal,30.0,R0,3,0.003938000008929521,1,0,False,20
baseline,test,g030nm_heating_low_nominal,30.0,R0,4,0.0050134999910369515,1,0,False,20
baseline,test,g030nm_heating_low_nominal,30.0,R0,5,0.0018580000032670796,1,0,False,20
baseline,test,g030nm_heating_low_nominal,30.0,R0,6,0.001651700004003942,1,0,False,20
baseline,test,g030nm_heating_low_nominal,30.0,R0,7,0.0015973999979905784,1,0,False,20
baseline,test,g030nm_heating_low_nominal,30.0,R0,8,0.0016728999908082187,1,0,False,20
baseline,test,g030nm_heating_low_nominal,30.0,R0,9,0.0016318999987561256,1,0,False,20
baseline,test,g030nm_heating_low_nominal,30.0,R0,10,0.0016217000083997846,1,0,False,20
baseline,test,g030nm_heating_low_nominal,30.0,R0,11,0.0016405999776907265,1,0,False,20
baseline,test,g030nm_heating_low_nominal,30.0,R0,12,0.0043821000144816935,1,0,False,20
baseline,test,g030nm_heating_low_nominal,30.0,R0,13,0.0033063000009860843,1,0,False,20
baseline,test,g030nm_heating_low_nominal,30.0,R0,14,0.0018497999990358949,1,0,False,20
baseline,test,g030nm_heating_low_nominal,30.0,R0,15,0.0016865000070538372,1,0,False,20
baseline,test,g030nm_heating_low_nominal,30.0,R0,16,0.0016850999963935465,1,0,False,20
baseline,test,g030nm_heating_low_nominal,30.0,R0,17,0.0016436000005342066,1,0,False,20
baseline,test,g030nm_heating_low_nominal,30.0,R0,18,0.001624900003662333,1,0,False,20
baseline,test,g030nm_heating_low_nominal,30.0,R0,19,0.003117399988695979,1,0,False,20
baseline,test,g030nm_heating_low_nominal,30.0,R1,0,0.0040877000137697905,2,0,False,20
baseline,test,g030nm_heating_low_nominal,30.0,R1,1,0.002184500015573576,2,0,False,20
baseline,test,g030nm_heating_low_nominal,30.0,R1,2,0.003634499997133389,2,0,False,20
baseline,test,g030nm_heating_low_nominal,30.0,R1,3,0.005802600004244596,2,0,False,20
baseline,test,g030nm_heating_low_nominal,30.0,R1,4,0.003884599980665371,2,0,False,20
baseline,test,g030nm_heating_low_nominal,30.0,R1,5,0.0021222000068519264,2,0,False,20
baseline,test,g030nm_heating_low_nominal,30.0,R1,6,0.002521099988371134,2,0,False,20
baseline,test,g030nm_heating_low_nominal,30.0,R1,7,0.00413509999634698,2,0,False,20
baseline,test,g030nm_heating_low_nominal,30.0,R1,8,0.00544340000487864,2,0,False,20
baseline,test,g030nm_heating_low_nominal,30.0,R1,9,0.0026277000142727047,2,0,False,20
baseline,test,g030nm_heating_low_nominal,30.0,R1,10,0.0025311999779660255,2,0,False,20
baseline,test,g030nm_heating_low_nominal,30.0,R1,11,0.002265700022689998,2,0,False,20
baseline,test,g030nm_heating_low_nominal,30.0,R1,12,0.004397800017613918,2,0,False,20
baseline,test,g030nm_heating_low_nominal,30.0,R1,13,0.006251799990423024,2,0,False,20
baseline,test,g030nm_heating_low_nominal,30.0,R1,14,0.006111800001235679,2,0,False,20
baseline,test,g030nm_heating_low_nominal,30.0,R1,15,0.006285900017246604,2,0,False,20
baseline,test,g030nm_heating_low_nominal,30.0,R1,16,0.005898999981582165,2,0,False,20
baseline,test,g030nm_heating_low_nominal,30.0,R1,17,0.002540499990573153,2,0,False,20
baseline,test,g030nm_heating_low_nominal,30.0,R1,18,0.0022982000082265586,2,0,False,20
baseline,test,g030nm_heating_low_nominal,30.0,R1,19,0.004488199978368357,2,0,False,20
baseline,test,g030nm_heating_low_nominal,30.0,R2,0,0.004939300008118153,4,0,False,20
baseline,test,g030nm_heating_low_nominal,30.0,R2,1,0.00810589999309741,4,0,False,20
baseline,test,g030nm_heating_low_nominal,30.0,R2,2,0.004624499997589737,4,0,False,20
baseline,test,g030nm_heating_low_nominal,30.0,R2,3,0.0074868999945465475,4,0,False,20
baseline,test,g030nm_heating_low_nominal,30.0,R2,4,0.010904200025834143,4,0,False,20
baseline,test,g030nm_heating_low_nominal,30.0,R2,5,0.009413799998583272,4,0,False,20
baseline,test,g030nm_heating_low_nominal,30.0,R2,6,0.007959799986565486,4,0,False,20
baseline,test,g030nm_heating_low_nominal,30.0,R2,7,0.007242000021506101,4,0,False,20
baseline,test,g030nm_heating_low_nominal,30.0,R2,8,0.004533600003924221,4,0,False,20
baseline,test,g030nm_heating_low_nominal,30.0,R2,9,0.004343500011600554,4,0,False,20
baseline,test,g030nm_heating_low_nominal,30.0,R2,10,0.007101200026227161,4,0,False,20
baseline,test,g030nm_heating_low_nominal,30.0,R2,11,0.004200700001092628,4,0,False,20
baseline,test,g030nm_heating_low_nominal,30.0,R2,12,0.004233300016494468,4,0,False,20
baseline,test,g030nm_heating_low_nominal,30.0,R2,13,0.0073893000080715865,4,0,False,20
baseline,test,g030nm_heating_low_nominal,30.0,R2,14,0.004229100013617426,4,0,False,20
baseline,test,g030nm_heating_low_nominal,30.0,R2,15,0.004111600021133199,4,0,False,20
baseline,test,g030nm_heating_low_nominal,30.0,R2,16,0.007270900008734316,4,0,False,20
baseline,test,g030nm_heating_low_nominal,30.0,R2,17,0.009821199986618012,4,0,False,20
baseline,test,g030nm_heating_low_nominal,30.0,R2,18,0.010246099991491064,4,0,False,20
baseline,test,g030nm_heating_low_nominal,30.0,R2,19,0.004374800017103553,4,0,False,20
baseline,test,g030nm_heating_near-transition_localized-sink,30.0,COLD,0,0.12479559998610057,79,0,False,10
baseline,test,g030nm_heating_near-transition_localized-sink,30.0,COLD,1,0.20261609999579377,79,0,False,10
baseline,test,g030nm_heating_near-transition_localized-sink,30.0,COLD,2,0.1950045000121463,79,0,False,10
baseline,test,g030nm_heating_near-transition_localized-sink,30.0,COLD,3,0.21673520002514124,79,0,False,10
baseline,test,g030nm_heating_near-transition_localized-sink,30.0,COLD,4,0.2140009000140708,79,0,False,10
baseline,test,g030nm_heating_near-transition_localized-sink,30.0,COLD,5,0.2351087999995798,79,0,False,10
baseline,test,g030nm_heating_near-transition_localized-sink,30.0,COLD,6,0.21884610000415705,79,0,False,10
baseline,test,g030nm_heating_near-transition_localized-sink,30.0,COLD,7,0.21312160001252778,79,0,False,10
baseline,test,g030nm_heating_near-transition_localized-sink,30.0,COLD,8,0.21694460001890548,79,0,False,10
baseline,test,g030nm_heating_near-transition_localized-sink,30.0,COLD,9,0.22106370000983588,79,0,False,10
baseline,test,g030nm_heating_near-transition_localized-sink,30.0,A1,0,0.005470000003697351,2,0,False,20
baseline,test,g030nm_heating_near-transition_localized-sink,30.0,A1,1,0.005265800020424649,2,0,False,20
baseline,test,g030nm_heating_near-transition_localized-sink,30.0,A1,2,0.007028500025626272,2,0,False,20
baseline,test,g030nm_heating_near-transition_localized-sink,30.0,A1,3,0.00540930000715889,2,0,False,20
baseline,test,g030nm_heating_near-transition_localized-sink,30.0,A1,4,0.006582900008652359,2,0,False,20
baseline,test,g030nm_heating_near-transition_localized-sink,30.0,A1,5,0.007250700000440702,2,0,False,20
baseline,test,g030nm_heating_near-transition_localized-sink,30.0,A1,6,0.0054712999844923615,2,0,False,20
baseline,test,g030nm_heating_near-transition_localized-sink,30.0,A1,7,0.006690100010018796,2,0,False,20
baseline,test,g030nm_heating_near-transition_localized-sink,30.0,A1,8,0.006137699994724244,2,0,False,20
baseline,test,g030nm_heating_near-transition_localized-sink,30.0,A1,9,0.006338500010315329,2,0,False,20
baseline,test,g030nm_heating_near-transition_localized-sink,30.0,A1,10,0.005851499998243526,2,0,False,20
baseline,test,g030nm_heating_near-transition_localized-sink,30.0,A1,11,0.005346199992345646,2,0,False,20
baseline,test,g030nm_heating_near-transition_localized-sink,30.0,A1,12,0.004388800007291138,2,0,False,20
baseline,test,g030nm_heating_near-transition_localized-sink,30.0,A1,13,0.006102899991674349,2,0,False,20
baseline,test,g030nm_heating_near-transition_localized-sink,30.0,A1,14,0.005697799992049113,2,0,False,20
baseline,test,g030nm_heating_near-transition_localized-sink,30.0,A1,15,0.007583900005556643,2,0,False,20
baseline,test,g030nm_heating_near-transition_localized-sink,30.0,A1,16,0.005666499986546114,2,0,False,20
baseline,test,g030nm_heating_near-transition_localized-sink,30.0,A1,17,0.004231200000504032,2,0,False,20
baseline,test,g030nm_heating_near-transition_localized-sink,30.0,A1,18,0.005672899977071211,2,0,False,20
baseline,test,g030nm_heating_near-transition_localized-sink,30.0,A1,19,0.005692600010661408,2,0,False,20
baseline,test,g030nm_heating_near-transition_localized-sink,30.0,A2,0,0.011693199980072677,4,0,False,20
baseline,test,g030nm_heating_near-transition_localized-sink,30.0,A2,1,0.011516200000187382,4,0,False,20
baseline,test,g030nm_heating_near-transition_localized-sink,30.0,A2,2,0.009216199978254735,4,0,False,20
baseline,test,g030nm_heating_near-transition_localized-sink,30.0,A2,3,0.009255300014046952,4,0,False,20
baseline,test,g030nm_heating_near-transition_localized-sink,30.0,A2,4,0.011563500011106953,4,0,False,20
baseline,test,g030nm_heating_near-transition_localized-sink,30.0,A2,5,0.012631699995836243,4,0,False,20
baseline,test,g030nm_heating_near-transition_localized-sink,30.0,A2,6,0.011712800012901425,4,0,False,20
baseline,test,g030nm_heating_near-transition_localized-sink,30.0,A2,7,0.010013299994170666,4,0,False,20
baseline,test,g030nm_heating_near-transition_localized-sink,30.0,A2,8,0.009739300003275275,4,0,False,20
baseline,test,g030nm_heating_near-transition_localized-sink,30.0,A2,9,0.011366200022166595,4,0,False,20
baseline,test,g030nm_heating_near-transition_localized-sink,30.0,A2,10,0.011342400015564635,4,0,False,20
baseline,test,g030nm_heating_near-transition_localized-sink,30.0,A2,11,0.010244200006127357,4,0,False,20
baseline,test,g030nm_heating_near-transition_localized-sink,30.0,A2,12,0.01201440001023002,4,0,False,20
baseline,test,g030nm_heating_near-transition_localized-sink,30.0,A2,13,0.010065800015581772,4,0,False,20
baseline,test,g030nm_heating_near-transition_localized-sink,30.0,A2,14,0.01073579999501817,4,0,False,20
baseline,test,g030nm_heating_near-transition_localized-sink,30.0,A2,15,0.012591199978487566,4,0,False,20
baseline,test,g030nm_heating_near-transition_localized-sink,30.0,A2,16,0.011229700001422316,4,0,False,20
baseline,test,g030nm_heating_near-transition_localized-sink,30.0,A2,17,0.009062400000402704,4,0,False,20
baseline,test,g030nm_heating_near-transition_localized-sink,30.0,A2,18,0.010613899998134002,4,0,False,20
baseline,test,g030nm_heating_near-transition_localized-sink,30.0,A2,19,0.010674599994672462,4,0,False,20
baseline,test,g030nm_heating_near-transition_localized-sink,30.0,R0,0,0.003922100004274398,1,0,False,20
baseline,test,g030nm_heating_near-transition_localized-sink,30.0,R0,1,0.004876999999396503,1,0,False,20
baseline,test,g030nm_heating_near-transition_localized-sink,30.0,R0,2,0.004278399981558323,1,0,False,20
baseline,test,g030nm_heating_near-transition_localized-sink,30.0,R0,3,0.004039999999804422,1,0,False,20
baseline,test,g030nm_heating_near-transition_localized-sink,30.0,R0,4,0.004862100002355874,1,0,False,20
baseline,test,g030nm_heating_near-transition_localized-sink,30.0,R0,5,0.0072982000128831714,1,0,False,20
baseline,test,g030nm_heating_near-transition_localized-sink,30.0,R0,6,0.006614300014916807,1,0,False,20
baseline,test,g030nm_heating_near-transition_localized-sink,30.0,R0,7,0.005975900014163926,1,0,False,20
baseline,test,g030nm_heating_near-transition_localized-sink,30.0,R0,8,0.0054382999951485544,1,0,False,20
baseline,test,g030nm_heating_near-transition_localized-sink,30.0,R0,9,0.0044760000018868595,1,0,False,20
baseline,test,g030nm_heating_near-transition_localized-sink,30.0,R0,10,0.00476929999422282,1,0,False,20
baseline,test,g030nm_heating_near-transition_localized-sink,30.0,R0,11,0.0039548999920953065,1,0,False,20
baseline,test,g030nm_heating_near-transition_localized-sink,30.0,R0,12,0.004720600001746789,1,0,False,20
baseline,test,g030nm_heating_near-transition_localized-sink,30.0,R0,13,0.002988699998240918,1,0,False,20
baseline,test,g030nm_heating_near-transition_localized-sink,30.0,R0,14,0.001843499980168417,1,0,False,20
baseline,test,g030nm_heating_near-transition_localized-sink,30.0,R0,15,0.0017428999999538064,1,0,False,20
baseline,test,g030nm_heating_near-transition_localized-sink,30.0,R0,16,0.0017063000123016536,1,0,False,20
baseline,test,g030nm_heating_near-transition_localized-sink,30.0,R0,17,0.003280399978393689,1,0,False,20
baseline,test,g030nm_heating_near-transition_localized-sink,30.0,R0,18,0.004208099999232218,1,0,False,20
baseline,test,g030nm_heating_near-transition_localized-sink,30.0,R0,19,0.003184100001817569,1,0,False,20
baseline,test,g030nm_heating_near-transition_localized-sink,30.0,R1,0,0.004790400009369478,2,0,False,20
baseline,test,g030nm_heating_near-transition_localized-sink,30.0,R1,1,0.004560800007311627,2,0,False,20
baseline,test,g030nm_heating_near-transition_localized-sink,30.0,R1,2,0.005375100008677691,2,0,False,20
baseline,test,g030nm_heating_near-transition_localized-sink,30.0,R1,3,0.004888199997367337,2,0,False,20
baseline,test,g030nm_heating_near-transition_localized-sink,30.0,R1,4,0.005816599994432181,2,0,False,20
baseline,test,g030nm_heating_near-transition_localized-sink,30.0,R1,5,0.0054019000090193,2,0,False,20
baseline,test,g030nm_heating_near-transition_localized-sink,30.0,R1,6,0.004879599990090355,2,0,False,20
baseline,test,g030nm_heating_near-transition_localized-sink,30.0,R1,7,0.005865899991476908,2,0,False,20
baseline,test,g030nm_heating_near-transition_localized-sink,30.0,R1,8,0.005127999989781529,2,0,False,20
baseline,test,g030nm_heating_near-transition_localized-sink,30.0,R1,9,0.004840099980356172,2,0,False,20
baseline,test,g030nm_heating_near-transition_localized-sink,30.0,R1,10,0.005864100006874651,2,0,False,20
baseline,test,g030nm_heating_near-transition_localized-sink,30.0,R1,11,0.005420300003606826,2,0,False,20
baseline,test,g030nm_heating_near-transition_localized-sink,30.0,R1,12,0.004871400014963001,2,0,False,20
baseline,test,g030nm_heating_near-transition_localized-sink,30.0,R1,13,0.005421399982878938,2,0,False,20
baseline,test,g030nm_heating_near-transition_localized-sink,30.0,R1,14,0.005447600007755682,2,0,False,20
baseline,test,g030nm_heating_near-transition_localized-sink,30.0,R1,15,0.004841299989493564,2,0,False,20
baseline,test,g030nm_heating_near-transition_localized-sink,30.0,R1,16,0.006228199985343963,2,0,False,20
baseline,test,g030nm_heating_near-transition_localized-sink,30.0,R1,17,0.0051528000039979815,2,0,False,20
baseline,test,g030nm_heating_near-transition_localized-sink,30.0,R1,18,0.004834899998968467,2,0,False,20
baseline,test,g030nm_heating_near-transition_localized-sink,30.0,R1,19,0.0069309000100474805,2,0,False,20
baseline,test,g030nm_heating_near-transition_localized-sink,30.0,R2,0,0.010582699993392453,4,0,False,20
baseline,test,g030nm_heating_near-transition_localized-sink,30.0,R2,1,0.009839800011832267,4,0,False,20
baseline,test,g030nm_heating_near-transition_localized-sink,30.0,R2,2,0.011308700020890683,4,0,False,20
baseline,test,g030nm_heating_near-transition_localized-sink,30.0,R2,3,0.01018460001796484,4,0,False,20
baseline,test,g030nm_heating_near-transition_localized-sink,30.0,R2,4,0.008834500011289492,4,0,False,20
baseline,test,g030nm_heating_near-transition_localized-sink,30.0,R2,5,0.01037720000022091,4,0,False,20
baseline,test,g030nm_heating_near-transition_localized-sink,30.0,R2,6,0.011328799999319017,4,0,False,20
baseline,test,g030nm_heating_near-transition_localized-sink,30.0,R2,7,0.01007190000382252,4,0,False,20
baseline,test,g030nm_heating_near-transition_localized-sink,30.0,R2,8,0.01020829999470152,4,0,False,20
baseline,test,g030nm_heating_near-transition_localized-sink,30.0,R2,9,0.009097399975871667,4,0,False,20
baseline,test,g030nm_heating_near-transition_localized-sink,30.0,R2,10,0.010720399994170293,4,0,False,20
baseline,test,g030nm_heating_near-transition_localized-sink,30.0,R2,11,0.009961100004147738,4,0,False,20
baseline,test,g030nm_heating_near-transition_localized-sink,30.0,R2,12,0.010632999998051673,4,0,False,20
baseline,test,g030nm_heating_near-transition_localized-sink,30.0,R2,13,0.011946399987209588,4,0,False,20
baseline,test,g030nm_heating_near-transition_localized-sink,30.0,R2,14,0.010798100003739819,4,0,False,20
baseline,test,g030nm_heating_near-transition_localized-sink,30.0,R2,15,0.010000500013120472,4,0,False,20
baseline,test,g030nm_heating_near-transition_localized-sink,30.0,R2,16,0.01112250000005588,4,0,False,20
baseline,test,g030nm_heating_near-transition_localized-sink,30.0,R2,17,0.010101799998665228,4,0,False,20
baseline,test,g030nm_heating_near-transition_localized-sink,30.0,R2,18,0.009970000013709068,4,0,False,20
baseline,test,g030nm_heating_near-transition_localized-sink,30.0,R2,19,0.010472099995240569,4,0,False,20
baseline,test,g030nm_heating_near-transition_nominal,30.0,COLD,0,0.20339599999715574,67,0,False,10
baseline,test,g030nm_heating_near-transition_nominal,30.0,COLD,1,0.2127123000100255,67,0,False,10
baseline,test,g030nm_heating_near-transition_nominal,30.0,COLD,2,0.1923469000030309,67,0,False,10
baseline,test,g030nm_heating_near-transition_nominal,30.0,COLD,3,0.18625550001161173,67,0,False,10
baseline,test,g030nm_heating_near-transition_nominal,30.0,COLD,4,0.20069789999979548,67,0,False,10
baseline,test,g030nm_heating_near-transition_nominal,30.0,COLD,5,0.18530640000244603,67,0,False,10
baseline,test,g030nm_heating_near-transition_nominal,30.0,COLD,6,0.18037039999035187,67,0,False,10
baseline,test,g030nm_heating_near-transition_nominal,30.0,COLD,7,0.17372940000495873,67,0,False,10
baseline,test,g030nm_heating_near-transition_nominal,30.0,COLD,8,0.18169890000717714,67,0,False,10
baseline,test,g030nm_heating_near-transition_nominal,30.0,COLD,9,0.18953780000447296,67,0,False,10
baseline,test,g030nm_heating_near-transition_nominal,30.0,A1,0,0.005377199995564297,2,0,False,20
baseline,test,g030nm_heating_near-transition_nominal,30.0,A1,1,0.006681400001980364,2,0,False,20
baseline,test,g030nm_heating_near-transition_nominal,30.0,A1,2,0.006262299983063713,2,0,False,20
baseline,test,g030nm_heating_near-transition_nominal,30.0,A1,3,0.0056822999904397875,2,0,False,20
baseline,test,g030nm_heating_near-transition_nominal,30.0,A1,4,0.007191400014562532,2,0,False,20
baseline,test,g030nm_heating_near-transition_nominal,30.0,A1,5,0.006402400002116337,2,0,False,20
baseline,test,g030nm_heating_near-transition_nominal,30.0,A1,6,0.007890799985034391,2,0,False,20
baseline,test,g030nm_heating_near-transition_nominal,30.0,A1,7,0.006555800006026402,2,0,False,20
baseline,test,g030nm_heating_near-transition_nominal,30.0,A1,8,0.007475899998098612,2,0,False,20
baseline,test,g030nm_heating_near-transition_nominal,30.0,A1,9,0.006804600008763373,2,0,False,20
baseline,test,g030nm_heating_near-transition_nominal,30.0,A1,10,0.006171399989398196,2,0,False,20
baseline,test,g030nm_heating_near-transition_nominal,30.0,A1,11,0.0042569999932311475,2,0,False,20
baseline,test,g030nm_heating_near-transition_nominal,30.0,A1,12,0.00588199999765493,2,0,False,20
baseline,test,g030nm_heating_near-transition_nominal,30.0,A1,13,0.0054014999768696725,2,0,False,20
baseline,test,g030nm_heating_near-transition_nominal,30.0,A1,14,0.004755100002512336,2,0,False,20
baseline,test,g030nm_heating_near-transition_nominal,30.0,A1,15,0.0077256999793462455,2,0,False,20
baseline,test,g030nm_heating_near-transition_nominal,30.0,A1,16,0.006915300007676706,2,0,False,20
baseline,test,g030nm_heating_near-transition_nominal,30.0,A1,17,0.006295200000749901,2,0,False,20
baseline,test,g030nm_heating_near-transition_nominal,30.0,A1,18,0.0059120999940205365,2,0,False,20
baseline,test,g030nm_heating_near-transition_nominal,30.0,A1,19,0.00563299999339506,2,0,False,20
baseline,test,g030nm_heating_near-transition_nominal,30.0,A2,0,0.010572400002274662,4,0,False,20
baseline,test,g030nm_heating_near-transition_nominal,30.0,A2,1,0.010009400022681803,4,0,False,20
baseline,test,g030nm_heating_near-transition_nominal,30.0,A2,2,0.012057100015226752,4,0,False,20
baseline,test,g030nm_heating_near-transition_nominal,30.0,A2,3,0.012754199997289106,4,0,False,20
baseline,test,g030nm_heating_near-transition_nominal,30.0,A2,4,0.010750000015832484,4,0,False,20
baseline,test,g030nm_heating_near-transition_nominal,30.0,A2,5,0.004742799996165559,4,0,False,20
baseline,test,g030nm_heating_near-transition_nominal,30.0,A2,6,0.004644000000553206,4,0,False,20
baseline,test,g030nm_heating_near-transition_nominal,30.0,A2,7,0.010616999992635101,4,0,False,20
baseline,test,g030nm_heating_near-transition_nominal,30.0,A2,8,0.010651399992639199,4,0,False,20
baseline,test,g030nm_heating_near-transition_nominal,30.0,A2,9,0.011923200014280155,4,0,False,20
baseline,test,g030nm_heating_near-transition_nominal,30.0,A2,10,0.012208899977849796,4,0,False,20
baseline,test,g030nm_heating_near-transition_nominal,30.0,A2,11,0.009761499997694045,4,0,False,20
baseline,test,g030nm_heating_near-transition_nominal,30.0,A2,12,0.010544299992034212,4,0,False,20
baseline,test,g030nm_heating_near-transition_nominal,30.0,A2,13,0.011649299995042384,4,0,False,20
baseline,test,g030nm_heating_near-transition_nominal,30.0,A2,14,0.011038600001484156,4,0,False,20
baseline,test,g030nm_heating_near-transition_nominal,30.0,A2,15,0.011241700005484745,4,0,False,20
baseline,test,g030nm_heating_near-transition_nominal,30.0,A2,16,0.009299800003645942,4,0,False,20
baseline,test,g030nm_heating_near-transition_nominal,30.0,A2,17,0.009279899997636676,4,0,False,20
baseline,test,g030nm_heating_near-transition_nominal,30.0,A2,18,0.01117720000911504,4,0,False,20
baseline,test,g030nm_heating_near-transition_nominal,30.0,A2,19,0.010087299975566566,4,0,False,20
baseline,test,g030nm_heating_near-transition_nominal,30.0,R0,0,0.004428799991728738,1,0,False,20
baseline,test,g030nm_heating_near-transition_nominal,30.0,R0,1,0.003917099995305762,1,0,False,20
baseline,test,g030nm_heating_near-transition_nominal,30.0,R0,2,0.004812799976207316,1,0,False,20
baseline,test,g030nm_heating_near-transition_nominal,30.0,R0,3,0.004046999994898215,1,0,False,20
baseline,test,g030nm_heating_near-transition_nominal,30.0,R0,4,0.0027845000149682164,1,0,False,20
baseline,test,g030nm_heating_near-transition_nominal,30.0,R0,5,0.0039052000211086124,1,0,False,20
baseline,test,g030nm_heating_near-transition_nominal,30.0,R0,6,0.003867999999783933,1,0,False,20
baseline,test,g030nm_heating_near-transition_nominal,30.0,R0,7,0.004258400003891438,1,0,False,20
baseline,test,g030nm_heating_near-transition_nominal,30.0,R0,8,0.004784099990502,1,0,False,20
baseline,test,g030nm_heating_near-transition_nominal,30.0,R0,9,0.003968300006818026,1,0,False,20
baseline,test,g030nm_heating_near-transition_nominal,30.0,R0,10,0.00395139999454841,1,0,False,20
baseline,test,g030nm_heating_near-transition_nominal,30.0,R0,11,0.004712800000561401,1,0,False,20
baseline,test,g030nm_heating_near-transition_nominal,30.0,R0,12,0.004164500016486272,1,0,False,20
baseline,test,g030nm_heating_near-transition_nominal,30.0,R0,13,0.004209799983073026,1,0,False,20
baseline,test,g030nm_heating_near-transition_nominal,30.0,R0,14,0.004037799983052537,1,0,False,20
baseline,test,g030nm_heating_near-transition_nominal,30.0,R0,15,0.005872700014151633,1,0,False,20
baseline,test,g030nm_heating_near-transition_nominal,30.0,R0,16,0.005138100008480251,1,0,False,20
baseline,test,g030nm_heating_near-transition_nominal,30.0,R0,17,0.003957200009608641,1,0,False,20
baseline,test,g030nm_heating_near-transition_nominal,30.0,R0,18,0.004250099998898804,1,0,False,20
baseline,test,g030nm_heating_near-transition_nominal,30.0,R0,19,0.003923499985830858,1,0,False,20
baseline,test,g030nm_heating_near-transition_nominal,30.0,R1,0,0.004889099975116551,2,0,False,20
baseline,test,g030nm_heating_near-transition_nominal,30.0,R1,1,0.005680000002030283,2,0,False,20
baseline,test,g030nm_heating_near-transition_nominal,30.0,R1,2,0.004866100003710017,2,0,False,20
baseline,test,g030nm_heating_near-transition_nominal,30.0,R1,3,0.004802699986612424,2,0,False,20
baseline,test,g030nm_heating_near-transition_nominal,30.0,R1,4,0.004751100001158193,2,0,False,20
baseline,test,g030nm_heating_near-transition_nominal,30.0,R1,5,0.005398000008426607,2,0,False,20
baseline,test,g030nm_heating_near-transition_nominal,30.0,R1,6,0.004819399997359142,2,0,False,20
baseline,test,g030nm_heating_near-transition_nominal,30.0,R1,7,0.005122300004586577,2,0,False,20
baseline,test,g030nm_heating_near-transition_nominal,30.0,R1,8,0.00534120001248084,2,0,False,20
baseline,test,g030nm_heating_near-transition_nominal,30.0,R1,9,0.004856799991102889,2,0,False,20
baseline,test,g030nm_heating_near-transition_nominal,30.0,R1,10,0.0052823000005446374,2,0,False,20
baseline,test,g030nm_heating_near-transition_nominal,30.0,R1,11,0.005954199994448572,2,0,False,20
baseline,test,g030nm_heating_near-transition_nominal,30.0,R1,12,0.005058599985204637,2,0,False,20
baseline,test,g030nm_heating_near-transition_nominal,30.0,R1,13,0.0041945999837480485,2,0,False,20
baseline,test,g030nm_heating_near-transition_nominal,30.0,R1,14,0.007444699993357062,2,0,False,20
baseline,test,g030nm_heating_near-transition_nominal,30.0,R1,15,0.005121800000779331,2,0,False,20
baseline,test,g030nm_heating_near-transition_nominal,30.0,R1,16,0.004235000000335276,2,0,False,20
baseline,test,g030nm_heating_near-transition_nominal,30.0,R1,17,0.0051890000177081674,2,0,False,20
baseline,test,g030nm_heating_near-transition_nominal,30.0,R1,18,0.004814100015209988,2,0,False,20
baseline,test,g030nm_heating_near-transition_nominal,30.0,R1,19,0.006076899997424334,2,0,False,20
baseline,test,g030nm_heating_near-transition_nominal,30.0,R2,0,0.010601200017845258,4,0,False,20
baseline,test,g030nm_heating_near-transition_nominal,30.0,R2,1,0.01065710000693798,4,0,False,20
baseline,test,g030nm_heating_near-transition_nominal,30.0,R2,2,0.009867799992207438,4,0,False,20
baseline,test,g030nm_heating_near-transition_nominal,30.0,R2,3,0.008466400002362207,4,0,False,20
baseline,test,g030nm_heating_near-transition_nominal,30.0,R2,4,0.011442300019552931,4,0,False,20
baseline,test,g030nm_heating_near-transition_nominal,30.0,R2,5,0.011907900014193729,4,0,False,20
baseline,test,g030nm_heating_near-transition_nominal,30.0,R2,6,0.010549600003287196,4,0,False,20
baseline,test,g030nm_heating_near-transition_nominal,30.0,R2,7,0.010464899998623878,4,0,False,20
baseline,test,g030nm_heating_near-transition_nominal,30.0,R2,8,0.00973269998212345,4,0,False,20
baseline,test,g030nm_heating_near-transition_nominal,30.0,R2,9,0.011759699991671368,4,0,False,20
baseline,test,g030nm_heating_near-transition_nominal,30.0,R2,10,0.010877299995627254,4,0,False,20
baseline,test,g030nm_heating_near-transition_nominal,30.0,R2,11,0.01102020000689663,4,0,False,20
baseline,test,g030nm_heating_near-transition_nominal,30.0,R2,12,0.010105599998496473,4,0,False,20
baseline,test,g030nm_heating_near-transition_nominal,30.0,R2,13,0.011053299997001886,4,0,False,20
baseline,test,g030nm_heating_near-transition_nominal,30.0,R2,14,0.010962900007143617,4,0,False,20
baseline,test,g030nm_heating_near-transition_nominal,30.0,R2,15,0.010125899978447706,4,0,False,20
baseline,test,g030nm_heating_near-transition_nominal,30.0,R2,16,0.0116037999978289,4,0,False,20
baseline,test,g030nm_heating_near-transition_nominal,30.0,R2,17,0.011255499994149432,4,0,False,20
baseline,test,g030nm_heating_near-transition_nominal,30.0,R2,18,0.009860199992544949,4,0,False,20
baseline,test,g030nm_heating_near-transition_nominal,30.0,R2,19,0.008929799980251119,4,0,False,20
20260809,train,g010nm_cooling_high_localized-sink,10.0,N0,0,0.002671900001587346,1,0,False,20
20260809,train,g010nm_cooling_high_localized-sink,10.0,N0,1,0.0025963000080082566,1,0,False,20
20260809,train,g010nm_cooling_high_localized-sink,10.0,N0,2,0.002895499987062067,1,0,False,20
20260809,train,g010nm_cooling_high_localized-sink,10.0,N0,3,0.0028701999981421977,1,0,False,20
20260809,train,g010nm_cooling_high_localized-sink,10.0,N0,4,0.003035100002307445,1,0,False,20
20260809,train,g010nm_cooling_high_localized-sink,10.0,N0,5,0.00244320000638254,1,0,False,20
20260809,train,g010nm_cooling_high_localized-sink,10.0,N0,6,0.002541399997426197,1,0,False,20
20260809,train,g010nm_cooling_high_localized-sink,10.0,N0,7,0.004267800017260015,1,0,False,20
20260809,train,g010nm_cooling_high_localized-sink,10.0,N0,8,0.004189200000837445,1,0,False,20
20260809,train,g010nm_cooling_high_localized-sink,10.0,N0,9,0.002757699985522777,1,0,False,20
20260809,train,g010nm_cooling_high_localized-sink,10.0,N0,10,0.0023432000016327947,1,0,False,20
20260809,train,g010nm_cooling_high_localized-sink,10.0,N0,11,0.002575599995907396,1,0,False,20
20260809,train,g010nm_cooling_high_localized-sink,10.0,N0,12,0.002609499992104247,1,0,False,20
20260809,train,g010nm_cooling_high_localized-sink,10.0,N0,13,0.00564190000295639,1,0,False,20
20260809,train,g010nm_cooling_high_localized-sink,10.0,N0,14,0.0029525000136345625,1,0,False,20
20260809,train,g010nm_cooling_high_localized-sink,10.0,N0,15,0.002533300023060292,1,0,False,20
20260809,train,g010nm_cooling_high_localized-sink,10.0,N0,16,0.0027797000075224787,1,0,False,20
20260809,train,g010nm_cooling_high_localized-sink,10.0,N0,17,0.0024939999857451767,1,0,False,20
20260809,train,g010nm_cooling_high_localized-sink,10.0,N0,18,0.005489600007422268,1,0,False,20
20260809,train,g010nm_cooling_high_localized-sink,10.0,N0,19,0.0029989000177010894,1,0,False,20
20260809,train,g010nm_cooling_high_localized-sink,10.0,N1,0,0.007277299999259412,2,0,False,20
20260809,train,g010nm_cooling_high_localized-sink,10.0,N1,1,0.007302300014998764,2,0,False,20
20260809,train,g010nm_cooling_high_localized-sink,10.0,N1,2,0.00412920000962913,2,0,False,20
20260809,train,g010nm_cooling_high_localized-sink,10.0,N1,3,0.004254799976479262,2,0,False,20
20260809,train,g010nm_cooling_high_localized-sink,10.0,N1,4,0.00377070001559332,2,0,False,20
20260809,train,g010nm_cooling_high_localized-sink,10.0,N1,5,0.0029243000026326627,2,0,False,20
20260809,train,g010nm_cooling_high_localized-sink,10.0,N1,6,0.0031497000018134713,2,0,False,20
20260809,train,g010nm_cooling_high_localized-sink,10.0,N1,7,0.004832900012843311,2,0,False,20
20260809,train,g010nm_cooling_high_localized-sink,10.0,N1,8,0.003988699987530708,2,0,False,20
20260809,train,g010nm_cooling_high_localized-sink,10.0,N1,9,0.0028682999836746603,2,0,False,20
20260809,train,g010nm_cooling_high_localized-sink,10.0,N1,10,0.002750399988144636,2,0,False,20
20260809,train,g010nm_cooling_high_localized-sink,10.0,N1,11,0.0033022999996319413,2,0,False,20
20260809,train,g010nm_cooling_high_localized-sink,10.0,N1,12,0.0031447999936062843,2,0,False,20
20260809,train,g010nm_cooling_high_localized-sink,10.0,N1,13,0.0058240999933332205,2,0,False,20
20260809,train,g010nm_cooling_high_localized-sink,10.0,N1,14,0.003276499977800995,2,0,False,20
20260809,train,g010nm_cooling_high_localized-sink,10.0,N1,15,0.0039551999943796545,2,0,False,20
20260809,train,g010nm_cooling_high_localized-sink,10.0,N1,16,0.0038349000096786767,2,0,False,20
20260809,train,g010nm_cooling_high_localized-sink,10.0,N1,17,0.005745500006014481,2,0,False,20
20260809,train,g010nm_cooling_high_localized-sink,10.0,N1,18,0.005347199999960139,2,0,False,20
20260809,train,g010nm_cooling_high_localized-sink,10.0,N1,19,0.003946499986341223,2,0,False,20
20260809,train,g010nm_cooling_high_localized-sink,10.0,N2,0,0.0174935000250116,4,0,False,20
20260809,train,g010nm_cooling_high_localized-sink,10.0,N2,1,0.012258399976417422,4,0,False,20
20260809,train,g010nm_cooling_high_localized-sink,10.0,N2,2,0.008755199989536777,4,0,False,20
20260809,train,g010nm_cooling_high_localized-sink,10.0,N2,3,0.009085500001674518,4,0,False,20
20260809,train,g010nm_cooling_high_localized-sink,10.0,N2,4,0.007593999995151535,4,0,False,20
20260809,train,g010nm_cooling_high_localized-sink,10.0,N2,5,0.008417400007601827,4,0,False,20
20260809,train,g010nm_cooling_high_localized-sink,10.0,N2,6,0.005531500006327406,4,0,False,20
20260809,train,g010nm_cooling_high_localized-sink,10.0,N2,7,0.0084363000059966,4,0,False,20
20260809,train,g010nm_cooling_high_localized-sink,10.0,N2,8,0.007341499993344769,4,0,False,20
20260809,train,g010nm_cooling_high_localized-sink,10.0,N2,9,0.007063800003379583,4,0,False,20
20260809,train,g010nm_cooling_high_localized-sink,10.0,N2,10,0.00816939998185262,4,0,False,20
20260809,train,g010nm_cooling_high_localized-sink,10.0,N2,11,0.007492000004276633,4,0,False,20
20260809,train,g010nm_cooling_high_localized-sink,10.0,N2,12,0.007379500020761043,4,0,False,20
20260809,train,g010nm_cooling_high_localized-sink,10.0,N2,13,0.005395700020017102,4,0,False,20
20260809,train,g010nm_cooling_high_localized-sink,10.0,N2,14,0.007513600023230538,4,0,False,20
20260809,train,g010nm_cooling_high_localized-sink,10.0,N2,15,0.005827300017699599,4,0,False,20
20260809,train,g010nm_cooling_high_localized-sink,10.0,N2,16,0.006371599971316755,4,0,False,20
20260809,train,g010nm_cooling_high_localized-sink,10.0,N2,17,0.008310900011565536,4,0,False,20
20260809,train,g010nm_cooling_high_localized-sink,10.0,N2,18,0.006455800001276657,4,0,False,20
20260809,train,g010nm_cooling_high_localized-sink,10.0,N2,19,0.009887899999739602,4,0,False,20
20260809,train,g010nm_cooling_high_nominal,10.0,N0,0,0.0031612000020686537,1,0,False,20
20260809,train,g010nm_cooling_high_nominal,10.0,N0,1,0.002963700011605397,1,0,False,20
20260809,train,g010nm_cooling_high_nominal,10.0,N0,2,0.004872200021054596,1,0,False,20
20260809,train,g010nm_cooling_high_nominal,10.0,N0,3,0.0038978000229690224,1,0,False,20
20260809,train,g010nm_cooling_high_nominal,10.0,N0,4,0.0064270999864675105,1,0,False,20
20260809,train,g010nm_cooling_high_nominal,10.0,N0,5,0.004849099990678951,1,0,False,20
20260809,train,g010nm_cooling_high_nominal,10.0,N0,6,0.004724200000055134,1,0,False,20
20260809,train,g010nm_cooling_high_nominal,10.0,N0,7,0.005532500013941899,1,0,False,20
20260809,train,g010nm_cooling_high_nominal,10.0,N0,8,0.00708199999644421,1,0,False,20
20260809,train,g010nm_cooling_high_nominal,10.0,N0,9,0.003728999989107251,1,0,False,20
20260809,train,g010nm_cooling_high_nominal,10.0,N0,10,0.004611499985912815,1,0,False,20
20260809,train,g010nm_cooling_high_nominal,10.0,N0,11,0.003718499996466562,1,0,False,20
20260809,train,g010nm_cooling_high_nominal,10.0,N0,12,0.003427499992540106,1,0,False,20
20260809,train,g010nm_cooling_high_nominal,10.0,N0,13,0.005313900008331984,1,0,False,20
20260809,train,g010nm_cooling_high_nominal,10.0,N0,14,0.002440899988869205,1,0,False,20
20260809,train,g010nm_cooling_high_nominal,10.0,N0,15,0.0023274999985005707,1,0,False,20
20260809,train,g010nm_cooling_high_nominal,10.0,N0,16,0.0031577000045217574,1,0,False,20
20260809,train,g010nm_cooling_high_nominal,10.0,N0,17,0.006759999989299104,1,0,False,20
20260809,train,g010nm_cooling_high_nominal,10.0,N0,18,0.0031137999903876334,1,0,False,20
20260809,train,g010nm_cooling_high_nominal,10.0,N0,19,0.0024028999905567616,1,0,False,20
20260809,train,g010nm_cooling_high_nominal,10.0,N1,0,0.0065651000186335295,2,0,False,20
20260809,train,g010nm_cooling_high_nominal,10.0,N1,1,0.0032421999785583466,2,0,False,20
20260809,train,g010nm_cooling_high_nominal,10.0,N1,2,0.003036600013729185,2,0,False,20
20260809,train,g010nm_cooling_high_nominal,10.0,N1,3,0.007851800008211285,2,0,False,20
20260809,train,g010nm_cooling_high_nominal,10.0,N1,4,0.004090100002940744,2,0,False,20
20260809,train,g010nm_cooling_high_nominal,10.0,N1,5,0.0030454000225290656,2,0,False,20
20260809,train,g010nm_cooling_high_nominal,10.0,N1,6,0.0031201000092551112,2,0,False,20
20260809,train,g010nm_cooling_high_nominal,10.0,N1,7,0.007540099992183968,2,0,False,20
20260809,train,g010nm_cooling_high_nominal,10.0,N1,8,0.0034198999928776175,2,0,False,20
20260809,train,g010nm_cooling_high_nominal,10.0,N1,9,0.002820199995767325,2,0,False,20
20260809,train,g010nm_cooling_high_nominal,10.0,N1,10,0.004651099996408448,2,0,False,20
20260809,train,g010nm_cooling_high_nominal,10.0,N1,11,0.006860699999378994,2,0,False,20
20260809,train,g010nm_cooling_high_nominal,10.0,N1,12,0.0030758999928366393,2,0,False,20
20260809,train,g010nm_cooling_high_nominal,10.0,N1,13,0.003366799996001646,2,0,False,20
20260809,train,g010nm_cooling_high_nominal,10.0,N1,14,0.00713240000186488,2,0,False,20
20260809,train,g010nm_cooling_high_nominal,10.0,N1,15,0.004374899988761172,2,0,False,20
20260809,train,g010nm_cooling_high_nominal,10.0,N1,16,0.002975400013383478,2,0,False,20
20260809,train,g010nm_cooling_high_nominal,10.0,N1,17,0.004037600010633469,2,0,False,20
20260809,train,g010nm_cooling_high_nominal,10.0,N1,18,0.006093499978305772,2,0,False,20
20260809,train,g010nm_cooling_high_nominal,10.0,N1,19,0.0033989000075962394,2,0,False,20
20260809,train,g010nm_cooling_high_nominal,10.0,N2,0,0.010746600019047037,4,0,False,20
20260809,train,g010nm_cooling_high_nominal,10.0,N2,1,0.0063131000206340104,4,0,False,20
20260809,train,g010nm_cooling_high_nominal,10.0,N2,2,0.00968670001020655,4,0,False,20
20260809,train,g010nm_cooling_high_nominal,10.0,N2,3,0.005768099974375218,4,0,False,20
20260809,train,g010nm_cooling_high_nominal,10.0,N2,4,0.010982599982526153,4,0,False,20
20260809,train,g010nm_cooling_high_nominal,10.0,N2,5,0.0055708000145386904,4,0,False,20
20260809,train,g010nm_cooling_high_nominal,10.0,N2,6,0.010429899994051084,4,0,False,20
20260809,train,g010nm_cooling_high_nominal,10.0,N2,7,0.005477600003359839,4,0,False,20
20260809,train,g010nm_cooling_high_nominal,10.0,N2,8,0.01462650002213195,4,0,False,20
20260809,train,g010nm_cooling_high_nominal,10.0,N2,9,0.016738300008000806,4,0,False,20
20260809,train,g010nm_cooling_high_nominal,10.0,N2,10,0.012019499990856275,4,0,False,20
20260809,train,g010nm_cooling_high_nominal,10.0,N2,11,0.009638499992433935,4,0,False,20
20260809,train,g010nm_cooling_high_nominal,10.0,N2,12,0.012688999995589256,4,0,False,20
20260809,train,g010nm_cooling_high_nominal,10.0,N2,13,0.012326700001722202,4,0,False,20
20260809,train,g010nm_cooling_high_nominal,10.0,N2,14,0.006607299990719184,4,0,False,20
20260809,train,g010nm_cooling_high_nominal,10.0,N2,15,0.012160699989181012,4,0,False,20
20260809,train,g010nm_cooling_high_nominal,10.0,N2,16,0.011632199981249869,4,0,False,20
20260809,train,g010nm_cooling_high_nominal,10.0,N2,17,0.008443300001090392,4,0,False,20
20260809,train,g010nm_cooling_high_nominal,10.0,N2,18,0.012119099992560223,4,0,False,20
20260809,train,g010nm_cooling_high_nominal,10.0,N2,19,0.01296389999333769,4,0,False,20
20260809,train,g010nm_cooling_low_localized-sink,10.0,N0,0,0.002670599991688505,1,0,False,20
20260809,train,g010nm_cooling_low_localized-sink,10.0,N0,1,0.0025974000163841993,1,0,False,20
20260809,train,g010nm_cooling_low_localized-sink,10.0,N0,2,0.002813400002196431,1,0,False,20
20260809,train,g010nm_cooling_low_localized-sink,10.0,N0,3,0.0040385999891441315,1,0,False,20
20260809,train,g010nm_cooling_low_localized-sink,10.0,N0,4,0.00322400001459755,1,0,False,20
20260809,train,g010nm_cooling_low_localized-sink,10.0,N0,5,0.0023370000126305968,1,0,False,20
20260809,train,g010nm_cooling_low_localized-sink,10.0,N0,6,0.0023876000195741653,1,0,False,20
20260809,train,g010nm_cooling_low_localized-sink,10.0,N0,7,0.0023734999995213,1,0,False,20
20260809,train,g010nm_cooling_low_localized-sink,10.0,N0,8,0.002546000003349036,1,0,False,20
20260809,train,g010nm_cooling_low_localized-sink,10.0,N0,9,0.002984099992318079,1,0,False,20
20260809,train,g010nm_cooling_low_localized-sink,10.0,N0,10,0.002454300003591925,1,0,False,20
20260809,train,g010nm_cooling_low_localized-sink,10.0,N0,11,0.0022406000061891973,1,0,False,20
20260809,train,g010nm_cooling_low_localized-sink,10.0,N0,12,0.005565200001001358,1,0,False,20
20260809,train,g010nm_cooling_low_localized-sink,10.0,N0,13,0.019993900001281872,1,0,False,20
20260809,train,g010nm_cooling_low_localized-sink,10.0,N0,14,0.00645379998604767,1,0,False,20
20260809,train,g010nm_cooling_low_localized-sink,10.0,N0,15,0.003709400014486164,1,0,False,20
20260809,train,g010nm_cooling_low_localized-sink,10.0,N0,16,0.0027042000147048384,1,0,False,20
20260809,train,g010nm_cooling_low_localized-sink,10.0,N0,17,0.0023834999883547425,1,0,False,20
20260809,train,g010nm_cooling_low_localized-sink,10.0,N0,18,0.0033029999758582562,1,0,False,20
20260809,train,g010nm_cooling_low_localized-sink,10.0,N0,19,0.002926299988757819,1,0,False,20
20260809,train,g010nm_cooling_low_localized-sink,10.0,N1,0,0.003082899987930432,2,0,False,20
20260809,train,g010nm_cooling_low_localized-sink,10.0,N1,1,0.0029396000027190894,2,0,False,20
20260809,train,g010nm_cooling_low_localized-sink,10.0,N1,2,0.0038148000021465123,2,0,False,20
20260809,train,g010nm_cooling_low_localized-sink,10.0,N1,3,0.0072358000034000725,2,0,False,20
20260809,train,g010nm_cooling_low_localized-sink,10.0,N1,4,0.00343290000455454,2,0,False,20
20260809,train,g010nm_cooling_low_localized-sink,10.0,N1,5,0.003373800020199269,2,0,False,20
20260809,train,g010nm_cooling_low_localized-sink,10.0,N1,6,0.007440699992002919,2,0,False,20
20260809,train,g010nm_cooling_low_localized-sink,10.0,N1,7,0.0034974000009242445,2,0,False,20
20260809,train,g010nm_cooling_low_localized-sink,10.0,N1,8,0.0033004999859258533,2,0,False,20
20260809,train,g010nm_cooling_low_localized-sink,10.0,N1,9,0.0036007000016979873,2,0,False,20
20260809,train,g010nm_cooling_low_localized-sink,10.0,N1,10,0.005351400002837181,2,0,False,20
20260809,train,g010nm_cooling_low_localized-sink,10.0,N1,11,0.003252700000302866,2,0,False,20
20260809,train,g010nm_cooling_low_localized-sink,10.0,N1,12,0.00315579999005422,2,0,False,20
20260809,train,g010nm_cooling_low_localized-sink,10.0,N1,13,0.0031521999917458743,2,0,False,20
20260809,train,g010nm_cooling_low_localized-sink,10.0,N1,14,0.006593400001293048,2,0,False,20
20260809,train,g010nm_cooling_low_localized-sink,10.0,N1,15,0.003450199990766123,2,0,False,20
20260809,train,g010nm_cooling_low_localized-sink,10.0,N1,16,0.0030734000029042363,2,0,False,20
20260809,train,g010nm_cooling_low_localized-sink,10.0,N1,17,0.0036749999853782356,2,0,False,20
20260809,train,g010nm_cooling_low_localized-sink,10.0,N1,18,0.007124299998395145,2,0,False,20
20260809,train,g010nm_cooling_low_localized-sink,10.0,N1,19,0.0031809999782126397,2,0,False,20
20260809,train,g010nm_cooling_low_localized-sink,10.0,N2,0,0.010361399996327236,4,0,False,20
20260809,train,g010nm_cooling_low_localized-sink,10.0,N2,1,0.00788210000609979,4,0,False,20
20260809,train,g010nm_cooling_low_localized-sink,10.0,N2,2,0.009181300003547221,4,0,False,20
20260809,train,g010nm_cooling_low_localized-sink,10.0,N2,3,0.006154400005470961,4,0,False,20
20260809,train,g010nm_cooling_low_localized-sink,10.0,N2,4,0.0072568999894429,4,0,False,20
20260809,train,g010nm_cooling_low_localized-sink,10.0,N2,5,0.006520000024465844,4,0,False,20
20260809,train,g010nm_cooling_low_localized-sink,10.0,N2,6,0.006916000013006851,4,0,False,20
20260809,train,g010nm_cooling_low_localized-sink,10.0,N2,7,0.011171999998623505,4,0,False,20
20260809,train,g010nm_cooling_low_localized-sink,10.0,N2,8,0.011030399997252971,4,0,False,20
20260809,train,g010nm_cooling_low_localized-sink,10.0,N2,9,0.008178599993698299,4,0,False,20
20260809,train,g010nm_cooling_low_localized-sink,10.0,N2,10,0.008874499995727092,4,0,False,20
20260809,train,g010nm_cooling_low_localized-sink,10.0,N2,11,0.007189199997810647,4,0,False,20
20260809,train,g010nm_cooling_low_localized-sink,10.0,N2,12,0.006777500006137416,4,0,False,20
20260809,train,g010nm_cooling_low_localized-sink,10.0,N2,13,0.008246799989137799,4,0,False,20
20260809,train,g010nm_cooling_low_localized-sink,10.0,N2,14,0.006818800000473857,4,0,False,20
20260809,train,g010nm_cooling_low_localized-sink,10.0,N2,15,0.009203099994920194,4,0,False,20
20260809,train,g010nm_cooling_low_localized-sink,10.0,N2,16,0.00620639999397099,4,0,False,20
20260809,train,g010nm_cooling_low_localized-sink,10.0,N2,17,0.014447900000959635,4,0,False,20
20260809,train,g010nm_cooling_low_localized-sink,10.0,N2,18,0.0120603000104893,4,0,False,20
20260809,train,g010nm_cooling_low_localized-sink,10.0,N2,19,0.006344499997794628,4,0,False,20
20260809,train,g010nm_cooling_low_nominal,10.0,N0,0,0.002222000010078773,1,0,False,20
20260809,train,g010nm_cooling_low_nominal,10.0,N0,1,0.002186700003221631,1,0,False,20
20260809,train,g010nm_cooling_low_nominal,10.0,N0,2,0.0034355000243522227,1,0,False,20
20260809,train,g010nm_cooling_low_nominal,10.0,N0,3,0.0027660000196192414,1,0,False,20
20260809,train,g010nm_cooling_low_nominal,10.0,N0,4,0.002351800008909777,1,0,False,20
20260809,train,g010nm_cooling_low_nominal,10.0,N0,5,0.00227580001228489,1,0,False,20
20260809,train,g010nm_cooling_low_nominal,10.0,N0,6,0.0022249000030569732,1,0,False,20
20260809,train,g010nm_cooling_low_nominal,10.0,N0,7,0.002246699994429946,1,0,False,20
20260809,train,g010nm_cooling_low_nominal,10.0,N0,8,0.0034435999987181276,1,0,False,20
20260809,train,g010nm_cooling_low_nominal,10.0,N0,9,0.004141999990679324,1,0,False,20
20260809,train,g010nm_cooling_low_nominal,10.0,N0,10,0.002608199982205406,1,0,False,20
20260809,train,g010nm_cooling_low_nominal,10.0,N0,11,0.002381400001468137,1,0,False,20
20260809,train,g010nm_cooling_low_nominal,10.0,N0,12,0.0024587000079918653,1,0,False,20
20260809,train,g010nm_cooling_low_nominal,10.0,N0,13,0.0026772000128403306,1,0,False,20
20260809,train,g010nm_cooling_low_nominal,10.0,N0,14,0.003173900011461228,1,0,False,20
20260809,train,g010nm_cooling_low_nominal,10.0,N0,15,0.0026971999905072153,1,0,False,20
20260809,train,g010nm_cooling_low_nominal,10.0,N0,16,0.002375699987169355,1,0,False,20
20260809,train,g010nm_cooling_low_nominal,10.0,N0,17,0.0022644000127911568,1,0,False,20
20260809,train,g010nm_cooling_low_nominal,10.0,N0,18,0.002185900026233867,1,0,False,20
20260809,train,g010nm_cooling_low_nominal,10.0,N0,19,0.0022280999983195215,1,0,False,20
20260809,train,g010nm_cooling_low_nominal,10.0,N1,0,0.0031811000080779195,2,0,False,20
20260809,train,g010nm_cooling_low_nominal,10.0,N1,1,0.0038855000166222453,2,0,False,20
20260809,train,g010nm_cooling_low_nominal,10.0,N1,2,0.003589200001442805,2,0,False,20
20260809,train,g010nm_cooling_low_nominal,10.0,N1,3,0.0031285000150091946,2,0,False,20
20260809,train,g010nm_cooling_low_nominal,10.0,N1,4,0.0034924000210594386,2,0,False,20
20260809,train,g010nm_cooling_low_nominal,10.0,N1,5,0.0029218000127002597,2,0,False,20
20260809,train,g010nm_cooling_low_nominal,10.0,N1,6,0.0031562999938614666,2,0,False,20
20260809,train,g010nm_cooling_low_nominal,10.0,N1,7,0.005040000018198043,2,0,False,20
20260809,train,g010nm_cooling_low_nominal,10.0,N1,8,0.0046685000124853104,2,0,False,20
20260809,train,g010nm_cooling_low_nominal,10.0,N1,9,0.003985899995313957,2,0,False,20
20260809,train,g010nm_cooling_low_nominal,10.0,N1,10,0.003410100005567074,2,0,False,20
20260809,train,g010nm_cooling_low_nominal,10.0,N1,11,0.005460999993374571,2,0,False,20
20260809,train,g010nm_cooling_low_nominal,10.0,N1,12,0.009292000002460554,2,0,False,20
20260809,train,g010nm_cooling_low_nominal,10.0,N1,13,0.007356900023296475,2,0,False,20
20260809,train,g010nm_cooling_low_nominal,10.0,N1,14,0.010815999994520098,2,0,False,20
20260809,train,g010nm_cooling_low_nominal,10.0,N1,15,0.004935900011332706,2,0,False,20
20260809,train,g010nm_cooling_low_nominal,10.0,N1,16,0.008149700006470084,2,0,False,20
20260809,train,g010nm_cooling_low_nominal,10.0,N1,17,0.013238999992609024,2,0,False,20
20260809,train,g010nm_cooling_low_nominal,10.0,N1,18,0.014364800008479506,2,0,False,20
20260809,train,g010nm_cooling_low_nominal,10.0,N1,19,0.013932300003943965,2,0,False,20
20260809,train,g010nm_cooling_low_nominal,10.0,N2,0,0.026308600004995242,4,0,False,20
20260809,train,g010nm_cooling_low_nominal,10.0,N2,1,0.022838099976070225,4,0,False,20
20260809,train,g010nm_cooling_low_nominal,10.0,N2,2,0.024730199977057055,4,0,False,20
20260809,train,g010nm_cooling_low_nominal,10.0,N2,3,0.019930899987230077,4,0,False,20
20260809,train,g010nm_cooling_low_nominal,10.0,N2,4,0.016798700002254918,4,0,False,20
20260809,train,g010nm_cooling_low_nominal,10.0,N2,5,0.017701100005069748,4,0,False,20
20260809,train,g010nm_cooling_low_nominal,10.0,N2,6,0.021777000016300008,4,0,False,20
20260809,train,g010nm_cooling_low_nominal,10.0,N2,7,0.02707360000931658,4,0,False,20
20260809,train,g010nm_cooling_low_nominal,10.0,N2,8,0.018145800015190616,4,0,False,20
20260809,train,g010nm_cooling_low_nominal,10.0,N2,9,0.017650100024184212,4,0,False,20
20260809,train,g010nm_cooling_low_nominal,10.0,N2,10,0.02503029999206774,4,0,False,20
20260809,train,g010nm_cooling_low_nominal,10.0,N2,11,0.04654429998481646,4,0,False,20
20260809,train,g010nm_cooling_low_nominal,10.0,N2,12,0.03212009998969734,4,0,False,20
20260809,train,g010nm_cooling_low_nominal,10.0,N2,13,0.01452260001678951,4,0,False,20
20260809,train,g010nm_cooling_low_nominal,10.0,N2,14,0.019760900002438575,4,0,False,20
20260809,train,g010nm_cooling_low_nominal,10.0,N2,15,0.021181299991440028,4,0,False,20
20260809,train,g010nm_cooling_low_nominal,10.0,N2,16,0.011591599992243573,4,0,False,20
20260809,train,g010nm_cooling_low_nominal,10.0,N2,17,0.01454329999978654,4,0,False,20
20260809,train,g010nm_cooling_low_nominal,10.0,N2,18,0.014271399995777756,4,0,False,20
20260809,train,g010nm_cooling_low_nominal,10.0,N2,19,0.014062100002774969,4,0,False,20
20260809,train,g010nm_cooling_near-transition_localized-sink,10.0,N0,0,0.004469000006793067,1,0,False,20
20260809,train,g010nm_cooling_near-transition_localized-sink,10.0,N0,1,0.0031755999953020364,1,0,False,20
20260809,train,g010nm_cooling_near-transition_localized-sink,10.0,N0,2,0.0036404999846126884,1,0,False,20
20260809,train,g010nm_cooling_near-transition_localized-sink,10.0,N0,3,0.00984230000176467,1,0,False,20
20260809,train,g010nm_cooling_near-transition_localized-sink,10.0,N0,4,0.004708399996161461,1,0,False,20
20260809,train,g010nm_cooling_near-transition_localized-sink,10.0,N0,5,0.004123899998376146,1,0,False,20
20260809,train,g010nm_cooling_near-transition_localized-sink,10.0,N0,6,0.005369499995140359,1,0,False,20
20260809,train,g010nm_cooling_near-transition_localized-sink,10.0,N0,7,0.003343699994729832,1,0,False,20
20260809,train,g010nm_cooling_near-transition_localized-sink,10.0,N0,8,0.0029961000254843384,1,0,False,20
20260809,train,g010nm_cooling_near-transition_localized-sink,10.0,N0,9,0.003321299998788163,1,0,False,20
20260809,train,g010nm_cooling_near-transition_localized-sink,10.0,N0,10,0.004035599995404482,1,0,False,20
20260809,train,g010nm_cooling_near-transition_localized-sink,10.0,N0,11,0.00543160000233911,1,0,False,20
20260809,train,g010nm_cooling_near-transition_localized-sink,10.0,N0,12,0.0027151000103913248,1,0,False,20
20260809,train,g010nm_cooling_near-transition_localized-sink,10.0,N0,13,0.004037800012156367,1,0,False,20
20260809,train,g010nm_cooling_near-transition_localized-sink,10.0,N0,14,0.004938400001265109,1,0,False,20
20260809,train,g010nm_cooling_near-transition_localized-sink,10.0,N0,15,0.004134399991016835,1,0,False,20
20260809,train,g010nm_cooling_near-transition_localized-sink,10.0,N0,16,0.0041893999732565135,1,0,False,20
20260809,train,g010nm_cooling_near-transition_localized-sink,10.0,N0,17,0.00302689999807626,1,0,False,20
20260809,train,g010nm_cooling_near-transition_localized-sink,10.0,N0,18,0.002975199982756749,1,0,False,20
20260809,train,g010nm_cooling_near-transition_localized-sink,10.0,N0,19,0.003777599980821833,1,0,False,20
20260809,train,g010nm_cooling_near-transition_localized-sink,10.0,N1,0,0.0035988999879918993,2,0,False,20
20260809,train,g010nm_cooling_near-transition_localized-sink,10.0,N1,1,0.0032063999969977885,2,0,False,20
20260809,train,g010nm_cooling_near-transition_localized-sink,10.0,N1,2,0.003709599986905232,2,0,False,20
20260809,train,g010nm_cooling_near-transition_localized-sink,10.0,N1,3,0.0036776999768335372,2,0,False,20
20260809,train,g010nm_cooling_near-transition_localized-sink,10.0,N1,4,0.004658799996832386,2,0,False,20
20260809,train,g010nm_cooling_near-transition_localized-sink,10.0,N1,5,0.003780699975322932,2,0,False,20
20260809,train,g010nm_cooling_near-transition_localized-sink,10.0,N1,6,0.003906600002665073,2,0,False,20
20260809,train,g010nm_cooling_near-transition_localized-sink,10.0,N1,7,0.00534109998261556,2,0,False,20
20260809,train,g010nm_cooling_near-transition_localized-sink,10.0,N1,8,0.008172800007741898,2,0,False,20
20260809,train,g010nm_cooling_near-transition_localized-sink,10.0,N1,9,0.008899300009943545,2,0,False,20
20260809,train,g010nm_cooling_near-transition_localized-sink,10.0,N1,10,0.0042388000001665205,2,0,False,20
20260809,train,g010nm_cooling_near-transition_localized-sink,10.0,N1,11,0.0035783000057563186,2,0,False,20
20260809,train,g010nm_cooling_near-transition_localized-sink,10.0,N1,12,0.004210100014461204,2,0,False,20
20260809,train,g010nm_cooling_near-transition_localized-sink,10.0,N1,13,0.00591599999461323,2,0,False,20
20260809,train,g010nm_cooling_near-transition_localized-sink,10.0,N1,14,0.0034512999991420656,2,0,False,20
20260809,train,g010nm_cooling_near-transition_localized-sink,10.0,N1,15,0.003282199992099777,2,0,False,20
20260809,train,g010nm_cooling_near-transition_localized-sink,10.0,N1,16,0.0038592999917455018,2,0,False,20
20260809,train,g010nm_cooling_near-transition_localized-sink,10.0,N1,17,0.0050475000170990825,2,0,False,20
20260809,train,g010nm_cooling_near-transition_localized-sink,10.0,N1,18,0.0032487999997101724,2,0,False,20
20260809,train,g010nm_cooling_near-transition_localized-sink,10.0,N1,19,0.003293200017651543,2,0,False,20
20260809,train,g010nm_cooling_near-transition_localized-sink,10.0,N2,0,0.06678210000973195,4,0,False,20
20260809,train,g010nm_cooling_near-transition_localized-sink,10.0,N2,1,0.010016900021582842,4,0,False,20
20260809,train,g010nm_cooling_near-transition_localized-sink,10.0,N2,2,0.009687000012490898,4,0,False,20
20260809,train,g010nm_cooling_near-transition_localized-sink,10.0,N2,3,0.0130217999976594,4,0,False,20
20260809,train,g010nm_cooling_near-transition_localized-sink,10.0,N2,4,0.007823499996447936,4,0,False,20
20260809,train,g010nm_cooling_near-transition_localized-sink,10.0,N2,5,0.007779699983075261,4,0,False,20
20260809,train,g010nm_cooling_near-transition_localized-sink,10.0,N2,6,0.007164900016505271,4,0,False,20
20260809,train,g010nm_cooling_near-transition_localized-sink,10.0,N2,7,0.007146300020394847,4,0,False,20
20260809,train,g010nm_cooling_near-transition_localized-sink,10.0,N2,8,0.009221100015565753,4,0,False,20
20260809,train,g010nm_cooling_near-transition_localized-sink,10.0,N2,9,0.011588900000788271,4,0,False,20
20260809,train,g010nm_cooling_near-transition_localized-sink,10.0,N2,10,0.008165699982782826,4,0,False,20
20260809,train,g010nm_cooling_near-transition_localized-sink,10.0,N2,11,0.008547999983420596,4,0,False,20
20260809,train,g010nm_cooling_near-transition_localized-sink,10.0,N2,12,0.006048100010957569,4,0,False,20
20260809,train,g010nm_cooling_near-transition_localized-sink,10.0,N2,13,0.011652400018647313,4,0,False,20
20260809,train,g010nm_cooling_near-transition_localized-sink,10.0,N2,14,0.006852000020444393,4,0,False,20
20260809,train,g010nm_cooling_near-transition_localized-sink,10.0,N2,15,0.008164099999703467,4,0,False,20
20260809,train,g010nm_cooling_near-transition_localized-sink,10.0,N2,16,0.005923299991991371,4,0,False,20
20260809,train,g010nm_cooling_near-transition_localized-sink,10.0,N2,17,0.008602399990195408,4,0,False,20
20260809,train,g010nm_cooling_near-transition_localized-sink,10.0,N2,18,0.006154799979412928,4,0,False,20
20260809,train,g010nm_cooling_near-transition_localized-sink,10.0,N2,19,0.007430900004692376,4,0,False,20
20260809,train,g010nm_cooling_near-transition_nominal,10.0,N0,0,0.002302300010342151,1,0,False,20
20260809,train,g010nm_cooling_near-transition_nominal,10.0,N0,1,0.004679100005887449,1,0,False,20
20260809,train,g010nm_cooling_near-transition_nominal,10.0,N0,2,0.003984300012234598,1,0,False,20
20260809,train,g010nm_cooling_near-transition_nominal,10.0,N0,3,0.002347699977690354,1,0,False,20
20260809,train,g010nm_cooling_near-transition_nominal,10.0,N0,4,0.0021647000103257596,1,0,False,20
20260809,train,g010nm_cooling_near-transition_nominal,10.0,N0,5,0.0021103000035509467,1,0,False,20
20260809,train,g010nm_cooling_near-transition_nominal,10.0,N0,6,0.0022464999929070473,1,0,False,20
20260809,train,g010nm_cooling_near-transition_nominal,10.0,N0,7,0.002728199993725866,1,0,False,20
20260809,train,g010nm_cooling_near-transition_nominal,10.0,N0,8,0.0029888999997638166,1,0,False,20
20260809,train,g010nm_cooling_near-transition_nominal,10.0,N0,9,0.002297400002134964,1,0,False,20
20260809,train,g010nm_cooling_near-transition_nominal,10.0,N0,10,0.002112400019541383,1,0,False,20
20260809,train,g010nm_cooling_near-transition_nominal,10.0,N0,11,0.0020250999950803816,1,0,False,20
20260809,train,g010nm_cooling_near-transition_nominal,10.0,N0,12,0.0024335999914910644,1,0,False,20
20260809,train,g010nm_cooling_near-transition_nominal,10.0,N0,13,0.002308800001628697,1,0,False,20
20260809,train,g010nm_cooling_near-transition_nominal,10.0,N0,14,0.003089300007559359,1,0,False,20
20260809,train,g010nm_cooling_near-transition_nominal,10.0,N0,15,0.0026005000108852983,1,0,False,20
20260809,train,g010nm_cooling_near-transition_nominal,10.0,N0,16,0.0021647000103257596,1,0,False,20
20260809,train,g010nm_cooling_near-transition_nominal,10.0,N0,17,0.0020724000059999526,1,0,False,20
20260809,train,g010nm_cooling_near-transition_nominal,10.0,N0,18,0.002062999992631376,1,0,False,20
20260809,train,g010nm_cooling_near-transition_nominal,10.0,N0,19,0.0021444000012706965,1,0,False,20
20260809,train,g010nm_cooling_near-transition_nominal,10.0,N1,0,0.003285099985077977,2,0,False,20
20260809,train,g010nm_cooling_near-transition_nominal,10.0,N1,1,0.0027658999897539616,2,0,False,20
20260809,train,g010nm_cooling_near-transition_nominal,10.0,N1,2,0.002635899989400059,2,0,False,20
20260809,train,g010nm_cooling_near-transition_nominal,10.0,N1,3,0.0027172999980393797,2,0,False,20
20260809,train,g010nm_cooling_near-transition_nominal,10.0,N1,4,0.0029258000140544027,2,0,False,20
20260809,train,g010nm_cooling_near-transition_nominal,10.0,N1,5,0.0041566000145394355,2,0,False,20
20260809,train,g010nm_cooling_near-transition_nominal,10.0,N1,6,0.0032469999860040843,2,0,False,20
20260809,train,g010nm_cooling_near-transition_nominal,10.0,N1,7,0.0025852999824564904,2,0,False,20
20260809,train,g010nm_cooling_near-transition_nominal,10.0,N1,8,0.0028918000170961022,2,0,False,20
20260809,train,g010nm_cooling_near-transition_nominal,10.0,N1,9,0.0034616000193636864,2,0,False,20
20260809,train,g010nm_cooling_near-transition_nominal,10.0,N1,10,0.0028335000097285956,2,0,False,20
20260809,train,g010nm_cooling_near-transition_nominal,10.0,N1,11,0.0035339999885763973,2,0,False,20
20260809,train,g010nm_cooling_near-transition_nominal,10.0,N1,12,0.002838099986547604,2,0,False,20
20260809,train,g010nm_cooling_near-transition_nominal,10.0,N1,13,0.004107200016733259,2,0,False,20
20260809,train,g010nm_cooling_near-transition_nominal,10.0,N1,14,0.003070500009926036,2,0,False,20
20260809,train,g010nm_cooling_near-transition_nominal,10.0,N1,15,0.0027390999894123524,2,0,False,20
20260809,train,g010nm_cooling_near-transition_nominal,10.0,N1,16,0.003180700005032122,2,0,False,20
20260809,train,g010nm_cooling_near-transition_nominal,10.0,N1,17,0.0028520000050775707,2,0,False,20
20260809,train,g010nm_cooling_near-transition_nominal,10.0,N1,18,0.00290099999983795,2,0,False,20
20260809,train,g010nm_cooling_near-transition_nominal,10.0,N1,19,0.0028260000108275563,2,0,False,20
20260809,train,g010nm_cooling_near-transition_nominal,10.0,N2,0,0.006472599983680993,4,0,False,20
20260809,train,g010nm_cooling_near-transition_nominal,10.0,N2,1,0.005631299980450422,4,0,False,20
20260809,train,g010nm_cooling_near-transition_nominal,10.0,N2,2,0.006797999987611547,4,0,False,20
20260809,train,g010nm_cooling_near-transition_nominal,10.0,N2,3,0.0065771999943535775,4,0,False,20
20260809,train,g010nm_cooling_near-transition_nominal,10.0,N2,4,0.0064894999959506094,4,0,False,20
20260809,train,g010nm_cooling_near-transition_nominal,10.0,N2,5,0.008517199981724843,4,0,False,20
20260809,train,g010nm_cooling_near-transition_nominal,10.0,N2,6,0.005041500000515953,4,0,False,20
20260809,train,g010nm_cooling_near-transition_nominal,10.0,N2,7,0.0069598999980371445,4,0,False,20
20260809,train,g010nm_cooling_near-transition_nominal,10.0,N2,8,0.005301499972119927,4,0,False,20
20260809,train,g010nm_cooling_near-transition_nominal,10.0,N2,9,0.00495889998273924,4,0,False,20
20260809,train,g010nm_cooling_near-transition_nominal,10.0,N2,10,0.007731999998213723,4,0,False,20
20260809,train,g010nm_cooling_near-transition_nominal,10.0,N2,11,0.006348099996102974,4,0,False,20
20260809,train,g010nm_cooling_near-transition_nominal,10.0,N2,12,0.007897699979366735,4,0,False,20
20260809,train,g010nm_cooling_near-transition_nominal,10.0,N2,13,0.009190599987050518,4,0,False,20
20260809,train,g010nm_cooling_near-transition_nominal,10.0,N2,14,0.011111300002085045,4,0,False,20
20260809,train,g010nm_cooling_near-transition_nominal,10.0,N2,15,0.006139400007668883,4,0,False,20
20260809,train,g010nm_cooling_near-transition_nominal,10.0,N2,16,0.00811180000891909,4,0,False,20
20260809,train,g010nm_cooling_near-transition_nominal,10.0,N2,17,0.005574199982220307,4,0,False,20
20260809,train,g010nm_cooling_near-transition_nominal,10.0,N2,18,0.005933400010690093,4,0,False,20
20260809,train,g010nm_cooling_near-transition_nominal,10.0,N2,19,0.009720100002596155,4,0,False,20
20260809,train,g010nm_heating_high_localized-sink,10.0,N0,0,0.003347999998368323,1,0,False,20
20260809,train,g010nm_heating_high_localized-sink,10.0,N0,1,0.00251429999480024,1,0,False,20
20260809,train,g010nm_heating_high_localized-sink,10.0,N0,2,0.002290300006279722,1,0,False,20
20260809,train,g010nm_heating_high_localized-sink,10.0,N0,3,0.0020810999849345535,1,0,False,20
20260809,train,g010nm_heating_high_localized-sink,10.0,N0,4,0.0021465000172611326,1,0,False,20
20260809,train,g010nm_heating_high_localized-sink,10.0,N0,5,0.002246699994429946,1,0,False,20
20260809,train,g010nm_heating_high_localized-sink,10.0,N0,6,0.0026609000051394105,1,0,False,20
20260809,train,g010nm_heating_high_localized-sink,10.0,N0,7,0.002716199989663437,1,0,False,20
20260809,train,g010nm_heating_high_localized-sink,10.0,N0,8,0.0023514999775215983,1,0,False,20
20260809,train,g010nm_heating_high_localized-sink,10.0,N0,9,0.0021317999926395714,1,0,False,20
20260809,train,g010nm_heating_high_localized-sink,10.0,N0,10,0.0021819999965373427,1,0,False,20
20260809,train,g010nm_heating_high_localized-sink,10.0,N0,11,0.0022455000143963844,1,0,False,20
20260809,train,g010nm_heating_high_localized-sink,10.0,N0,12,0.0020889000152237713,1,0,False,20
20260809,train,g010nm_heating_high_localized-sink,10.0,N0,13,0.002598999999463558,1,0,False,20
20260809,train,g010nm_heating_high_localized-sink,10.0,N0,14,0.00295429999823682,1,0,False,20
20260809,train,g010nm_heating_high_localized-sink,10.0,N0,15,0.0022852999973110855,1,0,False,20
20260809,train,g010nm_heating_high_localized-sink,10.0,N0,16,0.0021114999835845083,1,0,False,20
20260809,train,g010nm_heating_high_localized-sink,10.0,N0,17,0.002641099999891594,1,0,False,20
20260809,train,g010nm_heating_high_localized-sink,10.0,N0,18,0.0023452999885194004,1,0,False,20
20260809,train,g010nm_heating_high_localized-sink,10.0,N0,19,0.002162999997381121,1,0,False,20
20260809,train,g010nm_heating_high_localized-sink,10.0,N1,0,0.0033005000150296837,2,0,False,20
20260809,train,g010nm_heating_high_localized-sink,10.0,N1,1,0.004116500000236556,2,0,False,20
20260809,train,g010nm_heating_high_localized-sink,10.0,N1,2,0.00309209999977611,2,0,False,20
20260809,train,g010nm_heating_high_localized-sink,10.0,N1,3,0.0033205999934580177,2,0,False,20
20260809,train,g010nm_heating_high_localized-sink,10.0,N1,4,0.004362699983175844,2,0,False,20
20260809,train,g010nm_heating_high_localized-sink,10.0,N1,5,0.004313100012950599,2,0,False,20
20260809,train,g010nm_heating_high_localized-sink,10.0,N1,6,0.0029864000098314136,2,0,False,20
20260809,train,g010nm_heating_high_localized-sink,10.0,N1,7,0.0026578999822959304,2,0,False,20
20260809,train,g010nm_heating_high_localized-sink,10.0,N1,8,0.0034385000180918723,2,0,False,20
20260809,train,g010nm_heating_high_localized-sink,10.0,N1,9,0.003264300001319498,2,0,False,20
20260809,train,g010nm_heating_high_localized-sink,10.0,N1,10,0.003659000009065494,2,0,False,20
20260809,train,g010nm_heating_high_localized-sink,10.0,N1,11,0.00286100001540035,2,0,False,20
20260809,train,g010nm_heating_high_localized-sink,10.0,N1,12,0.0028695999935735017,2,0,False,20
20260809,train,g010nm_heating_high_localized-sink,10.0,N1,13,0.0035117999941576272,2,0,False,20
20260809,train,g010nm_heating_high_localized-sink,10.0,N1,14,0.0060418999928515404,2,0,False,20
20260809,train,g010nm_heating_high_localized-sink,10.0,N1,15,0.002979899989441037,2,0,False,20
20260809,train,g010nm_heating_high_localized-sink,10.0,N1,16,0.0029175999807193875,2,0,False,20
20260809,train,g010nm_heating_high_localized-sink,10.0,N1,17,0.002802600007271394,2,0,False,20
20260809,train,g010nm_heating_high_localized-sink,10.0,N1,18,0.003860299999359995,2,0,False,20
20260809,train,g010nm_heating_high_localized-sink,10.0,N1,19,0.0032700999872758985,2,0,False,20
20260809,train,g010nm_heating_high_localized-sink,10.0,N2,0,0.005929499980993569,4,0,False,20
20260809,train,g010nm_heating_high_localized-sink,10.0,N2,1,0.007455899991327897,4,0,False,20
20260809,train,g010nm_heating_high_localized-sink,10.0,N2,2,0.005519700003787875,4,0,False,20
20260809,train,g010nm_heating_high_localized-sink,10.0,N2,3,0.008919800020521507,4,0,False,20
20260809,train,g010nm_heating_high_localized-sink,10.0,N2,4,0.005710500001441687,4,0,False,20
20260809,train,g010nm_heating_high_localized-sink,10.0,N2,5,0.00724060001084581,4,0,False,20
20260809,train,g010nm_heating_high_localized-sink,10.0,N2,6,0.006183999998029321,4,0,False,20
20260809,train,g010nm_heating_high_localized-sink,10.0,N2,7,0.005565600004047155,4,0,False,20
20260809,train,g010nm_heating_high_localized-sink,10.0,N2,8,0.008272400009445846,4,0,False,20
20260809,train,g010nm_heating_high_localized-sink,10.0,N2,9,0.005671299993991852,4,0,False,20
20260809,train,g010nm_heating_high_localized-sink,10.0,N2,10,0.009856899996520951,4,0,False,20
20260809,train,g010nm_heating_high_localized-sink,10.0,N2,11,0.006088900001486763,4,0,False,20
20260809,train,g010nm_heating_high_localized-sink,10.0,N2,12,0.010186600004089996,4,0,False,20
20260809,train,g010nm_heating_high_localized-sink,10.0,N2,13,0.007110900012776256,4,0,False,20
20260809,train,g010nm_heating_high_localized-sink,10.0,N2,14,0.011196699982974678,4,0,False,20
20260809,train,g010nm_heating_high_localized-sink,10.0,N2,15,0.006411299982573837,4,0,False,20
20260809,train,g010nm_heating_high_localized-sink,10.0,N2,16,0.009398499998496845,4,0,False,20
20260809,train,g010nm_heating_high_localized-sink,10.0,N2,17,0.00569079999695532,4,0,False,20
20260809,train,g010nm_heating_high_localized-sink,10.0,N2,18,0.006995900010224432,4,0,False,20
20260809,train,g010nm_heating_high_localized-sink,10.0,N2,19,0.006385199987562373,4,0,False,20
20260809,train,g010nm_heating_high_nominal,10.0,N0,0,0.00330989999929443,1,0,False,20
20260809,train,g010nm_heating_high_nominal,10.0,N0,1,0.0021918000129517168,1,0,False,20
20260809,train,g010nm_heating_high_nominal,10.0,N0,2,0.0020844999817200005,1,0,False,20
20260809,train,g010nm_heating_high_nominal,10.0,N0,3,0.0020475999917834997,1,0,False,20
20260809,train,g010nm_heating_high_nominal,10.0,N0,4,0.002629700000397861,1,0,False,20
20260809,train,g010nm_heating_high_nominal,10.0,N0,5,0.0023453999892808497,1,0,False,20
20260809,train,g010nm_heating_high_nominal,10.0,N0,6,0.00310400000307709,1,0,False,20
20260809,train,g010nm_heating_high_nominal,10.0,N0,7,0.0028027999796904624,1,0,False,20
20260809,train,g010nm_heating_high_nominal,10.0,N0,8,0.002194700005929917,1,0,False,20
20260809,train,g010nm_heating_high_nominal,10.0,N0,9,0.002065599983325228,1,0,False,20
20260809,train,g010nm_heating_high_nominal,10.0,N0,10,0.002369800000451505,1,0,False,20
20260809,train,g010nm_heating_high_nominal,10.0,N0,11,0.002101499994751066,1,0,False,20
20260809,train,g010nm_heating_high_nominal,10.0,N0,12,0.002046300010988489,1,0,False,20
20260809,train,g010nm_heating_high_nominal,10.0,N0,13,0.0030146999924909323,1,0,False,20
20260809,train,g010nm_heating_high_nominal,10.0,N0,14,0.0025491999986115843,1,0,False,20
20260809,train,g010nm_heating_high_nominal,10.0,N0,15,0.0021600000036414713,1,0,False,20
20260809,train,g010nm_heating_high_nominal,10.0,N0,16,0.0021992999827489257,1,0,False,20
20260809,train,g010nm_heating_high_nominal,10.0,N0,17,0.00257349997991696,1,0,False,20
20260809,train,g010nm_heating_high_nominal,10.0,N0,18,0.002066300017759204,1,0,False,20
20260809,train,g010nm_heating_high_nominal,10.0,N0,19,0.0020087999873794615,1,0,False,20
20260809,train,g010nm_heating_high_nominal,10.0,N1,0,0.0032811000128276646,2,0,False,20
20260809,train,g010nm_heating_high_nominal,10.0,N1,1,0.0028664999990724027,2,0,False,20
20260809,train,g010nm_heating_high_nominal,10.0,N1,2,0.0026202000153716654,2,0,False,20
20260809,train,g010nm_heating_high_nominal,10.0,N1,3,0.002558900014264509,2,0,False,20
20260809,train,g010nm_heating_high_nominal,10.0,N1,4,0.002724499994656071,2,0,False,20
20260809,train,g010nm_heating_high_nominal,10.0,N1,5,0.003424599999561906,2,0,False,20
20260809,train,g010nm_heating_high_nominal,10.0,N1,6,0.0026888000138569623,2,0,False,20
20260809,train,g010nm_heating_high_nominal,10.0,N1,7,0.0035321000032126904,2,0,False,20
20260809,train,g010nm_heating_high_nominal,10.0,N1,8,0.0027611000114120543,2,0,False,20
20260809,train,g010nm_heating_high_nominal,10.0,N1,9,0.0026443999959155917,2,0,False,20
20260809,train,g010nm_heating_high_nominal,10.0,N1,10,0.0032190000056289136,2,0,False,20
20260809,train,g010nm_heating_high_nominal,10.0,N1,11,0.0033890999911818653,2,0,False,20
20260809,train,g010nm_heating_high_nominal,10.0,N1,12,0.003296900016721338,2,0,False,20
20260809,train,g010nm_heating_high_nominal,10.0,N1,13,0.003147700015688315,2,0,False,20
20260809,train,g010nm_heating_high_nominal,10.0,N1,14,0.002959899982670322,2,0,False,20
20260809,train,g010nm_heating_high_nominal,10.0,N1,15,0.0039000000106170774,2,0,False,20
20260809,train,g010nm_heating_high_nominal,10.0,N1,16,0.003912599990144372,2,0,False,20
20260809,train,g010nm_heating_high_nominal,10.0,N1,17,0.0031999000057112426,2,0,False,20
20260809,train,g010nm_heating_high_nominal,10.0,N1,18,0.0029055999766569585,2,0,False,20
20260809,train,g010nm_heating_high_nominal,10.0,N1,19,0.0029018000059295446,2,0,False,20
20260809,train,g010nm_heating_high_nominal,10.0,N2,0,0.005836199998157099,4,0,False,20
20260809,train,g010nm_heating_high_nominal,10.0,N2,1,0.007866800006013364,4,0,False,20
20260809,train,g010nm_heating_high_nominal,10.0,N2,2,0.005624899989925325,4,0,False,20
20260809,train,g010nm_heating_high_nominal,10.0,N2,3,0.005468899995321408,4,0,False,20
20260809,train,g010nm_heating_high_nominal,10.0,N2,4,0.00767619998077862,4,0,False,20
20260809,train,g010nm_heating_high_nominal,10.0,N2,5,0.00563899998087436,4,0,False,20
20260809,train,g010nm_heating_high_nominal,10.0,N2,6,0.009110799990594387,4,0,False,20
20260809,train,g010nm_heating_high_nominal,10.0,N2,7,0.011770399985834956,4,0,False,20
20260809,train,g010nm_heating_high_nominal,10.0,N2,8,0.011850799986859784,4,0,False,20
20260809,train,g010nm_heating_high_nominal,10.0,N2,9,0.008275000000139698,4,0,False,20
20260809,train,g010nm_heating_high_nominal,10.0,N2,10,0.00683910000952892,4,0,False,20
20260809,train,g010nm_heating_high_nominal,10.0,N2,11,0.007379499991657212,4,0,False,20
20260809,train,g010nm_heating_high_nominal,10.0,N2,12,0.0069964000140316784,4,0,False,20
20260809,train,g010nm_heating_high_nominal,10.0,N2,13,0.006349599978420883,4,0,False,20
20260809,train,g010nm_heating_high_nominal,10.0,N2,14,0.006887399998959154,4,0,False,20
20260809,train,g010nm_heating_high_nominal,10.0,N2,15,0.005767499998910353,4,0,False,20
20260809,train,g010nm_heating_high_nominal,10.0,N2,16,0.005531199974939227,4,0,False,20
20260809,train,g010nm_heating_high_nominal,10.0,N2,17,0.006509700004244223,4,0,False,20
20260809,train,g010nm_heating_high_nominal,10.0,N2,18,0.005923800024902448,4,0,False,20
20260809,train,g010nm_heating_high_nominal,10.0,N2,19,0.006984000006923452,4,0,False,20
20260809,train,g010nm_heating_low_localized-sink,10.0,N0,0,0.00345949997426942,1,0,False,20
20260809,train,g010nm_heating_low_localized-sink,10.0,N0,1,0.0023425999970640987,1,0,False,20
20260809,train,g010nm_heating_low_localized-sink,10.0,N0,2,0.002134100010152906,1,0,False,20
20260809,train,g010nm_heating_low_localized-sink,10.0,N0,3,0.0021099999721627682,1,0,False,20
20260809,train,g010nm_heating_low_localized-sink,10.0,N0,4,0.002280700020492077,1,0,False,20
20260809,train,g010nm_heating_low_localized-sink,10.0,N0,5,0.002307500020833686,1,0,False,20
20260809,train,g010nm_heating_low_localized-sink,10.0,N0,6,0.002584400004707277,1,0,False,20
20260809,train,g010nm_heating_low_localized-sink,10.0,N0,7,0.0030809000018052757,1,0,False,20
20260809,train,g010nm_heating_low_localized-sink,10.0,N0,8,0.0026729000092018396,1,0,False,20
20260809,train,g010nm_heating_low_localized-sink,10.0,N0,9,0.002123999991454184,1,0,False,20
20260809,train,g010nm_heating_low_localized-sink,10.0,N0,10,0.0022099000052548945,1,0,False,20
20260809,train,g010nm_heating_low_localized-sink,10.0,N0,11,0.0022520999773405492,1,0,False,20
20260809,train,g010nm_heating_low_localized-sink,10.0,N0,12,0.0020367999968584627,1,0,False,20
20260809,train,g010nm_heating_low_localized-sink,10.0,N0,13,0.0031774000090081245,1,0,False,20
20260809,train,g010nm_heating_low_localized-sink,10.0,N0,14,0.0022896000009495765,1,0,False,20
20260809,train,g010nm_heating_low_localized-sink,10.0,N0,15,0.0019921000057365745,1,0,False,20
20260809,train,g010nm_heating_low_localized-sink,10.0,N0,16,0.0019813999824691564,1,0,False,20
20260809,train,g010nm_heating_low_localized-sink,10.0,N0,17,0.0019577000057324767,1,0,False,20
20260809,train,g010nm_heating_low_localized-sink,10.0,N0,18,0.0030565000197384506,1,0,False,20
20260809,train,g010nm_heating_low_localized-sink,10.0,N0,19,0.0065283999720122665,1,0,False,20
20260809,train,g010nm_heating_low_localized-sink,10.0,N1,0,0.0026479999942239374,2,0,False,20
20260809,train,g010nm_heating_low_localized-sink,10.0,N1,1,0.0030041999998502433,2,0,False,20
20260809,train,g010nm_heating_low_localized-sink,10.0,N1,2,0.010181199992075562,2,0,False,20
20260809,train,g010nm_heating_low_localized-sink,10.0,N1,3,0.003024700010428205,2,0,False,20
20260809,train,g010nm_heating_low_localized-sink,10.0,N1,4,0.004571199999190867,2,0,False,20
20260809,train,g010nm_heating_low_localized-sink,10.0,N1,5,0.009613100002752617,2,0,False,20
20260809,train,g010nm_heating_low_localized-sink,10.0,N1,6,0.002751199994236231,2,0,False,20
20260809,train,g010nm_heating_low_localized-sink,10.0,N1,7,0.004440599994268268,2,0,False,20
20260809,train,g010nm_heating_low_localized-sink,10.0,N1,8,0.0073884000012185425,2,0,False,20
20260809,train,g010nm_heating_low_localized-sink,10.0,N1,9,0.0034355999960098416,2,0,False,20
20260809,train,g010nm_heating_low_localized-sink,10.0,N1,10,0.00487299999804236,2,0,False,20
20260809,train,g010nm_heating_low_localized-sink,10.0,N1,11,0.009094600012758747,2,0,False,20
20260809,train,g010nm_heating_low_localized-sink,10.0,N1,12,0.004412400012370199,2,0,False,20
20260809,train,g010nm_heating_low_localized-sink,10.0,N1,13,0.00530709998565726,2,0,False,20
20260809,train,g010nm_heating_low_localized-sink,10.0,N1,14,0.00819769999361597,2,0,False,20
20260809,train,g010nm_heating_low_localized-sink,10.0,N1,15,0.003540300007443875,2,0,False,20
20260809,train,g010nm_heating_low_localized-sink,10.0,N1,16,0.005397100001573563,2,0,False,20
20260809,train,g010nm_heating_low_localized-sink,10.0,N1,17,0.0074865999922621995,2,0,False,20
20260809,train,g010nm_heating_low_localized-sink,10.0,N1,18,0.007528400019509718,2,0,False,20
20260809,train,g010nm_heating_low_localized-sink,10.0,N1,19,0.012881800008472055,2,0,False,20
20260809,train,g010nm_heating_low_localized-sink,10.0,N2,0,0.020534500014036894,4,0,False,20
20260809,train,g010nm_heating_low_localized-sink,10.0,N2,1,0.024074899993138388,4,0,False,20
20260809,train,g010nm_heating_low_localized-sink,10.0,N2,2,0.016185899992706254,4,0,False,20
20260809,train,g010nm_heating_low_localized-sink,10.0,N2,3,0.03278889998910017,4,0,False,20
20260809,train,g010nm_heating_low_localized-sink,10.0,N2,4,0.021559999993769452,4,0,False,20
20260809,train,g010nm_heating_low_localized-sink,10.0,N2,5,0.02446129999589175,4,0,False,20
20260809,train,g010nm_heating_low_localized-sink,10.0,N2,6,0.015855400008149445,4,0,False,20
20260809,train,g010nm_heating_low_localized-sink,10.0,N2,7,0.016677300009177998,4,0,False,20
20260809,train,g010nm_heating_low_localized-sink,10.0,N2,8,0.009230700001353398,4,0,False,20
20260809,train,g010nm_heating_low_localized-sink,10.0,N2,9,0.01141440001083538,4,0,False,20
20260809,train,g010nm_heating_low_localized-sink,10.0,N2,10,0.007330399996135384,4,0,False,20
20260809,train,g010nm_heating_low_localized-sink,10.0,N2,11,0.006104400003096089,4,0,False,20
20260809,train,g010nm_heating_low_localized-sink,10.0,N2,12,0.00760660000378266,4,0,False,20
20260809,train,g010nm_heating_low_localized-sink,10.0,N2,13,0.006707599997753277,4,0,False,20
20260809,train,g010nm_heating_low_localized-sink,10.0,N2,14,0.00798290001694113,4,0,False,20
20260809,train,g010nm_heating_low_localized-sink,10.0,N2,15,0.007549800007836893,4,0,False,20
20260809,train,g010nm_heating_low_localized-sink,10.0,N2,16,0.0074075000011362135,4,0,False,20
20260809,train,g010nm_heating_low_localized-sink,10.0,N2,17,0.008083299995632842,4,0,False,20
20260809,train,g010nm_heating_low_localized-sink,10.0,N2,18,0.007863100006943569,4,0,False,20
20260809,train,g010nm_heating_low_localized-sink,10.0,N2,19,0.007863799983169883,4,0,False,20
20260809,train,g010nm_heating_low_nominal,10.0,N0,0,0.012617000000318512,1,0,False,20
20260809,train,g010nm_heating_low_nominal,10.0,N0,1,0.008294400002341717,1,0,False,20
20260809,train,g010nm_heating_low_nominal,10.0,N0,2,0.005940800008829683,1,0,False,20
20260809,train,g010nm_heating_low_nominal,10.0,N0,3,0.0064107000071089715,1,0,False,20
20260809,train,g010nm_heating_low_nominal,10.0,N0,4,0.007469599979231134,1,0,False,20
20260809,train,g010nm_heating_low_nominal,10.0,N0,5,0.002806300006341189,1,0,False,20
20260809,train,g010nm_heating_low_nominal,10.0,N0,6,0.004138299991609529,1,0,False,20
20260809,train,g010nm_heating_low_nominal,10.0,N0,7,0.002980199991725385,1,0,False,20
20260809,train,g010nm_heating_low_nominal,10.0,N0,8,0.0028300000121816993,1,0,False,20
20260809,train,g010nm_heating_low_nominal,10.0,N0,9,0.003407100011827424,1,0,False,20
20260809,train,g010nm_heating_low_nominal,10.0,N0,10,0.0026529999740887433,1,0,False,20
20260809,train,g010nm_heating_low_nominal,10.0,N0,11,0.004819499998120591,1,0,False,20
20260809,train,g010nm_heating_low_nominal,10.0,N0,12,0.003005999984452501,1,0,False,20
20260809,train,g010nm_heating_low_nominal,10.0,N0,13,0.002950900001451373,1,0,False,20
20260809,train,g010nm_heating_low_nominal,10.0,N0,14,0.00299579999409616,1,0,False,20
20260809,train,g010nm_heating_low_nominal,10.0,N0,15,0.002671499998541549,1,0,False,20
20260809,train,g010nm_heating_low_nominal,10.0,N0,16,0.005506400018930435,1,0,False,20
20260809,train,g010nm_heating_low_nominal,10.0,N0,17,0.002901600004406646,1,0,False,20
20260809,train,g010nm_heating_low_nominal,10.0,N0,18,0.003426499984925613,1,0,False,20
20260809,train,g010nm_heating_low_nominal,10.0,N0,19,0.0028246000001672655,1,0,False,20
20260809,train,g010nm_heating_low_nominal,10.0,N1,0,0.0037131999852135777,2,0,False,20
20260809,train,g010nm_heating_low_nominal,10.0,N1,1,0.003105699986917898,2,0,False,20
20260809,train,g010nm_heating_low_nominal,10.0,N1,2,0.003181300009600818,2,0,False,20
20260809,train,g010nm_heating_low_nominal,10.0,N1,3,0.0037805999745614827,2,0,False,20
20260809,train,g010nm_heating_low_nominal,10.0,N1,4,0.005537899996852502,2,0,False,20
20260809,train,g010nm_heating_low_nominal,10.0,N1,5,0.004751100001158193,2,0,False,20
20260809,train,g010nm_heating_low_nominal,10.0,N1,6,0.004076200013514608,2,0,False,20
20260809,train,g010nm_heating_low_nominal,10.0,N1,7,0.004859799984842539,2,0,False,20
20260809,train,g010nm_heating_low_nominal,10.0,N1,8,0.007339300005696714,2,0,False,20
20260809,train,g010nm_heating_low_nominal,10.0,N1,9,0.007376099994871765,2,0,False,20
20260809,train,g010nm_heating_low_nominal,10.0,N1,10,0.006308600015472621,2,0,False,20
20260809,train,g010nm_heating_low_nominal,10.0,N1,11,0.010238400020170957,2,0,False,20
20260809,train,g010nm_heating_low_nominal,10.0,N1,12,0.009383700002217665,2,0,False,20
20260809,train,g010nm_heating_low_nominal,10.0,N1,13,0.007348500017542392,2,0,False,20
20260809,train,g010nm_heating_low_nominal,10.0,N1,14,0.005788000009488314,2,0,False,20
20260809,train,g010nm_heating_low_nominal,10.0,N1,15,0.009918199997628108,2,0,False,20
20260809,train,g010nm_heating_low_nominal,10.0,N1,16,0.007875400013290346,2,0,False,20
20260809,train,g010nm_heating_low_nominal,10.0,N1,17,0.016852200002176687,2,0,False,20
20260809,train,g010nm_heating_low_nominal,10.0,N1,18,0.012559399998281151,2,0,False,20
20260809,train,g010nm_heating_low_nominal,10.0,N1,19,0.012666499998886138,2,0,False,20
20260809,train,g010nm_heating_low_nominal,10.0,N2,0,0.01665610002237372,4,0,False,20
20260809,train,g010nm_heating_low_nominal,10.0,N2,1,0.012521299999207258,4,0,False,20
20260809,train,g010nm_heating_low_nominal,10.0,N2,2,0.009913999994751066,4,0,False,20
20260809,train,g010nm_heating_low_nominal,10.0,N2,3,0.014369800017448142,4,0,False,20
20260809,train,g010nm_heating_low_nominal,10.0,N2,4,0.018289699975866824,4,0,False,20
20260809,train,g010nm_heating_low_nominal,10.0,N2,5,0.01817799999844283,4,0,False,20
20260809,train,g010nm_heating_low_nominal,10.0,N2,6,0.01874659999157302,4,0,False,20
20260809,train,g010nm_heating_low_nominal,10.0,N2,7,0.01673500001197681,4,0,False,20
20260809,train,g010nm_heating_low_nominal,10.0,N2,8,0.013955600006738678,4,0,False,20
20260809,train,g010nm_heating_low_nominal,10.0,N2,9,0.016429200011771172,4,0,False,20
20260809,train,g010nm_heating_low_nominal,10.0,N2,10,0.008737900003325194,4,0,False,20
20260809,train,g010nm_heating_low_nominal,10.0,N2,11,0.01890530000673607,4,0,False,20
20260809,train,g010nm_heating_low_nominal,10.0,N2,12,0.012088899995433167,4,0,False,20
20260809,train,g010nm_heating_low_nominal,10.0,N2,13,0.015356400021119043,4,0,False,20
20260809,train,g010nm_heating_low_nominal,10.0,N2,14,0.008355600002687424,4,0,False,20
20260809,train,g010nm_heating_low_nominal,10.0,N2,15,0.011175999999977648,4,0,False,20
20260809,train,g010nm_heating_low_nominal,10.0,N2,16,0.011990500002866611,4,0,False,20
20260809,train,g010nm_heating_low_nominal,10.0,N2,17,0.022000900004059076,4,0,False,20
20260809,train,g010nm_heating_low_nominal,10.0,N2,18,0.023528599995188415,4,0,False,20
20260809,train,g010nm_heating_low_nominal,10.0,N2,19,0.024565699975937605,4,0,False,20
20260809,train,g010nm_heating_near-transition_localized-sink,10.0,N0,0,0.002761099982308224,1,0,False,20
20260809,train,g010nm_heating_near-transition_localized-sink,10.0,N0,1,0.0038576000079046935,1,0,False,20
20260809,train,g010nm_heating_near-transition_localized-sink,10.0,N0,2,0.0028919000178575516,1,0,False,20
20260809,train,g010nm_heating_near-transition_localized-sink,10.0,N0,3,0.002590999996755272,1,0,False,20
20260809,train,g010nm_heating_near-transition_localized-sink,10.0,N0,4,0.0026824000233318657,1,0,False,20
20260809,train,g010nm_heating_near-transition_localized-sink,10.0,N0,5,0.002878900006180629,1,0,False,20
20260809,train,g010nm_heating_near-transition_localized-sink,10.0,N0,6,0.0026690999802667648,1,0,False,20
20260809,train,g010nm_heating_near-transition_localized-sink,10.0,N0,7,0.003264099999796599,1,0,False,20
20260809,train,g010nm_heating_near-transition_localized-sink,10.0,N0,8,0.002722000004723668,1,0,False,20
20260809,train,g010nm_heating_near-transition_localized-sink,10.0,N0,9,0.002458900009514764,1,0,False,20
20260809,train,g010nm_heating_near-transition_localized-sink,10.0,N0,10,0.0028600000077858567,1,0,False,20
20260809,train,g010nm_heating_near-transition_localized-sink,10.0,N0,11,0.003504899999825284,1,0,False,20
20260809,train,g010nm_heating_near-transition_localized-sink,10.0,N0,12,0.004513399995630607,1,0,False,20
20260809,train,g010nm_heating_near-transition_localized-sink,10.0,N0,13,0.003069300000788644,1,0,False,20
20260809,train,g010nm_heating_near-transition_localized-sink,10.0,N0,14,0.003480800020042807,1,0,False,20
20260809,train,g010nm_heating_near-transition_localized-sink,10.0,N0,15,0.003355699998792261,1,0,False,20
20260809,train,g010nm_heating_near-transition_localized-sink,10.0,N0,16,0.002893700002459809,1,0,False,20
20260809,train,g010nm_heating_near-transition_localized-sink,10.0,N0,17,0.004386900021927431,1,0,False,20
20260809,train,g010nm_heating_near-transition_localized-sink,10.0,N0,18,0.002762899996014312,1,0,False,20
20260809,train,g010nm_heating_near-transition_localized-sink,10.0,N0,19,0.0025600999942980707,1,0,False,20
20260809,train,g010nm_heating_near-transition_localized-sink,10.0,N1,0,0.004070399998454377,2,0,False,20
20260809,train,g010nm_heating_near-transition_localized-sink,10.0,N1,1,0.003564999991795048,2,0,False,20
20260809,train,g010nm_heating_near-transition_localized-sink,10.0,N1,2,0.003205299988621846,2,0,False,20
20260809,train,g010nm_heating_near-transition_localized-sink,10.0,N1,3,0.0034130999993067235,2,0,False,20
20260809,train,g010nm_heating_near-transition_localized-sink,10.0,N1,4,0.004021799977635965,2,0,False,20
20260809,train,g010nm_heating_near-transition_localized-sink,10.0,N1,5,0.004032700002426282,2,0,False,20
20260809,train,g010nm_heating_near-transition_localized-sink,10.0,N1,6,0.003422100009629503,2,0,False,20
20260809,train,g010nm_heating_near-transition_localized-sink,10.0,N1,7,0.0033045999880414456,2,0,False,20
20260809,train,g010nm_heating_near-transition_localized-sink,10.0,N1,8,0.004509099991992116,2,0,False,20
20260809,train,g010nm_heating_near-transition_localized-sink,10.0,N1,9,0.006092099996749312,2,0,False,20
20260809,train,g010nm_heating_near-transition_localized-sink,10.0,N1,10,0.0036527999909594655,2,0,False,20
20260809,train,g010nm_heating_near-transition_localized-sink,10.0,N1,11,0.005500800005393103,2,0,False,20
20260809,train,g010nm_heating_near-transition_localized-sink,10.0,N1,12,0.012368900002911687,2,0,False,20
20260809,train,g010nm_heating_near-transition_localized-sink,10.0,N1,13,0.008391200011828914,2,0,False,20
20260809,train,g010nm_heating_near-transition_localized-sink,10.0,N1,14,0.011905699997441843,2,0,False,20
20260809,train,g010nm_heating_near-transition_localized-sink,10.0,N1,15,0.013009200018132105,2,0,False,20
20260809,train,g010nm_heating_near-transition_localized-sink,10.0,N1,16,0.01298030000180006,2,0,False,20
20260809,train,g010nm_heating_near-transition_localized-sink,10.0,N1,17,0.010556799999903888,2,0,False,20
20260809,train,g010nm_heating_near-transition_localized-sink,10.0,N1,18,0.009577499993611127,2,0,False,20
20260809,train,g010nm_heating_near-transition_localized-sink,10.0,N1,19,0.009991400002036244,2,0,False,20
20260809,train,g010nm_heating_near-transition_localized-sink,10.0,N2,0,0.014735300006577745,4,0,False,20
20260809,train,g010nm_heating_near-transition_localized-sink,10.0,N2,1,0.011421399976825342,4,0,False,20
20260809,train,g010nm_heating_near-transition_localized-sink,10.0,N2,2,0.01165880000917241,4,0,False,20
20260809,train,g010nm_heating_near-transition_localized-sink,10.0,N2,3,0.015778600005432963,4,0,False,20
20260809,train,g010nm_heating_near-transition_localized-sink,10.0,N2,4,0.011898299999302253,4,0,False,20
20260809,train,g010nm_heating_near-transition_localized-sink,10.0,N2,5,0.011006299988366663,4,0,False,20
20260809,train,g010nm_heating_near-transition_localized-sink,10.0,N2,6,0.015293799981009215,4,0,False,20
20260809,train,g010nm_heating_near-transition_localized-sink,10.0,N2,7,0.0202815999800805,4,0,False,20
20260809,train,g010nm_heating_near-transition_localized-sink,10.0,N2,8,0.019749399973079562,4,0,False,20
20260809,train,g010nm_heating_near-transition_localized-sink,10.0,N2,9,0.02061800000956282,4,0,False,20
20260809,train,g010nm_heating_near-transition_localized-sink,10.0,N2,10,0.01732600000104867,4,0,False,20
20260809,train,g010nm_heating_near-transition_localized-sink,10.0,N2,11,0.018296900001587346,4,0,False,20
20260809,train,g010nm_heating_near-transition_localized-sink,10.0,N2,12,0.025998500001151115,4,0,False,20
20260809,train,g010nm_heating_near-transition_localized-sink,10.0,N2,13,0.02224039999418892,4,0,False,20
20260809,train,g010nm_heating_near-transition_localized-sink,10.0,N2,14,0.016043900017393753,4,0,False,20
20260809,train,g010nm_heating_near-transition_localized-sink,10.0,N2,15,0.018491499999072403,4,0,False,20
20260809,train,g010nm_heating_near-transition_localized-sink,10.0,N2,16,0.014714899996761233,4,0,False,20
20260809,train,g010nm_heating_near-transition_localized-sink,10.0,N2,17,0.01180399997974746,4,0,False,20
20260809,train,g010nm_heating_near-transition_localized-sink,10.0,N2,18,0.021815799991600215,4,0,False,20
20260809,train,g010nm_heating_near-transition_localized-sink,10.0,N2,19,0.015051399997901171,4,0,False,20
20260809,train,g010nm_heating_near-transition_nominal,10.0,N0,0,0.00258250001934357,1,0,False,20
20260809,train,g010nm_heating_near-transition_nominal,10.0,N0,1,0.013453699997626245,1,0,False,20
20260809,train,g010nm_heating_near-transition_nominal,10.0,N0,2,0.00854000000981614,1,0,False,20
20260809,train,g010nm_heating_near-transition_nominal,10.0,N0,3,0.007437799999024719,1,0,False,20
20260809,train,g010nm_heating_near-transition_nominal,10.0,N0,4,0.003099800000200048,1,0,False,20
20260809,train,g010nm_heating_near-transition_nominal,10.0,N0,5,0.0067020000133197755,1,0,False,20
20260809,train,g010nm_heating_near-transition_nominal,10.0,N0,6,0.010583700001006946,1,0,False,20
20260809,train,g010nm_heating_near-transition_nominal,10.0,N0,7,0.010754399991128594,1,0,False,20
20260809,train,g010nm_heating_near-transition_nominal,10.0,N0,8,0.005744499998399988,1,0,False,20
20260809,train,g010nm_heating_near-transition_nominal,10.0,N0,9,0.006023900001309812,1,0,False,20
20260809,train,g010nm_heating_near-transition_nominal,10.0,N0,10,0.012002800009213388,1,0,False,20
20260809,train,g010nm_heating_near-transition_nominal,10.0,N0,11,0.00349949998781085,1,0,False,20
20260809,train,g010nm_heating_near-transition_nominal,10.0,N0,12,0.0033779999939724803,1,0,False,20
20260809,train,g010nm_heating_near-transition_nominal,10.0,N0,13,0.005440199980512261,1,0,False,20
20260809,train,g010nm_heating_near-transition_nominal,10.0,N0,14,0.008481800003210083,1,0,False,20
20260809,train,g010nm_heating_near-transition_nominal,10.0,N0,15,0.0027609000098891556,1,0,False,20
20260809,train,g010nm_heating_near-transition_nominal,10.0,N0,16,0.005977799999527633,1,0,False,20
20260809,train,g010nm_heating_near-transition_nominal,10.0,N0,17,0.0035410000127740204,1,0,False,20
20260809,train,g010nm_heating_near-transition_nominal,10.0,N0,18,0.0028964000230189413,1,0,False,20
20260809,train,g010nm_heating_near-transition_nominal,10.0,N0,19,0.003067100013140589,1,0,False,20
20260809,train,g010nm_heating_near-transition_nominal,10.0,N1,0,0.0032970999891404063,2,0,False,20
20260809,train,g010nm_heating_near-transition_nominal,10.0,N1,1,0.003143100009765476,2,0,False,20
20260809,train,g010nm_heating_near-transition_nominal,10.0,N1,2,0.0034583999949973077,2,0,False,20
20260809,train,g010nm_heating_near-transition_nominal,10.0,N1,3,0.004706300009274855,2,0,False,20
20260809,train,g010nm_heating_near-transition_nominal,10.0,N1,4,0.003038900002138689,2,0,False,20
20260809,train,g010nm_heating_near-transition_nominal,10.0,N1,5,0.0029882000235375017,2,0,False,20
20260809,train,g010nm_heating_near-transition_nominal,10.0,N1,6,0.003344900003867224,2,0,False,20
20260809,train,g010nm_heating_near-transition_nominal,10.0,N1,7,0.0049956000002566725,2,0,False,20
20260809,train,g010nm_heating_near-transition_nominal,10.0,N1,8,0.005548000015551224,2,0,False,20
20260809,train,g010nm_heating_near-transition_nominal,10.0,N1,9,0.004877900006249547,2,0,False,20
20260809,train,g010nm_heating_near-transition_nominal,10.0,N1,10,0.007579299999633804,2,0,False,20
20260809,train,g010nm_heating_near-transition_nominal,10.0,N1,11,0.0033777999924495816,2,0,False,20
20260809,train,g010nm_heating_near-transition_nominal,10.0,N1,12,0.0035619999980553985,2,0,False,20
20260809,train,g010nm_heating_near-transition_nominal,10.0,N1,13,0.006374099990352988,2,0,False,20
20260809,train,g010nm_heating_near-transition_nominal,10.0,N1,14,0.004667400004109368,2,0,False,20
20260809,train,g010nm_heating_near-transition_nominal,10.0,N1,15,0.0030986999918241054,2,0,False,20
20260809,train,g010nm_heating_near-transition_nominal,10.0,N1,16,0.003333000000566244,2,0,False,20
20260809,train,g010nm_heating_near-transition_nominal,10.0,N1,17,0.013353999995160848,2,0,False,20
20260809,train,g010nm_heating_near-transition_nominal,10.0,N1,18,0.00498709999374114,2,0,False,20
20260809,train,g010nm_heating_near-transition_nominal,10.0,N1,19,0.007936300011351705,2,0,False,20
20260809,train,g010nm_heating_near-transition_nominal,10.0,N2,0,0.008558900008210912,4,0,False,20
20260809,train,g010nm_heating_near-transition_nominal,10.0,N2,1,0.010287200013408437,4,0,False,20
20260809,train,g010nm_heating_near-transition_nominal,10.0,N2,2,0.006236700020963326,4,0,False,20
20260809,train,g010nm_heating_near-transition_nominal,10.0,N2,3,0.008035400009248406,4,0,False,20
20260809,train,g010nm_heating_near-transition_nominal,10.0,N2,4,0.00819480000063777,4,0,False,20
20260809,train,g010nm_heating_near-transition_nominal,10.0,N2,5,0.00862439998309128,4,0,False,20
20260809,train,g010nm_heating_near-transition_nominal,10.0,N2,6,0.007963399984873831,4,0,False,20
20260809,train,g010nm_heating_near-transition_nominal,10.0,N2,7,0.008544000011170283,4,0,False,20
20260809,train,g010nm_heating_near-transition_nominal,10.0,N2,8,0.007787599985022098,4,0,False,20
20260809,train,g010nm_heating_near-transition_nominal,10.0,N2,9,0.007258099998580292,4,0,False,20
20260809,train,g010nm_heating_near-transition_nominal,10.0,N2,10,0.007062999997287989,4,0,False,20
20260809,train,g010nm_heating_near-transition_nominal,10.0,N2,11,0.006244099989999086,4,0,False,20
20260809,train,g010nm_heating_near-transition_nominal,10.0,N2,12,0.007671900006243959,4,0,False,20
20260809,train,g010nm_heating_near-transition_nominal,10.0,N2,13,0.006512799998745322,4,0,False,20
20260809,train,g010nm_heating_near-transition_nominal,10.0,N2,14,0.007152900012442842,4,0,False,20
20260809,train,g010nm_heating_near-transition_nominal,10.0,N2,15,0.007500000006984919,4,0,False,20
20260809,train,g010nm_heating_near-transition_nominal,10.0,N2,16,0.005872400011867285,4,0,False,20
20260809,train,g010nm_heating_near-transition_nominal,10.0,N2,17,0.00737979999394156,4,0,False,20
20260809,train,g010nm_heating_near-transition_nominal,10.0,N2,18,0.006832199986092746,4,0,False,20
20260809,train,g010nm_heating_near-transition_nominal,10.0,N2,19,0.0069568000035360456,4,0,False,20
20260809,train,g020nm_cooling_high_localized-sink,20.0,N0,0,0.002321799984201789,1,0,False,20
20260809,train,g020nm_cooling_high_localized-sink,20.0,N0,1,0.002413400012301281,1,0,False,20
20260809,train,g020nm_cooling_high_localized-sink,20.0,N0,2,0.004017699975520372,1,0,False,20
20260809,train,g020nm_cooling_high_localized-sink,20.0,N0,3,0.0029543999989982694,1,0,False,20
20260809,train,g020nm_cooling_high_localized-sink,20.0,N0,4,0.0023437000054400414,1,0,False,20
20260809,train,g020nm_cooling_high_localized-sink,20.0,N0,5,0.002382900012889877,1,0,False,20
20260809,train,g020nm_cooling_high_localized-sink,20.0,N0,6,0.0022293999791145325,1,0,False,20
20260809,train,g020nm_cooling_high_localized-sink,20.0,N0,7,0.0024118000001180917,1,0,False,20
20260809,train,g020nm_cooling_high_localized-sink,20.0,N0,8,0.0035340999893378466,1,0,False,20
20260809,train,g020nm_cooling_high_localized-sink,20.0,N0,9,0.002838299988070503,1,0,False,20
20260809,train,g020nm_cooling_high_localized-sink,20.0,N0,10,0.00257349997991696,1,0,False,20
20260809,train,g020nm_cooling_high_localized-sink,20.0,N0,11,0.0023050000017974526,1,0,False,20
20260809,train,g020nm_cooling_high_localized-sink,20.0,N0,12,0.002147099992725998,1,0,False,20
20260809,train,g020nm_cooling_high_localized-sink,20.0,N0,13,0.0023618999985046685,1,0,False,20
20260809,train,g020nm_cooling_high_localized-sink,20.0,N0,14,0.008769299980485812,1,0,False,20
20260809,train,g020nm_cooling_high_localized-sink,20.0,N0,15,0.0031389000068884343,1,0,False,20
20260809,train,g020nm_cooling_high_localized-sink,20.0,N0,16,0.002498999994713813,1,0,False,20
20260809,train,g020nm_cooling_high_localized-sink,20.0,N0,17,0.0026826999965123832,1,0,False,20
20260809,train,g020nm_cooling_high_localized-sink,20.0,N0,18,0.005135000013979152,1,0,False,20
20260809,train,g020nm_cooling_high_localized-sink,20.0,N0,19,0.003615500027080998,1,0,False,20
20260809,train,g020nm_cooling_high_localized-sink,20.0,N1,0,0.0030038999975658953,2,0,False,20
20260809,train,g020nm_cooling_high_localized-sink,20.0,N1,1,0.003268000000389293,2,0,False,20
20260809,train,g020nm_cooling_high_localized-sink,20.0,N1,2,0.003966499993111938,2,0,False,20
20260809,train,g020nm_cooling_high_localized-sink,20.0,N1,3,0.003033999993931502,2,0,False,20
20260809,train,g020nm_cooling_high_localized-sink,20.0,N1,4,0.002992699999595061,2,0,False,20
20260809,train,g020nm_cooling_high_localized-sink,20.0,N1,5,0.002915199991548434,2,0,False,20
20260809,train,g020nm_cooling_high_localized-sink,20.0,N1,6,0.003618499991716817,2,0,False,20
20260809,train,g020nm_cooling_high_localized-sink,20.0,N1,7,0.004059300001244992,2,0,False,20
20260809,train,g020nm_cooling_high_localized-sink,20.0,N1,8,0.0031512999848928303,2,0,False,20
20260809,train,g020nm_cooling_high_localized-sink,20.0,N1,9,0.003118199994787574,2,0,False,20
20260809,train,g020nm_cooling_high_localized-sink,20.0,N1,10,0.003040100011276081,2,0,False,20
20260809,train,g020nm_cooling_high_localized-sink,20.0,N1,11,0.0037543000071309507,2,0,False,20
20260809,train,g020nm_cooling_high_localized-sink,20.0,N1,12,0.004448799998499453,2,0,False,20
20260809,train,g020nm_cooling_high_localized-sink,20.0,N1,13,0.0031897000153549016,2,0,False,20
20260809,train,g020nm_cooling_high_localized-sink,20.0,N1,14,0.0028526999813038856,2,0,False,20
20260809,train,g020nm_cooling_high_localized-sink,20.0,N1,15,0.004319900006521493,2,0,False,20
20260809,train,g020nm_cooling_high_localized-sink,20.0,N1,16,0.0046104000066407025,2,0,False,20
20260809,train,g020nm_cooling_high_localized-sink,20.0,N1,17,0.0035828000109177083,2,0,False,20
20260809,train,g020nm_cooling_high_localized-sink,20.0,N1,18,0.002844100003130734,2,0,False,20
20260809,train,g020nm_cooling_high_localized-sink,20.0,N1,19,0.0033350999874528497,2,0,False,20
20260809,train,g020nm_cooling_high_localized-sink,20.0,N2,0,0.006543499999679625,4,0,False,20
20260809,train,g020nm_cooling_high_localized-sink,20.0,N2,1,0.007583500002510846,4,0,False,20
20260809,train,g020nm_cooling_high_localized-sink,20.0,N2,2,0.006452700006775558,4,0,False,20
20260809,train,g020nm_cooling_high_localized-sink,20.0,N2,3,0.007694400002947077,4,0,False,20
20260809,train,g020nm_cooling_high_localized-sink,20.0,N2,4,0.006916600017575547,4,0,False,20
20260809,train,g020nm_cooling_high_localized-sink,20.0,N2,5,0.005939900001976639,4,0,False,20
20260809,train,g020nm_cooling_high_localized-sink,20.0,N2,6,0.006263499992201105,4,0,False,20
20260809,train,g020nm_cooling_high_localized-sink,20.0,N2,7,0.0068755999964196235,4,0,False,20
20260809,train,g020nm_cooling_high_localized-sink,20.0,N2,8,0.005958900001132861,4,0,False,20
20260809,train,g020nm_cooling_high_localized-sink,20.0,N2,9,0.006974299991270527,4,0,False,20
20260809,train,g020nm_cooling_high_localized-sink,20.0,N2,10,0.005725600000005215,4,0,False,20
20260809,train,g020nm_cooling_high_localized-sink,20.0,N2,11,0.006162600009702146,4,0,False,20
20260809,train,g020nm_cooling_high_localized-sink,20.0,N2,12,0.006748200015863404,4,0,False,20
20260809,train,g020nm_cooling_high_localized-sink,20.0,N2,13,0.005425199982710183,4,0,False,20
20260809,train,g020nm_cooling_high_localized-sink,20.0,N2,14,0.009489799995208159,4,0,False,20
20260809,train,g020nm_cooling_high_localized-sink,20.0,N2,15,0.00615460000699386,4,0,False,20
20260809,train,g020nm_cooling_high_localized-sink,20.0,N2,16,0.006878300016978756,4,0,False,20
20260809,train,g020nm_cooling_high_localized-sink,20.0,N2,17,0.006134700000984594,4,0,False,20
20260809,train,g020nm_cooling_high_localized-sink,20.0,N2,18,0.0051201000169385225,4,0,False,20
20260809,train,g020nm_cooling_high_localized-sink,20.0,N2,19,0.006804700009524822,4,0,False,20
20260809,validation,g020nm_cooling_high_nominal,20.0,N0,0,0.0023367000103462487,1,0,False,20
20260809,validation,g020nm_cooling_high_nominal,20.0,N0,1,0.0021225000091362745,1,0,False,20
20260809,validation,g020nm_cooling_high_nominal,20.0,N0,2,0.004028299998026341,1,0,False,20
20260809,validation,g020nm_cooling_high_nominal,20.0,N0,3,0.0026027000276371837,1,0,False,20
20260809,validation,g020nm_cooling_high_nominal,20.0,N0,4,0.0021074000105727464,1,0,False,20
20260809,validation,g020nm_cooling_high_nominal,20.0,N0,5,0.002012099983403459,1,0,False,20
20260809,validation,g020nm_cooling_high_nominal,20.0,N0,6,0.0019696000090334564,1,0,False,20
20260809,validation,g020nm_cooling_high_nominal,20.0,N0,7,0.0019573000026866794,1,0,False,20
20260809,validation,g020nm_cooling_high_nominal,20.0,N0,8,0.00196899997536093,1,0,False,20
20260809,validation,g020nm_cooling_high_nominal,20.0,N0,9,0.002851199998985976,1,0,False,20
20260809,validation,g020nm_cooling_high_nominal,20.0,N0,10,0.002515900006983429,1,0,False,20
20260809,validation,g020nm_cooling_high_nominal,20.0,N0,11,0.0020573999790940434,1,0,False,20
20260809,validation,g020nm_cooling_high_nominal,20.0,N0,12,0.0020006000122521073,1,0,False,20
20260809,validation,g020nm_cooling_high_nominal,20.0,N0,13,0.0019680999976117164,1,0,False,20
20260809,validation,g020nm_cooling_high_nominal,20.0,N0,14,0.002015399979427457,1,0,False,20
20260809,validation,g020nm_cooling_high_nominal,20.0,N0,15,0.0021930999937467277,1,0,False,20
20260809,validation,g020nm_cooling_high_nominal,20.0,N0,16,0.002535800012992695,1,0,False,20
20260809,validation,g020nm_cooling_high_nominal,20.0,N0,17,0.0029918999935034662,1,0,False,20
20260809,validation,g020nm_cooling_high_nominal,20.0,N0,18,0.002817000000504777,1,0,False,20
20260809,validation,g020nm_cooling_high_nominal,20.0,N0,19,0.0024095000117085874,1,0,False,20
20260809,validation,g020nm_cooling_high_nominal,20.0,N1,0,0.0029645000176969916,2,0,False,20
20260809,validation,g020nm_cooling_high_nominal,20.0,N1,1,0.002778900001430884,2,0,False,20
20260809,validation,g020nm_cooling_high_nominal,20.0,N1,2,0.004468800005270168,2,0,False,20
20260809,validation,g020nm_cooling_high_nominal,20.0,N1,3,0.0032205000170506537,2,0,False,20
20260809,validation,g020nm_cooling_high_nominal,20.0,N1,4,0.0025856999855022877,2,0,False,20
20260809,validation,g020nm_cooling_high_nominal,20.0,N1,5,0.003285699989646673,2,0,False,20
20260809,validation,g020nm_cooling_high_nominal,20.0,N1,6,0.0031976000173017383,2,0,False,20
20260809,validation,g020nm_cooling_high_nominal,20.0,N1,7,0.0042431000038050115,2,0,False,20
20260809,validation,g020nm_cooling_high_nominal,20.0,N1,8,0.003112199978204444,2,0,False,20
20260809,validation,g020nm_cooling_high_nominal,20.0,N1,9,0.003148099989630282,2,0,False,20
20260809,validation,g020nm_cooling_high_nominal,20.0,N1,10,0.0030808000010438263,2,0,False,20
20260809,validation,g020nm_cooling_high_nominal,20.0,N1,11,0.0029491999885067344,2,0,False,20
20260809,validation,g020nm_cooling_high_nominal,20.0,N1,12,0.0034454999840818346,2,0,False,20
20260809,validation,g020nm_cooling_high_nominal,20.0,N1,13,0.0027618000167421997,2,0,False,20
20260809,validation,g020nm_cooling_high_nominal,20.0,N1,14,0.0026294999988749623,2,0,False,20
20260809,validation,g020nm_cooling_high_nominal,20.0,N1,15,0.0035473000025376678,2,0,False,20
20260809,validation,g020nm_cooling_high_nominal,20.0,N1,16,0.0028907000087201595,2,0,False,20
20260809,validation,g020nm_cooling_high_nominal,20.0,N1,17,0.003028300008736551,2,0,False,20
20260809,validation,g020nm_cooling_high_nominal,20.0,N1,18,0.0027914999809581786,2,0,False,20
20260809,validation,g020nm_cooling_high_nominal,20.0,N1,19,0.0025981999933719635,2,0,False,20
20260809,validation,g020nm_cooling_high_nominal,20.0,N2,0,0.008628500014310703,4,0,False,20
20260809,validation,g020nm_cooling_high_nominal,20.0,N2,1,0.006449200009228662,4,0,False,20
20260809,validation,g020nm_cooling_high_nominal,20.0,N2,2,0.006559700006619096,4,0,False,20
20260809,validation,g020nm_cooling_high_nominal,20.0,N2,3,0.005655699991621077,4,0,False,20
20260809,validation,g020nm_cooling_high_nominal,20.0,N2,4,0.005582399986451492,4,0,False,20
20260809,validation,g020nm_cooling_high_nominal,20.0,N2,5,0.006239999987883493,4,0,False,20
20260809,validation,g020nm_cooling_high_nominal,20.0,N2,6,0.005323199991835281,4,0,False,20
20260809,validation,g020nm_cooling_high_nominal,20.0,N2,7,0.006152599991764873,4,0,False,20
20260809,validation,g020nm_cooling_high_nominal,20.0,N2,8,0.007340299984207377,4,0,False,20
20260809,validation,g020nm_cooling_high_nominal,20.0,N2,9,0.005162199988262728,4,0,False,20
20260809,validation,g020nm_cooling_high_nominal,20.0,N2,10,0.007669799990253523,4,0,False,20
20260809,validation,g020nm_cooling_high_nominal,20.0,N2,11,0.005638300004648045,4,0,False,20
20260809,validation,g020nm_cooling_high_nominal,20.0,N2,12,0.005167700001038611,4,0,False,20
20260809,validation,g020nm_cooling_high_nominal,20.0,N2,13,0.0062763000023551285,4,0,False,20
20260809,validation,g020nm_cooling_high_nominal,20.0,N2,14,0.005412800004705787,4,0,False,20
20260809,validation,g020nm_cooling_high_nominal,20.0,N2,15,0.0053186999866738915,4,0,False,20
20260809,validation,g020nm_cooling_high_nominal,20.0,N2,16,0.007819099992047995,4,0,False,20
20260809,validation,g020nm_cooling_high_nominal,20.0,N2,17,0.00616189997526817,4,0,False,20
20260809,validation,g020nm_cooling_high_nominal,20.0,N2,18,0.009955199988326058,4,0,False,20
20260809,validation,g020nm_cooling_high_nominal,20.0,N2,19,0.049505400005728006,4,0,False,20
20260809,train,g020nm_cooling_low_localized-sink,20.0,N0,0,0.0027507999911904335,1,0,False,20
20260809,train,g020nm_cooling_low_localized-sink,20.0,N0,1,0.00320770000689663,1,0,False,20
20260809,train,g020nm_cooling_low_localized-sink,20.0,N0,2,0.003183499997248873,1,0,False,20
20260809,train,g020nm_cooling_low_localized-sink,20.0,N0,3,0.002943800005596131,1,0,False,20
20260809,train,g020nm_cooling_low_localized-sink,20.0,N0,4,0.0028400000010151416,1,0,False,20
20260809,train,g020nm_cooling_low_localized-sink,20.0,N0,5,0.002671900001587346,1,0,False,20
20260809,train,g020nm_cooling_low_localized-sink,20.0,N0,6,0.0025473000132478774,1,0,False,20
20260809,train,g020nm_cooling_low_localized-sink,20.0,N0,7,0.0026654000103008,1,0,False,20
20260809,train,g020nm_cooling_low_localized-sink,20.0,N0,8,0.0027298000059090555,1,0,False,20
20260809,train,g020nm_cooling_low_localized-sink,20.0,N0,9,0.0031358000123873353,1,0,False,20
20260809,train,g020nm_cooling_low_localized-sink,20.0,N0,10,0.003077600005781278,1,0,False,20
20260809,train,g020nm_cooling_low_localized-sink,20.0,N0,11,0.0025378999998793006,1,0,False,20
20260809,train,g020nm_cooling_low_localized-sink,20.0,N0,12,0.002905999979702756,1,0,False,20
20260809,train,g020nm_cooling_low_localized-sink,20.0,N0,13,0.0024864000151865184,1,0,False,20
20260809,train,g020nm_cooling_low_localized-sink,20.0,N0,14,0.0024261000216938555,1,0,False,20
20260809,train,g020nm_cooling_low_localized-sink,20.0,N0,15,0.0029670000076293945,1,0,False,20
20260809,train,g020nm_cooling_low_localized-sink,20.0,N0,16,0.0028328000043984503,1,0,False,20
20260809,train,g020nm_cooling_low_localized-sink,20.0,N0,17,0.002429400017717853,1,0,False,20
20260809,train,g020nm_cooling_low_localized-sink,20.0,N0,18,0.003193099983036518,1,0,False,20
20260809,train,g020nm_cooling_low_localized-sink,20.0,N0,19,0.0024998000008054078,1,0,False,20
20260809,train,g020nm_cooling_low_localized-sink,20.0,N1,0,0.003474000026471913,2,0,False,20
20260809,train,g020nm_cooling_low_localized-sink,20.0,N1,1,0.003186200017808005,2,0,False,20
20260809,train,g020nm_cooling_low_localized-sink,20.0,N1,2,0.0037656000058632344,2,0,False,20
20260809,train,g020nm_cooling_low_localized-sink,20.0,N1,3,0.003007799998158589,2,0,False,20
20260809,train,g020nm_cooling_low_localized-sink,20.0,N1,4,0.003100400004768744,2,0,False,20
20260809,train,g020nm_cooling_low_localized-sink,20.0,N1,5,0.003359700000146404,2,0,False,20
20260809,train,g020nm_cooling_low_localized-sink,20.0,N1,6,0.00452180000138469,2,0,False,20
20260809,train,g020nm_cooling_low_localized-sink,20.0,N1,7,0.003228099987609312,2,0,False,20
20260809,train,g020nm_cooling_low_localized-sink,20.0,N1,8,0.0030746000120416284,2,0,False,20
20260809,train,g020nm_cooling_low_localized-sink,20.0,N1,9,0.0032405999954789877,2,0,False,20
20260809,train,g020nm_cooling_low_localized-sink,20.0,N1,10,0.005344000004697591,2,0,False,20
20260809,train,g020nm_cooling_low_localized-sink,20.0,N1,11,0.0037130000127945095,2,0,False,20
20260809,train,g020nm_cooling_low_localized-sink,20.0,N1,12,0.005702099995687604,2,0,False,20
20260809,train,g020nm_cooling_low_localized-sink,20.0,N1,13,0.004734100017230958,2,0,False,20
20260809,train,g020nm_cooling_low_localized-sink,20.0,N1,14,0.004794400010723621,2,0,False,20
20260809,train,g020nm_cooling_low_localized-sink,20.0,N1,15,0.005256100004771724,2,0,False,20
20260809,train,g020nm_cooling_low_localized-sink,20.0,N1,16,0.015079400007380173,2,0,False,20
20260809,train,g020nm_cooling_low_localized-sink,20.0,N1,17,0.011668100021779537,2,0,False,20
20260809,train,g020nm_cooling_low_localized-sink,20.0,N1,18,0.007462299981852993,2,0,False,20
20260809,train,g020nm_cooling_low_localized-sink,20.0,N1,19,0.006801099982112646,2,0,False,20
20260809,train,g020nm_cooling_low_localized-sink,20.0,N2,0,0.006829799996921793,4,0,False,20
20260809,train,g020nm_cooling_low_localized-sink,20.0,N2,1,0.006145299994386733,4,0,False,20
20260809,train,g020nm_cooling_low_localized-sink,20.0,N2,2,0.0061230999999679625,4,0,False,20
20260809,train,g020nm_cooling_low_localized-sink,20.0,N2,3,0.007123799994587898,4,0,False,20
20260809,train,g020nm_cooling_low_localized-sink,20.0,N2,4,0.006623699999181554,4,0,False,20
20260809,train,g020nm_cooling_low_localized-sink,20.0,N2,5,0.008915000013075769,4,0,False,20
20260809,train,g020nm_cooling_low_localized-sink,20.0,N2,6,0.006150400004116818,4,0,False,20
20260809,train,g020nm_cooling_low_localized-sink,20.0,N2,7,0.005953299987595528,4,0,False,20
20260809,train,g020nm_cooling_low_localized-sink,20.0,N2,8,0.007535699987784028,4,0,False,20
20260809,train,g020nm_cooling_low_localized-sink,20.0,N2,9,0.007277500000782311,4,0,False,20
20260809,train,g020nm_cooling_low_localized-sink,20.0,N2,10,0.007176800019806251,4,0,False,20
20260809,train,g020nm_cooling_low_localized-sink,20.0,N2,11,0.00666569999884814,4,0,False,20
20260809,train,g020nm_cooling_low_localized-sink,20.0,N2,12,0.005507499998202547,4,0,False,20
20260809,train,g020nm_cooling_low_localized-sink,20.0,N2,13,0.006141399993794039,4,0,False,20
20260809,train,g020nm_cooling_low_localized-sink,20.0,N2,14,0.0055081000027712435,4,0,False,20
20260809,train,g020nm_cooling_low_localized-sink,20.0,N2,15,0.005747600022004917,4,0,False,20
20260809,train,g020nm_cooling_low_localized-sink,20.0,N2,16,0.006278899993048981,4,0,False,20
20260809,train,g020nm_cooling_low_localized-sink,20.0,N2,17,0.005525799992028624,4,0,False,20
20260809,train,g020nm_cooling_low_localized-sink,20.0,N2,18,0.006093500007409602,4,0,False,20
20260809,train,g020nm_cooling_low_localized-sink,20.0,N2,19,0.006155300012324005,4,0,False,20
20260809,train,g020nm_cooling_low_nominal,20.0,N0,0,0.002134199981810525,1,0,False,20
20260809,train,g020nm_cooling_low_nominal,20.0,N0,1,0.0022450000105891377,1,0,False,20
20260809,train,g020nm_cooling_low_nominal,20.0,N0,2,0.003389100020285696,1,0,False,20
20260809,train,g020nm_cooling_low_nominal,20.0,N0,3,0.0025126000109594315,1,0,False,20
20260809,train,g020nm_cooling_low_nominal,20.0,N0,4,0.0022481999767478555,1,0,False,20
20260809,train,g020nm_cooling_low_nominal,20.0,N0,5,0.0020634999964386225,1,0,False,20
20260809,train,g020nm_cooling_low_nominal,20.0,N0,6,0.002090399997541681,1,0,False,20
20260809,train,g020nm_cooling_low_nominal,20.0,N0,7,0.0020330999977886677,1,0,False,20
20260809,train,g020nm_cooling_low_nominal,20.0,N0,8,0.00216760000330396,1,0,False,20
20260809,train,g020nm_cooling_low_nominal,20.0,N0,9,0.0030232999997679144,1,0,False,20
20260809,train,g020nm_cooling_low_nominal,20.0,N0,10,0.0022006999934092164,1,0,False,20
20260809,train,g020nm_cooling_low_nominal,20.0,N0,11,0.0019908999965991825,1,0,False,20
20260809,train,g020nm_cooling_low_nominal,20.0,N0,12,0.0019379000004846603,1,0,False,20
20260809,train,g020nm_cooling_low_nominal,20.0,N0,13,0.001981200010050088,1,0,False,20
20260809,train,g020nm_cooling_low_nominal,20.0,N0,14,0.0019614999764598906,1,0,False,20
20260809,train,g020nm_cooling_low_nominal,20.0,N0,15,0.00197500002104789,1,0,False,20
20260809,train,g020nm_cooling_low_nominal,20.0,N0,16,0.0027344000118318945,1,0,False,20
20260809,train,g020nm_cooling_low_nominal,20.0,N0,17,0.0029033999890089035,1,0,False,20
20260809,train,g020nm_cooling_low_nominal,20.0,N0,18,0.0021881999855395406,1,0,False,20
20260809,train,g020nm_cooling_low_nominal,20.0,N0,19,0.0020637999987229705,1,0,False,20
20260809,train,g020nm_cooling_low_nominal,20.0,N1,0,0.0026415000029373914,2,0,False,20
20260809,train,g020nm_cooling_low_nominal,20.0,N1,1,0.003059299982851371,2,0,False,20
20260809,train,g020nm_cooling_low_nominal,20.0,N1,2,0.0032491000019945204,2,0,False,20
20260809,train,g020nm_cooling_low_nominal,20.0,N1,3,0.0026381000061519444,2,0,False,20
20260809,train,g020nm_cooling_low_nominal,20.0,N1,4,0.0025757999974302948,2,0,False,20
20260809,train,g020nm_cooling_low_nominal,20.0,N1,5,0.0024765999987721443,2,0,False,20
20260809,train,g020nm_cooling_low_nominal,20.0,N1,6,0.0024532999959774315,2,0,False,20
20260809,train,g020nm_cooling_low_nominal,20.0,N1,7,0.0032654999813530594,2,0,False,20
20260809,train,g020nm_cooling_low_nominal,20.0,N1,8,0.003924899996491149,2,0,False,20
20260809,train,g020nm_cooling_low_nominal,20.0,N1,9,0.002620199986267835,2,0,False,20
20260809,train,g020nm_cooling_low_nominal,20.0,N1,10,0.002552499994635582,2,0,False,20
20260809,train,g020nm_cooling_low_nominal,20.0,N1,11,0.002436200011288747,2,0,False,20
20260809,train,g020nm_cooling_low_nominal,20.0,N1,12,0.002761999989161268,2,0,False,20
20260809,train,g020nm_cooling_low_nominal,20.0,N1,13,0.002847199997631833,2,0,False,20
20260809,train,g020nm_cooling_low_nominal,20.0,N1,14,0.0028168999997433275,2,0,False,20
20260809,train,g020nm_cooling_low_nominal,20.0,N1,15,0.0025104999949689955,2,0,False,20
20260809,train,g020nm_cooling_low_nominal,20.0,N1,16,0.002445499994792044,2,0,False,20
20260809,train,g020nm_cooling_low_nominal,20.0,N1,17,0.002414600021438673,2,0,False,20
20260809,train,g020nm_cooling_low_nominal,20.0,N1,18,0.003087900026002899,2,0,False,20
20260809,train,g020nm_cooling_low_nominal,20.0,N1,19,0.003197500016540289,2,0,False,20
20260809,train,g020nm_cooling_low_nominal,20.0,N2,0,0.0051250000251457095,4,0,False,20
20260809,train,g020nm_cooling_low_nominal,20.0,N2,1,0.005083700001705438,4,0,False,20
20260809,train,g020nm_cooling_low_nominal,20.0,N2,2,0.00612639999599196,4,0,False,20
20260809,train,g020nm_cooling_low_nominal,20.0,N2,3,0.005222399980993941,4,0,False,20
20260809,train,g020nm_cooling_low_nominal,20.0,N2,4,0.005044999998062849,4,0,False,20
20260809,train,g020nm_cooling_low_nominal,20.0,N2,5,0.005485899979248643,4,0,False,20
20260809,train,g020nm_cooling_low_nominal,20.0,N2,6,0.004941699997289106,4,0,False,20
20260809,train,g020nm_cooling_low_nominal,20.0,N2,7,0.004692099988460541,4,0,False,20
20260809,train,g020nm_cooling_low_nominal,20.0,N2,8,0.005108999990625307,4,0,False,20
20260809,train,g020nm_cooling_low_nominal,20.0,N2,9,0.005593799985945225,4,0,False,20
20260809,train,g020nm_cooling_low_nominal,20.0,N2,10,0.004736800008686259,4,0,False,20
20260809,train,g020nm_cooling_low_nominal,20.0,N2,11,0.005336500005796552,4,0,False,20
20260809,train,g020nm_cooling_low_nominal,20.0,N2,12,0.004799300018930808,4,0,False,20
20260809,train,g020nm_cooling_low_nominal,20.0,N2,13,0.004755100002512336,4,0,False,20
20260809,train,g020nm_cooling_low_nominal,20.0,N2,14,0.004671300004702061,4,0,False,20
20260809,train,g020nm_cooling_low_nominal,20.0,N2,15,0.005331699998350814,4,0,False,20
20260809,train,g020nm_cooling_low_nominal,20.0,N2,16,0.005226900015259162,4,0,False,20
20260809,train,g020nm_cooling_low_nominal,20.0,N2,17,0.004602100001648068,4,0,False,20
20260809,train,g020nm_cooling_low_nominal,20.0,N2,18,0.005445800023153424,4,0,False,20
20260809,train,g020nm_cooling_low_nominal,20.0,N2,19,0.005087300000013784,4,0,False,20
20260809,validation,g020nm_cooling_near-transition_localized-sink,20.0,N0,0,0.0018903999880421907,1,0,False,20
20260809,validation,g020nm_cooling_near-transition_localized-sink,20.0,N0,1,0.0018906999903265387,1,0,False,20
20260809,validation,g020nm_cooling_near-transition_localized-sink,20.0,N0,2,0.001967399992281571,1,0,False,20
20260809,validation,g020nm_cooling_near-transition_localized-sink,20.0,N0,3,0.002269499993417412,1,0,False,20
20260809,validation,g020nm_cooling_near-transition_localized-sink,20.0,N0,4,0.002306600013980642,1,0,False,20
20260809,validation,g020nm_cooling_near-transition_localized-sink,20.0,N0,5,0.0019053000141866505,1,0,False,20
20260809,validation,g020nm_cooling_near-transition_localized-sink,20.0,N0,6,0.0018159000028390437,1,0,False,20
20260809,validation,g020nm_cooling_near-transition_localized-sink,20.0,N0,7,0.001857199997175485,1,0,False,20
20260809,validation,g020nm_cooling_near-transition_localized-sink,20.0,N0,8,0.0018263999954797328,1,0,False,20
20260809,validation,g020nm_cooling_near-transition_localized-sink,20.0,N0,9,0.001829899993026629,1,0,False,20
20260809,validation,g020nm_cooling_near-transition_localized-sink,20.0,N0,10,0.0018572999979369342,1,0,False,20
20260809,validation,g020nm_cooling_near-transition_localized-sink,20.0,N0,11,0.002265499992063269,1,0,False,20
20260809,validation,g020nm_cooling_near-transition_localized-sink,20.0,N0,12,0.0027703999949153513,1,0,False,20
20260809,validation,g020nm_cooling_near-transition_localized-sink,20.0,N0,13,0.001975999999558553,1,0,False,20
20260809,validation,g020nm_cooling_near-transition_localized-sink,20.0,N0,14,0.001876900001661852,1,0,False,20
20260809,validation,g020nm_cooling_near-transition_localized-sink,20.0,N0,15,0.0018470000068191439,1,0,False,20
20260809,validation,g020nm_cooling_near-transition_localized-sink,20.0,N0,16,0.0018954000261146575,1,0,False,20
20260809,validation,g020nm_cooling_near-transition_localized-sink,20.0,N0,17,0.0018421999993734062,1,0,False,20
20260809,validation,g020nm_cooling_near-transition_localized-sink,20.0,N0,18,0.0018335000204388052,1,0,False,20
20260809,validation,g020nm_cooling_near-transition_localized-sink,20.0,N0,19,0.002659799996763468,1,0,False,20
20260809,validation,g020nm_cooling_near-transition_localized-sink,20.0,N1,0,0.0023932000040076673,2,0,False,20
20260809,validation,g020nm_cooling_near-transition_localized-sink,20.0,N1,1,0.002352400013478473,2,0,False,20
20260809,validation,g020nm_cooling_near-transition_localized-sink,20.0,N1,2,0.0023575000232085586,2,0,False,20
20260809,validation,g020nm_cooling_near-transition_localized-sink,20.0,N1,3,0.002343699976336211,2,0,False,20
20260809,validation,g020nm_cooling_near-transition_localized-sink,20.0,N1,4,0.003265000006649643,2,0,False,20
20260809,validation,g020nm_cooling_near-transition_localized-sink,20.0,N1,5,0.0037721999979112297,2,0,False,20
20260809,validation,g020nm_cooling_near-transition_localized-sink,20.0,N1,6,0.002571299992268905,2,0,False,20
20260809,validation,g020nm_cooling_near-transition_localized-sink,20.0,N1,7,0.0023778000031597912,2,0,False,20
20260809,validation,g020nm_cooling_near-transition_localized-sink,20.0,N1,8,0.002357799996389076,2,0,False,20
20260809,validation,g020nm_cooling_near-transition_localized-sink,20.0,N1,9,0.002314000012120232,2,0,False,20
20260809,validation,g020nm_cooling_near-transition_localized-sink,20.0,N1,10,0.0029839000198990107,2,0,False,20
20260809,validation,g020nm_cooling_near-transition_localized-sink,20.0,N1,11,0.0028925000224262476,2,0,False,20
20260809,validation,g020nm_cooling_near-transition_localized-sink,20.0,N1,12,0.0023830000136513263,2,0,False,20
20260809,validation,g020nm_cooling_near-transition_localized-sink,20.0,N1,13,0.002328899980057031,2,0,False,20
20260809,validation,g020nm_cooling_near-transition_localized-sink,20.0,N1,14,0.002279300009831786,2,0,False,20
20260809,validation,g020nm_cooling_near-transition_localized-sink,20.0,N1,15,0.002290000003995374,2,0,False,20
20260809,validation,g020nm_cooling_near-transition_localized-sink,20.0,N1,16,0.002493799984222278,2,0,False,20
20260809,validation,g020nm_cooling_near-transition_localized-sink,20.0,N1,17,0.0031282000127248466,2,0,False,20
20260809,validation,g020nm_cooling_near-transition_localized-sink,20.0,N1,18,0.0026609000051394105,2,0,False,20
20260809,validation,g020nm_cooling_near-transition_localized-sink,20.0,N1,19,0.0023271999962162226,2,0,False,20
20260809,validation,g020nm_cooling_near-transition_localized-sink,20.0,N2,0,0.004896400001598522,4,0,False,20
20260809,validation,g020nm_cooling_near-transition_localized-sink,20.0,N2,1,0.005539600009797141,4,0,False,20
20260809,validation,g020nm_cooling_near-transition_localized-sink,20.0,N2,2,0.004430400003911927,4,0,False,20
20260809,validation,g020nm_cooling_near-transition_localized-sink,20.0,N2,3,0.007392299972707406,4,0,False,20
20260809,validation,g020nm_cooling_near-transition_localized-sink,20.0,N2,4,0.006533199979458004,4,0,False,20
20260809,validation,g020nm_cooling_near-transition_localized-sink,20.0,N2,5,0.006015099992509931,4,0,False,20
20260809,validation,g020nm_cooling_near-transition_localized-sink,20.0,N2,6,0.00936970001203008,4,0,False,20
20260809,validation,g020nm_cooling_near-transition_localized-sink,20.0,N2,7,0.007276000018464401,4,0,False,20
20260809,validation,g020nm_cooling_near-transition_localized-sink,20.0,N2,8,0.0106734000146389,4,0,False,20
20260809,validation,g020nm_cooling_near-transition_localized-sink,20.0,N2,9,0.0062744999886490405,4,0,False,20
20260809,validation,g020nm_cooling_near-transition_localized-sink,20.0,N2,10,0.006770699983462691,4,0,False,20
20260809,validation,g020nm_cooling_near-transition_localized-sink,20.0,N2,11,0.006436399999074638,4,0,False,20
20260809,validation,g020nm_cooling_near-transition_localized-sink,20.0,N2,12,0.005660099996021017,4,0,False,20
20260809,validation,g020nm_cooling_near-transition_localized-sink,20.0,N2,13,0.007777999999234453,4,0,False,20
20260809,validation,g020nm_cooling_near-transition_localized-sink,20.0,N2,14,0.005486100009875372,4,0,False,20
20260809,validation,g020nm_cooling_near-transition_localized-sink,20.0,N2,15,0.005434399994555861,4,0,False,20
20260809,validation,g020nm_cooling_near-transition_localized-sink,20.0,N2,16,0.006721300014760345,4,0,False,20
20260809,validation,g020nm_cooling_near-transition_localized-sink,20.0,N2,17,0.005059199989773333,4,0,False,20
20260809,validation,g020nm_cooling_near-transition_localized-sink,20.0,N2,18,0.0052460999868344516,4,0,False,20
20260809,validation,g020nm_cooling_near-transition_localized-sink,20.0,N2,19,0.00570409998181276,4,0,False,20
20260809,train,g020nm_cooling_near-transition_nominal,20.0,N0,0,0.001995300000999123,1,0,False,20
20260809,train,g020nm_cooling_near-transition_nominal,20.0,N0,1,0.0018950000230688602,1,0,False,20
20260809,train,g020nm_cooling_near-transition_nominal,20.0,N0,2,0.0018869999912567437,1,0,False,20
20260809,train,g020nm_cooling_near-transition_nominal,20.0,N0,3,0.0028581999940797687,1,0,False,20
20260809,train,g020nm_cooling_near-transition_nominal,20.0,N0,4,0.0025123999803327024,1,0,False,20
20260809,train,g020nm_cooling_near-transition_nominal,20.0,N0,5,0.0019905999943148345,1,0,False,20
20260809,train,g020nm_cooling_near-transition_nominal,20.0,N0,6,0.0018985999922733754,1,0,False,20
20260809,train,g020nm_cooling_near-transition_nominal,20.0,N0,7,0.0018580000032670796,1,0,False,20
20260809,train,g020nm_cooling_near-transition_nominal,20.0,N0,8,0.0018536999996285886,1,0,False,20
20260809,train,g020nm_cooling_near-transition_nominal,20.0,N0,9,0.0018612999992910773,1,0,False,20
20260809,train,g020nm_cooling_near-transition_nominal,20.0,N0,10,0.0027784999983850867,1,0,False,20
20260809,train,g020nm_cooling_near-transition_nominal,20.0,N0,11,0.0036640000180341303,1,0,False,20
20260809,train,g020nm_cooling_near-transition_nominal,20.0,N0,12,0.0022006000217515975,1,0,False,20
20260809,train,g020nm_cooling_near-transition_nominal,20.0,N0,13,0.0020024000259581953,1,0,False,20
20260809,train,g020nm_cooling_near-transition_nominal,20.0,N0,14,0.0019001000036951154,1,0,False,20
20260809,train,g020nm_cooling_near-transition_nominal,20.0,N0,15,0.001893200009362772,1,0,False,20
20260809,train,g020nm_cooling_near-transition_nominal,20.0,N0,16,0.0018646999960765243,1,0,False,20
20260809,train,g020nm_cooling_near-transition_nominal,20.0,N0,17,0.0038210999919101596,1,0,False,20
20260809,train,g020nm_cooling_near-transition_nominal,20.0,N0,18,0.004119999997783452,1,0,False,20
20260809,train,g020nm_cooling_near-transition_nominal,20.0,N0,19,0.0022216000070329756,1,0,False,20
20260809,train,g020nm_cooling_near-transition_nominal,20.0,N1,0,0.0031710999901406467,2,0,False,20
20260809,train,g020nm_cooling_near-transition_nominal,20.0,N1,1,0.004311800003051758,2,0,False,20
20260809,train,g020nm_cooling_near-transition_nominal,20.0,N1,2,0.0031466000073123723,2,0,False,20
20260809,train,g020nm_cooling_near-transition_nominal,20.0,N1,3,0.0026107000012416393,2,0,False,20
20260809,train,g020nm_cooling_near-transition_nominal,20.0,N1,4,0.0023828000121284276,2,0,False,20
20260809,train,g020nm_cooling_near-transition_nominal,20.0,N1,5,0.002379699988523498,2,0,False,20
20260809,train,g020nm_cooling_near-transition_nominal,20.0,N1,6,0.002486399986082688,2,0,False,20
20260809,train,g020nm_cooling_near-transition_nominal,20.0,N1,7,0.0033161000174004585,2,0,False,20
20260809,train,g020nm_cooling_near-transition_nominal,20.0,N1,8,0.003753800003323704,2,0,False,20
20260809,train,g020nm_cooling_near-transition_nominal,20.0,N1,9,0.003365599986864254,2,0,False,20
20260809,train,g020nm_cooling_near-transition_nominal,20.0,N1,10,0.0027222999779041857,2,0,False,20
20260809,train,g020nm_cooling_near-transition_nominal,20.0,N1,11,0.0027701000217348337,2,0,False,20
20260809,train,g020nm_cooling_near-transition_nominal,20.0,N1,12,0.002426699997158721,2,0,False,20
20260809,train,g020nm_cooling_near-transition_nominal,20.0,N1,13,0.0035315999994054437,2,0,False,20
20260809,train,g020nm_cooling_near-transition_nominal,20.0,N1,14,0.0026809000119101256,2,0,False,20
20260809,train,g020nm_cooling_near-transition_nominal,20.0,N1,15,0.002417900017462671,2,0,False,20
20260809,train,g020nm_cooling_near-transition_nominal,20.0,N1,16,0.0025625999842304736,2,0,False,20
20260809,train,g020nm_cooling_near-transition_nominal,20.0,N1,17,0.0029701000021304935,2,0,False,20
20260809,train,g020nm_cooling_near-transition_nominal,20.0,N1,18,0.0024670000129844993,2,0,False,20
20260809,train,g020nm_cooling_near-transition_nominal,20.0,N1,19,0.0035562999837566167,2,0,False,20
20260809,train,g020nm_cooling_near-transition_nominal,20.0,N2,0,0.005436099978396669,4,0,False,20
20260809,train,g020nm_cooling_near-transition_nominal,20.0,N2,1,0.005699200002709404,4,0,False,20
20260809,train,g020nm_cooling_near-transition_nominal,20.0,N2,2,0.005468899995321408,4,0,False,20
20260809,train,g020nm_cooling_near-transition_nominal,20.0,N2,3,0.004914299992378801,4,0,False,20
20260809,train,g020nm_cooling_near-transition_nominal,20.0,N2,4,0.00535900000249967,4,0,False,20
20260809,train,g020nm_cooling_near-transition_nominal,20.0,N2,5,0.006155299983220175,4,0,False,20
20260809,train,g020nm_cooling_near-transition_nominal,20.0,N2,6,0.005185200017876923,4,0,False,20
20260809,train,g020nm_cooling_near-transition_nominal,20.0,N2,7,0.005348200007574633,4,0,False,20
20260809,train,g020nm_cooling_near-transition_nominal,20.0,N2,8,0.008199800009606406,4,0,False,20
20260809,train,g020nm_cooling_near-transition_nominal,20.0,N2,9,0.004978499986464158,4,0,False,20
20260809,train,g020nm_cooling_near-transition_nominal,20.0,N2,10,0.006892900011735037,4,0,False,20
20260809,train,g020nm_cooling_near-transition_nominal,20.0,N2,11,0.005176900012884289,4,0,False,20
20260809,train,g020nm_cooling_near-transition_nominal,20.0,N2,12,0.004835400002775714,4,0,False,20
20260809,train,g020nm_cooling_near-transition_nominal,20.0,N2,13,0.007312200003070757,4,0,False,20
20260809,train,g020nm_cooling_near-transition_nominal,20.0,N2,14,0.004970399982994422,4,0,False,20
20260809,train,g020nm_cooling_near-transition_nominal,20.0,N2,15,0.004863000009208918,4,0,False,20
20260809,train,g020nm_cooling_near-transition_nominal,20.0,N2,16,0.007786000001942739,4,0,False,20
20260809,train,g020nm_cooling_near-transition_nominal,20.0,N2,17,0.004752799984999001,4,0,False,20
20260809,train,g020nm_cooling_near-transition_nominal,20.0,N2,18,0.005992699996568263,4,0,False,20
20260809,train,g020nm_cooling_near-transition_nominal,20.0,N2,19,0.006304999988060445,4,0,False,20
20260809,validation,g020nm_heating_high_localized-sink,20.0,N0,0,0.0018951999954879284,1,0,False,20
20260809,validation,g020nm_heating_high_localized-sink,20.0,N0,1,0.0022653999913018197,1,0,False,20
20260809,validation,g020nm_heating_high_localized-sink,20.0,N0,2,0.0027196999872103333,1,0,False,20
20260809,validation,g020nm_heating_high_localized-sink,20.0,N0,3,0.002898399980040267,1,0,False,20
20260809,validation,g020nm_heating_high_localized-sink,20.0,N0,4,0.002130000008037314,1,0,False,20
20260809,validation,g020nm_heating_high_localized-sink,20.0,N0,5,0.0018733000033535063,1,0,False,20
20260809,validation,g020nm_heating_high_localized-sink,20.0,N0,6,0.0019625999848358333,1,0,False,20
20260809,validation,g020nm_heating_high_localized-sink,20.0,N0,7,0.0018543000041972846,1,0,False,20
20260809,validation,g020nm_heating_high_localized-sink,20.0,N0,8,0.002010700001846999,1,0,False,20
20260809,validation,g020nm_heating_high_localized-sink,20.0,N0,9,0.0020763000065926462,1,0,False,20
20260809,validation,g020nm_heating_high_localized-sink,20.0,N0,10,0.0026649999781511724,1,0,False,20
20260809,validation,g020nm_heating_high_localized-sink,20.0,N0,11,0.002050400013104081,1,0,False,20
20260809,validation,g020nm_heating_high_localized-sink,20.0,N0,12,0.0018814999784808606,1,0,False,20
20260809,validation,g020nm_heating_high_localized-sink,20.0,N0,13,0.001859900017734617,1,0,False,20
20260809,validation,g020nm_heating_high_localized-sink,20.0,N0,14,0.0018478000129107386,1,0,False,20
20260809,validation,g020nm_heating_high_localized-sink,20.0,N0,15,0.0018421999993734062,1,0,False,20
20260809,validation,g020nm_heating_high_localized-sink,20.0,N0,16,0.0019560999935492873,1,0,False,20
20260809,validation,g020nm_heating_high_localized-sink,20.0,N0,17,0.001957500004209578,1,0,False,20
20260809,validation,g020nm_heating_high_localized-sink,20.0,N0,18,0.002177499991375953,1,0,False,20
20260809,validation,g020nm_heating_high_localized-sink,20.0,N0,19,0.0021908999769948423,1,0,False,20
20260809,validation,g020nm_heating_high_localized-sink,20.0,N1,0,0.0023385999957099557,2,0,False,20
20260809,validation,g020nm_heating_high_localized-sink,20.0,N1,1,0.0023167000035755336,2,0,False,20
20260809,validation,g020nm_heating_high_localized-sink,20.0,N1,2,0.0026154000079259276,2,0,False,20
20260809,validation,g020nm_heating_high_localized-sink,20.0,N1,3,0.0024272000009659678,2,0,False,20
20260809,validation,g020nm_heating_high_localized-sink,20.0,N1,4,0.0028439000016078353,2,0,False,20
20260809,validation,g020nm_heating_high_localized-sink,20.0,N1,5,0.0029609999910462648,2,0,False,20
20260809,validation,g020nm_heating_high_localized-sink,20.0,N1,6,0.0027101000014226884,2,0,False,20
20260809,validation,g020nm_heating_high_localized-sink,20.0,N1,7,0.002941399987321347,2,0,False,20
20260809,validation,g020nm_heating_high_localized-sink,20.0,N1,8,0.0028294000076130033,2,0,False,20
20260809,validation,g020nm_heating_high_localized-sink,20.0,N1,9,0.00273949999245815,2,0,False,20
20260809,validation,g020nm_heating_high_localized-sink,20.0,N1,10,0.0031728999747429043,2,0,False,20
20260809,validation,g020nm_heating_high_localized-sink,20.0,N1,11,0.002784400014206767,2,0,False,20
20260809,validation,g020nm_heating_high_localized-sink,20.0,N1,12,0.002652300026966259,2,0,False,20
20260809,validation,g020nm_heating_high_localized-sink,20.0,N1,13,0.0034469000238459557,2,0,False,20
20260809,validation,g020nm_heating_high_localized-sink,20.0,N1,14,0.002719500014791265,2,0,False,20
20260809,validation,g020nm_heating_high_localized-sink,20.0,N1,15,0.0027359999949112535,2,0,False,20
20260809,validation,g020nm_heating_high_localized-sink,20.0,N1,16,0.0033503999875392765,2,0,False,20
20260809,validation,g020nm_heating_high_localized-sink,20.0,N1,17,0.002741400006925687,2,0,False,20
20260809,validation,g020nm_heating_high_localized-sink,20.0,N1,18,0.0031528000254184008,2,0,False,20
20260809,validation,g020nm_heating_high_localized-sink,20.0,N1,19,0.0027852000202983618,2,0,False,20
20260809,validation,g020nm_heating_high_localized-sink,20.0,N2,0,0.0059250999765936285,4,0,False,20
20260809,validation,g020nm_heating_high_localized-sink,20.0,N2,1,0.0052146000089123845,4,0,False,20
20260809,validation,g020nm_heating_high_localized-sink,20.0,N2,2,0.005643900018185377,4,0,False,20
20260809,validation,g020nm_heating_high_localized-sink,20.0,N2,3,0.005815500015160069,4,0,False,20
20260809,validation,g020nm_heating_high_localized-sink,20.0,N2,4,0.005264199979137629,4,0,False,20
20260809,validation,g020nm_heating_high_localized-sink,20.0,N2,5,0.00570860001607798,4,0,False,20
20260809,validation,g020nm_heating_high_localized-sink,20.0,N2,6,0.005883300007553771,4,0,False,20
20260809,validation,g020nm_heating_high_localized-sink,20.0,N2,7,0.0050857999885920435,4,0,False,20
20260809,validation,g020nm_heating_high_localized-sink,20.0,N2,8,0.005398799985414371,4,0,False,20
20260809,validation,g020nm_heating_high_localized-sink,20.0,N2,9,0.006614799989620224,4,0,False,20
20260809,validation,g020nm_heating_high_localized-sink,20.0,N2,10,0.005024899990530685,4,0,False,20
20260809,validation,g020nm_heating_high_localized-sink,20.0,N2,11,0.0057620000152383,4,0,False,20
20260809,validation,g020nm_heating_high_localized-sink,20.0,N2,12,0.0053629000030923635,4,0,False,20
20260809,validation,g020nm_heating_high_localized-sink,20.0,N2,13,0.004940099985105917,4,0,False,20
20260809,validation,g020nm_heating_high_localized-sink,20.0,N2,14,0.006329199997708201,4,0,False,20
20260809,validation,g020nm_heating_high_localized-sink,20.0,N2,15,0.005626400001347065,4,0,False,20
20260809,validation,g020nm_heating_high_localized-sink,20.0,N2,16,0.004971400019712746,4,0,False,20
20260809,validation,g020nm_heating_high_localized-sink,20.0,N2,17,0.008950600022217259,4,0,False,20
20260809,validation,g020nm_heating_high_localized-sink,20.0,N2,18,0.005226700013736263,4,0,False,20
20260809,validation,g020nm_heating_high_localized-sink,20.0,N2,19,0.00520489999325946,4,0,False,20
20260809,train,g020nm_heating_high_nominal,20.0,N0,0,0.001934400002937764,1,0,False,20
20260809,train,g020nm_heating_high_nominal,20.0,N0,1,0.0018414999940432608,1,0,False,20
20260809,train,g020nm_heating_high_nominal,20.0,N0,2,0.001870799984317273,1,0,False,20
20260809,train,g020nm_heating_high_nominal,20.0,N0,3,0.00227580001228489,1,0,False,20
20260809,train,g020nm_heating_high_nominal,20.0,N0,4,0.0027756000054068863,1,0,False,20
20260809,train,g020nm_heating_high_nominal,20.0,N0,5,0.0022382999886758626,1,0,False,20
20260809,train,g020nm_heating_high_nominal,20.0,N0,6,0.002741799980867654,1,0,False,20
20260809,train,g020nm_heating_high_nominal,20.0,N0,7,0.002435500005958602,1,0,False,20
20260809,train,g020nm_heating_high_nominal,20.0,N0,8,0.001891099993372336,1,0,False,20
20260809,train,g020nm_heating_high_nominal,20.0,N0,9,0.0018493999959900975,1,0,False,20
20260809,train,g020nm_heating_high_nominal,20.0,N0,10,0.0022755999816581607,1,0,False,20
20260809,train,g020nm_heating_high_nominal,20.0,N0,11,0.002131300017936155,1,0,False,20
20260809,train,g020nm_heating_high_nominal,20.0,N0,12,0.001997100014705211,1,0,False,20
20260809,train,g020nm_heating_high_nominal,20.0,N0,13,0.0021588999952655286,1,0,False,20
20260809,train,g020nm_heating_high_nominal,20.0,N0,14,0.0027959000144619495,1,0,False,20
20260809,train,g020nm_heating_high_nominal,20.0,N0,15,0.002139200019882992,1,0,False,20
20260809,train,g020nm_heating_high_nominal,20.0,N0,16,0.0019577999773900956,1,0,False,20
20260809,train,g020nm_heating_high_nominal,20.0,N0,17,0.002222300012363121,1,0,False,20
20260809,train,g020nm_heating_high_nominal,20.0,N0,18,0.0020557999960146844,1,0,False,20
20260809,train,g020nm_heating_high_nominal,20.0,N0,19,0.001901299983728677,1,0,False,20
20260809,train,g020nm_heating_high_nominal,20.0,N1,0,0.0035152999917045236,2,0,False,20
20260809,train,g020nm_heating_high_nominal,20.0,N1,1,0.002739899995503947,2,0,False,20
20260809,train,g020nm_heating_high_nominal,20.0,N1,2,0.002685099985683337,2,0,False,20
20260809,train,g020nm_heating_high_nominal,20.0,N1,3,0.0025575000036042184,2,0,False,20
20260809,train,g020nm_heating_high_nominal,20.0,N1,4,0.002428899984806776,2,0,False,20
20260809,train,g020nm_heating_high_nominal,20.0,N1,5,0.002649400004884228,2,0,False,20
20260809,train,g020nm_heating_high_nominal,20.0,N1,6,0.003484300017589703,2,0,False,20
20260809,train,g020nm_heating_high_nominal,20.0,N1,7,0.0024295999901369214,2,0,False,20
20260809,train,g020nm_heating_high_nominal,20.0,N1,8,0.002674899995326996,2,0,False,20
20260809,train,g020nm_heating_high_nominal,20.0,N1,9,0.0023818000045139343,2,0,False,20
20260809,train,g020nm_heating_high_nominal,20.0,N1,10,0.0027077000122517347,2,0,False,20
20260809,train,g020nm_heating_high_nominal,20.0,N1,11,0.0030858999816700816,2,0,False,20
20260809,train,g020nm_heating_high_nominal,20.0,N1,12,0.004199099988909438,2,0,False,20
20260809,train,g020nm_heating_high_nominal,20.0,N1,13,0.0039613999833818525,2,0,False,20
20260809,train,g020nm_heating_high_nominal,20.0,N1,14,0.0026891000161413103,2,0,False,20
20260809,train,g020nm_heating_high_nominal,20.0,N1,15,0.002700100012589246,2,0,False,20
20260809,train,g020nm_heating_high_nominal,20.0,N1,16,0.0027467999898362905,2,0,False,20
20260809,train,g020nm_heating_high_nominal,20.0,N1,17,0.004185400001006201,2,0,False,20
20260809,train,g020nm_heating_high_nominal,20.0,N1,18,0.0030838000238873065,2,0,False,20
20260809,train,g020nm_heating_high_nominal,20.0,N1,19,0.0031977000180631876,2,0,False,20
20260809,train,g020nm_heating_high_nominal,20.0,N2,0,0.007265899999765679,4,0,False,20
20260809,train,g020nm_heating_high_nominal,20.0,N2,1,0.006633799988776445,4,0,False,20
20260809,train,g020nm_heating_high_nominal,20.0,N2,2,0.007382199983112514,4,0,False,20
20260809,train,g020nm_heating_high_nominal,20.0,N2,3,0.0048562999872956425,4,0,False,20
20260809,train,g020nm_heating_high_nominal,20.0,N2,4,0.004721300007076934,4,0,False,20
20260809,train,g020nm_heating_high_nominal,20.0,N2,5,0.010355600010370836,4,0,False,20
20260809,train,g020nm_heating_high_nominal,20.0,N2,6,0.0061858000117354095,4,0,False,20
20260809,train,g020nm_heating_high_nominal,20.0,N2,7,0.008800600015092641,4,0,False,20
20260809,train,g020nm_heating_high_nominal,20.0,N2,8,0.005136899999342859,4,0,False,20
20260809,train,g020nm_heating_high_nominal,20.0,N2,9,0.0070072000089567155,4,0,False,20
20260809,train,g020nm_heating_high_nominal,20.0,N2,10,0.009084200020879507,4,0,False,20
20260809,train,g020nm_heating_high_nominal,20.0,N2,11,0.005939900001976639,4,0,False,20
20260809,train,g020nm_heating_high_nominal,20.0,N2,12,0.008021899993764237,4,0,False,20
20260809,train,g020nm_heating_high_nominal,20.0,N2,13,0.008894700004020706,4,0,False,20
20260809,train,g020nm_heating_high_nominal,20.0,N2,14,0.011936099996091798,4,0,False,20
20260809,train,g020nm_heating_high_nominal,20.0,N2,15,0.007960899994941428,4,0,False,20
20260809,train,g020nm_heating_high_nominal,20.0,N2,16,0.01011939998716116,4,0,False,20
20260809,train,g020nm_heating_high_nominal,20.0,N2,17,0.012491200002841651,4,0,False,20
20260809,train,g020nm_heating_high_nominal,20.0,N2,18,0.015323100000387058,4,0,False,20
20260809,train,g020nm_heating_high_nominal,20.0,N2,19,0.012881400005426258,4,0,False,20
20260809,train,g020nm_heating_low_localized-sink,20.0,N0,0,0.009067700011655688,1,0,False,20
20260809,train,g020nm_heating_low_localized-sink,20.0,N0,1,0.006919999985257164,1,0,False,20
20260809,train,g020nm_heating_low_localized-sink,20.0,N0,2,0.008458299998892471,1,0,False,20
20260809,train,g020nm_heating_low_localized-sink,20.0,N0,3,0.00953560002380982,1,0,False,20
20260809,train,g020nm_heating_low_localized-sink,20.0,N0,4,0.0066503999987617135,1,0,False,20
20260809,train,g020nm_heating_low_localized-sink,20.0,N0,5,0.005537499993806705,1,0,False,20
20260809,train,g020nm_heating_low_localized-sink,20.0,N0,6,0.007770700001856312,1,0,False,20
20260809,train,g020nm_heating_low_localized-sink,20.0,N0,7,0.010525899997446686,1,0,False,20
20260809,train,g020nm_heating_low_localized-sink,20.0,N0,8,0.0101548999955412,1,0,False,20
20260809,train,g020nm_heating_low_localized-sink,20.0,N0,9,0.013599000027170405,1,0,False,20
20260809,train,g020nm_heating_low_localized-sink,20.0,N0,10,0.02163430000655353,1,0,False,20
20260809,train,g020nm_heating_low_localized-sink,20.0,N0,11,0.025556700013112277,1,0,False,20
20260809,train,g020nm_heating_low_localized-sink,20.0,N0,12,0.025401199993211776,1,0,False,20
20260809,train,g020nm_heating_low_localized-sink,20.0,N0,13,0.020460700005060062,1,0,False,20
20260809,train,g020nm_heating_low_localized-sink,20.0,N0,14,0.024722700007259846,1,0,False,20
20260809,train,g020nm_heating_low_localized-sink,20.0,N0,15,0.01958510000258684,1,0,False,20
20260809,train,g020nm_heating_low_localized-sink,20.0,N0,16,0.02042559999972582,1,0,False,20
20260809,train,g020nm_heating_low_localized-sink,20.0,N0,17,0.015411300002597272,1,0,False,20
20260809,train,g020nm_heating_low_localized-sink,20.0,N0,18,0.014145799999823794,1,0,False,20
20260809,train,g020nm_heating_low_localized-sink,20.0,N0,19,0.018345600023167208,1,0,False,20
20260809,train,g020nm_heating_low_localized-sink,20.0,N1,0,0.027333699981682003,2,0,False,20
20260809,train,g020nm_heating_low_localized-sink,20.0,N1,1,0.026673800020944327,2,0,False,20
20260809,train,g020nm_heating_low_localized-sink,20.0,N1,2,0.024946499994257465,2,0,False,20
20260809,train,g020nm_heating_low_localized-sink,20.0,N1,3,0.01180829998338595,2,0,False,20
20260809,train,g020nm_heating_low_localized-sink,20.0,N1,4,0.026419500005431473,2,0,False,20
20260809,train,g020nm_heating_low_localized-sink,20.0,N1,5,0.014887900004396215,2,0,False,20
20260809,train,g020nm_heating_low_localized-sink,20.0,N1,6,0.013516900013200939,2,0,False,20
20260809,train,g020nm_heating_low_localized-sink,20.0,N1,7,0.023370200011413544,2,0,False,20
20260809,train,g020nm_heating_low_localized-sink,20.0,N1,8,0.01636879998841323,2,0,False,20
20260809,train,g020nm_heating_low_localized-sink,20.0,N1,9,0.0099476000177674,2,0,False,20
20260809,train,g020nm_heating_low_localized-sink,20.0,N1,10,0.01906240000971593,2,0,False,20
20260809,train,g020nm_heating_low_localized-sink,20.0,N1,11,0.012759800010826439,2,0,False,20
20260809,train,g020nm_heating_low_localized-sink,20.0,N1,12,0.013563899992732331,2,0,False,20
20260809,train,g020nm_heating_low_localized-sink,20.0,N1,13,0.016394399979617447,2,0,False,20
20260809,train,g020nm_heating_low_localized-sink,20.0,N1,14,0.022408999997423962,2,0,False,20
20260809,train,g020nm_heating_low_localized-sink,20.0,N1,15,0.03402410002308898,2,0,False,20
20260809,train,g020nm_heating_low_localized-sink,20.0,N1,16,0.02785000001313165,2,0,False,20
20260809,train,g020nm_heating_low_localized-sink,20.0,N1,17,0.015795799990883097,2,0,False,20
20260809,train,g020nm_heating_low_localized-sink,20.0,N1,18,0.010770799999590963,2,0,False,20
20260809,train,g020nm_heating_low_localized-sink,20.0,N1,19,0.017609200003789738,2,0,False,20
20260809,train,g020nm_heating_low_localized-sink,20.0,N2,0,0.031117800011998042,4,0,False,20
20260809,train,g020nm_heating_low_localized-sink,20.0,N2,1,0.038261799985775724,4,0,False,20
20260809,train,g020nm_heating_low_localized-sink,20.0,N2,2,0.06894939998164773,4,0,False,20
20260809,train,g020nm_heating_low_localized-sink,20.0,N2,3,0.06351640002685599,4,0,False,20
20260809,train,g020nm_heating_low_localized-sink,20.0,N2,4,0.05776580001111142,4,0,False,20
20260809,train,g020nm_heating_low_localized-sink,20.0,N2,5,0.06904410000424832,4,0,False,20
20260809,train,g020nm_heating_low_localized-sink,20.0,N2,6,0.05046680002124049,4,0,False,20
20260809,train,g020nm_heating_low_localized-sink,20.0,N2,7,0.03747000001021661,4,0,False,20
20260809,train,g020nm_heating_low_localized-sink,20.0,N2,8,0.05170700000599027,4,0,False,20
20260809,train,g020nm_heating_low_localized-sink,20.0,N2,9,0.04955550000886433,4,0,False,20
20260809,train,g020nm_heating_low_localized-sink,20.0,N2,10,0.05494229999021627,4,0,False,20
20260809,train,g020nm_heating_low_localized-sink,20.0,N2,11,0.07070400001248345,4,0,False,20
20260809,train,g020nm_heating_low_localized-sink,20.0,N2,12,0.056977500003995374,4,0,False,20
20260809,train,g020nm_heating_low_localized-sink,20.0,N2,13,0.03730290001840331,4,0,False,20
20260809,train,g020nm_heating_low_localized-sink,20.0,N2,14,0.023119399993447587,4,0,False,20
20260809,train,g020nm_heating_low_localized-sink,20.0,N2,15,0.028902900026878342,4,0,False,20
20260809,train,g020nm_heating_low_localized-sink,20.0,N2,16,0.0178340999991633,4,0,False,20
20260809,train,g020nm_heating_low_localized-sink,20.0,N2,17,0.07919750001747161,4,0,False,20
20260809,train,g020nm_heating_low_localized-sink,20.0,N2,18,0.10155770002165809,4,0,False,20
20260809,train,g020nm_heating_low_localized-sink,20.0,N2,19,0.06588390000979416,4,0,False,20
20260809,train,g020nm_heating_low_nominal,20.0,N0,0,0.004581499990308657,1,0,False,20
20260809,train,g020nm_heating_low_nominal,20.0,N0,1,0.004880699998466298,1,0,False,20
20260809,train,g020nm_heating_low_nominal,20.0,N0,2,0.004331300006015226,1,0,False,20
20260809,train,g020nm_heating_low_nominal,20.0,N0,3,0.0029165000014472753,1,0,False,20
20260809,train,g020nm_heating_low_nominal,20.0,N0,4,0.005167399998754263,1,0,False,20
20260809,train,g020nm_heating_low_nominal,20.0,N0,5,0.0037683999980799854,1,0,False,20
20260809,train,g020nm_heating_low_nominal,20.0,N0,6,0.004251200007274747,1,0,False,20
20260809,train,g020nm_heating_low_nominal,20.0,N0,7,0.0030009000038262457,1,0,False,20
20260809,train,g020nm_heating_low_nominal,20.0,N0,8,0.009399800008395687,1,0,False,20
20260809,train,g020nm_heating_low_nominal,20.0,N0,9,0.005760000000009313,1,0,False,20
20260809,train,g020nm_heating_low_nominal,20.0,N0,10,0.007022700010566041,1,0,False,20
20260809,train,g020nm_heating_low_nominal,20.0,N0,11,0.0033654999861028045,1,0,False,20
20260809,train,g020nm_heating_low_nominal,20.0,N0,12,0.004610599979059771,1,0,False,20
20260809,train,g020nm_heating_low_nominal,20.0,N0,13,0.004862000001594424,1,0,False,20
20260809,train,g020nm_heating_low_nominal,20.0,N0,14,0.003744200017536059,1,0,False,20
20260809,train,g020nm_heating_low_nominal,20.0,N0,15,0.003704300004756078,1,0,False,20
20260809,train,g020nm_heating_low_nominal,20.0,N0,16,0.003150299977278337,1,0,False,20
20260809,train,g020nm_heating_low_nominal,20.0,N0,17,0.003751000011106953,1,0,False,20
20260809,train,g020nm_heating_low_nominal,20.0,N0,18,0.004304200003389269,1,0,False,20
20260809,train,g020nm_heating_low_nominal,20.0,N0,19,0.0033829000021796674,1,0,False,20
20260809,train,g020nm_heating_low_nominal,20.0,N1,0,0.007425599993439391,2,0,False,20
20260809,train,g020nm_heating_low_nominal,20.0,N1,1,0.008780800009844825,2,0,False,20
20260809,train,g020nm_heating_low_nominal,20.0,N1,2,0.0060563999868463725,2,0,False,20
20260809,train,g020nm_heating_low_nominal,20.0,N1,3,0.004208600003039464,2,0,False,20
20260809,train,g020nm_heating_low_nominal,20.0,N1,4,0.00702580000506714,2,0,False,20
20260809,train,g020nm_heating_low_nominal,20.0,N1,5,0.0053662999998778105,2,0,False,20
20260809,train,g020nm_heating_low_nominal,20.0,N1,6,0.0050845999794546515,2,0,False,20
20260809,train,g020nm_heating_low_nominal,20.0,N1,7,0.006071899988455698,2,0,False,20
20260809,train,g020nm_heating_low_nominal,20.0,N1,8,0.0039034000074025244,2,0,False,20
20260809,train,g020nm_heating_low_nominal,20.0,N1,9,0.00503160001244396,2,0,False,20
20260809,train,g020nm_heating_low_nominal,20.0,N1,10,0.004722400015452877,2,0,False,20
20260809,train,g020nm_heating_low_nominal,20.0,N1,11,0.0035536000214051455,2,0,False,20
20260809,train,g020nm_heating_low_nominal,20.0,N1,12,0.0035521000099834055,2,0,False,20
20260809,train,g020nm_heating_low_nominal,20.0,N1,13,0.004050799994729459,2,0,False,20
20260809,train,g020nm_heating_low_nominal,20.0,N1,14,0.007014699978753924,2,0,False,20
20260809,train,g020nm_heating_low_nominal,20.0,N1,15,0.003713899990543723,2,0,False,20
20260809,train,g020nm_heating_low_nominal,20.0,N1,16,0.0039994000107981265,2,0,False,20
20260809,train,g020nm_heating_low_nominal,20.0,N1,17,0.004644200002076104,2,0,False,20
20260809,train,g020nm_heating_low_nominal,20.0,N1,18,0.004353199998149648,2,0,False,20
20260809,train,g020nm_heating_low_nominal,20.0,N1,19,0.0035354999999981374,2,0,False,20
20260809,train,g020nm_heating_low_nominal,20.0,N2,0,0.0155314999865368,4,0,False,20
20260809,train,g020nm_heating_low_nominal,20.0,N2,1,0.01183939998736605,4,0,False,20
20260809,train,g020nm_heating_low_nominal,20.0,N2,2,0.007931600004667416,4,0,False,20
20260809,train,g020nm_heating_low_nominal,20.0,N2,3,0.00800799997523427,4,0,False,20
20260809,train,g020nm_heating_low_nominal,20.0,N2,4,0.009312400012277067,4,0,False,20
20260809,train,g020nm_heating_low_nominal,20.0,N2,5,0.00832670001545921,4,0,False,20
20260809,train,g020nm_heating_low_nominal,20.0,N2,6,0.007939600007375702,4,0,False,20
20260809,train,g020nm_heating_low_nominal,20.0,N2,7,0.009058299998287112,4,0,False,20
20260809,train,g020nm_heating_low_nominal,20.0,N2,8,0.007938700000522658,4,0,False,20
20260809,train,g020nm_heating_low_nominal,20.0,N2,9,0.01016979999258183,4,0,False,20
20260809,train,g020nm_heating_low_nominal,20.0,N2,10,0.007271399983437732,4,0,False,20
20260809,train,g020nm_heating_low_nominal,20.0,N2,11,0.006548799981828779,4,0,False,20
20260809,train,g020nm_heating_low_nominal,20.0,N2,12,0.007574499992188066,4,0,False,20
20260809,train,g020nm_heating_low_nominal,20.0,N2,13,0.006686700013233349,4,0,False,20
20260809,train,g020nm_heating_low_nominal,20.0,N2,14,0.008575799991376698,4,0,False,20
20260809,train,g020nm_heating_low_nominal,20.0,N2,15,0.0071860000025480986,4,0,False,20
20260809,train,g020nm_heating_low_nominal,20.0,N2,16,0.007412300008581951,4,0,False,20
20260809,train,g020nm_heating_low_nominal,20.0,N2,17,0.008157600008416921,4,0,False,20
20260809,train,g020nm_heating_low_nominal,20.0,N2,18,0.008517000009305775,4,0,False,20
20260809,train,g020nm_heating_low_nominal,20.0,N2,19,0.007401199982268736,4,0,False,20
20260809,train,g020nm_heating_near-transition_localized-sink,20.0,N0,0,0.002843800000846386,1,0,False,20
20260809,train,g020nm_heating_near-transition_localized-sink,20.0,N0,1,0.0035681999870575964,1,0,False,20
20260809,train,g020nm_heating_near-transition_localized-sink,20.0,N0,2,0.0030932999798096716,1,0,False,20
20260809,train,g020nm_heating_near-transition_localized-sink,20.0,N0,3,0.0038951000024098903,1,0,False,20
20260809,train,g020nm_heating_near-transition_localized-sink,20.0,N0,4,0.004723599995486438,1,0,False,20
20260809,train,g020nm_heating_near-transition_localized-sink,20.0,N0,5,0.0033082000154536217,1,0,False,20
20260809,train,g020nm_heating_near-transition_localized-sink,20.0,N0,6,0.002772400010144338,1,0,False,20
20260809,train,g020nm_heating_near-transition_localized-sink,20.0,N0,7,0.002531599981011823,1,0,False,20
20260809,train,g020nm_heating_near-transition_localized-sink,20.0,N0,8,0.004666499997256324,1,0,False,20
20260809,train,g020nm_heating_near-transition_localized-sink,20.0,N0,9,0.005851399997482076,1,0,False,20
20260809,train,g020nm_heating_near-transition_localized-sink,20.0,N0,10,0.005548199987970293,1,0,False,20
20260809,train,g020nm_heating_near-transition_localized-sink,20.0,N0,11,0.04002210000180639,1,0,False,20
20260809,train,g020nm_heating_near-transition_localized-sink,20.0,N0,12,0.014625100011471659,1,0,False,20
20260809,train,g020nm_heating_near-transition_localized-sink,20.0,N0,13,0.009951600019121543,1,0,False,20
20260809,train,g020nm_heating_near-transition_localized-sink,20.0,N0,14,0.011663799989037216,1,0,False,20
20260809,train,g020nm_heating_near-transition_localized-sink,20.0,N0,15,0.01199950001318939,1,0,False,20
20260809,train,g020nm_heating_near-transition_localized-sink,20.0,N0,16,0.016309800004819408,1,0,False,20
20260809,train,g020nm_heating_near-transition_localized-sink,20.0,N0,17,0.007960100017953664,1,0,False,20
20260809,train,g020nm_heating_near-transition_localized-sink,20.0,N0,18,0.004619199986336753,1,0,False,20
20260809,train,g020nm_heating_near-transition_localized-sink,20.0,N0,19,0.004129899985855445,1,0,False,20
20260809,train,g020nm_heating_near-transition_localized-sink,20.0,N1,0,0.005754699988756329,2,0,False,20
20260809,train,g020nm_heating_near-transition_localized-sink,20.0,N1,1,0.0062929999839980155,2,0,False,20
20260809,train,g020nm_heating_near-transition_localized-sink,20.0,N1,2,0.009514100005617365,2,0,False,20
20260809,train,g020nm_heating_near-transition_localized-sink,20.0,N1,3,0.0054663999762851745,2,0,False,20
20260809,train,g020nm_heating_near-transition_localized-sink,20.0,N1,4,0.0088986000046134,2,0,False,20
20260809,train,g020nm_heating_near-transition_localized-sink,20.0,N1,5,0.0038674000243190676,2,0,False,20
20260809,train,g020nm_heating_near-transition_localized-sink,20.0,N1,6,0.004952400020556524,2,0,False,20
20260809,train,g020nm_heating_near-transition_localized-sink,20.0,N1,7,0.0047750999801792204,2,0,False,20
20260809,train,g020nm_heating_near-transition_localized-sink,20.0,N1,8,0.007607099978486076,2,0,False,20
20260809,train,g020nm_heating_near-transition_localized-sink,20.0,N1,9,0.005534199997782707,2,0,False,20
20260809,train,g020nm_heating_near-transition_localized-sink,20.0,N1,10,0.004057899990584701,2,0,False,20
20260809,train,g020nm_heating_near-transition_localized-sink,20.0,N1,11,0.004782800009706989,2,0,False,20
20260809,train,g020nm_heating_near-transition_localized-sink,20.0,N1,12,0.003860800003167242,2,0,False,20
20260809,train,g020nm_heating_near-transition_localized-sink,20.0,N1,13,0.01010149999638088,2,0,False,20
20260809,train,g020nm_heating_near-transition_localized-sink,20.0,N1,14,0.014530799991916865,2,0,False,20
20260809,train,g020nm_heating_near-transition_localized-sink,20.0,N1,15,0.005269100016448647,2,0,False,20
20260809,train,g020nm_heating_near-transition_localized-sink,20.0,N1,16,0.005178700026590377,2,0,False,20
20260809,train,g020nm_heating_near-transition_localized-sink,20.0,N1,17,0.007020899996859953,2,0,False,20
20260809,train,g020nm_heating_near-transition_localized-sink,20.0,N1,18,0.004590500000631437,2,0,False,20
20260809,train,g020nm_heating_near-transition_localized-sink,20.0,N1,19,0.004870899982051924,2,0,False,20
20260809,train,g020nm_heating_near-transition_localized-sink,20.0,N2,0,0.01477310000336729,4,0,False,20
20260809,train,g020nm_heating_near-transition_localized-sink,20.0,N2,1,0.017602399981115013,4,0,False,20
20260809,train,g020nm_heating_near-transition_localized-sink,20.0,N2,2,0.019488299993099645,4,0,False,20
20260809,train,g020nm_heating_near-transition_localized-sink,20.0,N2,3,0.012975099991308525,4,0,False,20
20260809,train,g020nm_heating_near-transition_localized-sink,20.0,N2,4,0.008725499996216968,4,0,False,20
20260809,train,g020nm_heating_near-transition_localized-sink,20.0,N2,5,0.008435600000666454,4,0,False,20
20260809,train,g020nm_heating_near-transition_localized-sink,20.0,N2,6,0.02452350000385195,4,0,False,20
20260809,train,g020nm_heating_near-transition_localized-sink,20.0,N2,7,0.019083399994997308,4,0,False,20
20260809,train,g020nm_heating_near-transition_localized-sink,20.0,N2,8,0.0117935000162106,4,0,False,20
20260809,train,g020nm_heating_near-transition_localized-sink,20.0,N2,9,0.012308600009419024,4,0,False,20
20260809,train,g020nm_heating_near-transition_localized-sink,20.0,N2,10,0.011471800011349842,4,0,False,20
20260809,train,g020nm_heating_near-transition_localized-sink,20.0,N2,11,0.010232400003587827,4,0,False,20
20260809,train,g020nm_heating_near-transition_localized-sink,20.0,N2,12,0.008062099979724735,4,0,False,20
20260809,train,g020nm_heating_near-transition_localized-sink,20.0,N2,13,0.006095099990488961,4,0,False,20
20260809,train,g020nm_heating_near-transition_localized-sink,20.0,N2,14,0.007041900011245161,4,0,False,20
20260809,train,g020nm_heating_near-transition_localized-sink,20.0,N2,15,0.006547099997987971,4,0,False,20
20260809,train,g020nm_heating_near-transition_localized-sink,20.0,N2,16,0.0076043000153731555,4,0,False,20
20260809,train,g020nm_heating_near-transition_localized-sink,20.0,N2,17,0.0065688000177033246,4,0,False,20
20260809,train,g020nm_heating_near-transition_localized-sink,20.0,N2,18,0.006372300005750731,4,0,False,20
20260809,train,g020nm_heating_near-transition_localized-sink,20.0,N2,19,0.006938499980606139,4,0,False,20
20260809,validation,g020nm_heating_near-transition_nominal,20.0,N0,0,0.041640999988885596,1,0,False,20
20260809,validation,g020nm_heating_near-transition_nominal,20.0,N0,1,0.016458499972941354,1,0,False,20
20260809,validation,g020nm_heating_near-transition_nominal,20.0,N0,2,0.014300900016678497,1,0,False,20
20260809,validation,g020nm_heating_near-transition_nominal,20.0,N0,3,0.008715200005099177,1,0,False,20
20260809,validation,g020nm_heating_near-transition_nominal,20.0,N0,4,0.004565699986414984,1,0,False,20
20260809,validation,g020nm_heating_near-transition_nominal,20.0,N0,5,0.004350500006694347,1,0,False,20
20260809,validation,g020nm_heating_near-transition_nominal,20.0,N0,6,0.02681999999913387,1,0,False,20
20260809,validation,g020nm_heating_near-transition_nominal,20.0,N0,7,0.003831999987596646,1,0,False,20
20260809,validation,g020nm_heating_near-transition_nominal,20.0,N0,8,0.0031731000053696334,1,0,False,20
20260809,validation,g020nm_heating_near-transition_nominal,20.0,N0,9,0.004852999991271645,1,0,False,20
20260809,validation,g020nm_heating_near-transition_nominal,20.0,N0,10,0.006097500008763745,1,0,False,20
20260809,validation,g020nm_heating_near-transition_nominal,20.0,N0,11,0.004252899991115555,1,0,False,20
20260809,validation,g020nm_heating_near-transition_nominal,20.0,N0,12,0.003593999979784712,1,0,False,20
20260809,validation,g020nm_heating_near-transition_nominal,20.0,N0,13,0.0038877000042703003,1,0,False,20
20260809,validation,g020nm_heating_near-transition_nominal,20.0,N0,14,0.0033619000168982893,1,0,False,20
20260809,validation,g020nm_heating_near-transition_nominal,20.0,N0,15,0.0027310000150464475,1,0,False,20
20260809,validation,g020nm_heating_near-transition_nominal,20.0,N0,16,0.002739599993219599,1,0,False,20
20260809,validation,g020nm_heating_near-transition_nominal,20.0,N0,17,0.003784200001973659,1,0,False,20
20260809,validation,g020nm_heating_near-transition_nominal,20.0,N0,18,0.004312200006097555,1,0,False,20
20260809,validation,g020nm_heating_near-transition_nominal,20.0,N0,19,0.0030069999920669943,1,0,False,20
20260809,validation,g020nm_heating_near-transition_nominal,20.0,N1,0,0.0030092000088188797,2,0,False,20
20260809,validation,g020nm_heating_near-transition_nominal,20.0,N1,1,0.006965300010051578,2,0,False,20
20260809,validation,g020nm_heating_near-transition_nominal,20.0,N1,2,0.004189500003121793,2,0,False,20
20260809,validation,g020nm_heating_near-transition_nominal,20.0,N1,3,0.003345300006913021,2,0,False,20
20260809,validation,g020nm_heating_near-transition_nominal,20.0,N1,4,0.006607499992242083,2,0,False,20
20260809,validation,g020nm_heating_near-transition_nominal,20.0,N1,5,0.003493299998808652,2,0,False,20
20260809,validation,g020nm_heating_near-transition_nominal,20.0,N1,6,0.0030738999776076525,2,0,False,20
20260809,validation,g020nm_heating_near-transition_nominal,20.0,N1,7,0.0030260000203270465,2,0,False,20
20260809,validation,g020nm_heating_near-transition_nominal,20.0,N1,8,0.003394200000911951,2,0,False,20
20260809,validation,g020nm_heating_near-transition_nominal,20.0,N1,9,0.004412700014654547,2,0,False,20
20260809,validation,g020nm_heating_near-transition_nominal,20.0,N1,10,0.0030962000018917024,2,0,False,20
20260809,validation,g020nm_heating_near-transition_nominal,20.0,N1,11,0.0029306999931577593,2,0,False,20
20260809,validation,g020nm_heating_near-transition_nominal,20.0,N1,12,0.003036000009160489,2,0,False,20
20260809,validation,g020nm_heating_near-transition_nominal,20.0,N1,13,0.0030860999831929803,2,0,False,20
20260809,validation,g020nm_heating_near-transition_nominal,20.0,N1,14,0.004239899979438633,2,0,False,20
20260809,validation,g020nm_heating_near-transition_nominal,20.0,N1,15,0.003407400014111772,2,0,False,20
20260809,validation,g020nm_heating_near-transition_nominal,20.0,N1,16,0.003078500012634322,2,0,False,20
20260809,validation,g020nm_heating_near-transition_nominal,20.0,N1,17,0.0030209999822545797,2,0,False,20
20260809,validation,g020nm_heating_near-transition_nominal,20.0,N1,18,0.003788600006373599,2,0,False,20
20260809,validation,g020nm_heating_near-transition_nominal,20.0,N1,19,0.004773000022396445,2,0,False,20
20260809,validation,g020nm_heating_near-transition_nominal,20.0,N2,0,0.006449100008467212,4,0,False,20
20260809,validation,g020nm_heating_near-transition_nominal,20.0,N2,1,0.0070118000148795545,4,0,False,20
20260809,validation,g020nm_heating_near-transition_nominal,20.0,N2,2,0.005601000011665747,4,0,False,20
20260809,validation,g020nm_heating_near-transition_nominal,20.0,N2,3,0.006854500010376796,4,0,False,20
20260809,validation,g020nm_heating_near-transition_nominal,20.0,N2,4,0.006201300013344735,4,0,False,20
20260809,validation,g020nm_heating_near-transition_nominal,20.0,N2,5,0.005327000020770356,4,0,False,20
20260809,validation,g020nm_heating_near-transition_nominal,20.0,N2,6,0.007453199999872595,4,0,False,20
20260809,validation,g020nm_heating_near-transition_nominal,20.0,N2,7,0.005698099994333461,4,0,False,20
20260809,validation,g020nm_heating_near-transition_nominal,20.0,N2,8,0.005634400004055351,4,0,False,20
20260809,validation,g020nm_heating_near-transition_nominal,20.0,N2,9,0.006456300005083904,4,0,False,20
20260809,validation,g020nm_heating_near-transition_nominal,20.0,N2,10,0.005235199991147965,4,0,False,20
20260809,validation,g020nm_heating_near-transition_nominal,20.0,N2,11,0.005444299982627854,4,0,False,20
20260809,validation,g020nm_heating_near-transition_nominal,20.0,N2,12,0.008855299995047972,4,0,False,20
20260809,validation,g020nm_heating_near-transition_nominal,20.0,N2,13,0.006477399991126731,4,0,False,20
20260809,validation,g020nm_heating_near-transition_nominal,20.0,N2,14,0.007068199978675693,4,0,False,20
20260809,validation,g020nm_heating_near-transition_nominal,20.0,N2,15,0.00504930000170134,4,0,False,20
20260809,validation,g020nm_heating_near-transition_nominal,20.0,N2,16,0.00659760000417009,4,0,False,20
20260809,validation,g020nm_heating_near-transition_nominal,20.0,N2,17,0.006676000019069761,4,0,False,20
20260809,validation,g020nm_heating_near-transition_nominal,20.0,N2,18,0.005018899973947555,4,0,False,20
20260809,validation,g020nm_heating_near-transition_nominal,20.0,N2,19,0.006880400003865361,4,0,False,20
20260809,test,g030nm_cooling_high_localized-sink,30.0,N0,0,0.0021886000176891685,1,0,False,20
20260809,test,g030nm_cooling_high_localized-sink,30.0,N0,1,0.0021022000000812113,1,0,False,20
20260809,test,g030nm_cooling_high_localized-sink,30.0,N0,2,0.0029155000229366124,1,0,False,20
20260809,test,g030nm_cooling_high_localized-sink,30.0,N0,3,0.002292199991643429,1,0,False,20
20260809,test,g030nm_cooling_high_localized-sink,30.0,N0,4,0.001996800012420863,1,0,False,20
20260809,test,g030nm_cooling_high_localized-sink,30.0,N0,5,0.0019170999876223505,1,0,False,20
20260809,test,g030nm_cooling_high_localized-sink,30.0,N0,6,0.001893899985589087,1,0,False,20
20260809,test,g030nm_cooling_high_localized-sink,30.0,N0,7,0.0023511000035796314,1,0,False,20
20260809,test,g030nm_cooling_high_localized-sink,30.0,N0,8,0.0020389000128488988,1,0,False,20
20260809,test,g030nm_cooling_high_localized-sink,30.0,N0,9,0.0022732000215910375,1,0,False,20
20260809,test,g030nm_cooling_high_localized-sink,30.0,N0,10,0.0032521999964956194,1,0,False,20
20260809,test,g030nm_cooling_high_localized-sink,30.0,N0,11,0.003891600004862994,1,0,False,20
20260809,test,g030nm_cooling_high_localized-sink,30.0,N0,12,0.0020265000057406723,1,0,False,20
20260809,test,g030nm_cooling_high_localized-sink,30.0,N0,13,0.002140699973097071,1,0,False,20
20260809,test,g030nm_cooling_high_localized-sink,30.0,N0,14,0.002151900000171736,1,0,False,20
20260809,test,g030nm_cooling_high_localized-sink,30.0,N0,15,0.002384499995969236,1,0,False,20
20260809,test,g030nm_cooling_high_localized-sink,30.0,N0,16,0.0030497999978251755,1,0,False,20
20260809,test,g030nm_cooling_high_localized-sink,30.0,N0,17,0.004156100010732189,1,0,False,20
20260809,test,g030nm_cooling_high_localized-sink,30.0,N0,18,0.0027793000044766814,1,0,False,20
20260809,test,g030nm_cooling_high_localized-sink,30.0,N0,19,0.0039016999944578856,1,0,False,20
20260809,test,g030nm_cooling_high_localized-sink,30.0,N1,0,0.005347800004528835,2,0,False,20
20260809,test,g030nm_cooling_high_localized-sink,30.0,N1,1,0.0044012999860569835,2,0,False,20
20260809,test,g030nm_cooling_high_localized-sink,30.0,N1,2,0.0032153000065591186,2,0,False,20
20260809,test,g030nm_cooling_high_localized-sink,30.0,N1,3,0.007167599978856742,2,0,False,20
20260809,test,g030nm_cooling_high_localized-sink,30.0,N1,4,0.00397069999598898,2,0,False,20
20260809,test,g030nm_cooling_high_localized-sink,30.0,N1,5,0.0029842999938409775,2,0,False,20
20260809,test,g030nm_cooling_high_localized-sink,30.0,N1,6,0.0031644999980926514,2,0,False,20
20260809,test,g030nm_cooling_high_localized-sink,30.0,N1,7,0.006605900009162724,2,0,False,20
20260809,test,g030nm_cooling_high_localized-sink,30.0,N1,8,0.0047787999792490155,2,0,False,20
20260809,test,g030nm_cooling_high_localized-sink,30.0,N1,9,0.00286539999069646,2,0,False,20
20260809,test,g030nm_cooling_high_localized-sink,30.0,N1,10,0.0033909000048879534,2,0,False,20
20260809,test,g030nm_cooling_high_localized-sink,30.0,N1,11,0.004141699988394976,2,0,False,20
20260809,test,g030nm_cooling_high_localized-sink,30.0,N1,12,0.005633799999486655,2,0,False,20
20260809,test,g030nm_cooling_high_localized-sink,30.0,N1,13,0.003562199999578297,2,0,False,20
20260809,test,g030nm_cooling_high_localized-sink,30.0,N1,14,0.0036250999837648124,2,0,False,20
20260809,test,g030nm_cooling_high_localized-sink,30.0,N1,15,0.006224599987035617,2,0,False,20
20260809,test,g030nm_cooling_high_localized-sink,30.0,N1,16,0.00405949997366406,2,0,False,20
20260809,test,g030nm_cooling_high_localized-sink,30.0,N1,17,0.0035521000099834055,2,0,False,20
20260809,test,g030nm_cooling_high_localized-sink,30.0,N1,18,0.007345300022279844,2,0,False,20
20260809,test,g030nm_cooling_high_localized-sink,30.0,N1,19,0.0067239000054541975,2,0,False,20
20260809,test,g030nm_cooling_high_localized-sink,30.0,N2,0,0.012226100021507591,4,0,False,20
20260809,test,g030nm_cooling_high_localized-sink,30.0,N2,1,0.00751620001392439,4,0,False,20
20260809,test,g030nm_cooling_high_localized-sink,30.0,N2,2,0.008599499997217208,4,0,False,20
20260809,test,g030nm_cooling_high_localized-sink,30.0,N2,3,0.00847770000109449,4,0,False,20
20260809,test,g030nm_cooling_high_localized-sink,30.0,N2,4,0.010924799978965893,4,0,False,20
20260809,test,g030nm_cooling_high_localized-sink,30.0,N2,5,0.007286399981239811,4,0,False,20
20260809,test,g030nm_cooling_high_localized-sink,30.0,N2,6,0.011302900005830452,4,0,False,20
20260809,test,g030nm_cooling_high_localized-sink,30.0,N2,7,0.007926400023279712,4,0,False,20
20260809,test,g030nm_cooling_high_localized-sink,30.0,N2,8,0.00977870001224801,4,0,False,20
20260809,test,g030nm_cooling_high_localized-sink,30.0,N2,9,0.009220300009474158,4,0,False,20
20260809,test,g030nm_cooling_high_localized-sink,30.0,N2,10,0.009539100021356717,4,0,False,20
20260809,test,g030nm_cooling_high_localized-sink,30.0,N2,11,0.009715399995911866,4,0,False,20
20260809,test,g030nm_cooling_high_localized-sink,30.0,N2,12,0.006908799987286329,4,0,False,20
20260809,test,g030nm_cooling_high_localized-sink,30.0,N2,13,0.007471099990652874,4,0,False,20
20260809,test,g030nm_cooling_high_localized-sink,30.0,N2,14,0.007007699983660132,4,0,False,20
20260809,test,g030nm_cooling_high_localized-sink,30.0,N2,15,0.006334200006676838,4,0,False,20
20260809,test,g030nm_cooling_high_localized-sink,30.0,N2,16,0.008756800001719967,4,0,False,20
20260809,test,g030nm_cooling_high_localized-sink,30.0,N2,17,0.00660049999714829,4,0,False,20
20260809,test,g030nm_cooling_high_localized-sink,30.0,N2,18,0.011716099979821593,4,0,False,20
20260809,test,g030nm_cooling_high_localized-sink,30.0,N2,19,0.00839770000311546,4,0,False,20
20260809,test,g030nm_cooling_high_nominal,30.0,N0,0,0.0040265999850817025,1,0,False,20
20260809,test,g030nm_cooling_high_nominal,30.0,N0,1,0.004055700002936646,1,0,False,20
20260809,test,g030nm_cooling_high_nominal,30.0,N0,2,0.0027461999852675945,1,0,False,20
20260809,test,g030nm_cooling_high_nominal,30.0,N0,3,0.0023781000054441392,1,0,False,20
20260809,test,g030nm_cooling_high_nominal,30.0,N0,4,0.002895799989346415,1,0,False,20
20260809,test,g030nm_cooling_high_nominal,30.0,N0,5,0.00622569999541156,1,0,False,20
20260809,test,g030nm_cooling_high_nominal,30.0,N0,6,0.004542600014247,1,0,False,20
20260809,test,g030nm_cooling_high_nominal,30.0,N0,7,0.0025569999997969717,1,0,False,20
20260809,test,g030nm_cooling_high_nominal,30.0,N0,8,0.004374900017865002,1,0,False,20
20260809,test,g030nm_cooling_high_nominal,30.0,N0,9,0.007280799996806309,1,0,False,20
20260809,test,g030nm_cooling_high_nominal,30.0,N0,10,0.002780199982225895,1,0,False,20
20260809,test,g030nm_cooling_high_nominal,30.0,N0,11,0.0024062000156845897,1,0,False,20
20260809,test,g030nm_cooling_high_nominal,30.0,N0,12,0.0025394999829586595,1,0,False,20
20260809,test,g030nm_cooling_high_nominal,30.0,N0,13,0.004211899999063462,1,0,False,20
20260809,test,g030nm_cooling_high_nominal,30.0,N0,14,0.0035549000022001565,1,0,False,20
20260809,test,g030nm_cooling_high_nominal,30.0,N0,15,0.003492500021820888,1,0,False,20
20260809,test,g030nm_cooling_high_nominal,30.0,N0,16,0.002640000020619482,1,0,False,20
20260809,test,g030nm_cooling_high_nominal,30.0,N0,17,0.0026175000239163637,1,0,False,20
20260809,test,g030nm_cooling_high_nominal,30.0,N0,18,0.006088199996156618,1,0,False,20
20260809,test,g030nm_cooling_high_nominal,30.0,N0,19,0.0040092999988701195,1,0,False,20
20260809,test,g030nm_cooling_high_nominal,30.0,N1,0,0.0035816000017803162,2,0,False,20
20260809,test,g030nm_cooling_high_nominal,30.0,N1,1,0.00989280000794679,2,0,False,20
20260809,test,g030nm_cooling_high_nominal,30.0,N1,2,0.005202400003327057,2,0,False,20
20260809,test,g030nm_cooling_high_nominal,30.0,N1,3,0.00704799999948591,2,0,False,20
20260809,test,g030nm_cooling_high_nominal,30.0,N1,4,0.004787500016391277,2,0,False,20
20260809,test,g030nm_cooling_high_nominal,30.0,N1,5,0.0033011000195983797,2,0,False,20
20260809,test,g030nm_cooling_high_nominal,30.0,N1,6,0.008019500004593283,2,0,False,20
20260809,test,g030nm_cooling_high_nominal,30.0,N1,7,0.0051592999952845275,2,0,False,20
20260809,test,g030nm_cooling_high_nominal,30.0,N1,8,0.003568699990864843,2,0,False,20
20260809,test,g030nm_cooling_high_nominal,30.0,N1,9,0.005934800021350384,2,0,False,20
20260809,test,g030nm_cooling_high_nominal,30.0,N1,10,0.009715699998196214,2,0,False,20
20260809,test,g030nm_cooling_high_nominal,30.0,N1,11,0.005537899996852502,2,0,False,20
20260809,test,g030nm_cooling_high_nominal,30.0,N1,12,0.006202300020959228,2,0,False,20
20260809,test,g030nm_cooling_high_nominal,30.0,N1,13,0.007742099987808615,2,0,False,20
20260809,test,g030nm_cooling_high_nominal,30.0,N1,14,0.006386599998222664,2,0,False,20
20260809,test,g030nm_cooling_high_nominal,30.0,N1,15,0.008871300000464544,2,0,False,20
20260809,test,g030nm_cooling_high_nominal,30.0,N1,16,0.010244600009173155,2,0,False,20
20260809,test,g030nm_cooling_high_nominal,30.0,N1,17,0.008203500008676201,2,0,False,20
20260809,test,g030nm_cooling_high_nominal,30.0,N1,18,0.008054500009166077,2,0,False,20
20260809,test,g030nm_cooling_high_nominal,30.0,N1,19,0.008936099999118596,2,0,False,20
20260809,test,g030nm_cooling_high_nominal,30.0,N2,0,0.017243299982510507,4,0,False,20
20260809,test,g030nm_cooling_high_nominal,30.0,N2,1,0.010918399988440797,4,0,False,20
20260809,test,g030nm_cooling_high_nominal,30.0,N2,2,0.006920999992871657,4,0,False,20
20260809,test,g030nm_cooling_high_nominal,30.0,N2,3,0.011663499986752868,4,0,False,20
20260809,test,g030nm_cooling_high_nominal,30.0,N2,4,0.009663899982115254,4,0,False,20
20260809,test,g030nm_cooling_high_nominal,30.0,N2,5,0.00872819998767227,4,0,False,20
20260809,test,g030nm_cooling_high_nominal,30.0,N2,6,0.011051000008592382,4,0,False,20
20260809,test,g030nm_cooling_high_nominal,30.0,N2,7,0.006330499978503212,4,0,False,20
20260809,test,g030nm_cooling_high_nominal,30.0,N2,8,0.009478599997237325,4,0,False,20
20260809,test,g030nm_cooling_high_nominal,30.0,N2,9,0.006235499982722104,4,0,False,20
20260809,test,g030nm_cooling_high_nominal,30.0,N2,10,0.010043199989013374,4,0,False,20
20260809,test,g030nm_cooling_high_nominal,30.0,N2,11,0.00586569998995401,4,0,False,20
20260809,test,g030nm_cooling_high_nominal,30.0,N2,12,0.012150499998824671,4,0,False,20
20260809,test,g030nm_cooling_high_nominal,30.0,N2,13,0.006910600000992417,4,0,False,20
20260809,test,g030nm_cooling_high_nominal,30.0,N2,14,0.009610799985239282,4,0,False,20
20260809,test,g030nm_cooling_high_nominal,30.0,N2,15,0.006462899997131899,4,0,False,20
20260809,test,g030nm_cooling_high_nominal,30.0,N2,16,0.007815699995262548,4,0,False,20
20260809,test,g030nm_cooling_high_nominal,30.0,N2,17,0.006149299995740876,4,0,False,20
20260809,test,g030nm_cooling_high_nominal,30.0,N2,18,0.007121399976313114,4,0,False,20
20260809,test,g030nm_cooling_high_nominal,30.0,N2,19,0.00742579999496229,4,0,False,20
20260809,test,g030nm_cooling_low_localized-sink,30.0,N0,0,0.002359500009333715,1,0,False,20
20260809,test,g030nm_cooling_low_localized-sink,30.0,N0,1,0.002274799975566566,1,0,False,20
20260809,test,g030nm_cooling_low_localized-sink,30.0,N0,2,0.0022919000184629112,1,0,False,20
20260809,test,g030nm_cooling_low_localized-sink,30.0,N0,3,0.002536700019845739,1,0,False,20
20260809,test,g030nm_cooling_low_localized-sink,30.0,N0,4,0.0026858000201173127,1,0,False,20
20260809,test,g030nm_cooling_low_localized-sink,30.0,N0,5,0.002466300007654354,1,0,False,20
20260809,test,g030nm_cooling_low_localized-sink,30.0,N0,6,0.0031390999793075025,1,0,False,20
20260809,test,g030nm_cooling_low_localized-sink,30.0,N0,7,0.002737100003287196,1,0,False,20
20260809,test,g030nm_cooling_low_localized-sink,30.0,N0,8,0.002222499984782189,1,0,False,20
20260809,test,g030nm_cooling_low_localized-sink,30.0,N0,9,0.004109000001335517,1,0,False,20
20260809,test,g030nm_cooling_low_localized-sink,30.0,N0,10,0.006747299979906529,1,0,False,20
20260809,test,g030nm_cooling_low_localized-sink,30.0,N0,11,0.005031699984101579,1,0,False,20
20260809,test,g030nm_cooling_low_localized-sink,30.0,N0,12,0.003565299994079396,1,0,False,20
20260809,test,g030nm_cooling_low_localized-sink,30.0,N0,13,0.007031900022411719,1,0,False,20
20260809,test,g030nm_cooling_low_localized-sink,30.0,N0,14,0.005330899992259219,1,0,False,20
20260809,test,g030nm_cooling_low_localized-sink,30.0,N0,15,0.004607500013662502,1,0,False,20
20260809,test,g030nm_cooling_low_localized-sink,30.0,N0,16,0.007306700019398704,1,0,False,20
20260809,test,g030nm_cooling_low_localized-sink,30.0,N0,17,0.015722299984190613,1,0,False,20
20260809,test,g030nm_cooling_low_localized-sink,30.0,N0,18,0.00723319998360239,1,0,False,20
20260809,test,g030nm_cooling_low_localized-sink,30.0,N0,19,0.013439000002108514,1,0,False,20
20260809,test,g030nm_cooling_low_localized-sink,30.0,N1,0,0.008195600006729364,2,0,False,20
20260809,test,g030nm_cooling_low_localized-sink,30.0,N1,1,0.012371899996651337,2,0,False,20
20260809,test,g030nm_cooling_low_localized-sink,30.0,N1,2,0.010147799999685958,2,0,False,20
20260809,test,g030nm_cooling_low_localized-sink,30.0,N1,3,0.003423799993470311,2,0,False,20
20260809,test,g030nm_cooling_low_localized-sink,30.0,N1,4,0.0032327999942936003,2,0,False,20
20260809,test,g030nm_cooling_low_localized-sink,30.0,N1,5,0.0034930999972857535,2,0,False,20
20260809,test,g030nm_cooling_low_localized-sink,30.0,N1,6,0.0035216000105720013,2,0,False,20
20260809,test,g030nm_cooling_low_localized-sink,30.0,N1,7,0.003502199979266152,2,0,False,20
20260809,test,g030nm_cooling_low_localized-sink,30.0,N1,8,0.011910500004887581,2,0,False,20
20260809,test,g030nm_cooling_low_localized-sink,30.0,N1,9,0.004056100005982444,2,0,False,20
20260809,test,g030nm_cooling_low_localized-sink,30.0,N1,10,0.006104100000811741,2,0,False,20
20260809,test,g030nm_cooling_low_localized-sink,30.0,N1,11,0.005886999977519736,2,0,False,20
20260809,test,g030nm_cooling_low_localized-sink,30.0,N1,12,0.006188100000144914,2,0,False,20
20260809,test,g030nm_cooling_low_localized-sink,30.0,N1,13,0.003981199988629669,2,0,False,20
20260809,test,g030nm_cooling_low_localized-sink,30.0,N1,14,0.004192599997622892,2,0,False,20
20260809,test,g030nm_cooling_low_localized-sink,30.0,N1,15,0.0042637999868020415,2,0,False,20
20260809,test,g030nm_cooling_low_localized-sink,30.0,N1,16,0.0043994000006932765,2,0,False,20
20260809,test,g030nm_cooling_low_localized-sink,30.0,N1,17,0.003154200006974861,2,0,False,20
20260809,test,g030nm_cooling_low_localized-sink,30.0,N1,18,0.003185300010954961,2,0,False,20
20260809,test,g030nm_cooling_low_localized-sink,30.0,N1,19,0.0033107000053860247,2,0,False,20
20260809,test,g030nm_cooling_low_localized-sink,30.0,N2,0,0.0064338999800384045,4,0,False,20
20260809,test,g030nm_cooling_low_localized-sink,30.0,N2,1,0.007059600000502542,4,0,False,20
20260809,test,g030nm_cooling_low_localized-sink,30.0,N2,2,0.005835700023453683,4,0,False,20
20260809,test,g030nm_cooling_low_localized-sink,30.0,N2,3,0.005768700008047745,4,0,False,20
20260809,test,g030nm_cooling_low_localized-sink,30.0,N2,4,0.008017899992410094,4,0,False,20
20260809,test,g030nm_cooling_low_localized-sink,30.0,N2,5,0.005551099980948493,4,0,False,20
20260809,test,g030nm_cooling_low_localized-sink,30.0,N2,6,0.007389700011117384,4,0,False,20
20260809,test,g030nm_cooling_low_localized-sink,30.0,N2,7,0.006098800018662587,4,0,False,20
20260809,test,g030nm_cooling_low_localized-sink,30.0,N2,8,0.005672399973263964,4,0,False,20
20260809,test,g030nm_cooling_low_localized-sink,30.0,N2,9,0.006818900001235306,4,0,False,20
20260809,test,g030nm_cooling_low_localized-sink,30.0,N2,10,0.0057622999884188175,4,0,False,20
20260809,test,g030nm_cooling_low_localized-sink,30.0,N2,11,0.007530300004873425,4,0,False,20
20260809,test,g030nm_cooling_low_localized-sink,30.0,N2,12,0.006348799972329289,4,0,False,20
20260809,test,g030nm_cooling_low_localized-sink,30.0,N2,13,0.00635460001649335,4,0,False,20
20260809,test,g030nm_cooling_low_localized-sink,30.0,N2,14,0.006679200014332309,4,0,False,20
20260809,test,g030nm_cooling_low_localized-sink,30.0,N2,15,0.005632500018691644,4,0,False,20
20260809,test,g030nm_cooling_low_localized-sink,30.0,N2,16,0.006371099996613339,4,0,False,20
20260809,test,g030nm_cooling_low_localized-sink,30.0,N2,17,0.00665990001289174,4,0,False,20
20260809,test,g030nm_cooling_low_localized-sink,30.0,N2,18,0.006015599996317178,4,0,False,20
20260809,test,g030nm_cooling_low_localized-sink,30.0,N2,19,0.007107200013706461,4,0,False,20
20260809,test,g030nm_cooling_low_nominal,30.0,N0,0,0.002523500006645918,1,0,False,20
20260809,test,g030nm_cooling_low_nominal,30.0,N0,1,0.002171600004658103,1,0,False,20
20260809,test,g030nm_cooling_low_nominal,30.0,N0,2,0.0026783000212162733,1,0,False,20
20260809,test,g030nm_cooling_low_nominal,30.0,N0,3,0.002105199993820861,1,0,False,20
20260809,test,g030nm_cooling_low_nominal,30.0,N0,4,0.0022976999753154814,1,0,False,20
20260809,test,g030nm_cooling_low_nominal,30.0,N0,5,0.002063599997200072,1,0,False,20
20260809,test,g030nm_cooling_low_nominal,30.0,N0,6,0.0021044000168330967,1,0,False,20
20260809,test,g030nm_cooling_low_nominal,30.0,N0,7,0.0022382000170182437,1,0,False,20
20260809,test,g030nm_cooling_low_nominal,30.0,N0,8,0.00209349999204278,1,0,False,20
20260809,test,g030nm_cooling_low_nominal,30.0,N0,9,0.002151699998648837,1,0,False,20
20260809,test,g030nm_cooling_low_nominal,30.0,N0,10,0.0023982999846339226,1,0,False,20
20260809,test,g030nm_cooling_low_nominal,30.0,N0,11,0.0021222000068519264,1,0,False,20
20260809,test,g030nm_cooling_low_nominal,30.0,N0,12,0.002016599988564849,1,0,False,20
20260809,test,g030nm_cooling_low_nominal,30.0,N0,13,0.00233650000882335,1,0,False,20
20260809,test,g030nm_cooling_low_nominal,30.0,N0,14,0.002812000020639971,1,0,False,20
20260809,test,g030nm_cooling_low_nominal,30.0,N0,15,0.002376100019318983,1,0,False,20
20260809,test,g030nm_cooling_low_nominal,30.0,N0,16,0.002120100019965321,1,0,False,20
20260809,test,g030nm_cooling_low_nominal,30.0,N0,17,0.003428099997108802,1,0,False,20
20260809,test,g030nm_cooling_low_nominal,30.0,N0,18,0.002166699996450916,1,0,False,20
20260809,test,g030nm_cooling_low_nominal,30.0,N0,19,0.0020255999988876283,1,0,False,20
20260809,test,g030nm_cooling_low_nominal,30.0,N1,0,0.0032313000119756907,2,0,False,20
20260809,test,g030nm_cooling_low_nominal,30.0,N1,1,0.002747799997450784,2,0,False,20
20260809,test,g030nm_cooling_low_nominal,30.0,N1,2,0.0050645000010263175,2,0,False,20
20260809,test,g030nm_cooling_low_nominal,30.0,N1,3,0.002894500008551404,2,0,False,20
20260809,test,g030nm_cooling_low_nominal,30.0,N1,4,0.002973700000438839,2,0,False,20
20260809,test,g030nm_cooling_low_nominal,30.0,N1,5,0.0032561999978497624,2,0,False,20
20260809,test,g030nm_cooling_low_nominal,30.0,N1,6,0.002834099985193461,2,0,False,20
20260809,test,g030nm_cooling_low_nominal,30.0,N1,7,0.004172000015387312,2,0,False,20
20260809,test,g030nm_cooling_low_nominal,30.0,N1,8,0.002663400024175644,2,0,False,20
20260809,test,g030nm_cooling_low_nominal,30.0,N1,9,0.0026111000042874366,2,0,False,20
20260809,test,g030nm_cooling_low_nominal,30.0,N1,10,0.00280170000041835,2,0,False,20
20260809,test,g030nm_cooling_low_nominal,30.0,N1,11,0.002608499984489754,2,0,False,20
20260809,test,g030nm_cooling_low_nominal,30.0,N1,12,0.004286100011086091,2,0,False,20
20260809,test,g030nm_cooling_low_nominal,30.0,N1,13,0.0028506000235211104,2,0,False,20
20260809,test,g030nm_cooling_low_nominal,30.0,N1,14,0.002560499997343868,2,0,False,20
20260809,test,g030nm_cooling_low_nominal,30.0,N1,15,0.0025863000191748142,2,0,False,20
20260809,test,g030nm_cooling_low_nominal,30.0,N1,16,0.0034983000077772886,2,0,False,20
20260809,test,g030nm_cooling_low_nominal,30.0,N1,17,0.00360180001007393,2,0,False,20
20260809,test,g030nm_cooling_low_nominal,30.0,N1,18,0.004423200007295236,2,0,False,20
20260809,test,g030nm_cooling_low_nominal,30.0,N1,19,0.0026350000116508454,2,0,False,20
20260809,test,g030nm_cooling_low_nominal,30.0,N2,0,0.009573099989211187,4,0,False,20
20260809,test,g030nm_cooling_low_nominal,30.0,N2,1,0.006766599981347099,4,0,False,20
20260809,test,g030nm_cooling_low_nominal,30.0,N2,2,0.006820000009611249,4,0,False,20
20260809,test,g030nm_cooling_low_nominal,30.0,N2,3,0.005255599971860647,4,0,False,20
20260809,test,g030nm_cooling_low_nominal,30.0,N2,4,0.006800000002840534,4,0,False,20
20260809,test,g030nm_cooling_low_nominal,30.0,N2,5,0.005609599989838898,4,0,False,20
20260809,test,g030nm_cooling_low_nominal,30.0,N2,6,0.004881800006842241,4,0,False,20
20260809,test,g030nm_cooling_low_nominal,30.0,N2,7,0.006052500015357509,4,0,False,20
20260809,test,g030nm_cooling_low_nominal,30.0,N2,8,0.005877699994016439,4,0,False,20
20260809,test,g030nm_cooling_low_nominal,30.0,N2,9,0.006557000015163794,4,0,False,20
20260809,test,g030nm_cooling_low_nominal,30.0,N2,10,0.0058858999982476234,4,0,False,20
20260809,test,g030nm_cooling_low_nominal,30.0,N2,11,0.0049746000149752945,4,0,False,20
20260809,test,g030nm_cooling_low_nominal,30.0,N2,12,0.005295699986163527,4,0,False,20
20260809,test,g030nm_cooling_low_nominal,30.0,N2,13,0.00521669999579899,4,0,False,20
20260809,test,g030nm_cooling_low_nominal,30.0,N2,14,0.0054014999768696725,4,0,False,20
20260809,test,g030nm_cooling_low_nominal,30.0,N2,15,0.005502600019099191,4,0,False,20
20260809,test,g030nm_cooling_low_nominal,30.0,N2,16,0.005655000015394762,4,0,False,20
20260809,test,g030nm_cooling_low_nominal,30.0,N2,17,0.005278800002997741,4,0,False,20
20260809,test,g030nm_cooling_low_nominal,30.0,N2,18,0.006053699995391071,4,0,False,20
20260809,test,g030nm_cooling_low_nominal,30.0,N2,19,0.004972700000507757,4,0,False,20
20260809,test,g030nm_cooling_near-transition_localized-sink,30.0,N0,0,0.002097499993396923,1,0,False,20
20260809,test,g030nm_cooling_near-transition_localized-sink,30.0,N0,1,0.002139299991540611,1,0,False,20
20260809,test,g030nm_cooling_near-transition_localized-sink,30.0,N0,2,0.0019298999977763742,1,0,False,20
20260809,test,g030nm_cooling_near-transition_localized-sink,30.0,N0,3,0.002088200009893626,1,0,False,20
20260809,test,g030nm_cooling_near-transition_localized-sink,30.0,N0,4,0.0023732000263407826,1,0,False,20
20260809,test,g030nm_cooling_near-transition_localized-sink,30.0,N0,5,0.002217100001871586,1,0,False,20
20260809,test,g030nm_cooling_near-transition_localized-sink,30.0,N0,6,0.0019671999907586724,1,0,False,20
20260809,test,g030nm_cooling_near-transition_localized-sink,30.0,N0,7,0.001874700014013797,1,0,False,20
20260809,test,g030nm_cooling_near-transition_localized-sink,30.0,N0,8,0.001965299976291135,1,0,False,20
20260809,test,g030nm_cooling_near-transition_localized-sink,30.0,N0,9,0.002165400015655905,1,0,False,20
20260809,test,g030nm_cooling_near-transition_localized-sink,30.0,N0,10,0.0019081999780610204,1,0,False,20
20260809,test,g030nm_cooling_near-transition_localized-sink,30.0,N0,11,0.0019367000204510987,1,0,False,20
20260809,test,g030nm_cooling_near-transition_localized-sink,30.0,N0,12,0.0034515000006649643,1,0,False,20
20260809,test,g030nm_cooling_near-transition_localized-sink,30.0,N0,13,0.002216199995018542,1,0,False,20
20260809,test,g030nm_cooling_near-transition_localized-sink,30.0,N0,14,0.0018935000116471201,1,0,False,20
20260809,test,g030nm_cooling_near-transition_localized-sink,30.0,N0,15,0.0019253999926149845,1,0,False,20
20260809,test,g030nm_cooling_near-transition_localized-sink,30.0,N0,16,0.001973299978999421,1,0,False,20
20260809,test,g030nm_cooling_near-transition_localized-sink,30.0,N0,17,0.0021775999921374023,1,0,False,20
20260809,test,g030nm_cooling_near-transition_localized-sink,30.0,N0,18,0.001892900007078424,1,0,False,20
20260809,test,g030nm_cooling_near-transition_localized-sink,30.0,N0,19,0.0031682999979238957,1,0,False,20
20260809,test,g030nm_cooling_near-transition_localized-sink,30.0,N1,0,0.002450100000714883,2,0,False,20
20260809,test,g030nm_cooling_near-transition_localized-sink,30.0,N1,1,0.002427900006296113,2,0,False,20
20260809,test,g030nm_cooling_near-transition_localized-sink,30.0,N1,2,0.002659799996763468,2,0,False,20
20260809,test,g030nm_cooling_near-transition_localized-sink,30.0,N1,3,0.002516100008506328,2,0,False,20
20260809,test,g030nm_cooling_near-transition_localized-sink,30.0,N1,4,0.0036253000143915415,2,0,False,20
20260809,test,g030nm_cooling_near-transition_localized-sink,30.0,N1,5,0.0030647999956272542,2,0,False,20
20260809,test,g030nm_cooling_near-transition_localized-sink,30.0,N1,6,0.002387200016528368,2,0,False,20
20260809,test,g030nm_cooling_near-transition_localized-sink,30.0,N1,7,0.0024902999866753817,2,0,False,20
20260809,test,g030nm_cooling_near-transition_localized-sink,30.0,N1,8,0.0026787999959196895,2,0,False,20
20260809,test,g030nm_cooling_near-transition_localized-sink,30.0,N1,9,0.0026864999963436276,2,0,False,20
20260809,test,g030nm_cooling_near-transition_localized-sink,30.0,N1,10,0.004217599984258413,2,0,False,20
20260809,test,g030nm_cooling_near-transition_localized-sink,30.0,N1,11,0.0040089999965857714,2,0,False,20
20260809,test,g030nm_cooling_near-transition_localized-sink,30.0,N1,12,0.0027654000150505453,2,0,False,20
20260809,test,g030nm_cooling_near-transition_localized-sink,30.0,N1,13,0.0030610000248998404,2,0,False,20
20260809,test,g030nm_cooling_near-transition_localized-sink,30.0,N1,14,0.0028472999983932823,2,0,False,20
20260809,test,g030nm_cooling_near-transition_localized-sink,30.0,N1,15,0.0028614000184461474,2,0,False,20
20260809,test,g030nm_cooling_near-transition_localized-sink,30.0,N1,16,0.0030894000083208084,2,0,False,20
20260809,test,g030nm_cooling_near-transition_localized-sink,30.0,N1,17,0.0025200999807566404,2,0,False,20
20260809,test,g030nm_cooling_near-transition_localized-sink,30.0,N1,18,0.0024655000015627593,2,0,False,20
20260809,test,g030nm_cooling_near-transition_localized-sink,30.0,N1,19,0.0027882000140380114,2,0,False,20
20260809,test,g030nm_cooling_near-transition_localized-sink,30.0,N2,0,0.004955400014296174,4,0,False,20
20260809,test,g030nm_cooling_near-transition_localized-sink,30.0,N2,1,0.005663299991283566,4,0,False,20
20260809,test,g030nm_cooling_near-transition_localized-sink,30.0,N2,2,0.005339600000297651,4,0,False,20
20260809,test,g030nm_cooling_near-transition_localized-sink,30.0,N2,3,0.005771000025561079,4,0,False,20
20260809,test,g030nm_cooling_near-transition_localized-sink,30.0,N2,4,0.0062107999983709306,4,0,False,20
20260809,test,g030nm_cooling_near-transition_localized-sink,30.0,N2,5,0.006243799987714738,4,0,False,20
20260809,test,g030nm_cooling_near-transition_localized-sink,30.0,N2,6,0.006109100009780377,4,0,False,20
20260809,test,g030nm_cooling_near-transition_localized-sink,30.0,N2,7,0.005945900018559769,4,0,False,20
20260809,test,g030nm_cooling_near-transition_localized-sink,30.0,N2,8,0.0058286999992560595,4,0,False,20
20260809,test,g030nm_cooling_near-transition_localized-sink,30.0,N2,9,0.00469219998922199,4,0,False,20
20260809,test,g030nm_cooling_near-transition_localized-sink,30.0,N2,10,0.0064193000143859535,4,0,False,20
20260809,test,g030nm_cooling_near-transition_localized-sink,30.0,N2,11,0.005642399977659807,4,0,False,20
20260809,test,g030nm_cooling_near-transition_localized-sink,30.0,N2,12,0.0056711999932304025,4,0,False,20
20260809,test,g030nm_cooling_near-transition_localized-sink,30.0,N2,13,0.005569000000832602,4,0,False,20
20260809,test,g030nm_cooling_near-transition_localized-sink,30.0,N2,14,0.005502299987711012,4,0,False,20
20260809,test,g030nm_cooling_near-transition_localized-sink,30.0,N2,15,0.005478799983393401,4,0,False,20
20260809,test,g030nm_cooling_near-transition_localized-sink,30.0,N2,16,0.005496400000993162,4,0,False,20
20260809,test,g030nm_cooling_near-transition_localized-sink,30.0,N2,17,0.00588789998437278,4,0,False,20
20260809,test,g030nm_cooling_near-transition_localized-sink,30.0,N2,18,0.00613530000555329,4,0,False,20
20260809,test,g030nm_cooling_near-transition_localized-sink,30.0,N2,19,0.005742100009229034,4,0,False,20
20260809,test,g030nm_cooling_near-transition_nominal,30.0,N0,0,0.001985800015972927,1,0,False,20
20260809,test,g030nm_cooling_near-transition_nominal,30.0,N0,1,0.0019891999836545438,1,0,False,20
20260809,test,g030nm_cooling_near-transition_nominal,30.0,N0,2,0.002207800018368289,1,0,False,20
20260809,test,g030nm_cooling_near-transition_nominal,30.0,N0,3,0.001992200006498024,1,0,False,20
20260809,test,g030nm_cooling_near-transition_nominal,30.0,N0,4,0.0019295999954920262,1,0,False,20
20260809,test,g030nm_cooling_near-transition_nominal,30.0,N0,5,0.002206900011515245,1,0,False,20
20260809,test,g030nm_cooling_near-transition_nominal,30.0,N0,6,0.0036050000053364784,1,0,False,20
20260809,test,g030nm_cooling_near-transition_nominal,30.0,N0,7,0.002055999997537583,1,0,False,20
20260809,test,g030nm_cooling_near-transition_nominal,30.0,N0,8,0.002058499987469986,1,0,False,20
20260809,test,g030nm_cooling_near-transition_nominal,30.0,N0,9,0.0020699999877251685,1,0,False,20
20260809,test,g030nm_cooling_near-transition_nominal,30.0,N0,10,0.002205800003139302,1,0,False,20
20260809,test,g030nm_cooling_near-transition_nominal,30.0,N0,11,0.0019047999812755734,1,0,False,20
20260809,test,g030nm_cooling_near-transition_nominal,30.0,N0,12,0.002675499999895692,1,0,False,20
20260809,test,g030nm_cooling_near-transition_nominal,30.0,N0,13,0.0031368000200018287,1,0,False,20
20260809,test,g030nm_cooling_near-transition_nominal,30.0,N0,14,0.001980399974854663,1,0,False,20
20260809,test,g030nm_cooling_near-transition_nominal,30.0,N0,15,0.001865800004452467,1,0,False,20
20260809,test,g030nm_cooling_near-transition_nominal,30.0,N0,16,0.002028899994911626,1,0,False,20
20260809,test,g030nm_cooling_near-transition_nominal,30.0,N0,17,0.0029150999907869846,1,0,False,20
20260809,test,g030nm_cooling_near-transition_nominal,30.0,N0,18,0.002021799999056384,1,0,False,20
20260809,test,g030nm_cooling_near-transition_nominal,30.0,N0,19,0.0029971000039950013,1,0,False,20
20260809,test,g030nm_cooling_near-transition_nominal,30.0,N1,0,0.0024742000096011907,2,0,False,20
20260809,test,g030nm_cooling_near-transition_nominal,30.0,N1,1,0.0024883999722078443,2,0,False,20
20260809,test,g030nm_cooling_near-transition_nominal,30.0,N1,2,0.002678500022739172,2,0,False,20
20260809,test,g030nm_cooling_near-transition_nominal,30.0,N1,3,0.0027751000015996397,2,0,False,20
20260809,test,g030nm_cooling_near-transition_nominal,30.0,N1,4,0.004774300003191456,2,0,False,20
20260809,test,g030nm_cooling_near-transition_nominal,30.0,N1,5,0.0028128999983891845,2,0,False,20
20260809,test,g030nm_cooling_near-transition_nominal,30.0,N1,6,0.002463399985572323,2,0,False,20
20260809,test,g030nm_cooling_near-transition_nominal,30.0,N1,7,0.0024950999941211194,2,0,False,20
20260809,test,g030nm_cooling_near-transition_nominal,30.0,N1,8,0.002538900007493794,2,0,False,20
20260809,test,g030nm_cooling_near-transition_nominal,30.0,N1,9,0.0034847000206355006,2,0,False,20
20260809,test,g030nm_cooling_near-transition_nominal,30.0,N1,10,0.0032703000179026276,2,0,False,20
20260809,test,g030nm_cooling_near-transition_nominal,30.0,N1,11,0.0025414999981876463,2,0,False,20
20260809,test,g030nm_cooling_near-transition_nominal,30.0,N1,12,0.0024429999757558107,2,0,False,20
20260809,test,g030nm_cooling_near-transition_nominal,30.0,N1,13,0.002509300014935434,2,0,False,20
20260809,test,g030nm_cooling_near-transition_nominal,30.0,N1,14,0.0031954999722074717,2,0,False,20
20260809,test,g030nm_cooling_near-transition_nominal,30.0,N1,15,0.004342700005508959,2,0,False,20
20260809,test,g030nm_cooling_near-transition_nominal,30.0,N1,16,0.00287730002310127,2,0,False,20
20260809,test,g030nm_cooling_near-transition_nominal,30.0,N1,17,0.002508700010366738,2,0,False,20
20260809,test,g030nm_cooling_near-transition_nominal,30.0,N1,18,0.002520100009860471,2,0,False,20
20260809,test,g030nm_cooling_near-transition_nominal,30.0,N1,19,0.0029470000008586794,2,0,False,20
20260809,test,g030nm_cooling_near-transition_nominal,30.0,N2,0,0.004775600013090298,4,0,False,20
20260809,test,g030nm_cooling_near-transition_nominal,30.0,N2,1,0.005020499986130744,4,0,False,20
20260809,test,g030nm_cooling_near-transition_nominal,30.0,N2,2,0.004803799994988367,4,0,False,20
20260809,test,g030nm_cooling_near-transition_nominal,30.0,N2,3,0.005251499998848885,4,0,False,20
20260809,test,g030nm_cooling_near-transition_nominal,30.0,N2,4,0.004676100012147799,4,0,False,20
20260809,test,g030nm_cooling_near-transition_nominal,30.0,N2,5,0.0060652999964077026,4,0,False,20
20260809,test,g030nm_cooling_near-transition_nominal,30.0,N2,6,0.005441400018753484,4,0,False,20
20260809,test,g030nm_cooling_near-transition_nominal,30.0,N2,7,0.00520489999325946,4,0,False,20
20260809,test,g030nm_cooling_near-transition_nominal,30.0,N2,8,0.005696900014299899,4,0,False,20
20260809,test,g030nm_cooling_near-transition_nominal,30.0,N2,9,0.005535099975531921,4,0,False,20
20260809,test,g030nm_cooling_near-transition_nominal,30.0,N2,10,0.006381500017596409,4,0,False,20
20260809,test,g030nm_cooling_near-transition_nominal,30.0,N2,11,0.005226300010690466,4,0,False,20
20260809,test,g030nm_cooling_near-transition_nominal,30.0,N2,12,0.005150800017872825,4,0,False,20
20260809,test,g030nm_cooling_near-transition_nominal,30.0,N2,13,0.005101799994008616,4,0,False,20
20260809,test,g030nm_cooling_near-transition_nominal,30.0,N2,14,0.005751400021836162,4,0,False,20
20260809,test,g030nm_cooling_near-transition_nominal,30.0,N2,15,0.0053675000090152025,4,0,False,20
20260809,test,g030nm_cooling_near-transition_nominal,30.0,N2,16,0.005567599990172312,4,0,False,20
20260809,test,g030nm_cooling_near-transition_nominal,30.0,N2,17,0.005482099979417399,4,0,False,20
20260809,test,g030nm_cooling_near-transition_nominal,30.0,N2,18,0.00525519999791868,4,0,False,20
20260809,test,g030nm_cooling_near-transition_nominal,30.0,N2,19,0.0057505999866407365,4,0,False,20
20260809,test,g030nm_heating_high_localized-sink,30.0,N0,0,0.0027061000000685453,1,0,False,20
20260809,test,g030nm_heating_high_localized-sink,30.0,N0,1,0.0028775999962817878,1,0,False,20
20260809,test,g030nm_heating_high_localized-sink,30.0,N0,2,0.0022779999999329448,1,0,False,20
20260809,test,g030nm_heating_high_localized-sink,30.0,N0,3,0.0020216999982949346,1,0,False,20
20260809,test,g030nm_heating_high_localized-sink,30.0,N0,4,0.0020748000242747366,1,0,False,20
20260809,test,g030nm_heating_high_localized-sink,30.0,N0,5,0.0020969000179320574,1,0,False,20
20260809,test,g030nm_heating_high_localized-sink,30.0,N0,6,0.00198379997164011,1,0,False,20
20260809,test,g030nm_heating_high_localized-sink,30.0,N0,7,0.0027426000160630792,1,0,False,20
20260809,test,g030nm_heating_high_localized-sink,30.0,N0,8,0.0024267999979201704,1,0,False,20
20260809,test,g030nm_heating_high_localized-sink,30.0,N0,9,0.0019232000049669296,1,0,False,20
20260809,test,g030nm_heating_high_localized-sink,30.0,N0,10,0.001854400004958734,1,0,False,20
20260809,test,g030nm_heating_high_localized-sink,30.0,N0,11,0.0021072000090498477,1,0,False,20
20260809,test,g030nm_heating_high_localized-sink,30.0,N0,12,0.0022493999858852476,1,0,False,20
20260809,test,g030nm_heating_high_localized-sink,30.0,N0,13,0.0018902000156231225,1,0,False,20
20260809,test,g030nm_heating_high_localized-sink,30.0,N0,14,0.002150999993318692,1,0,False,20
20260809,test,g030nm_heating_high_localized-sink,30.0,N0,15,0.002564499998698011,1,0,False,20
20260809,test,g030nm_heating_high_localized-sink,30.0,N0,16,0.002049400005489588,1,0,False,20
20260809,test,g030nm_heating_high_localized-sink,30.0,N0,17,0.0018751999887172133,1,0,False,20
20260809,test,g030nm_heating_high_localized-sink,30.0,N0,18,0.001889800012577325,1,0,False,20
20260809,test,g030nm_heating_high_localized-sink,30.0,N0,19,0.001874799985671416,1,0,False,20
20260809,test,g030nm_heating_high_localized-sink,30.0,N1,0,0.002547200012486428,2,0,False,20
20260809,test,g030nm_heating_high_localized-sink,30.0,N1,1,0.004353600001195446,2,0,False,20
20260809,test,g030nm_heating_high_localized-sink,30.0,N1,2,0.0031174999894574285,2,0,False,20
20260809,test,g030nm_heating_high_localized-sink,30.0,N1,3,0.002447500010021031,2,0,False,20
20260809,test,g030nm_heating_high_localized-sink,30.0,N1,4,0.0026821999927051365,2,0,False,20
20260809,test,g030nm_heating_high_localized-sink,30.0,N1,5,0.0025514999870210886,2,0,False,20
20260809,test,g030nm_heating_high_localized-sink,30.0,N1,6,0.00415890000294894,2,0,False,20
20260809,test,g030nm_heating_high_localized-sink,30.0,N1,7,0.0030823000124655664,2,0,False,20
20260809,test,g030nm_heating_high_localized-sink,30.0,N1,8,0.0024929000064730644,2,0,False,20
20260809,test,g030nm_heating_high_localized-sink,30.0,N1,9,0.0025556000182405114,2,0,False,20
20260809,test,g030nm_heating_high_localized-sink,30.0,N1,10,0.0029248999780975282,2,0,False,20
20260809,test,g030nm_heating_high_localized-sink,30.0,N1,11,0.006502300006104633,2,0,False,20
20260809,test,g030nm_heating_high_localized-sink,30.0,N1,12,0.0035137000086251646,2,0,False,20
20260809,test,g030nm_heating_high_localized-sink,30.0,N1,13,0.0032193000079132617,2,0,False,20
20260809,test,g030nm_heating_high_localized-sink,30.0,N1,14,0.0038348999805748463,2,0,False,20
20260809,test,g030nm_heating_high_localized-sink,30.0,N1,15,0.004835500003537163,2,0,False,20
20260809,test,g030nm_heating_high_localized-sink,30.0,N1,16,0.004945799999404699,2,0,False,20
20260809,test,g030nm_heating_high_localized-sink,30.0,N1,17,0.005708899989258498,2,0,False,20
20260809,test,g030nm_heating_high_localized-sink,30.0,N1,18,0.012487400003010407,2,0,False,20
20260809,test,g030nm_heating_high_localized-sink,30.0,N1,19,0.016282600001432,2,0,False,20
20260809,test,g030nm_heating_high_localized-sink,30.0,N2,0,0.025027800002135336,4,0,False,20
20260809,test,g030nm_heating_high_localized-sink,30.0,N2,1,0.031560400006128475,4,0,False,20
20260809,test,g030nm_heating_high_localized-sink,30.0,N2,2,0.02223320002667606,4,0,False,20
20260809,test,g030nm_heating_high_localized-sink,30.0,N2,3,0.021226499986369163,4,0,False,20
20260809,test,g030nm_heating_high_localized-sink,30.0,N2,4,0.010281700000632554,4,0,False,20
20260809,test,g030nm_heating_high_localized-sink,30.0,N2,5,0.013371200009714812,4,0,False,20
20260809,test,g030nm_heating_high_localized-sink,30.0,N2,6,0.008827899990137666,4,0,False,20
20260809,test,g030nm_heating_high_localized-sink,30.0,N2,7,0.006698999990476295,4,0,False,20
20260809,test,g030nm_heating_high_localized-sink,30.0,N2,8,0.008545399992726743,4,0,False,20
20260809,test,g030nm_heating_high_localized-sink,30.0,N2,9,0.006196400005137548,4,0,False,20
20260809,test,g030nm_heating_high_localized-sink,30.0,N2,10,0.006442599988076836,4,0,False,20
20260809,test,g030nm_heating_high_localized-sink,30.0,N2,11,0.0067146999936085194,4,0,False,20
20260809,test,g030nm_heating_high_localized-sink,30.0,N2,12,0.006601600005524233,4,0,False,20
20260809,test,g030nm_heating_high_localized-sink,30.0,N2,13,0.009840100014116615,4,0,False,20
20260809,test,g030nm_heating_high_localized-sink,30.0,N2,14,0.006480699987150729,4,0,False,20
20260809,test,g030nm_heating_high_localized-sink,30.0,N2,15,0.006235899985767901,4,0,False,20
20260809,test,g030nm_heating_high_localized-sink,30.0,N2,16,0.006372200004989281,4,0,False,20
20260809,test,g030nm_heating_high_localized-sink,30.0,N2,17,0.008031400007894263,4,0,False,20
20260809,test,g030nm_heating_high_localized-sink,30.0,N2,18,0.006915700010722503,4,0,False,20
20260809,test,g030nm_heating_high_localized-sink,30.0,N2,19,0.009022100013680756,4,0,False,20
20260809,test,g030nm_heating_high_nominal,30.0,N0,0,0.00992069998756051,1,0,False,20
20260809,test,g030nm_heating_high_nominal,30.0,N0,1,0.008543800009647384,1,0,False,20
20260809,test,g030nm_heating_high_nominal,30.0,N0,2,0.011040199984563515,1,0,False,20
20260809,test,g030nm_heating_high_nominal,30.0,N0,3,0.010641500004567206,1,0,False,20
20260809,test,g030nm_heating_high_nominal,30.0,N0,4,0.011268300004303455,1,0,False,20
20260809,test,g030nm_heating_high_nominal,30.0,N0,5,0.011260700004640967,1,0,False,20
20260809,test,g030nm_heating_high_nominal,30.0,N0,6,0.007716799998888746,1,0,False,20
20260809,test,g030nm_heating_high_nominal,30.0,N0,7,0.0123862000182271,1,0,False,20
20260809,test,g030nm_heating_high_nominal,30.0,N0,8,0.009054399997694418,1,0,False,20
20260809,test,g030nm_heating_high_nominal,30.0,N0,9,0.0131921999854967,1,0,False,20
20260809,test,g030nm_heating_high_nominal,30.0,N0,10,0.010040599998319522,1,0,False,20
20260809,test,g030nm_heating_high_nominal,30.0,N0,11,0.00415890000294894,1,0,False,20
20260809,test,g030nm_heating_high_nominal,30.0,N0,12,0.0044009999837726355,1,0,False,20
20260809,test,g030nm_heating_high_nominal,30.0,N0,13,0.014347499993164092,1,0,False,20
20260809,test,g030nm_heating_high_nominal,30.0,N0,14,0.012101500004064292,1,0,False,20
20260809,test,g030nm_heating_high_nominal,30.0,N0,15,0.012957500002812594,1,0,False,20
20260809,test,g030nm_heating_high_nominal,30.0,N0,16,0.008762599987676367,1,0,False,20
20260809,test,g030nm_heating_high_nominal,30.0,N0,17,0.013565200002631173,1,0,False,20
20260809,test,g030nm_heating_high_nominal,30.0,N0,18,0.008149899978889152,1,0,False,20
20260809,test,g030nm_heating_high_nominal,30.0,N0,19,0.007052600005408749,1,0,False,20
20260809,test,g030nm_heating_high_nominal,30.0,N1,0,0.018636000022524968,2,0,False,20
20260809,test,g030nm_heating_high_nominal,30.0,N1,1,0.008402799983741716,2,0,False,20
20260809,test,g030nm_heating_high_nominal,30.0,N1,2,0.00808059997507371,2,0,False,20
20260809,test,g030nm_heating_high_nominal,30.0,N1,3,0.008108200010610744,2,0,False,20
20260809,test,g030nm_heating_high_nominal,30.0,N1,4,0.012750000023515895,2,0,False,20
20260809,test,g030nm_heating_high_nominal,30.0,N1,5,0.01112250000005588,2,0,False,20
20260809,test,g030nm_heating_high_nominal,30.0,N1,6,0.008116499986499548,2,0,False,20
20260809,test,g030nm_heating_high_nominal,30.0,N1,7,0.010488500003702939,2,0,False,20
20260809,test,g030nm_heating_high_nominal,30.0,N1,8,0.008826400007819757,2,0,False,20
20260809,test,g030nm_heating_high_nominal,30.0,N1,9,0.010446899977978319,2,0,False,20
20260809,test,g030nm_heating_high_nominal,30.0,N1,10,0.01756449998356402,2,0,False,20
20260809,test,g030nm_heating_high_nominal,30.0,N1,11,0.005625099991448224,2,0,False,20
20260809,test,g030nm_heating_high_nominal,30.0,N1,12,0.003886399994371459,2,0,False,20
20260809,test,g030nm_heating_high_nominal,30.0,N1,13,0.004279999993741512,2,0,False,20
20260809,test,g030nm_heating_high_nominal,30.0,N1,14,0.004427300009410828,2,0,False,20
20260809,test,g030nm_heating_high_nominal,30.0,N1,15,0.0033939999993890524,2,0,False,20
20260809,test,g030nm_heating_high_nominal,30.0,N1,16,0.0045914999791421,2,0,False,20
20260809,test,g030nm_heating_high_nominal,30.0,N1,17,0.003587399987736717,2,0,False,20
20260809,test,g030nm_heating_high_nominal,30.0,N1,18,0.00398689997382462,2,0,False,20
20260809,test,g030nm_heating_high_nominal,30.0,N1,19,0.0033656000159680843,2,0,False,20
20260809,test,g030nm_heating_high_nominal,30.0,N2,0,0.0073299999930895865,4,0,False,20
20260809,test,g030nm_heating_high_nominal,30.0,N2,1,0.006758799980161712,4,0,False,20
20260809,test,g030nm_heating_high_nominal,30.0,N2,2,0.007593499991344288,4,0,False,20
20260809,test,g030nm_heating_high_nominal,30.0,N2,3,0.007266000000527129,4,0,False,20
20260809,test,g030nm_heating_high_nominal,30.0,N2,4,0.006665299995802343,4,0,False,20
20260809,test,g030nm_heating_high_nominal,30.0,N2,5,0.00845110000227578,4,0,False,20
20260809,test,g030nm_heating_high_nominal,30.0,N2,6,0.006967499997699633,4,0,False,20
20260809,test,g030nm_heating_high_nominal,30.0,N2,7,0.008160900004440919,4,0,False,20
20260809,test,g030nm_heating_high_nominal,30.0,N2,8,0.007640499999979511,4,0,False,20
20260809,test,g030nm_heating_high_nominal,30.0,N2,9,0.011301099992124364,4,0,False,20
20260809,test,g030nm_heating_high_nominal,30.0,N2,10,0.00980369999888353,4,0,False,20
20260809,test,g030nm_heating_high_nominal,30.0,N2,11,0.009311699977843091,4,0,False,20
20260809,test,g030nm_heating_high_nominal,30.0,N2,12,0.013359000004129484,4,0,False,20
20260809,test,g030nm_heating_high_nominal,30.0,N2,13,0.009996799984946847,4,0,False,20
20260809,test,g030nm_heating_high_nominal,30.0,N2,14,0.008869400015100837,4,0,False,20
20260809,test,g030nm_heating_high_nominal,30.0,N2,15,0.009716900007333606,4,0,False,20
20260809,test,g030nm_heating_high_nominal,30.0,N2,16,0.00655309998546727,4,0,False,20
20260809,test,g030nm_heating_high_nominal,30.0,N2,17,0.008415200019953772,4,0,False,20
20260809,test,g030nm_heating_high_nominal,30.0,N2,18,0.006386399996699765,4,0,False,20
20260809,test,g030nm_heating_high_nominal,30.0,N2,19,0.00712950000888668,4,0,False,20
20260809,test,g030nm_heating_low_localized-sink,30.0,N0,0,0.009246100002201274,1,0,False,20
20260809,test,g030nm_heating_low_localized-sink,30.0,N0,1,0.0058772000193130225,1,0,False,20
20260809,test,g030nm_heating_low_localized-sink,30.0,N0,2,0.004627700021956116,1,0,False,20
20260809,test,g030nm_heating_low_localized-sink,30.0,N0,3,0.008850199985317886,1,0,False,20
20260809,test,g030nm_heating_low_localized-sink,30.0,N0,4,0.004619499988621101,1,0,False,20
20260809,test,g030nm_heating_low_localized-sink,30.0,N0,5,0.016833700006827712,1,0,False,20
20260809,test,g030nm_heating_low_localized-sink,30.0,N0,6,0.030339899996761233,1,0,False,20
20260809,test,g030nm_heating_low_localized-sink,30.0,N0,7,0.014778000011574477,1,0,False,20
20260809,test,g030nm_heating_low_localized-sink,30.0,N0,8,0.006654199998592958,1,0,False,20
20260809,test,g030nm_heating_low_localized-sink,30.0,N0,9,0.008353799988981336,1,0,False,20
20260809,test,g030nm_heating_low_localized-sink,30.0,N0,10,0.003925799974240363,1,0,False,20
20260809,test,g030nm_heating_low_localized-sink,30.0,N0,11,0.002899100014474243,1,0,False,20
20260809,test,g030nm_heating_low_localized-sink,30.0,N0,12,0.012110299983760342,1,0,False,20
20260809,test,g030nm_heating_low_localized-sink,30.0,N0,13,0.0036999000003561378,1,0,False,20
20260809,test,g030nm_heating_low_localized-sink,30.0,N0,14,0.009904800012009218,1,0,False,20
20260809,test,g030nm_heating_low_localized-sink,30.0,N0,15,0.00581529998453334,1,0,False,20
20260809,test,g030nm_heating_low_localized-sink,30.0,N0,16,0.00464040000224486,1,0,False,20
20260809,test,g030nm_heating_low_localized-sink,30.0,N0,17,0.005115500011015683,1,0,False,20
20260809,test,g030nm_heating_low_localized-sink,30.0,N0,18,0.004351799987489358,1,0,False,20
20260809,test,g030nm_heating_low_localized-sink,30.0,N0,19,0.0038286999915726483,1,0,False,20
20260809,test,g030nm_heating_low_localized-sink,30.0,N1,0,0.005621499993139878,2,0,False,20
20260809,test,g030nm_heating_low_localized-sink,30.0,N1,1,0.003979899978730828,2,0,False,20
20260809,test,g030nm_heating_low_localized-sink,30.0,N1,2,0.003747300012037158,2,0,False,20
20260809,test,g030nm_heating_low_localized-sink,30.0,N1,3,0.004183300014119595,2,0,False,20
20260809,test,g030nm_heating_low_localized-sink,30.0,N1,4,0.0038815000152681023,2,0,False,20
20260809,test,g030nm_heating_low_localized-sink,30.0,N1,5,0.0036435999791137874,2,0,False,20
20260809,test,g030nm_heating_low_localized-sink,30.0,N1,6,0.003839699988020584,2,0,False,20
20260809,test,g030nm_heating_low_localized-sink,30.0,N1,7,0.004764100012835115,2,0,False,20
20260809,test,g030nm_heating_low_localized-sink,30.0,N1,8,0.0034847000206355006,2,0,False,20
20260809,test,g030nm_heating_low_localized-sink,30.0,N1,9,0.003771699994103983,2,0,False,20
20260809,test,g030nm_heating_low_localized-sink,30.0,N1,10,0.0034636000054888427,2,0,False,20
20260809,test,g030nm_heating_low_localized-sink,30.0,N1,11,0.004369100002804771,2,0,False,20
20260809,test,g030nm_heating_low_localized-sink,30.0,N1,12,0.004141599987633526,2,0,False,20
20260809,test,g030nm_heating_low_localized-sink,30.0,N1,13,0.004146599996602163,2,0,False,20
20260809,test,g030nm_heating_low_localized-sink,30.0,N1,14,0.0032737999863456935,2,0,False,20
20260809,test,g030nm_heating_low_localized-sink,30.0,N1,15,0.0037237000069580972,2,0,False,20
20260809,test,g030nm_heating_low_localized-sink,30.0,N1,16,0.004236999986460432,2,0,False,20
20260809,test,g030nm_heating_low_localized-sink,30.0,N1,17,0.0037771999777760357,2,0,False,20
20260809,test,g030nm_heating_low_localized-sink,30.0,N1,18,0.003282199992099777,2,0,False,20
20260809,test,g030nm_heating_low_localized-sink,30.0,N1,19,0.0034158999915234745,2,0,False,20
20260809,test,g030nm_heating_low_localized-sink,30.0,N2,0,0.006674900010693818,4,0,False,20
20260809,test,g030nm_heating_low_localized-sink,30.0,N2,1,0.010801099997479469,4,0,False,20
20260809,test,g030nm_heating_low_localized-sink,30.0,N2,2,0.006842599977971986,4,0,False,20
20260809,test,g030nm_heating_low_localized-sink,30.0,N2,3,0.009311700006946921,4,0,False,20
20260809,test,g030nm_heating_low_localized-sink,30.0,N2,4,0.006731100002070889,4,0,False,20
20260809,test,g030nm_heating_low_localized-sink,30.0,N2,5,0.007796299993060529,4,0,False,20
20260809,test,g030nm_heating_low_localized-sink,30.0,N2,6,0.0060538999969139695,4,0,False,20
20260809,test,g030nm_heating_low_localized-sink,30.0,N2,7,0.01021859998581931,4,0,False,20
20260809,test,g030nm_heating_low_localized-sink,30.0,N2,8,0.005802400002721697,4,0,False,20
20260809,test,g030nm_heating_low_localized-sink,30.0,N2,9,0.0076111000089440495,4,0,False,20
20260809,test,g030nm_heating_low_localized-sink,30.0,N2,10,0.006570199999259785,4,0,False,20
20260809,test,g030nm_heating_low_localized-sink,30.0,N2,11,0.0064777000225149095,4,0,False,20
20260809,test,g030nm_heating_low_localized-sink,30.0,N2,12,0.007494999998016283,4,0,False,20
20260809,test,g030nm_heating_low_localized-sink,30.0,N2,13,0.006279299996094778,4,0,False,20
20260809,test,g030nm_heating_low_localized-sink,30.0,N2,14,0.012600500020198524,4,0,False,20
20260809,test,g030nm_heating_low_localized-sink,30.0,N2,15,0.0062092999869491905,4,0,False,20
20260809,test,g030nm_heating_low_localized-sink,30.0,N2,16,0.0074822999886237085,4,0,False,20
20260809,test,g030nm_heating_low_localized-sink,30.0,N2,17,0.006770199979655445,4,0,False,20
20260809,test,g030nm_heating_low_localized-sink,30.0,N2,18,0.008044699992751703,4,0,False,20
20260809,test,g030nm_heating_low_localized-sink,30.0,N2,19,0.009931899985531345,4,0,False,20
20260809,test,g030nm_heating_low_nominal,30.0,N0,0,0.003058800008147955,1,0,False,20
20260809,test,g030nm_heating_low_nominal,30.0,N0,1,0.00281360000371933,1,0,False,20
20260809,test,g030nm_heating_low_nominal,30.0,N0,2,0.0026070000021718442,1,0,False,20
20260809,test,g030nm_heating_low_nominal,30.0,N0,3,0.0028058000025339425,1,0,False,20
20260809,test,g030nm_heating_low_nominal,30.0,N0,4,0.0027283999952487648,1,0,False,20
20260809,test,g030nm_heating_low_nominal,30.0,N0,5,0.0035391999990679324,1,0,False,20
20260809,test,g030nm_heating_low_nominal,30.0,N0,6,0.002956400014227256,1,0,False,20
20260809,test,g030nm_heating_low_nominal,30.0,N0,7,0.0034656000207178295,1,0,False,20
20260809,test,g030nm_heating_low_nominal,30.0,N0,8,0.0031101999920792878,1,0,False,20
20260809,test,g030nm_heating_low_nominal,30.0,N0,9,0.0026400999922771007,1,0,False,20
20260809,test,g030nm_heating_low_nominal,30.0,N0,10,0.003517200006172061,1,0,False,20
20260809,test,g030nm_heating_low_nominal,30.0,N0,11,0.0029789000109303743,1,0,False,20
20260809,test,g030nm_heating_low_nominal,30.0,N0,12,0.0029969000024721026,1,0,False,20
20260809,test,g030nm_heating_low_nominal,30.0,N0,13,0.003581199998734519,1,0,False,20
20260809,test,g030nm_heating_low_nominal,30.0,N0,14,0.002756599977146834,1,0,False,20
20260809,test,g030nm_heating_low_nominal,30.0,N0,15,0.003017900016857311,1,0,False,20
20260809,test,g030nm_heating_low_nominal,30.0,N0,16,0.0027805000136140734,1,0,False,20
20260809,test,g030nm_heating_low_nominal,30.0,N0,17,0.0028719999827444553,1,0,False,20
20260809,test,g030nm_heating_low_nominal,30.0,N0,18,0.004369400005089119,1,0,False,20
20260809,test,g030nm_heating_low_nominal,30.0,N0,19,0.0043500000028871,1,0,False,20
20260809,test,g030nm_heating_low_nominal,30.0,N1,0,0.005300899996655062,2,0,False,20
20260809,test,g030nm_heating_low_nominal,30.0,N1,1,0.0034699999960139394,2,0,False,20
20260809,test,g030nm_heating_low_nominal,30.0,N1,2,0.0032375000009778887,2,0,False,20
20260809,test,g030nm_heating_low_nominal,30.0,N1,3,0.003958999994210899,2,0,False,20
20260809,test,g030nm_heating_low_nominal,30.0,N1,4,0.004544499999610707,2,0,False,20
20260809,test,g030nm_heating_low_nominal,30.0,N1,5,0.0036093000089749694,2,0,False,20
20260809,test,g030nm_heating_low_nominal,30.0,N1,6,0.0031404999899677932,2,0,False,20
20260809,test,g030nm_heating_low_nominal,30.0,N1,7,0.00364919999265112,2,0,False,20
20260809,test,g030nm_heating_low_nominal,30.0,N1,8,0.0037890000094193965,2,0,False,20
20260809,test,g030nm_heating_low_nominal,30.0,N1,9,0.004446000006282702,2,0,False,20
20260809,test,g030nm_heating_low_nominal,30.0,N1,10,0.0031732000061310828,2,0,False,20
20260809,test,g030nm_heating_low_nominal,30.0,N1,11,0.0033048000186681747,2,0,False,20
20260809,test,g030nm_heating_low_nominal,30.0,N1,12,0.003465400019194931,2,0,False,20
20260809,test,g030nm_heating_low_nominal,30.0,N1,13,0.004615500016370788,2,0,False,20
20260809,test,g030nm_heating_low_nominal,30.0,N1,14,0.003964000003179535,2,0,False,20
20260809,test,g030nm_heating_low_nominal,30.0,N1,15,0.004051399999298155,2,0,False,20
20260809,test,g030nm_heating_low_nominal,30.0,N1,16,0.004108199995243922,2,0,False,20
20260809,test,g030nm_heating_low_nominal,30.0,N1,17,0.007662999996682629,2,0,False,20
20260809,test,g030nm_heating_low_nominal,30.0,N1,18,0.0040976000018417835,2,0,False,20
20260809,test,g030nm_heating_low_nominal,30.0,N1,19,0.004025800008093938,2,0,False,20
20260809,test,g030nm_heating_low_nominal,30.0,N2,0,0.01652410000679083,4,0,False,20
20260809,test,g030nm_heating_low_nominal,30.0,N2,1,0.008471599983749911,4,0,False,20
20260809,test,g030nm_heating_low_nominal,30.0,N2,2,0.007503600005293265,4,0,False,20
20260809,test,g030nm_heating_low_nominal,30.0,N2,3,0.008725000021513551,4,0,False,20
20260809,test,g030nm_heating_low_nominal,30.0,N2,4,0.018351900012930855,4,0,False,20
20260809,test,g030nm_heating_low_nominal,30.0,N2,5,0.012679199979174882,4,0,False,20
20260809,test,g030nm_heating_low_nominal,30.0,N2,6,0.008453499991446733,4,0,False,20
20260809,test,g030nm_heating_low_nominal,30.0,N2,7,0.00615910001215525,4,0,False,20
20260809,test,g030nm_heating_low_nominal,30.0,N2,8,0.009518700011540204,4,0,False,20
20260809,test,g030nm_heating_low_nominal,30.0,N2,9,0.00641240002005361,4,0,False,20
20260809,test,g030nm_heating_low_nominal,30.0,N2,10,0.007503499975427985,4,0,False,20
20260809,test,g030nm_heating_low_nominal,30.0,N2,11,0.006692299997666851,4,0,False,20
20260809,test,g030nm_heating_low_nominal,30.0,N2,12,0.006241700000828132,4,0,False,20
20260809,test,g030nm_heating_low_nominal,30.0,N2,13,0.00844060000963509,4,0,False,20
20260809,test,g030nm_heating_low_nominal,30.0,N2,14,0.005980299989460036,4,0,False,20
20260809,test,g030nm_heating_low_nominal,30.0,N2,15,0.009019499993883073,4,0,False,20
20260809,test,g030nm_heating_low_nominal,30.0,N2,16,0.005884799989871681,4,0,False,20
20260809,test,g030nm_heating_low_nominal,30.0,N2,17,0.008828299993183464,4,0,False,20
20260809,test,g030nm_heating_low_nominal,30.0,N2,18,0.005874199996469542,4,0,False,20
20260809,test,g030nm_heating_low_nominal,30.0,N2,19,0.005890000000363216,4,0,False,20
20260809,test,g030nm_heating_near-transition_localized-sink,30.0,N0,0,0.0021825999720022082,1,0,False,20
20260809,test,g030nm_heating_near-transition_localized-sink,30.0,N0,1,0.0021686000109184533,1,0,False,20
20260809,test,g030nm_heating_near-transition_localized-sink,30.0,N0,2,0.003144099988276139,1,0,False,20
20260809,test,g030nm_heating_near-transition_localized-sink,30.0,N0,3,0.0030451999919023365,1,0,False,20
20260809,test,g030nm_heating_near-transition_localized-sink,30.0,N0,4,0.0023213999811559916,1,0,False,20
20260809,test,g030nm_heating_near-transition_localized-sink,30.0,N0,5,0.002210000006016344,1,0,False,20
20260809,test,g030nm_heating_near-transition_localized-sink,30.0,N0,6,0.002082300023175776,1,0,False,20
20260809,test,g030nm_heating_near-transition_localized-sink,30.0,N0,7,0.002272400015499443,1,0,False,20
20260809,test,g030nm_heating_near-transition_localized-sink,30.0,N0,8,0.0032276999845635146,1,0,False,20
20260809,test,g030nm_heating_near-transition_localized-sink,30.0,N0,9,0.0033629000245127827,1,0,False,20
20260809,test,g030nm_heating_near-transition_localized-sink,30.0,N0,10,0.0026897999923676252,1,0,False,20
20260809,test,g030nm_heating_near-transition_localized-sink,30.0,N0,11,0.0022059000039007515,1,0,False,20
20260809,test,g030nm_heating_near-transition_localized-sink,30.0,N0,12,0.0020795000018551946,1,0,False,20
20260809,test,g030nm_heating_near-transition_localized-sink,30.0,N0,13,0.0020397999905981123,1,0,False,20
20260809,test,g030nm_heating_near-transition_localized-sink,30.0,N0,14,0.0023065999848768115,1,0,False,20
20260809,test,g030nm_heating_near-transition_localized-sink,30.0,N0,15,0.002455500012729317,1,0,False,20
20260809,test,g030nm_heating_near-transition_localized-sink,30.0,N0,16,0.003406100004212931,1,0,False,20
20260809,test,g030nm_heating_near-transition_localized-sink,30.0,N0,17,0.0022969999990891665,1,0,False,20
20260809,test,g030nm_heating_near-transition_localized-sink,30.0,N0,18,0.0022193000186234713,1,0,False,20
20260809,test,g030nm_heating_near-transition_localized-sink,30.0,N0,19,0.0025844999763648957,1,0,False,20
20260809,test,g030nm_heating_near-transition_localized-sink,30.0,N1,0,0.004166600003372878,2,0,False,20
20260809,test,g030nm_heating_near-transition_localized-sink,30.0,N1,1,0.00406549999024719,2,0,False,20
20260809,test,g030nm_heating_near-transition_localized-sink,30.0,N1,2,0.002751499996520579,2,0,False,20
20260809,test,g030nm_heating_near-transition_localized-sink,30.0,N1,3,0.0025984999956563115,2,0,False,20
20260809,test,g030nm_heating_near-transition_localized-sink,30.0,N1,4,0.00314400001661852,2,0,False,20
20260809,test,g030nm_heating_near-transition_localized-sink,30.0,N1,5,0.005334900022717193,2,0,False,20
20260809,test,g030nm_heating_near-transition_localized-sink,30.0,N1,6,0.004350799979874864,2,0,False,20
20260809,test,g030nm_heating_near-transition_localized-sink,30.0,N1,7,0.0030350000015459955,2,0,False,20
20260809,test,g030nm_heating_near-transition_localized-sink,30.0,N1,8,0.0030789999873377383,2,0,False,20
20260809,test,g030nm_heating_near-transition_localized-sink,30.0,N1,9,0.00434260000474751,2,0,False,20
20260809,test,g030nm_heating_near-transition_localized-sink,30.0,N1,10,0.0068808000069111586,2,0,False,20
20260809,test,g030nm_heating_near-transition_localized-sink,30.0,N1,11,0.003966200019931421,2,0,False,20
20260809,test,g030nm_heating_near-transition_localized-sink,30.0,N1,12,0.0028603000100702047,2,0,False,20
20260809,test,g030nm_heating_near-transition_localized-sink,30.0,N1,13,0.0044701999868266284,2,0,False,20
20260809,test,g030nm_heating_near-transition_localized-sink,30.0,N1,14,0.0036133999819867313,2,0,False,20
20260809,test,g030nm_heating_near-transition_localized-sink,30.0,N1,15,0.0029304999916348606,2,0,False,20
20260809,test,g030nm_heating_near-transition_localized-sink,30.0,N1,16,0.002816699998220429,2,0,False,20
20260809,test,g030nm_heating_near-transition_localized-sink,30.0,N1,17,0.002597999991849065,2,0,False,20
20260809,test,g030nm_heating_near-transition_localized-sink,30.0,N1,18,0.0030812000040896237,2,0,False,20
20260809,test,g030nm_heating_near-transition_localized-sink,30.0,N1,19,0.0035663999733515084,2,0,False,20
20260809,test,g030nm_heating_near-transition_localized-sink,30.0,N2,0,0.0070069000066723675,4,0,False,20
20260809,test,g030nm_heating_near-transition_localized-sink,30.0,N2,1,0.02155899998615496,4,0,False,20
20260809,test,g030nm_heating_near-transition_localized-sink,30.0,N2,2,0.05532439998933114,4,0,False,20
20260809,test,g030nm_heating_near-transition_localized-sink,30.0,N2,3,0.02433220000239089,4,0,False,20
20260809,test,g030nm_heating_near-transition_localized-sink,30.0,N2,4,0.028038999997079372,4,0,False,20
20260809,test,g030nm_heating_near-transition_localized-sink,30.0,N2,5,0.025447199994232506,4,0,False,20
20260809,test,g030nm_heating_near-transition_localized-sink,30.0,N2,6,0.03241050001815893,4,0,False,20
20260809,test,g030nm_heating_near-transition_localized-sink,30.0,N2,7,0.025548100005835295,4,0,False,20
20260809,test,g030nm_heating_near-transition_localized-sink,30.0,N2,8,0.023537200002465397,4,0,False,20
20260809,test,g030nm_heating_near-transition_localized-sink,30.0,N2,9,0.025945600005798042,4,0,False,20
20260809,test,g030nm_heating_near-transition_localized-sink,30.0,N2,10,0.020533200004138052,4,0,False,20
20260809,test,g030nm_heating_near-transition_localized-sink,30.0,N2,11,0.027340899978298694,4,0,False,20
20260809,test,g030nm_heating_near-transition_localized-sink,30.0,N2,12,0.026644099998520687,4,0,False,20
20260809,test,g030nm_heating_near-transition_localized-sink,30.0,N2,13,0.026120099995750934,4,0,False,20
20260809,test,g030nm_heating_near-transition_localized-sink,30.0,N2,14,0.02071310000610538,4,0,False,20
20260809,test,g030nm_heating_near-transition_localized-sink,30.0,N2,15,0.036531000019749627,4,0,False,20
20260809,test,g030nm_heating_near-transition_localized-sink,30.0,N2,16,0.023082700005033985,4,0,False,20
20260809,test,g030nm_heating_near-transition_localized-sink,30.0,N2,17,0.017855499987490475,4,0,False,20
20260809,test,g030nm_heating_near-transition_localized-sink,30.0,N2,18,0.027165699983015656,4,0,False,20
20260809,test,g030nm_heating_near-transition_localized-sink,30.0,N2,19,0.015060699981404468,4,0,False,20
20260809,test,g030nm_heating_near-transition_nominal,30.0,N0,0,0.010979300015605986,1,0,False,20
20260809,test,g030nm_heating_near-transition_nominal,30.0,N0,1,0.007484000001568347,1,0,False,20
20260809,test,g030nm_heating_near-transition_nominal,30.0,N0,2,0.012821300013456494,1,0,False,20
20260809,test,g030nm_heating_near-transition_nominal,30.0,N0,3,0.008454599999822676,1,0,False,20
20260809,test,g030nm_heating_near-transition_nominal,30.0,N0,4,0.007907099992735311,1,0,False,20
20260809,test,g030nm_heating_near-transition_nominal,30.0,N0,5,0.016131200012750924,1,0,False,20
20260809,test,g030nm_heating_near-transition_nominal,30.0,N0,6,0.008807100006379187,1,0,False,20
20260809,test,g030nm_heating_near-transition_nominal,30.0,N0,7,0.01061730002402328,1,0,False,20
20260809,test,g030nm_heating_near-transition_nominal,30.0,N0,8,0.014871199993649498,1,0,False,20
20260809,test,g030nm_heating_near-transition_nominal,30.0,N0,9,0.012458299985155463,1,0,False,20
20260809,test,g030nm_heating_near-transition_nominal,30.0,N0,10,0.009265700005926192,1,0,False,20
20260809,test,g030nm_heating_near-transition_nominal,30.0,N0,11,0.011866299988469109,1,0,False,20
20260809,test,g030nm_heating_near-transition_nominal,30.0,N0,12,0.009008499997435138,1,0,False,20
20260809,test,g030nm_heating_near-transition_nominal,30.0,N0,13,0.007930799998575822,1,0,False,20
20260809,test,g030nm_heating_near-transition_nominal,30.0,N0,14,0.010343900008592755,1,0,False,20
20260809,test,g030nm_heating_near-transition_nominal,30.0,N0,15,0.007675400003790855,1,0,False,20
20260809,test,g030nm_heating_near-transition_nominal,30.0,N0,16,0.008100799983367324,1,0,False,20
20260809,test,g030nm_heating_near-transition_nominal,30.0,N0,17,0.007640499999979511,1,0,False,20
20260809,test,g030nm_heating_near-transition_nominal,30.0,N0,18,0.0097237000009045,1,0,False,20
20260809,test,g030nm_heating_near-transition_nominal,30.0,N0,19,0.017172399995615706,1,0,False,20
20260809,test,g030nm_heating_near-transition_nominal,30.0,N1,0,0.0084731999959331,2,0,False,20
20260809,test,g030nm_heating_near-transition_nominal,30.0,N1,1,0.008600400004070252,2,0,False,20
20260809,test,g030nm_heating_near-transition_nominal,30.0,N1,2,0.015071899979375303,2,0,False,20
20260809,test,g030nm_heating_near-transition_nominal,30.0,N1,3,0.010970800009090453,2,0,False,20
20260809,test,g030nm_heating_near-transition_nominal,30.0,N1,4,0.014498100004857406,2,0,False,20
20260809,test,g030nm_heating_near-transition_nominal,30.0,N1,5,0.02444959999411367,2,0,False,20
20260809,test,g030nm_heating_near-transition_nominal,30.0,N1,6,0.013219300017226487,2,0,False,20
20260809,test,g030nm_heating_near-transition_nominal,30.0,N1,7,0.021588800009340048,2,0,False,20
20260809,test,g030nm_heating_near-transition_nominal,30.0,N1,8,0.012042799993650988,2,0,False,20
20260809,test,g030nm_heating_near-transition_nominal,30.0,N1,9,0.008379499980947003,2,0,False,20
20260809,test,g030nm_heating_near-transition_nominal,30.0,N1,10,0.009025000006658956,2,0,False,20
20260809,test,g030nm_heating_near-transition_nominal,30.0,N1,11,0.016479300014907494,2,0,False,20
20260809,test,g030nm_heating_near-transition_nominal,30.0,N1,12,0.013478899985784665,2,0,False,20
20260809,test,g030nm_heating_near-transition_nominal,30.0,N1,13,0.01084080000873655,2,0,False,20
20260809,test,g030nm_heating_near-transition_nominal,30.0,N1,14,0.009418900008313358,2,0,False,20
20260809,test,g030nm_heating_near-transition_nominal,30.0,N1,15,0.00870439998107031,2,0,False,20
20260809,test,g030nm_heating_near-transition_nominal,30.0,N1,16,0.007751099998131394,2,0,False,20
20260809,test,g030nm_heating_near-transition_nominal,30.0,N1,17,0.007633700006408617,2,0,False,20
20260809,test,g030nm_heating_near-transition_nominal,30.0,N1,18,0.007125999982235953,2,0,False,20
20260809,test,g030nm_heating_near-transition_nominal,30.0,N1,19,0.007856600015657023,2,0,False,20
20260809,test,g030nm_heating_near-transition_nominal,30.0,N2,0,0.04438860001391731,4,0,False,20
20260809,test,g030nm_heating_near-transition_nominal,30.0,N2,1,0.025856099993688986,4,0,False,20
20260809,test,g030nm_heating_near-transition_nominal,30.0,N2,2,0.03751259998534806,4,0,False,20
20260809,test,g030nm_heating_near-transition_nominal,30.0,N2,3,0.022665900003630668,4,0,False,20
20260809,test,g030nm_heating_near-transition_nominal,30.0,N2,4,0.015479199995752424,4,0,False,20
20260809,test,g030nm_heating_near-transition_nominal,30.0,N2,5,0.020987500000046566,4,0,False,20
20260809,test,g030nm_heating_near-transition_nominal,30.0,N2,6,0.024044500023592263,4,0,False,20
20260809,test,g030nm_heating_near-transition_nominal,30.0,N2,7,0.02916390000609681,4,0,False,20
20260809,test,g030nm_heating_near-transition_nominal,30.0,N2,8,0.02600189999793656,4,0,False,20
20260809,test,g030nm_heating_near-transition_nominal,30.0,N2,9,0.06759220000822097,4,0,False,20
20260809,test,g030nm_heating_near-transition_nominal,30.0,N2,10,0.047093700006371364,4,0,False,20
20260809,test,g030nm_heating_near-transition_nominal,30.0,N2,11,0.036676499992609024,4,0,False,20
20260809,test,g030nm_heating_near-transition_nominal,30.0,N2,12,0.024799600010737777,4,0,False,20
20260809,test,g030nm_heating_near-transition_nominal,30.0,N2,13,0.028450899990275502,4,0,False,20
20260809,test,g030nm_heating_near-transition_nominal,30.0,N2,14,0.03185190001386218,4,0,False,20
20260809,test,g030nm_heating_near-transition_nominal,30.0,N2,15,0.022896200011018664,4,0,False,20
20260809,test,g030nm_heating_near-transition_nominal,30.0,N2,16,0.018335200002184138,4,0,False,20
20260809,test,g030nm_heating_near-transition_nominal,30.0,N2,17,0.02008749998640269,4,0,False,20
20260809,test,g030nm_heating_near-transition_nominal,30.0,N2,18,0.022776199999498203,4,0,False,20
20260809,test,g030nm_heating_near-transition_nominal,30.0,N2,19,0.022064299992052838,4,0,False,20
