seed,stage,stage_step,global_step,learning_rate,coefficient_loss,n1_temperature_loss,n1_potential_loss,n1_current_loss,n1_true_lookahead_defect_loss,n2_temperature_loss,n2_potential_loss,n2_current_loss,n2_true_lookahead_defect_loss,total_loss,finite,elapsed_wall_s
20260809,1,1,1,0.001,0.9780522289300227,0.0,0.0,0.0,0.0,0.0,0.0,0.0,0.0,0.9780522289300227,True,13.68401709999307
20260809,1,2,2,0.001,0.9664781496436496,0.0,0.0,0.0,0.0,0.0,0.0,0.0,0.0,0.9664781496436496,True,13.6879595000064
20260809,1,3,3,0.001,0.9550107700360304,0.0,0.0,0.0,0.0,0.0,0.0,0.0,0.0,0.9550107700360304,True,13.690983400010737
20260809,1,4,4,0.001,0.9436430899962319,0.0,0.0,0.0,0.0,0.0,0.0,0.0,0.0,0.9436430899962319,True,13.694432999996934
20260809,1,5,5,0.001,0.9323602329709002,0.0,0.0,0.0,0.0,0.0,0.0,0.0,0.0,0.9323602329709002,True,13.697497200017096
20260809,1,6,6,0.001,0.9211467800264277,0.0,0.0,0.0,0.0,0.0,0.0,0.0,0.0,0.9211467800264277,True,13.700845700019272
20260809,1,7,7,0.001,0.9099898629042384,0.0,0.0,0.0,0.0,0.0,0.0,0.0,0.0,0.9099898629042384,True,13.706519900006242
20260809,1,8,8,0.001,0.8988771406115488,0.0,0.0,0.0,0.0,0.0,0.0,0.0,0.0,0.8988771406115488,True,13.710986699996283
20260809,1,9,9,0.001,0.8877954444884584,0.0,0.0,0.0,0.0,0.0,0.0,0.0,0.0,0.8877954444884584,True,13.714466900011757
20260809,1,10,10,0.001,0.8767307980817709,0.0,0.0,0.0,0.0,0.0,0.0,0.0,0.0,0.8767307980817709,True,13.717232599999988
20260809,1,11,11,0.001,0.8656691055701907,0.0,0.0,0.0,0.0,0.0,0.0,0.0,0.0,0.8656691055701907,True,13.719707700016443
20260809,1,12,12,0.001,0.8545967998372939,0.0,0.0,0.0,0.0,0.0,0.0,0.0,0.0,0.8545967998372939,True,13.725277200021083
20260809,1,13,13,0.001,0.8435011163031574,0.0,0.0,0.0,0.0,0.0,0.0,0.0,0.0,0.8435011163031574,True,13.732910799997626
20260809,1,14,14,0.001,0.8323700931687903,0.0,0.0,0.0,0.0,0.0,0.0,0.0,0.0,0.8323700931687903,True,13.73525110000628
20260809,1,15,15,0.001,0.8211925203141959,0.0,0.0,0.0,0.0,0.0,0.0,0.0,0.0,0.8211925203141959,True,13.738574100018013
20260809,1,16,16,0.001,0.8099579493621516,0.0,0.0,0.0,0.0,0.0,0.0,0.0,0.0,0.8099579493621516,True,13.741462600009982
20260809,1,17,17,0.001,0.7986567615906716,0.0,0.0,0.0,0.0,0.0,0.0,0.0,0.0,0.7986567615906716,True,13.74558459999389
20260809,1,18,18,0.001,0.7872802520797173,0.0,0.0,0.0,0.0,0.0,0.0,0.0,0.0,0.7872802520797173,True,13.748450200015213
20260809,1,19,19,0.001,0.7758207000177988,0.0,0.0,0.0,0.0,0.0,0.0,0.0,0.0,0.7758207000177988,True,13.751509699999588
20260809,1,20,20,0.001,0.7642714163022826,0.0,0.0,0.0,0.0,0.0,0.0,0.0,0.0,0.7642714163022826,True,13.756872099998873
20260809,1,21,21,0.001,0.7526267726283731,0.0,0.0,0.0,0.0,0.0,0.0,0.0,0.0,0.7526267726283731,True,13.76111910000327
20260809,1,22,22,0.001,0.7408822197833572,0.0,0.0,0.0,0.0,0.0,0.0,0.0,0.0,0.7408822197833572,True,13.76400300001842
20260809,1,23,23,0.001,0.7290343010953366,0.0,0.0,0.0,0.0,0.0,0.0,0.0,0.0,0.7290343010953366,True,13.767519700020785
20260809,1,24,24,0.001,0.7170806640417058,0.0,0.0,0.0,0.0,0.0,0.0,0.0,0.0,0.7170806640417058,True,13.770808900007978
20260809,1,25,25,0.001,0.7050200711287962,0.0,0.0,0.0,0.0,0.0,0.0,0.0,0.0,0.7050200711287962,True,13.77348410000559
20260809,1,26,26,0.001,0.692852411016907,0.0,0.0,0.0,0.0,0.0,0.0,0.0,0.0,0.692852411016907,True,13.777425500011304
20260809,1,27,27,0.001,0.6805787122012535,0.0,0.0,0.0,0.0,0.0,0.0,0.0,0.0,0.6805787122012535,True,13.781166300002951
20260809,1,28,28,0.001,0.6682011623526484,0.0,0.0,0.0,0.0,0.0,0.0,0.0,0.0,0.6682011623526484,True,13.783645999996224
20260809,1,29,29,0.001,0.6557231330124851,0.0,0.0,0.0,0.0,0.0,0.0,0.0,0.0,0.6557231330124851,True,13.786208600009559
20260809,1,30,30,0.001,0.6431492019773355,0.0,0.0,0.0,0.0,0.0,0.0,0.0,0.0,0.6431492019773355,True,13.790919499995653
20260809,1,31,31,0.001,0.6304851624183019,0.0,0.0,0.0,0.0,0.0,0.0,0.0,0.0,0.6304851624183019,True,13.794124500011094
20260809,1,32,32,0.001,0.6177380132565039,0.0,0.0,0.0,0.0,0.0,0.0,0.0,0.0,0.6177380132565039,True,13.796717200020794
20260809,1,33,33,0.001,0.604915932874744,0.0,0.0,0.0,0.0,0.0,0.0,0.0,0.0,0.604915932874744,True,13.798456400021678
20260809,1,34,34,0.001,0.5920282414060513,0.0,0.0,0.0,0.0,0.0,0.0,0.0,0.0,0.5920282414060513,True,13.800872199994046
20260809,1,35,35,0.001,0.5790853564186301,0.0,0.0,0.0,0.0,0.0,0.0,0.0,0.0,0.5790853564186301,True,13.803685199993197
20260809,1,36,36,0.001,0.5660987452011563,0.0,0.0,0.0,0.0,0.0,0.0,0.0,0.0,0.5660987452011563,True,13.807566100003896
20260809,1,37,37,0.001,0.5530808746607867,0.0,0.0,0.0,0.0,0.0,0.0,0.0,0.0,0.5530808746607867,True,13.811022500012768
20260809,1,38,38,0.001,0.5400451573804703,0.0,0.0,0.0,0.0,0.0,0.0,0.0,0.0,0.5400451573804703,True,13.813244599994505
20260809,1,39,39,0.001,0.5270058906209263,0.0,0.0,0.0,0.0,0.0,0.0,0.0,0.0,0.5270058906209263,True,13.81523360000574
20260809,1,40,40,0.001,0.5139781847338534,0.0,0.0,0.0,0.0,0.0,0.0,0.0,0.0,0.5139781847338534,True,13.817289600003278
20260809,1,41,41,0.001,0.5009778780146238,0.0,0.0,0.0,0.0,0.0,0.0,0.0,0.0,0.5009778780146238,True,13.820214000006672
20260809,1,42,42,0.001,0.4880214353927309,0.0,0.0,0.0,0.0,0.0,0.0,0.0,0.0,0.4880214353927309,True,13.826240299997153
20260809,1,43,43,0.001,0.47512582872667936,0.0,0.0,0.0,0.0,0.0,0.0,0.0,0.0,0.47512582872667936,True,13.829845800006296
20260809,1,44,44,0.001,0.4623083980229265,0.0,0.0,0.0,0.0,0.0,0.0,0.0,0.0,0.4623083980229265,True,13.832325099996524
20260809,1,45,45,0.001,0.4495866955894316,0.0,0.0,0.0,0.0,0.0,0.0,0.0,0.0,0.4495866955894316,True,13.835962900018785
20260809,1,46,46,0.001,0.4369783171378505,0.0,0.0,0.0,0.0,0.0,0.0,0.0,0.0,0.4369783171378505,True,13.839496400003554
20260809,1,47,47,0.001,0.4245007236690429,0.0,0.0,0.0,0.0,0.0,0.0,0.0,0.0,0.4245007236690429,True,13.842713499994716
20260809,1,48,48,0.001,0.41217105618309435,0.0,0.0,0.0,0.0,0.0,0.0,0.0,0.0,0.41217105618309435,True,13.845860600005835
20260809,1,49,49,0.001,0.4000059438614718,0.0,0.0,0.0,0.0,0.0,0.0,0.0,0.0,0.4000059438614718,True,13.84794510001666
20260809,1,50,50,0.001,0.3880213069176709,0.0,0.0,0.0,0.0,0.0,0.0,0.0,0.0,0.3880213069176709,True,13.850056199997198
20260809,1,51,51,0.001,0.37623215760867257,0.0,0.0,0.0,0.0,0.0,0.0,0.0,0.0,0.37623215760867257,True,13.852032099995995
20260809,1,52,52,0.001,0.36465240532222837,0.0,0.0,0.0,0.0,0.0,0.0,0.0,0.0,0.36465240532222837,True,13.854483400005847
20260809,1,53,53,0.001,0.35329467260119723,0.0,0.0,0.0,0.0,0.0,0.0,0.0,0.0,0.35329467260119723,True,13.857363500021165
20260809,1,54,54,0.001,0.3421701282373094,0.0,0.0,0.0,0.0,0.0,0.0,0.0,0.0,0.3421701282373094,True,13.859918900008779
20260809,1,55,55,0.001,0.33128834244476957,0.0,0.0,0.0,0.0,0.0,0.0,0.0,0.0,0.33128834244476957,True,13.863462200009963
20260809,1,56,56,0.001,0.32065716893057666,0.0,0.0,0.0,0.0,0.0,0.0,0.0,0.0,0.32065716893057666,True,13.867531900003087
20260809,1,57,57,0.001,0.3102826594527832,0.0,0.0,0.0,0.0,0.0,0.0,0.0,0.0,0.3102826594527832,True,13.872786599997198
20260809,1,58,58,0.001,0.3001690171793719,0.0,0.0,0.0,0.0,0.0,0.0,0.0,0.0,0.3001690171793719,True,13.878465899993898
20260809,1,59,59,0.001,0.29031859482123634,0.0,0.0,0.0,0.0,0.0,0.0,0.0,0.0,0.29031859482123634,True,13.88218169999891
20260809,1,60,60,0.001,0.280731941813361,0.0,0.0,0.0,0.0,0.0,0.0,0.0,0.0,0.280731941813361,True,13.884849900001427
20260809,1,61,61,0.001,0.27140790218237754,0.0,0.0,0.0,0.0,0.0,0.0,0.0,0.0,0.27140790218237754,True,13.889673199999379
20260809,1,62,62,0.001,0.2623437618693096,0.0,0.0,0.0,0.0,0.0,0.0,0.0,0.0,0.2623437618693096,True,13.893359500012593
20260809,1,63,63,0.001,0.25353544165360986,0.0,0.0,0.0,0.0,0.0,0.0,0.0,0.0,0.25353544165360986,True,13.896066700021038
20260809,1,64,64,0.001,0.24497772953338032,0.0,0.0,0.0,0.0,0.0,0.0,0.0,0.0,0.24497772953338032,True,13.898596400016686
20260809,1,65,65,0.001,0.23666454435651177,0.0,0.0,0.0,0.0,0.0,0.0,0.0,0.0,0.23666454435651177,True,13.905119200004265
20260809,1,66,66,0.001,0.22858922067533943,0.0,0.0,0.0,0.0,0.0,0.0,0.0,0.0,0.22858922067533943,True,13.910138500010362
20260809,1,67,67,0.001,0.22074480339654784,0.0,0.0,0.0,0.0,0.0,0.0,0.0,0.0,0.22074480339654784,True,13.914144100010162
20260809,1,68,68,0.001,0.21312434001839234,0.0,0.0,0.0,0.0,0.0,0.0,0.0,0.0,0.21312434001839234,True,13.91773300000932
20260809,1,69,69,0.001,0.20572115815021275,0.0,0.0,0.0,0.0,0.0,0.0,0.0,0.0,0.20572115815021275,True,13.920934900001157
20260809,1,70,70,0.001,0.1985291165300473,0.0,0.0,0.0,0.0,0.0,0.0,0.0,0.0,0.1985291165300473,True,13.923943800007692
20260809,1,71,71,0.001,0.1915428188233817,0.0,0.0,0.0,0.0,0.0,0.0,0.0,0.0,0.1915428188233817,True,13.926238800020656
20260809,1,72,72,0.001,0.1847577810893571,0.0,0.0,0.0,0.0,0.0,0.0,0.0,0.0,0.1847577810893571,True,13.929330300015863
20260809,1,73,73,0.001,0.17817054594222204,0.0,0.0,0.0,0.0,0.0,0.0,0.0,0.0,0.17817054594222204,True,13.933084999996936
20260809,1,74,74,0.001,0.17177873902982319,0.0,0.0,0.0,0.0,0.0,0.0,0.0,0.0,0.17177873902982319,True,13.936141700018197
20260809,1,75,75,0.001,0.16558106627676686,0.0,0.0,0.0,0.0,0.0,0.0,0.0,0.0,0.16558106627676686,True,13.938861100003123
20260809,1,76,76,0.001,0.1595772530912029,0.0,0.0,0.0,0.0,0.0,0.0,0.0,0.0,0.1595772530912029,True,13.941541200008942
20260809,1,77,77,0.001,0.15376792913067297,0.0,0.0,0.0,0.0,0.0,0.0,0.0,0.0,0.15376792913067297,True,13.944605299999239
20260809,1,78,78,0.001,0.14815446412858435,0.0,0.0,0.0,0.0,0.0,0.0,0.0,0.0,0.14815446412858435,True,13.948319300019648
20260809,1,79,79,0.001,0.14273876180035855,0.0,0.0,0.0,0.0,0.0,0.0,0.0,0.0,0.14273876180035855,True,13.952401100017596
20260809,1,80,80,0.001,0.13752302030476468,0.0,0.0,0.0,0.0,0.0,0.0,0.0,0.0,0.13752302030476468,True,13.955993200012017
20260809,1,81,81,0.001,0.13250946943338676,0.0,0.0,0.0,0.0,0.0,0.0,0.0,0.0,0.13250946943338676,True,13.95922290001181
20260809,1,82,82,0.001,0.12770009652427597,0.0,0.0,0.0,0.0,0.0,0.0,0.0,0.0,0.12770009652427597,True,13.963442200009013
20260809,1,83,83,0.001,0.12309637445291854,0.0,0.0,0.0,0.0,0.0,0.0,0.0,0.0,0.12309637445291854,True,13.965777700010221
20260809,1,84,84,0.001,0.11869900535404362,0.0,0.0,0.0,0.0,0.0,0.0,0.0,0.0,0.11869900535404362,True,13.968357200006722
20260809,1,85,85,0.001,0.11450769287562415,0.0,0.0,0.0,0.0,0.0,0.0,0.0,0.0,0.11450769287562415,True,13.971228000009432
20260809,1,86,86,0.001,0.11052095413757576,0.0,0.0,0.0,0.0,0.0,0.0,0.0,0.0,0.11052095413757576,True,13.973490300006233
20260809,1,87,87,0.001,0.10673598058602299,0.0,0.0,0.0,0.0,0.0,0.0,0.0,0.0,0.10673598058602299,True,13.976687700022012
20260809,1,88,88,0.001,0.10314855469189115,0.0,0.0,0.0,0.0,0.0,0.0,0.0,0.0,0.10314855469189115,True,13.979423300013877
20260809,1,89,89,0.001,0.09975302669687072,0.0,0.0,0.0,0.0,0.0,0.0,0.0,0.0,0.09975302669687072,True,13.981269700016128
20260809,1,90,90,0.001,0.09654235224028257,0.0,0.0,0.0,0.0,0.0,0.0,0.0,0.0,0.09654235224028257,True,13.984313099994324
20260809,1,91,91,0.001,0.09350818823394036,0.0,0.0,0.0,0.0,0.0,0.0,0.0,0.0,0.09350818823394036,True,13.986736100021517
20260809,1,92,92,0.001,0.09064104174489422,0.0,0.0,0.0,0.0,0.0,0.0,0.0,0.0,0.09064104174489422,True,13.989822000003187
20260809,1,93,93,0.001,0.08793046525425799,0.0,0.0,0.0,0.0,0.0,0.0,0.0,0.0,0.08793046525425799,True,13.99231260002125
20260809,1,94,94,0.001,0.08536529072614384,0.0,0.0,0.0,0.0,0.0,0.0,0.0,0.0,0.08536529072614384,True,13.995647700008703
20260809,1,95,95,0.001,0.08293389342955211,0.0,0.0,0.0,0.0,0.0,0.0,0.0,0.0,0.08293389342955211,True,13.997707800008357
20260809,1,96,96,0.001,0.08062447423631876,0.0,0.0,0.0,0.0,0.0,0.0,0.0,0.0,0.08062447423631876,True,14.00165510000079
20260809,1,97,97,0.001,0.07842534688974725,0.0,0.0,0.0,0.0,0.0,0.0,0.0,0.0,0.07842534688974725,True,14.00559320001048
20260809,1,98,98,0.001,0.07632521540641382,0.0,0.0,0.0,0.0,0.0,0.0,0.0,0.0,0.07632521540641382,True,14.007523500011303
20260809,1,99,99,0.001,0.07431342687326234,0.0,0.0,0.0,0.0,0.0,0.0,0.0,0.0,0.07431342687326234,True,14.01002780001727
20260809,1,100,100,0.001,0.07238018649455233,0.0,0.0,0.0,0.0,0.0,0.0,0.0,0.0,0.07238018649455233,True,14.012776899995515
20260809,1,101,101,0.001,0.07051672456602595,0.0,0.0,0.0,0.0,0.0,0.0,0.0,0.0,0.07051672456602595,True,14.01657599999453
20260809,1,102,102,0.001,0.06871540870419612,0.0,0.0,0.0,0.0,0.0,0.0,0.0,0.0,0.06871540870419612,True,14.01950829999987
20260809,1,103,103,0.001,0.06696979871054975,0.0,0.0,0.0,0.0,0.0,0.0,0.0,0.0,0.06696979871054975,True,14.023633200005861
20260809,1,104,104,0.001,0.06527464549981715,0.0,0.0,0.0,0.0,0.0,0.0,0.0,0.0,0.06527464549981715,True,14.02757190002012
20260809,1,105,105,0.001,0.06362583920178336,0.0,0.0,0.0,0.0,0.0,0.0,0.0,0.0,0.06362583920178336,True,14.030694999994012
20260809,1,106,106,0.001,0.06202031454543231,0.0,0.0,0.0,0.0,0.0,0.0,0.0,0.0,0.06202031454543231,True,14.035903100011637
20260809,1,107,107,0.001,0.06045592372252191,0.0,0.0,0.0,0.0,0.0,0.0,0.0,0.0,0.06045592372252191,True,14.038824500021292
20260809,1,108,108,0.001,0.05893128798356452,0.0,0.0,0.0,0.0,0.0,0.0,0.0,0.0,0.05893128798356452,True,14.043307500018273
20260809,1,109,109,0.001,0.05744563924223141,0.0,0.0,0.0,0.0,0.0,0.0,0.0,0.0,0.05744563924223141,True,14.04759329999797
20260809,1,110,110,0.001,0.055998662067427166,0.0,0.0,0.0,0.0,0.0,0.0,0.0,0.0,0.055998662067427166,True,14.049983300006716
20260809,1,111,111,0.001,0.05459034482712619,0.0,0.0,0.0,0.0,0.0,0.0,0.0,0.0,0.05459034482712619,True,14.053818400017917
20260809,1,112,112,0.001,0.05322084666904027,0.0,0.0,0.0,0.0,0.0,0.0,0.0,0.0,0.05322084666904027,True,14.058146499999566
20260809,1,113,113,0.001,0.05189038474987262,0.0,0.0,0.0,0.0,0.0,0.0,0.0,0.0,0.05189038474987262,True,14.061488600011216
20260809,1,114,114,0.001,0.050599143907488354,0.0,0.0,0.0,0.0,0.0,0.0,0.0,0.0,0.050599143907488354,True,14.064562400017167
20260809,1,115,115,0.001,0.0493472090126016,0.0,0.0,0.0,0.0,0.0,0.0,0.0,0.0,0.0493472090126016,True,14.066971599997487
20260809,1,116,116,0.001,0.0481345186787345,0.0,0.0,0.0,0.0,0.0,0.0,0.0,0.0,0.0481345186787345,True,14.069729300012114
20260809,1,117,117,0.001,0.04696083792092727,0.0,0.0,0.0,0.0,0.0,0.0,0.0,0.0,0.04696083792092727,True,14.071925900003407
20260809,1,118,118,0.001,0.04582574673717459,0.0,0.0,0.0,0.0,0.0,0.0,0.0,0.0,0.04582574673717459,True,14.075391499995021
20260809,1,119,119,0.001,0.044728641387967866,0.0,0.0,0.0,0.0,0.0,0.0,0.0,0.0,0.044728641387967866,True,14.078783600009046
20260809,1,120,120,0.001,0.04366874527602751,0.0,0.0,0.0,0.0,0.0,0.0,0.0,0.0,0.04366874527602751,True,14.081104400014738
20260809,1,121,121,0.001,0.04264512666911015,0.0,0.0,0.0,0.0,0.0,0.0,0.0,0.0,0.04264512666911015,True,14.08327050000662
20260809,1,122,122,0.001,0.041656720953478256,0.0,0.0,0.0,0.0,0.0,0.0,0.0,0.0,0.041656720953478256,True,14.085311000002548
20260809,1,123,123,0.001,0.04070235556116912,0.0,0.0,0.0,0.0,0.0,0.0,0.0,0.0,0.04070235556116912,True,14.0871856000158
20260809,1,124,124,0.001,0.039780776115195184,0.0,0.0,0.0,0.0,0.0,0.0,0.0,0.0,0.039780776115195184,True,14.089335700002266
20260809,1,125,125,0.001,0.038890672649560816,0.0,0.0,0.0,0.0,0.0,0.0,0.0,0.0,0.038890672649560816,True,14.091925400018226
20260809,1,126,126,0.001,0.03803070498139216,0.0,0.0,0.0,0.0,0.0,0.0,0.0,0.0,0.03803070498139216,True,14.0945355000149
20260809,1,127,127,0.001,0.03719952645914845,0.0,0.0,0.0,0.0,0.0,0.0,0.0,0.0,0.03719952645914845,True,14.096995700005209
20260809,1,128,128,0.001,0.03639580541542104,0.0,0.0,0.0,0.0,0.0,0.0,0.0,0.0,0.03639580541542104,True,14.100896300020395
20260809,1,129,129,0.001,0.0356182437495345,0.0,0.0,0.0,0.0,0.0,0.0,0.0,0.0,0.0356182437495345,True,14.103861400013557
20260809,1,130,130,0.001,0.034865592182138694,0.0,0.0,0.0,0.0,0.0,0.0,0.0,0.0,0.034865592182138694,True,14.1084172000119
20260809,1,131,131,0.001,0.03413666187699907,0.0,0.0,0.0,0.0,0.0,0.0,0.0,0.0,0.03413666187699907,True,14.112023499998031
20260809,1,132,132,0.001,0.03343033231521057,0.0,0.0,0.0,0.0,0.0,0.0,0.0,0.0,0.03343033231521057,True,14.116352800017921
20260809,1,133,133,0.001,0.03274555552123154,0.0,0.0,0.0,0.0,0.0,0.0,0.0,0.0,0.03274555552123154,True,14.12215589999687
20260809,1,134,134,0.001,0.032081356955733886,0.0,0.0,0.0,0.0,0.0,0.0,0.0,0.0,0.032081356955733886,True,14.126932000013767
20260809,1,135,135,0.001,0.03143683358035413,0.0,0.0,0.0,0.0,0.0,0.0,0.0,0.0,0.03143683358035413,True,14.132880499993917
20260809,1,136,136,0.001,0.03081114973893385,0.0,0.0,0.0,0.0,0.0,0.0,0.0,0.0,0.03081114973893385,True,14.139138300000923
20260809,1,137,137,0.001,0.030203531570816254,0.0,0.0,0.0,0.0,0.0,0.0,0.0,0.0,0.030203531570816254,True,14.143949699995574
20260809,1,138,138,0.001,0.029613260666878905,0.0,0.0,0.0,0.0,0.0,0.0,0.0,0.0,0.029613260666878905,True,14.14916319999611
20260809,1,139,139,0.001,0.029039667602685726,0.0,0.0,0.0,0.0,0.0,0.0,0.0,0.0,0.029039667602685726,True,14.156644700007746
20260809,1,140,140,0.001,0.02848212585053207,0.0,0.0,0.0,0.0,0.0,0.0,0.0,0.0,0.02848212585053207,True,14.161664600018412
20260809,1,141,141,0.001,0.027940046405920554,0.0,0.0,0.0,0.0,0.0,0.0,0.0,0.0,0.027940046405920554,True,14.166363099997398
20260809,1,142,142,0.001,0.02741287329014373,0.0,0.0,0.0,0.0,0.0,0.0,0.0,0.0,0.02741287329014373,True,14.170023400016362
20260809,1,143,143,0.001,0.02690007993391024,0.0,0.0,0.0,0.0,0.0,0.0,0.0,0.0,0.02690007993391024,True,14.173955900012515
20260809,1,144,144,0.001,0.026401166326806176,0.0,0.0,0.0,0.0,0.0,0.0,0.0,0.0,0.026401166326806176,True,14.179359200003091
20260809,1,145,145,0.001,0.025915656745270566,0.0,0.0,0.0,0.0,0.0,0.0,0.0,0.0,0.025915656745270566,True,14.184934799995972
20260809,1,146,146,0.001,0.02544309784999285,0.0,0.0,0.0,0.0,0.0,0.0,0.0,0.0,0.02544309784999285,True,14.187723600014579
20260809,1,147,147,0.001,0.02498305696601334,0.0,0.0,0.0,0.0,0.0,0.0,0.0,0.0,0.02498305696601334,True,14.190414100012276
20260809,1,148,148,0.001,0.02453512041269472,0.0,0.0,0.0,0.0,0.0,0.0,0.0,0.0,0.02453512041269472,True,14.193489900004352
20260809,1,149,149,0.001,0.024098891820060517,0.0,0.0,0.0,0.0,0.0,0.0,0.0,0.0,0.024098891820060517,True,14.196189400012372
20260809,1,150,150,0.001,0.023673990436504738,0.0,0.0,0.0,0.0,0.0,0.0,0.0,0.0,0.023673990436504738,True,14.199326300004032
20260809,1,151,151,0.001,0.02326004948703305,0.0,0.0,0.0,0.0,0.0,0.0,0.0,0.0,0.02326004948703305,True,14.202530600014143
20260809,1,152,152,0.001,0.022856714672230143,0.0,0.0,0.0,0.0,0.0,0.0,0.0,0.0,0.022856714672230143,True,14.204765600006795
20260809,1,153,153,0.001,0.02246364290299567,0.0,0.0,0.0,0.0,0.0,0.0,0.0,0.0,0.02246364290299567,True,14.207361900014803
20260809,1,154,154,0.001,0.0220805013471499,0.0,0.0,0.0,0.0,0.0,0.0,0.0,0.0,0.0220805013471499,True,14.209729399997741
20260809,1,155,155,0.001,0.02170696682793759,0.0,0.0,0.0,0.0,0.0,0.0,0.0,0.0,0.02170696682793759,True,14.211914700019406
20260809,1,156,156,0.001,0.02134272557033637,0.0,0.0,0.0,0.0,0.0,0.0,0.0,0.0,0.02134272557033637,True,14.214237800013507
20260809,1,157,157,0.001,0.020987473248362403,0.0,0.0,0.0,0.0,0.0,0.0,0.0,0.0,0.020987473248362403,True,14.217970300000161
20260809,1,158,158,0.001,0.020640915253242458,0.0,0.0,0.0,0.0,0.0,0.0,0.0,0.0,0.020640915253242458,True,14.220165800012182
20260809,1,159,159,0.001,0.020302767083570476,0.0,0.0,0.0,0.0,0.0,0.0,0.0,0.0,0.020302767083570476,True,14.222225700010313
20260809,1,160,160,0.001,0.01997275475615496,0.0,0.0,0.0,0.0,0.0,0.0,0.0,0.0,0.01997275475615496,True,14.22428910000599
20260809,1,161,161,0.001,0.01965061514867548,0.0,0.0,0.0,0.0,0.0,0.0,0.0,0.0,0.01965061514867548,True,14.22795080000651
20260809,1,162,162,0.001,0.019336096208456898,0.0,0.0,0.0,0.0,0.0,0.0,0.0,0.0,0.019336096208456898,True,14.232588800019585
20260809,1,163,163,0.001,0.019028956990217383,0.0,0.0,0.0,0.0,0.0,0.0,0.0,0.0,0.019028956990217383,True,14.237028400006238
20260809,1,164,164,0.001,0.018728967514009577,0.0,0.0,0.0,0.0,0.0,0.0,0.0,0.0,0.018728967514009577,True,14.240072900021914
20260809,1,165,165,0.001,0.01843590845819212,0.0,0.0,0.0,0.0,0.0,0.0,0.0,0.0,0.01843590845819212,True,14.242373600020073
20260809,1,166,166,0.001,0.018149570718295583,0.0,0.0,0.0,0.0,0.0,0.0,0.0,0.0,0.018149570718295583,True,14.245505600003526
20260809,1,167,167,0.001,0.01786975487020894,0.0,0.0,0.0,0.0,0.0,0.0,0.0,0.0,0.01786975487020894,True,14.249052900006063
20260809,1,168,168,0.001,0.017596270576128566,0.0,0.0,0.0,0.0,0.0,0.0,0.0,0.0,0.017596270576128566,True,14.252452999993693
20260809,1,169,169,0.001,0.017328935966343797,0.0,0.0,0.0,0.0,0.0,0.0,0.0,0.0,0.017328935966343797,True,14.255619600007776
20260809,1,170,170,0.001,0.017067577021889248,0.0,0.0,0.0,0.0,0.0,0.0,0.0,0.0,0.017067577021889248,True,14.259253199998057
20260809,1,171,171,0.001,0.016812026974912582,0.0,0.0,0.0,0.0,0.0,0.0,0.0,0.0,0.016812026974912582,True,14.261717899993528
20260809,1,172,172,0.001,0.016562125737130035,0.0,0.0,0.0,0.0,0.0,0.0,0.0,0.0,0.016562125737130035,True,14.264086600014707
20260809,1,173,173,0.001,0.01631771936283242,0.0,0.0,0.0,0.0,0.0,0.0,0.0,0.0,0.01631771936283242,True,14.267147100006696
20260809,1,174,174,0.001,0.016078659551458072,0.0,0.0,0.0,0.0,0.0,0.0,0.0,0.0,0.016078659551458072,True,14.271073400013847
20260809,1,175,175,0.001,0.01584480319493024,0.0,0.0,0.0,0.0,0.0,0.0,0.0,0.0,0.01584480319493024,True,14.27473249999457
20260809,1,176,176,0.001,0.01561601197558613,0.0,0.0,0.0,0.0,0.0,0.0,0.0,0.0,0.01561601197558613,True,14.277855599997565
20260809,1,177,177,0.001,0.015392152020482283,0.0,0.0,0.0,0.0,0.0,0.0,0.0,0.0,0.015392152020482283,True,14.28202610000153
20260809,1,178,178,0.001,0.01517309361641116,0.0,0.0,0.0,0.0,0.0,0.0,0.0,0.0,0.01517309361641116,True,14.286198000016157
20260809,1,179,179,0.001,0.01495871098693342,0.0,0.0,0.0,0.0,0.0,0.0,0.0,0.0,0.01495871098693342,True,14.290152500005206
20260809,1,180,180,0.001,0.014748882128506438,0.0,0.0,0.0,0.0,0.0,0.0,0.0,0.0,0.014748882128506438,True,14.292821600014577
20260809,1,181,181,0.001,0.01454348869817317,0.0,0.0,0.0,0.0,0.0,0.0,0.0,0.0,0.01454348869817317,True,14.296358899999177
20260809,1,182,182,0.001,0.014342415941230119,0.0,0.0,0.0,0.0,0.0,0.0,0.0,0.0,0.014342415941230119,True,14.299217399995541
20260809,1,183,183,0.001,0.01414555264468125,0.0,0.0,0.0,0.0,0.0,0.0,0.0,0.0,0.01414555264468125,True,14.301977199997054
20260809,1,184,184,0.001,0.013952791101649894,0.0,0.0,0.0,0.0,0.0,0.0,0.0,0.0,0.013952791101649894,True,14.304419599997345
20260809,1,185,185,0.001,0.013764027073361426,0.0,0.0,0.0,0.0,0.0,0.0,0.0,0.0,0.013764027073361426,True,14.306617399997776
20260809,1,186,186,0.001,0.013579159738486299,0.0,0.0,0.0,0.0,0.0,0.0,0.0,0.0,0.013579159738486299,True,14.308966000011424
20260809,1,187,187,0.001,0.013398091623864525,0.0,0.0,0.0,0.0,0.0,0.0,0.0,0.0,0.013398091623864525,True,14.312719600013224
20260809,1,188,188,0.001,0.01322072851508021,0.0,0.0,0.0,0.0,0.0,0.0,0.0,0.0,0.01322072851508021,True,14.316289800015511
20260809,1,189,189,0.001,0.013046979349213516,0.0,0.0,0.0,0.0,0.0,0.0,0.0,0.0,0.013046979349213516,True,14.319749899994349
20260809,1,190,190,0.001,0.012876756094772537,0.0,0.0,0.0,0.0,0.0,0.0,0.0,0.0,0.012876756094772537,True,14.322733700013487
20260809,1,191,191,0.001,0.01270997362501362,0.0,0.0,0.0,0.0,0.0,0.0,0.0,0.0,0.01270997362501362,True,14.326770900021074
20260809,1,192,192,0.001,0.01254654959064826,0.0,0.0,0.0,0.0,0.0,0.0,0.0,0.0,0.01254654959064826,True,14.330803000018932
20260809,1,193,193,0.001,0.012386404296636113,0.0,0.0,0.0,0.0,0.0,0.0,0.0,0.0,0.012386404296636113,True,14.335507700016024
20260809,1,194,194,0.001,0.012229460585878987,0.0,0.0,0.0,0.0,0.0,0.0,0.0,0.0,0.012229460585878987,True,14.343668800021987
20260809,1,195,195,0.001,0.012075643730687473,0.0,0.0,0.0,0.0,0.0,0.0,0.0,0.0,0.012075643730687473,True,14.348783199995523
20260809,1,196,196,0.001,0.01192488133133637,0.0,0.0,0.0,0.0,0.0,0.0,0.0,0.0,0.01192488133133637,True,14.35371940000914
20260809,1,197,197,0.001,0.011777103220122157,0.0,0.0,0.0,0.0,0.0,0.0,0.0,0.0,0.011777103220122157,True,14.357871200016234
20260809,1,198,198,0.001,0.011632241369148418,0.0,0.0,0.0,0.0,0.0,0.0,0.0,0.0,0.011632241369148418,True,14.362339300016174
20260809,1,199,199,0.001,0.011490229800471128,0.0,0.0,0.0,0.0,0.0,0.0,0.0,0.0,0.011490229800471128,True,14.366772400011541
20260809,1,200,200,0.001,0.011351004497990813,0.0,0.0,0.0,0.0,0.0,0.0,0.0,0.0,0.011351004497990813,True,14.37238939999952
20260809,1,201,201,0.001,0.01121450332129757,0.0,0.0,0.0,0.0,0.0,0.0,0.0,0.0,0.01121450332129757,True,14.374990700016497
20260809,1,202,202,0.001,0.011080665922310867,0.0,0.0,0.0,0.0,0.0,0.0,0.0,0.0,0.011080665922310867,True,14.37732679999317
20260809,1,203,203,0.001,0.010949433665852978,0.0,0.0,0.0,0.0,0.0,0.0,0.0,0.0,0.010949433665852978,True,14.38069479999831
20260809,1,204,204,0.001,0.01082074955521639,0.0,0.0,0.0,0.0,0.0,0.0,0.0,0.0,0.01082074955521639,True,14.384516699996311
20260809,1,205,205,0.001,0.010694558163398125,0.0,0.0,0.0,0.0,0.0,0.0,0.0,0.0,0.010694558163398125,True,14.387575900007505
20260809,1,206,206,0.001,0.010570805570119671,0.0,0.0,0.0,0.0,0.0,0.0,0.0,0.0,0.010570805570119671,True,14.389655500010122
20260809,1,207,207,0.001,0.010449439304190407,0.0,0.0,0.0,0.0,0.0,0.0,0.0,0.0,0.010449439304190407,True,14.392267799994443
20260809,1,208,208,0.001,0.010330408290347707,0.0,0.0,0.0,0.0,0.0,0.0,0.0,0.0,0.010330408290347707,True,14.395586200000253
20260809,1,209,209,0.001,0.010213662799499361,0.0,0.0,0.0,0.0,0.0,0.0,0.0,0.0,0.010213662799499361,True,14.397990700002993
20260809,1,210,210,0.001,0.010099154401321819,0.0,0.0,0.0,0.0,0.0,0.0,0.0,0.0,0.010099154401321819,True,14.400628100003814
20260809,1,211,211,0.001,0.009986835918380527,0.0,0.0,0.0,0.0,0.0,0.0,0.0,0.0,0.009986835918380527,True,14.404701399995247
20260809,1,212,212,0.001,0.009876661381255853,0.0,0.0,0.0,0.0,0.0,0.0,0.0,0.0,0.009876661381255853,True,14.408700700005284
20260809,1,213,213,0.001,0.009768585984479921,0.0,0.0,0.0,0.0,0.0,0.0,0.0,0.0,0.009768585984479921,True,14.413051000010455
20260809,1,214,214,0.001,0.009662566043340226,0.0,0.0,0.0,0.0,0.0,0.0,0.0,0.0,0.009662566043340226,True,14.417286800016882
20260809,1,215,215,0.001,0.009558558951742008,0.0,0.0,0.0,0.0,0.0,0.0,0.0,0.0,0.009558558951742008,True,14.420573100011097
20260809,1,216,216,0.001,0.009456523141338916,0.0,0.0,0.0,0.0,0.0,0.0,0.0,0.0,0.009456523141338916,True,14.423051000019768
20260809,1,217,217,0.001,0.009356418042071341,0.0,0.0,0.0,0.0,0.0,0.0,0.0,0.0,0.009356418042071341,True,14.425157599995146
20260809,1,218,218,0.001,0.009258204044144815,0.0,0.0,0.0,0.0,0.0,0.0,0.0,0.0,0.009258204044144815,True,14.428069700021297
20260809,1,219,219,0.001,0.009161842461384429,0.0,0.0,0.0,0.0,0.0,0.0,0.0,0.0,0.009161842461384429,True,14.430451399995945
20260809,1,220,220,0.001,0.00906729549585337,0.0,0.0,0.0,0.0,0.0,0.0,0.0,0.0,0.00906729549585337,True,14.433238400000846
20260809,1,221,221,0.001,0.008974526203636646,0.0,0.0,0.0,0.0,0.0,0.0,0.0,0.0,0.008974526203636646,True,14.43586709999363
20260809,1,222,222,0.001,0.008883498461754282,0.0,0.0,0.0,0.0,0.0,0.0,0.0,0.0,0.008883498461754282,True,14.438023199996678
20260809,1,223,223,0.001,0.00879417693625581,0.0,0.0,0.0,0.0,0.0,0.0,0.0,0.0,0.00879417693625581,True,14.44024470000295
20260809,1,224,224,0.001,0.008706527051626285,0.0,0.0,0.0,0.0,0.0,0.0,0.0,0.0,0.008706527051626285,True,14.442362900008447
20260809,1,225,225,0.001,0.008620514961675835,0.0,0.0,0.0,0.0,0.0,0.0,0.0,0.0,0.008620514961675835,True,14.444666600000346
20260809,1,226,226,0.001,0.008536107522075348,0.0,0.0,0.0,0.0,0.0,0.0,0.0,0.0,0.008536107522075348,True,14.44736869999906
20260809,1,227,227,0.001,0.008453272264642282,0.0,0.0,0.0,0.0,0.0,0.0,0.0,0.0,0.008453272264642282,True,14.450165799993556
20260809,1,228,228,0.001,0.008371977373388975,0.0,0.0,0.0,0.0,0.0,0.0,0.0,0.0,0.008371977373388975,True,14.453655599994818
20260809,1,229,229,0.001,0.008292191662245653,0.0,0.0,0.0,0.0,0.0,0.0,0.0,0.0,0.008292191662245653,True,14.456193499994697
20260809,1,230,230,0.001,0.00821388455428787,0.0,0.0,0.0,0.0,0.0,0.0,0.0,0.0,0.00821388455428787,True,14.458776100014802
20260809,1,231,231,0.001,0.008137026062250094,0.0,0.0,0.0,0.0,0.0,0.0,0.0,0.0,0.008137026062250094,True,14.462555600010091
20260809,1,232,232,0.001,0.008061586770103386,0.0,0.0,0.0,0.0,0.0,0.0,0.0,0.0,0.008061586770103386,True,14.46664420000161
20260809,1,233,233,0.001,0.00798753781550959,0.0,0.0,0.0,0.0,0.0,0.0,0.0,0.0,0.00798753781550959,True,14.471184699999867
20260809,1,234,234,0.001,0.007914850873024532,0.0,0.0,0.0,0.0,0.0,0.0,0.0,0.0,0.007914850873024532,True,14.474740600009682
20260809,1,235,235,0.001,0.007843498137990089,0.0,0.0,0.0,0.0,0.0,0.0,0.0,0.0,0.007843498137990089,True,14.47949910000898
20260809,1,236,236,0.001,0.0077734523111127,0.0,0.0,0.0,0.0,0.0,0.0,0.0,0.0,0.0077734523111127,True,14.48393610000494
20260809,1,237,237,0.001,0.0077046865837612985,0.0,0.0,0.0,0.0,0.0,0.0,0.0,0.0,0.0077046865837612985,True,14.487842000002274
20260809,1,238,238,0.001,0.007637174624028556,0.0,0.0,0.0,0.0,0.0,0.0,0.0,0.0,0.007637174624028556,True,14.49062870000489
20260809,1,239,239,0.001,0.007570890563585589,0.0,0.0,0.0,0.0,0.0,0.0,0.0,0.0,0.007570890563585589,True,14.496341299993219
20260809,1,240,240,0.001,0.007505808985335069,0.0,0.0,0.0,0.0,0.0,0.0,0.0,0.0,0.007505808985335069,True,14.49926900002174
20260809,1,241,241,0.001,0.007441904911836951,0.0,0.0,0.0,0.0,0.0,0.0,0.0,0.0,0.007441904911836951,True,14.502099700010149
20260809,1,242,242,0.001,0.007379153794457754,0.0,0.0,0.0,0.0,0.0,0.0,0.0,0.0,0.007379153794457754,True,14.504633700009435
20260809,1,243,243,0.001,0.007317531503182188,0.0,0.0,0.0,0.0,0.0,0.0,0.0,0.0,0.007317531503182188,True,14.507466800016118
20260809,1,244,244,0.001,0.0072570143170269125,0.0,0.0,0.0,0.0,0.0,0.0,0.0,0.0,0.0072570143170269125,True,14.513521000015317
20260809,1,245,245,0.001,0.007197578915006988,0.0,0.0,0.0,0.0,0.0,0.0,0.0,0.0,0.007197578915006988,True,14.518425799993565
20260809,1,246,246,0.001,0.00713920236762153,0.0,0.0,0.0,0.0,0.0,0.0,0.0,0.0,0.00713920236762153,True,14.52129309999873
20260809,1,247,247,0.001,0.007081862128839475,0.0,0.0,0.0,0.0,0.0,0.0,0.0,0.0,0.007081862128839475,True,14.523854500002926
20260809,1,248,248,0.001,0.007025536028576798,0.0,0.0,0.0,0.0,0.0,0.0,0.0,0.0,0.007025536028576798,True,14.527075699996203
20260809,1,249,249,0.001,0.0069702022656585785,0.0,0.0,0.0,0.0,0.0,0.0,0.0,0.0,0.0069702022656585785,True,14.530215800012229
20260809,1,250,250,0.001,0.006915839401256577,0.0,0.0,0.0,0.0,0.0,0.0,0.0,0.0,0.006915839401256577,True,14.5326672999945
20260809,1,251,251,0.001,0.006862426352785093,0.0,0.0,0.0,0.0,0.0,0.0,0.0,0.0,0.006862426352785093,True,14.534805100003723
20260809,1,252,252,0.001,0.0068099423882302945,0.0,0.0,0.0,0.0,0.0,0.0,0.0,0.0,0.0068099423882302945,True,14.536884500004817
20260809,1,253,253,0.001,0.006758367120881544,0.0,0.0,0.0,0.0,0.0,0.0,0.0,0.0,0.006758367120881544,True,14.539154199999757
20260809,1,254,254,0.001,0.006707680504430666,0.0,0.0,0.0,0.0,0.0,0.0,0.0,0.0,0.006707680504430666,True,14.542038000014145
20260809,1,255,255,0.001,0.006657862828405364,0.0,0.0,0.0,0.0,0.0,0.0,0.0,0.0,0.006657862828405364,True,14.544879299995955
20260809,1,256,256,0.001,0.006608894713905395,0.0,0.0,0.0,0.0,0.0,0.0,0.0,0.0,0.006608894713905395,True,14.547427200013772
20260809,1,257,257,0.001,0.006560757109613721,0.0,0.0,0.0,0.0,0.0,0.0,0.0,0.0,0.006560757109613721,True,14.549403600016376
20260809,1,258,258,0.001,0.006513431288056469,0.0,0.0,0.0,0.0,0.0,0.0,0.0,0.0,0.006513431288056469,True,14.561374400014756
20260809,1,259,259,0.001,0.006466898842086575,0.0,0.0,0.0,0.0,0.0,0.0,0.0,0.0,0.006466898842086575,True,14.563961200008634
20260809,1,260,260,0.001,0.006421141681564925,0.0,0.0,0.0,0.0,0.0,0.0,0.0,0.0,0.006421141681564925,True,14.566652800014708
20260809,1,261,261,0.001,0.006376142030211254,0.0,0.0,0.0,0.0,0.0,0.0,0.0,0.0,0.006376142030211254,True,14.570949500019196
20260809,1,262,262,0.001,0.006331882422596119,0.0,0.0,0.0,0.0,0.0,0.0,0.0,0.0,0.006331882422596119,True,14.574659100006102
20260809,1,263,263,0.001,0.0062883457012458885,0.0,0.0,0.0,0.0,0.0,0.0,0.0,0.0,0.0062883457012458885,True,14.578163700003643
20260809,1,264,264,0.001,0.006245515013835345,0.0,0.0,0.0,0.0,0.0,0.0,0.0,0.0,0.006245515013835345,True,14.580714100011392
20260809,1,265,265,0.001,0.006203373810447133,0.0,0.0,0.0,0.0,0.0,0.0,0.0,0.0,0.006203373810447133,True,14.583910200017272
20260809,1,266,266,0.001,0.006161905840883023,0.0,0.0,0.0,0.0,0.0,0.0,0.0,0.0,0.006161905840883023,True,14.588839700008975
20260809,1,267,267,0.001,0.00612109515201766,0.0,0.0,0.0,0.0,0.0,0.0,0.0,0.0,0.00612109515201766,True,14.59208679999574
20260809,1,268,268,0.001,0.00608092608518993,0.0,0.0,0.0,0.0,0.0,0.0,0.0,0.0,0.00608092608518993,True,14.595481800002744
20260809,1,269,269,0.001,0.0060413832736300995,0.0,0.0,0.0,0.0,0.0,0.0,0.0,0.0,0.0060413832736300995,True,14.598862600018037
20260809,1,270,270,0.001,0.006002451639921231,0.0,0.0,0.0,0.0,0.0,0.0,0.0,0.0,0.006002451639921231,True,14.601965900015784
20260809,1,271,271,0.001,0.005964116393492565,0.0,0.0,0.0,0.0,0.0,0.0,0.0,0.0,0.005964116393492565,True,14.606045699998504
20260809,1,272,272,0.001,0.005926363028140254,0.0,0.0,0.0,0.0,0.0,0.0,0.0,0.0,0.005926363028140254,True,14.609374499996193
20260809,1,273,273,0.001,0.005889177319568603,0.0,0.0,0.0,0.0,0.0,0.0,0.0,0.0,0.005889177319568603,True,14.613467400020454
20260809,1,274,274,0.001,0.005852545322942659,0.0,0.0,0.0,0.0,0.0,0.0,0.0,0.0,0.005852545322942659,True,14.617187800002284
20260809,1,275,275,0.001,0.0058164533704426185,0.0,0.0,0.0,0.0,0.0,0.0,0.0,0.0,0.0058164533704426185,True,14.629573700018227
20260809,1,276,276,0.001,0.00578088806880973,0.0,0.0,0.0,0.0,0.0,0.0,0.0,0.0,0.00578088806880973,True,14.634297600015998
20260809,1,277,277,0.001,0.00574583629687459,0.0,0.0,0.0,0.0,0.0,0.0,0.0,0.0,0.00574583629687459,True,14.63721099999384
20260809,1,278,278,0.001,0.005711285203060007,0.0,0.0,0.0,0.0,0.0,0.0,0.0,0.0,0.005711285203060007,True,14.640046900021844
20260809,1,279,279,0.001,0.005677222202851351,0.0,0.0,0.0,0.0,0.0,0.0,0.0,0.0,0.005677222202851351,True,14.642597300000489
20260809,1,280,280,0.001,0.005643634976229366,0.0,0.0,0.0,0.0,0.0,0.0,0.0,0.0,0.005643634976229366,True,14.645332500018412
20260809,1,281,281,0.001,0.005610511465060671,0.0,0.0,0.0,0.0,0.0,0.0,0.0,0.0,0.005610511465060671,True,14.64784829999553
20260809,1,282,282,0.001,0.005577839870442167,0.0,0.0,0.0,0.0,0.0,0.0,0.0,0.0,0.005577839870442167,True,14.651229900016915
20260809,1,283,283,0.001,0.0055456086499963255,0.0,0.0,0.0,0.0,0.0,0.0,0.0,0.0,0.0055456086499963255,True,14.65381350001553
20260809,1,284,284,0.001,0.0055138065151149555,0.0,0.0,0.0,0.0,0.0,0.0,0.0,0.0,0.0055138065151149555,True,14.656139200000325
20260809,1,285,285,0.001,0.005482422428149858,0.0,0.0,0.0,0.0,0.0,0.0,0.0,0.0,0.005482422428149858,True,14.658681300003082
20260809,1,286,286,0.001,0.005451445599549757,0.0,0.0,0.0,0.0,0.0,0.0,0.0,0.0,0.005451445599549757,True,14.66172230002121
20260809,1,287,287,0.001,0.005420865484943993,0.0,0.0,0.0,0.0,0.0,0.0,0.0,0.0,0.005420865484943993,True,14.666429000004428
20260809,1,288,288,0.001,0.005390671782174003,0.0,0.0,0.0,0.0,0.0,0.0,0.0,0.0,0.005390671782174003,True,14.669454799994128
20260809,1,289,289,0.001,0.005360854428274562,0.0,0.0,0.0,0.0,0.0,0.0,0.0,0.0,0.005360854428274562,True,14.672368300001835
20260809,1,290,290,0.001,0.0053314035964069344,0.0,0.0,0.0,0.0,0.0,0.0,0.0,0.0,0.0053314035964069344,True,14.675983199995244
20260809,1,291,291,0.001,0.005302309692746289,0.0,0.0,0.0,0.0,0.0,0.0,0.0,0.0,0.005302309692746289,True,14.678389900014736
20260809,1,292,292,0.001,0.005273563353325657,0.0,0.0,0.0,0.0,0.0,0.0,0.0,0.0,0.005273563353325657,True,14.682411200017668
20260809,1,293,293,0.001,0.005245155440838617,0.0,0.0,0.0,0.0,0.0,0.0,0.0,0.0,0.005245155440838617,True,14.687359200004721
20260809,1,294,294,0.001,0.005217077041402858,0.0,0.0,0.0,0.0,0.0,0.0,0.0,0.0,0.005217077041402858,True,14.689993200008757
20260809,1,295,295,0.001,0.005189319461286643,0.0,0.0,0.0,0.0,0.0,0.0,0.0,0.0,0.005189319461286643,True,14.693563900014851
20260809,1,296,296,0.001,0.0051618742236007,0.0,0.0,0.0,0.0,0.0,0.0,0.0,0.0,0.0051618742236007,True,14.698898900009226
20260809,1,297,297,0.001,0.005134733064957828,0.0,0.0,0.0,0.0,0.0,0.0,0.0,0.0,0.005134733064957828,True,14.704875199997332
20260809,1,298,298,0.001,0.005107887932103079,0.0,0.0,0.0,0.0,0.0,0.0,0.0,0.0,0.005107887932103079,True,14.70832020000671
20260809,1,299,299,0.001,0.005081330978517367,0.0,0.0,0.0,0.0,0.0,0.0,0.0,0.0,0.005081330978517367,True,14.71254370000679
20260809,1,300,300,0.001,0.005055054560997775,0.0,0.0,0.0,0.0,0.0,0.0,0.0,0.0,0.005055054560997775,True,14.715315300010843
20260809,1,301,301,0.001,0.0050290512362174255,0.0,0.0,0.0,0.0,0.0,0.0,0.0,0.0,0.0050290512362174255,True,14.717967700009467
20260809,1,302,302,0.001,0.005003313757268269,0.0,0.0,0.0,0.0,0.0,0.0,0.0,0.0,0.005003313757268269,True,14.720176900009392
20260809,1,303,303,0.001,0.004977835070189783,0.0,0.0,0.0,0.0,0.0,0.0,0.0,0.0,0.004977835070189783,True,14.722199800016824
20260809,1,304,304,0.001,0.0049526083104866805,0.0,0.0,0.0,0.0,0.0,0.0,0.0,0.0,0.0049526083104866805,True,14.724829900020268
20260809,1,305,305,0.001,0.004927626799638862,0.0,0.0,0.0,0.0,0.0,0.0,0.0,0.0,0.004927626799638862,True,14.728544700017665
20260809,1,306,306,0.001,0.0049028840416065565,0.0,0.0,0.0,0.0,0.0,0.0,0.0,0.0,0.0049028840416065565,True,14.73162800000864
20260809,1,307,307,0.001,0.004878373719334148,0.0,0.0,0.0,0.0,0.0,0.0,0.0,0.0,0.004878373719334148,True,14.733844700007467
20260809,1,308,308,0.001,0.0048540896912557235,0.0,0.0,0.0,0.0,0.0,0.0,0.0,0.0,0.0048540896912557235,True,14.736782699998002
20260809,1,309,309,0.001,0.004830025987805852,0.0,0.0,0.0,0.0,0.0,0.0,0.0,0.0,0.004830025987805852,True,14.739068099996075
20260809,1,310,310,0.001,0.0048061768079385335,0.0,0.0,0.0,0.0,0.0,0.0,0.0,0.0,0.0048061768079385335,True,14.741351100004977
20260809,1,311,311,0.001,0.004782536515657863,0.0,0.0,0.0,0.0,0.0,0.0,0.0,0.0,0.004782536515657863,True,14.745405099994969
20260809,1,312,312,0.001,0.004759099636563036,0.0,0.0,0.0,0.0,0.0,0.0,0.0,0.0,0.004759099636563036,True,14.750252300000284
20260809,1,313,313,0.001,0.004735860854410763,0.0,0.0,0.0,0.0,0.0,0.0,0.0,0.0,0.004735860854410763,True,14.753613200009568
20260809,1,314,314,0.001,0.004712815007697798,0.0,0.0,0.0,0.0,0.0,0.0,0.0,0.0,0.004712815007697798,True,14.756339900020976
20260809,1,315,315,0.001,0.004689957086265919,0.0,0.0,0.0,0.0,0.0,0.0,0.0,0.0,0.004689957086265919,True,14.75934600000619
20260809,1,316,316,0.001,0.004667282227932066,0.0,0.0,0.0,0.0,0.0,0.0,0.0,0.0,0.004667282227932066,True,14.762214000016684
20260809,1,317,317,0.001,0.004644785715145655,0.0,0.0,0.0,0.0,0.0,0.0,0.0,0.0,0.004644785715145655,True,14.764834000001429
20260809,1,318,318,0.001,0.00462246297167538,0.0,0.0,0.0,0.0,0.0,0.0,0.0,0.0,0.00462246297167538,True,14.76778320001904
20260809,1,319,319,0.001,0.004600309559327549,0.0,0.0,0.0,0.0,0.0,0.0,0.0,0.0,0.004600309559327549,True,14.770189500006381
20260809,1,320,320,0.001,0.004578321174697961,0.0,0.0,0.0,0.0,0.0,0.0,0.0,0.0,0.004578321174697961,True,14.773654400021769
20260809,1,321,321,0.001,0.004556493645958948,0.0,0.0,0.0,0.0,0.0,0.0,0.0,0.0,0.004556493645958948,True,14.777073000004748
20260809,1,322,322,0.001,0.004534822929683631,0.0,0.0,0.0,0.0,0.0,0.0,0.0,0.0,0.004534822929683631,True,14.780077100003837
20260809,1,323,323,0.001,0.00451330510770874,0.0,0.0,0.0,0.0,0.0,0.0,0.0,0.0,0.00451330510770874,True,14.783628400007728
20260809,1,324,324,0.001,0.004491936384037552,0.0,0.0,0.0,0.0,0.0,0.0,0.0,0.0,0.004491936384037552,True,14.786602000007406
20260809,1,325,325,0.001,0.004470713081784487,0.0,0.0,0.0,0.0,0.0,0.0,0.0,0.0,0.004470713081784487,True,14.791436100000283
20260809,1,326,326,0.001,0.004449631640162537,0.0,0.0,0.0,0.0,0.0,0.0,0.0,0.0,0.004449631640162537,True,14.794850200007204
20260809,1,327,327,0.001,0.004428688611514787,0.0,0.0,0.0,0.0,0.0,0.0,0.0,0.0,0.004428688611514787,True,14.797143600007985
20260809,1,328,328,0.001,0.004407880658391228,0.0,0.0,0.0,0.0,0.0,0.0,0.0,0.0,0.004407880658391228,True,14.801845400012098
20260809,1,329,329,0.001,0.0043872045506717266,0.0,0.0,0.0,0.0,0.0,0.0,0.0,0.0,0.0043872045506717266,True,14.806767600006424
20260809,1,330,330,0.001,0.004366657162736226,0.0,0.0,0.0,0.0,0.0,0.0,0.0,0.0,0.004366657162736226,True,14.812211800017394
20260809,1,331,331,0.001,0.004346235470682914,0.0,0.0,0.0,0.0,0.0,0.0,0.0,0.0,0.004346235470682914,True,14.81720300001325
20260809,1,332,332,0.001,0.0043259365495949605,0.0,0.0,0.0,0.0,0.0,0.0,0.0,0.0,0.0043259365495949605,True,14.821533300011652
20260809,1,333,333,0.001,0.004305757570856514,0.0,0.0,0.0,0.0,0.0,0.0,0.0,0.0,0.004305757570856514,True,14.823962099995697
20260809,1,334,334,0.001,0.004285695799518339,0.0,0.0,0.0,0.0,0.0,0.0,0.0,0.0,0.004285695799518339,True,14.826381599996239
20260809,1,335,335,0.001,0.004265748591713535,0.0,0.0,0.0,0.0,0.0,0.0,0.0,0.0,0.004265748591713535,True,14.829676299996208
20260809,1,336,336,0.001,0.004245913392123481,0.0,0.0,0.0,0.0,0.0,0.0,0.0,0.0,0.004245913392123481,True,14.833128600002965
20260809,1,337,337,0.001,0.004226187731494355,0.0,0.0,0.0,0.0,0.0,0.0,0.0,0.0,0.004226187731494355,True,14.83569659999921
20260809,1,338,338,0.001,0.004206569224204154,0.0,0.0,0.0,0.0,0.0,0.0,0.0,0.0,0.004206569224204154,True,14.839615500008222
20260809,1,339,339,0.001,0.004187055565880437,0.0,0.0,0.0,0.0,0.0,0.0,0.0,0.0,0.004187055565880437,True,14.843957700009923
20260809,1,340,340,0.001,0.0041676445310685805,0.0,0.0,0.0,0.0,0.0,0.0,0.0,0.0,0.0041676445310685805,True,14.846741500019561
20260809,1,341,341,0.001,0.004148333970950444,0.0,0.0,0.0,0.0,0.0,0.0,0.0,0.0,0.004148333970950444,True,14.849156200012658
20260809,1,342,342,0.001,0.004129121811113445,0.0,0.0,0.0,0.0,0.0,0.0,0.0,0.0,0.004129121811113445,True,14.851359099993715
20260809,1,343,343,0.001,0.0041100060493695165,0.0,0.0,0.0,0.0,0.0,0.0,0.0,0.0,0.0041100060493695165,True,14.853737800003728
20260809,1,344,344,0.001,0.004090984753623905,0.0,0.0,0.0,0.0,0.0,0.0,0.0,0.0,0.004090984753623905,True,14.855781499994919
20260809,1,345,345,0.001,0.0040720560597932295,0.0,0.0,0.0,0.0,0.0,0.0,0.0,0.0,0.0040720560597932295,True,14.857796299998881
20260809,1,346,346,0.001,0.004053218169772691,0.0,0.0,0.0,0.0,0.0,0.0,0.0,0.0,0.004053218169772691,True,14.860425299993949
20260809,1,347,347,0.001,0.004034469349451626,0.0,0.0,0.0,0.0,0.0,0.0,0.0,0.0,0.004034469349451626,True,14.862548200006131
20260809,1,348,348,0.001,0.004015807926777289,0.0,0.0,0.0,0.0,0.0,0.0,0.0,0.0,0.004015807926777289,True,14.864648400020087
20260809,1,349,349,0.001,0.003997232289866091,0.0,0.0,0.0,0.0,0.0,0.0,0.0,0.0,0.003997232289866091,True,14.866586999996798
20260809,1,350,350,0.001,0.003978740885161866,0.0,0.0,0.0,0.0,0.0,0.0,0.0,0.0,0.003978740885161866,True,14.869597300013993
20260809,1,351,351,0.001,0.003960332215640463,0.0,0.0,0.0,0.0,0.0,0.0,0.0,0.0,0.003960332215640463,True,14.872415699996054
20260809,1,352,352,0.001,0.003942004839060176,0.0,0.0,0.0,0.0,0.0,0.0,0.0,0.0,0.003942004839060176,True,14.87458410000545
20260809,1,353,353,0.001,0.003923757366257251,0.0,0.0,0.0,0.0,0.0,0.0,0.0,0.0,0.003923757366257251,True,14.877110600005835
20260809,1,354,354,0.001,0.003905588459485797,0.0,0.0,0.0,0.0,0.0,0.0,0.0,0.0,0.003905588459485797,True,14.879446000006283
20260809,1,355,355,0.001,0.0038874968308014223,0.0,0.0,0.0,0.0,0.0,0.0,0.0,0.0,0.0038874968308014223,True,14.881641000014497
20260809,1,356,356,0.001,0.003869481240488004,0.0,0.0,0.0,0.0,0.0,0.0,0.0,0.0,0.003869481240488004,True,14.884605900006136
20260809,1,357,357,0.001,0.0038515404955264698,0.0,0.0,0.0,0.0,0.0,0.0,0.0,0.0,0.0038515404955264698,True,14.886835500015877
20260809,1,358,358,0.001,0.003833673448105348,0.0,0.0,0.0,0.0,0.0,0.0,0.0,0.0,0.003833673448105348,True,14.88898680001148
20260809,1,359,359,0.001,0.0038158789941718945,0.0,0.0,0.0,0.0,0.0,0.0,0.0,0.0,0.0038158789941718945,True,14.891181900020456
20260809,1,360,360,0.001,0.0037981560720232723,0.0,0.0,0.0,0.0,0.0,0.0,0.0,0.0,0.0037981560720232723,True,14.893642800016096
20260809,1,361,361,0.001,0.0037805036609369082,0.0,0.0,0.0,0.0,0.0,0.0,0.0,0.0,0.0037805036609369082,True,14.895955200016033
20260809,1,362,362,0.001,0.0037629207798392564,0.0,0.0,0.0,0.0,0.0,0.0,0.0,0.0,0.0037629207798392564,True,14.899413500010269
20260809,1,363,363,0.001,0.003745406486012169,0.0,0.0,0.0,0.0,0.0,0.0,0.0,0.0,0.003745406486012169,True,14.90227409999352
20260809,1,364,364,0.001,0.0037279598738361266,0.0,0.0,0.0,0.0,0.0,0.0,0.0,0.0,0.0037279598738361266,True,14.905065300001297
20260809,1,365,365,0.001,0.003710580073569483,0.0,0.0,0.0,0.0,0.0,0.0,0.0,0.0,0.003710580073569483,True,14.908352700003888
20260809,1,366,366,0.001,0.003693266250162968,0.0,0.0,0.0,0.0,0.0,0.0,0.0,0.0,0.003693266250162968,True,14.91148229999817
20260809,1,367,367,0.001,0.0036760176021086487,0.0,0.0,0.0,0.0,0.0,0.0,0.0,0.0,0.0036760176021086487,True,14.914629900013097
20260809,1,368,368,0.001,0.0036588333603225624,0.0,0.0,0.0,0.0,0.0,0.0,0.0,0.0,0.0036588333603225624,True,14.916831400012597
20260809,1,369,369,0.001,0.0036417127870602833,0.0,0.0,0.0,0.0,0.0,0.0,0.0,0.0,0.0036417127870602833,True,14.919928599993
20260809,1,370,370,0.001,0.003624655174864472,0.0,0.0,0.0,0.0,0.0,0.0,0.0,0.0,0.003624655174864472,True,14.922091800021008
20260809,1,371,371,0.001,0.003607659845543963,0.0,0.0,0.0,0.0,0.0,0.0,0.0,0.0,0.003607659845543963,True,14.92512580001494
20260809,1,372,372,0.001,0.0035907261491832437,0.0,0.0,0.0,0.0,0.0,0.0,0.0,0.0,0.0035907261491832437,True,14.927762800012715
20260809,1,373,373,0.001,0.0035738534631818177,0.0,0.0,0.0,0.0,0.0,0.0,0.0,0.0,0.0035738534631818177,True,14.930409699998563
20260809,1,374,374,0.001,0.003557041191322631,0.0,0.0,0.0,0.0,0.0,0.0,0.0,0.0,0.003557041191322631,True,14.93415859999368
20260809,1,375,375,0.001,0.0035402887628687837,0.0,0.0,0.0,0.0,0.0,0.0,0.0,0.0,0.0035402887628687837,True,14.937362500000745
20260809,1,376,376,0.001,0.003523595631687828,0.0,0.0,0.0,0.0,0.0,0.0,0.0,0.0,0.003523595631687828,True,14.94136470000376
20260809,1,377,377,0.001,0.0035069612754028865,0.0,0.0,0.0,0.0,0.0,0.0,0.0,0.0,0.0035069612754028865,True,14.943839600018691
20260809,1,378,378,0.001,0.003490385194569941,0.0,0.0,0.0,0.0,0.0,0.0,0.0,0.0,0.003490385194569941,True,14.946360600006301
20260809,1,379,379,0.001,0.00347386691188057,0.0,0.0,0.0,0.0,0.0,0.0,0.0,0.0,0.00347386691188057,True,14.94977530001779
20260809,1,380,380,0.001,0.0034574059713893034,0.0,0.0,0.0,0.0,0.0,0.0,0.0,0.0,0.0034574059713893034,True,14.951969100016868
20260809,1,381,381,0.001,0.00344100193776522,0.0,0.0,0.0,0.0,0.0,0.0,0.0,0.0,0.00344100193776522,True,14.954929700004868
20260809,1,382,382,0.001,0.003424654395566764,0.0,0.0,0.0,0.0,0.0,0.0,0.0,0.0,0.003424654395566764,True,14.957260600000154
20260809,1,383,383,0.001,0.003408362948539332,0.0,0.0,0.0,0.0,0.0,0.0,0.0,0.0,0.003408362948539332,True,14.96050099999411
20260809,1,384,384,0.001,0.0033921272189350515,0.0,0.0,0.0,0.0,0.0,0.0,0.0,0.0,0.0033921272189350515,True,14.96304400000372
20260809,1,385,385,0.001,0.003375946846853853,0.0,0.0,0.0,0.0,0.0,0.0,0.0,0.0,0.003375946846853853,True,14.966609600000083
20260809,1,386,386,0.001,0.0033598214896054914,0.0,0.0,0.0,0.0,0.0,0.0,0.0,0.0,0.0033598214896054914,True,14.969178500003181
20260809,1,387,387,0.001,0.0033437508210916933,0.0,0.0,0.0,0.0,0.0,0.0,0.0,0.0,0.0033437508210916933,True,14.971228400012478
20260809,1,388,388,0.001,0.0033277345312081,0.0,0.0,0.0,0.0,0.0,0.0,0.0,0.0,0.0033277345312081,True,14.973763200017856
20260809,1,389,389,0.001,0.0033117723252650082,0.0,0.0,0.0,0.0,0.0,0.0,0.0,0.0,0.0033117723252650082,True,14.9771599000087
20260809,1,390,390,0.001,0.003295863923426888,0.0,0.0,0.0,0.0,0.0,0.0,0.0,0.0,0.003295863923426888,True,14.980234500020742
20260809,1,391,391,0.001,0.0032800090601695377,0.0,0.0,0.0,0.0,0.0,0.0,0.0,0.0,0.0032800090601695377,True,14.982631199993193
20260809,1,392,392,0.001,0.0032642074837548668,0.0,0.0,0.0,0.0,0.0,0.0,0.0,0.0,0.0032642074837548668,True,14.985447500017472
20260809,1,393,393,0.001,0.003248458955722335,0.0,0.0,0.0,0.0,0.0,0.0,0.0,0.0,0.003248458955722335,True,14.98755020002136
20260809,1,394,394,0.001,0.0032327632503968426,0.0,0.0,0.0,0.0,0.0,0.0,0.0,0.0,0.0032327632503968426,True,14.989793999993708
20260809,1,395,395,0.001,0.0032171201544124416,0.0,0.0,0.0,0.0,0.0,0.0,0.0,0.0,0.0032171201544124416,True,14.992743900016649
20260809,1,396,396,0.001,0.0032015294662513087,0.0,0.0,0.0,0.0,0.0,0.0,0.0,0.0,0.0032015294662513087,True,14.996267700014869
20260809,1,397,397,0.001,0.003185990995797633,0.0,0.0,0.0,0.0,0.0,0.0,0.0,0.0,0.003185990995797633,True,15.000348000001395
20260809,1,398,398,0.001,0.0031705045639059274,0.0,0.0,0.0,0.0,0.0,0.0,0.0,0.0,0.0031705045639059274,True,15.00394779999624
20260809,1,399,399,0.001,0.003155070001983129,0.0,0.0,0.0,0.0,0.0,0.0,0.0,0.0,0.003155070001983129,True,15.006148200016469
20260809,1,400,400,0.001,0.003139687151584361,0.0,0.0,0.0,0.0,0.0,0.0,0.0,0.0,0.003139687151584361,True,15.00982639999711
20260809,1,401,401,0.001,0.0031243558640216404,0.0,0.0,0.0,0.0,0.0,0.0,0.0,0.0,0.0031243558640216404,True,15.01261410000734
20260809,1,402,402,0.001,0.0031090759999852697,0.0,0.0,0.0,0.0,0.0,0.0,0.0,0.0,0.0031090759999852697,True,15.016911100014113
20260809,1,403,403,0.001,0.0030938474291774204,0.0,0.0,0.0,0.0,0.0,0.0,0.0,0.0,0.0030938474291774204,True,15.020567900006426
20260809,1,404,404,0.001,0.0030786700299575897,0.0,0.0,0.0,0.0,0.0,0.0,0.0,0.0,0.0030786700299575897,True,15.026592500013066
20260809,1,405,405,0.001,0.0030635436889994436,0.0,0.0,0.0,0.0,0.0,0.0,0.0,0.0,0.0030635436889994436,True,15.032372400019085
20260809,1,406,406,0.001,0.0030484683009588203,0.0,0.0,0.0,0.0,0.0,0.0,0.0,0.0,0.0030484683009588203,True,15.03748739999719
20260809,1,407,407,0.001,0.0030334437681523376,0.0,0.0,0.0,0.0,0.0,0.0,0.0,0.0,0.0030334437681523376,True,15.041893700021319
20260809,1,408,408,0.001,0.0030184700002464215,0.0,0.0,0.0,0.0,0.0,0.0,0.0,0.0,0.0030184700002464215,True,15.045547999994596
20260809,1,409,409,0.001,0.0030035469139563396,0.0,0.0,0.0,0.0,0.0,0.0,0.0,0.0,0.0030035469139563396,True,15.04885920000379
20260809,1,410,410,0.001,0.0029886744327548265,0.0,0.0,0.0,0.0,0.0,0.0,0.0,0.0,0.0029886744327548265,True,15.051766499993391
20260809,1,411,411,0.001,0.0029738524865902125,0.0,0.0,0.0,0.0,0.0,0.0,0.0,0.0,0.0029738524865902125,True,15.056586399994558
20260809,1,412,412,0.001,0.002959081011613448,0.0,0.0,0.0,0.0,0.0,0.0,0.0,0.0,0.002959081011613448,True,15.06067659999826
20260809,1,413,413,0.001,0.0029443599499139337,0.0,0.0,0.0,0.0,0.0,0.0,0.0,0.0,0.0029443599499139337,True,15.06511940000928
20260809,1,414,414,0.001,0.002929689249263801,0.0,0.0,0.0,0.0,0.0,0.0,0.0,0.0,0.002929689249263801,True,15.070229000004474
20260809,1,415,415,0.001,0.0029150688628703098,0.0,0.0,0.0,0.0,0.0,0.0,0.0,0.0,0.0029150688628703098,True,15.073969399993075
20260809,1,416,416,0.001,0.002900498749136141,0.0,0.0,0.0,0.0,0.0,0.0,0.0,0.0,0.002900498749136141,True,15.078564700001152
20260809,1,417,417,0.001,0.002885978871427291,0.0,0.0,0.0,0.0,0.0,0.0,0.0,0.0,0.002885978871427291,True,15.083098400005838
20260809,1,418,418,0.001,0.0028715091978483965,0.0,0.0,0.0,0.0,0.0,0.0,0.0,0.0,0.0028715091978483965,True,15.086766099993838
20260809,1,419,419,0.001,0.002857089701024996,0.0,0.0,0.0,0.0,0.0,0.0,0.0,0.0,0.002857089701024996,True,15.09131950000301
20260809,1,420,420,0.001,0.002842720357892823,0.0,0.0,0.0,0.0,0.0,0.0,0.0,0.0,0.002842720357892823,True,15.09515820001252
20260809,1,421,421,0.001,0.00282840114949362,0.0,0.0,0.0,0.0,0.0,0.0,0.0,0.0,0.00282840114949362,True,15.099188499996671
20260809,1,422,422,0.001,0.002814132060777372,0.0,0.0,0.0,0.0,0.0,0.0,0.0,0.0,0.002814132060777372,True,15.102483499998925
20260809,1,423,423,0.001,0.0027999130804107508,0.0,0.0,0.0,0.0,0.0,0.0,0.0,0.0,0.0027999130804107508,True,15.105417800019495
20260809,1,424,424,0.001,0.0027857442005914104,0.0,0.0,0.0,0.0,0.0,0.0,0.0,0.0,0.0027857442005914104,True,15.108702199999243
20260809,1,425,425,0.001,0.0027716254168682355,0.0,0.0,0.0,0.0,0.0,0.0,0.0,0.0,0.0027716254168682355,True,15.111311400018167
20260809,1,426,426,0.001,0.0027575567279668834,0.0,0.0,0.0,0.0,0.0,0.0,0.0,0.0,0.0027575567279668834,True,15.114347700000508
20260809,1,427,427,0.001,0.002743538135620971,0.0,0.0,0.0,0.0,0.0,0.0,0.0,0.0,0.002743538135620971,True,15.119231699994998
20260809,1,428,428,0.001,0.0027295696444081968,0.0,0.0,0.0,0.0,0.0,0.0,0.0,0.0,0.0027295696444081968,True,15.123122999997577
20260809,1,429,429,0.001,0.002715651261591632,0.0,0.0,0.0,0.0,0.0,0.0,0.0,0.0,0.002715651261591632,True,15.128176700003678
20260809,1,430,430,0.001,0.0027017829969657224,0.0,0.0,0.0,0.0,0.0,0.0,0.0,0.0,0.0027017829969657224,True,15.130459500011057
20260809,1,431,431,0.001,0.0026879648627070253,0.0,0.0,0.0,0.0,0.0,0.0,0.0,0.0,0.0026879648627070253,True,15.133752699999604
20260809,1,432,432,0.001,0.002674196873229395,0.0,0.0,0.0,0.0,0.0,0.0,0.0,0.0,0.002674196873229395,True,15.137522000004537
20260809,1,433,433,0.001,0.0026604790450435187,0.0,0.0,0.0,0.0,0.0,0.0,0.0,0.0,0.0026604790450435187,True,15.140438300004462
20260809,1,434,434,0.001,0.002646811396620644,0.0,0.0,0.0,0.0,0.0,0.0,0.0,0.0,0.002646811396620644,True,15.144583500019507
20260809,1,435,435,0.001,0.002633193948260387,0.0,0.0,0.0,0.0,0.0,0.0,0.0,0.0,0.002633193948260387,True,15.1491446
20260809,1,436,436,0.001,0.0026196267219623162,0.0,0.0,0.0,0.0,0.0,0.0,0.0,0.0,0.0026196267219623162,True,15.151826600020286
20260809,1,437,437,0.001,0.0026061097413015016,0.0,0.0,0.0,0.0,0.0,0.0,0.0,0.0,0.0026061097413015016,True,15.15435970001272
20260809,1,438,438,0.001,0.0025926430313074887,0.0,0.0,0.0,0.0,0.0,0.0,0.0,0.0,0.0025926430313074887,True,15.156221400015056
20260809,1,439,439,0.001,0.0025792266183470016,0.0,0.0,0.0,0.0,0.0,0.0,0.0,0.0,0.0025792266183470016,True,15.161269600008382
20260809,1,440,440,0.001,0.002565860530009802,0.0,0.0,0.0,0.0,0.0,0.0,0.0,0.0,0.002565860530009802,True,15.166986500000348
20260809,1,441,441,0.001,0.0025525447949980855,0.0,0.0,0.0,0.0,0.0,0.0,0.0,0.0,0.0025525447949980855,True,15.169982100022025
20260809,1,442,442,0.001,0.0025392794430187803,0.0,0.0,0.0,0.0,0.0,0.0,0.0,0.0,0.0025392794430187803,True,15.172051200002898
20260809,1,443,443,0.001,0.002526064504679109,0.0,0.0,0.0,0.0,0.0,0.0,0.0,0.0,0.002526064504679109,True,15.1740720999951
20260809,1,444,444,0.001,0.0025129000113849843,0.0,0.0,0.0,0.0,0.0,0.0,0.0,0.0,0.0025129000113849843,True,15.178466400015168
20260809,1,445,445,0.001,0.0024997859952423248,0.0,0.0,0.0,0.0,0.0,0.0,0.0,0.0,0.0024997859952423248,True,15.181327400001464
20260809,1,446,446,0.001,0.0024867224889610754,0.0,0.0,0.0,0.0,0.0,0.0,0.0,0.0,0.0024867224889610754,True,15.18391170000541
20260809,1,447,447,0.001,0.0024737095257619237,0.0,0.0,0.0,0.0,0.0,0.0,0.0,0.0,0.0024737095257619237,True,15.186962800013134
20260809,1,448,448,0.001,0.0024607471392855892,0.0,0.0,0.0,0.0,0.0,0.0,0.0,0.0,0.0024607471392855892,True,15.190308699995512
20260809,1,449,449,0.001,0.0024478353635045925,0.0,0.0,0.0,0.0,0.0,0.0,0.0,0.0,0.0024478353635045925,True,15.195367100008298
20260809,1,450,450,0.001,0.0024349742326374617,0.0,0.0,0.0,0.0,0.0,0.0,0.0,0.0,0.0024349742326374617,True,15.198036000016145
20260809,1,451,451,0.001,0.0024221637810652374,0.0,0.0,0.0,0.0,0.0,0.0,0.0,0.0,0.0024221637810652374,True,15.200609199993778
20260809,1,452,452,0.001,0.002409404043250237,0.0,0.0,0.0,0.0,0.0,0.0,0.0,0.0,0.002409404043250237,True,15.203893199999584
20260809,1,453,453,0.001,0.002396695053657026,0.0,0.0,0.0,0.0,0.0,0.0,0.0,0.0,0.002396695053657026,True,15.20739650001633
20260809,1,454,454,0.001,0.002384036846675503,0.0,0.0,0.0,0.0,0.0,0.0,0.0,0.0,0.002384036846675503,True,15.212202499998966
20260809,1,455,455,0.001,0.0023714294565459633,0.0,0.0,0.0,0.0,0.0,0.0,0.0,0.0,0.0023714294565459633,True,15.214252500009025
20260809,1,456,456,0.001,0.002358872917286252,0.0,0.0,0.0,0.0,0.0,0.0,0.0,0.0,0.002358872917286252,True,15.216379499994218
20260809,1,457,457,0.001,0.002346367262620767,0.0,0.0,0.0,0.0,0.0,0.0,0.0,0.0,0.002346367262620767,True,15.218315800011624
20260809,1,458,458,0.001,0.002333912525911332,0.0,0.0,0.0,0.0,0.0,0.0,0.0,0.0,0.002333912525911332,True,15.221004599996377
20260809,1,459,459,0.001,0.0023215087400898947,0.0,0.0,0.0,0.0,0.0,0.0,0.0,0.0,0.0023215087400898947,True,15.223337800009176
20260809,1,460,460,0.001,0.002309155937592968,0.0,0.0,0.0,0.0,0.0,0.0,0.0,0.0,0.002309155937592968,True,15.22772399999667
20260809,1,461,461,0.001,0.002296854150297777,0.0,0.0,0.0,0.0,0.0,0.0,0.0,0.0,0.002296854150297777,True,15.23172490001889
20260809,1,462,462,0.001,0.0022846034094600198,0.0,0.0,0.0,0.0,0.0,0.0,0.0,0.0,0.0022846034094600198,True,15.235038500017254
20260809,1,463,463,0.001,0.0022724037456533196,0.0,0.0,0.0,0.0,0.0,0.0,0.0,0.0,0.0022724037456533196,True,15.23739610001212
20260809,1,464,464,0.001,0.0022602551887101396,0.0,0.0,0.0,0.0,0.0,0.0,0.0,0.0,0.0022602551887101396,True,15.239512800006196
20260809,1,465,465,0.001,0.0022481577676642514,0.0,0.0,0.0,0.0,0.0,0.0,0.0,0.0,0.0022481577676642514,True,15.244754700019257
20260809,1,466,466,0.001,0.002236111510694709,0.0,0.0,0.0,0.0,0.0,0.0,0.0,0.0,0.002236111510694709,True,15.248252799996408
20260809,1,467,467,0.001,0.002224116445071204,0.0,0.0,0.0,0.0,0.0,0.0,0.0,0.0,0.002224116445071204,True,15.250776400003815
20260809,1,468,468,0.001,0.0022121725971008706,0.0,0.0,0.0,0.0,0.0,0.0,0.0,0.0,0.0022121725971008706,True,15.25306770001771
20260809,1,469,469,0.001,0.002200279992076394,0.0,0.0,0.0,0.0,0.0,0.0,0.0,0.0,0.002200279992076394,True,15.255358700000215
20260809,1,470,470,0.001,0.0021884386542254863,0.0,0.0,0.0,0.0,0.0,0.0,0.0,0.0,0.0021884386542254863,True,15.257883400015999
20260809,1,471,471,0.001,0.0021766486066616816,0.0,0.0,0.0,0.0,0.0,0.0,0.0,0.0,0.0021766486066616816,True,15.26099979999708
20260809,1,472,472,0.001,0.0021649098713363026,0.0,0.0,0.0,0.0,0.0,0.0,0.0,0.0,0.0021649098713363026,True,15.26413440000033
20260809,1,473,473,0.001,0.0021532224689917983,0.0,0.0,0.0,0.0,0.0,0.0,0.0,0.0,0.0021532224689917983,True,15.267708300001686
20260809,1,474,474,0.001,0.002141586419116136,0.0,0.0,0.0,0.0,0.0,0.0,0.0,0.0,0.002141586419116136,True,15.271663999999873
20260809,1,475,475,0.001,0.0021300017398984917,0.0,0.0,0.0,0.0,0.0,0.0,0.0,0.0,0.0021300017398984917,True,15.274435400002403
20260809,1,476,476,0.001,0.002118468448186055,0.0,0.0,0.0,0.0,0.0,0.0,0.0,0.0,0.002118468448186055,True,15.27855940000154
20260809,1,477,477,0.001,0.0021069865594419528,0.0,0.0,0.0,0.0,0.0,0.0,0.0,0.0,0.0021069865594419528,True,15.281013400002848
20260809,1,478,478,0.001,0.0020955560877042576,0.0,0.0,0.0,0.0,0.0,0.0,0.0,0.0,0.0020955560877042576,True,15.283537100011017
20260809,1,479,479,0.001,0.002084177045546176,0.0,0.0,0.0,0.0,0.0,0.0,0.0,0.0,0.002084177045546176,True,15.285952400008682
20260809,1,480,480,0.001,0.002072849444037184,0.0,0.0,0.0,0.0,0.0,0.0,0.0,0.0,0.002072849444037184,True,15.295678099995712
20260809,1,481,481,0.001,0.002061573292705304,0.0,0.0,0.0,0.0,0.0,0.0,0.0,0.0,0.002061573292705304,True,15.300558600021759
20260809,1,482,482,0.001,0.0020503485995003214,0.0,0.0,0.0,0.0,0.0,0.0,0.0,0.0,0.0020503485995003214,True,15.303614700009348
20260809,1,483,483,0.001,0.002039175370758095,0.0,0.0,0.0,0.0,0.0,0.0,0.0,0.0,0.002039175370758095,True,15.306027300015558
20260809,1,484,484,0.001,0.0020280536111658117,0.0,0.0,0.0,0.0,0.0,0.0,0.0,0.0,0.0020280536111658117,True,15.310570300003747
20260809,1,485,485,0.001,0.0020169833237282235,0.0,0.0,0.0,0.0,0.0,0.0,0.0,0.0,0.0020169833237282235,True,15.313721000013174
20260809,1,486,486,0.001,0.0020059645097348444,0.0,0.0,0.0,0.0,0.0,0.0,0.0,0.0,0.0020059645097348444,True,15.316950600012206
20260809,1,487,487,0.001,0.001994997168728127,0.0,0.0,0.0,0.0,0.0,0.0,0.0,0.0,0.001994997168728127,True,15.320956100011244
20260809,1,488,488,0.001,0.0019840812984725053,0.0,0.0,0.0,0.0,0.0,0.0,0.0,0.0,0.0019840812984725053,True,15.323654500010889
20260809,1,489,489,0.001,0.001973216894924454,0.0,0.0,0.0,0.0,0.0,0.0,0.0,0.0,0.001973216894924454,True,15.327951300016139
20260809,1,490,490,0.001,0.001962403952203369,0.0,0.0,0.0,0.0,0.0,0.0,0.0,0.0,0.001962403952203369,True,15.331641800003126
20260809,1,491,491,0.001,0.0019516424625634118,0.0,0.0,0.0,0.0,0.0,0.0,0.0,0.0,0.0019516424625634118,True,15.335340100020403
20260809,1,492,492,0.001,0.0019409324163662072,0.0,0.0,0.0,0.0,0.0,0.0,0.0,0.0,0.0019409324163662072,True,15.338588500017067
20260809,1,493,493,0.001,0.0019302738020544022,0.0,0.0,0.0,0.0,0.0,0.0,0.0,0.0,0.0019302738020544022,True,15.342875200003618
20260809,1,494,494,0.001,0.001919666606126196,0.0,0.0,0.0,0.0,0.0,0.0,0.0,0.0,0.001919666606126196,True,15.34608250000747
20260809,1,495,495,0.001,0.0019091108131105657,0.0,0.0,0.0,0.0,0.0,0.0,0.0,0.0,0.0019091108131105657,True,15.34971890001907
20260809,1,496,496,0.001,0.001898606405543512,0.0,0.0,0.0,0.0,0.0,0.0,0.0,0.0,0.001898606405543512,True,15.353244800004177
20260809,1,497,497,0.001,0.001888153363945023,0.0,0.0,0.0,0.0,0.0,0.0,0.0,0.0,0.001888153363945023,True,15.356597100006184
20260809,1,498,498,0.001,0.0018777516667969607,0.0,0.0,0.0,0.0,0.0,0.0,0.0,0.0,0.0018777516667969607,True,15.362225100019714
20260809,1,499,499,0.001,0.0018674012905217272,0.0,0.0,0.0,0.0,0.0,0.0,0.0,0.0,0.0018674012905217272,True,15.366845400014427
20260809,1,500,500,0.001,0.001857102209461775,0.0,0.0,0.0,0.0,0.0,0.0,0.0,0.0,0.001857102209461775,True,15.37046510001528
20260809,2,1,501,0.0003,0.001846854395859921,8.78016214175768e-06,8.179149586800485e-09,8.448892822877749e-06,7.819410781412382e-06,3.6179703041643665e-08,8.771456892050762e-12,3.1536486274069165e-08,3.0603660861436496e-08,0.0018720093693771894,True,16.03824640001403
20260809,2,2,502,0.0003,0.0018076272473254377,8.690141616866742e-06,8.060446662676986e-09,8.359736098230244e-06,7.731618716828613e-06,3.6359092870888457e-08,8.791421319170916e-12,3.170707191745919e-08,3.0727918131496005e-08,0.001832515607078367,True,16.60500619999948
20260809,2,3,503,0.0003,0.001773315330749615,8.532742840015513e-06,7.943364083274642e-09,8.203608435787896e-06,7.592153249494692e-06,3.5606644985658864e-08,8.412452916174534e-12,3.102221602306124e-08,3.010431264674615e-08,0.0017977485202251044,True,17.161841299996013
20260809,2,4,504,0.0003,0.0017364874331937132,8.451975531887273e-06,7.794034797753096e-09,8.12739775744773e-06,7.5158701678887e-06,3.5508306364572246e-08,8.348218154118667e-12,3.099018832407317e-08,3.001890217120823e-08,0.001760686996430813,True,17.67760980001185
20260809,2,5,505,0.0003,0.0017041586517450088,8.255704298540988e-06,7.575405580673484e-09,7.94233700748717e-06,7.348722147117288e-06,3.40942199676886e-08,8.128426011259501e-12,2.9836276550262704e-08,2.886130176097895e-08,0.0017278057905304397,True,18.183863900019787
20260809,2,6,506,0.0003,0.001669648958471323,8.112269146603784e-06,7.4460669263021225e-09,7.802599640607905e-06,7.2218273835324525e-06,3.338926643253325e-08,7.847836993725944e-12,2.9224691567323034e-08,2.8278685341477925e-08,0.0016928840012001719,True,18.66604310000548
20260809,2,7,507,0.0003,0.0016368665921229052,8.00629978175571e-06,7.366082640777294e-09,7.696523514409165e-06,7.123991982365496e-06,3.315486939178139e-08,7.602830402789832e-12,2.8990907147610577e-08,2.807721247178217e-08,0.001659791004075918,True,19.122782699996606
20260809,2,8,508,0.0003,0.0016045393682288123,7.88450725366793e-06,7.264234296969091e-09,7.5769947166841014e-06,7.014159550887751e-06,3.272428053588727e-08,7.4220968836848e-12,2.8606220030762647e-08,2.7713742237564247e-08,0.00162711134564925,True,19.58297920000041
20260809,2,9,509,0.0003,0.0015717300379006166,7.725614573027285e-06,7.119633469050537e-09,7.424346151689763e-06,6.875766460623806e-06,3.1835346984438445e-08,7.269890354000978e-12,2.7850378166307477e-08,2.6975781178384413e-08,0.0015938495534956463,True,20.09225499999593
20260809,2,10,510,0.0003,0.0015404648236395156,7.566566906492784e-06,6.9776194119465386e-09,7.2718464035976074e-06,6.737727725770543e-06,3.091159867424888e-08,7.128842715181885e-12,2.70675326095186e-08,2.6209654663113385e-08,0.0015621321382095783,True,20.597631900018314
20260809,2,11,511,0.0003,0.0015092015546548563,7.438149944751863e-06,6.86943240781096e-09,7.147121670060915e-06,6.623954128640777e-06,3.0319294407461907e-08,6.9677246428830684e-12,2.655314362158357e-08,2.571458210712877e-08,0.0015305002438185784,True,21.016851499996847
20260809,2,12,512,0.0003,0.0014778656752940157,7.3313367506170645e-06,6.785338676645676e-09,7.041929898815262e-06,6.527356972414302e-06,2.995471637523412e-08,6.7813521331646854e-12,2.622281400638051e-08,2.540611294533698e-08,0.0014988546746792183,True,21.401943200005917
20260809,2,13,513,0.0003,0.0014476785012856354,7.221657789631365e-06,6.698534898268189e-09,6.9344337754172385e-06,6.4288571605969075e-06,2.9530989118401916e-08,6.595424874497633e-12,2.584776082343088e-08,2.5050069819877916e-08,0.0014683505839613658,True,21.901640199997928
20260809,2,14,514,0.0003,0.0014177158826741661,7.096729912582957e-06,6.591603627933105e-09,6.813738410814045e-06,6.318693307166185e-06,2.891342890087689e-08,6.4324250514766966e-12,2.5321381122051497e-08,2.453592884237932e-08,0.0014380304130796478,True,22.35950469999807
20260809,2,15,515,0.0003,0.0013879322332965387,6.968083646569532e-06,6.477497398850298e-09,6.690260269087237e-06,6.205787022862694e-06,2.824784989444734e-08,6.303843786882788e-12,2.4761829193179716e-08,2.3981825126360696e-08,0.001407879839540515,True,22.79726789999404
20260809,2,16,516,0.0003,0.0013590556826698994,6.848218095165062e-06,6.376088362810479e-09,6.574733300069633e-06,6.099787754141925e-06,2.7690412000727566e-08,6.195736360901648e-12,2.4289204203840804e-08,2.351472177901668e-08,0.001378660298441359,True,23.213462400017306
20260809,2,17,517,0.0003,0.0013304797506986804,6.739025473635462e-06,6.293640291671288e-09,6.468274299439236e-06,6.002105992087322e-06,2.726603346625861e-08,6.077797838289102e-12,2.3916047683516194e-08,2.315510701708711e-08,0.0013497697933700986,True,23.621372299996438
20260809,2,18,518,0.0003,0.0013021504255402237,6.633924576069726e-06,6.2231646303220615e-09,6.3649010426195606e-06,5.907657291219236e-06,2.6890932203823875e-08,5.941119610604603e-12,2.357379046999592e-08,2.2835082991999518e-08,0.0013211364373615481,True,24.08563940000022
20260809,2,19,519,0.0003,0.0012746359829465983,6.525716397587071e-06,6.1523540546978646e-09,6.258652895983972e-06,5.810934166156931e-06,2.6470731407802364e-08,5.80341266746998e-12,2.319276105089862e-08,2.2478077184616356e-08,0.0012933095861334368,True,24.467812500020955
20260809,2,20,520,0.0003,0.0012475329181091644,6.4136080184184495e-06,6.073046301241895e-09,6.149486986033581e-06,5.711412783756697e-06,2.5987880518780587e-08,5.6841031144845385e-12,2.2767196289965134e-08,2.207009709061749e-08,0.0012658843298016767,True,24.942951100005303
20260809,2,21,521,0.0003,0.0012207510829532534,6.300086646731944e-06,5.987058602960052e-09,6.039728141822247e-06,5.611030848352524e-06,2.5471004992821437e-08,5.5841625086239255e-12,2.2321517023611478e-08,2.1634647604787442e-08,0.001238777348402547,True,25.376308600010816
20260809,2,22,522,0.0003,0.0011946915595044904,6.1868448456475064e-06,5.901949887903997e-09,5.930365942223787e-06,5.5110156322633106e-06,2.4946521245830678e-08,5.485609357173693e-12,2.1870630350838915e-08,2.11932508312109e-08,0.00121239370376255,True,25.828272800019477
20260809,2,23,523,0.0003,0.001169069342507427,6.076796206608517e-06,5.824647832063783e-09,5.8235513931839635e-06,5.413565030801778e-06,2.4454429465237018e-08,5.3705725939318096e-12,2.1440940765346116e-08,2.0778418710310424e-08,0.0011864557589453665,True,26.233940900012385
20260809,2,24,524,0.0003,0.001143807795564745,5.9728502432238344e-06,5.757385315194884e-09,5.721947199506004e-06,5.320958598685634e-06,2.4029229322227182e-08,5.243340466612153e-12,2.106084391417672e-08,2.0418143562259915e-08,0.001160894822451615,True,26.62260950001655
20260809,2,25,525,0.0003,0.0011191956672186461,5.874117331604014e-06,5.696039575266381e-09,5.6251457187259095e-06,5.232566445724129e-06,2.3656864488139953e-08,5.124235270116777e-12,2.072370408334318e-08,2.0100854067457124e-08,0.0011359976793011495,True,27.003786300017964
20260809,2,26,526,0.0003,0.0010950316706485447,5.775188306442006e-06,5.632267816634856e-09,5.528557908163462e-06,5.144209590979757e-06,2.3270615939899975e-08,5.0248906337841435e-12,2.0378469678163178e-08,1.977217092180378e-08,0.0011115486850033771,True,27.37072820001049
20260809,2,27,527,0.0003,0.0010712985451830695,5.671102230488202e-06,5.561804730219593e-09,5.427608969558351e-06,5.052002330319195e-06,2.281193539180498e-08,4.938825025387384e-12,1.997615079764333e-08,1.9384512041037338e-08,0.0010875169980552211,True,27.80297800002154
20260809,2,28,528,0.0003,0.0010481892412978026,5.56499788904682e-06,5.489922172885294e-09,5.324901281956755e-06,4.958378772203039e-06,2.2317419766397543e-08,4.851809323440433e-12,1.9544422221709625e-08,1.8967909834799587e-08,0.0010641038437668143,True,28.33643190001021
20260809,2,29,529,0.0003,0.0010255030404416727,5.465460184296246e-06,5.4247049921499675e-09,5.228133887414518e-06,4.870040373319378e-06,2.1887165021218856e-08,4.755114247210312e-12,1.9165197634192146e-08,1.8604080106564922e-08,0.0010411317607895711,True,28.76715250001871
20260809,2,30,530,0.0003,0.0010032365316419985,5.375405247615108e-06,5.367590081540282e-09,5.1400490534108015e-06,4.789253962505549e-06,2.1556648011981916e-08,4.653518442331511e-12,1.886923479636315e-08,1.8321874606302865e-08,0.0010186053599065448,True,29.183410900004674
20260809,2,31,531,0.0003,0.0009815362039966823,5.288389974257242e-06,5.312224104575828e-09,5.054913809984376e-06,4.71094140127565e-06,2.1254668348603365e-08,4.558282447360005e-12,1.8599309416371743e-08,1.806306568407392e-08,0.0009966536830080357,True,29.621835199999623
20260809,2,32,532,0.0003,0.0009602733017236695,5.195852663242723e-06,5.252439384737377e-09,4.9648872749656446e-06,4.628309413567017e-06,2.0888517361079426e-08,4.474242015442103e-12,1.8278143321290578e-08,1.7751923138022908e-08,0.000975124526572892,True,30.115170300006866
20260809,2,33,533,0.0003,0.0009394876263010861,5.098627721229062e-06,5.18842268458532e-09,4.870677132268992e-06,4.5420483834968235e-06,2.046621471752121e-08,4.398669772530614e-12,1.7910678229836243e-08,1.73949619072038e-08,0.0009540599442142899,True,30.56958140002098
20260809,2,34,534,0.0003,0.0009192209314316145,5.004836728915738e-06,5.1281492383551996e-09,4.779565724309633e-06,4.458542815389206e-06,2.0079588914827472e-08,4.324110265748279e-12,1.7571785853905545e-08,1.7067128219477206e-08,0.000933523727676566,True,31.00594520001323
20260809,2,35,535,0.0003,0.0008993414468298638,4.9186785815633795e-06,5.075418069965729e-09,4.695322247886065e-06,4.3810975404682265e-06,1.977516990512089e-08,4.2438300243740025e-12,1.7299642935450344e-08,1.6806465924728677e-08,0.0009133955061404466,True,31.404477500007488
20260809,2,36,536,0.0003,0.0008799256000349032,4.835817804786938e-06,5.025606228091357e-09,4.6140840814488705e-06,4.306350062777008e-06,1.950026361244715e-08,4.159341101671673e-12,1.7051452749252324e-08,1.6570083539831715e-08,0.0008937400035493866,True,31.81400830001803
20260809,2,37,537,0.0003,0.0008609940159388851,4.749545662298282e-06,4.9717697888467425e-09,4.5299035798019335e-06,4.22905892084137e-06,1.9176491897230816e-08,4.07769839147827e-12,1.6763800014023553e-08,1.6294091152506263e-08,0.0008745597343323777,True,32.223859699995955
20260809,2,38,538,0.0003,0.0008424696950362404,4.659141536343421e-06,4.9145933144853676e-09,4.442209237586063e-06,4.148616781633769e-06,1.8797985080178603e-08,4.003541278880606e-12,1.6432842936933704e-08,1.597368867737194e-08,0.0008557757857053539,True,32.65848110002116
20260809,2,39,539,0.0003,0.0008244067230491041,4.56974424902707e-06,4.85873608407337e-09,4.355605593691477e-06,4.0690580968079485e-06,1.8423720932290526e-08,3.9339731044442886e-12,1.6106829225541602e-08,1.5656950261863253e-08,0.0008374561811591074,True,33.03566910000518
20260809,2,40,540,0.0003,0.0008067570080917639,4.484697502282592e-06,4.806970190956214e-09,4.272957814139277e-06,3.993007162529907e-06,1.8092470919126865e-08,3.861074356086476e-12,1.5815917664159173e-08,1.537547025768334e-08,0.0008195617652608218,True,33.455563299998175
20260809,2,41,541,0.0003,0.0007894932867695371,4.402749354977238e-06,4.758598363239901e-09,4.193060855683577e-06,3.9194689981895904e-06,1.77910198525519e-08,3.783114668638718e-12,1.5548342186201378e-08,1.5118444358992325e-08,0.000802061786166263,True,33.94190350000281
20260809,2,42,542,0.0003,0.0007726680694169893,4.321050318887529e-06,4.710354140552715e-09,4.11345513451893e-06,3.846221192114997e-06,1.7486250181068303e-08,3.707613923629193e-12,1.527806651366364e-08,1.4858826059971587e-08,0.0007850011332670202,True,34.33915939999861
20260809,2,43,543,0.0003,0.0007562271331256539,4.238273952857619e-06,4.660025945900728e-09,4.033088066749848e-06,3.7722409341257045e-06,1.7161996310544593e-08,3.641260745275763e-12,1.4993427783942354e-08,1.4583404579775089e-08,0.0007683221385752679,True,34.811952599993674
20260809,2,44,544,0.0003,0.0007401790510024344,4.155052209208491e-06,4.608392920975945e-09,3.952506429129405e-06,3.6980265307712983e-06,1.6825240864090802e-08,3.581600297629145e-12,1.469998167702038e-08,1.4297877283591897e-08,0.0007520350712458895,True,35.1986925000092
20260809,2,45,545,0.0003,0.0007245257780973077,4.073249456911758e-06,4.557893877598602e-09,3.873258993407398e-06,3.6250310002329716e-06,1.6497787961408946e-08,3.5203389004594113e-12,1.4414268960923706e-08,1.4020035323410825e-08,0.000736146811054322,True,35.68452690000413
20260809,2,46,546,0.0003,0.0007092179546853411,3.994628874612506e-06,4.510010692632195e-09,3.7968999486587005e-06,3.5546347583689365e-06,1.6200060492360134e-08,3.454249661211217e-12,1.4152775979773681e-08,1.3766513261627717e-08,0.0007206127510816574,True,36.13359909999417
20260809,2,47,547,0.0003,0.0006942823477885352,3.918718903055459e-06,4.463712135782629e-09,3.723095211339483e-06,3.486475939855633e-06,1.592644470256851e-08,3.389010416408653e-12,1.3911860707489587e-08,1.353269114253118e-08,0.0007054584759404846,True,36.54045120000956
20260809,2,48,548,0.0003,0.0006797006781527451,3.842566433206096e-06,4.416252507453581e-09,3.6492362611917876e-06,3.41823864112315e-06,1.564331596300057e-08,3.3304182462982533e-12,1.3664171071883736e-08,1.3291131872300144e-08,0.0006906577376900991,True,37.02021180000156
20260809,2,49,549,0.0003,0.0006654641626806416,3.764326366401597e-06,4.3666536094851915e-09,3.5735922562839143e-06,3.3484637841555755e-06,1.533026298169666e-08,3.2771365854782344e-12,1.339193753770639e-08,1.302521363468333e-08,0.0006761966624323828,True,37.47259670001222
20260809,2,50,550,0.0003,0.0006515778365042459,3.68643312556119e-06,4.317380286118606e-09,3.4982910474010378e-06,3.279056891356196e-06,1.5015224103854082e-08,3.223690530300682e-12,1.3117641038421615e-08,1.2757748340760471e-08,0.000662086828786024,True,37.984940299997106
20260809,2,51,551,0.0003,0.0006379987765803911,3.6124319140602747e-06,4.271016732938625e-09,3.4265564988736525e-06,3.2128079260168205e-06,1.4738029776784614e-08,3.167657850210459e-12,1.2874781567430496e-08,1.2521226189720424e-08,0.0006482949811412666,True,38.41958060002071
20260809,2,52,552,0.0003,0.000624737127574255,3.5416600352293027e-06,4.2267447597667664e-09,3.357854853820228e-06,3.1492097197241586e-06,1.4490165139245467e-08,3.1121565807465392e-12,1.2657045825121429e-08,1.2308709567835194e-08,0.0006348295379604773,True,38.90197679999983
20260809,2,53,553,0.0003,0.0006117903176689372,3.4699884648070783e-06,4.181462007852697e-09,3.2884732249516383e-06,3.085025842334014e-06,1.4224094669530475e-08,3.060862240644389e-12,1.242491243294918e-08,1.2081451074874924e-08,0.0006216767201820774,True,39.29905410000356
20260809,2,54,554,0.0003,0.0005991462084034905,3.3960298476308372e-06,4.134419944258639e-09,3.2171298277110655e-06,3.019165422739502e-06,1.3924006533700063e-08,3.013654783892622e-12,1.2164728723390917e-08,1.1826567409876978e-08,0.0006088205862378377,True,39.68602120000287
20260809,2,55,555,0.0003,0.0005868011045034691,3.3232968966214945e-06,4.088311022899893e-09,3.146983370374948e-06,2.9543883148284226e-06,1.3629776369652624e-08,2.9674955844473924e-12,1.1909560647780421e-08,1.1576567607895839e-08,0.0005962669802684377,True,40.11631650000345
20260809,2,56,556,0.0003,0.0005747238811641363,3.2546210860141465e-06,4.044977971184951e-09,3.0805900537777067e-06,2.8929174527954546e-06,1.3373672877044763e-08,2.92011603609936e-12,1.1686381827041809e-08,1.1357758927560332e-08,0.0005839924754684426,True,40.57472699999926
20260809,2,57,557,0.0003,0.0005629217437693346,3.1881564021326986e-06,4.002986932918336e-09,3.016284277697188e-06,2.83330039019929e-06,1.3134825847202073e-08,2.872977325315577e-12,1.1477854380266593e-08,1.1153139629059231e-08,0.0005719992565191306,True,40.98870170000009
20260809,2,58,558,0.0003,0.0005513919337349986,3.1206996471149747e-06,3.960065074619603e-09,2.9511864766373528e-06,2.773016500217411e-06,1.2877079107150284e-08,2.829240042582886e-12,1.1253957440338965e-08,1.0933246489564923e-08,0.00056027586353632,True,41.41662269999506
20260809,2,59,559,0.0003,0.0005401219351286138,3.052633131375918e-06,3.916479935136265e-09,2.885661124463723e-06,2.7123644641604237e-06,1.2604931952019725e-08,2.7896181273466235e-12,1.1018703158276408e-08,1.0701742323792511e-08,0.0005488108384956013,True,41.90059730000212
20260809,2,60,560,0.0003,0.0005291042682849905,2.9867665401669054e-06,3.874199659703497e-09,2.822230749588735e-06,2.6535506316716857e-06,1.2350458239200146e-08,2.751275299139328e-12,1.0798785139611495e-08,1.048475510373046e-08,0.0005376043271558355,True,42.345223100011935
20260809,2,61,561,0.0003,0.0005183202605268387,2.923842465587426e-06,3.833809072050693e-09,2.761522778721622e-06,2.5971548056952825e-06,1.2122375790632416e-08,2.711679223819621e-12,1.0601000140686415e-08,1.0289374989855173e-08,0.0005266396298485155,True,42.79280470000231
20260809,2,62,562,0.0003,0.0005077753363476855,2.861951560736902e-06,3.794177492143201e-09,2.701804167823876e-06,2.5416754347515107e-06,1.189910752201369e-08,2.672509602962107e-12,1.040712287817316e-08,1.009800524460548e-08,0.0005159169685966443,True,43.19635149999522
20260809,2,63,563,0.0003,0.0004974619225379442,2.7996177166237857e-06,3.754394948542107e-09,2.6417742388874184e-06,2.4859541285418606e-06,1.1663793834972763e-08,2.637084978027107e-12,1.0203329522083454e-08,9.8969037939616e-09,0.000505424789681182,True,43.57447600000887
20260809,2,64,564,0.0003,0.000487371796371982,2.7375030922757683e-06,3.7148927351219894e-09,2.5820407356840296e-06,2.4305125987268686e-06,1.1423800545595437e-08,2.605271235053785e-12,9.995903159833965e-09,9.692088029738761e-09,0.0004951566820884102,True,43.97753200001898
20260809,2,65,565,0.0003,0.00047749713878846603,2.6769958402065076e-06,3.6764934153015243e-09,2.523824674771123e-06,2.3764406689559855e-06,1.1194830038981273e-08,2.573589450415992e-12,9.79770444423222e-09,9.496380518708399e-09,0.00048510856795440637,True,44.33158810000168
20260809,2,66,566,0.0003,0.00046782590805028064,2.6184582818189764e-06,3.6392996678316714e-09,2.4674418946905877e-06,2.3240237443061294e-06,1.0980828525567168e-08,2.5404857615157324e-12,9.61196866044534e-09,9.313020552114884e-09,0.00047526937962898803,True,44.765954100003
20260809,2,67,567,0.0003,0.00045835914430876983,2.561029127582584e-06,3.6027455262701594e-09,2.4121508091239007e-06,2.272589313693497e-06,1.0771658279428743e-08,2.508453536932411e-12,9.430585309063127e-09,9.133759851539365e-09,0.00046563785481658967,True,45.233351000002585
20260809,2,68,568,0.0003,0.00044908907393189344,2.5036846241151965e-06,3.5662988290376564e-09,2.357048592371232e-06,2.2213355431620684e-06,1.05554684032732e-08,2.4796746951090236e-12,9.24378010967742e-09,8.948946986025246e-09,0.0004562034596655446,True,45.66897759999847
20260809,2,69,569,0.0003,0.0004400124101929549,2.446583820654617e-06,3.5301411905027534e-09,2.302250608014769e-06,2.170386827820133e-06,1.033407193805092e-08,2.4526666859375685e-12,9.052703637561494e-09,8.760059737491306e-09,0.0004469633108786147,True,46.15921129999333
20260809,2,70,570,0.0003,0.0004311187986131714,2.3909952244529565e-06,3.494923550523797e-09,2.2488751272743902e-06,2.120739685187914e-06,1.0121909319205068e-08,2.424869115053968e-12,8.86918996208513e-09,8.578857968732533e-09,0.0004379104759557564,True,46.57883630000288
20260809,2,71,571,0.0003,0.0004224010992066019,2.3374001694509272e-06,3.4608253612658154e-09,2.1973692664796362e-06,2.0727727151662413e-06,9.924477410962021e-09,2.3966247655162506e-12,8.698041837563813e-09,8.409811624407476e-09,0.00042903913691055774,True,47.0341405000072
20260809,2,72,572,0.0003,0.00041385902334761777,2.2845600367734033e-06,3.427249500590972e-09,2.146633641191355e-06,2.0255096845134437e-06,9.72794523125001e-09,2.3702788452084133e-12,8.527874555460513e-09,8.241648527190973e-09,0.0004203456537981893,True,47.453951800009236
20260809,2,73,573,0.0003,0.00040548798088716197,2.2314710719902437e-06,3.3937639150892357e-09,2.0957540113771444e-06,1.978155966254846e-06,9.521329913606205e-09,2.3464009871284056e-12,8.34939279420239e-09,8.06542043927068e-09,0.0004118226941902474,True,47.92519320000429
20260809,2,74,574,0.0003,0.0003972828784709401,2.1791595433924356e-06,3.3608446108554667e-09,2.045641788873218e-06,1.931515831838038e-06,9.316485941965339e-09,2.323207177234655e-12,8.172464349638835e-09,7.890779679485999e-09,0.0004034679385328329,True,48.35948640000424
20260809,2,75,575,0.0003,0.0003892333003702451,2.1289197076031015e-06,3.3290206897500266e-09,1.997462616566745e-06,1.8866071786349e-06,9.128112114121781e-09,2.299422724634291e-12,8.009473979626827e-09,7.729691021402247e-09,0.0003952744884702775,True,48.81088170001749
20260809,2,76,576,0.0003,0.00038133858291332286,2.0800249410074045e-06,3.2980035174570888e-09,1.9505617725186466e-06,1.8428583230482454e-06,8.948002462340172e-09,2.276095267942261e-12,7.853483826726172e-09,7.575464559684338e-09,0.0003872397051803587,True,49.212258600018686
20260809,2,77,577,0.0003,0.00037359731336377236,2.031015642371966e-06,3.267268240515241e-09,1.9036202734256508e-06,1.7991201775381347e-06,8.759674706650106e-09,2.2547622653453806e-12,7.690506587619079e-09,7.414675234693256e-09,0.00037935820383663984,True,49.70391500002006
20260809,2,78,578,0.0003,0.00036600502368666356,1.9822194498191833e-06,3.236978828578736e-09,1.8569348590409014e-06,1.7556514575248732e-06,8.56673371263521e-09,2.235037544633506e-12,7.52357108983906e-09,7.250262340599339e-09,0.00037162640923405773,True,50.18481619999511
20260809,2,79,579,0.0003,0.0003585543921130343,1.9349557093216365e-06,3.207563051386289e-09,1.8116954796419838e-06,1.7134915135493333e-06,8.38397237615146e-09,2.2151671548618127e-12,7.3651948579489064e-09,7.094278581095873e-09,0.000364040588039581,True,50.614931699994486
20260809,2,80,580,0.0003,0.00035124134229504893,1.8891668423026807e-06,3.178920040949682e-09,1.767847066292173e-06,1.6725940196814324e-06,8.210771985612235e-09,2.1947111794183048e-12,7.214859830435259e-09,6.946225987993605e-09,0.0003565965031958814,True,50.97770620000665
20260809,2,81,581,0.0003,0.00034406614956217273,1.8437614180922455e-06,3.1507144252980815e-09,1.7244107304588777e-06,1.6320979729262547e-06,8.034926592171879e-09,2.175146104654545e-12,7.062321372777988e-09,6.796168157631765e-09,0.0003492914659893441,True,51.350849200011
20260809,2,82,582,0.0003,0.0003370248481042025,1.7985872369356892e-06,3.122991555887368e-09,1.6812573827779592e-06,1.5918822908257035e-06,7.8548164116636e-09,2.15734048944682e-12,6.9062948016592156e-09,6.6427839836234535e-09,0.0003421211040588352,True,51.72827360001975
20260809,2,83,583,0.0003,0.00033011311852601717,1.7544395097735653e-06,3.0960000536454984e-09,1.6390947985717653e-06,1.5525715766047324e-06,7.67952760005014e-09,2.1401166646741005e-12,6.754369261818892e-09,6.4934653506617305e-09,0.00033508324991335,True,52.09587809999357
20260809,2,84,584,0.0003,0.00032332627140426465,1.7115804051294036e-06,3.0697481366660635e-09,1.5981420720371855e-06,1.5143698492576736e-06,7.512192912527285e-09,2.122336447232112e-12,6.609016762135022e-09,6.350754861794482e-09,0.00032817390756569845,True,52.487423900020076
20260809,2,85,585,0.0003,0.0003166636009756307,1.669486065861744e-06,3.0441303303723425e-09,1.557928929848129e-06,1.4768627174332615e-06,7.347056688237711e-09,2.1049194992393444e-12,6.465393088251142e-09,6.2099592928468375e-09,0.00032139094733309306,True,52.86863410001388
20260809,2,86,586,0.0003,0.00031012270007348255,1.627775101405504e-06,3.019144036575576e-09,1.5181238332680263e-06,1.4397483456364782e-06,7.1799408167230895e-09,2.0891711869775457e-12,6.320108527849374e-09,6.067673183946385e-09,0.00031473093630952876,True,53.2679551000183
20260809,2,87,587,0.0003,0.00030370074515349247,1.5866791867342553e-06,2.9948109942114755e-09,1.4789312023485022e-06,1.4032070742018977e-06,7.013594616391944e-09,2.0744764643890283e-12,6.175480387036357e-09,5.926134679975002e-09,0.0003081916747119311,True,53.77163920001476
20260809,2,88,588,0.0003,0.000297393758937954,1.546636968781771e-06,2.9711006929260135e-09,1.4407342362158686e-06,1.367582304531133e-06,6.853081857862452e-09,2.0594366593954462e-12,6.0357090724336545e-09,5.7894674138420154e-09,0.00030177036386595655,True,54.19892130000517
20260809,2,89,589,0.0003,0.00029119940667151505,1.5076588436300937e-06,2.9480037495314755e-09,1.4035453099509018e-06,1.3328813242473971e-06,6.698570523368438e-09,2.0442937779671406e-12,5.900985463260012e-09,5.657808678170324e-09,0.0002954646995620515,True,54.60319080000045
20260809,2,90,590,0.0003,0.0002851166555585372,1.4692689377361472e-06,2.9255178874783188e-09,1.366943533925975e-06,1.2987286440953697e-06,6.5447378182114714e-09,2.0303107757928652e-12,5.76686588492221e-09,5.526825657931245e-09,0.00028927236265185405,True,55.008915600017644
20260809,2,91,591,0.0003,0.00027914374328689306,1.4312634808291096e-06,2.903608988031047e-09,1.330739825833534e-06,1.2649625889799144e-06,6.389347563424384e-09,2.0174593550484895e-12,5.631379531329063e-09,5.394698161184106e-09,0.00028319103023423885,True,55.36394939999445
20260809,2,92,592,0.0003,0.0002732774994070905,1.3941018838232911e-06,2.8822681502127373e-09,1.2953395031230344e-06,1.2319442816187235e-06,6.237601889416186e-09,2.0045672017409238e-12,5.49886448238795e-09,5.265659847857111e-09,0.00027721877147459273,True,55.74279010001919
20260809,2,93,593,0.0003,0.0002675149503753853,1.358049093942648e-06,2.8615182681444166e-09,1.2609832619224765e-06,1.199881806121703e-06,6.092517374138408e-09,1.991398324620467e-12,5.371931094953167e-09,5.142164972674408e-09,0.0002713533346604803,True,56.13485220001894
20260809,2,94,594,0.0003,0.0002618557158954202,1.3226172932590165e-06,2.841366562331256e-09,1.2272369695022643e-06,1.16838927908683e-06,5.948711173944093e-09,1.9789212950114823e-12,5.246074097831199e-09,5.019832445693195e-09,0.00026559301740046947,True,56.595673700008774
20260809,2,95,595,0.0003,0.00025629851721333056,1.2874921620340561e-06,2.8218057976192374e-09,1.1938165019118197e-06,1.1372170740976326e-06,5.802780503748031e-09,1.967500278860398e-12,5.118398054556922e-09,4.895893122529825e-09,0.00025993568379635286,True,56.99813320001704
20260809,2,96,596,0.0003,0.00025084057609830405,1.2531351718138796e-06,2.8028200152903112e-09,1.1611325440676793e-06,1.1067276245896804e-06,5.659994018112529e-09,1.956306583036135e-12,4.993354415266224e-09,4.774633435143584e-09,0.00025437980419696575,True,57.39590780000435
20260809,2,97,597,0.0003,0.000245479170740765,1.219824136386239e-06,2.784368231745298e-09,1.1294312992929132e-06,1.0771387617996365e-06,5.523550799324918e-09,1.944838435132423e-12,4.87364098990171e-09,4.658653939007142e-09,0.00024892340709704224,True,57.88864980000653
20260809,2,98,598,0.0003,0.0002402140574363476,1.1871187679250197e-06,2.766453320663431e-09,1.0983164503760152e-06,1.0481019895643682e-06,5.388611948348128e-09,1.9337760280606082e-12,4.7551354817840225e-09,4.544014044748953e-09,0.00024356505079278456,True,58.30537459999323
20260809,2,99,599,0.0003,0.00023504409779158273,1.1547661009658179e-06,2.7491216038023597e-09,1.0675628778509188e-06,1.0194165941931553e-06,5.252434735794566e-09,1.9236783206767975e-12,4.6355296343374905e-09,4.428479062579261e-09,0.00023830291085330746,True,58.694435900019016
20260809,2,100,600,0.0003,0.00022996697607241814,1.1231186684780597e-06,2.732336354968451e-09,1.0374862543217697e-06,9.913593754446314e-07,5.119055204306947e-09,1.9139448093286673e-12,4.5182703808308235e-09,4.315330091146633e-09,0.00023313562727663863,True,59.153121600014856
20260809,2,101,601,0.0003,0.0002249805426888058,1.0923566420220095e-06,2.7160000600107604e-09,1.008243653580464e-06,9.64070861185515e-07,4.9905993496900326e-09,1.9039302053768126e-12,4.405144876358794e-09,4.206294543661644e-09,0.00022806153378835368,True,59.570324600004824
20260809,2,102,602,0.0003,0.00022008423756899096,1.0622037413556425e-06,2.7001387686779704e-09,9.795873732144526e-07,9.373316794738073e-07,4.8640805770751565e-09,1.8941189207879905e-12,4.293625795448276e-09,4.098940941075997e-09,0.00022307931904323608,True,59.9446392999962
20260809,2,103,603,0.0003,0.00021527692613000933,1.0325072679476321e-06,2.6848425645390145e-09,9.513840073338806e-07,9.110202828833949e-07,4.737873104437988e-09,1.8851481630385653e-12,4.182370920839348e-09,3.9919452187522e-09,0.00021818743660513099,True,60.34266920000664
20260809,2,104,604,0.0003,0.00021055690364959966,1.0034340917916475e-06,2.6700577326380955e-09,9.237798322590695e-07,8.852672042433742e-07,4.6139164305432725e-09,1.876593335855877e-12,4.073005200002611e-09,3.886883615247891e-09,0.00021338463051746552,True,60.762308300007135
20260809,2,105,605,0.0003,0.0002059224295900424,9.75101267780773e-07,2.6556749861017334e-09,8.96873998221992e-07,8.601636881642335e-07,4.4935866968475545e-09,1.8678255376198656e-12,3.966650923058113e-09,3.784873860512166e-09,0.00020866947119850142,True,61.213624099997105
20260809,2,106,606,0.0003,0.00020137259424080734,9.473960154345571e-07,2.641746158360158e-09,8.705678727594824e-07,8.356199865145724e-07,4.37567522925937e-09,1.8592012725246623e-12,3.862310889421846e-09,3.684931186542939e-09,0.00020404074463818085,True,61.69020880002063
20260809,2,107,607,0.0003,0.00019690646946417178,9.201629569661254e-07,2.6283714716602634e-09,8.447264558453701e-07,8.115127036498613e-07,4.258501990499331e-09,1.8512823727115102e-12,3.758603514627935e-09,3.585687974106133e-09,0.0001994971045968664,True,62.09139040001901
20260809,2,108,608,0.0003,0.00019252276987375796,8.934471560473682e-07,2.6154874988996505e-09,8.19387080314109e-07,7.878762543598814e-07,4.142643368174022e-09,1.8437210953527187e-12,3.6560010423241135e-09,3.4876122926321398e-09,0.00019503738395240243,True,62.49402149999514
20260809,2,109,609,0.0003,0.0001882197751207605,8.674184343161428e-07,2.6029796508078526e-09,7.94698072312078e-07,7.648435109123639e-07,4.030070417207211e-09,1.8359738674528604e-12,3.5561620443443636e-09,3.392306151182673e-09,0.00019066031849253846,True,62.94777719999547
20260809,2,110,610,0.0003,0.00018399647388175948,8.420328217922402e-07,2.5908866853940787e-09,7.706214061724693e-07,7.423787997301385e-07,3.9203641460772605e-09,1.828339332239473e-12,3.4587529815657382e-09,3.299427172590598e-09,0.00018636477816877926,True,63.36407280000276
20260809,2,111,611,0.0003,0.00017985220519739508,8.170881998307261e-07,2.579295397959019e-09,7.469770346469264e-07,7.203215145976907e-07,3.8113489114179054e-09,1.8213056709933463e-12,3.3619299985045714e-09,3.2072040643429333e-09,0.0001821495535461483,True,63.781363799993414
20260809,2,112,612,0.0003,0.0001757857418630742,7.92636292204141e-07,2.568144616690451e-09,7.238086475581855e-07,6.987112974506402e-07,3.703685273919382e-09,1.8145913170946488e-12,3.266242397423036e-09,3.116171508076954e-09,0.0001780135541586746,True,64.31614540002192
20260809,2,113,613,0.0003,0.00017179542820968535,7.688636900433602e-07,2.557327034674956e-09,7.012812606781111e-07,6.776943276514802e-07,3.599534013763203e-09,1.8077369264699484e-12,3.1735358425979397e-09,3.0280837687192214e-09,0.000173955627776455,True,64.7845071000047
20260809,2,114,614,0.0003,0.00016788047189906564,7.456719275792072e-07,2.5468893964788537e-09,6.793077055301208e-07,6.571918479062608e-07,3.497873226125362e-09,1.8009953480144954e-12,3.0829589643216367e-09,2.942107750285304e-09,0.00016997471501041381,True,65.16191350002191
20260809,2,115,615,0.0003,0.00016404021827800286,7.228915204134874e-07,2.536923949493168e-09,6.577375465841394e-07,6.370690828971684e-07,3.3968838876616366e-09,1.7947764259010854e-12,2.9929741348474375e-09,2.8567632312289626e-09,0.00016606970176787734,True,65.6476634000137
20260809,2,116,616,0.0003,0.0001602733446211058,7.006326922862727e-07,2.527363289459951e-09,6.366676205882209e-07,6.174121487371665e-07,3.2978552875890265e-09,1.7888255142169256e-12,2.904676377493768e-09,2.7730976120776053e-09,0.0001622395618641096,True,66.12174500001129
20260809,2,117,617,0.0003,0.00015657849167948092,6.790024133778895e-07,2.518100949404341e-09,6.161905993228169e-07,5.983046424071221e-07,3.2020340112711903e-09,1.7827658289046327e-12,2.819112235088837e-09,2.6921235122923108e-09,0.0001584832224880626,True,66.5952312000154
20260809,2,118,618,0.0003,0.00015295499900923735,6.578745957269967e-07,2.5091935952192327e-09,5.961942680677748e-07,5.796462532431587e-07,3.1080658740518173e-09,1.7768456514243105e-12,2.7351310601227052e-09,2.6127391431554977e-09,0.00015479968103279348,True,67.03207240000484
20260809,2,119,619,0.0003,0.00014940202850607687,6.371729370414637e-07,2.500722353714469e-09,5.76612745895013e-07,5.613760073411381e-07,3.01515322016006e-09,1.7713745593320378e-12,2.6520778699129682e-09,2.5342948698590173e-09,0.00015118789421604269,True,67.47436789999483
20260809,2,120,620,0.0003,0.00014591837004277646,6.169838857047842e-07,2.4926099769170044e-09,5.57521963371991e-07,5.435612841797118e-07,2.9243194481038505e-09,1.7660647027856266e-12,2.5708271980661107e-09,2.4576209858898612e-09,0.00014764688431970663,True,68.01501890001236
20260809,2,121,621,0.0003,0.00014250293190306798,5.973377848809156e-07,2.484774449518149e-09,5.389465478521293e-07,5.262250672621544e-07,2.835969342468536e-09,1.760631857152986e-12,2.4917119791051597e-09,2.383044828473744e-09,0.00014417563856429462,True,68.53291270000045
20260809,2,122,622,0.0003,0.00013915494923013615,5.781623677957485e-07,2.4772842651037692e-09,5.208229476662944e-07,5.093094048630692e-07,2.749365291544077e-09,1.755361569265115e-12,2.414116972178242e-09,2.30996531539861e-09,0.00014077319643766707,True,69.0614695000113
20260809,2,123,623,0.0003,0.00013587354029805755,5.594182175887288e-07,2.470192636620852e-09,5.031165224576191e-07,4.927822817364328e-07,2.6641359140097283e-09,1.7504802473175665e-12,2.3377359004922285e-09,2.238079110441575e-09,0.00013743856921388215,True,69.4901904000144
20260809,2,124,624,0.0003,0.000132657653654639,5.411466306053833e-07,2.4634086534456447e-09,4.858611723815182e-07,4.766753438239933e-07,2.580807791847298e-09,1.745696727508237e-12,2.263000156465199e-09,2.167812561147086e-09,0.0001341708135763095,True,69.96937060001073
20260809,2,125,625,0.0003,0.00012950623337948652,5.2338231432901e-07,2.45687144736009e-09,4.690864157800494e-07,4.610151190256084e-07,2.499829631523528e-09,1.740837624389348e-12,2.190290722110754e-09,2.099528563177438e-09,0.000130968965489823,True,70.36831059999531
20260809,2,126,626,0.0003,0.000126418500607259,5.060683764200372e-07,2.450659616381e-09,4.5274350916524775e-07,4.4575592143257127e-07,2.4206254510729756e-09,1.736183822006029e-12,2.119140917990176e-09,2.0327574826158804e-09,0.00012783209333392873,True,70.74925370002165
20260809,2,127,627,0.0003,0.00012339364794310045,4.891544368382148e-07,2.4448069838446666e-09,4.36788047672451e-07,4.308571889352823e-07,2.342689111595918e-09,1.73183497118814e-12,2.049127564182447e-09,1.9670868122380734e-09,0.00012475925305885323,True,71.13115970001672
20260809,2,128,628,0.0003,0.00012043059845343813,4.726998314974858e-07,2.439215970370471e-09,4.2127064946184465e-07,4.163649829656678e-07,2.2667339667793464e-09,1.7275003414733811e-12,1.980849135464088e-09,1.9030950808261162e-09,0.0001217495255390169,True,71.50885630000266
20260809,2,129,629,0.0003,0.00011752837067045984,4.567264019315576e-07,2.4338555409582413e-09,4.0620977125886454e-07,4.0229580855202734e-07,2.193054694554018e-09,1.7231301327707633e-12,1.9145561253049385e-09,1.8410207232088563e-09,0.00011880198686241644,True,71.93186740000965
20260809,2,130,630,0.0003,0.00011468627789198855,4.411510733896348e-07,2.428811574841202e-09,3.915324031568197e-07,3.885833374750422e-07,2.120778173919845e-09,1.7190010910240871e-12,1.8495118719210728e-09,1.7801535133762647e-09,0.00011591572568014518,True,72.33136620000005
20260809,2,131,631,0.0003,0.00011190343025704389,4.259678355900564e-07,2.424077887849967e-09,3.7723273431103734e-07,3.752220476058861e-07,2.0498919445766966e-09,1.7151024638462769e-12,1.7857073459356164e-09,1.7204821584048074e-09,0.0001130898347489901,True,72.72665190001135
20260809,2,132,632,0.0003,0.0001091787613342602,4.112388088625159e-07,2.4195590253325712e-09,3.633642030516679e-07,3.622601749773739e-07,1.9811448222613476e-09,1.7111724911598484e-12,1.7237776892600235e-09,1.6626133640100442e-09,0.00011032341332722511,True,73.10454110000865
20260809,2,133,633,0.0003,0.00010651147075101073,3.969300935285781e-07,2.4152735875899457e-09,3.4989681239599537e-07,3.496701521707264e-07,1.9142167623178197e-09,1.7072670470473564e-12,1.6634565504379641e-09,1.6062856118834066e-09,0.00010761556874888531,True,73.5616294000065
20260809,2,134,634,0.0003,0.00010390080767323076,3.829888964755e-07,2.4112934083403998e-09,3.3678473929209986e-07,3.3740952378361365e-07,1.8485769754804791e-09,1.7036037883926528e-12,1.6043039460414134e-09,1.5510664127526565e-09,0.00010496540777712836,True,74.12983109999914
20260809,2,135,635,0.0003,0.00010134581405954717,3.694450227764071e-07,2.4075678634455424e-09,3.240530335129643e-07,3.2550103419775884e-07,1.7846139841137645e-09,1.7000733265751346e-12,1.5466470757144917e-09,1.4972699815965027e-09,0.0001023720509490125,True,74.542746000021
20260809,2,136,636,0.0003,9.884556511430436e-05,3.563150560234626e-07,2.404026887134841e-09,3.1171432445442893e-07,3.1395697809180877e-07,1.7225677696516879e-09,1.6965016188702912e-12,1.4906788398579388e-09,1.4450899184463723e-09,9.983461553279076e-05,True,74.91223260000697
20260809,2,137,637,0.0003,9.639928719555045e-05,3.43563566004105e-07,2.4007144026264277e-09,2.9973753929664796e-07,3.0274862900342793e-07,1.6620987931598778e-09,1.693032361354494e-12,1.436116632856268e-09,1.3942492227405719e-09,9.735223180193837e-05,True,75.30391879999661
20260809,2,138,638,0.0003,9.400615559846615e-05,3.3117274106768403e-07,2.3976668175749905e-09,2.881074369505839e-07,2.918611760769575e-07,1.6030642383576642e-09,1.6897843791160138e-12,1.3828492902350305e-09,1.3446305553493554e-09,9.492402685324727e-05,True,75.74650390000897
20260809,2,139,639,0.0003,9.166527329889602e-05,3.191568374872548e-07,2.3948224127756926e-09,2.768352866444116e-07,2.813050901279012e-07,1.545677646921235e-09,1.6865876310863748e-12,1.3310542596301541e-09,1.2964058450089365e-09,9.254914015990756e-05,True,76.18049300002167
20260809,2,140,640,0.0003,8.937576801897397e-05,3.075203232836517e-07,2.3921502060566296e-09,2.659241834293065e-07,2.7108313654972603e-07,1.4900430147954625e-09,1.6833717179548782e-12,1.280819308055962e-09,1.249658125077783e-09,9.022671001626235e-05,True,76.59380250002141
20260809,2,141,641,0.0003,8.713686395170196e-05,2.962345210723274e-07,2.389705836723802e-09,2.553493242664062e-07,2.611719527310797e-07,1.4358943549240857e-09,1.6803096334991062e-12,1.2319265098838333e-09,1.2041702572449057e-09,8.795588312704019e-05,True,77.03326310002012
20260809,2,142,642,0.0003,8.494775566668267e-05,2.852831233963102e-07,2.387491287190495e-09,2.450956852547494e-07,2.5155792563485215e-07,1.3831020585797762e-09,1.6774157774714872e-12,1.1842636063459482e-09,1.1598359324418722e-09,8.573580877126891e-05,True,77.51512970001204
20260809,2,143,643,0.0003,8.280754078305048e-05,2.7468824370507013e-07,2.385435262959772e-09,2.351809837823875e-07,2.422577582328774e-07,1.3319650141583515e-09,1.6745249927468806e-12,1.138076477364961e-09,1.1168965555544465e-09,8.356564181660585e-05,True,78.0275171000103
20260809,2,144,644,0.0003,8.071540398239192e-05,2.644411534724741e-07,2.3835447613121226e-09,2.2559731125653843e-07,2.3326382920032716e-07,1.282438777906008e-09,1.671674240917707e-12,1.0933311096593817e-09,1.075314801801961e-09,8.144454257744619e-05,True,78.44586520001758
20260809,2,145,645,0.0003,7.867060516724153e-05,2.5450574948115125e-07,2.3818736159555494e-09,2.16313557962992e-07,2.24546919919004e-07,1.234172810746497e-09,1.6689968680374126e-12,1.0497383175032443e-09,1.0348049714413314e-09,7.937167365331718e-05,True,78.89203360001557
20260809,2,146,646,0.0003,7.667228940402818e-05,2.4489215739568335e-07,2.38038049892462e-09,2.073376201552461e-07,2.16114287035631e-07,1.187332087992046e-09,1.6663996662161786e-12,1.007436042025934e-09,9.954996769884595e-10,7.734620578332034e-05,True,79.33741639999789
20260809,2,147,647,0.0003,7.47196031881366e-05,2.356107968262931e-07,2.379017434441297e-09,1.9867730307002412e-07,2.0797342119838832e-07,1.1420845419577556e-09,1.663782229231073e-12,9.665616477810795e-10,9.575339439182655e-10,7.536731157058163e-05,True,79.84298149999813
20260809,2,148,648,0.0003,7.2811808232381e-05,2.266315843081027e-07,2.3778272569110984e-09,1.9030627549555252e-07,2.0009987123131835e-07,1.0981454102929783e-09,1.6612608615172707e-12,9.268767952007865e-10,9.206756238247019e-10,7.343417114976307e-05,True,80.26040490000742
20260809,2,149,649,0.0003,7.094811075897649e-05,2.1794634448821146e-07,2.3768197309124637e-09,1.822169449011459e-07,1.9248647431178837e-07,1.0554749351188512e-09,1.6588801635482252e-12,8.883490425226406e-10,8.848913386622755e-10,7.1545967716605e-05,True,80.6871150000079
20260809,2,150,650,0.0003,6.912767212293302e-05,2.0956655542654553e-07,2.375939061648865e-09,1.744179099624435e-07,1.8514156049792024e-07,1.0142523638463407e-09,1.656516450044293e-12,8.511245258055923e-10,8.503252730213777e-10,6.97018914465607e-05,True,81.09841219999362
20260809,2,151,651,0.0003,6.73497220054669e-05,2.0147963569835378e-07,2.375186717420895e-09,1.6689777160621447e-07,1.7805449458598494e-07,9.743874170358771e-10,1.654175084222973e-12,8.151278538996812e-10,8.169029890417311e-10,6.790113716650993e-05,True,81.54609010001877
20260809,2,152,652,0.0003,6.561350590056146e-05,1.9366883736645526e-07,2.374600935051292e-09,1.5964213249354246e-07,1.712113797559718e-07,9.357429408479126e-10,1.6519618413730214e-12,7.802489597447083e-10,7.84512104301237e-10,6.61429050070792e-05,True,82.0600408000173
20260809,2,153,653,0.0003,6.391823567934921e-05,1.8613291126034371e-07,2.3741567527445578e-09,1.526489780615626e-07,1.6461054234640153e-07,8.983532765505503e-10,1.6498254993598148e-12,7.465135807453256e-10,7.531793691451636e-10,6.44264019638222e-05,True,82.49755200001528
20260809,2,154,654,0.0003,6.226312213348578e-05,1.788728861620745e-07,2.3738155016462038e-09,1.4591796479873412e-07,1.5825210828350968e-07,8.622775686985057e-10,1.647684617101023e-12,7.139658043838069e-10,7.229516692659691e-10,6.275083975095868e-05,True,82.90270190002047
20260809,2,155,655,0.0003,6.064741878425801e-05,1.718762491392899e-07,2.3736011787014286e-09,1.3943799485061067e-07,1.5212554038474907e-07,8.274242422947717e-10,1.6456152100138671e-12,6.825304802633311e-10,6.937537043554651e-10,6.111543752385348e-05,True,83.31362709999667
20260809,2,156,656,0.0003,5.9070388259557034e-05,1.6512903825751575e-07,2.3735288034373484e-09,1.331966656770475e-07,1.4621915714999988e-07,7.93684856487553e-10,1.6436566944951284e-12,6.521173982149267e-10,6.654964857288135e-10,5.9519419591842164e-05,True,83.72008990001632
20260809,2,157,657,0.0003,5.75312534185441e-05,1.5863525663889545e-07,2.3735554710643524e-09,1.271962506491833e-07,1.4053543698115572e-07,7.611519773565794e-10,1.6417155574501822e-12,6.227997754771266e-10,6.382538923124104e-10,5.796201776564511e-05,True,84.09622840001248
20260809,2,158,658,0.0003,5.602926639105508e-05,1.5239017296648687e-07,2.373676103863923e-09,1.214319960639329e-07,1.3506998629590644e-07,7.298203613944392e-10,1.6397929308192371e-12,5.945723094134552e-10,6.120205181178556e-10,5.644247027546713e-05,True,84.53702079999493
20260809,2,159,659,0.0003,5.456372336001024e-05,1.4637487128691118e-07,2.3739247904485623e-09,1.1588748989162866e-07,1.298072465181707e-07,6.995244143186309e-10,1.6379717376299735e-12,5.672980438732955e-10,5.866610881871232e-10,5.4960022014015525e-05,True,84.9783102000074
20260809,2,160,660,0.0003,5.313387782510923e-05,1.4058969234552857e-07,2.3742755139532937e-09,1.1056194757485466e-07,1.247468411720738e-07,6.703137913465382e-10,1.6362070021343536e-12,5.410143749083841e-10,5.622147866054695e-10,5.3513925760875505e-05,True,85.44801370002097
20260809,2,161,661,0.0003,5.173898972143864e-05,1.3503510431292721e-07,2.374697824126226e-09,1.054546310850631e-07,1.198885004970948e-07,6.422389296749895e-10,1.6344432490683195e-12,5.157589324178461e-10,5.387214319098465e-10,5.2103441008895105e-05,True,85.97968489999766
20260809,2,162,662,0.0003,5.037836914913071e-05,1.2969546095018787e-07,2.3752193731121627e-09,1.0055196492138348e-07,1.1521927467060295e-07,6.151685226601242e-10,1.632747908968219e-12,4.914238036536811e-10,5.160736448996543e-10,5.072783536776512e-05,True,86.44227100000717
20260809,2,163,663,0.0003,4.905130617058723e-05,1.245655335360768e-07,2.3758407577737274e-09,9.584892778265013e-08,1.1073443174871711e-07,5.89087831516581e-10,1.6311338876690697e-12,4.67996399217141e-10,4.942584808874844e-10,4.9386383878257955e-05,True,86.95581470002071
20260809,2,164,664,0.0003,4.775708604122063e-05,1.19645184850382e-07,2.3765279083286727e-09,9.134430541332502e-08,1.0643325356550812e-07,5.640380590138354e-10,1.6295309117112023e-12,4.4550636233525656e-10,4.733082928851188e-10,4.8078369795203325e-05,True,87.3228444000124
20260809,2,165,665,0.0003,4.649502583552126e-05,1.1492521630825204e-07,2.3772865243895803e-09,8.702969798808735e-08,1.0230789955976664e-07,5.399580360207286e-10,1.627959266127405e-12,4.2390150005302896e-10,4.5317256506864736e-10,4.680308459596216e-05,True,87.75281170001836
20260809,2,166,666,0.0003,4.5264449984532504e-05,1.1039664979166589e-07,2.3781328156347674e-09,8.289701902158217e-08,9.835071415551557e-08,5.167889256003699e-10,1.6264684711641664e-12,4.031327266842793e-10,4.33802710438896e-10,4.555982785114809e-05,True,88.16012889999547
20260809,2,167,667,0.0003,4.406467705900388e-05,1.0605628563905617e-07,2.3790434722904255e-09,7.894255332159472e-08,9.455859127465342e-08,4.945358444413173e-10,1.6250118499317443e-12,3.8320006919896634e-10,4.1520191519414474e-10,4.434790809555215e-05,True,88.65624390001176
20260809,2,168,668,0.0003,4.289503392789863e-05,1.0190091155247044e-07,2.380003497345506e-09,7.516270128463069e-08,9.092842409440887e-08,4.732037115003921e-10,1.6235653086043859e-12,3.641046101352718e-10,3.9737319509926096e-10,4.316664227340953e-05,True,89.09221790000447
20260809,2,169,669,0.0003,4.1754874667885416e-05,9.792025701319866e-08,2.381034163740176e-09,7.154846007898631e-08,8.745156683510926e-08,4.5271719715900807e-10,1.6221828671833222e-12,3.4578465656160065e-10,3.802546402455129e-10,4.201535636465329e-05,True,89.52353330000187
20260809,2,170,670,0.0003,4.064355186074699e-05,9.41081681906578e-08,2.3821290352112184e-09,6.809392512334317e-08,8.412262306785232e-08,4.3304592372133864e-10,1.6208536078921334e-12,3.2821262244955066e-10,3.638207447058913e-10,4.089338540630853e-05,True,90.04429230000824
20260809,2,171,671,0.0003,3.956041230630004e-05,9.046424277904111e-08,2.3832607568645144e-09,6.4797658367815e-08,8.094073145882929e-08,4.142239650723775e-10,1.6195296319281104e-12,3.1141175558846076e-10,3.4809816600474466e-10,3.980007355307888e-05,True,90.46086570000625
20260809,2,172,672,0.0003,3.850483538011302e-05,8.697911986696523e-08,2.3844430443991624e-09,6.165133945623663e-08,7.789799818512389e-08,3.9618320499910554e-10,1.6182469891195035e-12,2.9532511189419054e-10,3.3303093200063515e-10,3.873477443816162e-05,True,90.89494749999722
20260809,2,173,673,0.0003,3.7476203584049424e-05,8.364577971851903e-08,2.3856814891363926e-09,5.864854291980088e-08,7.498838146985247e-08,3.788812757061625e-10,1.6170241140741807e-12,2.7991664620693085e-10,3.1858393099476123e-10,3.769685096852375e-05,True,91.28108320001047
20260809,2,174,674,0.0003,3.64738929693092e-05,8.046349319694339e-08,2.3869500466815143e-09,5.578763837422188e-08,7.221079206246224e-08,3.623464430324543e-10,1.6158135047228351e-12,2.65205337250595e-10,3.047791674979877e-10,3.66856757897508e-05,True,91.67612150000059
20260809,2,175,675,0.0003,3.549730605986259e-05,7.742497863914792e-08,2.3882524966118528e-09,5.3062002943064695e-08,6.955900318104788e-08,3.4653169922817397e-10,1.6146256952070642e-12,2.511511640355353e-10,2.915777903920103e-10,3.570063117240181e-05,True,92.1526925000071
20260809,2,176,676,0.0003,3.4545854023049615e-05,7.452331430383392e-08,2.3896007279944347e-09,5.0465394704178884e-08,6.702708670835928e-08,3.31393551714414e-10,1.6134941064806495e-12,2.3771761018633927e-10,2.7894382256926954e-10,3.474110908797256e-05,True,92.5800269000174
20260809,2,177,677,0.0003,3.361894794416412e-05,7.175556214169054e-08,2.3909770877528328e-09,4.7994452535531245e-08,6.461225277638125e-08,3.169325315783283e-10,1.6123872051406478e-12,2.2490098862435825e-10,2.6687688633096606e-10,3.3806511511499215e-05,True,93.0077962000214
20260809,2,178,678,0.0003,3.271601280428883e-05,6.911717097559514e-08,2.3923732099799774e-09,4.564463393574702e-08,6.231045555650146e-08,3.0313007985629796e-10,1.6112923770335143e-12,2.1268302726205056e-10,2.553611959525634e-10,3.28962502235621e-05,True,93.43972180000856
20260809,2,179,679,0.0003,3.183648841215105e-05,6.660163773030217e-08,2.393801585765207e-09,4.3410108693695054e-08,6.011613076096764e-08,2.899449887042322e-10,1.6102435744061605e-12,2.0102941218098707e-10,2.4436269770563875e-10,3.200974703826395e-05,True,93.94681429999764
20260809,2,180,680,0.0003,3.0979819913991433e-05,6.420433090135193e-08,2.3952553333214606e-09,4.128638464336143e-08,5.802519307180356e-08,2.773560563694586e-10,1.6092280275433603e-12,1.899204267805651e-10,2.338635153517211e-10,3.114643382716781e-05,True,94.38927189999959
20260809,2,181,681,0.0003,3.0145456919265604e-05,6.192279352363395e-08,2.3967186170413925e-09,3.927058645524271e-08,5.603527556019443e-08,2.653662860741146e-10,1.608218563826144e-12,1.7935487012343994e-10,2.2386533044635038e-10,3.0305752488126926e-05,True,94.79906809999375
20260809,2,182,682,0.0003,2.9332869239677758e-05,5.975058475518325e-08,2.398202306661579e-09,3.735698069963741e-08,5.41409004352024e-08,2.539323046173084e-10,1.6072427445579383e-12,1.6929646789877915e-10,2.143323976534037e-10,2.9487155076287353e-05,True,95.23359190000338
20260809,2,183,683,0.0003,2.854153290983683e-05,5.768278027800482e-08,2.3997061213601226e-09,3.5540935164399304e-08,5.233779142384445e-08,2.430270190210141e-10,1.6063040577319448e-12,1.597210583716787e-10,2.0524214462786765e-10,2.869010371935052e-05,True,95.60597830000916
20260809,2,184,684,0.0003,2.7770926344324714e-05,5.5717520301500486e-08,2.401212137275265e-09,3.382003369980364e-08,5.062408482060567e-08,2.3265782073063233e-10,1.6053724817480088e-12,1.5063054159872196e-10,1.9659984933164192e-10,2.7914070688868042e-05,True,96.05466660001548
20260809,2,185,685,0.0003,2.702054790266073e-05,5.384902038030726e-08,2.4027277103916435e-09,3.2189122367765086e-08,4.899485270083699e-08,2.227861967782936e-10,1.6044653580956608e-12,1.419927076309092e-10,1.883737637079972e-10,2.7158538382953504e-05,True,96.50276659999508
20260809,2,186,686,0.0003,2.6289902411284518e-05,5.20728852369415e-08,2.4042565354564868e-09,3.0644116442210276e-08,4.7446268841214194e-08,2.1338892725596184e-10,1.6035952316144377e-12,1.3378733276736004e-10,1.8054450490057797e-10,2.6422999262700497e-05,True,96.90783080001711
20260809,2,187,687,0.0003,2.557850032139105e-05,5.0386532037212086e-08,2.405784435492234e-09,2.9182148681220097e-08,4.597593676573291e-08,2.0446255778037913e-10,1.6027361505568116e-12,1.260081287751059e-10,1.7310864292904844e-10,2.570695590537634e-05,True,97.3406651999976
20260809,2,188,688,0.0003,2.4885866555799888e-05,4.878558120703349e-08,2.4073124178806144e-09,2.779913800727821e-08,4.458006590192714e-08,1.9598217455912349e-10,1.601893500575812e-12,1.1863305637672753e-10,1.6604545886641802e-10,2.5009920915917313e-05,True,97.8646512000123
20260809,2,189,689,0.0003,2.4211535842462465e-05,4.7265685118115386e-08,2.408846372218535e-09,2.6491099262639818e-08,4.3254903678337275e-08,1.8792256008101726e-10,1.6010848359963608e-12,1.1164034581779832e-10,1.5933401793440467e-10,2.4331416874902445e-05,True,98.34990349999862
20260809,2,190,690,0.0003,2.355504955268849e-05,4.58238424116392e-08,2.4103760979908495e-09,2.525494739667205e-08,4.199776027437395e-08,1.8027292721579217e-10,1.6002910583245066e-12,1.050183715049897e-10,1.529650356933761e-10,2.367097633549464e-05,True,98.82061720002093
20260809,2,191,691,0.0003,2.291595871604322e-05,4.4457096959967635e-08,2.411897187868658e-09,2.408770361837149e-08,4.080599280469233e-08,1.73022547896813e-10,1.5995077206607416e-12,9.875612595044408e-11,1.4692929365883902e-10,2.3028141714089347e-05,True,99.24115539999912
20260809,2,192,692,0.0003,2.2293828219924153e-05,4.316082749807953e-08,2.4134185220059326e-09,2.2985322982778388e-08,3.9675668770110124e-08,1.6614047440692986e-10,1.5987544655108538e-12,9.282812205862213e-11,1.4120130245866656e-10,2.2402465226350516e-05,True,99.68343610002194
20260809,2,193,693,0.0003,2.16882276736906e-05,4.193244930092904e-08,2.414932064332974e-09,2.1945115153807157e-08,3.860445858567835e-08,1.5961850913021446e-10,1.5980178929883531e-12,8.722503865225422e-11,1.357739172948695e-10,2.179350884427832e-05,True,100.0858384000021
20260809,2,194,694,0.0003,2.1098736441418322e-05,4.076931261027829e-08,2.4164316122686057e-09,2.096436420858723e-08,3.7589992996361413e-08,1.5344696466378871e-10,1.5972891581014298e-12,8.193646321550018e-11,1.3063880915643206e-10,2.1200844162372017e-05,True,100.48149910001666
20260809,2,195,695,0.0003,2.0524947097632825e-05,3.9667244744962776e-08,2.4179254636945656e-09,2.0039428766828257e-08,3.6628725629841515e-08,1.4759756698183143e-10,1.5965867399740424e-12,7.693908882381953e-11,1.2577270990549614e-10,2.06240523281906e-05,True,100.96824630000629
20260809,2,196,696,0.0003,1.9966456976265383e-05,3.8623975631557504e-08,2.4194076025331994e-09,1.9167933290958023e-08,3.571860591206167e-08,1.4206354509204912e-10,1.5959024494809416e-12,7.222503282291251e-11,1.211696841814591e-10,2.006272395286704e-05,True,101.43120740001905
20260809,2,197,697,0.0003,1.9422873638167083e-05,3.763685909185493e-08,2.4208724190986334e-09,1.8347272747186675e-08,3.485729929181158e-08,1.368328239516161e-10,1.5952257036811942e-12,6.778251946975848e-11,1.168195409452884e-10,1.95164589718271e-05,True,101.95006900001317
20260809,2,198,698,0.0003,1.889381511089358e-05,3.6702708136296244e-08,2.422325446436381e-09,1.7574579117177742e-08,3.404206128599188e-08,1.3188650106568438e-10,1.5945705643444272e-12,6.359551488281368e-11,1.1270661648930022e-10,1.8984866568082486e-05,True,102.36832420001156
20260809,2,199,699,0.0003,1.8378907183919598e-05,3.58188883215759e-08,2.4237645973345864e-09,1.684733246019534e-08,3.3270588166462205e-08,1.27211237458488e-10,1.5939342520784483e-12,5.965161850357696e-11,1.0881973698589783e-10,1.8467565033992364e-05,True,102.82559350001975
20260809,2,200,700,0.0003,1.787778318709145e-05,3.4983354076980336e-08,2.425182773777801e-09,1.6163391546860742e-08,3.2541044731745656e-08,1.2279993050460062e-10,1.5933047339764731e-12,5.594270788429532e-11,1.0515275794241133e-10,1.7964181648921883e-05,True,103.21937040000921
20260809,2,201,701,0.0003,1.73900871974373e-05,3.419324659166454e-08,2.4265846933335285e-09,1.5520189812896762e-08,3.1850973072926215e-08,1.1863531920461125e-10,1.5926937566911214e-12,5.245412190411711e-11,1.0169138967934624e-10,1.747435256513267e-05,True,103.60587759999908
20260809,2,202,702,0.0003,1.6915471111730447e-05,3.3446068291571176e-08,2.4279702884879983e-09,1.4915410859849155e-08,3.1198206004626135e-08,1.1470356784140476e-10,1.592101787819829e-12,4.9173572112251133e-11,9.842411545113739e-11,1.6997722660532178e-05,True,104.04922610000358
20260809,2,203,703,0.0003,1.6453593261885198e-05,3.274021372907888e-08,2.4293321452145705e-09,1.4347290866126346e-08,3.0581279438696205e-08,1.1100083267237007e-10,1.5915164279289506e-12,4.6095585267660045e-11,9.534746087248747e-11,1.6533945413459557e-05,True,104.41437370001222
20260809,2,204,704,0.0003,1.600412311666045e-05,3.207292853301502e-08,2.4306753180574986e-09,1.3813444470939291e-08,2.999784547874104e-08,1.0750893330501743e-10,1.5909475916722146e-12,4.320521245046532e-11,9.244645079237451e-11,1.6082682762005342e-05,True,104.8038693999988
20260809,2,205,705,0.0003,1.556673650177439e-05,3.1442263299584495e-08,2.4319991697095865e-09,1.3311988524115387e-08,2.9446191514152234e-08,1.0421870303311325e-10,1.5903962336819252e-12,4.0493688399066815e-11,8.971336664810038e-11,1.5643604960436268e-05,True,105.21917779999785
20260809,2,206,706,0.0003,1.5141116965419573e-05,3.084645255086118e-08,2.4332984649623124e-09,1.2841153035367138e-08,2.8924756006831434e-08,1.0112236476457263e-10,1.5898521572664309e-12,3.795300476429887e-11,8.714161803285873e-11,1.5216390432317315e-05,True,105.65428390001762
20260809,2,207,707,0.0003,1.472695668529381e-05,3.028344370631816e-08,2.4345759226481527e-09,1.2399072158044368e-08,2.843176399794446e-08,9.820827801012974e-11,1.5893223939398096e-12,3.5573045190799263e-11,8.472153341348821e-11,1.4800725633257771e-05,True,106.13282990001608
20260809,2,208,708,0.0003,1.4323955466257044e-05,2.9751271190750053e-08,2.435832810995498e-09,1.1983961624932987e-08,2.7965516595378497e-08,9.546513107840143e-11,1.5888097692059793e-12,3.334396944500807e-11,8.244372158277229e-11,1.4396304890110975e-05,True,106.56386439999915
20260809,2,209,709,0.0003,1.3931819454961159e-05,2.924855394325798e-08,2.4370637693159778e-09,1.159436962526851e-08,2.7524776204569182e-08,9.288803334844177e-11,1.588304609706485e-12,3.126005158891153e-11,8.030395323597446e-11,1.4002830258846353e-05,True,107.01285850000568
20260809,2,210,710,0.0003,1.3550263400940088e-05,2.8773444675528173e-08,2.4382714069631184e-09,1.1228644319766045e-08,2.710795219632204e-08,9.046599852733289e-11,1.5878127917961108e-12,2.931188340206658e-11,7.829312489185447e-11,1.3620011372358282e-05,True,107.41834230002132
20260809,2,211,711,0.0003,1.317900913501111e-05,2.832422341820299e-08,2.439457092062817e-09,1.0885235869870448e-08,2.671356065801623e-08,8.818895679614449e-11,1.5873371784351841e-12,2.7490730131946883e-11,7.64028833660425e-11,1.3247565281956737e-05,True,107.82476330001373
20260809,2,212,712,0.0003,1.2817784432427918e-05,2.7899734586995113e-08,2.4406157974211446e-09,1.0562904038562228e-08,2.6340561912817043e-08,8.605313067281387e-11,1.586868943010307e-12,2.579184308358746e-11,7.462993122060321e-11,1.2885216310537634e-05,True,108.23257620001095
20260809,2,213,713,0.0003,1.2466325372085078e-05,2.749827968333577e-08,2.4417505353737547e-09,1.0260184720483867e-08,2.5987503763057083e-08,8.404762783174586e-11,1.5864134901771455e-12,2.420624543938148e-11,7.296528648704339e-11,1.2532695896360578e-05,True,108.66499410002143
20260809,2,214,714,0.0003,1.2124374074275832e-05,2.7118543613696105e-08,2.4428617470990752e-09,9.975839289731264e-09,2.5653237929368008e-08,8.216578465533227e-11,1.5859727133587008e-12,2.2727749939497133e-11,7.140336852016786e-11,1.2189742439731555e-05,True,109.07952020000084
20260809,2,215,715,0.0003,1.1791679222623354e-05,2.6759310862621816e-08,2.4439463948381185e-09,9.708691479763904e-09,2.5336699504255294e-08,8.040151081820199e-11,1.5855397913084058e-12,2.1350403538730157e-11,6.993906463656804e-11,1.1856101147383615e-05,True,109.53337280001142
20260809,2,216,716,0.0003,1.1467996117345383e-05,2.6419359738545373e-08,2.445005815436594e-09,9.457607812834697e-09,2.503682595128457e-08,7.874837047625963e-11,1.5851185532730652e-12,2.00683398360189e-11,6.856699843977524e-11,1.153152388549079e-05,True,110.03657190001104
20260809,2,217,717,0.0003,1.1153086897462933e-05,2.6097301341987344e-08,2.4460420749464097e-09,9.221409659500468e-09,2.475243216628855e-08,7.719724505180051e-11,1.5847116946857794e-12,1.8874103671874298e-11,6.727965979244956e-11,1.1215769018425866e-05,True,110.42062479999731
20260809,2,218,718,0.0003,1.084671858595343e-05,2.5792390949453473e-08,2.447050738180651e-09,8.999230661635154e-09,2.4482836210263514e-08,7.574660604964526e-11,1.584312041013024e-12,1.7764866725583966e-11,6.607562141844188e-11,1.0908601265919197e-05,True,110.778381000011
20260809,2,219,719,0.0003,1.0548665748930252e-05,2.5503259688778668e-08,2.448035422954633e-09,8.789970823585997e-09,2.422688108541164e-08,7.438667939828362e-11,1.5839247715321633e-12,1.6733045407945115e-11,6.494687436304987e-11,1.0609791546474924e-05,True,111.19546280000941
20260809,2,220,720,0.0003,1.0258707689772952e-05,2.52291163812904e-08,2.4489952537497456e-09,8.592807165222514e-09,2.398386094778859e-08,7.311461257115206e-11,1.5835500068875996e-12,1.577528763088506e-11,6.389095429256473e-11,1.0319116833925507e-05,True,111.59863290001522
20260809,2,221,721,0.0003,9.976630207530052e-06,2.4968891256352323e-08,2.4499294471338914e-09,8.406818636457473e-09,2.3752860518576675e-08,7.192342651650216e-11,1.5831836442519652e-12,1.4885714747014013e-11,6.290210620870564e-11,1.003636000181969e-05,True,112.00974730000598
20260809,2,222,722,0.0003,9.70222394867133e-06,2.4721910349973456e-08,2.4508378944641867e-09,8.231283700108563e-09,2.353327486633502e-08,7.08110520702564e-11,1.582828055612811e-12,1.4061611706939885e-11,6.197850932860365e-11,9.761309689483373e-06,True,112.41379590000724
20260809,2,223,723,0.0003,9.43528638819767e-06,2.4486926037671505e-08,2.4517239963818524e-09,8.065284773506908e-09,2.3324062910547307e-08,6.976749181690663e-11,1.5824856972305514e-12,1.3295680217620782e-11,6.111202106006579e-11,9.49376014359457e-06,True,112.8239237999951
20260809,2,224,724,0.0003,9.175618148508931e-06,2.426375467005647e-08,2.4525818938221106e-09,7.908328798190345e-09,2.312500622478514e-08,6.879614855006956e-11,1.5821494848348356e-12,1.2588371596664954e-11,6.030520717098224e-11,9.23351109197259e-06,True,113.2341662000108
20260809,2,225,725,0.0003,8.923027927007548e-06,2.4050917515459903e-08,2.4534188611650755e-09,7.759483368088257e-09,2.2934896576254824e-08,6.788328704344155e-11,1.5818267794150267e-12,1.193055358573586e-11,5.95469636058873e-11,8.980367585959532e-06,True,113.65744700000505
20260809,2,226,726,0.0003,8.677326152478582e-06,2.384854616440197e-08,2.4542283851094077e-09,7.618406873425585e-09,2.275376635368599e-08,6.703588345543858e-11,1.5815127147011625e-12,1.1324815729240929e-11,5.884272071740605e-11,8.734139885187822e-06,True,114.15302640001755
20260809,2,227,727,0.0003,8.438332119021217e-06,2.3654965153789904e-08,2.455017879724777e-09,7.484166362228079e-09,2.2580266038471588e-08,6.623671213141302e-11,1.5812099394224569e-12,1.0760235605772264e-11,5.8178610709735905e-11,8.494643291223818e-06,True,114.54769140001736
20260809,2,228,728,0.0003,8.205864872431293e-06,2.3470939315169838e-08,2.4557772630934187e-09,7.3566552213495955e-09,2.2414921011922962e-08,6.550065054381382e-11,1.5809137561309497e-12,1.0243826690092286e-11,5.756637457263788e-11,8.26169805700839e-06,True,114.99844450000091
20260809,2,229,729,0.0003,7.979755217505963e-06,2.32938915339242e-08,2.4565235548547205e-09,7.234748220399659e-09,2.2255700951732415e-08,6.479778984496694e-11,1.580634721377993e-12,9.758184196130009e-12,5.698205984933379e-11,8.035129200435488e-06,True,115.46105179999722
20260809,2,230,730,0.0003,7.75982842663661e-06,2.3126144717154802e-08,2.457231187320459e-09,7.118801281333208e-09,2.2104329603316025e-08,6.416318990854816e-11,1.5803536665365417e-12,9.320953900700235e-12,5.645349436372661e-11,7.814766451417573e-06,True,115.89845989999594
20260809,2,231,731,0.0003,7.5459284851158164e-06,2.2963138096071227e-08,2.4579378160378455e-09,7.0072393676116196e-09,2.1957270002921512e-08,6.353970914911518e-11,1.5800980469083785e-12,8.900866207034052e-12,5.5935061802854344e-11,7.600444026133664e-06,True,116.31145550002111
20260809,2,232,732,0.0003,7.3378836900352895e-06,2.2810120440690062e-08,2.4585909008987236e-09,6.901160725884729e-09,2.181848517636905e-08,6.300147154036859e-11,1.579831030641316e-12,8.535636280063663e-12,5.5485689563605094e-11,7.392000649907547e-06,True,116.68424040000536
20260809,2,233,733,0.0003,7.135554939673953e-06,2.2658419396191526e-08,2.4592670293501555e-09,6.798110014263767e-09,2.1681310583896988e-08,6.243488509909352e-11,1.5796029779740067e-12,8.165613406491646e-12,5.501486463742494e-11,7.189279241663777e-06,True,117.050908300007
20260809,2,234,734,0.0003,6.938766283333915e-06,2.2519683102608553e-08,2.459852747354918e-09,6.700594355007591e-09,2.155459103820083e-08,6.200083244303218e-11,1.57933943168473e-12,7.871962925749961e-12,5.46505302661513e-11,6.992127107242154e-06,True,117.45655230002012
20260809,2,235,735,0.0003,6.7474061250160784e-06,2.2375519094437857e-08,2.4605224711903176e-09,6.604256417559712e-09,2.1424268080682227e-08,6.145242491461785e-11,1.5791551621777816e-12,7.529522251751286e-12,5.419619952595264e-11,6.800395448381802e-06,True,117.89361410000129
20260809,2,236,736,0.0003,6.561276971101763e-06,2.2252765936694222e-08,2.461007281720439e-09,6.514500556857571e-09,2.1310749974253138e-08,6.115815522087506e-11,1.578870459905367e-12,7.320592661524182e-12,5.394485829532634e-11,6.613939997327926e-06,True,118.35362219999661
20260809,2,237,737,0.0003,6.380321346609588e-06,2.2109605347691617e-08,2.4617269424677725e-09,6.42291730787758e-09,2.11821740953037e-08,6.05487145691976e-11,1.57876534951376e-12,6.96522330813821e-12,5.3443809203803234e-11,6.4326203068153605e-06,True,118.7851221000019
20260809,2,238,738,0.0003,6.204279921484598e-06,2.2009713960700727e-08,2.462023616076277e-09,6.340953818722177e-09,2.108694584369823e-08,6.049990556334057e-11,1.578402195372847e-12,6.886821253691573e-12,5.338909741869162e-11,6.256301912950225e-06,True,119.16484420001507
20260809,2,239,739,0.0003,6.033219162632495e-06,2.1853262395616632e-08,2.4629412270442695e-09,6.251640371608152e-09,2.0949168665280398e-08,5.963904012899148e-11,1.5784705200664007e-12,6.429098176834439e-12,5.26899620474146e-11,6.084856511862918e-06,True,119.58929400000488
20260809,2,240,740,0.0003,5.8667227301504646e-06,2.1797271637486757e-08,2.4628073807734743e-09,6.179447147177309e-09,2.0888099489501128e-08,6.013512163383098e-11,1.5778699590841752e-12,6.6155740483676275e-12,5.3069369913002755e-11,5.918171753740958e-06,True,119.98401970000123
20260809,2,241,741,0.0003,5.705186933792522e-06,2.159222732683799e-08,2.4643343621394227e-09,6.089445787699034e-09,2.0714402538032567e-08,5.852781976192117e-11,1.5783791353447428e-12,5.837750681842793e-12,5.177944125753395e-11,5.756165067198068e-06,True,120.38289790001
20260809,2,242,742,0.0003,5.547846672823192e-06,2.1642669745711516e-08,2.4630841830866846e-09,6.035517760213532e-09,2.0735060889856716e-08,6.042794847100121e-11,1.5770964190914929e-12,6.681709765255955e-12,5.327508884828953e-11,5.598844967245563e-06,True,120.78569250000874
20260809,2,243,743,0.0003,5.3961694403021335e-06,2.13007237860225e-08,2.466397298055032e-09,5.948297739573519e-09,2.045954276242947e-08,5.6763516761025906e-11,1.578810359883899e-12,5.058108199050359e-12,5.0357005133966945e-11,5.446458159328669e-06,True,121.19238049999694
20260809,2,244,744,0.0003,5.249033356607087e-06,2.1657977699867193e-08,2.4620539481592748e-09,5.956058386287729e-09,2.0716130094030934e-08,6.26857426362908e-11,1.5755941794634457e-12,7.820272838156893e-12,5.505117692867619e-11,5.299952709522015e-06,True,121.6771199000068
20260809,2,245,745,0.0003,5.112560697372013e-06,2.099508902058598e-08,2.4706078371709636e-09,5.953186773621894e-09,2.0207860886660285e-08,5.3739737403377046e-11,1.5807434720198058e-12,4.379240476185435e-12,4.796804509722114e-11,5.162295109656501e-06,True,122.13002139999298
20260809,2,246,746,0.0003,4.988934027898209e-06,2.2395681670273915e-08,2.457576410011381e-09,6.3041803992541786e-09,2.1279045785521864e-08,7.240259720141885e-11,1.572296860739856e-12,1.3809463544613855e-11,6.282367435009371e-11,5.041521120195225e-06,True,122.53251580000506
20260809,2,247,747,0.0003,4.905673132340658e-06,2.1348408224890902e-08,2.480837522332807e-09,7.0330735274078995e-09,2.0546972432122735e-08,5.2901273482545514e-11,1.5865556829439958e-12,9.168724908515199e-12,4.753192370388839e-11,4.95719361252519e-06,True,122.943757800007
20260809,2,248,748,0.0003,4.867415805572602e-06,2.589028900758257e-08,2.447282189744502e-09,8.797474002084923e-09,2.4110994022154075e-08,1.0688724478607379e-10,1.5683918266165641e-12,3.881440826818018e-11,9.066089291380693e-11,4.928899775731964e-06,True,123.38120440000785
20260809,2,249,749,0.0003,4.8655651274157634e-06,2.382339188707179e-08,2.495540015790652e-09,1.0518964515918479e-08,2.269681669940228e-08,6.598852322600697e-11,1.5917055215123397e-12,2.9505516947381975e-11,5.862662487557198e-11,4.925255552904516e-06,True,123.79328720000922
20260809,2,250,750,0.0003,4.718731687627126e-06,2.715641892284394e-08,2.4460550014591493e-09,9.716994704718872e-09,2.5140399197073313e-08,1.190867432517154e-10,1.574993961624413e-12,4.7727601183109525e-11,1.0053709679678048e-10,4.783460481888416e-06,True,124.2475271000003
20260809,2,251,751,0.0003,4.44074494300104e-06,2.0907426174507392e-08,2.476891015340877e-09,6.5716900223255994e-09,2.0136528446290753e-08,5.169920503052828e-11,1.5731569539003745e-12,7.523528239733039e-12,4.6500681643195656e-11,4.490944775231373e-06,True,124.68825140001718
20260809,2,252,752,0.0003,4.224880847755728e-06,2.0449385317528108e-08,2.474139361461578e-09,5.3995779132194875e-09,1.968060724751908e-08,5.405398845174703e-11,1.5859040679755666e-12,4.116398605852118e-12,4.8130493641047636e-11,4.2729924443802235e-06,True,125.09719840000616
20260809,2,253,753,0.0003,4.160863631544898e-06,2.309212393710976e-08,2.453284131165794e-09,6.5966556473096436e-09,2.177627961121637e-08,8.352347206816147e-11,1.5694989927951908e-12,2.085272812123768e-11,7.173097353830975e-11,4.21495965154442e-06,True,125.52410740000778
20260809,2,254,754,0.0003,4.1299102166023385e-06,2.103792631675188e-08,2.4810943678561795e-09,6.974020393338756e-09,2.0237745399937833e-08,5.296403944064218e-11,1.5754137249804419e-12,1.0613187272004015e-11,4.759355496388428e-11,4.180753749275625e-06,True,126.07210250000935
20260809,2,255,755,0.0003,4.006125515027584e-06,2.1619766484874726e-08,2.4656540138885975e-09,5.674781231170609e-09,2.0563630557102697e-08,7.053206537197812e-11,1.5884798994561823e-12,1.2589132175421256e-11,6.125277319706375e-11,4.056595309765263e-06,True,126.50182420000783
20260809,2,256,756,0.0003,3.817972091158097e-06,2.0367960911609715e-08,2.4634688773359986e-09,5.078343100274508e-09,1.955349253849183e-08,5.6879436532422355e-11,1.5634218570183873e-12,4.479983814569795e-12,5.0315242545719026e-11,3.865548594670558e-06,True,126.8708450999984
20260809,2,257,757,0.0003,3.679181973115481e-06,2.0017024196012875e-08,2.476250158245373e-09,5.313326684355117e-09,1.929521533549667e-08,5.159174680098203e-11,1.5798309597991829e-12,3.920909345147354e-12,4.617448037794945e-11,3.726387056457075e-06,True,127.27881740001612
20260809,2,258,758,0.0003,3.641061524386742e-06,2.1044549003504916e-08,2.4665259970045417e-09,5.295253648746797e-09,2.006661575922595e-08,6.668051654624465e-11,1.5837982396786008e-12,1.01078525348261e-11,5.8128251712664664e-11,3.6900709692142575e-06,True,127.64847250000457
20260809,2,259,759,0.0003,3.586906049222906e-06,1.9968280117327054e-08,2.4685834579013736e-09,5.1656634527543485e-09,1.9229140445298615e-08,5.243292841434951e-11,1.5624350039721628e-12,3.794472339372197e-12,4.681632585700592e-11,3.6338423228578024e-06,True,128.063934100006
20260809,2,260,760,0.0003,3.428944809187e-06,2.029460252215498e-08,2.4710626359056e-09,4.8974015385801344e-09,1.944734100908205e-08,5.982963491455282e-11,1.5857410205208057e-12,6.1849298115894715e-12,5.262795750960877e-11,3.4761754451559795e-06,True,128.45399050001288
20260809,2,261,761,0.0003,3.2888534781784097e-06,1.990931073095165e-08,2.470817787741011e-09,4.799678980207063e-09,1.9137688138790966e-08,5.5378825337473825e-11,1.5765951087836403e-12,4.086598905205911e-12,4.908548120759397e-11,3.335281101316659e-06,True,128.85380500002066
20260809,2,262,762,0.0003,3.241392175688636e-06,1.9816014559508207e-08,2.4678360027331363e-09,4.774642128046238e-09,1.9055971989970792e-08,5.4516135944527e-11,1.5665005932247748e-12,3.6996684664881015e-12,4.8399755887638904e-11,3.2876148224297856e-06,True,129.27068730001338
20260809,2,263,763,0.0003,3.1898800161419014e-06,2.0285729022649056e-08,2.4707678236116616e-09,4.805423414952068e-09,1.9407160741047904e-08,6.194220093988759e-11,1.5866374477236116e-12,7.326173408720361e-12,5.4292417164894235e-11,3.2369742445731235e-06,True,129.80192890000762
20260809,2,264,764,0.0003,3.078362029965069e-06,1.959648548253461e-08,2.4745433653843085e-09,4.983539836389296e-09,1.888743506982674e-08,5.1412957556787834e-11,1.5714044828428341e-12,3.945757677158679e-12,4.59898484175573e-11,3.1244069536873382e-06,True,130.2731687000196
20260809,2,265,765,0.0003,2.962562243596258e-06,2.0228571848402227e-08,2.4651026801743577e-09,4.688289143536589e-09,1.9338601826861067e-08,6.246775846358167e-11,1.5727806830020827e-12,7.2020114435938815e-12,5.469613920837616e-11,3.0094087477850306e-06,True,130.66726180000114
20260809,2,266,766,0.0003,2.8904487632882236e-06,1.954914607907778e-08,2.4743128219796997e-09,4.509930115173372e-09,1.879856054158641e-08,5.496855438531696e-11,1.583043130829298e-12,3.944249883129581e-12,4.872132913172939e-11,2.9358899300225724e-06,True,131.09672960001626
20260809,2,267,767,0.0003,2.837124662241525e-06,1.9403483427380066e-08,2.4734152894430103e-09,4.698998925388084e-09,1.869494268302162e-08,5.190314268489977e-11,1.5709712950592876e-12,3.5935368605595513e-12,4.633461266397266e-11,2.8824989048302623e-06,True,131.47274040000048
20260809,2,268,768,0.0003,2.765322365057958e-06,2.055422789460987e-08,2.4643705202695754e-09,4.7810774341642995e-09,1.9573533755003873e-08,6.771504242508255e-11,1.5772342686678664e-12,1.0325512070850524e-11,5.888763579983621e-11,2.81283408008657e-06,True,131.87995319999754
20260809,2,269,769,0.0003,2.6725994538063263e-06,1.9275196709752126e-08,2.4780814822378393e-09,4.714704709902349e-09,1.8584214775837583e-08,5.108293935039026e-11,1.5783906240883e-12,3.904013621078683e-12,4.5697624441873084e-11,2.717753914452093e-06,True,132.27871100002085
20260809,2,270,770,0.0003,2.585828041604124e-06,1.9459646224313207e-08,2.469341907257919e-09,4.281191393305166e-09,1.868450139684974e-08,5.655412365790843e-11,1.573272638330219e-12,4.269619678392652e-12,4.9950388762492637e-11,2.630835069930587e-06,True,132.6981330999988
20260809,2,271,771,0.0003,2.531997166156072e-06,1.9865851620002167e-08,2.4670524708886307e-09,4.357014628884494e-09,1.8994105831494814e-08,6.211377548770835e-11,1.5766355901652477e-12,6.98926643350119e-12,5.437737455935034e-11,2.577806247759413e-06,True,133.13190710000345
20260809,2,272,772,0.0003,2.4828092439681387e-06,1.9163302791693467e-08,2.4785913798005533e-09,4.696367073632163e-09,1.847666251717468e-08,5.0852516273707656e-11,1.576827859057034e-12,4.36810224871994e-12,4.552553323371979e-11,2.527726490710055e-06,True,133.52784290001728
20260809,2,273,773,0.0003,2.405167374442447e-06,1.9841144654301845e-08,2.4664675281522026e-09,4.281703247096568e-09,1.8956158362248905e-08,6.302261055273632e-11,1.576602331952813e-12,7.40357402786169e-12,5.509211780351075e-11,2.450839943138963e-06,True,134.06651870001224
20260809,2,274,774,0.0003,2.3272634829588735e-06,1.9106619185257413e-08,2.471362154455032e-09,4.080439483056848e-09,1.837156392652056e-08,5.464933578484077e-11,1.574223845988771e-12,3.5403802742455714e-12,4.841815985467093e-11,2.371401649807923e-06,True,134.5058229000133
20260809,2,275,775,0.0003,2.2706798732761275e-06,1.892238298021909e-08,2.475958394024946e-09,4.1674141960042196e-09,1.8230211257392126e-08,5.2155208678804157e-11,1.5782498124455585e-12,3.261826052208775e-12,4.646304283477857e-11,2.314579298431147e-06,True,134.9207172000024
20260809,2,276,776,0.0003,2.221089418210935e-06,1.9625496298069986e-08,2.466715754138997e-09,4.102374843305224e-09,1.8756857923107512e-08,6.239825524978184e-11,1.5759524789926354e-12,7.009094647613138e-12,5.4574596128174294e-11,2.2661664209280616e-06,True,135.31397119999747
20260809,2,277,777,0.0003,2.165334117350948e-06,1.883410093516944e-08,2.4740966146202917e-09,4.0741848379365195e-09,1.8142351327053702e-08,5.217326843588205e-11,1.5733645519194925e-12,3.2037136736731772e-12,4.646756341646088e-11,2.2089622689758064e-06,True,135.7500230000005
20260809,2,278,778,0.0003,2.1020620821266946e-06,1.89763271251757e-08,2.472753451745322e-09,3.850935124757008e-09,1.822804665773154e-08,5.599643544056987e-11,1.5805474698681494e-12,3.998165119335351e-12,4.945783697544557e-11,2.145701177471109e-06,True,136.1647598000127
20260809,2,279,779,0.0003,2.0416478076860085e-06,1.9021921869498906e-08,2.4688652708623137e-09,3.799004360206074e-09,1.8252929583864216e-08,5.707918003329403e-11,1.5729983507883287e-12,4.2433468578975565e-12,5.031096111057468e-11,2.0853037352567923e-06,True,136.67014090000885
20260809,2,280,780,0.0003,1.990868471957937e-06,1.8704141218795173e-08,2.473833068466062e-09,3.830257387237465e-09,1.8005662793100024e-08,5.304541296908186e-11,1.5759425280915018e-12,3.1228517032396306e-12,4.7123674547048624e-11,2.033987234307283e-06,True,137.1533374999999
20260809,2,281,781,0.0003,1.946134081803255e-06,1.8923650030837424e-08,2.4715562364697713e-09,3.7044457286352824e-09,1.81578436678926e-08,5.724899702535913e-11,1.5800139464795012e-12,4.4265411666471606e-12,5.043530814553082e-11,1.989505268327374e-06,True,137.59740359999705
20260809,2,282,782,0.0003,1.8979426375738998e-06,1.8671780538681385e-08,2.4707806704545514e-09,3.674944115528575e-09,1.795640742860127e-08,5.4168957028128895e-11,1.5713563003265604e-12,3.1902286055757057e-12,4.7992536230409076e-11,1.9408234734053303e-06,True,138.13719959999435
20260809,2,283,783,0.0003,1.842518265551013e-06,1.8697251663294814e-08,2.4726336513014226e-09,3.5940734116408536e-09,1.796347843987205e-08,5.558725055180179e-11,1.5794310017174122e-12,3.7080177496954276e-12,4.910467433734501e-11,1.8853556820907627e-06,True,138.6273262000177
20260809,2,284,784,0.0003,1.7914466456955653e-06,1.858880603864317e-08,2.4723609210836363e-09,3.553685648590225e-09,1.787125643650914e-08,5.465712429936946e-11,1.576758666182081e-12,3.330206034107524e-12,4.8363582718624416e-11,1.8340406824121096e-06,True,139.01172090001637
20260809,2,285,785,0.0003,1.7493361677393619e-06,1.8569203564201315e-08,2.470694009074724e-09,3.4985026516446053e-09,1.7846154003625717e-08,5.49811180927628e-11,1.5734315055344974e-12,3.342785114824521e-12,4.86141063592444e-11,1.7918292334089807e-06,True,139.4220683000167
20260809,2,286,786,0.0003,1.7087125456229679e-06,1.8576219244169675e-08,2.4726150150434132e-09,3.4423133687340532e-09,1.7841463611580115e-08,5.593509165350428e-11,1.58044763790804e-12,3.767870848010018e-12,4.936339655745256e-11,1.751155803669192e-06,True,139.8111934000044
20260809,2,287,787,0.0003,1.664758058760553e-06,1.8372797871581292e-08,2.4727464325716323e-09,3.4559337335693666e-09,1.7680924623369643e-08,5.328613957813299e-11,1.5743278165493673e-12,2.923763841684137e-12,4.72705517448759e-11,1.7068455162046263e-06,True,140.21831290001865
20260809,2,288,788,0.0003,1.6192481235504845e-06,1.8615745024378228e-08,2.469858196666238e-09,3.3577254691916895e-09,1.785404660787998e-08,5.752898404427233e-11,1.5766913276457632e-12,4.30311689428183e-12,5.061971340004365e-11,1.661659527354267e-06,True,140.6113796000136
20260809,2,289,789,0.0003,1.5770849942159492e-06,1.828603351058511e-08,2.4739086553694806e-09,3.3403028072970757e-09,1.7594712696616784e-08,5.355115233325759e-11,1.5782761121717078e-12,2.9571151058715556e-12,4.7466261084281315e-11,1.6188855046904534e-06,True,141.01871299999766
20260809,2,290,790,0.0003,1.5377517898388403e-06,1.8326192303637164e-08,2.471277956162999e-09,3.2595635742662376e-09,1.761406561553009e-08,5.479068014232316e-11,1.5749752513286307e-12,3.1887003614301975e-12,4.843786524476747e-11,1.579530881509437e-06,True,141.3968351999938
20260809,2,291,791,0.0003,1.5011048317463162e-06,1.8447693041182615e-08,2.4704524926766e-09,3.2095190567640254e-09,1.7698152660920227e-08,5.7098862009082376e-11,1.5779659769878027e-12,4.058644779399123e-12,5.0263005788612954e-11,1.5430436474764138e-06,True,141.87260750000132
20260809,2,292,792,0.0003,1.4652895246332775e-06,1.8113153185302328e-08,2.474302068540545e-09,3.2582341308840053e-09,1.7440275621939395e-08,5.2583039599692015e-11,1.5768748803867921e-12,2.75701799054446e-12,4.6696271168393736e-11,1.5066791028435829e-06,True,142.39265560000786
20260809,2,293,793,0.0003,1.4267028227786809e-06,1.8399136297265368e-08,2.4695979512219373e-09,3.1221624141376675e-09,1.7644005181468336e-08,5.7529653268737404e-11,1.5769530984964052e-12,4.171620766746138e-12,5.059701596727475e-11,1.468451599865875e-06,True,142.83728629999678
20260809,2,294,794,0.0003,1.3893589139905404e-06,1.810813138348856e-08,2.4723988827639875e-09,3.0866135457717706e-09,1.741323321470666e-08,5.412446411125243e-11,1.576903166289728e-12,2.9309885917276226e-12,4.7893672591838884e-11,1.4305458170457321e-06,True,143.24119640002027
20260809,2,295,795,0.0003,1.3548511622096326e-06,1.806107908495007e-08,2.4727004735830898e-09,3.042945621911048e-09,1.736899617688471e-08,5.404963600050833e-11,1.5776805847691064e-12,2.8985946359016765e-12,4.7830213607209647e-11,1.3959032396917899e-06,True,143.65395050001098
20260809,2,296,796,0.0003,1.322524602515889e-06,1.8237694398514294e-08,2.4697064176255122e-09,2.980614777579592e-09,1.7494957887416985e-08,5.702919557567343e-11,1.576899093424731e-12,3.880922929035136e-12,5.0186145432003845e-11,1.3638202491600558e-06,True,144.04630990000442
20260809,2,297,797,0.0003,1.2912251829978682e-06,1.7936214489140174e-08,2.473188875820245e-09,2.991877736450117e-09,1.7260086665727343e-08,5.318025578951411e-11,1.5769555962260004e-12,2.6791934067807864e-12,4.714014761007669e-11,1.3319911273174087e-06,True,144.41228210000554
20260809,2,298,798,0.0003,1.2589508571611367e-06,1.809537929417099e-08,2.4708612219798935e-09,2.8881986439606935e-09,1.7369605844628825e-08,5.623376533124466e-11,1.578698058267717e-12,3.548066119480301e-12,4.954626136939992e-11,1.2998858089567555e-06,True,144.81235910000396
20260809,2,299,799,0.0003,1.227506320344475e-06,1.7951349099937604e-08,2.470978370527436e-09,2.8552526765155335e-09,1.7252094466883324e-08,5.4682424560166584e-11,1.5757422286755851e-12,2.9430007115888035e-12,4.831380289883798e-11,1.2681435099287381e-06,True,145.24841540001216
20260809,2,300,800,0.0003,1.1967776781540114e-06,1.7896253919681777e-08,2.4722460687853474e-09,2.814252197591845e-09,1.7202123035019446e-08,5.4529994695225854e-11,1.5787714344199033e-12,2.9235952002385934e-12,4.8188850888446067e-11,1.2372697745873083e-06,True,145.74721410000348
20260809,2,301,801,0.0003,1.1673548585590464e-06,1.793365539960959e-08,2.470699744196932e-09,2.7606660281441906e-09,1.7222153966176618e-08,5.557227582826882e-11,1.5774573769627222e-12,3.209049797237716e-12,4.900966406893013e-11,1.207851402144245e-06,True,146.265289700008
20260809,2,302,802,0.0003,1.1398743884804213e-06,1.7820203695120846e-08,2.4713290764957064e-09,2.733737782543769e-09,1.7128683997021798e-08,5.444193889401049e-11,1.5766627166710768e-12,2.8174548231517673e-12,4.811215918347962e-11,1.180135291247221e-06,True,146.7181769000017
20260809,2,303,803,0.0003,1.113042292495805e-06,1.7843064922721552e-08,2.4715097198274082e-09,2.6788333017305935e-09,1.7137615374028525e-08,5.539895162523989e-11,1.5796114345784368e-12,3.1364736290364826e-12,4.8864734853441787e-11,1.1532822955856554e-06,True,147.15002050000476
20260809,2,304,804,0.0003,1.0863028500160827e-06,1.7752324561746444e-08,2.4709547506250837e-09,2.65152262726766e-09,1.70616853130111e-08,5.450124918898398e-11,1.576317175738447e-12,2.780621954130588e-12,4.815168565969139e-11,1.1263463471427115e-06,True,147.58470999999554
20260809,2,305,805,0.0003,1.0594839501813766e-06,1.7792574169534388e-08,2.4708172376677304e-09,2.597620811442986e-09,1.7084171047890926e-08,5.566554357481294e-11,1.5788689340321486e-12,3.1696206967906418e-12,4.9068843255156025e-11,1.0995386163243733e-06,True,148.0660055000044
20260809,2,306,806,0.0003,1.0338286291529798e-06,1.766670223377375e-08,2.4717048086360054e-09,2.576201314790296e-09,1.6981975899777247e-08,5.431614331891436e-11,1.5781750717686493e-12,2.7163783998336075e-12,4.799833805181856e-11,1.073631822444799e-06,True,148.465188400005
20260809,2,307,807,0.0003,1.0090215693414995e-06,1.77167635252929e-08,2.4701904432923886e-09,2.520695415460744e-09,1.7012105800205668e-08,5.55153824697801e-11,1.5773992103844517e-12,3.046644250848017e-12,4.8943496329614093e-11,1.0488504074480118e-06,True,148.83972530000028
20260809,2,308,808,0.0003,9.85315886970025e-07,1.7650881881120655e-08,2.4711483029174933e-09,2.4860274055250312e-09,1.6955075590798148e-08,5.5097886891949246e-11,1.5791528635049215e-12,2.9172312110365357e-12,4.860963934470526e-11,1.0249872240606975e-06,True,149.30714760001865
20260809,2,309,809,0.0003,9.623978156882752e-07,1.757690402708622e-08,2.4711126722043485e-09,2.4606792318358694e-09,1.689263907307546e-08,5.44285274269769e-11,1.5777139050758373e-12,2.676478665489758e-12,4.8077982327620173e-11,1.001905911394802e-06,True,149.77262760000303
20260809,2,310,810,0.0003,9.398071962106459e-07,1.7673900120106007e-08,2.469751979248382e-09,2.407366095485314e-09,1.6959040624540447e-08,5.6281383859197416e-11,1.5787237582362421e-12,3.282339414179787e-12,4.954206324696209e-11,9.794279395403049e-07,True,150.24479100000462
20260809,2,311,811,0.0003,9.179962670343929e-07,1.748507024948677e-08,2.4716424750000988e-09,2.3989718154450694e-09,1.6810004915617388e-08,5.399832947143134e-11,1.5784454552059912e-12,2.5410500174074953e-12,4.773293305928351e-11,9.572678072479457e-07,True,150.70955920001143
20260809,2,312,812,0.0003,8.960203537195737e-07,1.7591149631719217e-08,2.469776296868705e-09,2.334320951519275e-09,1.6882606013694564e-08,5.6013288733032984e-11,1.5787248057658733e-12,3.139322322146178e-12,4.932364051505591e-11,9.354082615897513e-07,True,151.1158861000149
20260809,2,313,813,0.0003,8.750035249968832e-07,1.747918877534098e-08,2.4705567777242217e-09,2.307456828083785e-09,1.6791209004330792e-08,5.4857215148675776e-11,1.578372632217128e-12,2.7251495719296745e-12,4.840521065798877e-11,9.141595023303738e-07,True,151.54884410000523
20260809,2,314,814,0.0003,8.546591523648642e-07,1.745210084219912e-08,2.470710511793136e-09,2.271513273525272e-09,1.6764192894598184e-08,5.491866020215048e-11,1.5791902353583167e-12,2.7371515725269202e-12,4.8451088990006547e-11,8.937253559779799e-07,True,151.9871878999984
20260809,2,315,815,0.0003,8.349250257337173e-07,1.748716234499635e-08,2.4695761884705094e-09,2.229657752112094e-09,1.678439446955958e-08,5.580678785052959e-11,1.5786056548388694e-12,2.9988411563144367e-12,4.915207362341752e-11,8.74005352797141e-07,True,152.42562829999952
20260809,2,316,816,0.0003,8.15993990406307e-07,1.737441383096431e-08,2.470684318858681e-09,2.2099859243112146e-09,1.6693154133553818e-08,5.460134973848424e-11,1.5788783820620992e-12,2.60427742071547e-12,4.8195560274858975e-11,8.548492086798111e-07,True,152.94291270000394
20260809,2,317,817,0.0003,7.973170327953825e-07,1.7427548033438476e-08,2.4697654386155182e-09,2.162916084567805e-09,1.672685191115891e-08,5.579234598432693e-11,1.5795685851324836e-12,2.9742259953878223e-12,4.9135769696730196e-11,8.362135961734248e-07,True,153.35611180000706
20260809,2,318,818,0.0003,7.793287401297779e-07,1.7342432038225706e-08,2.4699309339087185e-09,2.138495504026862e-09,1.6656516100707413e-08,5.493871939190281e-11,1.5782842414035195e-12,2.6555405162221654e-12,4.845766264698257e-11,8.180437449134432e-07,True,153.87890430001426
20260809,2,319,819,0.0003,7.61551487829301e-07,1.735452414525629e-08,2.469967027597848e-09,2.099017814076078e-09,1.6659447856824748e-08,5.5558718729866196e-11,1.5800831859851666e-12,2.865650825312944e-12,4.8945949925414505e-11,8.002433950757224e-07,True,154.30337969999528
20260809,2,320,820,0.0003,7.442493027950655e-07,1.7297488176324773e-08,2.4697348370541348e-09,2.0724312060800265e-09,1.661056000610052e-08,5.508430237408284e-11,1.5786670807731075e-12,2.6698483027783828e-12,4.856835743823487e-11,7.828074181958208e-07,True,154.7060310000088
20260809,2,321,821,0.0003,7.272985312123067e-07,1.7311027620317767e-08,2.4694783660288502e-09,2.035202701161276e-09,1.6614898328994443e-08,5.5681029929262934e-11,1.579661596620037e-12,2.8623513097507467e-12,4.903872428230483e-11,7.65838299995927e-07,True,155.1260308000201
20260809,2,322,822,0.0003,7.11010057954044e-07,1.7242625755323023e-08,2.4699110440108576e-09,2.0106382339945633e-09,1.655757244008699e-08,5.5071009716013094e-11,1.579618194547068e-12,2.6475215360542592e-12,4.8553676783379485e-11,7.493986572536894e-07,True,155.5735833000217
20260809,2,323,823,0.0003,6.950772462057117e-07,1.7258808891125003e-08,2.4691354568658297e-09,1.9745016625878673e-09,1.6564151195241264e-08,5.565239341672656e-11,1.579246534800133e-12,2.8105963824273784e-12,4.901223391818836e-11,7.334528978817837e-07,True,156.02499860001262
20260809,2,324,824,0.0003,6.796846079366177e-07,1.721762545498866e-08,2.4695285813473334e-09,1.946488624759286e-09,1.652750514847471e-08,5.544255769130704e-11,1.5800277480835338e-12,2.7389648669105976e-12,4.884401445568513e-11,7.179543613109498e-07,True,156.46469849999994
20260809,2,325,825,0.0003,6.647256675129178e-07,1.7180306112540874e-08,2.46940206757353e-09,1.9199417691012597e-09,1.6494020113129074e-08,5.5235695260139544e-11,1.579483436690761e-12,2.648366625340956e-12,4.86785714994379e-11,7.028974796920841e-07,True,156.85829259999446
20260809,2,326,826,0.0003,6.500786684662123e-07,1.7212088462966944e-08,2.4687872213705234e-09,1.8852492300280372e-09,1.6512808845094607e-08,5.603010957984415e-11,1.5799880294307484e-12,2.906444829971675e-12,4.930640291287746e-11,6.882674251710245e-07,True,157.27977409999585
20260809,2,327,827,0.0003,6.360163008848177e-07,1.7115279832923755e-08,2.469577665868799e-09,1.8675182777547286e-09,1.643459974474871e-08,5.4975280713013076e-11,1.5798302203151918e-12,2.5474590827952794e-12,4.846930921708025e-11,6.74010848285347e-07,True,157.73504890000913
20260809,2,328,828,0.0003,6.220227796304112e-07,1.7178368645979786e-08,2.468506876118607e-09,1.8288053583172187e-09,1.6477090919413575e-08,5.6206294566829714e-11,1.5801830990684702e-12,2.941858817949846e-12,4.9443030034171946e-11,6.600857227967584e-07,True,158.25892570000724
20260809,2,329,829,0.0003,6.086249230370546e-07,1.708353198024443e-08,2.4691719508798868e-09,1.8096166558043108e-09,1.64003642216774e-08,5.5176172494818096e-11,1.5797847728039266e-12,2.5779161947015404e-12,4.862514656496909e-11,6.464955668656879e-07,True,158.67321989999618
20260809,2,330,830,0.0003,5.953669872135982e-07,1.7116443483208058e-08,2.4686682756255936e-09,1.7750265989513963e-09,1.642016663538971e-08,5.598547474661133e-11,1.5806190379424377e-12,2.8415327482640277e-12,4.926469422843292e-11,6.332569645275343e-07,True,159.09803930000635
20260809,2,331,831,0.0003,5.82593978780048e-07,1.7062812708380845e-08,2.4686509146262825e-09,1.7523219311703937e-09,1.6374812579259713e-08,5.550970164496936e-11,1.5797507037180064e-12,2.652884183389205e-12,4.8886327777531104e-11,6.203612055777949e-07,True,159.52074350000476
20260809,2,332,832,0.0003,5.700486613591678e-07,1.7066536297411275e-08,2.46861778420923e-09,1.7231129740178005e-09,1.6372831723747215e-08,5.589191555713135e-11,1.5808033126404038e-12,2.78418033526821e-12,4.9187779383851603e-11,6.07789204817142e-07,True,159.96877940002014
20260809,2,333,833,0.0003,5.578945566723743e-07,1.7027781897206578e-08,2.4684925701001146e-09,1.7000398760450457e-09,1.6338941712984722e-08,5.5615248252871305e-11,1.5801105227893414e-12,2.666833988947384e-12,4.896739620052871e-11,5.95538642317676e-07,True,160.45304910000414
20260809,2,334,834,0.0003,5.45989815452358e-07,1.703680145074707e-08,2.468220184072153e-09,1.6718705658682454e-09,1.634119375830499e-08,5.6042579728212676e-11,1.5806392989357168e-12,2.8064232305258843e-12,4.9304893245645876e-11,5.836176359468537e-07,True,160.9220162999991
20260809,2,335,835,0.0003,5.34506358525511e-07,1.6986866513151626e-08,2.4684825910490858e-09,1.650661443732858e-09,1.629897910752346e-08,5.5616769778054834e-11,1.580584597364876e-12,2.6516241108676087e-12,4.896622531346289e-11,5.72020163384768e-07,True,161.3341236000124
20260809,2,336,836,0.0003,5.232147333750434e-07,1.700364578150944e-08,2.4679223175256008e-09,1.6227525018920412e-09,1.6307273328003678e-08,5.6127157412698164e-11,1.5805621771944277e-12,2.8094163618535045e-12,4.9369779725014806e-11,5.607262142196509e-07,True,161.8559086000023
20260809,2,337,837,0.0003,5.123119021364217e-07,1.696029715269275e-08,2.468214339002896e-09,1.6012303165111627e-09,1.627015049956629e-08,5.5794423851489295e-11,1.5808055862442737e-12,2.689755576353611e-12,4.910489998819166e-11,5.497209643291971e-07,True,162.30739699999685
20260809,2,338,838,0.0003,5.016274710674086e-07,1.695699834852035e-08,2.4679141847472557e-09,1.5762785085024625e-09,1.6263409240230008e-08,5.6011973644976076e-11,1.580786176975568e-12,2.7501491975100812e-12,4.9276428814699565e-11,5.390016906872428e-07,True,162.82238729999517
20260809,2,339,839,0.0003,4.912402236481409e-07,1.6944730835652292e-08,2.4677603469967213e-09,1.5528298104554619e-09,1.624996474733584e-08,5.6099878411696515e-11,1.5808383283055137e-12,2.7695492291639113e-12,4.934522132177087e-11,5.28565304875872e-07,True,163.24502360000042
20260809,2,340,840,0.0003,4.811575370028947e-07,1.6912021431516584e-08,2.4679205817570706e-09,1.5317854684834984e-09,1.62211238797568e-08,5.589991240015913e-11,1.5810324137027527e-12,2.695365886504368e-12,4.91857536011183e-11,5.183997504287102e-07,True,163.6803698000149
20260809,2,341,841,0.0003,4.7125901047691016e-07,1.6922177558683915e-08,2.4674646063346446e-09,1.5072746158578683e-09,1.6224806632807693e-08,5.62888872872655e-11,1.58098144688222e-12,2.8156161426658732e-12,4.9493439061381916e-11,5.084909128145327e-07,True,164.06248789999518
20260809,2,342,842,0.0003,4.6169584770881213e-07,1.6881265095328866e-08,2.4676958308848458e-09,1.4876446341591716e-09,1.6189903872327995e-08,5.5961301893972404e-11,1.5810695473009119e-12,2.6959705233721144e-12,4.923283998758647e-11,4.988318283234654e-07,True,164.4687329000153
20260809,2,343,843,0.0003,4.5229613927045367e-07,1.6890320925442324e-08,2.4673692282852434e-09,1.4639945074902276e-09,1.6192891991910773e-08,5.633288214458391e-11,1.581313712744348e-12,2.8162672634886974e-12,4.952680418680924e-11,4.894209731908899e-07,True,164.98038069999893
20260809,2,344,844,0.0003,4.432114162439993e-07,1.6857293521550433e-08,2.4673685800630554e-09,1.4444929147891249e-09,1.6164116147662687e-08,5.6095232479908684e-11,1.5810143681785325e-12,2.7198894109168107e-12,4.933765249925231e-11,4.802544211968227e-07,True,165.39779030001955
20260809,2,345,845,0.0003,4.342975978731189e-07,1.686277367131353e-08,2.467235068980561e-09,1.4220651033938874e-09,1.6164521814385937e-08,5.6418108637194704e-11,1.5816316293129542e-12,2.8321398957122108e-12,4.9593036474815386e-11,4.713246184478299e-07,True,165.91093559999717
20260809,2,346,846,0.0003,4.2568738553423357e-07,1.6825353142347232e-08,2.467198254509663e-09,1.4038513424315138e-09,1.6132563101263056e-08,5.6102375638360844e-11,1.5810509172071498e-12,2.704899432497787e-12,4.9342063810392804e-11,4.6262608176458353e-07,True,166.35056160000386
20260809,2,347,847,0.0003,4.1720560618913283e-07,1.684894800731511e-08,2.466912653127563e-09,1.3812358483663123e-09,1.614683871244702e-08,5.667147652570449e-11,1.5818176394381503e-12,2.9068836634151016e-12,4.9792961430521576e-11,4.541604945496479e-07,True,166.83973910001805
20260809,2,348,848,0.0003,4.091152378314385e-07,1.67838170289038e-08,2.467200256668041e-09,1.3662854300313125e-09,1.6094061759253637e-08,5.595550689518731e-11,1.581160492455229e-12,2.6432291649113633e-12,4.922459437364568e-11,4.459360067972215e-07,True,167.29772890001186
20260809,2,349,849,0.0003,4.0106181147090333e-07,1.684667595610408e-08,2.4664894717554606e-09,1.3425008352878673e-09,1.6138288887778588e-08,5.705969745877184e-11,1.582026163933085e-12,3.035376270985807e-12,5.010034629177015e-11,4.3796754406801477e-07,True,167.75675270002102
20260809,2,350,850,0.0003,3.9358167198105646e-07,1.6739633245571516e-08,2.4672226965668015e-09,1.3319549809162555e-09,1.6053964356436038e-08,5.573995236414513e-11,1.5811438168102944e-12,2.563025621116661e-12,4.9053075248225753e-11,4.302833844575974e-07,True,168.15804020001087
20260809,2,351,851,0.0003,3.860666183458194e-07,1.6853001919325706e-08,2.4660918418409856e-09,1.3070541621872827e-09,1.6136704671223595e-08,5.7541244586866334e-11,1.5824623281085892e-12,3.2119729324942755e-12,5.0482395134268625e-11,4.2294228901537867e-07,True,168.62775330001023
20260809,2,352,852,0.0003,3.79477886964955e-07,1.6692102658136256e-08,2.46723209895207e-09,1.3026489766578246e-09,1.601187512473081e-08,5.5431044212068615e-11,1.580820313187355e-12,2.460105561802155e-12,4.880826491470524e-11,4.1606002605843376e-07,True,169.10259769999539
20260809,2,353,853,0.0003,3.7296520401855145e-07,1.6882081969935685e-08,2.465641172397758e-09,1.2783381212271947e-09,1.6153133368511443e-08,5.829128673949721e-11,1.5832431356914153e-12,3.518808489519019e-12,5.107891142897937e-11,4.098588709004172e-07,True,169.54637070000172
20260809,2,354,854,0.0003,3.683061318435065e-07,1.6631235525234593e-08,2.4674225140085995e-09,1.2881395367987917e-09,1.5960934495819274e-08,5.4833666737886694e-11,1.5801106137389455e-12,2.3047829158816806e-12,4.833693460379198e-11,4.04760919410239e-07,True,170.01559379999526
20260809,2,355,855,0.0003,3.6452406621097565e-07,1.6978722228341514e-08,2.4648738401707964e-09,1.2727119561006552e-09,1.6223031518220765e-08,5.982224635904254e-11,1.584536897318097e-12,4.219232738986965e-12,5.230008866872892e-11,4.0158133185847343e-07,True,170.5059540999937
20260809,2,356,856,0.0003,3.6553850077593775e-07,1.6557401149790232e-08,2.4681353684662508e-09,1.3249000351340855e-09,1.5904321495576264e-08,5.372678746192488e-11,1.5788111297066026e-12,2.1736775767995503e-12,4.7470233029758395e-11,4.018982083341028e-07,True,170.9902160000056
20260809,2,357,857,0.0003,3.7114904277341695e-07,1.7254195378988643e-08,2.463461409031874e-09,1.355203448139882e-09,1.643639844214644e-08,6.32600946133766e-11,1.5868603682925008e-12,6.0241445255053714e-12,5.505273325068171e-11,4.087842252844817e-07,True,171.47117550001713
20260809,2,358,858,0.0003,3.9154552977352474e-07,1.654353928708094e-08,2.4698107134661563e-09,1.541548614365393e-09,1.5907942770691595e-08,5.22990700638409e-11,1.5763424465789485e-12,2.693985421641864e-12,4.6381997091156106e-11,4.2811132255415205e-07,True,171.89389989999472
20260809,2,359,859,0.0003,4.3136206384994974e-07,1.8013930276477985e-08,2.461058888444184e-09,1.7563566460875185e-09,1.7044481076973333e-08,7.137274370395131e-11,1.5915447477336574e-12,1.0994598098867482e-11,6.157911369282214e-11,4.707834287381761e-07,True,172.2959749000147
20260809,2,360,860,0.0003,5.169869184564841e-07,1.6919720924695183e-08,2.473010052509618e-09,2.3444788525718255e-09,1.6256024509028253e-08,5.251395555487451e-11,1.5717539653135913e-12,6.363454269053158e-12,4.670794195846468e-11,5.550873099010366e-07,True,172.71642989999964
20260809,2,361,861,0.0003,6.614472382484326e-07,1.9935801273083187e-08,2.4577713113763468e-09,3.0796535324210927e-09,1.8612380546383738e-08,8.972381611347944e-11,1.6011473780466952e-12,2.388880406294349e-11,7.6412210344303e-11,7.057244708895956e-07,True,173.16283479999402
20260809,2,362,862,0.0003,8.916553588341438e-07,1.830691821193234e-08,2.4770566804019538e-09,4.3222242185129036e-09,1.7469427456857808e-08,5.914478565215931e-11,1.5642395757374396e-12,1.7506637495233178e-11,5.234997443898576e-11,9.343615510390108e-07,True,173.55404410001938
20260809,2,363,863,0.0003,1.1357108309739425e-06,2.2489921711541156e-08,2.4566493475036975e-09,5.073003233493345e-09,2.0716527906988958e-08,1.1264139284881716e-10,1.6160317575121077e-12,4.1513005730751235e-11,9.499633554657799e-11,1.1866976999393532e-06,True,174.08598450000864
20260809,2,364,864,0.0003,1.2409783869552456e-06,1.8797993040103786e-08,2.4746092176588793e-09,4.911276971650718e-09,1.7889643591134664e-08,6.199420524915838e-11,1.5555177350481534e-12,2.1085567075016672e-11,5.472745742104682e-11,1.2851912725232742e-06,True,174.52815709999413
20260809,2,365,865,0.0003,1.00654781864632e-06,1.991038526008141e-08,2.4636429085933255e-09,3.088487004358123e-09,1.8588447990320397e-08,8.997261570049513e-11,1.6178991446023304e-12,2.4600192325228248e-11,7.661564300568083e-11,1.0507915881598495e-06,True,174.93219500000123
20260809,2,366,866,0.0003,5.638053734891489e-07,1.6563334433285925e-08,2.4625746846629717e-09,1.4495206363376931e-09,1.5905935995332964e-08,5.3133917902529155e-11,1.5614016063228294e-12,2.779620167492392e-12,4.7051710385252294e-11,6.0029126588883e-07,True,175.39767590002157
20260809,2,367,867,0.0003,2.9848669251665107e-07,1.6434294002320296e-08,2.470718702621663e-09,1.1121026705978142e-09,1.577744411009531e-08,5.4355753951966486e-11,1.5894151371579365e-12,2.324783616120231e-12,4.7958404663669505e-11,3.343874803596551e-07,True,175.8848862000159
20260809,2,368,868,0.0003,4.1147039551261393e-07,1.7964218431995844e-08,2.46119245962888e-09,1.6475172906114888e-09,1.6985476099648214e-08,7.199010607076302e-11,1.5948846410504224e-12,1.1311489121120958e-11,6.207380662279639e-11,4.506757700809542e-07,True,176.28554680000525
20260809,2,369,869,0.0003,6.770658685007374e-07,1.68068339085858e-08,2.466090166876458e-09,2.045380537878678e-09,1.6135059649839473e-08,5.2976369461946256e-11,1.5603360870164636e-12,5.505256944001979e-12,4.7042033234993447e-11,7.146263167596458e-07,True,176.76951010001358
20260809,2,370,870,0.0003,7.189426050097933e-07,1.8046475529669267e-08,2.4676904240360868e-09,1.7476928068996037e-09,1.7053016040942548e-08,7.31104642688931e-11,1.6128742412796005e-12,1.2657394246996261e-11,6.298116307498685e-11,7.58407841707173e-07,True,177.17641760001425
20260809,2,371,871,0.0003,4.803184051730703e-07,1.649146410922481e-08,2.4623585185823197e-09,1.2870034940321562e-09,1.583157433995252e-08,5.351842493159754e-11,1.5639126773231168e-12,2.5100898216348226e-12,4.733866976206633e-11,5.164957367320546e-07,True,177.57893000001786
20260809,2,372,872,0.0003,2.713112908651913e-07,1.667926826991525e-08,2.4655319103983502e-09,9.952334349175745e-10,1.5948614623068703e-08,5.860120589239296e-11,1.5872247167636143e-12,3.5893445831512316e-12,5.132284190653655e-11,3.0751503972059003e-07,True,178.12287720001768
20260809,2,373,873,0.0003,3.32739062769197e-07,1.6915986751049476e-08,2.4664819764242956e-09,1.0631769350002626e-09,1.613312289910847e-08,6.166397339490158e-11,1.5953083862753331e-12,5.221002513733654e-12,5.376999732005629e-11,3.694400816123945e-07,True,178.5577775000129
20260809,2,374,874,0.0003,5.020732189069087e-07,1.649507032043226e-08,2.46246603313832e-09,1.3392014868916686e-09,1.5835189024233037e-08,5.336831028523731e-11,1.5630462209801952e-12,2.8209099014724884e-12,4.7235484985888914e-11,5.383101335229976e-07,True,178.97916980000446
20260809,2,375,875,0.0003,4.988507517522196e-07,1.7673526719505825e-08,2.4654573668336336e-09,1.4521734042960008e-09,1.6739154609653524e-08,6.990191919969444e-11,1.6044692031744547e-12,1.0246351082434466e-11,6.039142200034503e-11,5.373232080139943e-07,True,179.4628221000021
20260809,2,376,876,0.0003,3.3712198530759937e-07,1.6410248516677795e-08,2.466730143021102e-09,1.2874532896112083e-09,1.5763258859016028e-08,5.2963481169097667e-11,1.573296512721723e-12,2.7292767242113277e-12,4.69069413066785e-11,3.7315384911163816e-07,True,179.8884908000182
20260809,2,377,877,0.0003,2.4435904259122743e-07,1.683201085177771e-08,2.460918993912262e-09,9.693088244193923e-10,1.605765864508846e-08,6.087488729813818e-11,1.5805772867075002e-12,4.408730281985192e-12,5.313892562461648e-11,2.8079894302691675e-07,True,180.32445980000193
20260809,2,378,878,0.0003,3.1502730786391676e-07,1.6823264189548007e-08,2.466803277977223e-09,9.868168805205415e-10,1.605052518571772e-08,6.114961912709644e-11,1.5960606913164833e-12,4.946724337491226e-12,5.335816442296342e-11,3.514757679662591e-07,True,180.7607629999984
20260809,2,379,879,0.0003,3.9877635651458267e-07,1.6442841892175525e-08,2.4651339136152437e-09,1.3444148887721291e-09,1.5789802651139533e-08,5.305297258591662e-11,1.5686579569547637e-12,3.069071205531103e-12,4.699524413577958e-11,4.3492323580616923e-07,True,181.15821880000294
20260809,2,380,880,0.0003,3.5599257275061144e-07,1.7793693577891942e-08,2.4608241794554796e-09,1.4546562273850323e-09,1.6825805196288e-08,7.149497432909775e-11,1.5955447302580006e-12,1.0875507476088193e-11,6.167312206492317e-11,3.946731910802322e-07,True,181.52267279999796
20260809,2,381,881,0.0003,2.5643750925894613e-07,1.632973198794626e-08,2.4685042614287137e-09,1.1412066071724152e-09,1.5684550359198536e-08,5.3194987975354745e-11,1.580275381210667e-12,2.5245155586674776e-12,4.707363805932276e-11,2.9216587589166663e-07,True,181.99424329999601
20260809,2,382,882,0.0003,2.3086638194169293e-07,1.6570771803386974e-08,2.4619971657846036e-09,8.751393318819367e-10,1.5845882218743046e-08,5.807804468123658e-11,1.5786952912164783e-12,3.1563978084203247e-12,5.0909198530796485e-11,2.6673389479780117e-07,True,182.40237910000724
20260809,2,383,883,0.0003,2.8879562230754135e-07,1.719211039959572e-08,2.462659949388077e-09,1.0956282364297304e-09,1.6335352325086173e-08,6.561523003978969e-11,1.5932289510960324e-12,7.223292459595627e-12,5.693967044544718e-11,3.2601274463993704e-07,True,182.8366556999972
20260809,2,384,884,0.0003,3.214159346060144e-07,1.6408458794664617e-08,2.468031736183228e-09,1.3818975016592405e-09,1.5761341536081942e-08,5.2738329133363295e-11,1.5742911448075716e-12,3.4342406957431033e-12,4.6761252159217974e-11,3.5754017228773656e-07,True,183.21576680001453
20260809,2,385,885,0.0003,2.7003085850377727e-07,1.742386106883394e-08,2.4601156725506626e-09,1.1916054914456166e-09,1.6517906279250678e-08,6.816412007878168e-11,1.5905411028452122e-12,8.602628837424572e-12,5.898947628705649e-11,3.077616937821643e-07,True,183.5870031999948
20260809,2,386,886,0.0003,2.1403489764821319e-07,1.6383542024229158e-08,2.4652463945236793e-09,8.702207932381379e-10,1.569867812909361e-08,5.5840393954733e-11,1.5820831462455704e-12,2.5487705846376447e-12,4.913658636732475e-11,2.4956169282335077e-07,True,183.95922069999506
20260809,2,387,887,0.0003,2.210987379907483e-07,1.633876268544071e-08,2.4654646336292004e-09,9.076602170342931e-10,1.5666739548265488e-08,5.499004664421271e-11,1.5801704152849256e-12,2.4052090416512962e-12,4.8469516395734017e-11,2.565848100176148e-07,True,184.34961780000594
20260809,2,388,888,0.0003,2.587728126304392e-07,1.7349784807483567e-08,2.4602980462901037e-09,1.1322820598760081e-09,1.6453783010780367e-08,6.765367606610982e-11,1.5908002595234816e-12,8.278770754293524e-12,5.857852878797233e-11,2.963050623307371e-07,True,184.81061119999504
20260809,2,389,889,0.0003,2.6099399492876765e-07,1.631470850680094e-08,2.4666406255974005e-09,1.1072363474721458e-09,1.5663035193286143e-08,5.3402471250490325e-11,1.5764783795454185e-12,2.7090320920052822e-12,4.7248260853469384e-11,2.966505518444998e-07,True,185.2099952000135
20260809,2,390,890,0.0003,2.1957539385112849e-07,1.68137152315854e-08,2.4628685377683857e-09,8.718268838191423e-10,1.602254985886951e-08,6.201675602027687e-11,1.5893507750209109e-12,5.121056729436388e-12,5.405365283103677e-11,2.5586913517952674e-07,True,185.6586264000216
20260809,2,391,891,0.0003,1.9433363576433852e-07,1.6603714533350745e-08,2.4617831261224166e-09,7.968244693967062e-10,1.5856122925963238e-08,5.94479617676837e-11,1.5821867780480094e-12,3.7413732357281756e-12,5.200150857673853e-11,2.3016885384952979e-07,True,186.06549420001102
20260809,2,392,892,0.0003,2.0800799697799547e-07,1.6291592955092577e-08,2.466090715397044e-09,9.025064013071006e-10,1.5626132117132642e-08,5.4568951460561325e-11,1.5808371345135714e-12,2.4315034694720153e-12,4.8143309258827714e-11,2.4340104376824824e-07,True,186.50654339999892
20260809,2,393,893,0.0003,2.2569167182332384e-07,1.7027316602558012e-08,2.4614849222670804e-09,9.38566112741235e-10,1.618810623759848e-08,6.463219182900425e-11,1.5903950185890771e-12,6.503222026746198e-12,5.61508970428244e-11,2.6243602240440575e-07,True,186.89575260001584
20260809,2,394,894,0.0003,2.1886580465506145e-07,1.63313082987166e-08,2.4633440037494053e-09,8.406469596173322e-10,1.5650017110330508e-08,5.542576960310466e-11,1.576783159660137e-12,2.467204797491803e-12,4.881792323716137e-11,2.542594087082727e-07,True,187.25993180001387
20260809,2,395,895,0.0003,1.9294356517385912e-07,1.65219635305726e-08,2.464639813432491e-09,7.594227488328813e-10,1.5787059008863826e-08,5.890277628263038e-11,1.5888433462391388e-12,3.658428157767553e-12,5.156698645252685e-11,2.2859236730980007e-07,True,187.65185650001513
20260809,2,396,896,0.0003,1.801891823266322e-07,1.66276253571884e-08,2.461361419881905e-09,7.62888140923149e-10,1.5867398929236387e-08,6.017284460252983e-11,1.5831643252811693e-12,4.057083108515524e-12,5.258100991540304e-11,2.1602685027581377e-07,True,188.03698669999721
20260809,2,397,897,0.0003,1.8945325691021067e-07,1.6327543581173137e-08,2.4639816170415697e-09,7.862646164299208e-10,1.5640101258116137e-08,5.590957139130243e-11,1.5802428649825388e-12,2.578316382522108e-12,4.919740275947129e-11,2.2478041351636968e-07,True,188.45882880000863
20260809,2,398,898,0.0003,1.9851163591264007e-07,1.669471514785889e-08,2.46336372451682e-09,7.773116702810615e-10,1.5917582034505548e-08,6.127881349980016e-11,1.5904648832450175e-12,4.744409071422512e-12,5.346443293534818e-11,2.344856866101922e-07,True,188.82538550000754
20260809,2,399,899,0.0003,1.9184587879454374e-07,1.6386216308185634e-08,2.4617937214449874e-09,7.405244399205787e-10,1.5679728758564745e-08,5.696580592110306e-11,1.5776968427761637e-12,2.7797773605942047e-12,5.0033250999811535e-11,2.2722549855378395e-07,True,189.17973370000254
20260809,2,400,900,0.0003,1.7464928977068442e-07,1.649677656419428e-08,2.4638647157147513e-09,7.174077575771019e-10,1.5760585906173123e-08,5.893815108404229e-11,1.5875502309742429e-12,3.6317962846491077e-12,5.1596734788227705e-11,2.1020367894673157e-07,True,189.54421459999867
20260809,2,401,901,0.0003,1.6675991558840915e-07,1.6491378415536457e-08,2.4626609827520887e-09,7.077365865552519e-10,1.575512913379221e-08,5.886156142344744e-11,1.5844666473437313e-12,3.5311634274847916e-12,5.153661654162157e-11,2.0229233451508504e-07,True,190.09133060000022
20260809,2,402,902,0.0003,1.7215544863861446e-07,1.6400318678155214e-08,2.4620611887800734e-09,7.058942586548214e-10,1.5685187726924742e-08,5.753532223846955e-11,1.5801154666374453e-12,2.9822735517375983e-12,5.0484402859981385e-11,2.0752149260524613e-07,True,190.48067410002113
20260809,2,403,903,0.0003,1.769337163233935e-07,1.6568467938664574e-08,2.463620957078775e-09,7.093801368626747e-10,1.5812112756403862e-08,6.0111820620588e-11,1.5896080228828217e-12,4.164688381597034e-12,5.2533143682601484e-11,2.12605697373111e-07,True,190.91685170002165
20260809,2,404,904,0.0003,1.7196615858412775e-07,1.6359996844212517e-08,2.462185519265111e-09,7.014380951644966e-10,1.5652679995690712e-08,5.705410406888321e-11,1.5794420065256001e-12,2.836810888148781e-12,5.0104453242049105e-11,2.0725403384866616e-07,True,191.34542100000544
20260809,2,405,905,0.0003,1.60690055167437e-07,1.6564198801027946e-08,2.4622289447432835e-09,6.912590855668194e-10,1.580611636671203e-08,6.012496199875775e-11,1.5863218454223044e-12,4.0854391661157106e-12,5.254467549051501e-11,1.963321997639879e-07,True,191.75410120000015
20260809,2,406,906,0.0003,1.5512122221168498e-07,1.639254689569301e-08,2.46345406109718e-09,6.714381585827726e-10,1.5673190181706138e-08,5.790474472059119e-11,1.5849314551921142e-12,3.188110277020323e-12,5.077740956735552e-11,1.9043530670478422e-07,True,192.118726900022
20260809,2,407,907,0.0003,1.5659402612943436e-07,1.6422584969322234e-08,2.4615974070411114e-09,6.631105704644196e-10,1.5694957650259357e-08,5.82741835987119e-11,1.5811554235517456e-12,3.240209217312388e-12,5.1072329978894705e-11,1.9195044460473996e-07,True,192.52274610000313
20260809,2,408,908,0.0003,1.587834084016793e-07,1.6560293586591728e-08,2.462627745684606e-09,6.731805717212715e-10,1.5799443123952704e-08,6.031711668715384e-11,1.5880475303025384e-12,4.202232035008716e-12,5.269861675930997e-11,1.9439775944264136e-07,True,192.9454481000139
20260809,2,409,909,0.0003,1.56683636785424e-07,1.631324581384179e-08,2.462926594678157e-09,6.749721704832422e-10,1.5611322069109365e-08,5.6768366519547886e-11,1.5810796687852581e-12,2.800248877468428e-12,4.9880094967813947e-11,1.9185713322357017e-07,True,193.32775910000782
20260809,2,410,910,0.0003,1.495369272594803e-07,1.6601871776189428e-08,2.4612700410669574e-09,6.674366481217581e-10,1.582941540039065e-08,6.090349991933033e-11,1.585906742577226e-12,4.405906921797529e-12,5.316785984294347e-11,1.8521698429867573e-07,True,193.704547500005
20260809,2,411,911,0.0003,1.4446814542023463e-07,1.636238536369085e-08,2.463129789192157e-09,6.390886578413691e-10,1.5644227961520664e-08,5.780851245996661e-11,1.5843838239290852e-12,3.1469524153919505e-12,5.070316412573928e-11,1.796902202053047e-07,True,194.11811390001094
20260809,2,412,912,0.0003,1.4313407314908994e-07,1.6403100912658582e-08,2.461940503412632e-09,6.288751921869224e-10,1.567384328228267e-08,5.840085178072371e-11,1.5828104413109833e-12,3.3150733056342424e-12,5.117436760800439e-11,1.7841630614276642e-07,True,194.55090940001537
20260809,2,413,913,0.0003,1.4390589259973516e-07,1.6559847814425287e-08,2.461618496890528e-09,6.407769065729312e-10,1.5793221689258637e-08,6.059299571125174e-11,1.5865474790689756e-12,4.2730263592848285e-12,5.2920567481464005e-11,1.794807306439136e-07,True,194.9210023000196
20260809,2,414,914,0.0003,1.437157177893488e-07,1.6295515088210762e-08,2.4630383972127877e-09,6.403767320287259e-10,1.5591671660494116e-08,5.6897725556979284e-11,1.5821593291904614e-12,2.8585241502610876e-12,4.998419909537927e-11,1.7881764227542698e-07,True,195.3339890000061
20260809,2,415,915,0.0003,1.3938997803964943e-07,1.6575200358930796e-08,2.46116361876183e-09,6.322131135763783e-10,1.580296818288691e-08,6.088934923660371e-11,1.5861479701629625e-12,4.39030399706746e-12,5.315799655676896e-11,1.7498154711156593e-07,True,195.71273749999818
20260809,2,416,916,0.0003,1.3509016652600163e-07,1.636215115119969e-08,2.462319818243218e-09,6.057158927868516e-10,1.5638209936038284e-08,5.810349958080863e-11,1.583480664607939e-12,3.227841180032587e-12,5.093960682598131e-11,1.7027241775252115e-07,True,196.14013090002118
20260809,2,417,917,0.0003,1.3232256288890736e-07,1.6390147852414942e-08,2.462207815346047e-09,5.968503270131703e-10,1.5658108776735458e-08,5.858961337698372e-11,1.584385524650444e-12,3.4116648435844235e-12,5.1325841860377324e-11,1.6754478916602255e-07,True,196.54171790002147
20260809,2,418,918,0.0003,1.3159421660390016e-07,1.651711778364028e-08,2.4611580353083513e-09,6.023592731669742e-10,1.575451838095207e-08,6.033234098946058e-11,1.5853918056126174e-12,4.119574758289871e-12,5.271419982968966e-11,1.670481215843509e-07,True,196.9194575000147
20260809,2,419,919,0.0003,1.3168801238656672e-07,1.631055713233351e-08,2.4625430930768165e-09,5.971285456733195e-10,1.5596480568949917e-08,5.7505021634030765e-11,1.5828787871812474e-12,3.0378109777814414e-12,5.046658788278296e-11,1.6676731402588207e-07,True,197.2789041000069
20260809,2,420,920,0.0003,1.295641762088728e-07,1.6516228910206842e-08,2.4613918957874327e-09,5.924340509777576e-10,1.575175858162372e-08,6.045700648876283e-11,1.5864085424547229e-12,4.193998435625013e-12,5.281424918043661e-11,1.6500504131011579e-07,True,197.65057100000558
20260809,2,421,921,0.0003,1.267728453808496e-07,1.6362569658515823e-08,2.461638801470622e-09,5.745840016070259e-10,1.563303270006893e-08,5.83942332852097e-11,1.5828533835275477e-12,3.3138966986927367e-12,5.1172644179043306e-11,1.6191913417005845e-07,True,198.14076179999392
20260809,2,422,922,0.0003,1.2366375209415805e-07,1.6399799876859786e-08,2.4620927422696475e-09,5.672578701101379e-10,1.565996975289565e-08,5.90505973497068e-11,1.5855400654470654e-12,3.601494468153493e-12,5.169403843693169e-11,1.588688040066135e-07,True,198.5955295000167
20260809,2,423,923,0.0003,1.2161957201761162e-07,1.6445337620024657e-08,2.4611454144009883e-09,5.641493290058904e-10,1.569386241693156e-08,5.967880548970229e-11,1.5845306680401543e-12,3.821280436985304e-12,5.2194869973178045e-11,1.5690134628454266e-07,True,198.97709930001292
20260809,2,424,924,0.0003,1.208429692955436e-07,1.634774934014706e-08,2.461860785147888e-09,5.57837759271783e-10,1.5618586085495975e-08,5.838640014817686e-11,1.5836532047513873e-12,3.3277110678911763e-12,5.116735011644164e-11,1.5594346838014353e-07,True,199.3319094000035
20260809,2,425,925,0.0003,1.1981870110366164e-07,1.645280596145034e-08,2.461553387019665e-09,5.556605297564362e-10,1.5697590142076255e-08,5.992717591852341e-11,1.5862371954125475e-12,3.958294604378677e-12,5.239319400172756e-11,1.5510417602568436e-07,True,199.75880430001416
20260809,2,426,926,0.0003,1.1846568663231181e-07,1.6359958510930848e-08,2.4612470246004393e-09,5.457153275144816e-10,1.562583320104397e-08,5.864338421319822e-11,1.5828335655918774e-12,3.3992578884270233e-12,5.137247324015901e-11,1.5357343864530898e-07,True,200.17213560000528
20260809,2,427,927,0.0003,1.160976840298044e-07,1.6418182757059808e-08,2.4617197468263834e-09,5.415253365972077e-10,1.5668985081384274e-08,5.958285520578531e-11,1.5861321200311564e-12,3.815342601475534e-12,5.2119422364801745e-11,1.513052007039642e-07,True,200.5565373999998
20260809,2,428,928,0.0003,1.138085109282218e-07,1.6378927970432747e-08,2.46126156763412e-09,5.33943318687869e-10,1.5638119047915554e-08,5.904841709933571e-11,1.5839218893594025e-12,3.5644970861971497e-12,5.16949005205683e-11,1.4893665456948754e-07,True,200.96633600001223
20260809,2,429,929,0.0003,1.1196017088685177e-07,1.6392641190414113e-08,2.4612759382329488e-09,5.290325348911799e-10,1.564756197077735e-08,5.930538508911719e-11,1.5845876371828462e-12,3.673353156515096e-12,5.189957471444639e-11,1.4710714542176464e-07,True,201.37425210000947
20260809,2,430,930,0.0003,1.1074975781450572e-07,1.6394539268218142e-08,2.4615406733017303e-09,5.243377071741534e-10,1.5648017911538226e-08,5.940991298906215e-11,1.5855619920466922e-12,3.733535133133257e-12,5.1982892454548393e-11,1.458949052773068e-07,True,201.78777240001364
20260809,2,431,931,0.0003,1.097899338705307e-07,1.6365184485944602e-08,2.461033370210141e-09,5.184974982442561e-10,1.5624845464911403e-08,5.900214563210117e-11,1.5834805798980021e-12,3.538409942971518e-12,5.1659318432943075e-11,1.4487527804442903e-07,True,202.29120070001227
20260809,2,432,932,0.0003,1.084173748191436e-07,1.641977467749216e-08,2.461316538520276e-09,5.167339663243004e-10,1.566551407973271e-08,5.985388317501428e-11,1.58607282202845e-12,3.917308134234134e-12,5.233709744129641e-11,1.4359840844278558e-07,True,202.73649920002208
20260809,2,433,933,0.0003,1.0691663981595886e-07,1.6339906236472156e-08,2.4612873884784786e-09,5.093976900666767e-10,1.560382671994675e-08,5.876020192992393e-11,1.5837440392276263e-12,3.459461609465028e-12,5.146770027705891e-11,1.4194632895877858e-07,True,203.17274650000036
20260809,2,434,934,0.0003,1.0494004572706761e-07,1.6424712491076547e-08,2.460874989719616e-09,5.07317143522295e-10,1.566754051245415e-08,5.999473478646438e-11,1.585391934494098e-12,3.9567363634757075e-12,5.2450200789488586e-11,1.4011847792771413e-07,True,203.55590030000894
20260809,2,435,935,0.0003,1.0336773756632538e-07,1.6348418230285692e-08,2.4613939711011416e-09,4.987593164556739e-10,1.560835894894877e-08,5.900790952867983e-11,1.584713078920972e-12,3.565922077024274e-12,5.16650471567369e-11,1.3840049162495806e-07,True,203.93251350001083
20260809,2,436,936,0.0003,1.0186959464002014e-07,1.6383276040614062e-08,2.4608658937115434e-09,4.9428111966447e-10,1.5634025330005764e-08,5.952248231805466e-11,1.584551445286046e-12,3.7519177146412426e-12,5.207485110215758e-11,1.3695897682659613e-07,True,204.3342612000124
20260809,2,437,937,0.0003,1.0066432940737534e-07,1.6392800954443285e-08,2.461013539700553e-09,4.905448283067792e-10,1.5640405656860597e-08,5.971965641909136e-11,1.5854137246275972e-12,3.846160450414803e-12,5.2232010372229654e-11,1.357664776276529e-07,True,204.77688290001242
20260809,2,438,938,0.0003,9.966116648233327e-08,1.6334878620832687e-08,2.4611589600271503e-09,4.849125945441317e-10,1.5595496199445294e-08,5.894719091590453e-11,1.5841996904701548e-12,3.5348568913866535e-12,5.161803351182823e-11,1.3465329713819213e-07,True,205.19725729999482
20260809,2,439,939,0.0003,9.829294545213024e-08,1.6421742280587496e-08,2.460652841352691e-09,4.84556945422482e-10,1.5660945004107265e-08,6.019144508551044e-11,1.585602682735631e-12,4.037006106184489e-12,5.260860217205389e-11,1.3343926517964663e-07,True,205.60380139999324
20260809,2,440,940,0.0003,9.709256081780504e-08,1.632567917047759e-08,2.4611643992747698e-09,4.759721211711522e-10,1.5586802786105443e-08,5.89151337682546e-11,1.5842790644474007e-12,3.5259218569752815e-12,5.1593235648286565e-11,1.3205779786517198e-07,True,206.02469240000937
20260809,2,441,941,0.0003,9.549064538689453e-08,1.6398400752792132e-08,2.4607124538593847e-09,4.732610873729935e-10,1.564132571989822e-08,5.997455057717251e-11,1.5854611033638946e-12,3.945146327208854e-12,5.243638151091592e-11,1.305822869403359e-07,True,206.50623689999338
20260809,2,442,942,0.0003,9.413996867098575e-08,1.6354621912716367e-08,2.460809695197617e-09,4.661902343610966e-10,1.5607051713411503e-08,5.941339201110731e-11,1.5846069426695033e-12,3.7111188247691194e-12,5.1990084010877945e-11,1.2914534142846175e-07,True,206.86664789999486
20260809,2,443,943,0.0003,9.283379690131123e-08,1.635529545385306e-08,2.4609228536376863e-09,4.6190215534745283e-10,1.5606712679153852e-08,5.948133946694223e-11,1.585108830041516e-12,3.746850142325485e-12,5.204437306932878e-11,1.2783548771481192e-07,True,207.21836150001036
20260809,2,444,944,0.0003,9.160759630787482e-08,1.6383247350358103e-08,2.460554439286164e-09,4.5902458832247995e-10,1.5627276614782466e-08,5.989605978448955e-11,1.5851086176081958e-12,3.904832453792896e-12,5.2374912866377866e-11,1.266554602143463e-07,True,207.63918840000406
20260809,2,445,945,0.0003,9.059567019778977e-08,1.6334271338655435e-08,2.460873974740701e-09,4.5313499273978474e-10,1.558912739203099e-08,5.926932874584105e-11,1.5846586287681276e-12,3.659810263569672e-12,5.187647425541795e-11,1.2554946816785026e-07,True,208.02240630000597
20260809,2,446,946,0.0003,8.94110344344855e-08,1.638409748815091e-08,2.4605983280705356e-09,4.5107596949901857e-10,1.5626327530967975e-08,6.000478942158894e-11,1.5855786325768119e-12,3.957111384779021e-12,5.2462049091231436e-11,1.2445114327970412e-07,True,208.45449940001708
20260809,2,447,947,0.0003,8.836654254200976e-08,1.633719893505485e-08,2.4606195809418455e-09,4.4460280891514017e-10,1.558978279713683e-08,5.938637936683343e-11,1.5843977144737784e-12,3.696986046598425e-12,5.197033212231139e-11,1.2331538475930864e-07,True,208.8504482000135
20260809,2,448,948,0.0003,8.712738406687105e-08,1.6369525285367896e-08,2.4606849684127163e-09,4.419154492150522e-10,1.561360151445091e-08,5.989956065316027e-11,1.5857167773101498e-12,3.918157744613614e-12,5.237884038830346e-11,1.22130893559881e-07,True,209.22767640001257
20260809,2,449,949,0.0003,8.59684682998832e-08,1.6343721965845995e-08,2.4604811075960663e-09,4.363917231537884e-10,1.559318465517377e-08,5.956249241394441e-11,1.5845529109620239e-12,3.76484663402446e-12,5.211108292334144e-11,1.2091927072653507e-07,True,209.60063840000657
20260809,2,450,950,0.0003,8.474633194490974e-08,1.6359037933120522e-08,2.4605812606513485e-09,4.3318442657969133e-10,1.5604064882279893e-08,5.983429701056419e-11,1.5854455616913616e-12,3.886406795017827e-12,5.2327544235992366e-11,1.1972083414114449e-07,True,210.027622900001
20260809,2,451,951,0.0003,8.362755342965626e-08,1.634477622184209e-08,2.460519184326462e-09,4.2849843759938786e-10,1.5592444677223555e-08,5.967123408272995e-11,1.5850077044036392e-12,3.814963158239029e-12,5.219814207682408e-11,1.1857106129766996e-07,True,210.47421240000403
20260809,2,452,952,0.0003,8.253085550898471e-08,1.6351764344694328e-08,2.460394363655288e-09,4.2485801724015065e-10,1.559703665696546e-08,5.980493354723329e-11,1.5850356721271927e-12,3.865894520683037e-12,5.2304898791928747e-11,1.174824696540719e-07,True,210.88674740001443
20260809,2,453,953,0.0003,8.150355244327319e-08,1.634796570458862e-08,2.4605243250103673e-09,4.20961160992573e-10,1.5593379436306785e-08,5.980473062050613e-11,1.5854280528652403e-12,3.8741799659839425e-12,5.2304957932180976e-11,1.1644395236674308e-07,True,211.27626919999602
20260809,2,454,954,0.0003,8.051445560833528e-08,1.6339152821257133e-08,2.460335428532955e-09,4.16663038107096e-10,1.55859615065939e-08,5.970715262949878e-11,1.5848017038805913e-12,3.823853052039531e-12,5.222774205434835e-11,1.1543391195226612e-07,True,211.67129480000585
20260809,2,455,955,0.0003,7.948520623449004e-08,1.635703061320515e-08,2.460378966376494e-09,4.1401713538188286e-10,1.559886073884642e-08,6.000687419971697e-11,1.585601781598317e-12,3.955207879260207e-12,5.2466494894855354e-11,1.1443350786705543e-07,True,212.15026789999683
20260809,2,456,956,0.0003,7.854737926433578e-08,1.632460780891212e-08,2.46039297630606e-09,4.0886370348378676e-10,1.557344144527245e-08,5.958796381656366e-11,1.5848113035223198e-12,3.780081561570012e-12,5.213349992062561e-11,1.134317715549125e-07,True,212.55920620000688
20260809,2,457,957,0.0003,7.747473256700496e-08,1.636274383243319e-08,2.4602029558104805e-09,4.0713573959929867e-10,1.5601828974760183e-08,6.015628607841892e-11,1.585581365434923e-12,4.0125080382979424e-12,5.258613214269416e-11,1.1242498457723297e-07,True,212.93327639999916
20260809,2,458,958,0.0003,7.65498112547926e-08,1.6318986479548802e-08,2.4603946192477354e-09,4.0140004836457397e-10,1.5567741981266392e-08,5.959088650407298e-11,1.584936943817449e-12,3.7840045899847406e-12,5.213641736921625e-11,1.114154306286272e-07,True,213.38846270000795
20260809,2,459,959,0.0003,7.548172486949672e-08,1.6355733147172125e-08,2.460147168469082e-09,3.9941826271104967e-10,1.559507463162254e-08,6.01357540395752e-11,1.5855140898232542e-12,4.002371657560606e-12,5.2570367288825037e-11,1.1041039208654729e-07,True,213.8925484000065
20260809,2,460,960,0.0003,7.455143343160524e-08,1.6325052564670324e-08,2.4602669815243624e-09,3.9421552569908077e-10,1.5570965046758154e-08,5.975100011729355e-11,1.5850689373413645e-12,3.845939693815274e-12,5.226438839615038e-11,1.0941937994740177e-07,True,214.46341160000884
20260809,2,461,961,0.0003,7.355859570095472e-08,1.6340074993629826e-08,2.4601880261320167e-09,3.9135284502585886e-10,1.558173030565935e-08,5.99992698188224e-11,1.5854481736233643e-12,3.947761214733845e-12,5.24622476310882e-11,1.0844993659824005e-07,True,214.82819240001845
20260809,2,462,962,0.0003,7.262804198503955e-08,1.6334521021531855e-08,2.4601092373324302e-09,3.87519491306807e-10,1.5576825927551226e-08,5.995413080125817e-11,1.5852080287339671e-12,3.925208960431701e-12,5.242665431136228e-11,1.0750490886486366e-07,True,215.1962266000046
20260809,2,463,963,0.0003,7.17239424892531e-08,1.6326948826733397e-08,2.4601960843234333e-09,3.838024338259279e-10,1.557036827766404e-08,5.989282615752622e-11,1.585354081947956e-12,3.905116523839452e-12,5.237808890984642e-11,1.0658301949747306e-07,True,215.62934909999603
20260809,2,464,964,0.0003,7.080587931607575e-08,1.6338097817644773e-08,2.460035459214696e-09,3.80938236283041e-10,1.557822553963455e-08,6.007745113256877e-11,1.5853867980065922e-12,3.975987763431708e-12,5.252537138892999e-11,1.0568134056593575e-07,True,216.08319870001287
20260809,2,465,965,0.0003,6.995633913608997e-08,1.632133414893006e-08,2.4601124506750923e-09,3.767740574704441e-10,1.556477516388807e-08,5.988408856728766e-11,1.5852294142989007e-12,3.899117913831716e-12,5.2371725000571055e-11,1.0479707511794963e-07,True,216.57309089999762
20260809,2,466,966,0.0003,6.906500074177361e-08,1.6335417721655717e-08,2.4600344224118e-09,3.7419047979152923e-10,1.5574867387606293e-08,6.011625206893606e-11,1.5855713826166119e-12,3.9946867536301515e-12,5.255678642572013e-11,1.0392776404986985e-07,True,217.01109250000445
20260809,2,467,967,0.0003,6.824194508791511e-08,1.631927729249637e-08,2.460000951563792e-09,3.700096666662591e-10,1.5561919961211157e-08,5.992238515644926e-11,1.5851306388102804e-12,3.911356998603248e-12,5.240279895008916e-11,1.0307097463159664e-07,True,217.46849510000902
20260809,2,468,968,0.0003,6.737520552076267e-08,1.6332296774622068e-08,2.4600183282726837e-09,3.675345407946713e-10,1.5571199560081503e-08,6.014628447948824e-11,1.58569651304318e-12,4.0087259624448836e-12,5.258121229374203e-11,1.022245766437823e-07,True,217.94866190000903
20260809,2,469,969,0.0003,6.657342770700377e-08,1.631525997144111e-08,2.459942183991106e-09,3.6334557944270257e-10,1.555758871090858e-08,5.993554444592323e-11,1.5851106354422609e-12,3.915870581580414e-12,5.2413816810266704e-11,1.0138741449526047e-07,True,218.44659490001504
20260809,2,470,970,0.0003,6.5717649563772e-08,1.6332315817805425e-08,2.4599400083519886e-09,3.611859956063543e-10,1.556996327051511e-08,6.021416760004426e-11,1.5857403511060857e-12,4.035614465626264e-12,5.2635802043825475e-11,1.005595259805115e-07,True,218.92268700001296
20260809,2,471,971,0.0003,6.494686661775695e-08,1.630880169964074e-08,2.4599367566892945e-09,3.567708466723075e-10,1.5551416849341117e-08,5.991639986909318e-11,1.5851560200368016e-12,3.9097507963701045e-12,5.239910764236497e-11,9.974160318442825e-08,True,219.3096993000072
20260809,2,472,972,0.0003,6.409781113068252e-08,1.6333381205397026e-08,2.4598383578749786e-09,3.550446493933878e-10,1.5569554425746642e-08,6.02934105934149e-11,1.5857452050907686e-12,4.066154565027301e-12,5.26994482329075e-11,9.893427452769101e-08,True,219.8004123000137
20260809,2,473,973,0.0003,6.336063654486105e-08,1.6303198664992114e-08,2.459926782591883e-09,3.50362485309333e-10,1.5545918873426215e-08,5.990790512618134e-11,1.5852089387237595e-12,3.907822913836001e-12,5.2392853439014606e-11,9.813783714159833e-08,True,220.29220349999378
20260809,2,474,974,0.0003,6.252584283870911e-08,1.633198761649208e-08,2.459771551424592e-09,3.4887437412073457e-10,1.55672832235461e-08,6.033965585230988e-11,1.5857675503259399e-12,4.084314874851546e-12,5.273678646328111e-11,9.735250612903338e-08,True,220.7072765000048
20260809,2,475,975,0.0003,6.181344373726927e-08,1.6300634131917253e-08,2.459871408744418e-09,3.441385511865814e-10,1.554276066959994e-08,5.993809997542276e-11,1.5852272602464451e-12,3.919527795852754e-12,5.241739917845558e-11,9.657870875292745e-08,True,221.12432980001904
20260809,2,476,976,0.0003,6.100507865065823e-08,1.6327901222206816e-08,2.459749219824797e-09,3.4264186662818846e-10,1.5562969468569754e-08,6.035030705254192e-11,1.5858284302917626e-12,4.089454012249083e-12,5.2745756210710294e-11,9.581711177359359e-08,True,221.56141300001764
20260809,2,477,977,0.0003,6.031243743863552e-08,1.629948256263411e-08,2.4597893941589254e-09,3.3806290311892024e-10,1.5540702746067878e-08,5.998521128115852e-11,1.5852115638619042e-12,3.936787261798512e-12,5.245540717938846e-11,9.506843766190156e-08,True,222.04433540001628
20260809,2,478,978,0.0003,5.9535341138583785e-08,1.6324086763212137e-08,2.4597345346739934e-09,3.365632419780318e-10,1.5558882997046535e-08,6.036424126731592e-11,1.5859123662626457e-12,4.096401817200399e-12,5.2757316052706975e-11,9.433341254699797e-08,True,222.55167939999956
20260809,2,479,979,0.0003,5.88694863620493e-08,1.6296459553527127e-08,2.4597250372752546e-09,3.3206609417987265e-10,1.5537240004898192e-08,6.000565256136272e-11,1.5851811314283416e-12,3.943817942501171e-12,5.247217518406523e-11,9.361298387874909e-08,True,222.95007130000158
20260809,2,480,980,0.0003,5.811833391951141e-08,1.6323581326894714e-08,2.459690117689754e-09,3.308600024957928e-10,1.5557352396370297e-08,6.04208687432728e-11,1.5860067197233756e-12,4.120254471984722e-12,5.2802884039068864e-11,9.290874777693603e-08,True,223.4510045000061
20260809,2,481,981,0.0003,5.749886524109904e-08,1.6289772316625914e-08,2.4596986234959463e-09,3.2612147989175513e-10,1.5531008496650706e-08,5.997505890870276e-11,1.5851367298116115e-12,3.9316437154639114e-12,5.244832049052502e-11,9.222340631760786e-08,True,223.88754130000598
20260809,2,482,982,0.0003,5.677074132108282e-08,1.632715179703656e-08,2.459614405482213e-09,3.2565371811576067e-10,1.5558967779321732e-08,6.053053406154495e-11,1.586127627161014e-12,4.165670686012878e-12,5.2890700901499095e-11,9.15613020543153e-08,True,224.3316173000203
20260809,2,483,983,0.0003,5.622947573882704e-08,1.6279734407034932e-08,2.4596956161330853e-09,3.2031561051976925e-10,1.5522255191333996e-08,5.989630975149358e-11,1.5850450732966463e-12,3.9010294733417845e-12,5.2386145788441926e-11,9.092924509393542e-08,True,224.79820990000735
20260809,2,484,984,0.0003,5.554041400755488e-08,1.6334240352380234e-08,2.459531766975101e-09,3.210464728466345e-10,1.556331004411591e-08,6.068639920869071e-11,1.5863207625493862e-12,4.231583462174571e-12,5.301533310034399e-11,9.033806228040652e-08,True,225.2819783000159
20260809,2,485,985,0.0003,5.513485837219631e-08,1.6266963193733324e-08,2.4596908542660646e-09,3.14812438948182e-10,1.5511469415363546e-08,5.977485699655452e-11,1.5848518381705673e-12,3.85356823158503e-12,5.2290047336928825e-11,8.980529759891067e-08,True,225.75517620000755
20260809,2,486,986,0.0003,5.4546395232790655e-08,1.6345652646287788e-08,2.4594596030157317e-09,3.1736737078187777e-10,1.557101387952965e-08,6.089928465449616e-11,1.5866495472213956e-12,4.324722318884844e-12,5.318543656370189e-11,8.935988482549e-08,True,226.27334340001107
20260809,2,487,987,0.0003,5.44155640763965e-08,1.625005539046621e-08,2.459679534036177e-09,3.099799177869383e-10,1.549762041835055e-08,5.958726032244172e-11,1.584488339349105e-12,3.780921695541125e-12,5.2141447897565445e-11,8.904999345529128e-08,True,226.747422800021
20260809,2,488,988,0.0003,5.41095606061199e-08,1.6365856785834916e-08,2.4593898091071957e-09,3.1571820569014516e-10,1.5585557863026967e-08,6.122600572421978e-11,1.5871985801974728e-12,4.472460967224308e-12,5.344638349113493e-11,8.89568153185419e-08,True,227.13979040001868
20260809,2,489,989,0.0003,5.463255094982722e-08,1.6225049236020318e-08,2.4596839683361084e-09,3.070540367308675e-10,1.5477808798284732e-08,5.926861079913993e-11,1.5838518670408789e-12,3.66278888193825e-12,5.18889487567066e-11,8.921855118950407e-08,True,227.53114130001632
20260809,2,490,990,0.0003,5.515270809271268e-08,1.6405283302459462e-08,2.4592916775230343e-09,3.193161422260466e-10,1.5615122681857612e-08,6.179314789907048e-11,1.588112913532587e-12,4.738259760163642e-12,5.3899437804030406e-11,9.007374085515562e-08,True,227.97822270001052
20260809,2,491,991,0.0003,5.741733343650534e-08,1.618684081165588e-08,2.4597430998903425e-09,3.1025412920242463e-10,1.544852353278505e-08,5.871724241283832e-11,1.5827566405944339e-12,3.4769518464467963e-12,5.1452441036276866e-11,9.19379244019752e-08,True,228.4448859000113
20260809,2,492,992,0.0003,6.046070760340848e-08,1.6485359033115667e-08,2.4591280926417828e-09,3.373837808020045e-10,1.5676733554833708e-08,6.284428239718097e-11,1.5896804397254628e-12,5.257779664490638e-12,5.4739952492191627e-11,9.554374375979523e-08,True,228.96114490000764
20260809,2,493,993,0.0003,6.773883540632523e-08,1.6133604271781166e-08,2.4599063464955316e-09,3.3333173363082253e-10,1.5409553647133066e-08,5.781146645610906e-11,1.5808514307820596e-12,3.232683694715606e-12,5.0737607722878836e-11,1.0218859401467028e-07,True,229.35877600000822
20260809,2,494,994,0.0003,7.873464068591382e-08,1.6654476333640168e-08,2.458860560821029e-09,3.9738565839157833e-10,1.5809399268970976e-08,6.488543844927139e-11,1.5924679971627913e-12,6.349088601943776e-12,5.637527807877183e-11,1.1418396478086472e-07,True,229.8907892999996
20260809,2,495,995,0.0003,1.0116094988013185e-07,1.6082739181086167e-08,2.4602483811853542e-09,4.2044265294633024e-10,1.5377852463666232e-08,5.6493503811325476e-11,1.5775140766594771e-12,3.091661340546236e-12,4.9706409193981845e-11,1.3561310164743845e-07,True,230.42875570000615
20260809,2,496,996,0.0003,1.372727439903939e-07,1.7032059183738677e-08,2.4584501915714005e-09,5.823927972183117e-10,1.6110690726069312e-08,6.906016175043266e-11,1.5975538956446455e-12,8.819798158714748e-12,5.972967735267689e-11,1.7359554408014904e-07,True,230.84807870001532
20260809,2,497,997,0.0003,2.0509478319238665e-07,1.6126495915091946e-08,2.460906522946464e-09,7.069478369509093e-10,1.5434878297417706e-08,5.514697656079623e-11,1.571818158736931e-12,3.774195391865578e-12,4.868815826510704e-11,2.399331929131701e-07,True,231.21861350000836
20260809,2,498,998,0.0003,3.1404964134998354e-07,1.7900253932958424e-08,2.4579003983476047e-09,1.1216888637017825e-09,1.681395353733527e-08,7.783958355087405e-11,1.6067220190296545e-12,1.462433744767957e-11,6.680932012282722e-11,3.5250431804546704e-07,True,231.6444119999942
20260809,2,499,999,0.0003,4.95671142143761e-07,1.654959302829665e-08,2.4620497466348482e-09,1.5181100478306947e-09,1.5824175520023926e-08,5.559925447333473e-11,1.563098501831146e-12,7.372470606379538e-12,4.919432456076861e-11,5.321387996346895e-07,True,232.0678955000185
20260809,2,500,1000,0.0003,7.436984622556242e-07,1.9628366636747095e-08,2.4574615076662416e-09,2.3770126053094158e-09,1.8229933803430805e-08,9.403241081818814e-11,1.621095851299963e-12,2.6412257482969696e-11,7.991225774354606e-11,7.865932148306737e-07,True,232.49937920001685
20260809,2,501,1001,0.0003,1.027003586443912e-06,1.7545556377657744e-08,2.463274561774221e-09,2.9436965441777782e-09,1.67002984288332e-08,5.998407729141485e-11,1.5536402392798406e-12,1.5102054531846252e-11,5.293783133634767e-11,1.066785989959754e-06,True,232.96526580001228
20260809,2,502,1002,0.0003,1.1753396826032596e-06,2.1034482222549737e-08,2.45781285171139e-09,3.4817289688937083e-09,1.9389242260477345e-08,1.0666381293835754e-10,1.6323193745945237e-12,3.616274254341696e-11,9.015473604549641e-11,1.2219375625177936e-06,True,233.38409780000802
20260809,2,503,1003,0.0003,1.018774190025681e-06,1.738199501800151e-08,2.462189220479097e-09,2.7095974678563692e-09,1.655644420806655e-08,5.918806106508604e-11,1.5530362356588863e-12,1.3770437948317969e-11,5.226425021782841e-11,1.0580111917255514e-06,True,233.81166310000117
20260809,2,504,1004,0.0003,5.505672039509236e-07,1.8504538619155923e-08,2.4591725692360677e-09,1.5498361899854014e-09,1.7306397711148286e-08,8.377373664785895e-11,1.616407350177966e-12,1.8949058603276484e-11,7.160573878683137e-11,5.905630939818374e-07,True,234.2623225999996
20260809,2,505,1005,0.0003,1.284482841815544e-07,1.608874164411375e-08,2.4586130934660828e-09,3.951371654299102e-10,1.5377695338631033e-08,5.6749728519772324e-11,1.5743574367884388e-12,3.1113029904897332e-12,4.991229528145235e-11,1.628798191074237e-07,True,234.7678198000067
20260809,2,506,1006,0.0003,7.13442426037003e-08,1.606531006455741e-08,2.46075083337824e-09,3.589257403533869e-10,1.5355938568774497e-08,5.6871016144856294e-11,1.5805071316177436e-12,3.13166615759077e-12,5.0001344521912395e-11,1.056967523447198e-07,True,235.16856530000223
20260809,2,507,1007,0.0003,3.2678701481232085e-07,1.7909416149510985e-08,2.457958443433297e-09,1.1152020971570548e-09,1.681775356433862e-08,7.814133768940535e-11,1.607685043213127e-12,1.4812695440654486e-11,6.705253915856346e-11,3.6524895932409265e-07,True,235.5738440999994
20260809,2,508,1008,0.0003,5.616736045469096e-07,1.6542745349171157e-08,2.4607276875930577e-09,1.484387902487044e-09,1.5814373275931188e-08,5.570695235438003e-11,1.5606987252133343e-12,7.292156927709177e-12,4.927945429007384e-11,5.980896780243894e-07,True,236.00350409999373
20260809,2,509,1009,0.0003,4.954320365136276e-07,1.823919575141454e-08,2.4594592521377803e-09,1.3570152469240276e-09,1.708766698813756e-08,8.13565694313397e-11,1.614923537813138e-12,1.723328232661978e-11,6.965164713394308e-11,5.347452301746712e-07,True,236.4130703000119
20260809,2,510,1010,0.0003,2.1926148890256778e-07,1.609992374697727e-08,2.458806711415232e-09,5.729140643764912e-10,1.540052417017007e-08,5.5671095650219724e-11,1.5698193477002613e-12,3.457906038355752e-12,4.9089652534460194e-11,2.5390344606907757e-07,True,236.81473090001964
20260809,2,511,1011,0.0003,4.309308697743096e-08,1.628640342069415e-08,2.459958288149148e-09,2.5443459509761953e-10,1.551345828856144e-08,6.082571055872732e-11,1.5886885513210486e-12,4.333060387615224e-12,5.3130712862224984e-11,7.772721974229321e-08,True,237.242336299998
20260809,2,512,1012,0.0003,1.2663586965046166e-07,1.694697139720622e-08,2.4585661572588227e-09,5.109484037877724e-10,1.6035841365601983e-08,6.851846847944931e-11,1.5978292607206095e-12,8.470298653919316e-12,5.929513435794677e-11,1.6272607870506847e-07,True,237.6293871999951
20260809,2,513,1013,0.0003,3.032047254486813e-07,1.6177053286378713e-08,2.459630773218604e-09,8.097919013099528e-10,1.5478407283569285e-08,5.5189186825856995e-11,1.5672083441937022e-12,4.3065141531203845e-12,4.8750096803173385e-11,3.382394216992842e-07,True,238.10864190000575
20260809,2,514,1014,0.0003,3.22397769156392e-07,1.760611581738934e-08,2.4594939528827982e-09,9.186859221293677e-10,1.656940746251815e-08,7.531150034134088e-11,1.6086910365381748e-12,1.3001928640418157e-11,6.476948777184296e-11,3.6010616391910186e-07,True,238.59631819999777
20260809,2,515,1015,0.0003,1.7361422032925622e-07,1.607367616222529e-08,2.459017276715083e-09,4.952147929775076e-10,1.5372628416718027e-08,5.591997489168603e-11,1.5720302238911063e-12,3.2981124021860975e-12,4.927627221729024e-11,2.0812482336762721e-07,True,239.00319099999615
20260809,2,516,1016,0.0003,4.4994971480404736e-08,1.6385361056955405e-08,2.4591881268436266e-09,2.633302531890618e-10,1.5588051984192235e-08,6.219721700378763e-11,1.5895306666685072e-12,4.936399133470949e-12,5.422602176182253e-11,7.98138520701508e-08,True,239.37551480002003
20260809,2,517,1017,0.0003,7.638019981617814e-08,1.6607780547213914e-08,2.4591860362017713e-09,3.4153431570031525e-10,1.5762970564839342e-08,6.48962575811537e-11,1.5941853624855333e-12,6.371281716504861e-12,5.638635035863855e-11,1.1168091935515229e-07,True,239.78662020000047
20260809,2,518,1018,0.0003,1.853203336840464e-07,1.607537258329615e-08,2.4590762833933307e-09,5.21561373940902e-10,1.5375348308950346e-08,5.579919552018659e-11,1.5715126263712638e-12,3.38900130446024e-12,4.918614083873407e-11,2.198616380839169e-07,True,240.21714009999414
20260809,2,519,1019,0.0003,2.0721677812387913e-07,1.7201254539082997e-08,2.459224623216552e-09,6.557387175437892e-10,1.623886519020117e-08,7.132895718003207e-11,1.603352636547999e-12,1.0318918738678483e-11,6.155862197343129e-11,2.439166710444523e-07,True,240.60652299999492
20260809,2,520,1020,0.0003,1.226487390468291e-07,1.6051721673688122e-08,2.459417845566237e-09,4.1084520663504886e-10,1.5347245657064766e-08,5.63065834727348e-11,1.5750869482764542e-12,3.1734874928311074e-12,4.957058435721309e-11,1.5702859517205432e-07,True,240.9844071000116
20260809,2,521,1021,0.0003,4.1572101649428266e-08,1.6413416631455495e-08,2.458569123651692e-09,2.6104792609946955e-10,1.560795050805679e-08,6.262990367256871e-11,1.588871665624177e-12,5.113674050365563e-12,5.4572318557325e-11,7.643699060663759e-08,True,241.38012159999926
20260809,2,522,1022,0.0003,5.617225967287245e-08,1.645326362591353e-08,2.4594968709964804e-09,2.763504538550842e-10,1.563897452618903e-08,6.319459483207622e-11,1.592250643214173e-12,5.46675592395975e-12,5.5023590659668266e-11,9.112562234188548e-08,True,241.73789740001666
20260809,2,523,1023,0.0003,1.215927539586201e-07,1.605495384304667e-08,2.4589656320891216e-09,3.8468622231347275e-10,1.534683168573563e-08,5.653624282890694e-11,1.5748553141689233e-12,3.1636448557697383e-12,4.975008448791315e-11,1.5594921616929172e-07,True,242.19830680001178
20260809,2,524,1024,0.0003,1.3738433159869288e-07,1.6958971882334694e-08,2.458809604259894e-09,5.060995487551004e-10,1.6041360733810973e-08,6.888564764976868e-11,1.599225540488646e-12,8.721364787950177e-12,5.959188109733622e-11,1.7348837148692909e-07,True,242.5768098999979
20260809,2,525,1025,0.0003,8.920953313873296e-08,1.6043109489268463e-08,2.459766990818629e-09,3.511791219318753e-10,1.533427831403824e-08,5.6695705178310657e-11,1.5776557401784596e-12,3.147064416793959e-12,4.9871220583254405e-11,1.2350915870070868e-07,True,243.02551770000719
20260809,2,526,1026,0.0003,3.856214612101285e-08,1.641923468387206e-08,2.458249427379933e-09,2.5384076310017724e-10,1.5610700507616307e-08,6.278563545037887e-11,1.588448579239735e-12,5.171288709089666e-12,5.469740910599261e-11,7.342841428482605e-08,True,243.49236259999452
20260809,2,527,1027,0.0003,4.383434428223647e-08,1.636870733616997e-08,2.4594700767181075e-09,2.4281121859971316e-10,1.5570968444253283e-08,6.22415253060925e-11,1.5905740423018348e-12,4.9781686313282164e-12,5.4262298900591306e-11,7.859937392485788e-08,True,243.90995540001313
20260809,2,528,1028,0.0003,8.254493865156976e-08,1.605967494126244e-08,2.4590695392435316e-09,3.0812571593144605e-10,1.5342694585384952e-08,5.7210510903307065e-11,1.5776917120766201e-12,3.170621875515602e-12,5.0274839907708693e-11,1.1682673709779075e-07,True,244.29771569999866
20260809,2,529,1029,0.0003,9.504506605236457e-08,1.6796344315013053e-08,2.458441066070727e-09,4.106190442175437e-10,1.5909057217472535e-08,6.720703787782332e-11,1.5960891696620131e-12,7.661390787624159e-12,5.824271326601656e-11,1.3075423492623956e-07,True,244.6773222000047
20260809,2,530,1030,0.0003,6.944624132658057e-08,1.6044099508457033e-08,2.4598758622787e-09,3.076301926250559e-10,1.5330191723242815e-08,5.707799437988848e-11,1.5794125327864053e-12,3.1714184860700985e-12,5.016955814211758e-11,1.0370003699672502e-07,True,245.06349600001704
20260809,2,531,1031,0.0003,3.684497025302785e-08,1.6417251091938572e-08,2.45817351347766e-09,2.456358614027176e-10,1.5607466884138594e-08,6.285092211895971e-11,1.5885114866051793e-12,5.200401557406333e-12,5.475034435955911e-11,7.169788778350792e-08,True,245.4581049999979
20260809,2,532,1032,0.0003,3.5452073420308607e-08,1.630927321182245e-08,2.4592656673500664e-09,2.2069512634540647e-10,1.5523055174887403e-08,6.155719989402935e-11,1.5888861624928546e-12,4.635532919311281e-12,5.3716782753533647e-11,7.00858610024433e-08,True,245.86642599999323
20260809,2,533,1033,0.0003,5.744500282043933e-08,1.6074917398365246e-08,2.4591989956785153e-09,2.576509799776101e-10,1.534872373170762e-08,5.785878547185389e-11,1.5801543862072023e-12,3.2748302361133373e-12,5.078329612371668e-11,9.169899099238625e-08,True,246.31078090000665
20260809,2,534,1034,0.0003,6.847040244553476e-08,1.6665442335990216e-08,2.4582599812607482e-09,3.402026936357974e-10,1.580282702575461e-08,6.583419233976611e-11,1.5937081885783148e-12,6.838249015050638e-12,5.714071169815718e-11,1.0386854134341768e-07,True,246.67054890000145
20260809,2,535,1035,0.0003,5.7267923381422674e-08,1.6049760336330808e-08,2.459806532901064e-09,2.7320151092767313e-10,1.5330379765664733e-08,5.745503736273991e-11,1.5805481715223975e-12,3.219939200468466e-12,5.046528143038504e-11,9.149379233341206e-08,True,247.0652575000131
20260809,2,536,1036,0.0003,3.6123836491562376e-08,1.6411844711453017e-08,2.4582673243697694e-09,2.3782197206483895e-10,1.5601537443259387e-08,6.288719262756953e-11,1.5889201873597375e-12,5.2265150722396674e-12,5.47798141305214e-11,7.095779038472709e-08,True,247.4736399000103
20260809,2,537,1037,0.0003,3.04898408415076e-08,1.6256678318524547e-08,2.459070557760358e-09,2.0434926263984113e-10,1.5480759681433206e-08,6.093952582736356e-11,1.5872736685288126e-12,4.342428056449282e-12,5.322489067063008e-11,6.501079278008852e-08,True,247.88818040001206
20260809,2,538,1038,0.0003,4.130698208156504e-08,1.610126801740996e-08,2.459245313726856e-09,2.2133724792785361e-10,1.536437365830216e-08,5.856444537863649e-11,1.5823191873057495e-12,3.4547160880155575e-12,5.133973930598704e-11,7.556814753889182e-08,True,248.26932620001025
20260809,2,539,1039,0.0003,5.0668607905646654e-08,1.654938811191603e-08,2.4582356025791262e-09,2.8382957380270317e-10,1.5708994324364517e-08,6.459272386144593e-11,1.591803917378442e-12,6.133854564875785e-12,5.6145449910629066e-11,8.579751935056337e-08,True,248.66518080001697
20260809,2,540,1040,0.0003,4.8474876476449874e-08,1.6060831024802425e-08,2.4596259368725792e-09,2.438171969188774e-10,1.5335173671591857e-08,5.786331115237989e-11,1.581408100684865e-12,3.293741808982421e-12,5.0786734643112365e-11,8.268784950234078e-08,True,249.04042850001133
20260809,2,541,1041,0.0003,3.579588175461552e-08,1.6406473112784048e-08,2.458394797685827e-09,2.303399332581807e-10,1.5595713939353415e-08,6.292281914243436e-11,1.5894252655876672e-12,5.253401744593493e-12,5.4808640863478796e-11,7.061137782471307e-08,True,249.44571270002052
20260809,2,542,1042,0.0003,2.8561225971628095e-08,1.620969992265102e-08,2.4589367247282567e-09,1.9295004259386858e-10,1.5443190209903998e-08,6.037085508885581e-11,1.585863392308074e-12,4.0908410328910015e-12,5.2772697845109444e-11,6.298482312886441e-08,True,249.90356800000882
20260809,2,543,1043,0.0003,3.1561715820777335e-08,1.6141020755299026e-08,2.4591863282728862e-09,1.9663158915547744e-10,1.5391254598247013e-08,5.937004380162076e-11,1.584268149433217e-12,3.715722860045607e-12,5.197776117488892e-11,6.586645688773771e-08,True,250.4084761000122
20260809,2,544,1044,0.0003,3.809702890038828e-08,1.6442011165929783e-08,2.4583076170887355e-09,2.3794282749469637e-10,1.5622651117684063e-08,6.340972339564922e-11,1.590118054683984e-12,5.500120784966077e-12,5.5198342387118834e-11,7.298363993320798e-08,True,250.83786120000877
20260809,2,545,1045,0.0003,4.072151324961011e-08,1.6077892083308277e-08,2.459412761944301e-09,2.1741368880180758e-10,1.5344801913957843e-08,5.833447492682698e-11,1.5822781625636466e-12,3.4022008950325703e-12,5.1158586014114376e-11,7.493551123762087e-08,True,251.27192840000498
20260809,2,546,1046,0.0003,3.487875062929342e-08,1.6395191917296885e-08,2.4584964261655656e-09,2.2123097733193983e-10,1.5585313073806246e-08,6.288077046850263e-11,1.5897174829119852e-12,5.239019360112391e-12,5.4775309662814865e-11,6.966346784086841e-08,True,251.70701710000867
20260809,2,547,1047,0.0003,2.8689814652594325e-08,1.617063846843457e-08,2.4588692423446146e-09,1.8587840087926395e-10,1.5412007500028664e-08,5.989059086028986e-11,1.5847417193557203e-12,3.8955435540137665e-12,5.239146257034626e-11,6.303497060298545e-08,True,252.10530310001923
20260809,2,548,1048,0.0003,2.6805984700169117e-08,1.6190236228367094e-08,2.4590693475021094e-09,1.8325442581663828e-10,1.542635035650288e-08,6.02238137976346e-11,1.5859986945959628e-12,4.038647095269287e-12,5.265612662295581e-11,6.11833996445683e-08,True,252.574489599996
20260809,2,549,1049,0.0003,2.9582604293510734e-08,1.6342807687155145e-08,2.4584280642080955e-09,2.026247331048511e-10,1.554347358505644e-08,6.226978394812971e-11,1.5884851131262697e-12,4.92861771014666e-12,5.428727716137044e-11,6.425301252696804e-08,True,252.99753130000317
20260809,2,550,1050,0.0003,3.3291892315793275e-08,1.6103918002065897e-08,2.459209041340942e-09,1.9380806182852035e-10,1.536151540995844e-08,5.891353462955988e-11,1.5833545932059017e-12,3.5655241489557385e-12,5.161673608034872e-11,6.752602198043913e-08,True,253.4067033000174
20260809,2,551,1051,0.0003,3.236458940258068e-08,1.6369054200820907e-08,2.4585673719055236e-09,2.0791260050285306e-10,1.5563363274142817e-08,6.264552968322441e-11,1.5895693098873083e-12,5.125261553799531e-12,5.4587644230175716e-11,6.708743485472987e-08,True,253.8583515000064
20260809,2,552,1052,0.0003,2.9149027795498183e-08,1.6144362024689593e-08,2.4588424697599933e-09,1.8062943277230422e-10,1.5390688375045697e-08,5.958604325051588e-11,1.5840688710740365e-12,3.780680685890601e-12,5.21501580328506e-11,6.34406510486061e-08,True,254.37737390000257
20260809,2,553,1053,0.0003,2.5623247089444664e-08,1.623939826414348e-08,2.458941933931555e-09,1.789093499307682e-10,1.5462225488457403e-08,6.100938403455545e-11,1.5874118466523212e-12,4.368687516446737e-12,5.328177886779381e-11,6.008296938817331e-08,True,254.77265920001082
20260809,2,554,1054,0.0003,2.507025508540934e-08,1.6257142958183605e-08,2.4585562188353636e-09,1.7922778665563283e-10,1.5475594689674447e-08,6.12417835479557e-11,1.5869206933427336e-12,4.450663983097742e-12,5.346725591940537e-11,5.9561523362902185e-08,True,255.22992650000378
20260809,2,555,1055,0.0003,2.702210973680177e-08,1.6142193432261502e-08,2.459027898915796e-09,1.7546781712883386e-10,1.53879558517396e-08,5.963611474856951e-11,1.5847049786628698e-12,3.8086997572372584e-12,5.2189838212575394e-11,6.130397409454454e-08,True,255.63142230000813
20260809,2,556,1056,0.0003,2.8193059326777822e-08,1.632234043161062e-08,2.458629105044987e-09,1.898859804913402e-10,1.5525446081216737e-08,6.214319302153426e-11,1.5888839060725552e-12,4.880333875326032e-12,5.418659751889792e-11,6.281215993346333e-08,True,256.04761219999637
20260809,2,557,1057,0.0003,2.8062010713443186e-08,1.6136019971882592e-08,2.4588220881174126e-09,1.735964466446391e-10,1.5382795942684226e-08,5.955869090559033e-11,1.5840352757331517e-12,3.770608503520452e-12,5.2128759840888345e-11,6.23302872572978e-08,True,256.5468610000098
20260809,2,558,1058,0.0003,2.5730783064317628e-08,1.627286548956953e-08,2.458837173499436e-09,1.7747363352213238e-10,1.54864832649708e-08,6.154623416297228e-11,1.588299360082964e-12,4.608106568276821e-12,5.371006754022049e-11,6.024789533351108e-08,True,256.95596799999475
20260809,2,559,1059,0.0003,2.39318487529544e-08,1.6193472655746527e-08,2.458659953675557e-09,1.6691741551491054e-10,1.542534652969132e-08,6.045293486876015e-11,1.5856406361464105e-12,4.113106188615907e-12,5.283933182382962e-11,5.829523632110006e-08,True,257.3823127000069
20260809,2,560,1060,0.0003,2.3400276980179724e-08,1.6190252037172076e-08,2.458874177152639e-09,1.6552015521453315e-10,1.5422537103923438e-08,6.044366612568632e-11,1.586181450124695e-12,4.121106575498902e-12,5.2831878992068164e-11,5.775644328678579e-08,True,257.8513898999954
20260809,2,561,1061,0.0003,2.3982244951255892e-08,1.6259983619535418e-08,2.4586921916093233e-09,1.7120613404555126e-10,1.547566115391953e-08,6.141638978642352e-11,1.5877286959186775e-12,4.5393397897071515e-12,5.360680724969576e-11,5.8468938315887464e-08,True,258.45285349999904
20260809,2,562,1062,0.0003,2.4991059178187586e-08,1.6149212489798452e-08,2.4587790148230792e-09,1.6391945751234895e-10,1.5390998535169867e-08,5.986334838869533e-11,1.5846989893135033e-12,3.883293453452447e-12,5.2370812649856825e-11,5.9271670828972653e-08,True,258.852386500017
20260809,2,563,1063,0.0003,2.4668319757064594e-08,1.627363867685972e-08,2.4587793692547263e-09,1.7159004136976043e-10,1.5485625981446548e-08,6.163952796579208e-11,1.5884100257232658e-12,4.64873198997601e-12,5.378478279868503e-11,5.917961527877553e-08,True,259.2226531000051
20260809,2,564,1064,0.0003,2.3852344454438806e-08,1.6158480530878223e-08,2.458721359322245e-09,1.6029421639629019e-10,1.5397337903585493e-08,6.003783272074568e-11,1.5849679765328609e-12,3.948446433019453e-12,5.250955758958512e-11,5.814525926934094e-08,True,259.664179400017
20260809,2,565,1065,0.0003,2.246325775381319e-08,1.623299088628055e-08,2.458766374846305e-09,1.6251284625177705e-10,1.545371512802597e-08,6.112592645706525e-11,1.587394136942985e-12,4.411841126446819e-12,5.337540739050241e-11,5.6891743558328734e-08,True,260.08071959999506
20260809,2,566,1066,0.0003,2.181113004949292e-08,1.6199279946408273e-08,2.4587518729500295e-09,1.5789848220521961e-10,1.5427631996217617e-08,6.067272967532063e-11,1.5864442432378967e-12,4.2120066398840165e-12,5.30145210332824e-11,5.617417804886579e-08,True,260.52435900000273
20260809,2,567,1067,0.0003,2.1857104850078794e-08,1.6182530046815983e-08,2.4587117266143482e-09,1.558303900960095e-10,1.5414611996115862e-08,6.044710956791244e-11,1.585879802383289e-12,4.114464856841406e-12,5.283506818397178e-11,5.618777153213211e-08,True,261.01654460001737
20260809,2,568,1068,0.0003,2.2106950925390633e-08,1.6239086780399296e-08,2.458771567870491e-09,1.5985151951683452e-10,1.5457562049747235e-08,6.126007892572588e-11,1.5877192331857969e-12,4.473053033915751e-12,5.348245498635968e-11,5.654302614910368e-08,True,261.46855499999947
20260809,2,569,1069,0.0003,2.2405897698452558e-08,1.6155901577505502e-08,2.4587198227263406e-09,1.5338170823833966e-10,1.5393897470339534e-08,6.009178152073926e-11,1.5851565656312778e-12,3.970289880854167e-12,5.255267212553546e-11,5.6685998177355036e-08,True,261.9041206999973
20260809,2,570,1070,0.0003,2.1891382744320624e-08,1.6246932980142224e-08,2.4587140008355853e-09,1.5869595576498744e-10,1.546306410837541e-08,6.139471651098489e-11,1.587868469749688e-12,4.531480534800939e-12,5.3589927337572326e-11,5.633989378229193e-08,True,262.4715267000138
20260809,2,571,1071,0.0003,2.1354632196089302e-08,1.616103350711859e-08,2.458779468690407e-09,1.5049555178075703e-10,1.539716197867908e-08,6.020990779849917e-11,1.5855943597674157e-12,4.020990790731616e-12,5.264658290015696e-11,5.5640565778207304e-08,True,262.87088230001973
20260809,2,572,1072,0.0003,2.055441072344197e-08,1.621978180860725e-08,2.4586501885153653e-09,1.5241437858977642e-10,1.544164391339062e-08,6.105342730562631e-11,1.5870519721797636e-12,4.3730932717966144e-12,5.331802180116386e-11,5.4947232606895735e-08,True,263.31761820000247
20260809,2,573,1073,0.0003,2.02087819584008e-08,1.618969363325015e-08,2.4587956528229942e-09,1.4864619511587534e-10,1.5418336160356076e-08,6.066123145981897e-11,1.5866262368518078e-12,4.209995877879341e-12,5.300564119585003e-11,5.454371709471629e-08,True,263.7468373000156
20260809,2,574,1074,0.0003,2.014618852247634e-08,1.6181348845913063e-08,2.458669240439138e-09,1.4690395373594898e-10,1.541173325507823e-08,6.054853411403427e-11,1.5860813016146464e-12,4.155126886761698e-12,5.291609872906979e-11,5.4464049658674204e-08,True,264.1329320000077
20260809,2,575,1075,0.0003,2.0136105755004425e-08,1.62208513803624e-08,2.4587236894391795e-09,1.492975587750817e-10,1.5441639570225397e-08,6.112326600831317e-11,1.5874165810731291e-12,4.408758002362134e-12,5.337373472642259e-11,5.4527111129124655e-08,True,264.5391920999973
20260809,2,576,1076,0.0003,2.0232147989195466e-08,1.615682137434098e-08,2.4587544953903055e-09,1.4409894517183426e-10,1.5392559557251166e-08,6.023396961056764e-11,1.5856459173179572e-12,4.029577298281651e-12,5.266590627115291e-11,5.450289746044707e-08,True,264.9299463000207
20260809,2,577,1077,0.0003,1.9862018453102685e-08,1.6230440482787245e-08,2.458635462140967e-09,1.4830277288350762e-10,1.5448491570134986e-08,6.127972505569533e-11,1.5875311613686995e-12,4.474319193424591e-12,5.349853656346863e-11,5.426872885302335e-08,True,265.35996739999973
20260809,2,578,1078,0.0003,1.959212122283771e-08,1.6156815950367705e-08,2.458806996014255e-09,1.4158045312984682e-10,1.5391981855697866e-08,6.027328467516397e-11,1.5858898553378251e-12,4.04838799626199e-12,5.2697183346113984e-11,5.385991122392026e-08,True,265.79384650001884
20260809,2,579,1079,0.0003,1.9042716116930204e-08,1.621231549294599e-08,2.458617602008344e-09,1.436720248011028e-10,1.5434038689104594e-08,6.106262590850448e-11,1.5870742532449815e-12,4.375528054658463e-12,5.332561332407102e-11,5.3411710767330716e-08,True,266.4339803000039
20260809,2,580,1080,0.0003,1.8754740511012937e-08,1.6176988187756644e-08,2.458766527962383e-09,1.3965501955940582e-10,1.540674743241908e-08,6.059590756024556e-11,1.5864988494167952e-12,4.180696812300359e-12,5.295389034385385e-11,5.305621467227627e-08,True,266.91366890000063
20260809,2,581,1081,0.0003,1.8538130169241612e-08,1.6181713419858562e-08,2.458686137479893e-09,1.3872251257342713e-10,1.5410098082104576e-08,6.067291366914776e-11,1.5864680720227214e-12,4.20906240311173e-12,5.301525473941846e-11,5.2846834020141765e-08,True,267.3481302
20260809,2,582,1082,0.0003,1.840168525503154e-08,1.6201599159431476e-08,2.45867554699384e-09,1.3932318317839202e-10,1.542503483835064e-08,6.096691656851345e-11,1.5870605607791915e-12,4.3364274806279265e-12,5.324939563809204e-11,5.27464577832339e-08,True,267.7707228999934
20260809,2,583,1083,0.0003,1.8404445400860642e-08,1.6159008128737218e-08,2.458763848411987e-09,1.355818615780884e-10,1.5392295927506306e-08,6.038574566359983e-11,1.5860808928970027e-12,4.092375140945645e-12,5.2786787051035925e-11,5.266894615584272e-08,True,268.1388325000007
20260809,2,584,1084,0.0003,1.8172776926841505e-08,1.621301170580784e-08,2.45861451475963e-09,1.3850840460145127e-10,1.5433289604469736e-08,6.115044786482661e-11,1.5873016619723711e-12,4.414768119108266e-12,5.3395719744716724e-11,5.253674939387078e-08,True,268.56990410000435
20260809,2,585,1085,0.0003,1.8067147660324227e-08,1.6153682037712913e-08,2.458780661784337e-09,1.332104715104068e-10,1.5387730307921158e-08,6.034243958924952e-11,1.5860527434596841e-12,4.075397020688524e-12,5.275236643817754e-11,5.2319307395044615e-08,True,268.98298220001743
20260809,2,586,1086,0.0003,1.7691828132005656e-08,1.620465929614469e-08,2.4586295021647996e-09,1.3543682641302257e-10,1.5426376809273128e-08,6.106751550268996e-11,1.5871931332150053e-12,4.378484650823836e-12,5.3329667849386644e-11,5.203729342713741e-08,True,269.3688390000025
20260809,2,587,1087,0.0003,1.7472368169590135e-08,1.6163698777376605e-08,2.458730404060489e-09,1.311564707923226e-10,1.539482637649044e-08,6.051506674377112e-11,1.5863153337938061e-12,4.144506454470828e-12,5.288977733148239e-11,5.17399158641735e-08,True,269.82925599999726
20260809,2,588,1088,0.0003,1.716864175951741e-08,1.6184898195166505e-08,2.4586879533805508e-09,1.313927088069857e-10,1.5410740982823398e-08,6.082792132197859e-11,1.586873505175712e-12,4.276177406215997e-12,5.3138847457264994e-11,5.147419141938548e-08,True,270.33174190000864
20260809,2,589,1089,0.0003,1.696938399717041e-08,1.617947783397438e-08,2.4586648470085664e-09,1.2988154927798796e-10,1.540635824076788e-08,6.07651590199221e-11,1.586695684253645e-12,4.247611689467387e-12,5.3088907154235583e-11,5.126345484174711e-08,True,270.86468550001155
20260809,2,590,1090,0.0003,1.6834460415659404e-08,1.616616741792925e-08,2.4587346067538276e-09,1.2803011479119642e-10,1.5395950091377807e-08,6.059749375300325e-11,1.5865314060362585e-12,4.179569041844614e-12,5.295541756911223e-11,5.110266165828148e-08,True,271.3047685000056
20260809,2,591,1091,0.0003,1.6655320052324632e-08,1.6190538342090416e-08,2.458635735413319e-09,1.2882380517432505e-10,1.5414330816595127e-08,6.094758687964238e-11,1.587016126483415e-12,4.325606348102221e-12,5.32342436494685e-11,5.096774320460151e-08,True,271.7061079000123
20260809,2,592,1092,0.0003,1.6583563949264875e-08,1.615602931027059e-08,2.4587368923581667e-09,1.2547906530395898e-10,1.5387747139894007e-08,6.048286157286442e-11,1.5863137653190692e-12,4.131215875733647e-12,5.28642495873347e-11,5.083062099789285e-08,True,272.159797100001
20260809,2,593,1093,0.0003,1.6359085690534073e-08,1.6191852524182223e-08,2.4586491208602035e-09,1.2702998905457486e-10,1.541485608275931e-08,6.09964130881168e-11,1.5871694985085385e-12,4.347948070437378e-12,5.32731576539094e-11,5.067167809570136e-08,True,272.55575309999404
20260809,2,594,1094,0.0003,1.624266670321618e-08,1.6154978855909873e-08,2.4587067611367663e-09,1.2332837774687294e-10,1.5386465496402867e-08,6.04957531529279e-11,1.5862842007403076e-12,4.13492340518757e-12,5.2874554443153715e-11,5.0485237709614575e-08,True,272.93939660000615
20260809,2,595,1095,0.0003,1.59807018114607e-08,1.6185025894034253e-08,2.4586790349329367e-09,1.2441053974611673e-10,1.5409147451015702e-08,6.093334819409696e-11,1.5871344177622886e-12,4.321719333443373e-12,5.32229319414824e-11,5.02780298650765e-08,True,273.4044450999936
20260809,2,596,1096,0.0003,1.5815371967486855e-08,1.6159345348821138e-08,2.4586784053586145e-09,1.214351330272574e-10,1.538930768866896e-08,6.058610204443187e-11,1.5864205515580653e-12,4.171361949710603e-12,5.294649201556044e-11,5.006342891992408e-08,True,273.8556470000185
20260809,2,597,1097,0.0003,1.5579206391454615e-08,1.617483705213453e-08,2.4586965454102125e-09,1.215358862679693e-10,1.5400880571619733e-08,6.082161833690076e-11,1.5869662749343392e-12,4.273651575240038e-12,5.313396284196838e-11,4.98549726459161e-08,True,274.3929584000143
20260809,2,598,1098,0.0003,1.5405467462830904e-08,1.616507252892409e-08,2.4586693397634447e-09,1.1978093014994293e-10,1.5393198116143455e-08,6.069632049320591e-11,1.5866460791789183e-12,4.217839740982839e-12,5.303423963616653e-11,4.966172342376137e-08,True,274.9110662000021
20260809,2,599,1099,0.0003,1.5231021375500504e-08,1.616526233386759e-08,2.458693273541243e-09,1.1884875647633267e-10,1.53931054129401e-08,6.07154239081799e-11,1.586755141171896e-12,4.22735094080663e-12,5.3049440390638274e-11,4.948651012270657e-08,True,275.4771180000098
20260809,2,600,1100,0.0003,1.5064563391516217e-08,1.616945880497791e-08,2.4586767959077554e-09,1.1820068702577563e-10,1.5396081882525994e-08,6.078748434424522e-11,1.5868713527546442e-12,4.257534325940099e-12,5.3106833538539226e-11,4.932672028551514e-08,True,275.9683272000111
20260809,2,601,1101,0.0003,1.4937274296346234e-08,1.6157809989214025e-08,2.4586831187883416e-09,1.1643127278383024e-10,1.5386966740020045e-08,6.063749837768642e-11,1.586582992227216e-12,4.193222964631266e-12,5.298744384089638e-11,4.917657016532792e-08,True,276.50014449999435
20260809,2,602,1102,0.0003,1.4765575212848486e-08,1.6171662372723907e-08,2.4586838232941294e-09,1.165435521145937e-10,1.5397310565467752e-08,6.084709719234327e-11,1.5870281694294533e-12,4.28381262162378e-12,5.315431501678098e-11,4.902964777944905e-08,True,276.9301719000214
20260809,2,603,1103,0.0003,1.465342056264422e-08,1.6152642984662637e-08,2.458679675043405e-09,1.1423533322339791e-10,1.5382577305053718e-08,6.05919852207052e-11,1.5864946412362311e-12,4.173523204885251e-12,5.295124187127421e-11,4.888085910556547e-08,True,277.4029986000096
20260809,2,604,1104,0.0003,1.4465350400886187e-08,1.6171747200290082e-08,2.4586806886440533e-09,1.1473539880026741e-10,1.5396931056489415e-08,6.087562494414917e-11,1.5870947790195874e-12,4.296016062228784e-12,5.3177053037401116e-11,4.87273805339328e-08,True,277.845734100003
20260809,2,605,1105,0.0003,1.4349454835103364e-08,1.6149416320048803e-08,2.458688174707188e-09,1.1218831453983789e-10,1.53796704477001e-08,6.05746428247659e-11,1.5864951947844447e-12,4.1664711800069295e-12,5.2937452169867946e-11,4.8568683153468716e-08,True,278.30482089999714
20260809,2,606,1106,0.0003,1.4149569960981883e-08,1.6169909551077183e-08,2.458669484192033e-09,1.127660993299222e-10,1.5395087985702823e-08,6.087631941979029e-11,1.5870826039368733e-12,4.295558841925613e-12,5.3177630206033235e-11,4.840593967235552e-08,True,278.8029761000071
20260809,2,607,1107,0.0003,1.4026884248416827e-08,1.6147959849457424e-08,2.4587000263678757e-09,1.1026562204948046e-10,1.5378114084857803e-08,6.058268732581445e-11,1.5865567654094988e-12,4.170394262224035e-12,5.2943852599866366e-11,4.8241207322102726e-08,True,279.1941593000083
20260809,2,608,1108,0.0003,1.3829239597169836e-08,1.6166324598831748e-08,2.4586601665256483e-09,1.1066431721672521e-10,1.5391913995000334e-08,6.085249097720388e-11,1.5870245197138575e-12,4.2844608904647274e-12,5.3158667904397186e-11,4.8076685319036055e-08,True,279.6776906000159
20260809,2,609,1109,0.0003,1.3701894512818089e-08,1.614805901024216e-08,2.4587059391029514e-09,1.0845368312438613e-10,1.5377750600942778e-08,6.061196587791253e-11,1.586647749080232e-12,4.1830138942376734e-12,5.296715776577351e-11,4.791421253151737e-08,True,280.081012700015
20260809,2,610,1110,0.0003,1.3518969774663389e-08,1.616140080086482e-08,2.4586607032639353e-09,1.0849005120215745e-10,1.538772194335365e-08,6.081022258048602e-11,1.5869527622387826e-12,4.265879155691984e-12,5.312501974279652e-11,4.775503134758916e-08,True,280.5621944000013
20260809,2,611,1111,0.0003,1.3387416338915286e-08,1.6149239047696165e-08,2.4587012460361656e-09,1.0674416314214869e-10,1.5378219448398564e-08,6.065533576424626e-11,1.5867404216469192e-12,4.201123567197523e-12,5.300168239912595e-11,4.759976512634054e-08,True,281.00375240002177
20260809,2,612,1112,0.0003,1.3225060782623012e-08,1.6155789422437752e-08,2.45867142047261e-09,1.0632029199633832e-10,1.5383009666714955e-08,6.075875777858306e-11,1.5868866805890453e-12,4.2439525451275105e-12,5.30840340031171e-11,4.744852521525208e-08,True,281.4417216000147
20260809,2,613,1113,0.0003,1.3088038403008125e-08,1.6150745697374856e-08,2.458689612168713e-09,1.0510288263778727e-10,1.537894655578284e-08,6.07022404953178e-11,1.5868216322427335e-12,4.220449665773323e-12,5.3039028653905835e-11,4.7301071691419555e-08,True,281.80708550001145
20260809,2,614,1114,0.0003,1.2945776248877645e-08,1.6150319238652537e-08,2.4586864195747585e-09,1.0421829088220496e-10,1.5378412707495115e-08,6.070902820695012e-11,1.5868339300688603e-12,4.223100675567806e-12,5.304443529935134e-11,4.7156976303594206e-08,True,282.3375426999992
20260809,2,615,1115,0.0003,1.2802698920850253e-08,1.6151866360038622e-08,2.458677967039022e-09,1.0348688842208132e-10,1.5379387631234544e-08,6.074315795078454e-11,1.586889712114109e-12,4.237285591446356e-12,5.307160961660443e-11,4.701575671045547e-08,True,282.76099810001324
20260809,2,616,1116,0.0003,1.2676637432377039e-08,1.6145571689109627e-08,2.4586984888646746e-09,1.0221573266088172e-10,1.537437541985182e-08,6.066883034482666e-11,1.5867931278411119e-12,4.206279665278053e-12,5.3012421544909805e-11,4.6876973087546895e-08,True,283.20374580001226
20260809,2,617,1117,0.0003,1.2528653127733605e-08,1.615217888262105e-08,2.4586718467282425e-09,1.0185748734000055e-10,1.5379217878200525e-08,6.077268280889589e-11,1.5869472627251347e-12,4.2495617912412734e-12,5.309511742449646e-11,4.6740283531910785e-08,True,283.6042934000143
20260809,2,618,1118,0.0003,1.2414311627115018e-08,1.6141713265709664e-08,2.458704224530504e-09,1.0030450898863702e-10,1.537102429640292e-08,6.064021159881452e-11,1.586759354317473e-12,4.194105438905789e-12,5.298963503840431e-11,4.6605468634177184e-08,True,284.017382799997
20260809,2,619,1119,0.0003,1.2263649554779901e-08,1.615170440924814e-08,2.4586728837037187e-09,1.0020631498826975e-10,1.5378452748156418e-08,6.079130032455224e-11,1.5869997298360933e-12,4.257521693789201e-12,5.310993475807076e-11,4.647243166738269e-08,True,284.43132279999554
20260809,2,620,1120,0.0003,1.2157988942070959e-08,1.6138497135193944e-08,2.458704411890803e-09,9.846413877852533e-11,1.536817044297885e-08,6.061989786864643e-11,1.5867287686231834e-12,4.1852030320468305e-12,5.2973457157338216e-11,4.634119035773973e-08,True,284.7871917000157
20260809,2,621,1121,0.0003,1.2006593916868688e-08,1.6150854252994e-08,2.4586778315514265e-09,9.856007320151217e-11,1.5377405661052222e-08,6.080462159006704e-11,1.5870509054462356e-12,4.263420743409673e-12,5.3120530402049756e-11,4.6211867359308826e-08,True,285.1983174000052
20260809,2,622,1122,0.0003,1.1909129937197076e-08,1.6135434712125088e-08,2.45870273229694e-09,9.666183038930226e-11,1.5365439643805963e-08,6.060124873680144e-11,1.5866962145138406e-12,4.176914928886499e-12,5.2958607336096396e-11,4.6084692323030665e-08,True,285.6649654000066
20260809,2,623,1123,0.0003,1.1757959051458157e-08,1.615014185059907e-08,2.4586832325353774e-09,9.69563807090582e-11,1.5376469508324515e-08,6.081957301434198e-11,1.5871056804596964e-12,4.270056070612077e-12,5.313242140501843e-11,4.596001917979661e-08,True,286.12936479999917
20260809,2,624,1124,0.0003,1.1671148836083078e-08,1.6131969525497912e-08,2.4587034807994548e-09,9.487028014024474e-11,1.5362407526153153e-08,6.057674718054577e-11,1.5866568751553876e-12,4.166266897443885e-12,5.293909227007014e-11,4.583836841189706e-08,True,286.6236490000156
20260809,2,625,1125,0.0003,1.1520263006439705e-08,1.615014974724621e-08,2.4586852077709173e-09,9.544791125970406e-11,1.537609063173797e-08,6.084396792591198e-11,1.5871708491181601e-12,4.280650277977339e-12,5.315183330203454e-11,4.572050012680955e-08,True,287.04862020001747
20260809,2,626,1126,0.0003,1.1450204635389902e-08,1.6127639625283763e-08,2.4587085978741905e-09,9.307246134447134e-11,1.5358722800491183e-08,6.053984277241681e-11,1.586602145141149e-12,4.1506164345953374e-12,5.2909706009213066e-11,4.5607534887744875e-08,True,287.485815299995
20260809,2,627,1127,0.0003,1.1300384763768497e-08,1.6151379326530555e-08,2.458682684483329e-09,9.409037245812529e-11,1.5376653901199683e-08,6.088461640918009e-11,1.5872572643415745e-12,4.298167976745325e-12,5.3184193772085473e-11,4.550114528386254e-08,True,287.8703865999996
20260809,2,628,1128,0.0003,1.1258894055341188e-08,1.612193103318616e-08,2.458719185665911e-09,9.12611857161657e-11,1.5353995461346985e-08,6.04832041976013e-11,1.5865185545890461e-12,4.126973973343516e-12,5.286461185645676e-11,4.540386222983841e-08,True,288.2801126000122
20260809,2,629,1129,0.0003,1.1114697802339292e-08,1.6154468248508946e-08,2.458675428734572e-09,9.297669062312204e-11,1.537864919137296e-08,6.095022539684997e-11,1.5873816059529036e-12,4.326555398815266e-12,5.3236440440825734e-11,4.5319567964421333e-08,True,288.7019629999995
20260809,2,630,1130,0.0003,1.1125220426163128e-08,1.611423817539255e-08,2.4587345942740855e-09,8.945917665125995e-11,1.5347769615760218e-08,6.039770346720917e-11,1.586384902644567e-12,4.091661809827908e-12,5.2796559551014764e-11,4.5254294297971934e-08,True,289.1425872000109
20260809,2,631,1131,0.0003,1.1002943109695352e-08,1.6160442642297476e-08,2.4586636290296523e-09,9.228590917400841e-11,1.5382868949936803e-08,6.10544961602382e-11,1.5875715526511855e-12,4.3721863810658775e-12,5.3319502878414486e-11,4.521753799710566e-08,True,289.5291290000023
20260809,2,632,1132,0.0003,1.1116558242347107e-08,1.6103516826201854e-08,2.4587555998645977e-09,8.774988432820772e-11,1.5339262385955625e-08,6.026749236924853e-11,1.586167281558873e-12,4.038544589617075e-12,5.269296111605585e-11,4.522442810405388e-08,True,289.9809379000217
20260809,2,633,1133,0.0003,1.1065651410705338e-08,1.617118663275901e-08,2.4586463131798505e-09,9.241249809626547e-11,1.5390772354896384e-08,6.122215687791362e-11,1.5878714245729492e-12,4.446772529570578e-12,5.345311202586527e-11,4.529937912249477e-08,True,290.45891260000644
20260809,2,634,1134,0.0003,1.1403635425029652e-08,1.608804605727249e-08,2.4587845884760314e-09,8.641990248392433e-11,1.532719582421317e-08,6.006549909508136e-11,1.5858089929190148e-12,3.957812638398362e-12,5.253233926968123e-11,4.548222325747135e-08,True,290.8817924000032
20260809,2,635,1135,0.0003,1.1568949482404412e-08,1.6190362086624866e-08,2.458619653093558e-09,9.429414388287803e-11,1.5405212733644166e-08,6.149969121285269e-11,1.5883579826041483e-12,4.5730454876879526e-12,5.3674403518294314e-11,4.583877359785132e-08,True,291.3008780000091
20260809,2,636,1136,0.0003,1.2441494180907914e-08,1.6065122247233672e-08,2.4588278523210932e-09,8.637895234635676e-11,1.5309602447722725e-08,5.974597701899907e-11,1.585213384530604e-12,3.834736124280848e-12,5.227848023967696e-11,4.647887008729925e-08,True,291.6927713000041
20260809,2,637,1137,0.0003,1.3249673118015591e-08,1.622522712162935e-08,2.4585763201921947e-09,1.0030482061677548e-10,1.543188939500302e-08,6.197559770862309e-11,1.5891668627971493e-12,4.79666127085327e-12,5.405417718066341e-11,4.758808637847987e-08,True,292.13054929999635
20260809,2,638,1138,0.0003,1.5501887222556708e-08,1.6031085552516895e-08,2.458898175594652e-09,9.047752558708717e-11,1.528395789006091e-08,5.923569912880862e-11,1.5842106824993016e-12,3.6515809039200434e-12,5.187365696535873e-11,4.948265151399684e-08,True,292.5300811000052
20260809,2,639,1139,0.0003,1.8233785939076762e-08,1.629102388804016e-08,2.45850323361898e-09,1.16859438933111e-10,1.5482895106105647e-08,6.282548427127576e-11,1.5905453408521103e-12,5.215285134864827e-12,5.473323090169956e-11,5.2707432151423354e-08,True,292.9380759000196
20260809,2,640,1140,0.0003,2.4292885278059474e-08,1.5983197161030907e-08,2.4590196953880834e-09,1.0764128650927955e-10,1.524896086715084e-08,5.843163374906792e-11,1.582502383106176e-12,3.40381573061714e-12,5.1237533307455634e-11,5.820635977330882e-08,True,293.32061640001484
20260809,2,641,1141,0.0003,3.287084076994999e-08,1.6422016399781527e-08,2.4583801058520613e-09,1.622514992874247e-10,1.5585748976382552e-08,6.441674987614545e-11,1.5929536154500008e-12,6.0535324116025116e-12,5.6007002294871927e-11,6.762730798945163e-08,True,293.69795470000827
20260809,2,642,1142,0.0003,4.99616523358893e-08,1.5928663707034387e-08,2.459240025631719e-09,1.658892768625241e-10,1.5212489422576665e-08,5.7239725138088605e-11,1.5795748741662598e-12,3.169897579638276e-12,5.0300316602993145e-11,8.384022428218946e-08,True,294.14765830000397
20260809,2,643,1143,0.0003,7.643780886890575e-08,1.6700402906269356e-08,2.458180933010315e-09,2.9027841448736286e-10,1.580732488199533e-08,6.756066671080174e-11,1.5972492144420333e-12,7.863224367117929e-12,5.853025579013867e-11,1.1182954740075062e-07,True,294.6223483000067
20260809,2,644,1144,0.0003,1.2597845729524324e-07,1.5918531167556694e-08,2.4596527059100077e-09,3.513947713180354e-10,1.5220638559950785e-08,5.578915357790171e-11,1.5746180662215135e-12,3.360079627667336e-12,4.918014240917604e-11,1.6003857849365972e-07,True,295.0102836000151
20260809,2,645,1145,0.0003,2.053190083456062e-07,1.7325653172970597e-08,2.4578964621004725e-09,6.544611988151842e-10,1.6311894312907715e-08,7.406339719453041e-11,1.6049465109028505e-12,1.2013469609722613e-11,6.376673359014528e-11,2.422203620393055e-07,True,295.4622466000146
20260809,2,646,1146,0.0003,3.4341744166634967e-07,1.6141826480760172e-08,2.460422865159033e-09,9.004612358003159e-10,1.5436951317522455e-08,5.514445579833156e-11,1.5667158416192613e-12,5.385738306764532e-12,4.876581199361087e-11,3.7846796628753196e-07,True,295.92106760002207
20260809,2,647,1147,0.0003,5.5174967571404e-07,1.8692764117688427e-08,2.4576238746323613e-09,1.603403016876053e-09,1.7428631741954958e-08,8.718623063344278e-11,1.6179813101034333e-12,2.1273928699392395e-11,7.437212525045328e-11,5.92116548731085e-07,True,296.36323020001873
20260809,2,648,1148,0.0003,8.534150489652237e-07,1.6977452305007487e-08,2.4616498474831674e-09,2.1942022343005992e-09,1.6181331167671767e-08,5.8087564311269725e-11,1.5562921115950644e-12,1.1948506567440202e-11,5.133776209913411e-11,8.913526146447762e-07,True,296.84068630001275
20260809,2,649,1149,0.0003,1.1802516476060982e-06,2.0829832480020752e-08,2.4576933592184546e-09,3.255430168184258e-09,1.9189159778686638e-08,1.0650303471210557e-10,1.6345242586245383e-12,3.596753115971876e-11,9.002827643677208e-11,1.2262178967587756e-06,True,297.2680003000132
20260809,2,650,1150,0.0003,1.3932041762385441e-06,1.794553834716274e-08,2.4623967773803478e-09,3.483614373714045e-09,1.702604363543484e-08,6.293840753901956e-11,1.5489626695057331e-12,1.9238578118170327e-11,5.542606225039164e-11,1.4342609213828131e-06,True,297.63474140001927
20260809,2,651,1151,0.0003,1.2485370823392795e-06,2.0864800883061895e-08,2.4582615807376563e-09,3.2885024081255725e-09,1.9218321425134138e-08,1.0683314592395801e-10,1.636361658457248e-12,3.6268972800529295e-11,9.029538954542104e-11,1.294602002506267e-06,True,298.11888490000274
20260809,2,652,1152,0.0003,7.382193218350922e-07,1.6645767290985263e-08,2.4602824125510567e-09,1.7063020118157163e-09,1.5888208856890564e-08,5.666122937460376e-11,1.5574364869726908e-12,9.293583777724017e-12,5.0116835041636193e-11,7.750375114920157e-07,True,298.5914182999986
20260809,2,653,1153,0.0003,1.8430058930901718e-07,1.7025975995061803e-08,2.4592086280314286e-09,4.786378572220653e-10,1.6068336227972787e-08,7.114225478232493e-11,1.6047342076547956e-12,1.0188792484297529e-11,6.141086060521232e-11,2.2047709465938476e-07,True,298.99809000000823
20260809,2,654,1154,0.0003,1.3906704745431724e-08,1.6333455768148313e-08,2.457525905504193e-09,1.1971791470939524e-10,1.5513546706865492e-08,6.345508518641652e-11,1.5892551826620452e-12,5.470713941712388e-12,5.523596251750088e-11,4.845670205748742e-08,True,299.4196154999954
20260809,2,655,1155,0.0003,2.61388033766007e-07,1.604002530639187e-08,2.4606685668733495e-09,7.266415612266447e-10,1.5343714144776966e-08,5.499753549022231e-11,1.5695907036628357e-12,4.637806166839568e-12,4.8618075648499186e-11,2.9606890635328503e-07,True,299.83439620002173
20260809,2,656,1156,0.0003,5.785622646001626e-07,1.872400236779524e-08,2.4578070712042168e-09,1.6255192293240798e-09,1.7453306876007336e-08,8.755194978811034e-11,1.6189612511620818e-12,2.154062481368549e-11,7.466671614138635e-11,6.190082783964878e-07,True,300.25713169999653
20260809,2,657,1157,0.0003,6.173031255358092e-07,1.646682907861798e-08,2.4602176326373847e-09,1.4402285538378654e-09,1.5729374404835743e-08,5.597995284165321e-11,1.5597888867348813e-12,7.932702907646113e-12,4.9528266765336974e-11,6.535147759171396e-07,True,300.7220132999937
20260809,2,658,1158,0.0003,3.307236872926501e-07,1.7582268392141583e-08,2.4591115016585086e-09,8.296517169853851e-10,1.6519807299880835e-08,7.672670857300445e-11,1.6112101969135903e-12,1.3922430187774777e-11,6.591499876054436e-11,3.6827270155103464e-07,True,301.1816729000129
20260809,2,659,1159,0.0003,4.9582604922329075e-08,1.596141611214842e-08,2.457888141854745e-09,1.1323578227246018e-10,1.52314225113261e-08,5.8071142781883724e-11,1.5787025868131762e-12,3.267079223867274e-12,5.095455176805532e-11,8.346043894629143e-08,True,301.57427760001156
20260809,2,660,1160,0.0003,4.591143204458067e-08,1.5894148973217822e-08,2.460110885190244e-09,1.7850342694898376e-10,1.518542417794887e-08,5.681457229173834e-11,1.580527374109332e-12,3.1349988776295446e-12,4.996580382972601e-11,7.974111541025979e-08,True,302.01892470000894
20260809,2,661,1161,0.0003,2.4379305928474227e-07,1.7493118856985748e-08,2.4577382971026855e-09,7.56478310590622e-10,1.6446131943164168e-08,7.583419867570582e-11,1.6067861657972458e-12,1.318130247565417e-11,6.519484280335278e-11,2.81102343822706e-07,True,302.54758119999315
20260809,2,662,1162,0.0003,3.6465592501183043e-07,1.611746060401725e-08,2.4598090761587433e-09,8.581998033365751e-10,1.5413791951909964e-08,5.510083891153157e-11,1.5657024111873717e-12,5.192918284632691e-12,4.872560310120597e-11,3.996157715099615e-07,True,302.9467598000192
20260809,2,663,1163,0.0003,2.544079974205354e-07,1.731161773815026e-08,2.4590599930386092e-09,6.521520311905607e-10,1.629923886561161e-08,7.406586185943095e-11,1.6080255714456554e-12,1.211148780386137e-11,6.376802451508475e-11,2.912816194482763e-07,True,303.3619483000075
20260809,2,664,1164,0.0003,6.640393383708228e-08,1.593124366149737e-08,2.4580526856757206e-09,1.424714698720397e-10,1.5210655924609044e-08,5.7451459376027215e-11,1.5773036912030908e-12,3.1523239680015632e-12,5.0467715462087066e-11,1.0025900638123377e-07,True,303.83640960001503
20260809,2,665,1165,0.0003,1.3329607722558716e-08,1.5963654350755472e-08,2.4598128151233957e-09,8.466200570450678e-11,1.5229350078384455e-08,5.852183090617179e-11,1.58488000820906e-12,3.4508260512704084e-12,5.130709899145019e-11,4.718195160848364e-08,True,304.2845270000107
20260809,2,666,1166,0.0003,1.1585236056285988e-07,1.6918930389956944e-08,2.4579059316992437e-09,4.0222283512776993e-10,1.5980275437302266e-08,7.004662848458932e-11,1.6001062165459017e-12,9.378327881527899e-12,6.052907360558849e-11,1.5175324929313433e-07,True,304.6996994000219
20260809,2,667,1167,0.0003,2.1154888091810303e-07,1.595014111064214e-08,2.459500321230454e-09,5.038814549960844e-10,1.5255726233504878e-08,5.524345847118587e-11,1.5705861302524784e-12,3.800011082785601e-12,4.8775830822861265e-11,2.458275199249837e-07,True,305.1469361000054
20260809,2,668,1168,0.0003,1.6972898822946144e-07,1.6992254901598038e-08,2.4590184782621427e-09,4.5479467077479227e-10,1.603969909898851e-08,7.085660027613489e-11,1.6038937288102084e-12,9.997317202925578e-12,6.118156810777591e-11,2.0581839475840058e-07,True,305.5613406000193
20260809,2,669,1169,0.0003,5.731126799573996e-08,1.5929754323606925e-08,2.4582126011112033e-09,1.2940269786289156e-10,1.5207730640459736e-08,5.7574173802844086e-11,1.5780824049152769e-12,3.1668634783665755e-12,5.056310543226662e-11,9.114925048389911e-08,True,306.1018535000039
20260809,2,670,1170,0.0003,7.765515690168056e-09,1.6023335873099845e-08,2.4596123327935322e-09,6.453384516698878e-11,1.5272229112581005e-08,5.956186873095634e-11,1.586865229233644e-12,3.795525049911528e-12,5.2130499734844925e-11,4.1702301612554374e-08,True,306.55754209999577
20260809,2,671,1171,0.0003,5.90314505996007e-08,1.660666980124254e-08,2.458125697019697e-09,2.354335971159282e-10,1.5728876015652816e-08,6.673611643330175e-11,1.5959857334823516e-12,7.360901306837028e-12,5.7866802311633e-11,9.419411551641694e-08,True,306.969742700021
20260809,2,672,1172,0.0003,1.2375201058376374e-07,1.5893484308517203e-08,2.459282908149776e-09,3.022893577377368e-10,1.5194886183779066e-08,5.588576905167578e-11,1.5744248756164237e-12,3.2380529502329955e-12,4.925102924898869e-11,1.5771190261807403e-07,True,307.3751692000078
20260809,2,673,1173,0.0003,1.1081346225651453e-07,1.6753559150709185e-08,2.458982159117954e-09,3.1764284347536717e-10,1.5846743655730692e-08,6.837356956934792e-11,1.6004371332572294e-12,8.424826182538307e-12,5.918322384810039e-11,1.4632797212228095e-07,True,307.7626836000127
20260809,2,674,1174,0.0003,4.614157643724284e-08,1.59346204982646e-08,2.4583753637831618e-09,1.1264426853687356e-10,1.520956315733651e-08,5.7799564143652435e-11,1.5791696591195714e-12,3.2090094743362853e-12,5.073950347102084e-11,7.997010697191211e-08,True,308.1489040000015
20260809,2,675,1175,0.0003,7.110975812686656e-09,1.6075518218168036e-08,2.459402904605079e-09,6.021919281803692e-11,1.531111261249102e-08,6.035133783291995e-11,1.5880650500251346e-12,4.1013085824748855e-12,5.2758136151691874e-11,4.113602758838594e-08,True,308.52206740001566
20260809,2,676,1176,0.0003,2.989608376126772e-08,1.640986311495189e-08,2.4582794497082312e-09,1.4547716040926548e-10,1.5571785904117e-08,6.453081244691958e-11,1.5929488301652358e-12,6.107992322386391e-12,5.609788126432496e-11,6.46098190253179e-08,True,308.9922168000194
20260809,2,677,1177,0.0003,7.174020103527086e-08,1.5890780762793498e-08,2.4591207513146575e-09,1.858873977315254e-10,1.518242918362561e-08,5.669375837180023e-11,1.577523462774277e-12,3.0975300045819938e-12,4.987332503478614e-11,1.0556966126761009e-07,True,309.3945201000024
20260809,2,678,1178,0.0003,7.276637297672483e-08,1.6583878892258937e-08,2.4589179916772956e-09,2.282432771314608e-10,1.571032217244779e-08,6.654512992377405e-11,1.597667663638365e-12,7.314344730134473e-12,5.7713833271729e-11,1.0788090628582958e-07,True,309.8138285000168
20260809,2,679,1179,0.0003,3.785090892247851e-08,1.5938757587227706e-08,2.458506186207277e-09,1.0017457161155025e-10,1.5211201051046233e-08,5.7981323882363974e-11,1.5800448352501844e-12,3.2499389232331995e-12,5.088214923336335e-11,7.167324177544549e-08,True,310.27284410002176
20260809,2,680,1180,0.0003,8.213024791589188e-09,1.6122356247404707e-08,2.4592318270947925e-09,6.220645001155149e-11,1.5346382131942074e-08,6.102763090302864e-11,1.5890223092445707e-12,4.388354133633602e-12,5.329687130211907e-11,4.232350332669034e-08,True,310.71086110000033
20260809,2,681,1181,0.0003,1.4491136328430635e-08,1.6268257829385806e-08,2.458440603813902e-09,9.380931850282027e-11,1.5459687514940376e-08,6.28686946909216e-11,1.590513300078552e-12,5.2330057333693505e-12,5.476720676325211e-11,4.889579101556117e-08,True,311.20775370000047
20260809,2,682,1182,0.0003,4.006625850110162e-08,1.591240443205381e-08,2.4590490008309958e-09,1.174283617442081e-10,1.519233306600221e-08,5.7533652718237464e-11,1.5801568609547121e-12,3.1701102975601236e-12,5.0529092951893585e-11,7.386028637456148e-08,True,311.6724443999992
20260809,2,683,1183,0.0003,4.7638606456968585e-08,1.6456337010820704e-08,2.458875400819439e-09,1.6783593488803746e-10,1.560810050230707e-08,6.513854075955394e-11,1.5953907959462978e-12,6.496239587069822e-12,5.6584915585754703e-11,8.245957039253217e-08,True,312.09249609999824
20260809,2,684,1184,0.0003,3.165001965550982e-08,1.5940866149430595e-08,2.4586367019804704e-09,9.042567190364074e-11,1.5211420226727597e-08,5.81233976576724e-11,1.580785095181399e-12,3.2848249681945526e-12,5.0993519676843643e-11,6.546535093295002e-08,True,312.5528591000184
20260809,2,685,1185,0.0003,1.0296283462272328e-08,1.6163922186544134e-08,2.459114250680537e-09,6.757624666599805e-11,1.5377892023374568e-08,6.161336840569217e-11,1.5898807125933366e-12,4.6540713023993675e-12,5.3763878444805433e-11,4.448640936840305e-08,True,313.035349200014
20260809,2,686,1186,0.0003,7.407108375431611e-09,1.6164848094142674e-08,2.4585693953411016e-09,6.579848169731621e-11,1.5378551411406563e-08,6.159246983646365e-11,1.5884813400832431e-12,4.610242150291261e-12,5.374758854022e-11,4.159641453988632e-08,True,313.44584460000624
20260809,2,687,1187,0.0003,2.0859571053322883e-08,1.595104395825562e-08,2.4589912269441937e-09,7.730750884654545e-11,1.5217638134275502e-08,5.841287761065035e-11,1.5824959438271149e-12,3.3737505656646114e-12,5.122130242141117e-11,5.4679142308186296e-08,True,313.91187199999695
20260809,2,688,1188,0.0003,3.008172075133607e-08,1.6353501196945005e-08,2.458840996621486e-09,1.2398323901925882e-10,1.5526080236468106e-08,6.397067068626378e-11,1.5934223362025858e-12,5.843752083950581e-12,5.564873787608872e-11,6.467118300337243e-08,True,314.4421768000175
20260809,2,689,1189,0.0003,2.5956750495070163e-08,1.5946225853152825e-08,2.458737908890921e-09,8.063877503621312e-11,1.5214189190176357e-08,5.830620045461932e-11,1.5815667239303466e-12,3.333632030742548e-12,5.1137241353550856e-11,5.977090086288932e-08,True,314.9084812000219
20260809,2,690,1190,0.0003,1.2459367608723873e-08,1.6197616464212424e-08,2.4590182986506707e-09,7.353182674319333e-11,1.5403522416452758e-08,6.207878441531445e-11,1.5905307593704839e-12,4.873176747470456e-12,5.413536362519046e-11,4.671573447033026e-08,True,315.3422290000017
20260809,2,691,1191,0.0003,5.741206397292853e-09,1.6090200416994712e-08,2.458666729046824e-09,5.326637910723363e-11,1.532054569120751e-08,6.062134696835462e-11,1.586791233119837e-12,4.173482816920516e-12,5.2973377690046026e-11,3.978324061235758e-08,True,315.77220070001204
20260809,2,692,1192,0.0003,1.0159884965997094e-08,1.5999757718100864e-08,2.458953321514603e-09,5.636483777718718e-11,1.5252247216211803e-08,5.930221823372498e-11,1.5846153748446568e-12,3.6605811685316774e-12,5.1924845306951854e-11,4.40436803196856e-08,True,316.1836111000157
20260809,2,693,1193,0.0003,1.7508978027599822e-08,1.6261489001680477e-08,2.4588318629470566e-09,9.032995159991185e-11,1.5453153426125744e-08,6.288847493869442e-11,1.5915442894254395e-12,5.269324108599722e-12,5.478244771562859e-11,5.1897314061005357e-08,True,316.58596190001117
20260809,2,694,1194,0.0003,1.977850724768495e-08,1.5957808159605222e-08,2.458805820079918e-09,6.931228097738171e-11,1.5221560325001593e-08,5.858579255600207e-11,1.5824829823917603e-12,3.4141838801589253e-12,5.135780044404446e-11,5.3600934093211665e-08,True,317.001427900017
20260809,2,695,1195,0.0003,1.3470532060238067e-08,1.6213923342253897e-08,2.4589555116320617e-09,7.625179654989662e-11,1.5415742458018363e-08,6.231251590319114e-11,1.590800551522657e-12,4.9855148834708475e-12,5.43221012239905e-11,4.775861610125445e-08,True,317.4477424000215
20260809,2,696,1196,0.0003,7.080371739415709e-09,1.6038317789934687e-08,2.458755498513917e-09,4.999529793201602e-11,1.5280625010460558e-08,5.99127543487996e-11,1.585500026959188e-12,3.881841012670733e-12,5.2409539866300583e-11,4.102585497151162e-08,True,317.87932040001033
20260809,2,697,1197,0.0003,5.731367182861494e-09,1.6053298862123545e-08,2.4589283196795584e-09,4.925911661300353e-11,1.529175931273759e-08,6.015875955909305e-11,1.5864772095507141e-12,3.991012309060214e-12,5.260485684143475e-11,3.970295389993433e-08,True,318.40947179999785
20260809,2,698,1198,0.0003,9.268704032718856e-09,1.6177653693663884e-08,2.4588397463582986e-09,6.572001869171043e-11,1.5387209373966533e-08,6.185914430868584e-11,1.5896725165722997e-12,4.754482075679615e-12,5.395995715620632e-11,4.348029012145643e-08,True,318.8245547999977
20260809,2,699,1199,0.0003,1.3268900113685994e-08,1.5979350838423803e-08,2.458847070857634e-09,5.732468358476582e-11,1.523641678775615e-08,5.901410624763666e-11,1.5836551219768057e-12,3.5516501009436097e-12,5.1696467796289116e-11,4.7116685373575186e-08,True,319.23317849999876
20260809,2,700,1200,0.0003,1.2332263737215672e-08,1.6205617950943124e-08,2.458929355946219e-09,7.26500748967702e-11,1.540878563759943e-08,6.223598358626444e-11,1.590585328214671e-12,4.9457207325210715e-12,5.4260809781097925e-11,4.6601279856029305e-08,True,319.64035500001046
20260809,2,701,1201,0.0003,8.890438114464513e-09,1.6008504723591556e-08,2.458824213035786e-09,5.012241565468518e-11,1.525768997960956e-08,5.950220363218125e-11,1.5847441852151797e-12,3.724728738637226e-12,5.208327502241829e-11,4.2782474397934554e-08,True,320.0292139000085
20260809,2,702,1202,0.0003,5.476215038614095e-09,1.610367857845199e-08,2.4589112000405456e-09,5.0981989929501794e-11,1.5329642309801533e-08,6.09051902848753e-11,1.5879807532504522e-12,4.311708411347049e-12,5.319892610910456e-11,3.953943292239625e-08,True,320.48795249999966
20260809,2,703,1203,0.0003,5.3955134354866715e-09,1.610579388517416e-08,2.458866046918628e-09,5.083764146111877e-11,1.5331173095993677e-08,6.093700761452007e-11,1.5879334519560286e-12,4.323291907786233e-12,5.3224311933128276e-11,3.946225664994165e-08,True,320.91494390001753
20260809,2,704,1204,0.0003,7.790301510767292e-09,1.6013560203432213e-08,2.4588677636526283e-09,4.7962992969740296e-11,1.5261091835277095e-08,5.960856907516374e-11,1.5851005710891594e-12,3.766421531905811e-12,5.216758238829113e-11,4.1688911979665414e-08,True,321.3467466000002
20260809,2,705,1205,0.0003,9.22965205020453e-09,1.617226870831807e-08,2.4589232069323842e-09,6.288564585511644e-11,1.5382335712094262e-08,6.183913010678829e-11,1.589824161845805e-12,4.749563006945261e-12,5.394370465671019e-11,4.342818754533666e-08,True,321.69989730001544
20260809,2,706,1206,0.0003,9.0433994418709e-09,1.6000281805383257e-08,2.458862663728352e-09,4.8740057420142906e-11,1.5250963904600235e-08,5.941650538895848e-11,1.5846388677255572e-12,3.693060244717925e-12,5.2015073783977717e-11,4.291895715128826e-08,True,322.11638270001276
20260809,2,707,1207,0.0003,6.678614802686684e-09,1.613637767868976e-08,2.4589122994316335e-09,5.467384916066931e-11,1.5354326761703044e-08,6.137970762735325e-11,1.5889140578399797e-12,4.52931732154847e-12,5.3577059543859193e-11,4.080398039022239e-08,True,322.62641329999315
20260809,2,708,1208,0.0003,5.082223445004207e-09,1.6052203016400936e-08,2.4589007038154724e-09,4.476043633748277e-11,1.5289730516452965e-08,6.021948205177106e-11,1.586521049127739e-12,4.012212042715396e-12,5.2652854444173836e-11,3.904628918759886e-08,True,322.9954418000125
20260809,2,709,1209,0.0003,4.943522238115916e-09,1.605662137624946e-08,2.4588800774644483e-09,4.450696434749646e-11,1.5292983346509824e-08,6.028851544431731e-11,1.586611518142989e-12,4.0398428038597615e-12,5.2707746788433847e-11,3.89151367192419e-08,True,323.3748323000036
20260809,2,710,1210,0.0003,5.930971468686351e-09,1.6121338508957803e-08,2.4589395085174647e-09,5.1222224829951024e-11,1.5342425769328553e-08,6.119920776320387e-11,1.58861825679475e-12,4.446627322142337e-12,5.343299897870825e-11,4.002556493264097e-08,True,323.7449538000219
20260809,2,711,1211,0.0003,7.126969297104701e-09,1.601275617283877e-08,2.4588816878780025e-09,4.476426021358511e-11,1.5259691592484068e-08,5.965084995746793e-11,1.5852164154131107e-12,3.781344357662577e-12,5.220085640543009e-11,4.1020281277655103e-08,True,324.12559520002105
20260809,2,712,1212,0.0003,6.798183846064525e-09,1.613922090038048e-08,2.4589302643978627e-09,5.392656446442268e-11,1.5356062034266088e-08,6.144829318962051e-11,1.5890816303494783e-12,4.5625377622221166e-12,5.3631636923686056e-11,4.092755515907926e-08,True,324.4821914000204
20260809,2,713,1213,0.0003,5.9801766249652105e-09,1.602348643778395e-08,2.4589182728155027e-09,4.312778258949145e-11,1.5267526066154712e-08,5.983054895333218e-11,1.5857112030527777e-12,3.8533503112104276e-12,5.234352365369909e-11,3.989084831843016e-08,True,324.8769329000206
20260809,2,714,1214,0.0003,4.7677086207105534e-09,1.609590308611412e-08,2.4588943240494228e-09,4.616091322642581e-11,1.532250563844549e-08,6.087299187844167e-11,1.5878503366460446e-12,4.294782316284133e-12,5.3172939528122567e-11,3.8811101146605506e-08,True,325.27301200001966
20260809,2,715,1215,0.0003,4.455187688137885e-09,1.6070118207539668e-08,2.458959196024637e-09,4.325858159133572e-11,1.530266429348484e-08,6.052550825782216e-11,1.5872991245043155e-12,4.144760708190891e-12,5.2896103998094e-11,3.844934163886698e-08,True,325.65211160000763
20260809,2,716,1216,0.0003,4.900627673008147e-09,1.6043272553145004e-08,2.458883735476273e-09,4.160985275655394e-11,1.5282176186266073e-08,6.014001576505652e-11,1.5862926137919378e-12,3.976634248098452e-12,5.258943301730594e-11,3.88448623762963e-08,True,326.03361260000383
20260809,2,717,1217,0.0003,5.365625217923756e-09,1.6111882204303114e-08,2.4589584744838313e-09,4.773288868605893e-11,1.533451159074082e-08,6.111310524961784e-11,1.5884857326121647e-12,4.407502997651151e-12,5.336419632050267e-11,3.943918366643797e-08,True,326.5091570999939
20260809,2,718,1218,0.0003,5.735138664854352e-09,1.6021638564816538e-08,2.4589174439771946e-09,4.1222395628516994e-11,1.526563936873867e-08,5.98359802623373e-11,1.5857138118160944e-12,3.854241226079971e-12,5.2347657019784025e-11,3.964018003033529e-08,True,326.92726749999565
20260809,2,719,1219,0.0003,5.210304807100011e-09,1.611219972337659e-08,2.458927023015612e-09,4.717710299496899e-11,1.533458383513439e-08,6.112682434972424e-11,1.5884309809342273e-12,4.411621571206371e-12,5.3375059009833405e-11,3.9283694427533274e-08,True,327.3162233000039
20260809,2,720,1220,0.0003,4.7347224781267455e-09,1.6035989641099126e-08,2.458967543685573e-09,4.0131721514287254e-11,1.5276245353796083e-08,6.00671996402207e-11,1.5863403471684585e-12,3.950121867327551e-12,5.253131671919263e-11,3.866419171679572e-08,True,327.72844669999904
20260809,2,721,1221,0.0003,4.208497563184932e-09,1.6078090396180546e-08,2.458898097830637e-09,4.203791750357123e-11,1.5308206420916926e-08,6.0668944913676e-11,1.587427965282497e-12,4.2031197715465745e-12,5.301019053456898e-11,3.821520007880168e-08,True,328.1019257000007
20260809,2,722,1222,0.0003,4.1691632453958746e-09,1.6070021979988242e-08,2.45899233831049e-09,4.1101137679040006e-11,1.5301924164981804e-08,6.057024210079886e-11,1.5874600530930325e-12,4.164962278060059e-12,5.2931463620362586e-11,3.816045699440777e-08,True,328.5365034000133
20260809,2,723,1223,0.0003,4.457956316910856e-09,1.6042658601768483e-08,2.458911175951129e-09,3.9172275871165806e-11,1.5281022322803188e-08,6.017900036700456e-11,1.5864322292005098e-12,3.9928482801118576e-12,5.262014106923213e-11,3.839809911525037e-08,True,328.96889449999435
20260809,2,724,1224,0.0003,4.603966827297956e-09,1.6095998352215202e-08,2.458974936452898e-09,4.3512294600507223e-11,1.532165610761692e-08,6.09400199947462e-11,1.5881659634328156e-12,4.3285346740889795e-12,5.3225976866988444e-11,3.8644191215682735e-08,True,329.3880057000206
20260809,2,725,1225,0.0003,4.756517296584339e-09,1.6028710558383966e-08,2.4589557259641793e-09,3.840142650425882e-11,1.5270259366232982e-08,5.999158744493795e-11,1.5861374171933825e-12,3.917373234087841e-12,5.247102858331175e-11,3.8670810500349266e-08,True,329.8455712000141
20260809,2,726,1226,0.0003,4.413064513774608e-09,1.6094625231294985e-08,2.4589383301996314e-09,4.2733010203920187e-11,1.532043033613417e-08,6.093005623805613e-11,1.5880489573334908e-12,4.3216764812008005e-12,5.3217985211672454e-11,3.844984918849559e-08,True,330.30217150002136
20260809,2,727,1227,0.0003,4.196290404451153e-09,1.60385582061311e-08,2.4590022054362394e-09,3.778425234191286e-11,1.5277508653902227e-08,6.015282633110173e-11,1.5865979291899482e-12,3.986069578497042e-12,5.2599100266313967e-11,3.812746831636774e-08,True,330.7567603000207
20260809,2,728,1228,0.0003,3.896299156676629e-09,1.6071648213321823e-08,2.4589187634434767e-09,3.943079803235055e-11,1.530264542174733e-08,6.062234868573728e-11,1.5873708561640857e-12,4.182763104262611e-12,5.2972816570385664e-11,3.788830765243816e-08,True,331.21567910001613
20260809,2,729,1229,0.0003,3.853676930620316e-09,1.606153200775119e-08,2.4590159920859892e-09,3.837069591176008e-11,1.529480920572161e-08,6.049413973983168e-11,1.5873500379224354e-12,4.132061730911453e-12,5.287063228193874e-11,3.782648901588147e-08,True,331.6330485000217
20260809,2,730,1230,0.0003,3.961262989871397e-09,1.6046445860889165e-08,2.458936630508053e-09,3.707782208978512e-11,1.5283252002678106e-08,6.02784048089805e-11,1.5866962244505436e-12,4.034819846821101e-12,5.269896290252328e-11,3.790557418981928e-08,True,332.06610290001845
20260809,2,731,1231,0.0003,4.002996856640496e-09,1.6080267500788343e-08,2.4589954798393537e-09,3.967893503399255e-11,1.5308977890566213e-08,6.076505268093577e-11,1.5878495393552555e-12,4.250116973248348e-12,5.308631869728035e-11,3.801060600075922e-08,True,332.52303660000325
20260809,2,732,1232,0.0003,4.11604841455441e-09,1.6033693597232067e-08,2.4589813775574776e-09,3.609915606543469e-11,1.5273386333905468e-08,6.010956514387273e-11,1.5864437396502505e-12,3.965936804802027e-12,5.256455464564113e-11,3.803643537964882e-08,True,332.941178100009
20260809,2,733,1233,0.0003,3.937075789484389e-09,1.6082813399433013e-08,2.458962466895543e-09,3.942459811499025e-11,1.5310775851906538e-08,6.080801074207269e-11,1.587849246445196e-12,4.267203947941222e-12,5.312051368336055e-11,3.7948835683454284e-08,True,333.3493670000171
20260809,2,734,1234,0.0003,3.863168260070598e-09,1.6036838377115385e-08,2.459022983154508e-09,3.556509073486019e-11,1.5275588917206793e-08,6.01702710669787e-11,1.5866759812108335e-12,3.993194971226939e-12,5.261273965379006e-11,3.778854650995535e-08,True,333.803805500007
20260809,2,735,1235,0.0003,3.6438227890704e-09,1.6070049527486876e-08,2.4589445327011933e-09,3.743050109216148e-11,1.530083591365297e-08,6.064049429445554e-11,1.587458629744165e-12,4.191292045548492e-12,5.2987028804602737e-11,3.763048953777795e-08,True,334.3109631999978
20260809,2,736,1236,0.0003,3.5836955761135834e-09,1.6050408724114728e-08,2.4590388785148776e-09,3.562774046549901e-11,1.528573223913273e-08,6.037767993755557e-11,1.5871485017493946e-12,4.0818571210136766e-12,5.2777678092749275e-11,3.753332752199448e-08,True,334.77003100002185
20260809,2,737,1237,0.0003,3.558508255341297e-09,1.6051962936102943e-08,2.4589591826405363e-09,3.5384446390654817e-11,1.5286853589348772e-08,6.039843393872479e-11,1.5869883973017108e-12,4.086160842361585e-12,5.279422558693729e-11,3.751053421858953e-08,True,335.22286100001656
20260809,2,738,1238,0.0003,3.5575273621666222e-09,1.606478914290403e-08,2.459025738032756e-09,3.6252084603583875e-11,1.5296547702935996e-08,6.059015468309081e-11,1.5875510352458454e-12,4.1733013259411736e-12,5.294677437060685e-11,3.7533439812057865e-08,True,335.6487071000156
20260809,2,739,1239,0.0003,3.6290009448674693e-09,1.6038855086700915e-08,2.4589955932342016e-09,3.4167720909836595e-11,1.5276701714843823e-08,6.022541961545812e-11,1.5867113131799828e-12,4.0139784283212595e-12,5.265645202030662e-11,3.7556203621933515e-08,True,336.1577721000067
20260809,2,740,1240,0.0003,3.5555741154629157e-09,1.6071519484197873e-08,2.458998550808351e-09,3.642980719777211e-11,1.530154363120977e-08,6.069234347569552e-11,1.5876866331538123e-12,4.216687610018188e-12,5.3028103986400596e-11,3.754359041058195e-08,True,336.5595283000148
20260809,2,741,1241,0.0003,3.566540332798129e-09,1.603515649088127e-08,2.459036316136591e-09,3.348952213388384e-11,1.5273714353959918e-08,6.018694003763884e-11,1.5867264089011044e-12,3.999561905808872e-12,5.262572591479633e-11,3.748633597017694e-08,True,337.02926229999866
20260809,2,742,1242,0.0003,3.419147014397901e-09,1.606789354509413e-08,2.458979632793859e-09,3.552579233843881e-11,1.5298612222038278e-08,6.065087484552277e-11,1.587547468640878e-12,4.196902274840002e-12,5.2995025958979457e-11,3.73995885572106e-08,True,337.4283708000148
20260809,2,743,1243,0.0003,3.381505150500062e-09,1.6040128443766958e-08,2.4590596267465814e-09,3.3165215095142796e-11,1.5277323476026755e-08,6.027133232615134e-11,1.5869582821178778e-12,4.036245435075042e-12,5.269278068028602e-11,3.730976922885913e-08,True,337.8640784000163
20260809,2,744,1244,0.0003,3.2794798170233248e-09,1.6057372836616317e-08,2.4589813485828706e-09,3.4026633232370116e-11,1.5290411172048e-08,6.051434558605951e-11,1.587266535780405e-12,4.136622104974098e-12,5.288623087795728e-11,3.723939627260765e-08,True,338.3124834000191
20260809,2,745,1245,0.0003,3.2529459935194907e-09,1.604933160089017e-08,2.4590599938510338e-09,3.321987148532351e-11,1.5284177549090197e-08,6.041276715919142e-11,1.5872511242201312e-12,4.0967088135718414e-12,5.280527245569214e-11,3.719763700838888e-08,True,338.7124208000023
20260809,2,746,1246,0.0003,3.2417752977406427e-09,1.604576341637374e-08,2.4590048518986655e-09,3.2671647576879394e-11,1.5281394290058124e-08,6.036250553964677e-11,1.5870040465807275e-12,4.071751386074515e-12,5.2765284220009564e-11,3.717939604884037e-08,True,339.14983549999306
20260809,2,747,1247,0.0003,3.2116621606133546e-09,1.6057458201175735e-08,2.45904411110882e-09,3.339460408344991e-11,1.529023423521537e-08,6.053589788462786e-11,1.587459883797505e-12,4.149198099384198e-12,5.290324991406959e-11,3.717096911797861e-08,True,339.6078736000054
20260809,2,748,1248,0.0003,3.235866919578431e-09,1.60376672136671e-08,2.45903901055953e-09,3.1732812820567806e-11,1.5275068614794266e-08,6.026028043727011e-11,1.5868697790842642e-12,4.029539267388358e-12,5.2683831999444246e-11,3.7157935092903087e-08,True,340.09235240001
20260809,2,749,1249,0.0003,3.16617824711252e-09,1.606083731282397e-08,2.459024565162008e-09,3.3238403663995806e-11,1.5292674527026956e-08,6.059134897307862e-11,1.5875194635779102e-12,4.172225829522755e-12,5.2947356714764726e-11,3.7131251506770396e-08,True,340.4784266000206
20260809,2,750,1250,0.0003,3.1729108825823778e-09,1.603502346096997e-08,2.4590688930990964e-09,3.1120705762014495e-11,1.5272897908945465e-08,6.023512831541198e-11,1.5868868055447913e-12,4.020145661430418e-12,5.2663734684102096e-11,3.708952774682541e-08,True,340.87608580000233
20260809,2,751,1251,0.0003,3.0774472644972165e-09,1.6058578913771778e-08,2.4590146083048747e-09,3.255278711553249e-11,1.529080206156545e-08,6.056877766637099e-11,1.5874421827966256e-12,4.161429981046935e-12,5.292932488496382e-11,3.703764260997003e-08,True,341.2733216000197
20260809,2,752,1252,0.0003,3.063468861481604e-09,1.6037102716417194e-08,2.459086032784669e-09,3.074450941618915e-11,1.5274323545340298e-08,6.027661155360001e-11,1.5870115847850525e-12,4.038438594403103e-12,5.269665186619082e-11,3.698332437903893e-08,True,341.67072560000815
20260809,2,753,1253,0.0003,2.9856804769951656e-09,1.6052376814816785e-08,2.459019484069564e-09,3.153813684748312e-11,1.5285913031315196e-08,6.049213860206503e-11,1.587290488506343e-12,4.127780517122591e-12,5.286822724839288e-11,3.6933603380900275e-08,True,342.08486030000495
20260809,2,754,1254,0.0003,2.964343554377992e-09,1.6041902398112825e-08,2.459087476293263e-09,3.056721306099054e-11,1.5277830759137766e-08,6.035495401882859e-11,1.5871739051238974e-12,4.071849147190759e-12,5.275893368261086e-11,3.689250431173659e-08,True,342.6123530000041
20260809,2,755,1255,0.0003,2.927085375542507e-09,1.6044895383576298e-08,2.459038401203597e-09,3.050517617330514e-11,1.52800525748358e-08,6.03980197517916e-11,1.5871372462227275e-12,4.087559197784512e-12,5.279321584316365e-11,3.686044284337047e-08,True,342.97897110000486
20260809,2,756,1256,0.0003,2.898172248859161e-09,1.6046867992441153e-08,2.459078806788276e-09,3.047860406051111e-11,1.5281475373527248e-08,6.043418807055089e-11,1.5873108510385007e-12,4.105394714593992e-12,5.28219384272585e-11,3.683502185773979e-08,True,343.3479587000038
20260809,2,757,1257,0.0003,2.8916916391663064e-09,1.6038454034321673e-08,2.4590641420930224e-09,2.963687320780319e-11,1.5274990387476535e-08,6.031864975494478e-11,1.5870297872635938e-12,4.054415374590102e-12,5.272994958317044e-11,3.681252712076531e-08,True,343.7635484000202
20260809,2,758,1258,0.0003,2.846999617077089e-09,1.605013077133003e-08,2.4590667778448934e-09,3.0312487939567495e-11,1.5283827689401106e-08,6.048857497190592e-11,1.5873867636602597e-12,4.1281812008906584e-12,5.286517998049034e-11,3.6789406666509636e-08,True,344.2225616000069
20260809,2,759,1259,0.0003,2.850564009293313e-09,1.6034350529226346e-08,2.4590894041956733e-09,2.8960856536899276e-11,1.5271716524872848e-08,6.02719591141955e-11,1.5869896579335701e-12,4.035458187976325e-12,5.269270244136011e-11,3.676326843352654e-08,True,344.6016729999974
20260809,2,760,1260,0.0003,2.7900708732823553e-09,1.6050825299633686e-08,2.459058558049814e-09,2.994912262955942e-11,1.528422199730558e-08,6.050687991858156e-11,1.58739783797854e-12,4.1354579669090805e-12,5.2879694436748785e-11,3.6733235281061216e-08,True,345.0134871000191
20260809,2,761,1261,0.0003,2.7904205484416523e-09,1.6032820193516533e-08,2.4591081970846723e-09,2.8442905030619458e-11,1.527040615133652e-08,6.02612070559288e-11,1.587008393964949e-12,4.031569664611293e-12,5.268406148742966e-11,3.669976184201193e-08,True,345.37913610000396
20260809,2,762,1262,0.0003,2.7248167846136497e-09,1.60490682879759e-08,2.4590580238114244e-09,2.937903571485608e-11,1.5282742857979233e-08,6.049135003011385e-11,1.5873582224691206e-12,4.128338934919456e-12,5.2867261955410445e-11,3.666413929923797e-08,True,345.8047423000098
20260809,2,763,1263,0.0003,2.718187816656695e-09,1.603332856087701e-08,2.4591186095468038e-09,2.8042540941700848e-11,1.5270652235974915e-08,6.027866415780063e-11,1.5870652202181752e-12,4.039308104781488e-12,5.269787728916873e-11,3.6627932678769105e-08,True,346.23450170000433
20260809,2,764,1264,0.0003,2.660142781281828e-09,1.604565055616405e-08,2.459065734347298e-09,2.868222093752309e-11,1.527999518966242e-08,6.045304642233917e-11,1.5872923320272656e-12,4.111726905983139e-12,5.2836692699331356e-11,3.65925252407528e-08,True,346.75672570001916
20260809,2,765,1265,0.0003,2.6464581184809327e-09,1.6035044436460783e-08,2.4591213293853833e-09,2.7728971179917158e-11,1.5271822714831647e-08,6.03124810838383e-11,1.587137028794442e-12,4.053693320418398e-12,5.272471839455884e-11,3.655885360016628e-08,True,347.1516635000007
20260809,2,766,1266,0.0003,2.6032312575315236e-09,1.604149943645288e-08,2.459079916792307e-09,2.795402260701654e-11,1.527668883480322e-08,6.040479919490438e-11,1.587222025174836e-12,4.091206303319498e-12,5.279820161803167e-11,3.652733489732838e-08,True,347.55382890001056
20260809,2,767,1267,0.0003,2.5822362605159e-09,1.603710175400249e-08,2.459119134109846e-09,2.7459410582625236e-11,1.527325743055709e-08,6.035049242731662e-11,1.5872044976730158e-12,4.069692582715702e-12,5.275490734385721e-11,3.649793628661952e-08,True,347.9787990000041
20260809,2,768,1268,0.0003,2.5543423070528724e-09,1.6037410526415566e-08,2.459097581394919e-09,2.726097291392086e-11,1.5273432110522638e-08,6.035747677197993e-11,1.5871614927987436e-12,4.071356320809093e-12,5.2760449228674715e-11,3.647031994211418e-08,True,348.4577801999985
20260809,2,769,1269,0.0003,2.525526707324005e-09,1.603886185630691e-08,2.4591152993625e-09,2.7192923137755124e-11,1.5274469689090018e-08,6.03839176938216e-11,1.5872579920359185e-12,4.0836840737247655e-12,5.2781446843470286e-11,3.6444002781824234e-08,True,348.8677776000113
20260809,2,770,1270,0.0003,2.5095635609658987e-09,1.6033882343238435e-08,2.459115666181212e-09,2.663323357075074e-11,1.5270606862035987e-08,6.031786712240548e-11,1.5871182591658313e-12,4.054940958076637e-12,5.2728837763433237e-11,3.641849043009537e-08,True,349.2758090000134
20260809,2,771,1271,0.0003,2.473254891779424e-09,1.6040000746541233e-08,2.459111812427606e-09,2.6897749008547705e-11,1.5275210770595288e-08,6.040835193296539e-11,1.5872935450387759e-12,4.09384916192644e-12,5.280083601460736e-11,3.639336630100664e-08,True,349.75912960001733
20260809,2,772,1272,0.0003,2.46506537166791e-09,1.6031093965035727e-08,2.4591321335987768e-09,2.6070855938992748e-11,1.5268348288722122e-08,6.028842786189866e-11,1.5870916084830164e-12,4.042864463212218e-12,5.270532545912857e-11,3.636833432435625e-08,True,350.186475399998
20260809,2,773,1273,0.0003,2.4228569042161324e-09,1.6040393823407375e-08,2.4591108751365692e-09,2.6557745903388414e-11,1.5275384230320864e-08,6.042237878157941e-11,1.587313461346156e-12,4.099638646427034e-12,5.2811933651411435e-11,3.634322484352509e-08,True,350.69837880000705
20260809,2,774,1274,0.0003,2.419044391025525e-09,1.6029011638009562e-08,2.459146094419135e-09,2.556369141822959e-11,1.5266630772054873e-08,6.026865310403537e-11,1.587078793086112e-12,4.034823907935732e-12,5.2689506858320854e-11,3.6317976649590706e-08,True,351.1233518999943
20260809,2,775,1275,0.0003,2.373093231592069e-09,1.6040188289188543e-08,2.4591123144470797e-09,2.6178860791220152e-11,1.5275102122664822e-08,6.04280067303019e-11,1.5873221476258181e-12,4.101907792855074e-12,5.2816348154304026e-11,3.629260840350883e-08,True,351.5499903000018
20260809,2,776,1276,0.0003,2.3715728767140787e-09,1.602747600754328e-08,2.459157328931567e-09,2.5097250099919015e-11,1.526533239192651e-08,6.025628709009069e-11,1.5870746703787076e-12,4.029826248209916e-12,5.267958794323726e-11,3.626718863116727e-08,True,351.9209672000143
20260809,2,777,1277,0.0003,2.32397169574518e-09,1.6039536998248112e-08,2.459116419253726e-09,2.5772602124518485e-11,1.5274480591661536e-08,6.042752464982678e-11,1.5873246192200845e-12,4.101655011634165e-12,5.281589176358992e-11,3.624181070307735e-08,True,352.3474883000017
20260809,2,778,1278,0.0003,2.3236774044941715e-09,1.6026260277749747e-08,2.4591665209606777e-09,2.465621273181432e-11,1.526427971175567e-08,6.024820389821165e-11,1.5870740329721336e-12,4.026555014567076e-12,5.267307830720468e-11,3.6216575038945026e-08,True,352.81195500001195
20260809,2,779,1279,0.0003,2.275776587231714e-09,1.6038687886532947e-08,2.4591220724024514e-09,2.5357930107206796e-11,1.527370937506045e-08,6.042425463484898e-11,1.5873252592224892e-12,4.1002776233558e-12,5.281321770172647e-11,3.6191578926553924e-08,True,353.221830399998
20260809,2,780,1280,0.0003,2.276500397359566e-09,1.602516659951061e-08,2.4591742812144516e-09,2.4229093705882392e-11,1.5263322529655323e-08,6.024159562804074e-11,1.5870731669723562e-12,4.023846730322179e-12,5.266774469662302e-11,3.616691316166778e-08,True,353.6360707000131
20260809,2,781,1281,0.0003,2.228896171536773e-09,1.6037833857027867e-08,2.4591286680722354e-09,2.495125252558037e-11,1.5272936110386353e-08,6.042088626685946e-11,1.5873280487151013e-12,4.0989122898297825e-12,5.281046323945851e-11,3.6142663649393674e-08,True,354.049768900004
20260809,2,782,1282,0.0003,2.2311277018970246e-09,1.602399417107584e-08,2.4591816544170807e-09,2.3803903808051856e-11,1.5262307054921497e-08,6.023372599615954e-11,1.5870683134523426e-12,4.020572693268098e-12,5.26614075051985e-11,3.611891726062757e-08,True,354.6418066000042
20260809,2,783,1283,0.0003,2.183696516906773e-09,1.6037156713712602e-08,2.4591353907496326e-09,2.4567106738739294e-11,1.5272299608698743e-08,6.041989786603534e-11,1.5873358682389395e-12,4.098599184873867e-12,5.2809604587672535e-11,3.609577077431331e-08,True,355.1329154999985
20260809,2,784,1284,0.0003,2.188612483616955e-09,1.602258165254614e-08,2.4591892728616734e-09,2.3371984726274133e-11,1.526111056114726e-08,6.022233953524717e-11,1.5870568360310445e-12,4.015808716861101e-12,5.2652271917945635e-11,3.6073343431904384e-08,True,355.58832410001196
20260809,2,785,1285,0.0003,2.14072377441269e-09,1.6036841295856253e-08,2.4591413203541524e-09,2.422160958063857e-11,1.5271941434193348e-08,6.042380946769506e-11,1.5873519558489024e-12,4.100393111491153e-12,5.2812648068196763e-11,3.605179363700031e-08,True,356.0604924999934
20260809,2,786,1286,0.0003,2.1504160203170556e-09,1.6020760113611068e-08,2.459197887385717e-09,2.2924925866855083e-11,1.5259604136414962e-08,6.020509639809202e-11,1.5870355060146276e-12,4.008589690275366e-12,5.263847480484472e-11,3.6031342279994883e-08,True,356.49209139999584
20260809,2,787,1287,0.0003,2.1012156663130052e-09,1.6037065845708642e-08,2.4591459992701257e-09,2.393146821586059e-11,1.527199796971066e-08,6.043507590938282e-11,1.5873798867450292e-12,4.105347931374667e-12,5.282154854878302e-11,3.601230630149458e-08,True,356.9258494999958
20260809,2,788,1288,0.0003,2.1191563730106112e-09,1.6018320014141858e-08,2.4592082494067524e-09,2.2453851120411542e-11,1.5257628228134365e-08,6.017905161873522e-11,1.5869999020105852e-12,3.9977085505702694e-12,5.261767315029312e-11,3.5995148149035606e-08,True,357.4191481000162
20260809,2,789,1289,0.0003,2.0678966834757475e-09,1.6038103350580985e-08,2.459148422716073e-09,2.3725409454595744e-11,1.527267835634677e-08,6.045740557106298e-11,1.5874248256032803e-12,4.1150590334774795e-12,5.283926101464472e-11,3.598055137301895e-08,True,357.84630269999616
20260809,2,790,1290,0.0003,2.100127798104647e-09,1.6014974762440584e-08,2.4592212130987624e-09,2.1952211394064365e-11,1.5254965372965864e-08,6.014012704904036e-11,1.5869436697082356e-12,3.981501303410198e-12,5.2586621610930304e-11,3.596953655163701e-08,True,358.2868271000043
20260809,2,791,1291,0.0003,2.0471250766529354e-09,1.6040348329838314e-08,2.4591476992164844e-09,2.365146747720419e-11,1.5274285710619174e-08,6.049615089741506e-11,1.5874954065076383e-12,4.13188165842425e-12,5.2870050024877015e-11,3.596364386179134e-08,True,358.78729010000825
20260809,2,792,1292,0.0003,2.1048553886733426e-09,1.6010271414807e-08,2.4592380887709546e-09,2.1416985900968106e-11,1.5251272133227218e-08,6.00818070140269e-11,1.5868558660839535e-12,3.95734011287914e-12,5.2540140079262886e-11,3.596522015445173e-08,True,359.18905300000915
20260809,2,793,1293,0.0003,2.053902729727501e-09,1.6044469913426505e-08,2.4591421241876504e-09,2.3803126832629755e-11,1.5277334439334174e-08,6.056031268391688e-11,1.5876051664351623e-12,4.159818859936337e-12,5.292109021120426e-11,3.597788116042995e-08,True,359.5993292000203
20260809,2,794,1294,0.0003,2.1596592474264845e-09,1.600348932620651e-08,2.4592610362070184e-09,2.086706949998984e-11,1.524600459947437e-08,5.999358126094759e-11,1.5867190342024713e-12,3.92107884384389e-12,5.246987168562819e-11,3.6007252529638995e-08,True,360.0053867000097
20260809,2,795,1295,0.0003,2.12489627241212e-09,1.6051616505434258e-08,2.4591291502694083e-09,2.437106715886713e-11,1.5282711029871195e-08,6.066509685718593e-11,1.5877777829007987e-12,4.205779471177877e-12,5.300450824520761e-11,3.606218718750232e-08,True,360.38436500000535
20260809,2,796,1296,0.0003,2.3276127801373723e-09,1.599348192382452e-08,2.4592935078146114e-09,2.038981371229016e-11,1.5238302254102874e-08,5.98582584429219e-11,1.586503336056176e-12,3.8661638674831416e-12,5.23621642234246e-11,3.6156753369461565e-08,True,360.8338393000013
20260809,2,797,1297,0.0003,2.3530209879124624e-09,1.606382597934615e-08,2.4591043351968743e-09,2.577101300263167e-11,1.5291994230644127e-08,6.08369990740178e-11,1.5880527764503524e-12,4.282145133649469e-12,5.3141447793531434e-11,3.631356519087989e-08,True,361.28832160000456
20260809,2,798,1298,0.0003,2.7672448586702594e-09,1.5978424061544456e-08,2.459341624882565e-09,2.02870785433205e-11,1.5226809081286546e-08,5.964742399148104e-11,1.5861580572782338e-12,3.782420874512312e-12,5.219447310066401e-11,3.656931718095108e-08,True,361.69254479999654
20260809,2,799,1299,0.0003,2.982712039444354e-09,1.6084871888504345e-08,2.4590602307754988e-09,2.8972760800455623e-11,1.5308125386613045e-08,6.112363244303896e-11,1.5884993188531471e-12,4.412092076022498e-12,5.3369946226881826e-11,3.6984236476202497e-08,True,362.2094550000038
20260809,2,800,1300,0.0003,3.8954754122516116e-09,1.595560157420963e-08,2.4594159900331227e-09,2.1507911682455963e-11,1.5209552433793072e-08,5.931520061845429e-11,1.5855961269347333e-12,3.65532736356162e-12,5.193048880501178e-11,3.765803993488385e-08,True,362.68351780000376
20260809,2,801,1301,0.0003,4.681787539209868e-09,1.6122067684078143e-08,2.4589842055545995e-09,3.639086433101712e-11,1.5336851183031014e-08,6.161355498866702e-11,1.589239660032884e-12,4.6412665387365576e-12,5.37608580406498e-11,3.875768639543273e-08,True,363.1323879999982
20260809,2,802,1302,0.0003,6.857402460762676e-09,1.5921467279209834e-08,2.459535741544561e-09,2.6953149478094978e-11,1.5184097418271093e-08,5.879003617940155e-11,1.5846660492106452e-12,3.468126613598568e-12,5.151382980939532e-11,4.056481270791786e-08,True,363.62865530001
20260809,2,803,1303,0.0003,9.342015867709419e-09,1.6190485698336426e-08,2.458854899501523e-09,5.4416907059092945e-11,1.5390137117176147e-08,6.247933545866084e-11,1.5904938250449699e-12,5.065628377527092e-12,5.445255821451882e-11,4.355949850565836e-08,True,364.0210256999999
20260809,2,804,1304,0.0003,1.4922522183674513e-08,1.5873465253182974e-08,2.459735823971105e-09,4.5455192269654935e-11,1.5149273991111918e-08,5.797286840545204e-11,1.58310490566645e-12,3.2175693230057083e-12,5.0867305221677945e-11,4.856409329206597e-08,True,364.4552981000161
20260809,2,805,1305,0.0003,2.2493935142256714e-08,1.6323406315714316e-08,2.4586376289185222e-09,1.0084882015747812e-10,1.5494723466116942e-08,6.407613101384465e-11,1.5926666320038525e-12,5.901973993401245e-12,5.5730660437206704e-11,5.699885280524043e-08,True,364.85782050000853
20260809,2,806,1306,0.0003,3.770727325494218e-08,1.5818531734228504e-08,2.4600809562050684e-09,1.0397669725660494e-10,1.511267011034546e-08,5.6773931551766087e-11,1.5804641199686635e-12,2.9792472378261106e-12,4.992436585716125e-11,7.131379076174453e-08,True,365.2702370000188
20260809,2,807,1307,0.0003,6.060693757070866e-08,1.6599207463584287e-08,2.4582823684464286e-09,2.2679557420995185e-10,1.5714381079365955e-08,6.717591686582114e-11,1.5965095074641472e-12,7.673232312836734e-12,5.821820377716462e-11,9.574026791877858e-08,True,365.67394180002157
20260809,2,808,1308,0.0003,1.036846651103573e-07,1.5804077379473664e-08,2.460688963744572e-09,2.836487724692708e-10,1.5117215599862786e-08,5.530565618485784e-11,1.5760277488171327e-12,3.134330266364695e-12,4.878896661834454e-11,1.37459100806726e-07,True,366.0994591000199
20260809,2,809,1309,0.0003,1.717900101806521e-07,1.7206722678470976e-08,2.4577460911844952e-09,5.764890412286543e-10,1.6204579421767278e-08,7.349101476785995e-11,1.6033858603510818e-12,1.1668028175057961e-11,6.330266608069677e-11,2.083856125081875e-07,True,366.5815159000049
20260809,2,810,1310,0.0003,2.922236324153876e-07,1.600669203213166e-08,2.461741936751059e-09,8.086605165592182e-10,1.5316064370755443e-08,5.453431440873279e-11,1.5688796980587007e-12,4.998851075848311e-12,4.826970201286222e-11,3.269261630187805e-07,True,367.01944259999436
20260809,2,811,1311,0.0003,4.782189734301863e-07,1.8543722598621108e-08,2.457120946492755e-09,1.4954942733513464e-09,1.7296436169524616e-08,8.633826837798485e-11,1.6153769242925925e-12,2.066015113566373e-11,7.368340870026814e-11,5.181940446233142e-07,True,367.43574420001823
20260809,2,812,1312,0.0003,7.675605052276452e-07,1.6834140191389667e-08,2.463298278699748e-09,2.107769255393182e-09,1.6055256708341175e-08,5.730520028029656e-11,1.5587414814851194e-12,1.1484800485928893e-11,5.070605900546954e-11,8.051420244627222e-07,True,367.85441280002124
20260809,2,813,1313,0.0003,1.1343749983410085e-06,2.089256413500847e-08,2.45701494120307e-09,3.3089757233164994e-09,1.923197903164069e-08,1.0753040216492388e-10,1.6330631465527124e-12,3.6748687950258426e-11,9.085945084066879e-11,1.1805023037762796e-06,True,368.3554385000025
20260809,2,814,1314,0.0003,1.5052791184869303e-06,1.8186357956104374e-08,2.4641795828045177e-09,3.886932660818916e-09,1.7234084849967272e-08,6.417448672259238e-11,1.5486554116745656e-12,2.156623609857731e-11,5.648754696503751e-11,1.5471944504618235e-06,True,368.76822070000344
20260809,2,815,1315,0.0003,1.6363742340130988e-06,2.200778029791806e-08,2.4586409973942496e-09,4.2305384391137515e-09,2.0156095124627378e-08,1.1729137756166843e-10,1.6446537929104925e-12,4.460909897544976e-11,9.878314007175003e-11,1.685489617142554e-06,True,369.15997550002066
20260809,2,816,1316,0.0003,1.3349320999337416e-06,1.7402979891241665e-08,2.4609115538484032e-09,2.8328945916288225e-09,1.655070872043667e-08,6.007530074864699e-11,1.5483946267734373e-12,1.5444392563749472e-11,5.303957888450952e-11,1.3743097023577208e-06,True,369.5200572000176
20260809,2,817,1317,0.0003,6.661829624903839e-07,1.8110735230369103e-08,2.4619227455549243e-09,1.2300922635143726e-09,1.6943966117518977e-08,8.239400017462176e-11,1.623787486234188e-12,1.8243433731789638e-11,7.049277648725491e-11,7.051024328452212e-07,True,369.8954847000132
20260809,2,818,1318,0.0003,1.1069806936691908e-07,1.5926068134537586e-08,2.4551437559884988e-09,5.0002941845315475e-11,1.51904791479351e-08,5.832493587923762e-11,1.5722963012780812e-12,3.139701555257395e-12,5.115116860432901e-11,1.444339514495657e-07,True,370.36929699999746
20260809,2,819,1319,0.0003,4.9092020109825776e-08,1.576114049989976e-08,2.464853873464938e-09,3.636924562217621e-10,1.508969672775122e-08,5.451531033803733e-11,1.583129434011293e-12,3.329553731987394e-12,4.8171691987555644e-11,8.287900335265506e-08,True,370.7968473000219
20260809,2,820,1320,0.0003,3.895838441090184e-07,1.8763453852299827e-08,2.454476738363781e-09,1.6262350822866796e-09,1.747455477266991e-08,8.838435851246778e-11,1.610696472814398e-12,2.1857013351131026e-11,7.533696544333113e-11,4.3008975358841834e-07,True,371.16404740000144
20260809,2,821,1321,0.0003,7.144731716902787e-07,1.679382325573066e-08,2.464014368009922e-09,2.0744657226566516e-09,1.6021714557814303e-08,5.7012025282604555e-11,1.5602135289220073e-12,1.1232822999565427e-11,5.0466543011559e-11,7.519474611993128e-07,True,371.5771364000102
20260809,2,822,1322,0.0003,6.594562827646905e-07,1.8806074881068124e-08,2.458698756578494e-09,1.7042669563758662e-09,1.7512780379821375e-08,8.881250155109178e-11,1.6218883113908317e-12,2.261538388516185e-11,7.568513229116887e-11,7.00126838644573e-07,True,372.00187690000166
20260809,2,823,1323,0.0003,3.0573790930585917e-07,1.5888967268558883e-08,2.4575887344920712e-09,4.3963828794021204e-10,1.5196192509354244e-08,5.5118433100038874e-11,1.5656925938510389e-12,3.5347659875620567e-12,4.867046156895141e-11,3.39829185459455e-07,True,372.4144276000152
20260809,2,824,1324,0.0003,2.807189236434892e-08,1.5890311993412988e-08,2.463959235152822e-09,1.7381356436637487e-11,1.5157476832486044e-08,5.885570491333167e-11,1.5959338350862933e-12,3.696619595400834e-12,5.156071182343441e-11,6.171673075200466e-08,True,372.89678670000285
20260809,2,825,1325,0.0003,7.727994634843894e-08,1.7355465764937275e-08,2.4535298395208974e-09,6.290545842298145e-10,1.6323092538288703e-08,7.489534066620658e-11,1.5945885896498099e-12,1.2196867459255969e-11,6.443357250409875e-11,1.1419420944463486e-07,True,373.27019219999784
20260809,2,826,1326,0.0003,3.1087108089608984e-07,1.6202301924781796e-08,2.4652796385348407e-09,1.2338948176499254e-09,1.549980572726297e-08,5.4627253504436574e-11,1.5708332788256346e-12,6.909857141322132e-12,4.8418651990734714e-11,3.4638388960023463e-07,True,373.67562590001035
20260809,2,827,1327,0.0003,4.019258008686425e-07,1.8366765380315007e-08,2.4564971736964567e-09,1.3572835689090036e-09,1.71505609862596e-08,8.470035313078181e-11,1.6123803384793199e-12,1.9377155988581077e-11,7.235743526929125e-11,4.4143495530254966e-07,True,374.11438430001726
20260809,2,828,1328,0.0003,2.567171102713696e-07,1.5881832338029163e-08,2.459359138727819e-09,4.954689807996619e-10,1.519475774138962e-08,5.478930844224865e-11,1.5683826824269742e-12,3.715703377095363e-12,4.841758746443787e-11,2.908570194522821e-07,True,374.55088070000056
20260809,2,829,1329,0.0003,5.3678305494929716e-08,1.606658858890486e-08,2.4629358578257325e-09,3.437828320294103e-11,1.5292470455299234e-08,6.124325905238482e-11,1.5983716596033516e-12,4.704688972852738e-12,5.346196378900673e-11,8.765568696363636e-08,True,374.9885884000105
20260809,2,830,1330,0.0003,1.949424811603807e-08,1.6831692483648655e-08,2.4535549210676748e-09,3.134749301503168e-10,1.589902082694052e-08,6.953529570125273e-11,1.5880039367886775e-12,8.721759500521167e-12,6.011493581475548e-11,5.5131951272798556e-08,True,375.38774080001167
20260809,2,831,1331,0.0003,1.443036356454218e-07,1.592751314924642e-08,2.465829933591072e-09,7.835585552509941e-10,1.5252024268278202e-08,5.3960595803357075e-11,1.5776076067351525e-12,4.837921061968923e-12,4.7807060261536845e-11,1.7884074473652205e-07,True,375.7998434000183
20260809,2,832,1332,0.0003,2.2933386391961887e-07,1.790307963277652e-08,2.455194754797134e-09,1.0158288106973392e-09,1.677006164606991e-08,8.029434925468628e-11,1.6045786187298147e-12,1.6096208539733792e-11,6.879389147320508e-11,2.6764481779184614e-07,True,376.22100980000687
20260809,2,833,1333,0.0003,1.7442667852635345e-07,1.5833015986154395e-08,2.460690548010037e-09,4.2766985738020767e-10,1.515085603998062e-08,5.473315600159025e-11,1.572405210716407e-12,3.4837225357330068e-12,4.835924160069224e-11,2.0840705948322745e-07,True,376.63387290001265
20260809,2,834,1334,0.0003,5.0941381413523376e-08,1.6147368193576602e-08,2.4619482791140597e-09,5.343272151945383e-11,1.5355174697258358e-08,6.222292038439795e-11,1.597628122481468e-12,5.136275988772313e-12,5.4245000635661866e-11,8.508250713012315e-08,True,377.04205920000095
20260809,2,835,1335,0.0003,8.372396203668577e-09,1.6576549744155898e-08,2.4539721001217802e-09,1.8291714282258443e-10,1.5694141561740296e-08,6.680344672869781e-11,1.585161674389221e-12,7.098645906161556e-12,5.7918917469697386e-11,4.3413382924288085e-08,True,377.42134110000916
20260809,2,836,1336,0.0003,7.120129108506355e-08,1.5798424304694275e-08,2.466024478629086e-09,5.237474987043487e-10,1.5131337134553132e-08,5.4000991852146026e-11,1.5821580312001426e-12,3.817982558557735e-12,4.779185184257713e-11,1.0522801748592887e-07,True,377.86932630001684
20260809,2,837,1337,0.0003,1.2931991455502498e-07,1.7550363371573526e-08,2.4543631028227166e-09,7.665922012896228e-10,1.6481739167233587e-08,7.686164018379862e-11,1.598751627924163e-12,1.3621160487263391e-11,6.602060744748827e-11,1.6673107455769093e-07,True,378.43782099999953
20260809,2,838,1338,0.0003,1.1190121478898878e-07,1.5794831456498447e-08,2.4617397161395847e-09,3.549677779910583e-10,1.511523313947499e-08,5.4797365864931144e-11,1.5761354898241138e-12,3.2660324969545486e-12,4.839684036702281e-11,1.4573602325331161e-07,True,378.8753221000079
20260809,2,839,1339,0.0003,4.069249857525348e-08,1.6206904474898124e-08,2.460863558054259e-09,6.776997215768972e-11,1.5401884825088647e-08,6.28839855894736e-11,1.5960759769676255e-12,5.4118073129164885e-12,5.477451178479252e-11,7.495458778611635e-08,True,379.31779960001586
20260809,2,840,1340,0.0003,6.0773850921367325e-09,1.639608872884188e-08,2.4546769729691553e-09,1.0557853622046892e-10,1.555071020169455e-08,6.478190920263285e-11,1.5838488886670256e-12,5.998790973788388e-12,5.629694367110023e-11,4.071310102459897e-08,True,379.7263967000181
20260809,2,841,1341,0.0003,3.579169252217413e-08,1.573809156446093e-08,2.465768623164714e-09,3.4534649058089883e-10,1.507015161725735e-08,5.439725993909155e-11,1.5852072968607992e-12,3.256207290883463e-12,4.807494528641454e-11,6.951836443745129e-08,True,380.1023672000156
20260809,2,842,1342,0.0003,7.196008091528872e-08,1.7274626153565618e-08,2.4538372806588996e-09,5.818017977062495e-10,1.625721751077383e-08,7.411006172007119e-11,1.5942967817198012e-12,1.1710676831721603e-11,6.38006196208645e-11,1.0867877931294769e-07,True,380.5275821000105
20260809,2,843,1343,0.0003,7.063892878486067e-08,1.576612839003889e-08,2.462709275778399e-09,3.0273949712963114e-10,1.508852205439863e-08,5.4852892549402434e-11,1.5794012916970109e-12,3.1273518261812344e-12,4.8431025157743936e-11,1.0436701867303124e-07,True,380.89028670001426
20260809,2,844,1344,0.0003,3.091425460979617e-08,1.6274853475277927e-08,2.459653431232366e-09,8.676103956249463e-11,1.5455239243424e-08,6.363703244271763e-11,1.5943199220987763e-12,5.735595033427806e-12,5.5377779369391646e-11,6.531710652606057e-08,True,381.31718080001883
20260809,2,845,1345,0.0003,5.626109572958689e-09,1.6231868801257868e-08,2.455760941504548e-09,5.150421441526148e-11,1.54211238344732e-08,6.2887073448655e-11,1.5833473700286748e-12,5.064897882264975e-12,5.4779322562991914e-11,3.9910682005873515e-08,True,381.7657686000166
20260809,2,846,1346,0.0003,1.768565798452669e-08,1.5718921686851984e-08,2.4651410394730377e-09,2.0962992918757477e-10,1.50436673341761e-08,5.5075997634068786e-11,1.587278727274484e-12,2.965569654246431e-12,4.85899824016676e-11,5.123123680263265e-08,True,382.23450680001406
20260809,2,847,1347,0.0003,3.9044619402288436e-08,1.7030932302283226e-08,2.453718323889881e-09,4.3144908978743503e-10,1.605959134818325e-08,7.163605351476671e-11,1.5909791136070747e-12,1.0078896588375815e-11,6.180635205050115e-11,7.516542274769948e-08,True,382.6842307000188
20260809,2,848,1348,0.0003,4.4403910307348905e-08,1.5744516500722707e-08,2.463550564152438e-09,2.6281242134993366e-10,1.506816823943862e-08,5.492006618823727e-11,1.5821926785259556e-12,3.036239305094886e-12,4.8476644195608316e-11,7.805097317538007e-08,True,383.09448020000127
20260809,2,849,1349,0.0003,2.3132061232248365e-08,1.6359551541184588e-08,2.45832531103688e-09,1.1363266393629409e-10,1.552194399720899e-08,6.457054009183529e-11,1.5925289386369594e-12,6.156987554391357e-12,5.6126070249086065e-11,5.771396087244907e-08,True,383.540290200006
20260809,2,850,1350,0.0003,5.614243465903325e-09,1.6079844664925045e-08,2.4572065656514154e-09,1.9570342233753138e-11,1.5302619394209354e-08,6.104308276866659e-11,1.5835399478401477e-12,4.259039841922955e-12,5.330561762227275e-11,3.95936757131036e-08,True,383.9790836000175
20260809,2,851,1351,0.0003,8.319659567161186e-09,1.5745078881806755e-08,2.4640241315726572e-09,1.0523170928721242e-10,1.5054518297413428e-08,5.613567543618432e-11,1.5885257182855662e-12,2.932026775248064e-12,4.9414052586105725e-11,4.1798582867757066e-08,True,384.3483320999949
20260809,2,852,1352,0.0003,2.0192852506394452e-08,1.6797520467991436e-08,2.4540183656175216e-09,2.993250613405134e-10,1.5871168044377526e-08,6.921767768934057e-11,1.5886068067613974e-12,8.570901683294494e-12,5.98594360306978e-11,5.575412106793154e-08,True,384.77320940000936
20260809,2,853,1353,0.0003,2.7759472785757742e-08,1.57309876612415e-08,2.464093810158581e-09,2.2160840570231382e-10,1.5053996714415105e-08,5.508353061810098e-11,1.5845211516420774e-12,2.9656220119162617e-12,4.859869060457791e-11,6.13383917416615e-08,True,385.14847850002116
20260809,2,854,1354,0.0003,1.7279186651402117e-08,1.6443610839827095e-08,2.4570519338823706e-09,1.4256861098143425e-10,1.558842457334781e-08,6.548032027537518e-11,1.5907921924948784e-12,6.577396383398915e-12,5.6855696100893864e-11,5.204134681439299e-08,True,385.5414435999992
20260809,2,855,1355,0.0003,5.856373750565534e-09,1.5950935578983257e-08,2.458888049129342e-09,1.3838135959591053e-11,1.520381887217812e-08,5.936459009488753e-11,1.5842204575750292e-12,3.636707744670128e-12,5.19684261126128e-11,3.96004083312256e-08,True,385.93452500001877
20260809,2,856,1356,0.0003,3.667220999067443e-09,1.582090119270251e-08,2.462456149856537e-09,3.6999081708316323e-11,1.510624364523448e-08,5.761720227500694e-11,1.5889601085515753e-12,3.1944079064877725e-12,5.0580578484408895e-11,3.720680221734375e-08,True,386.4045716999972
20260809,2,857,1357,0.0003,9.439417449100146e-09,1.655345295479986e-08,2.454890244287086e-09,1.7906388046363147e-10,1.567556149745078e-08,6.66111469807982e-11,1.5871148701785337e-12,7.065772011726082e-12,5.776408185035644e-11,4.4435414141814564e-08,True,386.8202145000105
20260809,2,858,1358,0.0003,1.6867846087588097e-08,1.572801367579297e-08,2.464128145158231e-09,1.6788312651602838e-10,1.5046890203450452e-08,5.5446408590505195e-11,1.5862289586035362e-12,2.903933791998132e-12,4.8877341968665733e-11,5.038357515181556e-08,True,387.21751030001906
20260809,2,859,1359,0.0003,1.2840283753822883e-08,1.6494306535417173e-08,2.4560866143524605e-09,1.596731180260795e-10,1.5628542059153638e-08,6.601016849155351e-11,1.5891695130055926e-12,6.811027944910307e-12,5.7281254953625956e-11,4.771058370167533e-08,True,387.6257443000213
20260809,2,860,1360,0.0003,6.359993565029946e-09,1.585614068708699e-08,2.460571941754598e-09,3.082125509285376e-11,1.5132887364871e-08,5.801348439576035e-11,1.5852039836123572e-12,3.2376072686216806e-12,5.089591548083303e-11,3.995414702496422e-08,True,388.005670500017
20260809,2,861,1361,0.0003,1.8858001058838245e-09,1.594422638944035e-08,2.460616255224858e-09,1.1985360313564713e-11,1.519781432707204e-08,5.945176338433321e-11,1.5887487653540913e-12,3.75940427271613e-12,5.203589326339049e-11,3.561727824762044e-08,True,388.4087216000189
20260809,2,862,1362,0.0003,3.569633431966626e-09,1.6310040976899315e-08,2.456325535501495e-09,8.18434341342974e-11,1.548221028273364e-08,6.390145635532917e-11,1.5864440557773878e-12,5.64205128361155e-12,5.5590388576171844e-11,3.802677400150626e-08,True,388.834019300004
20260809,2,863,1363,0.0003,9.294368285883832e-09,1.574911128645618e-08,2.4634595024411373e-09,1.0195664574986263e-10,1.505713163575171e-08,5.618940913848593e-11,1.5872306522056802e-12,2.9155466186996986e-12,4.9456465120619255e-11,4.277617600781274e-08,True,389.2102614000032
20260809,2,864,1364,0.0003,9.039482378995928e-09,1.6473906517995428e-08,2.455749502229779e-09,1.4801194250993933e-10,1.5612108329645138e-08,6.57708650047515e-11,1.5879457078298831e-12,6.646905594948885e-12,5.7089222718164363e-11,4.3860353610401906e-08,True,389.74113390001
20260809,2,865,1365,0.0003,6.7256877931357756e-09,1.5802241141914086e-08,2.4618736581847994e-09,5.371039492637405e-11,1.5093553555502275e-08,5.718312821289895e-11,1.586244276673137e-12,3.0539060711036473e-12,5.023882229996055e-11,4.024912864452394e-08,True,390.2531264999998
20260809,2,866,1366,0.0003,2.009480863867906e-09,1.6092833174675952e-08,2.4588203368379436e-09,2.5745095626012094e-11,1.5311920461316016e-08,6.1373418219728e-11,1.5881675190340142e-12,4.513392257785785e-12,5.3567698094923206e-11,3.60198426084153e-08,True,390.85467950001475
20260809,2,867,1367,0.0003,1.1634633336455053e-09,1.609703559951635e-08,2.4581412348871417e-09,2.4541770621141933e-11,1.531522763813816e-08,6.138062037607859e-11,1.5864803573306143e-12,4.474304924444517e-12,5.357381878645012e-11,3.5179424801252606e-08,True,391.31122230002075
20260809,2,868,1368,0.0003,4.074138329724929e-09,1.5812197178130195e-08,2.4621029678774634e-09,4.192733960483409e-11,1.5099880546731717e-08,5.7443470237931515e-11,1.5875514598656693e-12,3.1266981513385036e-12,5.0443398755029486e-11,3.76028474806733e-08,True,391.82513169999584
20260809,2,869,1369,0.0003,5.370663716097619e-09,1.636709968082967e-08,2.4562293615859856e-09,1.0433901177906267e-10,1.5527159226865177e-08,6.457954455907004e-11,1.5872597982397988e-12,6.0086151660843775e-12,5.613356360228667e-11,3.9953799980283195e-08,True,392.36381199999596
20260809,2,870,1370,0.0003,6.111014950545347e-09,1.5787687667058452e-08,2.462388852338269e-09,5.933696952588023e-11,1.5082721809351063e-08,5.698501329757045e-11,1.5869673067691781e-12,3.021513132954007e-12,5.008188071066941e-11,3.9614825623266974e-08,True,392.9089845000126
20260809,2,871,1371,0.0003,2.8711076788711342e-09,1.6211451531665508e-08,2.457545016031213e-09,5.338111803182872e-11,1.540441004041854e-08,6.279946467236322e-11,1.5875642264464588e-12,5.14374154235361e-12,5.4707599751868e-11,3.712213375521125e-08,True,393.38293320001685
20260809,2,872,1372,0.0003,1.290729872302928e-09,1.5945029142547864e-08,2.459913958958553e-09,1.1275787054579593e-11,1.5198306937064168e-08,5.942328607925989e-11,1.586874265208051e-12,3.709477367454589e-12,5.201355659462223e-11,3.502198889223463e-08,True,393.88518280000426
20260809,2,873,1373,0.0003,1.3331235179737857e-09,1.5923188279207963e-08,2.4603670667075956e-09,1.2165585904797067e-11,1.518167727507263e-08,5.913985687359563e-11,1.587367240051543e-12,3.620128740170269e-12,5.178802004445415e-11,3.5026657097765045e-08,True,394.3804500999977
20260809,2,874,1374,0.0003,2.3190195511244217e-09,1.6201248725177497e-08,2.457469419528954e-09,4.983375784797185e-11,1.539633774281408e-08,6.267270671300504e-11,1.587129060225245e-12,5.073865255179091e-12,5.460626288428348e-11,3.654784916040562e-08,True,394.85209510001005
20260809,2,875,1375,0.0003,4.17986983404894e-09,1.5814509244950452e-08,2.4619231396416336e-09,4.011704710807472e-11,1.5101367294222954e-08,5.7484933063518116e-11,1.5871872459501866e-12,3.1288790914638234e-12,5.0476104137494604e-11,3.7710463663510484e-08,True,395.3911279000167
20260809,2,876,1376,0.0003,3.0352170763037997e-09,1.624365244574801e-08,2.457163357380774e-09,6.232019213397633e-11,1.5429601859431294e-08,6.317534423946398e-11,1.5872438185078655e-12,5.314679840900676e-12,5.500848155489135e-11,3.735304068045161e-08,True,396.06176510002115
20260809,2,877,1377,0.0003,2.3407520257139868e-09,1.5867714162255582e-08,2.4610596301990457e-09,2.0458927286621456e-11,1.5140145855559752e-08,5.833252916317568e-11,1.5871969847548972e-12,3.3566524666880296e-12,5.1147115821368507e-11,3.594455409545098e-08,True,396.8325643000135
20260809,2,878,1378,0.0003,8.997216248700034e-10,1.6050334570320917e-08,2.458833121953818e-09,1.7282159994812104e-11,1.527875898977485e-08,6.083067435278279e-11,1.587089201754306e-12,4.258366220231914e-12,5.313451474861515e-11,3.482474111143779e-08,True,397.4062153999985
20260809,2,879,1379,0.0003,9.130867069516998e-10,1.6039340758296914e-08,2.459032102629053e-09,1.5976293317910243e-11,1.5270228096624576e-08,6.069978579809089e-11,1.587318312097751e-12,4.210016600412267e-12,5.3029986535796595e-11,3.4817191065066554e-08,True,397.8487121000071
20260809,2,880,1380,0.0003,1.971641554365913e-09,1.588776261558801e-08,2.4607045044381675e-09,1.6055719986733547e-11,1.5154971989966475e-08,5.863148527504755e-11,1.5870110329448524e-12,3.4445082043494752e-12,5.138420153969263e-11,3.5606183590397333e-08,True,398.4774318000127
20260809,2,881,1381,0.0003,2.0791196751955803e-09,1.617542385832238e-08,2.4577595363548798e-09,4.3067097397466964e-11,1.5375963207972062e-08,6.238022864985271e-11,1.587315452758062e-12,4.9434423847615765e-12,5.437216194884283e-11,3.625461652367858e-08,True,400.2527355000202
20260809,2,882,1382,0.0003,2.56151792176145e-09,1.5857122542068575e-08,2.461203209547905e-09,2.2516009282238184e-11,1.5132147005098804e-08,5.818359168457994e-11,1.5871739387249469e-12,3.311491789090431e-12,5.102885775298929e-11,3.614861780292436e-08,True,401.3090413000027
20260809,2,883,1383,0.0003,1.3769209202718424e-09,1.6127798881796568e-08,2.4580868399544e-09,3.1224683686859185e-11,1.5338723449054984e-08,6.180325887991205e-11,1.5870679542882497e-12,4.675987634961115e-12,5.3910912934979734e-11,3.5454732002168804e-08,True,401.89650420000544
20260809,2,884,1384,0.0003,1.0963117691302574e-09,1.5934430739837788e-08,2.460237828041905e-09,1.0436807541588e-11,1.518982938465381e-08,5.932223043609395e-11,1.5874157269737437e-12,3.6836991716158475e-12,5.19326447355942e-11,3.480777251927562e-08,True,402.4173301999981
20260809,2,885,1385,0.0003,8.686027095729127e-10,1.5987857291055517e-08,2.459397822030021e-09,1.071955219083911e-11,1.5230541798029784e-08,6.0027290088635e-11,1.586833977231537e-12,3.931698642645942e-12,5.2493964189388564e-11,3.467515895977698e-08,True,402.93154680001317
20260809,2,886,1386,0.0003,1.0616946640879807e-09,1.6059111455534657e-08,2.458910497068374e-09,1.8723228104291523e-11,1.5285289650224025e-08,6.097046004207623e-11,1.587528718460982e-12,4.327551854006329e-12,5.3245702269998606e-11,3.500386073790387e-08,True,403.50624109999626
20260809,2,887,1387,0.0003,1.7237064786686467e-09,1.590097420221304e-08,2.460467878919773e-09,1.3346614881360036e-11,1.5164633082866745e-08,5.883554045838083e-11,1.5868802780168426e-12,3.5068003572998816e-12,5.154602321947939e-11,3.537860350186274e-08,True,404.05815530000837
20260809,2,888,1388,0.0003,1.3882380550952785e-09,1.6114702028784615e-08,2.458312789171675e-09,2.874430528142202e-11,1.5328390799770096e-08,6.165944589991977e-11,1.587347180452714e-12,4.620077639071814e-12,5.379581891839258e-11,3.544005066774093e-08,True,404.5606340999948
20260809,2,889,1389,0.0003,1.5060156977804006e-09,1.590164269364681e-08,2.4605630824834995e-09,1.2752887901286026e-11,1.5165004569798443e-08,5.886202646866785e-11,1.5871737269030963e-12,3.52068769034738e-12,5.156685083824788e-11,3.516151567033461e-08,True,405.1905255000165
20260809,2,890,1390,0.0003,8.519835147809341e-10,1.6060761238428314e-08,2.458691478522715e-09,1.8361764726858318e-11,1.5286495485548042e-08,6.098266060812657e-11,1.5869894070440952e-12,4.3198568829792596e-12,5.325549420744097e-11,3.479643848311245e-08,True,405.8101974000165
20260809,2,891,1391,0.0003,8.455558384655536e-10,1.5967781950702343e-08,2.4598647578016583e-09,9.717917276465793e-12,1.5214965638378987e-08,5.97932349027324e-11,1.587493772413474e-12,3.857014554419904e-12,5.2307206148226443e-11,3.46154310520028e-08,True,406.32475699999486
20260809,2,892,1392,0.0003,9.106416455381356e-10,1.597364193389288e-08,2.4595241416172523e-09,9.711396769595749e-12,1.5219505252324915e-08,5.984831523723229e-11,1.5867560253811563e-12,3.861642780791366e-12,5.2351285504677985e-11,3.469067236969086e-08,True,406.8646939000173
20260809,2,893,1393,0.0003,9.725474515874834e-10,1.6043103374998552e-08,2.4590943310131516e-09,1.621885879868138e-11,1.527274450674451e-08,6.078154886600878e-11,1.5875937744956697e-12,4.250605530043717e-12,5.309479601544913e-11,3.4883423067328374e-08,True,407.4250648000161
20260809,2,894,1394,0.0003,1.2995554812011412e-09,1.5926485650177844e-08,2.460106865823576e-09,1.02299809055207e-11,1.51836342411155e-08,5.920938019775018e-11,1.586808793984557e-12,3.630942707679176e-12,5.1842892889027086e-11,3.499628224381203e-08,True,408.0590685000061
20260809,2,895,1395,0.0003,9.827220906075018e-10,1.6064688640325093e-08,2.458806577622386e-09,1.9254002844836706e-11,1.528940367323809e-08,6.105157051527593e-11,1.5873965053338321e-12,4.35904573943318e-12,5.331026003578781e-11,3.493518325743374e-08,True,408.6287926000077
20260809,2,896,1396,0.0003,1.0463840645519426e-09,1.5934746832198917e-08,2.460111441984684e-09,9.5574683861582e-12,1.5189784118046452e-08,5.933880343530066e-11,1.5871066091828027e-12,3.682326219527381e-12,5.194562292529609e-11,3.4757137784357464e-08,True,409.22130380000453
20260809,2,897,1397,0.0003,7.164076099371982e-10,1.6027031081580935e-08,2.4590559178042036e-09,1.3604202082201588e-11,1.526029756747156e-08,6.056606906542129e-11,1.5870544104333122e-12,4.1495237050951955e-12,5.2923011831428556e-11,3.459562203788847e-08,True,409.7795398000162
20260809,2,898,1398,0.0003,7.56923801359933e-10,1.597908842329653e-08,2.4597100609709428e-09,9.739376612379568e-12,1.5223434914723237e-08,5.995397988055797e-11,1.587425787654248e-12,3.916380155628593e-12,5.243506750882864e-11,3.454678943029569e-08,True,410.415533899999
20260809,2,899,1399,0.0003,8.255493633833881e-10,1.5975374156500665e-08,2.459519521965508e-09,9.371994860820245e-12,1.5220640267114092e-08,5.98857669537931e-11,1.5867987606790594e-12,3.8765658751852694e-12,5.2380910963080635e-11,3.460818534637721e-08,True,411.0094017999945
20260809,2,900,1400,0.0003,8.313747558901844e-10,1.6021827002012005e-08,2.4593026888056287e-09,1.3278372057226189e-11,1.5256168747334726e-08,6.052068481316081e-11,1.587566683042709e-12,4.1432756994269e-12,5.2886568060015114e-11,3.470108966135542e-08,True,411.58260550000705
20260809,2,901,1401,0.0003,1.0065046527744844e-09,1.5948739625224425e-08,2.4598217898152416e-09,8.904499130881592e-12,1.5200302108392948e-08,5.952942707815465e-11,1.5867827278864645e-12,3.743781762660424e-12,5.2097240093022195e-11,3.474122990699971e-08,True,412.1393117000116
20260809,2,902,1402,0.0003,8.095496433341795e-10,1.6031547979358908e-08,2.4591638236428427e-09,1.430967281468677e-11,1.5263622136287653e-08,6.064544259823116e-11,1.5874651710166796e-12,4.191744065704663e-12,5.298604841900589e-11,3.469760395569223e-08,True,412.687364500016
20260809,2,903,1403,0.0003,8.560192713908969e-10,1.5955246078496825e-08,2.4598167526432057e-09,8.745576586965013e-12,1.5205168196674833e-08,5.96287216008715e-11,1.5869799429413602e-12,3.784207747097715e-12,5.217611609558399e-11,3.460217190117922e-08,True,413.13785910001025
20260809,2,904,1404,0.0003,6.712607052868187e-10,1.6008705579459888e-08,2.459304604044027e-09,1.1534076679009464e-11,1.524600779528666e-08,6.03466250131487e-11,1.5872032835025835e-12,4.064917558219966e-12,5.2747814363121546e-11,3.451555932097439e-08,True,413.5996079000179
20260809,2,905,1405,0.0003,6.86638336990478e-10,1.598220733385341e-08,2.459608457088611e-09,9.509776165224614e-12,1.522565926183433e-08,6.000234991429212e-11,1.5872473465671e-12,3.930933193652868e-12,5.247345518535707e-11,3.448161715157192e-08,True,414.12132390000625
20260809,2,906,1406,0.0003,7.155032772585126e-10,1.5978243652197516e-08,2.4595444875985358e-09,9.174499226724293e-12,1.5222639062736413e-08,5.994165615970836e-11,1.5869572629798772e-12,3.9011699037709e-12,5.242519227750754e-11,3.4502959954621674e-08,True,414.74847260001116
20260809,2,907,1407,0.0003,7.062772952936284e-10,1.6007291595160123e-08,2.459406218070742e-09,1.1425867460250437e-11,1.5244836131300615e-08,6.034008757143454e-11,1.5874363784727927e-12,4.067692292257374e-12,5.2742473505568005e-11,3.454797479703309e-08,True,415.24612409999827
20260809,2,908,1408,0.0003,8.201250513962028e-10,1.5961726648934552e-08,2.459690997859542e-09,8.524610595424884e-12,1.520999994982058e-08,5.972016199844697e-11,1.586845951826899e-12,3.8150682676763e-12,5.2248828700968725e-11,3.4577438163525216e-08,True,415.77054530000896
20260809,2,909,1409,0.0003,7.171014976379787e-10,1.601309405018645e-08,2.4593544509418117e-09,1.1959589239799636e-11,1.5249252227441923e-08,6.041911935491704e-11,1.5874598586966436e-12,4.099986743817141e-12,5.2805420401126325e-11,3.4569673801806526e-08,True,416.22300510000787
20260809,2,910,1410,0.0003,7.660254567096266e-10,1.5965200952548207e-08,2.459669765185683e-09,8.495062668790541e-12,1.5212594900097108e-08,5.977197925814756e-11,1.586896821583902e-12,3.8354976952181685e-12,5.229001455305656e-11,3.452947052553743e-08,True,416.8002946000197
20260809,2,911,1411,0.0003,6.525330198777465e-10,1.59995888529435e-08,2.459453748412587e-09,1.0535939599361748e-11,1.523883997260369e-08,6.024309749398174e-11,1.5873423860896986e-12,4.027081313996799e-12,5.266511243575861e-11,3.447947416706671e-08,True,417.2197961000202
20260809,2,912,1412,0.0003,6.492049679065976e-10,1.59820664167386e-08,2.4595364431289325e-09,9.12971468320947e-12,1.5225416444663577e-08,6.000512274756591e-11,1.5870521819760992e-12,3.927572233741478e-12,5.247557343860227e-11,3.4443349307722796e-08,True,417.68962300001294
20260809,2,913,1413,0.0003,6.428640513333715e-10,1.5979536318957114e-08,2.459607862644776e-09,8.986052282683942e-12,1.5223444035723488e-08,5.997717281135552e-11,1.5871689204712215e-12,3.9194045470219945e-12,5.245324748501597e-11,3.4432375314705295e-08,True,418.1643102999951
20260809,2,914,1414,0.0003,6.160087860215965e-10,1.599927616482421e-08,2.4594096328528095e-09,1.0340796771946623e-11,1.523854364188937e-08,6.023982035352596e-11,1.5872149346804653e-12,4.022924100468567e-12,5.266246996483817e-11,3.444209145171345e-08,True,418.6696989000193
20260809,2,915,1415,0.0003,6.932438987701448e-10,1.59662446909783e-08,2.4597049974136557e-09,8.299304385902576e-12,1.521325622049687e-08,5.979888466613791e-11,1.5870272156400317e-12,3.848326649422607e-12,5.231126472639505e-11,3.4458294615302465e-08,True,419.1098532000033
20260809,2,916,1416,0.0003,6.282257977764623e-10,1.6005915650676036e-08,2.4593767303456403e-09,1.0934667805055861e-11,1.5243590315579772e-08,6.033265749178365e-11,1.587317149247491e-12,4.062149426557595e-12,5.273637691471556e-11,3.446676166316527e-08,True,419.5977855999954
20260809,2,917,1417,0.0003,6.969329493209007e-10,1.5965560619486173e-08,2.4596904605309356e-09,8.177209102196952e-12,1.5212695381549833e-08,5.979101312126755e-11,1.5869686417106919e-12,3.844017810403002e-12,5.23049693682523e-11,3.446058358893167e-08,True,420.07957920001354
20260809,2,918,1418,0.0003,6.158094846338871e-10,1.599935342312046e-08,2.459451934378659e-09,1.0277219188440084e-11,1.5238502949625153e-08,6.025087946555619e-11,1.587331002058481e-12,4.0299738352272545e-12,5.2671150618410264e-11,3.444193434586785e-08,True,420.5307515000168
20260809,2,919,1419,0.0003,6.373444937150419e-10,1.597541187651649e-08,2.459586516985565e-09,8.473819219386059e-12,1.522017075303651e-08,5.992644526275716e-11,1.5869883953841904e-12,3.895864257061681e-12,5.241275372370736e-11,3.441880951111191e-08,True,421.0809295999934
20260809,2,920,1420,0.0003,6.002934655927666e-10,1.5985089359090737e-08,2.459587340101258e-09,9.085914814120983e-12,1.5227523959235897e-08,6.006554825334997e-11,1.587279320368206e-12,3.95602959075574e-12,5.25234356962801e-11,3.439971233169554e-08,True,421.5539527000219
20260809,2,921,1421,0.0003,5.825085522749184e-10,1.5989259464888195e-08,2.459458168114511e-09,9.244205647332623e-12,1.5230722280950542e-08,6.011450887142436e-11,1.5870551935715929e-12,3.970061338718853e-12,5.256250021504277e-11,3.438942679749426e-08,True,421.99359040000127
20260809,2,922,1422,0.0003,6.133201968825e-10,1.5971524803480746e-08,2.459709582027215e-09,8.23030700782863e-12,1.5217111642994505e-08,5.988643975771748e-11,1.5872042092393879e-12,3.8852802813143696e-12,5.238075846524022e-11,3.4387636215106306e-08,True,422.58838100000867
20260809,2,923,1423,0.0003,5.641675258780863e-10,1.599957166818389e-08,2.459373358861122e-09,1.0033195800929043e-11,1.5238586824399087e-08,6.02546073333564e-11,1.5871266342965345e-12,4.026819157622793e-12,5.267407250229247e-11,3.4390275198750673e-08,True,423.17756989999907
20260809,2,924,1424,0.0003,6.311940895283224e-10,1.5964327458921172e-08,2.459767083524557e-09,7.855840035723249e-12,1.5211578934595774e-08,5.979138724744968e-11,1.5871398157967462e-12,3.8477368322776575e-12,5.230504106832857e-11,3.43922547115694e-08,True,423.66540749999695
20260809,2,925,1425,0.0003,5.59480029434533e-10,1.600192666043031e-08,2.4593657520595662e-09,1.0213363176723705e-11,1.5240350232595127e-08,6.028966739293905e-11,1.5871729790254497e-12,4.041850658545725e-12,5.270195838730308e-11,3.438995668711408e-08,True,424.2385423000087
20260809,2,926,1426,0.0003,6.200007976381594e-10,1.5965167396267157e-08,2.4597448657638476e-09,7.794296855616731e-12,1.5212181831576656e-08,5.980452361434671e-11,1.5871067698122522e-12,3.851940798255381e-12,5.231546753007716e-11,3.438244822681393e-08,True,424.7427869999956
20260809,2,927,1427,0.0003,5.511157189926667e-10,1.5996446612083262e-08,2.45943004681301e-09,9.67854450627504e-12,1.523610013077277e-08,6.022165814827388e-11,1.5871887386436857e-12,4.015243882823448e-12,5.2647706201378265e-11,3.437124285013909e-08,True,425.1931063999946
20260809,2,928,1428,0.0003,5.841458050876271e-10,1.5972095117357533e-08,2.4596649262677673e-09,7.995836993292143e-12,1.5217432038499046e-08,5.98997681836465e-11,1.5871022688671772e-12,3.8880566480484434e-12,5.239126719317605e-11,3.435909991849901e-08,True,425.6499390999961
20260809,2,929,1429,0.0003,5.470452026794657e-10,1.59865473468043e-08,2.459533989699925e-09,8.841545031848221e-12,1.52284659580457e-08,6.009475178958712e-11,1.5871796195464726e-12,3.9651796183377e-12,5.2546537251372537e-11,3.434862769054008e-08,True,426.10844529999304
20260809,2,930,1430,0.0003,5.49335773389648e-10,1.598140708684748e-08,2.459565916935692e-09,8.439557605626623e-12,1.5224514335708287e-08,6.002640636543056e-11,1.587114090566049e-12,3.937102470819985e-12,5.249208721740839e-11,3.4341305380630955e-08,True,426.7141097999993
20260809,2,931,1431,0.0003,5.541644277787102e-10,1.597656301199166e-08,2.459637408431776e-09,8.13619481543829e-12,1.522078091589965e-08,5.9965435775383e-11,1.5871626689536522e-12,3.914599479251822e-12,5.2443482152968387e-11,3.4337192638993794e-08,True,427.18844970001373
20260809,2,932,1432,0.0003,5.284937880887249e-10,1.5989427987686033e-08,2.4594833500466837e-09,8.93966755363388e-12,1.5230620567281805e-08,6.013512289393851e-11,1.5871279746768395e-12,3.979824329331013e-12,5.25786560802278e-11,3.4335246091935045e-08,True,427.70845669999835
20260809,2,933,1433,0.0003,5.639970835495913e-10,1.596949146339443e-08,2.4597117817363808e-09,7.706753639033267e-12,1.521533413686424e-08,5.987412310916683e-11,1.5871505919561353e-12,3.8792662033119004e-12,5.2370713751679244e-11,3.433395247283979e-08,True,428.25634100000025
20260809,2,934,1434,0.0003,5.172444403606112e-10,1.599374398106219e-08,2.4594384958521403e-09,9.229118341508012e-12,1.5233892160888748e-08,6.01945385714122e-11,1.5871319228318476e-12,4.003326985763123e-12,5.262595850178492e-11,3.4331959152486997e-08,True,428.82147379999515
20260809,2,935,1435,0.0003,5.640550198557157e-10,1.5966518681716417e-08,2.4597450118397636e-09,7.50776165293919e-12,1.52130222404975e-08,5.983742358356159e-11,1.5871498396622377e-12,3.865233464588457e-12,5.234144419890309e-11,3.432847996664905e-08,True,429.29586139999446
20260809,2,936,1436,0.0003,5.084758316594808e-10,1.5993906953827788e-08,2.459433856635684e-09,9.185934292575088e-12,1.5233980200222045e-08,6.019915255119926e-11,1.5871239760557994e-12,4.0049766726114944e-12,5.2629593499458e-11,3.4323403623336895e-08,True,429.7691616000084
20260809,2,937,1437,0.0003,5.515935983811225e-10,1.596719435783048e-08,2.459741789085585e-09,7.46854126243386e-12,1.5213498115431478e-08,5.984964618032816e-11,1.5871621184504646e-12,3.870125372297041e-12,5.2351129339199186e-11,3.431715446500137e-08,True,430.3078849000158
20260809,2,938,1438,0.0003,5.01155779129362e-10,1.5990931425444984e-08,2.4594588953977753e-09,8.880496292919581e-12,1.5231660715975508e-08,6.016235955062261e-11,1.5871045839215274e-12,3.9900471750587584e-12,5.260023893541077e-11,3.431042706248556e-08,True,430.85714410000946
20260809,2,939,1439,0.0003,5.331270295305005e-10,1.5970101662873707e-08,2.459716621497089e-09,7.53863091414113e-12,1.5215678813050166e-08,5.989180560342028e-11,1.5871819338927385e-12,3.8866664831722856e-12,5.238465281682818e-11,3.430391306470292e-08,True,431.33251060001203
20260809,2,940,1440,0.0003,4.972019170776867e-10,1.5986495085443582e-08,2.4594976950228953e-09,8.475479272541207e-12,1.522822312331034e-08,6.010615333064537e-11,1.5870791470380424e-12,3.96741807150812e-12,5.2555415466460505e-11,3.429810936614269e-08,True,431.8224472000147
20260809,2,941,1441,0.0003,5.160183897016109e-10,1.5973651167419476e-08,2.4596859661122998e-09,7.666828717160666e-12,1.5218353344699993e-08,5.994237172013955e-11,1.5872058581635671e-12,3.906620444445528e-12,5.2424877820334e-11,3.429323677249363e-08,True,432.3184711000067
20260809,2,942,1442,0.0003,4.963282121125294e-10,1.598225289714475e-08,2.4595341229843082e-09,8.110179651397423e-12,1.5224937580715673e-08,6.005218586246497e-11,1.5870524142119601e-12,3.945743165549003e-12,5.2512386782250116e-11,3.4289260360833144e-08,True,432.75440960002015
20260809,2,943,1443,0.0003,5.036577863798593e-10,1.597645928613056e-08,2.459663852476444e-09,7.778863009262928e-12,1.5220462826304015e-08,5.998297975369001e-11,1.5872297411687582e-12,3.922843380008872e-12,5.245717337177371e-11,3.4285972840546784e-08,True,433.2434708000219
20260809,2,944,1444,0.0003,4.957989897362299e-10,1.5979264678021196e-08,2.459557347923729e-09,7.849642222952673e-12,1.522261410249713e-08,6.001466853590172e-11,1.587026119051246e-12,3.930575112441035e-12,5.248246295501658e-11,3.428309949312365e-08,True,433.8129096000048
20260809,2,945,1445,0.0003,4.958359768845507e-10,1.5977710846561914e-08,2.459658688175882e-09,7.809351158107555e-12,1.522138187609461e-08,6.000290146845618e-11,1.5872524812595275e-12,3.93108409826889e-12,5.247299439823906e-11,3.4280390971321286e-08,True,434.365690000006
20260809,2,946,1446,0.0003,4.926507582812942e-10,1.5978093834585135e-08,2.4595608861133287e-09,7.71208464370363e-12,1.5221683982109676e-08,6.000101312755008e-11,1.5870008114721599e-12,3.9247089137265125e-12,5.2471552263599105e-11,3.427768582084948e-08,True,434.91869640001096
20260809,2,947,1447,0.0003,4.916005571203497e-10,1.5977088419861083e-08,2.4596745513712395e-09,7.725311723149729e-12,1.522086669114486e-08,5.999808883680611e-11,1.587276551383111e-12,3.929752709901979e-12,5.2469111021146974e-11,3.427493976033992e-08,True,435.46152260000235
20260809,2,948,1448,0.0003,4.859447659937038e-10,1.5978827135293242e-08,2.459542425385203e-09,7.694163789186899e-12,1.522221240155848e-08,6.001237847327181e-11,1.5869724130878076e-12,3.928483897689778e-12,5.248057348629641e-11,3.427222930029016e-08,True,435.9543033000082
20260809,2,949,1449,0.0003,4.910764968996981e-10,1.597458979832535e-08,2.459713114247283e-09,7.528264420969547e-12,1.5218914251428606e-08,5.996869719739543e-11,1.5873056234416728e-12,3.919010078314545e-12,5.24456454491581e-11,3.426974258367022e-08,True,436.44771410000976
20260809,2,950,1450,0.0003,4.768465898827197e-10,1.5981395167219365e-08,2.4595006933519534e-09,7.797304948705936e-12,1.5224148054727148e-08,6.004757245961548e-11,1.5869354714843638e-12,3.941347667899834e-12,5.2508582051603705e-11,3.426777224778049e-08,True,437.12366020001355
20260809,2,951,1451,0.0003,4.959447970873067e-10,1.597033369490438e-08,2.4597759517421147e-09,7.244000109340752e-12,1.5215616805272422e-08,5.991637723086194e-11,1.5873476292491528e-12,3.8997259182785905e-12,5.240391521988118e-11,3.426672261511383e-08,True,437.70837420001044
20260809,2,952,1452,0.0003,4.681334420638084e-10,1.5985816915048537e-08,2.459432447221127e-09,8.041701753987591e-12,1.5227508275131685e-08,6.010641322215868e-11,1.5868811865177639e-12,3.9631252269728245e-12,5.255544013135357e-11,3.426714464098616e-08,True,438.171717499994
20260809,2,953,1453,0.0003,5.102720334768181e-10,1.5964224936571247e-08,2.4598684999619717e-09,6.9001951382874356e-12,1.521090247870498e-08,5.984007295929573e-11,1.587412854200108e-12,3.871858822777737e-12,5.23430791167779e-11,3.4269810567606354e-08,True,438.7623988999985
20260809,2,954,1454,0.0003,4.646990519185911e-10,1.5992403891861777e-08,2.459330055452189e-09,8.48192170133176e-12,1.523253615936012e-08,6.019234567858752e-11,1.586796392827947e-12,3.995043351309308e-12,5.262390426791929e-11,3.427584916998465e-08,True,439.1910267000203
20260809,2,955,1455,0.0003,5.427777538783281e-10,1.595581371490962e-08,2.460002335576291e-09,6.530617857481304e-12,1.520443009334174e-08,5.973398397699162e-11,1.5875172673016358e-12,3.833753704464879e-12,5.225852424852007e-11,3.4286968294760733e-08,True,439.6029462000006
20260809,2,956,1456,0.0003,4.766680567788862e-10,1.600209685304995e-08,2.4591768637379984e-09,9.251968093037718e-12,1.523996191570344e-08,6.031658122463669e-11,1.5866619114411005e-12,4.041361891927621e-12,5.272292738045882e-11,3.430582318977178e-08,True,440.066893900017
20260809,2,957,1457,0.0003,6.137203128352772e-10,1.5944016310439222e-08,2.460200352605587e-09,6.201403054349809e-12,1.519537811135173e-08,5.958383409000248e-11,1.5876862198067486e-12,3.780969202905124e-12,5.2138893157622595e-11,3.43366078729565e-08,True,440.618472400005
20260809,2,958,1458,0.0003,5.29287929216244e-10,1.6016814858164205e-08,2.4589424868172178e-09,1.0654381648154354e-11,1.525127482899163e-08,6.050214955990498e-11,1.5864455428112344e-12,4.11114395070517e-12,5.28709055534756e-11,3.438604512944434e-08,True,441.05004610001924
20260809,2,959,1459,0.0003,7.726872186755785e-10,1.59268375103645e-08,2.4605040072375966e-09,6.109848226768228e-12,1.5182240364337025e-08,5.936271572751571e-11,1.5879609764833404e-12,3.705307024880251e-12,5.196279618330828e-11,3.446499772875366e-08,True,441.6757249000075
20260809,2,960,1460,0.0003,6.899971333036425e-10,1.6040229592977876e-08,2.4585733163398077e-09,1.3393271685571857e-11,1.5269335371462547e-08,6.079257635025477e-11,1.5860948604843326e-12,4.222210341033863e-12,5.3102623161590875e-11,3.459123219048281e-08,True,442.1733935000084
20260809,2,961,1461,0.0003,1.1465929780066574e-09,1.590102765306163e-08,2.460985985717614e-09,6.879499033579172e-12,1.5162590432694013e-08,5.902490586411151e-11,1.5884131093061336e-12,3.594047707611157e-12,5.169394428403528e-11,3.479397785947856e-08,True,442.7869094000198
20260809,2,962,1462,0.0003,1.1450959902432935e-09,1.6079316857897034e-08,2.4579759792445166e-09,1.9185327356212775e-11,1.529960888755847e-08,6.126841508610111e-11,1.5855192224521961e-12,4.4094254298702556e-12,5.348253994409849e-11,3.512192894198205e-08,True,443.36261520002154
20260809,2,963,1463,0.0003,2.0750372233234437e-09,1.586168632418891e-08,2.4617749704267523e-09,1.0420830763038674e-11,1.51328501522027e-08,5.849589003325144e-11,1.5891671327776656e-12,3.4303675910182624e-12,5.1273358585185274e-11,3.5656558284247076e-08,True,443.87986570000066
20260809,2,964,1464,0.0003,2.423322460624215e-09,1.6147772412968637e-08,2.456988576121668e-09,3.245600848742001e-11,1.5352914505981415e-08,6.20817928445954e-11,1.5845615109700106e-12,4.7438484530569556e-12,5.413260092047947e-11,3.6535996767912456e-08,True,444.4107828999986
20260809,2,965,1465,0.0003,4.504413248677199e-09,1.580277769068427e-08,2.4631000008200436e-09,2.2538978448883782e-11,1.508890290536459e-08,5.7663954236479356e-11,1.5904464274970829e-12,3.2020402307597387e-12,5.0613167458462457e-11,3.799480243234818e-08,True,445.2870602000039
20260809,2,966,1466,0.0003,6.064085843557372e-09,1.6274173637362755e-08,2.4553299212858846e-09,6.523993083313511e-11,1.5452063851752835e-08,6.35338483771515e-11,1.5829491679975944e-12,5.380557623346973e-12,5.52948138287561e-11,4.043668535378923e-08,True,445.9021600999986
20260809,2,967,1467,0.0003,1.1165769558630762e-08,1.5721307433769193e-08,2.465375203038917e-09,6.084116910619048e-11,1.5029942930077382e-08,5.638899813387418e-11,1.592657012660992e-12,2.939345569818612e-12,4.96050804131555e-11,4.455376237575195e-08,True,446.4988701000111
20260809,2,968,1468,0.0003,1.6640516856425945e-08,1.6522014473577284e-08,2.4525207173254095e-09,1.5152866451492598e-10,1.5648349687541167e-08,6.625178440146703e-11,1.5802138518553219e-12,6.681778210337849e-12,5.74748760415929e-11,5.154691905188998e-08,True,447.02661299999454
20260809,2,969,1469,0.0003,3.010111756329457e-08,1.56355884972792e-08,2.469348578443638e-09,1.783712360440366e-10,1.4974393540492983e-08,5.4603519558293515e-11,1.596540744833638e-12,2.8537150849985227e-12,4.820518033752845e-11,6.346607837128008e-08,True,447.47400539999944
20260809,2,970,1470,0.0003,4.774227654448767e-08,1.7039005232915912e-08,2.4477954062078577e-09,3.878261472608604e-10,1.6062571911387138e-08,7.159334724721687e-11,1.5755970168026651e-12,9.532190319456672e-12,6.177176826728131e-11,8.382394814511017e-08,True,447.9112406000204
20260809,2,971,1471,0.0003,8.458537284146688e-08,1.5645681525372762e-08,2.476309009161565e-09,5.274325743804966e-10,1.5011376018896506e-08,5.2729889095962446e-11,1.6034126272497477e-12,3.76132844975768e-12,4.6778002365177605e-11,1.1835104460181637e-07,True,448.422341700003
20260809,2,972,1472,0.0003,1.3735501416034289e-07,1.8153539897990867e-08,2.4401844719308683e-09,1.0256643153578477e-09,1.696645612519288e-08,8.235929350092229e-11,1.568073605882554e-12,1.5985148337806398e-11,7.04622662051161e-11,1.7611123375246509e-07,True,448.9715808000183
20260809,2,973,1473,0.0003,2.337178793210291e-07,1.6060323987472065e-08,2.4879880897621882e-09,1.4643127507138562e-09,1.5406372199469964e-08,5.2726699080348553e-11,1.6152117828515079e-12,7.901690702176467e-12,4.6949156538926827e-11,2.692460691065515e-07,True,449.4731483999931
20260809,2,974,1474,0.0003,3.6625134595096955e-07,2.0336501960426997e-08,2.429525730311048e-09,2.4904824427429317e-09,1.875542388360161e-08,1.0216223293617401e-10,1.5570731387861208e-12,2.91163547232828e-11,8.650237853610515e-11,4.1048261800738647e-07,True,450.06835149999824
20260809,2,975,1475,0.0003,5.598389393247775e-07,1.7216564936452887e-08,2.503944584351887e-09,3.2349917141950897e-09,1.6437524523302542e-08,5.756834958424212e-11,1.632467812942847e-12,1.7380132348107404e-11,5.113328274638858e-11,5.993596793155715e-07,True,450.5739981000079
20260809,2,976,1476,0.0003,7.517418529481391e-07,2.2702438418969006e-08,2.419910488439235e-09,4.203244093153173e-09,2.070707644287156e-08,1.2270339701001436e-10,1.5450066248054853e-12,4.347051878147929e-11,1.0318016079887191e-10,8.020454214747873e-07,True,450.98365999999805
20260809,2,977,1477,0.0003,8.881499328006319e-07,1.7515759423159607e-08,2.5117379501219533e-09,3.685292048541559e-09,1.6705077743138776e-08,5.900334607117867e-11,1.6454763621969634e-12,1.994629799283027e-11,5.236328512059409e-11,9.287007583711404e-07,True,451.41670580001664
20260809,2,978,1478,0.0003,8.397120435717945e-07,2.0353164432027834e-08,2.4234374279714305e-09,2.3984793543203622e-09,1.8768341884257398e-08,1.0204660619695976e-10,1.5409753237837423e-12,2.8160376094725376e-11,8.640966742253012e-11,8.838736242954095e-07,True,452.0086381000001
20260809,2,979,1479,0.0003,6.335760558527742e-07,1.548226659041072e-08,2.4884904576077766e-09,4.1344424241219943e-10,1.4877070412613158e-08,5.200060012575027e-11,1.6331403592631165e-12,3.493732029806769e-12,4.61777709227374e-11,6.669406327992556e-07,True,452.97780809999676
20260809,2,980,1480,0.0003,3.942182014068728e-07,1.586963211746348e-08,2.4524245670416047e-09,1.5776756074758764e-10,1.5156462268454296e-08,5.656402200204428e-11,1.5595886237960179e-12,2.7205642940412295e-12,4.977179722045243e-11,4.279651038927201e-07,True,453.3700058000104
20260809,2,981,1481,0.0003,2.8386896445853934e-07,1.9837036447754168e-08,2.4478523941723893e-09,2.3713575949258798e-09,1.8352912991858297e-08,9.813009627559066e-11,1.6017466386618315e-12,2.841274340297712e-11,8.323000717048804e-11,3.2708949848073776e-07,True,453.89818770001875
20260809,2,982,1482,0.0003,3.2346653883725354e-07,1.8756235257476885e-08,2.4917290714280093e-09,5.0297657816006014e-09,1.7757949638364987e-08,6.638364998177476e-11,1.5952529546326092e-12,2.7821319306091264e-11,5.84578284668587e-11,3.676564766368334e-07,True,454.5345227000071
20260809,2,983,1483,0.0003,3.4001453272537574e-07,2.506472321061239e-08,2.4276198264770967e-09,6.316044702411568e-09,2.267079068126286e-08,1.431341972981525e-10,1.5778935969664576e-12,6.102836357675471e-11,1.1978050177479854e-10,3.9681923210238627e-07,True,455.42917300001136
20260809,2,984,1484,0.0003,2.4675693345280434e-07,1.7706401229687653e-08,2.4946818117472506e-09,3.769643006182031e-09,1.685375404917635e-08,6.037306196797724e-11,1.6089455869785565e-12,2.037660760760173e-11,5.345172963244648e-11,2.8771722389439265e-07,True,456.248768999998
20260809,2,985,1485,0.0003,8.726421910388596e-08,1.7814868921605823e-08,2.4431429573984726e-09,8.307450761293318e-10,1.669165643476605e-08,7.917353659941902e-11,1.5724854691680763e-12,1.4106070727805206e-11,6.788591809039928e-11,1.2520737050467243e-07,True,456.89864440000383
20260809,2,986,1486,0.0003,6.003199988951978e-08,1.6639286480100703e-08,2.4579681038077214e-09,2.507620930772239e-10,1.574312836976929e-08,6.78158832821624e-11,1.5962329159060743e-12,8.044137432878214e-12,5.872982309073779e-11,9.52593310129964e-08,True,457.4363086000085
20260809,2,987,1487,0.0003,1.8384970003142272e-07,1.680006757375046e-08,2.4794018947593117e-09,2.3983047294832293e-09,1.6048238281987008e-08,5.6166094315852014e-11,1.587617689981152e-12,1.2713534129128054e-11,4.985059632933732e-11,2.2169603035386705e-07,True,457.807000300003
20260809,2,988,1488,0.0003,2.8156227489849235e-07,2.2910963894875215e-08,2.435642682348441e-09,4.658233665630843e-09,2.0888872656797515e-08,1.248445084606401e-10,1.5889190085328405e-12,4.7579386494024405e-11,1.0491303288153524e-10,3.327349136449891e-07,True,458.12367960001575
20260809,2,989,1489,0.0003,2.3958012669561613e-07,1.760965775943207e-08,2.4856945097284738e-09,3.546349342327926e-09,1.6761151690381406e-08,6.002671839327032e-11,1.591717184102559e-12,1.9065511695475363e-11,5.313064810186917e-11,2.801167945928607e-07,True,458.50800359999994
20260809,2,990,1490,0.0003,9.077267253292555e-08,1.8273901138378496e-08,2.4486371870655892e-09,1.2117009309957214e-09,1.7068937226219864e-08,8.374951690129315e-11,1.5912116648544717e-12,1.7874246787651965e-11,7.158466515767375e-11,1.2995064865609668e-07,True,458.97348090002197
20260809,2,991,1491,0.0003,2.6205323251402753e-08,1.609876082409121e-08,2.455238272122733e-09,1.4910354035522813e-11,1.531498080874731e-08,6.132567817219042e-11,1.5787752731534707e-12,4.264318767362365e-12,5.3529606343463744e-11,6.020991188895571e-08,True,459.3863324999984
20260809,2,992,1492,0.0003,7.585779204449411e-08,1.58426419284952e-08,2.477942714205978e-09,9.552928708742194e-10,1.519736882619433e-08,5.261981992972972e-11,1.5998251555889028e-12,5.461444964921505e-12,4.6768166875780205e-11,1.1043748764118988e-07,True,459.75885579999886
20260809,2,993,1493,0.0003,1.159232261128599e-07,1.9704315555569198e-08,2.439193830686049e-09,2.151126233841555e-09,1.824002118970221e-08,9.668813840213165e-11,1.5782820709228268e-12,2.6278831816387026e-11,8.206065347599518e-11,1.5866448882842434e-07,True,460.1402039999957
20260809,2,994,1494,0.0003,8.806932956086137e-08,1.6130071726512026e-08,2.4776022754299967e-09,1.4187956983045585e-09,1.545555048650738e-08,5.340364220487947e-11,1.5930897230760868e-12,7.603310127469146e-12,4.747581688550618e-11,1.236614256065563e-07,True,460.4352268000075
20260809,2,995,1495,0.0003,3.454555363935782e-08,1.686388724473389e-08,2.4548117193125396e-09,3.5013597102508965e-10,1.59232188685783e-08,7.006132065681163e-11,1.5913630807979413e-12,9.182603635535997e-12,6.053665807974399e-11,7.027897938846054e-08,True,460.750263599999
20260809,2,996,1496,0.0003,4.926973860316034e-08,1.636382794985496e-08,2.451683329986441e-09,7.842915015171217e-11,1.5522799448245774e-08,6.437634072315069e-11,1.575203593748636e-12,5.567247341561998e-12,5.5971097606668635e-11,8.381396837066435e-08,True,461.04562730001635
20260809,2,997,1497,0.0003,1.0083230654157893e-07,1.564798676132106e-08,2.477448834874801e-09,5.715310564179948e-10,1.501622742556065e-08,5.256630056244388e-11,1.6048748314220974e-12,3.90853828893583e-12,4.6655336293484767e-11,1.346502356697297e-07,True,461.40172480000183
20260809,2,998,1498,0.0003,9.818359732818884e-08,1.785567907971994e-08,2.4425894222043208e-09,8.52167440630221e-10,1.672499251237565e-08,7.953440794668966e-11,1.5714066641542774e-12,1.4295642066385294e-11,6.817792192776345e-11,1.3622260516172396e-07,True,461.88635410001734
20260809,2,999,1499,0.0003,4.688068314543299e-08,1.5609733556525766e-08,2.4716277118684145e-09,2.595244642556518e-10,1.4960873676212954e-08,5.3850588759201834e-11,1.5989072240394162e-12,2.9617309356456665e-12,4.762031587690901e-11,8.028847409709154e-08,True,462.25419380000676
20260809,2,1000,1500,0.0003,6.354356252353325e-09,1.5941150152865576e-08,2.4587043715848884e-09,5.101347868879635e-12,1.519323376823731e-08,5.943801176207488e-11,1.5835003878095862e-12,3.6374747474979206e-12,5.202366774027821e-11,4.0069228547547633e-08,True,462.69435480001266
