seed,mode,sample_id,context_id,protocol_id,branch_label,device_voltage_V,split,full_curve_test,headline_test,event_neighborhood,temperature_rise_relative_l2,potential_relative_l2,joint_field_score,terminal_current_relative_error,predicted_terminal_current_A,reference_terminal_current_A,mean_state_absolute_error,predicted_mean_state,reference_mean_state,hotspot_coordinate_error,true_fixed_point_defect,sigma_defect,terminal_electrical_heat_ledger_error,electrical_heat_sink_ledger_error,projection_count,main_linear_solve_count,diagnostic_projection_count,diagnostic_linear_solve_count,diagnostic_included_in_timing,finite,practical_complete_case_pass
0,A1,G0_cooling_coarse_006,G0,G0_cooling,cooling,1.4,validation,False,False,False,0.02610239684787844,0.0002720502259014521,0.013187223536889947,0.0008936223999170926,0.004967175062964441,0.004971617812005075,1.0402883876547975e-07,0.9999997945386088,0.99999969050977,0.041666666666666664,0.00907291781955906,0.00031261955456943956,1.7461871727765454e-15,7.982569932692728e-15,1,2,1,2,False,True,True
0,A2,G0_cooling_coarse_006,G0,G0_cooling,cooling,1.4,validation,False,False,False,0.016936432212912515,0.0001785012003901825,0.008557466706651348,0.0005704477664366414,0.0049687817637286405,0.004971617812005075,7.441866511914697e-08,0.9999997649284351,0.99999969050977,0.041666666666666664,0.005905579440021926,0.00020270114839540632,2.119684497406847e-15,7.730614049366088e-15,2,4,1,2,False,True,True
0,R1,G0_cooling_coarse_006,G0,G0_cooling,cooling,1.4,validation,False,False,False,0.1613022717539275,0.0003526468195925786,0.08082745928676004,0.008060056592314997,0.004931546291084953,0.004971617812005075,2.810570304268012e-07,0.9999999715668004,0.99999969050977,0.20833333333333334,0.05286655238093349,0.001984278237049994,2.512575415476204e-16,7.663355017202366e-15,1,2,1,2,False,True,False
0,R2,G0_cooling_coarse_006,G0,G0_cooling,cooling,1.4,validation,False,False,False,0.1031041123234848,0.00023140926112049498,0.05166776079230265,0.005153446412456929,0.004945996846027691,0.004971617812005075,2.437402074617623e-07,0.9999999342499775,0.99999969050977,0.20833333333333334,0.0349492121886931,0.0012679325655130184,7.51570352165578e-16,8.016750423099434e-15,2,4,1,2,False,True,False
20260809,H0,G0_cooling_coarse_006,G0,G0_cooling,cooling,1.4,validation,False,False,False,0.9939447604810779,0.018105099870815728,0.5060249301759469,0.9896740553877768,5.133665015990683e-05,0.004971617812005075,0.8831427064842555,0.11685698402551443,0.99999969050977,1.0214708893442719,0.19781499035059522,0.016447509672912947,3.7713315963920746e-16,0.4133057101940328,0,1,1,2,False,True,False
20260809,H1,G0_cooling_coarse_006,G0,G0_cooling,cooling,1.4,validation,False,False,False,0.9924534885207342,0.018105099870815728,0.505279294195775,0.9896740553877768,5.133665015990683e-05,0.004971617812005075,0.8804598057745794,0.11953988473519062,0.99999969050977,1.0214708893442719,0.12006877377641499,0.011471866606185877,3.7713315963920746e-16,6.61868695166371e-13,1,2,1,2,False,True,False
20260809,H2,G0_cooling_coarse_006,G0,G0_cooling,cooling,1.4,validation,False,False,False,0.9914248000260044,0.01806167504075832,0.5047432375333814,0.989504328057803,5.218046957678829e-05,0.004971617812005075,0.8785782827972177,0.12142140771255228,0.99999969050977,1.0214708893442719,0.07659834625177431,0.007986134952911379,1.1131034218621121e-15,6.843730872077543e-13,2,4,1,2,False,True,False
20260809,S1,G0_cooling_coarse_006,G0,G0_cooling,cooling,1.4,validation,False,False,False,0.08199419308016193,0.00028547112869009583,0.04113983210442601,0.0038280703722956286,0.0049525861091565615,0.004971617812005075,2.0218037977137726e-07,0.9999998926901498,0.99999969050977,0.20833333333333334,0.028148729038934964,0.0010045832080160149,1.7513309589605823e-15,7.50570410983101e-15,1,2,1,2,False,True,False
20260809,S2,G0_cooling_coarse_006,G0,G0_cooling,cooling,1.4,validation,False,False,False,0.052497395903472896,0.0001875646207303956,0.026342480262101647,0.0024457751507727444,0.004959458352701334,0.004971617812005075,1.5440235168195926e-07,0.9999998449121217,0.99999969050977,0.20833333333333334,0.018323042020276258,0.0006431104273488753,8.744520835788107e-16,7.495303573532613e-15,2,4,1,2,False,True,False
20260809,G1,G0_cooling_coarse_006,G0,G0_cooling,cooling,1.4,validation,False,False,False,0.03123776182663354,0.0002917156365662084,0.015764738731599875,0.0009352274915819868,0.0049669682183496495,0.004971617812005075,2.849902747126265e-08,0.9999997190087975,0.99999969050977,0.20833333333333334,0.010831583117883795,0.0003731527237974207,2.1204584391468024e-15,7.608703811056133e-15,1,2,1,2,False,True,True
20260809,G2,G0_cooling_coarse_006,G0,G0_cooling,cooling,1.4,validation,False,False,False,0.02028128109555902,0.00019158225827813703,0.01023643167691858,0.0005970787601154321,0.004968649364606116,0.004971617812005075,2.412439381593856e-08,0.9999997146341638,0.99999969050977,1.0214708893442719,0.007058388774951246,0.00024216096370925806,1.246906459080069e-15,7.730820046296369e-15,2,4,1,2,False,True,True
0,A1,G0_cooling_coarse_014,G0,G0_cooling,cooling,1.2,validation,False,False,False,0.24862279696471984,0.00033015566995628663,0.12447647631733806,0.009264614643248978,0.004257578625398092,0.004297392309112885,2.44991132339889e-05,0.999998989986214,0.99997449087298,0.041666666666666664,0.07686947955037915,0.002243315922908858,1.8674501708860276e-15,1.0016323643843156e-14,1,2,1,2,False,True,False
0,A2,G0_cooling_coarse_014,G0,G0_cooling,cooling,1.2,validation,False,False,False,0.15955451056686465,0.0002116133753934779,0.07988306197112906,0.0059211181518872774,0.004271946941505616,0.004297392309112885,2.232111070055165e-05,0.9999968119836805,0.99997449087298,0.041666666666666664,0.051871087602907553,0.0014300602226669276,5.075915910619339e-15,1.0321029018259217e-14,2,4,1,2,False,True,False
0,R1,G0_cooling_coarse_014,G0,G0_cooling,cooling,1.2,validation,False,False,False,0.030945770325196714,0.00019739501236727114,0.015571582668781992,0.000544274738257066,0.004295053347038655,0.004297392309112885,6.688155842482502e-07,0.9999751596885642,0.99997449087298,1.0214708893442719,0.010751102217688106,0.0002538091566092823,5.048608642931234e-16,1.0770365104919848e-14,1,2,1,2,False,True,True
0,R2,G0_cooling_coarse_014,G0,G0_cooling,cooling,1.2,validation,False,False,False,0.020094898469604546,0.0001313153343128994,0.010113106901958723,0.0003430827388017967,0.004295917947989769,0.004297392309112885,9.748601736969675e-07,0.9999754657331537,0.99997449087298,1.0214708893442719,0.007002483719290628,0.00016575605321911854,2.187290107020001e-15,9.422172768701455e-15,2,4,1,2,False,True,True
20260809,H0,G0_cooling_coarse_014,G0,G0_cooling,cooling,1.2,validation,False,False,False,0.9954753351072022,0.01788705093939625,0.5066811930232993,0.9900509178061679,4.275510930250535e-05,0.004297392309112885,0.8878314569083838,0.11214303396459618,0.99997449087298,0.8051962800353192,0.2977584932468886,0.015164363269157268,1.1886761059520884e-15,0.5444554035101514,0,1,1,2,False,True,False
20260809,H1,G0_cooling_coarse_014,G0,G0_cooling,cooling,1.2,validation,False,False,False,0.9935799339654064,0.01788705093939625,0.5057334924524014,0.9900509178061679,4.275510930250535e-05,0.004297392309112885,0.8854013026633423,0.11457318820963769,0.99997449087298,1.0214708893442719,0.16872661851668494,0.010393405209223312,1.1886761059520884e-15,9.851483415875432e-13,1,2,1,2,False,True,False
20260809,H2,G0_cooling_coarse_014,G0,G0_cooling,cooling,1.2,validation,False,False,False,0.9922959387995949,0.01794311811571787,0.5051195284576564,0.9899020357994698,4.339491369305568e-05,0.004297392309112885,0.8837281494406832,0.11624634143229677,0.99997449087298,1.0214708893442719,0.1029114058390999,0.007103813453062086,2.082045413882616e-15,9.395229930136476e-13,2,4,1,2,False,True,False
20260809,S1,G0_cooling_coarse_014,G0,G0_cooling,cooling,1.2,validation,False,False,False,0.04364454712725406,0.00017579699716800473,0.021910172062211034,0.0012395672169937474,0.004292065402487948,0.004297392309112885,7.3119086373418796e-06,0.9999818027816173,0.99997449087298,1.0214708893442719,0.015172969641804883,0.0003829202986235734,1.01042465183036e-15,9.935842409665116e-15,1,2,1,2,False,True,True
20260809,S2,G0_cooling_coarse_014,G0,G0_cooling,cooling,1.2,validation,False,False,False,0.028140382559072124,0.00011461198582880035,0.014127497272450463,0.0007922073907872225,0.004293987883164494,0.004297392309112885,5.1283706611338076e-06,0.9999796192436411,0.99997449087298,1.0214708893442719,0.009856437565074328,0.0002454997001460101,1.3466296934047136e-15,1.0941366258913191e-14,2,4,1,2,False,True,True
20260809,G1,G0_cooling_coarse_014,G0,G0_cooling,cooling,1.2,validation,False,False,False,0.10473300473424428,0.00022288465195412246,0.0524779446930992,0.003737234963429616,0.004281331944323695,0.004297392309112885,1.7442243970711147e-05,0.9999919331169507,0.99997449087298,1.0214708893442719,0.035152301488280344,0.0009307566851438888,2.3635682558900124e-15,1.0298404543520664e-14,1,2,1,2,False,True,False
20260809,G2,G0_cooling_coarse_014,G0,G0_cooling,cooling,1.2,validation,False,False,False,0.06729340494073868,0.0001455325438707649,0.03371946874230473,0.002383794907533184,0.00428714820721075,0.004297392309112885,1.3476938104939329e-05,0.9999879678110849,0.99997449087298,1.0214708893442719,0.02308794580553889,0.0005933789364283487,1.011583570320182e-15,1.0115835703201728e-14,2,4,1,2,False,True,False
0,A1,G0_cooling_coarse_022,G0,G0_cooling,cooling,1.0,validation,False,False,False,0.6405481025156048,0.00014490541074916533,0.320346503963177,0.01165038504883534,0.003547982187831744,0.003589804795954773,0.0011863849045443686,0.9999961073802256,0.9988097224756812,0.0,0.1599960320671112,0.0038789936701683876,1.8334965314153724e-15,1.4790205353417142e-14,1,2,1,2,False,True,False
0,A2,G0_cooling_coarse_022,G0,G0_cooling,cooling,1.0,validation,False,False,False,0.4143389721599102,0.00019267409995758745,0.2072658231299339,0.00576469818489238,0.0035691106547634144,0.003589804795954773,0.0011609812871751224,0.9999707037628563,0.9988097224756812,0.041666666666666664,0.11491298300379371,0.0022292638301242055,2.187171090220257e-15,1.397359307640703e-14,2,4,1,2,False,True,False
0,R1,G0_cooling_coarse_022,G0,G0_cooling,cooling,1.0,validation,False,False,False,0.2948107685758676,0.012927916264501831,0.1538693424201847,0.13495661105773987,0.0031053369063338953,0.003589804795954773,0.014674498615952825,0.9841352238597284,0.9988097224756812,1.25,0.10435021820935607,0.038808019068893244,1.39656624087915e-16,1.6339825018285786e-14,1,2,1,2,False,True,False
0,R2,G0_cooling_coarse_022,G0,G0_cooling,cooling,1.0,validation,False,False,False,0.21268573439806535,0.0038857896711359395,0.10828576203460065,0.05959529130381662,0.00337586933341601,0.003589804795954773,0.006502746007745364,0.9923069764679359,0.9988097224756812,1.25,0.07683479617760786,0.015038309675361867,1.2846494522208423e-16,1.6315048043204437e-14,2,4,1,2,False,True,False
20260809,H0,G0_cooling_coarse_022,G0,G0_cooling,cooling,1.0,validation,False,False,False,0.9900742940368437,0.01790162213797104,0.5039879580874074,0.9898878180912679,3.630075911353378e-05,0.003589804795954773,0.8836090843617178,0.11520063811396344,0.9988097224756812,1.0307764064044151,0.01056719573400365,0.0005817458929771741,1.8667002408520024e-16,0.018047296380997856,0,1,1,2,False,True,False
20260809,H1,G0_cooling_coarse_022,G0,G0_cooling,cooling,1.0,validation,False,False,False,0.9900122551897644,0.01790162213797104,0.5039569386638677,0.9898878180912679,3.630075911353378e-05,0.003589804795954773,0.88355165396716,0.11525806850852133,0.9988097224756812,1.0307764064044151,0.006864531702073297,0.0003801127355249551,1.8667002408520024e-16,1.3458908736524825e-12,1,2,1,2,False,True,False
20260809,H2,G0_cooling_coarse_022,G0,G0_cooling,cooling,1.0,validation,False,False,False,0.989970671777015,0.017847376062078868,0.503909023919547,0.9898842684115009,3.631350177098498e-05,0.003589804795954773,0.8835131558369785,0.11529656663870269,0.9988097224756812,1.0307764064044151,0.004469833880505269,0.0002484700225794796,9.330226014513335e-16,1.388337630957658e-12,2,4,1,2,False,True,False
20260809,S1,G0_cooling_coarse_022,G0,G0_cooling,cooling,1.0,validation,False,False,False,0.2376342156978985,0.012976563221935423,0.12530538945991695,0.08353551664268201,0.003289928597678313,0.003589804795954773,0.00885833285681159,0.9899513896188696,0.9988097224756812,1.25,0.0840019168412236,0.024883425568989762,1.1863867877564986e-15,1.595031125761491e-14,1,2,1,2,False,True,False
20260809,S2,G0_cooling_coarse_022,G0,G0_cooling,cooling,1.0,validation,False,False,False,0.16755662649146608,0.003530485118205375,0.08554355580483572,0.03516296939461183,0.0034635765997819844,0.003589804795954773,0.004080014185663838,0.9947297082900174,0.9988097224756812,1.25,0.05969272376962738,0.009623842534838957,6.260593009860092e-16,1.5401058804255587e-14,2,4,1,2,False,True,False
20260809,G1,G0_cooling_coarse_022,G0,G0_cooling,cooling,1.0,validation,False,False,False,0.39043561993358755,0.01772023616162446,0.204077928047606,0.25730991068806286,0.0026661124445200705,0.003589804795954773,0.03472339936984947,0.9640863231058318,0.9988097224756812,1.0307764064044151,0.124631302163834,0.09409979687326925,8.133206644858311e-16,1.8381047017379442e-14,1,2,1,2,False,True,False
20260809,G2,G0_cooling_coarse_022,G0,G0_cooling,cooling,1.0,validation,False,False,False,0.30369513447512936,0.006023501451847429,0.1548593179634884,0.1419539263310344,0.003080217910407015,0.003589804795954773,0.015753931344778538,0.9830557911309027,0.9988097224756812,1.0307764064044151,0.107329097407555,0.04120088509278955,2.2527282503173076e-15,1.689546187737956e-14,2,4,1,2,False,True,False
0,A1,G0_cooling_coarse_030,G0,G0_cooling,cooling,0.8,validation,False,False,False,237.94001940064558,0.017535952743739706,118.97877767669466,98.67516103481395,0.0028383857502653972,2.8476359815200326e-05,0.887996435268496,0.9999882478124761,0.11199181254398001,0.041666666666666664,0.2543875552194329,0.004687805309165295,2.2918706642692136e-15,2.349167430875895e-14,1,2,1,2,False,True,False
0,A2,G0_cooling_coarse_030,G0,G0_cooling,cooling,0.8,validation,False,False,False,189.49145099657872,0.017700346401948622,94.75457567149033,99.47744385310448,0.002861231844472591,2.8476359815200326e-05,0.887826846624685,0.9998186591686651,0.11199181254398001,0.041666666666666664,0.19690130742219994,0.0006269427345726914,7.578569171736266e-16,2.1788386368741284e-14,2,4,1,2,False,True,False
0,R1,G0_cooling_coarse_030,G0,G0_cooling,cooling,0.8,validation,False,False,False,16.546804995863468,0.01027913402018824,8.278542064941828,2.4333318276371356,9.776879248877442e-05,2.8476359815200326e-05,0.13077831526767908,0.2427701278116591,0.11199181254398001,1.0307764064044151,0.44403749369998174,0.25322528492886187,1.90599928312853e-15,6.270737641488943e-13,1,2,1,2,False,True,False
0,R2,G0_cooling_coarse_030,G0,G0_cooling,cooling,0.8,validation,False,False,False,11.15152813206337,0.005333689436061374,5.578430910749716,1.1304093153373511,6.0666302217200984e-05,2.8476359815200326e-05,0.0792700375653577,0.19126185010933772,0.11199181254398001,1.0307764064044151,0.4369748876061136,0.16019679373286028,9.773515797208027e-16,1.067407546708224e-12,2,4,1,2,False,True,False
20260809,H0,G0_cooling_coarse_030,G0,G0_cooling,cooling,0.8,validation,False,False,False,0.9994311665694798,4.616213386159189e-05,0.4997386643516707,0.033197737170973816,2.7531009106469225e-05,2.8476359815200326e-05,0.005485867745217629,0.10650594479876238,0.11199181254398001,0.5099322152968283,0.9983205839173969,0.011357180671868247,6.153301130217303e-16,0.9994102915051297,0,1,1,2,False,True,False
20260809,H1,G0_cooling_coarse_030,G0,G0_cooling,cooling,0.8,validation,False,False,False,0.6612490182793859,4.616213386159189e-05,0.3306475902066237,0.033197737170973816,2.7531009106469225e-05,2.8476359815200326e-05,0.0036566064953992006,0.10833520604858081,0.11199181254398001,1.0307764064044151,0.39768057525323536,0.007572918748413,6.153301130217303e-16,2.1547322232692014e-12,1,2,1,2,False,True,False
20260809,H2,G0_cooling_coarse_030,G0,G0_cooling,cooling,0.8,validation,False,False,False,0.4375891309245186,3.0593321338801335e-05,0.21880986212292872,0.02222159725448279,2.7843569616113206e-05,2.8476359815200326e-05,0.002431692638636296,0.10956011990534371,0.11199181254398001,1.0307764064044151,0.2082961385401271,0.005037161812083814,1.8252680075131966e-15,2.324478807562653e-12,2,4,1,2,False,True,False
20260809,S1,G0_cooling_coarse_030,G0,G0_cooling,cooling,0.8,validation,False,False,False,0.5944153624644457,0.0007570706386163662,0.29758621655153106,0.029350599017449807,2.764056159678776e-05,2.8476359815200326e-05,0.0032267901149105743,0.10876502242906944,0.11199181254398001,0.5099322152968283,0.32503467684303383,0.006808885163232542,1.3790053611238189e-15,2.1334745164718987e-12,1,2,1,2,False,True,False
20260809,S2,G0_cooling_coarse_030,G0,G0_cooling,cooling,0.8,validation,False,False,False,0.39325705931819965,0.0004921651987432424,0.19687461225847144,0.019626744612539118,2.7917461573612618e-05,2.8476359815200326e-05,0.0021450603797622952,0.10984675216421771,0.11199181254398001,0.6092142277628142,0.17827279203370502,0.004528350867582004,6.068122956099341e-16,2.1453848711243194e-12,2,4,1,2,False,True,False
20260809,G1,G0_cooling_coarse_030,G0,G0_cooling,cooling,0.8,validation,False,False,False,1.5297907547086096,0.0003232397133510536,0.7650569972109803,0.08571150960309186,3.091711160296197e-05,2.8476359815200326e-05,0.008823740720440454,0.12081555326442046,0.11199181254398001,1.0307764064044151,0.25660657871707304,0.018435829522246674,0.0,1.984631277557678e-12,1,2,1,2,False,True,False
20260809,G2,G0_cooling_coarse_030,G0,G0_cooling,cooling,0.8,validation,False,False,False,1.0138002825646049,0.00020277018379780758,0.5070015263742014,0.05523581247320147,3.004927468587214e-05,2.8476359815200326e-05,0.005781743696831904,0.11777355624081191,0.11199181254398001,1.0307764064044151,0.20499770475827167,0.0120721274761744,1.1275253144829313e-15,2.0389885905739138e-12,2,4,1,2,False,True,False
0,A1,G0_cooling_event_reachability_confirmation,G0,G0_cooling,cooling,0.840625,validation_event,False,False,False,217.87704212001825,0.01753956315487142,108.94729084158656,98.30404591743988,0.0029825225266460593,3.0034249854489218e-05,0.887389730554589,0.9999904227471912,0.11260069219260214,0.041666666666666664,0.23451827913076792,0.00463928948976693,1.7297535487987006e-15,1.920026439166524e-14,1,2,1,2,False,True,False
0,A2,G0_cooling_event_reachability_confirmation,G0,G0_cooling,cooling,0.840625,validation_event,False,False,False,176.306550822937,0.017699575948826436,88.16212519944291,99.06510252473191,0.003005380290942878,3.0034249854489218e-05,0.8872699811745373,0.9998706733671394,0.11260069219260214,0.041666666666666664,0.17861250476282733,0.000871564451878337,2.059917251890756e-15,1.9740873663952686e-14,2,4,1,2,False,True,False
0,R1,G0_cooling_event_reachability_confirmation,G0,G0_cooling,cooling,0.840625,validation_event,False,False,False,22.074134115452246,0.019194305201911857,11.046664210327078,5.982190928795119,0.00020970486688718076,3.0034249854489218e-05,0.22261918015324977,0.33521987234585193,0.11260069219260214,1.0214708893442719,0.42174998039190725,0.38345122534703285,1.537586192388419e-16,2.7645799739136136e-13,1,2,1,2,False,True,False
0,R2,G0_cooling_event_reachability_confirmation,G0,G0_cooling,cooling,0.840625,validation_event,False,False,False,15.229698286469896,0.00959515317739255,7.619646719823644,2.518889236408132,0.00010568719853655461,3.0034249854489218e-05,0.13481138250662011,0.24741207469922227,0.11260069219260214,1.0214708893442719,0.4348391474145174,0.25722295389688893,1.2203533153198557e-15,5.192603356683295e-13,2,4,1,2,False,True,False
20260809,H0,G0_cooling_event_reachability_confirmation,G0,G0_cooling,cooling,0.840625,validation_event,False,False,False,0.9913689542488225,5.5058832404548305e-05,0.49571200654061354,0.036509651700372625,2.893770985321985e-05,3.0034249854489218e-05,0.006046418152183611,0.10655427404041853,0.11260069219260214,0.49084991797423033,0.9748195087838275,0.012456618538697502,1.1142530263724477e-15,0.9910335329012707,0,1,1,2,False,True,False
20260809,H1,G0_cooling_event_reachability_confirmation,G0,G0_cooling,cooling,0.840625,validation_event,False,False,False,0.6571676455320423,5.5058832404548305e-05,0.3286113521822234,0.036509651700372625,2.893770985321985e-05,3.0034249854489218e-05,0.004040747735242725,0.10855994445735942,0.11260069219260214,1.0214708893442719,0.39242312450190375,0.008327757450478764,1.1142530263724477e-15,2.1950784619489037e-12,1,2,1,2,False,True,False
20260809,H2,G0_cooling_event_reachability_confirmation,G0,G0_cooling,cooling,0.840625,validation_event,False,False,False,0.4357378944527632,3.6506721966815595e-05,0.217887200587365,0.024512244896038315,2.9298042966787175e-05,3.0034249854489218e-05,0.002693664978873536,0.10990702721372861,0.11260069219260214,1.0214708893442719,0.2064197345111046,0.005552675321564364,9.629803418846633e-16,1.9006480576361744e-12,2,4,1,2,False,True,False
20260809,S1,G0_cooling_event_reachability_confirmation,G0,G0_cooling,cooling,0.840625,validation_event,False,False,False,3.5231767466804973,0.001092079637000639,1.7621344131587489,0.2511431805770671,3.7577146889191955e-05,3.0034249854489218e-05,0.023919540331627395,0.13652023252422954,0.11260069219260214,1.0214708893442719,0.35256492606758905,0.049391178797547584,8.580728833756174e-16,1.451859318669438e-12,1,2,1,2,False,True,False
20260809,S2,G0_cooling_event_reachability_confirmation,G0,G0_cooling,cooling,0.840625,validation_event,False,False,False,2.3444698061948763,0.0006542928514892357,1.1725620495231828,0.15519907787540327,3.469553773658541e-05,3.0034249854489218e-05,0.015473268417860134,0.12807396061046228,0.11260069219260214,1.0214708893442719,0.30739415190921726,0.03198481514377843,5.808371350416806e-16,1.762956872275402e-12,2,4,1,2,False,True,False
20260809,G1,G0_cooling_event_reachability_confirmation,G0,G0_cooling,cooling,0.840625,validation_event,False,False,False,5.204367033908932,0.002084379038178271,2.6032257064735553,0.414228708980273,4.247529839690524e-05,3.0034249854489218e-05,0.036804268965465556,0.1494049611580677,0.11260069219260214,1.0214708893442719,0.388311429153022,0.0755910599069361,5.693414525120915e-16,1.4391054114643263e-12,1,2,1,2,False,True,False
20260809,G2,G0_cooling_event_reachability_confirmation,G0,G0_cooling,cooling,0.840625,validation_event,False,False,False,3.4691869493483076,0.0012103878760135293,1.7351986686121605,0.24659676857124763,3.744059881506772e-05,3.0034249854489218e-05,0.023542113729281375,0.13614280592188352,0.11260069219260214,1.0214708893442719,0.3509234587505719,0.048534584257851426,6.459017443771828e-16,1.5536089958061698e-12,2,4,1,2,False,True,False
0,A1,G0_cooling_event_refine_01,G0,G0_cooling,cooling,0.8374999999999999,validation_event,False,False,False,219.3185492191023,0.017539277651001158,109.66804424837665,98.3333518868469,0.0029714350823090876,2.9913770409096062e-05,0.887437758892929,0.9999902672980985,0.11255250840516956,0.0,0.23603675460743528,0.004645723889171814,2.614029360895161e-15,2.143504075933991e-14,1,2,1,2,False,True,False
0,A2,G0_cooling_event_refine_01,G0,G0_cooling,cooling,0.8374999999999999,validation_event,False,False,False,177.25489431573268,0.017699636189761035,88.63629697596123,99.09764850644468,0.002994298075912184,2.9913770409096062e-05,0.8873146802426173,0.9998671886477869,0.11255250840516956,0.041666666666666664,0.17998966213230316,0.0008034228395063393,1.9023179361687208e-15,1.988786933267259e-14,2,4,1,2,False,True,False
0,R1,G0_cooling_event_refine_01,G0,G0_cooling,cooling,0.8374999999999999,validation_event,False,False,False,21.5879552959446,0.018465605208128132,10.803210450576364,5.56387871158839,0.00019635036077160836,2.9913770409096062e-05,0.21352858422324184,0.3260810926284114,0.11255250840516956,1.0214708893442719,0.42470483600751874,0.37250858857028674,1.6482905265672904e-15,2.869673806752834e-13,1,2,1,2,False,True,False
0,R2,G0_cooling_event_refine_01,G0,G0_cooling,cooling,0.8374999999999999,validation_event,False,False,False,14.854776472708085,0.009266247062476687,7.432021359885281,2.350408364075281,0.00010022334657966309,2.9913770409096062e-05,0.12911457864137557,0.24166708704654513,0.11255250840516956,1.0214708893442719,0.43563247395612176,0.24795673750663733,3.229212060791273e-16,6.101596188861389e-13,2,4,1,2,False,True,False
20260809,H0,G0_cooling_event_refine_01,G0,G0_cooling,cooling,0.8374999999999999,validation_event,False,False,False,0.9930094197523305,5.4203188214222876e-05,0.49653181147027237,0.03628539214459936,2.88283375192785e-05,2.9913770409096062e-05,0.006008321975444222,0.10654418642972534,0.11255250840516956,0.49084991797423033,0.9795461640940183,0.01238290592066566,2.80663461196367e-16,0.9927387236473495,0,1,1,2,False,True,False
20260809,H1,G0_cooling_event_refine_01,G0,G0_cooling,cooling,0.8374999999999999,validation_event,False,False,False,0.6581554726936659,5.4203188214222876e-05,0.3291048379409401,0.03628539214459936,2.88283375192785e-05,2.9913770409096062e-05,0.004014496221642197,0.10853801218352736,0.11255250840516956,1.0214708893442719,0.3935424152864706,0.008276843546201909,2.80663461196367e-16,1.9722221418229815e-12,1,2,1,2,False,True,False
20260809,H2,G0_cooling_event_refine_01,G0,G0_cooling,cooling,0.8374999999999999,validation_event,False,False,False,0.43632537808366906,3.59406923817464e-05,0.2181806593880254,0.024356199296155484,2.918518465531268e-05,2.9913770409096062e-05,0.0026756676125617024,0.10987684079260786,0.11255250840516956,1.0214708893442719,0.20686206013775685,0.005517704003643664,4.158476852685401e-16,2.0750799494857098e-12,2,4,1,2,False,True,False
20260809,S1,G0_cooling_event_refine_01,G0,G0_cooling,cooling,0.8374999999999999,validation_event,False,False,False,3.0423593236959254,0.0007640247851339949,1.5215616742405298,0.20814737506716344,3.6140243198111195e-05,2.9913770409096062e-05,0.0202113294958578,0.13276383790102736,0.11255250840516956,1.0214708893442719,0.337377412129265,0.04189514350499605,2.7984942382459744e-15,1.642044479230516e-12,1,2,1,2,False,True,False
20260809,S2,G0_cooling_event_refine_01,G0,G0_cooling,cooling,0.8374999999999999,validation_event,False,False,False,2.0231827193764924,0.0004632383081908025,1.0118229788423416,0.12997726778664448,3.380188055606734e-05,2.9913770409096062e-05,0.013117116485018454,0.12566962489018801,0.11255250840516956,1.0214708893442719,0.2899009019456381,0.02719515329038065,5.984179619294486e-16,1.714826511702087e-12,2,4,1,2,False,True,False
20260809,G1,G0_cooling_event_refine_01,G0,G0_cooling,cooling,0.8374999999999999,validation_event,False,False,False,4.877265680183624,0.0018619422728154815,2.4395638112282194,0.3759560319002475,4.116003283127486e-05,2.9913770409096062e-05,0.03391666526084375,0.1464691736660133,0.11255250840516956,1.0214708893442719,0.38319968220679174,0.06977061638934799,1.9657566897152518e-16,1.4631127041529212e-12,1,2,1,2,False,True,False
20260809,G2,G0_cooling_event_refine_01,G0,G0_cooling,cooling,0.8374999999999999,validation_event,False,False,False,3.2492313956342365,0.0010883392377480524,1.6251598674359922,0.22561476832111582,3.666275878955532e-05,2.9913770409096062e-05,0.021742239856104933,0.1342947482612745,0.11255250840516956,1.0214708893442719,0.3442800508719472,0.04486438220110308,8.827552814713783e-16,1.6390558688692955e-12,2,4,1,2,False,True,False
0,A1,G0_cooling_event_refine_02,G0,G0_cooling,cooling,0.84375,validation_event,False,False,False,1.498012527329891,0.005797150325640435,0.7519048388277657,0.14067356258338992,0.0029936099709830313,0.0026244230331797323,0.033792422642393016,0.9999905762765446,0.9661981536341516,0.041666666666666664,0.23300159908907994,0.004632436255733864,1.0301785723837272e-15,2.1290357162596598e-14,1,2,1,2,False,True,False
0,A2,G0_cooling_event_refine_02,G0,G0_cooling,cooling,0.84375,validation_event,False,False,False,1.0260157144145683,0.005951907244990303,0.5159838108297793,0.1493808080913532,0.003016461466649681,0.0026244230331797323,0.033675925299700316,0.9998740789338519,0.9661981536341516,0.041666666666666664,0.17724031201575496,0.000938534445208491,3.2375187906576596e-15,2.0447487098890062e-14,2,4,1,2,False,True,False
0,R1,G0_cooling_event_refine_02,G0,G0_cooling,cooling,0.84375,validation_event,False,False,False,0.7293204451226133,0.028505958827819856,0.37891320197521655,0.9145735446647856,0.0002241951570246361,0.0026244230331797323,0.6214030517509478,0.34479510188320384,0.9661981536341516,1.0214708893442719,0.41849277299502424,0.39445593552375857,4.2986444364882404e-16,2.550529032315707e-13,1,2,1,2,False,True,False
0,R2,G0_cooling_event_refine_02,G0,G0_cooling,cooling,0.84375,validation_event,False,False,False,0.8091689792147998,0.01969507220690482,0.4144320257108523,0.9574394478302106,0.00011169689341924255,0.0026244230331797323,0.712699548806665,0.2534986048274866,0.9661981536341516,1.0214708893442719,0.4338974189989773,0.26686653922220716,8.628129529209738e-16,5.064712033643555e-13,2,4,1,2,False,True,False
20260809,H0,G0_cooling_event_refine_02,G0,G0_cooling,cooling,0.84375,validation_event,False,False,False,0.9998777675912577,0.012539029761450833,0.5062083986763543,0.9889318422062567,2.9047528248767613e-05,0.0026244230331797323,0.8596313821759133,0.10656677145823833,0.9661981536341516,0.49084991797423033,0.9690486372269437,0.012525761009506956,1.9353760479623406e-15,0.9889372396255145,0,1,1,2,False,True,False
20260809,H1,G0_cooling_event_refine_02,G0,G0_cooling,cooling,0.84375,validation_event,False,False,False,0.9960480311945885,0.012539029761450833,0.5042935304780197,0.9889318422062567,2.9047528248767613e-05,0.0026244230331797323,0.857614592220423,0.10858356141372866,0.9661981536341516,1.0214708893442719,0.39104310157606603,0.008375615104265917,1.9353760479623406e-15,1.960535936582011e-12,1,2,1,2,False,True,False
20260809,H2,G0_cooling_event_refine_02,G0,G0_cooling,cooling,0.84375,validation_event,False,False,False,0.9935102195568617,0.01255020881811613,0.5030302141874889,0.9887932562809316,2.9411236343265464e-05,0.0026244230331797323,0.8562597444613771,0.10993840917277455,0.9661981536341516,1.0214708893442719,0.20586794208989453,0.005585614042022661,1.6383793819198525e-15,1.9298743802827052e-12,2,4,1,2,False,True,False
20260809,S1,G0_cooling_event_refine_02,G0,G0_cooling,cooling,0.84375,validation_event,False,False,False,0.9423057062950975,0.013412342141363009,0.47785902421823023,0.9850685692441399,3.91863907940073e-05,0.0026244230331797323,0.8256174535516959,0.14058070008245568,0.9661981536341516,1.0214708893442719,0.3654617876102679,0.057501894547275834,1.844521614974056e-15,1.5733769375703943e-12,1,2,1,2,False,True,False
20260809,S2,G0_cooling_event_refine_02,G0,G0_cooling,cooling,0.84375,validation_event,False,False,False,0.9577426868167543,0.013057516796798434,0.4854001018067764,0.9864071407778026,3.567341282950464e-05,0.0026244230331797323,0.835541924438824,0.13065622919532763,0.9661981536341516,1.0214708893442719,0.3227572200796327,0.03714439933774941,4.502584174931518e-16,1.6384903812548957e-12,2,4,1,2,False,True,False
20260809,G1,G0_cooling_event_refine_02,G0,G0_cooling,cooling,0.84375,validation_event,False,False,False,0.9249242865326391,0.013922888505369848,0.4694235875190045,0.9832726284254524,4.3899699244798823e-05,0.0026244230331797323,0.813696165153576,0.1525019884805756,0.9661981536341516,1.0214708893442719,0.39296287712086536,0.0817109183898668,7.317705899361346e-16,1.4176225753517679e-12,1,2,1,2,False,True,False
20260809,G2,G0_cooling_event_refine_02,G0,G0_cooling,cooling,0.84375,validation_event,False,False,False,0.9460985913207262,0.01332148645484542,0.4797100388877858,0.9854181955147533,3.826882355640519e-05,0.0026244230331797323,0.8281134501033712,0.13808470353078037,0.9661981536341516,1.0214708893442719,0.35710700017788705,0.05238790758325893,1.6788866669515618e-15,1.5229600677561159e-12,2,4,1,2,False,True,False
0,A1,G0_cooling_event_refine_03,G0,G0_cooling,cooling,0.840625,validation_event,False,False,False,217.87704212001825,0.01753956315487142,108.94729084158656,98.30404591743988,0.0029825225266460593,3.0034249854489218e-05,0.887389730554589,0.9999904227471912,0.11260069219260214,0.041666666666666664,0.23451827913076792,0.00463928948976693,1.7297535487987006e-15,1.920026439166524e-14,1,2,1,2,False,True,False
0,A2,G0_cooling_event_refine_03,G0,G0_cooling,cooling,0.840625,validation_event,False,False,False,176.306550822937,0.017699575948826436,88.16212519944291,99.06510252473191,0.003005380290942878,3.0034249854489218e-05,0.8872699811745373,0.9998706733671394,0.11260069219260214,0.041666666666666664,0.17861250476282733,0.000871564451878337,2.059917251890756e-15,1.9740873663952686e-14,2,4,1,2,False,True,False
0,R1,G0_cooling_event_refine_03,G0,G0_cooling,cooling,0.840625,validation_event,False,False,False,22.074134115452246,0.019194305201911857,11.046664210327078,5.982190928795119,0.00020970486688718076,3.0034249854489218e-05,0.22261918015324977,0.33521987234585193,0.11260069219260214,1.0214708893442719,0.42174998039190725,0.38345122534703285,1.537586192388419e-16,2.7645799739136136e-13,1,2,1,2,False,True,False
0,R2,G0_cooling_event_refine_03,G0,G0_cooling,cooling,0.840625,validation_event,False,False,False,15.229698286469896,0.00959515317739255,7.619646719823644,2.518889236408132,0.00010568719853655461,3.0034249854489218e-05,0.13481138250662011,0.24741207469922227,0.11260069219260214,1.0214708893442719,0.4348391474145174,0.25722295389688893,1.2203533153198557e-15,5.192603356683295e-13,2,4,1,2,False,True,False
20260809,H0,G0_cooling_event_refine_03,G0,G0_cooling,cooling,0.840625,validation_event,False,False,False,0.9913689542488225,5.5058832404548305e-05,0.49571200654061354,0.036509651700372625,2.893770985321985e-05,3.0034249854489218e-05,0.006046418152183611,0.10655427404041853,0.11260069219260214,0.49084991797423033,0.9748195087838275,0.012456618538697502,1.1142530263724477e-15,0.9910335329012707,0,1,1,2,False,True,False
20260809,H1,G0_cooling_event_refine_03,G0,G0_cooling,cooling,0.840625,validation_event,False,False,False,0.6571676455320423,5.5058832404548305e-05,0.3286113521822234,0.036509651700372625,2.893770985321985e-05,3.0034249854489218e-05,0.004040747735242725,0.10855994445735942,0.11260069219260214,1.0214708893442719,0.39242312450190375,0.008327757450478764,1.1142530263724477e-15,2.1950784619489037e-12,1,2,1,2,False,True,False
20260809,H2,G0_cooling_event_refine_03,G0,G0_cooling,cooling,0.840625,validation_event,False,False,False,0.4357378944527632,3.6506721966815595e-05,0.217887200587365,0.024512244896038315,2.9298042966787175e-05,3.0034249854489218e-05,0.002693664978873536,0.10990702721372861,0.11260069219260214,1.0214708893442719,0.2064197345111046,0.005552675321564364,9.629803418846633e-16,1.9006480576361744e-12,2,4,1,2,False,True,False
20260809,S1,G0_cooling_event_refine_03,G0,G0_cooling,cooling,0.840625,validation_event,False,False,False,3.5231767466804973,0.001092079637000639,1.7621344131587489,0.2511431805770671,3.7577146889191955e-05,3.0034249854489218e-05,0.023919540331627395,0.13652023252422954,0.11260069219260214,1.0214708893442719,0.35256492606758905,0.049391178797547584,8.580728833756174e-16,1.451859318669438e-12,1,2,1,2,False,True,False
20260809,S2,G0_cooling_event_refine_03,G0,G0_cooling,cooling,0.840625,validation_event,False,False,False,2.3444698061948763,0.0006542928514892357,1.1725620495231828,0.15519907787540327,3.469553773658541e-05,3.0034249854489218e-05,0.015473268417860134,0.12807396061046228,0.11260069219260214,1.0214708893442719,0.30739415190921726,0.03198481514377843,5.808371350416806e-16,1.762956872275402e-12,2,4,1,2,False,True,False
20260809,G1,G0_cooling_event_refine_03,G0,G0_cooling,cooling,0.840625,validation_event,False,False,False,5.204367033908932,0.002084379038178271,2.6032257064735553,0.414228708980273,4.247529839690524e-05,3.0034249854489218e-05,0.036804268965465556,0.1494049611580677,0.11260069219260214,1.0214708893442719,0.388311429153022,0.0755910599069361,5.693414525120915e-16,1.4391054114643263e-12,1,2,1,2,False,True,False
20260809,G2,G0_cooling_event_refine_03,G0,G0_cooling,cooling,0.840625,validation_event,False,False,False,3.4691869493483076,0.0012103878760135293,1.7351986686121605,0.24659676857124763,3.744059881506772e-05,3.0034249854489218e-05,0.023542113729281375,0.13614280592188352,0.11260069219260214,1.0214708893442719,0.3509234587505719,0.048534584257851426,6.459017443771828e-16,1.5536089958061698e-12,2,4,1,2,False,True,False
0,A1,G0_heating_coarse_006,G0,G0_heating,heating,0.9,validation,False,False,False,0.6516018919686579,6.299910769200352e-06,0.32580409593971354,0.004577116217371721,1.796916357375676e-05,1.8051788708607495e-05,8.378371199906911e-05,0.003164433755126195,0.003248217467125264,0.041666666666666664,0.3945253525622938,0.0010420108261568039,4.609062572508578e-15,2.848610172646392e-12,1,2,1,2,False,True,False
0,A2,G0_heating_coarse_006,G0,G0_heating,heating,0.9,validation,False,False,False,0.42458679400659266,4.106753063359881e-06,0.212295450379828,0.002987542985726949,1.799785821387127e-05,1.8051788708607495e-05,5.484125652921055e-05,0.0031933762105960536,0.003248217467125264,0.041666666666666664,0.20450139907102394,0.0006795181699988018,1.255012957192098e-15,3.0350396681336826e-12,2,4,1,2,False,True,False
0,R1,G0_heating_coarse_006,G0,G0_heating,heating,0.9,validation,False,False,False,0.6086035969913732,2.741684144905477e-05,0.3043155069164111,0.004275916842241648,1.8128976655979218e-05,1.8051788708607495e-05,7.950912357589405e-05,0.003327726590701158,0.003248217467125264,1.0214708893442719,0.1521100852482004,0.0009778120750364929,6.229680165831355e-16,2.9688579110208835e-12,1,2,1,2,False,True,False
0,R2,G0_heating_coarse_006,G0,G0_heating,heating,0.9,validation,False,False,False,0.3965728361990182,1.7761519723952875e-05,0.19829529885937106,0.0027816722708525793,1.810200286869752e-05,1.8051788708607495e-05,5.1587370024757e-05,0.003299804837150021,0.003248217467125264,1.0214708893442719,0.109957977828559,0.0006366235258953291,4.159308673180703e-16,3.1165699888045885e-12,2,4,1,2,False,True,False
20260809,H0,G0_heating_coarse_006,G0,G0_heating,heating,0.9,validation,False,False,False,0.55034996232285,1.8363509676414524e-05,0.27518416291626324,0.002512731948126763,1.8006429402398543e-05,1.8051788708607495e-05,7.057200767699801e-05,0.003177645459448266,0.003248217467125264,0.9671494643640935,0.2977158776566107,0.0008803438820561222,1.0453463017449526e-15,0.5466963140093727,0,1,1,2,False,True,False
20260809,H1,G0_heating_coarse_006,G0,G0_heating,heating,0.9,validation,False,False,False,0.35860926426280026,1.8363509676414524e-05,0.17931381388623835,0.002512731948126763,1.8006429402398543e-05,1.8051788708607495e-05,4.61619594973625e-05,0.0032020555076279016,0.003248217467125264,1.190319103392546,0.16272788959175863,0.0005740349696491962,1.0453463017449526e-15,3.283223664509771e-12,1,2,1,2,False,True,False
20260809,H2,G0_heating_coarse_006,G0,G0_heating,heating,0.9,validation,False,False,False,0.23367113990151817,1.193674442582435e-05,0.11684153832297199,0.0016388610115894249,1.8022204335903508e-05,1.8051788708607495e-05,3.0154863519024633e-05,0.0032180626036062395,0.003248217467125264,1.190319103392546,0.09593563226575734,0.0003742146727277272,6.266587826638988e-16,3.083996755740423e-12,2,4,1,2,False,True,False
20260809,S1,G0_heating_coarse_006,G0,G0_heating,heating,0.9,validation,False,False,False,0.11549022906246757,4.8315239342006914e-05,0.05776927215090479,0.0006930256082167507,1.8064299060456678e-05,1.8051788708607495e-05,1.2811498459342537e-05,0.0032610289655846066,0.003248217467125264,1.2754356554178305,0.03780848145105034,0.0001853213715920747,2.2923944906443875e-15,3.037839499092884e-12,1,2,1,2,False,True,False
20260809,S2,G0_heating_coarse_006,G0,G0_heating,heating,0.9,validation,False,False,False,0.07523556326229534,3.136684378639102e-05,0.03763346505304087,0.000451427808372563,1.8059937788021426e-05,1.8051788708607495e-05,8.34018531805248e-06,0.0032565576524433166,0.003248217467125264,1.2754356554178305,0.025166736053929276,0.00012069869693467493,2.292948078204883e-15,3.049204044352614e-12,2,4,1,2,False,True,False
20260809,G1,G0_heating_coarse_006,G0,G0_heating,heating,0.9,validation,False,False,False,0.11670586969825314,5.743901527620411e-05,0.05838165435676467,0.0004962624370955992,1.8060747133265964e-05,1.8051788708607495e-05,9.181306846712568e-06,0.0032573987739719767,0.003248217467125264,1.2754356554178305,0.03884183706115268,0.00018730847747403401,4.16880968312967e-16,2.9425543148284204e-12,1,2,1,2,False,True,False
20260809,G2,G0_heating_coarse_006,G0,G0_heating,heating,0.9,validation,False,False,False,0.07601644944803478,3.7299940261042986e-05,0.03802687469414791,0.00032321484788655627,1.8057623314749028e-05,1.8051788708607495e-05,5.974546258368137e-06,0.0032541920133836322,0.003248217467125264,1.2754356554178305,0.025715949328329313,0.00012197801732590162,4.1695308525025585e-16,2.8167265674001706e-12,2,4,1,2,False,True,False
0,A1,G0_heating_coarse_014,G0,G0_heating,heating,1.1,validation,False,False,False,0.6523988662062576,9.445305289596498e-06,0.3262041557557736,0.006854264861815473,2.196231103459161e-05,2.2113885462676647e-05,0.00012729475174494322,0.003186344319270348,0.003313639071015291,0.0,0.3948150313020297,0.0015607406338474768,3.92687975749416e-15,1.9140733903634897e-12,1,2,1,2,False,True,False
0,A2,G0_heating_coarse_014,G0,G0_heating,heating,1.1,validation,False,False,False,0.42562827603220504,6.166166571215192e-06,0.21281722109938814,0.004483158264742984,2.201474541429907e-05,2.2113885462676647e-05,8.361018186308538e-05,0.0032300288891522057,0.003313639071015291,0.041666666666666664,0.2048196317326659,0.0010194566321021544,8.394700234498773e-16,2.0484467688840794e-12,2,4,1,2,False,True,False
0,R1,G0_heating_coarse_014,G0,G0_heating,heating,1.1,validation,False,False,False,1.7098314198296425,0.00024244338593635987,0.8550369316077894,0.018323468261036587,2.25190885410802e-05,2.2113885462676647e-05,0.0003555083907907466,0.0036691474618060376,0.003313639071015291,1.25,0.2814495760142564,0.004147495824681298,1.367781738847279e-15,2.0002440148862596e-12,1,2,1,2,False,True,False
0,R2,G0_heating_coarse_014,G0,G0_heating,heating,1.1,validation,False,False,False,1.1155567471755146,0.0001562447181243057,0.5578564959468194,0.011868897723026956,2.237635290749189e-05,2.2113885462676647e-05,0.00022777095092876062,0.0035414100219440517,0.003313639071015291,1.25,0.22483282444938932,0.0026959975315964777,1.5141572905220005e-15,2.098346703333543e-12,2,4,1,2,False,True,False
20260809,H0,G0_heating_coarse_014,G0,G0_heating,heating,1.1,validation,False,False,False,0.4192675130863832,2.960325713921601e-05,0.20964855817176123,0.0026428578818414447,2.217232931916982e-05,2.2113885462676647e-05,7.693821550407154e-05,0.0033905772865193626,0.003313639071015291,1.0307764064044151,0.11622393199298511,0.0010106527725750412,1.389172857690886e-16,0.27421079521548963,0,1,1,2,False,True,False
20260809,H1,G0_heating_coarse_014,G0,G0_heating,heating,1.1,validation,False,False,False,0.2735252312796043,2.960325713921601e-05,0.13677741726837178,0.0026428578818414447,2.217232931916982e-05,2.2113885462676647e-05,4.995492402880665e-05,0.0033635939950440977,0.003313639071015291,1.0307764064044151,0.08163625638906258,0.0006584166534034702,1.389172857690886e-16,2.0804252716735424e-12,1,2,1,2,False,True,False
20260809,H2,G0_heating_coarse_014,G0,G0_heating,heating,1.1,validation,False,False,False,0.17844379568328228,1.920206224100552e-05,0.08923149887276165,0.001722176062407507,2.215196946686729e-05,2.2113885462676647e-05,3.2489543786257905e-05,0.003346128614801549,0.003313639071015291,1.0307764064044151,0.056036046082278204,0.0004291524413471097,2.7808992900648325e-16,2.0498008667025865e-12,2,4,1,2,False,True,False
20260809,S1,G0_heating_coarse_014,G0,G0_heating,heating,1.1,validation,False,False,False,0.06471071582348387,1.8220924111083742e-05,0.03236446837379747,0.0005387123863640828,2.2101972438667267e-05,2.2113885462676647e-05,1.0110646736620228e-05,0.003303528424278671,0.003313639071015291,1.0307764064044151,0.023264748960039053,0.00015530635019221707,1.8116734883133955e-15,1.978904887230716e-12,1,2,1,2,False,True,False
20260809,S2,G0_heating_coarse_014,G0,G0_heating,heating,1.1,validation,False,False,False,0.04221088054910522,1.1813481590905716e-05,0.021111347015348062,0.0003515778887490781,2.210611070951364e-05,2.2113885462676647e-05,6.601984590787983e-06,0.003307037086424503,0.003313639071015291,1.0307764064044151,0.014999611272592526,0.00010132775733682475,5.573336438366584e-16,2.123998516656994e-12,2,4,1,2,False,True,True
20260809,G1,G0_heating_coarse_014,G0,G0_heating,heating,1.1,validation,False,False,False,0.03372894603452173,5.2260343719347084e-05,0.01689060318912054,3.2649839630986014e-05,2.2114607477490622e-05,2.2113885462676647e-05,6.193967415695986e-07,0.0033142584677568606,0.003313639071015291,1.25,0.011743874042060884,8.125454757546195e-05,1.1142390155764892e-15,2.083209119492854e-12,1,2,1,2,False,True,True
20260809,G2,G0_heating_coarse_014,G0,G0_heating,heating,1.1,validation,False,False,False,0.021958418749192625,3.3911063183289466e-05,0.010996164906187957,2.1278559298826865e-05,2.2114356014299792e-05,2.2113885462676647e-05,4.0253794781610827e-07,0.003314041608963107,0.003313639071015291,1.25,0.007651871701644351,5.290627217691019e-05,0.0,1.9654006919886815e-12,2,4,1,2,False,True,True
0,A1,G0_heating_coarse_022,G0,G0_heating,heating,1.3,validation,False,False,False,0.6533605460578372,1.325116646838247e-05,0.3266868986121528,0.009602024726305529,2.5955458495426465e-05,2.6207099714893628e-05,0.0001814591544698433,0.0032128367047073916,0.003394295859177235,0.041666666666666664,0.39516292507346024,0.0021869017185256663,3.213203385675695e-15,1.2975316921764827e-12,1,2,1,2,False,True,False
0,A2,G0_heating_coarse_022,G0,G0_heating,heating,1.3,validation,False,False,False,0.42688788715890613,8.666244231217825e-06,0.21344827670156868,0.006296135295639701,2.6042096269382337e-05,2.6207099714893628e-05,0.00011968250873925067,0.003274613350437984,0.003394295859177235,0.041666666666666664,0.2052028649773786,0.001431289106656632,8.006283965350648e-16,1.524796781198706e-12,2,4,1,2,False,True,False
0,R1,G0_heating_coarse_022,G0,G0_heating,heating,1.3,validation,False,False,False,0.44430654354822086,0.00016080040128025098,0.22223367197475055,0.006445436966097454,2.6376015924170205e-05,2.6207099714893628e-05,0.0001253485792071774,0.0035196444383844123,0.003394295859177235,1.25,0.11999652115808412,0.0015012066947684489,3.9524623124489814e-16,1.449367929972941e-12,1,2,1,2,False,True,False
0,R2,G0_heating_coarse_022,G0,G0_heating,heating,1.3,validation,False,False,False,0.2902885974003219,0.00010407985940249504,0.1451963386298622,0.004200547711811924,2.631718388763425e-05,2.6207099714893628e-05,8.135754978705551e-05,0.0034756534089642904,0.003394295859177235,1.25,0.08492802493463916,0.0009793587140629425,1.980649018868261e-15,1.4835061151301268e-12,2,4,1,2,False,True,False
20260809,H0,G0_heating_coarse_022,G0,G0_heating,heating,1.3,validation,False,False,False,0.33444106964444326,2.834408325280146e-05,0.16723470686384803,0.003082823005276935,2.6126307864990967e-05,2.6207099714893628e-05,8.969128457046597e-05,0.003304604574606769,0.003394295859177235,1.0307764064044151,0.1459466480688455,0.0011213381030976072,1.1970716577890201e-15,0.3167478446550709,0,1,1,2,False,True,False
20260809,H1,G0_heating_coarse_022,G0,G0_heating,heating,1.3,validation,False,False,False,0.2185081257865603,2.834408325280146e-05,0.10926823493490655,0.003082823005276935,2.6126307864990967e-05,2.6207099714893628e-05,5.890064406088337e-05,0.0033353952151163515,0.003394295859177235,1.0307764064044151,0.08757389391622825,0.0007334762871619861,1.1970716577890201e-15,1.3243602773988322e-12,1,2,1,2,False,True,False
20260809,H2,G0_heating_coarse_022,G0,G0_heating,heating,1.3,validation,False,False,False,0.14276397623040152,1.8426581528308895e-05,0.07139120140596492,0.00201684349611401,2.6154244096281633e-05,2.6207099714893628e-05,3.861284194041706e-05,0.003355683017236818,0.003394295859177235,1.0307764064044151,0.05429411528934892,0.00047958667664106626,1.5943907001718056e-15,1.4339551359649637e-12,2,4,1,2,False,True,False
20260809,S1,G0_heating_coarse_022,G0,G0_heating,heating,1.3,validation,False,False,False,0.015995855469911648,4.8885945389239865e-05,0.008022370707650444,0.00011348789949446068,2.6204125526195143e-05,2.6207099714893628e-05,2.177563093175728e-06,0.003392118296084059,0.003394295859177235,1.0307764064044151,0.005629459847264537,5.435051797953309e-05,3.978389158173681e-16,1.470412632858831e-12,1,2,1,2,False,True,True
20260809,S2,G0_heating_coarse_022,G0,G0_heating,heating,1.3,validation,False,False,False,0.01039432264175235,3.168209627523948e-05,0.005213002369013795,7.415970087330497e-05,2.6205156204218015e-05,2.6207099714893628e-05,1.4235521217280736e-06,0.003392872307055507,0.003394295859177235,1.0307764064044151,0.003651692413169338,3.5318746200411645e-05,5.96734902553586e-16,1.4687635068164023e-12,2,4,1,2,False,True,True
20260809,G1,G0_heating_coarse_022,G0,G0_heating,heating,1.3,validation,False,False,False,0.028052690627479306,3.438898282746287e-05,0.014043539805153384,0.00014778304250022474,2.6203226749962654e-05,2.6207099714893628e-05,2.833451022457925e-06,0.003391462408154777,0.003394295859177235,1.0307764064044151,0.00980757744000509,9.458814986232197e-05,1.9892628088826033e-16,1.3576718670605338e-12,1,2,1,2,False,True,True
20260809,G2,G0_heating_coarse_022,G0,G0_heating,heating,1.3,validation,False,False,False,0.01830750203383641,2.2274699765019358e-05,0.009164888366800714,9.660016545311482e-05,2.6204568104725123e-05,2.6207099714893628e-05,1.8535207764272012e-06,0.0033924423384008077,0.003394295859177235,1.0307764064044151,0.006386471545201674,6.172657423570467e-05,0.0,1.5042035352307453e-12,2,4,1,2,False,True,True
0,A1,G0_heating_coarse_030,G0,G0_heating,heating,1.5,validation,False,False,False,0.6544900258608566,1.7736386970471828e-05,0.3272538811239135,0.012829268959656097,2.9948605956261343e-05,3.0337817982811928e-05,0.0002474485514888567,0.003244022111182037,0.003491470662670894,0.041666666666666664,0.395569189891422,0.002922573621617225,1.9609466217581953e-15,9.941999372304164e-13,1,2,1,2,False,True,False
0,A2,G0_heating_coarse_030,G0,G0_heating,heating,1.5,validation,False,False,False,0.4283713398629982,1.1624409117428241e-05,0.21419148213605782,0.008437081295720714,3.0081855346156166e-05,3.0337817982811928e-05,0.00016399978497035495,0.003327470877700539,0.003491470662670894,0.041666666666666664,0.20565186185493287,0.0019172543502995302,0.0,1.078098312462689e-12,2,4,1,2,False,True,False
0,R1,G0_heating_coarse_030,G0,G0_heating,heating,1.5,validation,False,False,False,0.6500558830769794,2.035896882297823e-05,0.3250381210229012,0.012743423022381437,2.9951210334680945e-05,3.0337817982811928e-05,0.0002458302331161842,0.0032456404295547097,0.003491470662670894,1.0214708893442719,0.39090207740575655,0.002902902398903215,1.3574603835334296e-15,1.0075372624437986e-12,1,2,1,2,False,True,False
0,R2,G0_heating_coarse_030,G0,G0_heating,heating,1.5,validation,False,False,False,0.42546928023145025,1.3329488615396e-05,0.21274130486003281,0.00838036773583503,3.0083575911813135e-05,3.0337817982811928e-05,0.0001629136123574783,0.0033285570503134155,0.003491470662670894,1.0214708893442719,0.20372035283769568,0.0019043226204821027,2.2524794252845133e-15,1.128792522656305e-12,2,4,1,2,False,True,False
20260809,H0,G0_heating_coarse_030,G0,G0_heating,heating,1.5,validation,False,False,False,0.8809902366241634,0.00019282780628528668,0.44059153221522435,0.011514163850953463,3.068713258994643e-05,3.0337817982811928e-05,0.0003600836251264009,0.0038515542877972948,0.003491470662670894,1.2754356554178305,0.19338277065472545,0.004002904826951192,2.94423666908712e-16,0.4599877577791937,0,1,1,2,False,True,False
20260809,H1,G0_heating_coarse_030,G0,G0_heating,heating,1.5,validation,False,False,False,0.5766779021809926,0.00019282780628528668,0.2884353649936389,0.011514163850953463,3.068713258994643e-05,3.0337817982811928e-05,0.00023164487729805672,0.0037231155399689506,0.003491470662670894,1.2754356554178305,0.14485803649113319,0.002610486074300393,2.94423666908712e-16,1.0353408246834138e-12,1,2,1,2,False,True,False
20260809,H2,G0_heating_coarse_030,G0,G0_heating,heating,1.5,validation,False,False,False,0.3774695705698083,0.00012439487161429482,0.1887969827207113,0.007502899523027376,3.056543958288486e-05,3.0337817982811928e-05,0.00014992186551724502,0.003641392528188139,0.003491470662670894,1.2754356554178305,0.10470092834185668,0.001704659925639972,2.955958830412187e-16,1.1068587840466186e-12,2,4,1,2,False,True,False
20260809,S1,G0_heating_coarse_030,G0,G0_heating,heating,1.5,validation,False,False,False,0.022431861450260385,5.3244513055963654e-05,0.011242552981658174,0.00030615793681438354,3.032852981905086e-05,3.0337817982811928e-05,6.029707041756583e-06,0.0034854409556291373,0.003491470662670894,1.0214708893442719,0.007866492299306015,0.00010132650529403086,5.958098304106074e-16,1.0617331177905756e-12,1,2,1,2,False,True,True
20260809,S2,G0_heating_coarse_030,G0,G0_heating,heating,1.5,validation,False,False,False,0.014644519775300248,3.4462446185172945e-05,0.00733949111074271,0.0002004384374107748,3.0331737117981e-05,3.0337817982811928e-05,3.949331588684515e-06,0.0034875213310822093,0.003491470662670894,1.0214708893442719,0.005117411392996166,6.615123470149546e-05,1.6383037799306873e-15,1.0811315580458183e-12,2,4,1,2,False,True,True
20260809,G1,G0_heating_coarse_030,G0,G0_heating,heating,1.5,validation,False,False,False,0.08501130663377052,3.8009147318179785e-05,0.04252465789054435,0.0006649912023617464,3.035799236486935e-05,3.0337817982811928e-05,1.3213596368473902e-05,0.0035046842590393677,0.003491470662670894,1.0214708893442719,0.028733054859249305,0.0003836125736530871,2.8273500749595816e-15,1.044631448747136e-12,1,2,1,2,False,True,False
20260809,G2,G0_heating_coarse_030,G0,G0_heating,heating,1.5,validation,False,False,False,0.05561545607778701,2.466091009248479e-05,0.027820058493939745,0.0004345677737383898,3.03510018208328e-05,3.0337817982811928e-05,8.613009473602655e-06,0.0035000836721444965,0.003491470662670894,1.0214708893442719,0.018950514286167033,0.0002507290826758092,2.9768434522791498e-16,1.013317511154796e-12,2,4,1,2,False,True,False
0,A1,G1_cooling_coarse_000,G1,G1_cooling,cooling,1.55,test_headline,True,True,False,0.1303857431280176,0.0010265703486846615,0.06570615673835113,0.0020366669730590937,0.005499372391139207,0.00548819476611734,7.527628049430746e-05,0.999999557223924,0.9999242809434297,0.0,0.04775206268975651,0.0017236794238237804,2.2386083213951118e-15,1.5873768097165373e-14,1,2,1,2,False,True,False
0,A2,G1_cooling_coarse_000,G1,G1_cooling,cooling,1.55,test_headline,True,True,False,0.08416333243587779,0.0006074877522228262,0.04238541009405031,0.0014046687682141704,0.005495903861899181,0.00548819476611734,7.338374904819478e-05,0.9999976646924779,0.9999242809434297,0.0,0.03047618006467965,0.0010763420052777874,1.4254679939199755e-15,1.527287136342831e-14,2,4,1,2,False,True,False
0,R1,G1_cooling_coarse_000,G1,G1_cooling,cooling,1.55,test_headline,True,True,False,0.1718365559730471,0.000268114443800313,0.0860523352084237,0.009167894095454212,0.00543787957772635,0.00548819476611734,7.499066812965971e-05,0.9999992716115593,0.9999242809434297,1.0,0.056254875538793575,0.00231650329163036,2.0581118432600737e-16,1.5847461193102572e-14,1,2,1,2,False,True,False
0,R2,G1_cooling_coarse_000,G1,G1_cooling,cooling,1.55,test_headline,True,True,False,0.1097788386349579,0.00012130176064094064,0.05495007019779942,0.005744252014039429,0.00545666919227863,0.00548819476611734,7.202061774214119e-05,0.9999963015611718,0.9999242809434297,1.0,0.03717479134217851,0.0014486330413941322,2.6663323644524024e-15,1.6203096676287678e-14,2,4,1,2,False,True,False
20260809,H0,G1_cooling_coarse_000,G1,G1_cooling,cooling,1.55,test_headline,True,True,False,0.9864893929450509,0.019933633409698906,0.5032115131773749,0.988580755811002,6.26710361910743e-05,0.00548819476611734,0.8669534025690295,0.1329708783744001,0.9999242809434297,0.0,0.06340217365647055,0.01097470758187987,1.5346678597321588e-15,0.15637872022892316,0,1,1,2,False,True,False
20260809,H1,G1_cooling_coarse_000,G1,G1_cooling,cooling,1.55,test_headline,True,True,False,0.987196479102964,0.019933633409698906,0.5035650562563315,0.988580755811002,6.26710361910743e-05,0.00548819476611734,0.8684861405028945,0.13143814044053517,0.9999242809434297,0.0,0.04648014112705588,0.007652182456552819,1.5346678597321588e-15,1.2355471423443636e-12,1,2,1,2,False,True,False
20260809,H2,G1_cooling_coarse_000,G1,G1_cooling,cooling,1.55,test_headline,True,True,False,0.9876992169561198,0.02011409933063333,0.5039066581433765,0.9886869006127391,6.208849284573055e-05,0.00548819476611734,0.8695596177992665,0.13036466314416317,0.9999242809434297,0.0,0.03368190540757727,0.005347787810448603,1.6898910905502657e-15,1.2709389243513478e-12,2,4,1,2,False,True,False
20260809,S1,G1_cooling_coarse_000,G1,G1_cooling,cooling,1.55,test_headline,True,True,False,0.11806149510580148,0.0005134022871216869,0.05928744869646158,0.005537127028703723,0.005518583597695598,0.00548819476611734,6.347736010614558e-05,0.9999877583035358,0.9999242809434297,0.0,0.04559346723467453,0.0015634793825251732,6.084041763441284e-16,1.561570719283264e-14,1,2,1,2,False,True,False
20260809,S2,G1_cooling_coarse_000,G1,G1_cooling,cooling,1.55,test_headline,True,True,False,0.07548201250392397,0.00029021542379041023,0.037886113963857194,0.003602224707805709,0.005507964476905098,0.00548819476611734,5.3474088513749685e-05,0.9999777550319434,0.9999242809434297,0.0,0.028434142762858255,0.0009899574276073166,2.0319238455635963e-16,1.5239428841726973e-14,2,4,1,2,False,True,False
20260809,G1,G1_cooling_coarse_000,G1,G1_cooling,cooling,1.55,test_headline,True,True,False,0.16820933830090753,0.0005838730925499734,0.08439660569672876,0.008776622138267732,0.00553636257780077,0.00548819476611734,4.2086817358732986e-05,0.9999663677607884,0.9999242809434297,0.0,0.06784544679862788,0.0022664114110309665,1.4150509369114504e-15,1.5565560306025952e-14,1,2,1,2,False,True,False
20260809,G2,G1_cooling_coarse_000,G1,G1_cooling,cooling,1.55,test_headline,True,True,False,0.10734383408819055,0.0003561359147708082,0.05384998500148068,0.005635110308000088,0.0055191213490162,0.00548819476611734,3.32977462971229e-05,0.9999575786897268,0.9999242809434297,0.0,0.041575157808353136,0.0014468073339540058,8.111265292715949e-16,1.5411404056160302e-14,2,4,1,2,False,True,False
0,A1,G1_cooling_coarse_001,G1,G1_cooling,cooling,1.5250000000000001,test_diagnostic,True,False,False,0.12749246261312988,0.0009347146262511271,0.06421358861969051,0.0010425975698154536,0.005410672836443408,0.005405037557421279,0.00010033079815230384,0.9999994965925357,0.9998991657943834,0.0,0.04598154036002821,0.0016239953971465438,1.4716589556106548e-15,1.51370635434239e-14,1,2,1,2,False,True,False
0,A2,G1_cooling_coarse_001,G1,G1_cooling,cooling,1.5250000000000001,test_diagnostic,True,False,False,0.08242468939923563,0.0005269347037177111,0.04147581205147667,0.0008094592603985467,0.0054094127151249356,0.005405037557421279,9.803642659922396e-05,0.9999972022209827,0.9998991657943834,0.0,0.029525597771759768,0.0009988712549491336,6.30857904938868e-16,1.577144762347171e-14,2,4,1,2,False,True,False
0,R1,G1_cooling_coarse_001,G1,G1_cooling,cooling,1.5250000000000001,test_diagnostic,True,False,False,0.17096990062759027,0.00018979769800736386,0.08557984916279882,0.008696385870531235,0.00535803326517723,0.005405037557421279,9.940333555469305e-05,0.9999985691299381,0.9998991657943834,1.0,0.055913641084032975,0.002219212434307971,2.5476294031933398e-15,1.5710381319692266e-14,1,2,1,2,False,True,False
0,R2,G1_cooling_coarse_001,G1,G1_cooling,cooling,1.5250000000000001,test_diagnostic,True,False,False,0.10927998947835019,7.657229435199311e-05,0.05467828088635109,0.00541026854392876,0.005375794852745609,0.005405037557421279,9.450486780793188e-05,0.9999936706621914,0.9998991657943834,1.0,0.03696118381363337,0.0013784539175830035,2.327611049454084e-15,1.6928080359666068e-14,2,4,1,2,False,True,False
20260809,H0,G1_cooling_coarse_001,G1,G1_cooling,cooling,1.5250000000000001,test_diagnostic,True,False,False,0.985632760855031,0.01989994352135667,0.5027663521881939,0.9885284170271932,6.200433681109592e-05,0.005405037557421279,0.8659914381480536,0.1339077276463299,0.9998991657943834,0.0,0.07965471101164234,0.013930656580975054,4.299813614764534e-16,0.2082043279009622,0,1,1,2,False,True,False
20260809,H1,G1_cooling_coarse_001,G1,G1_cooling,cooling,1.5250000000000001,test_diagnostic,True,False,False,0.9866220585328197,0.01989994352135667,0.5032610010270882,0.9885284170271932,6.200433681109592e-05,0.005405037557421279,0.8680884162770688,0.13181074951731458,0.9998991657943834,0.0,0.05917371668486663,0.009690566128926336,4.299813614764534e-16,1.2353364515218506e-12,1,2,1,2,False,True,False
20260809,H2,G1_cooling_coarse_001,G1,G1_cooling,cooling,1.5250000000000001,test_diagnostic,True,False,False,0.9873218081893091,0.020052318808782898,0.503687063499046,0.9886731648940125,6.122196915458084e-05,0.005405037557421279,0.8695470062216896,0.13035215957269383,0.9998991657943834,0.0,0.04327690985223823,0.00675566877359103,4.3547617836602647e-16,1.2964125829956613e-12,2,4,1,2,False,True,False
20260809,S1,G1_cooling_coarse_001,G1,G1_cooling,cooling,1.5250000000000001,test_diagnostic,True,False,False,0.10636701229252708,0.0004179920591919225,0.0533925021758595,0.004826461141093986,0.005431124761158326,0.005405037557421279,8.426954880424997e-05,0.9999834353431877,0.9998991657943834,0.0,0.04067138211179345,0.001346621357510649,6.283359198114924e-16,1.6127288608494974e-14,1,2,1,2,False,True,False
20260809,S2,G1_cooling_coarse_001,G1,G1_cooling,cooling,1.5250000000000001,test_diagnostic,True,False,False,0.068065552489278,0.00021560347922239506,0.034140577984250194,0.003177630027132757,0.005422212767061521,0.005405037557421279,7.081212304049789e-05,0.9999699779174239,0.9998991657943834,0.0,0.02547480480452504,0.0008527452840600506,1.2587373159326528e-15,1.5314637343847295e-14,2,4,1,2,False,True,False
20260809,G1,G1_cooling_coarse_001,G1,G1_cooling,cooling,1.5250000000000001,test_diagnostic,True,False,False,0.14290267575672952,0.00046990064507223563,0.07168628820090088,0.00715988234005574,0.005443736990375998,0.005405037557421279,6.737593025374355e-05,0.9999665417246372,0.9998991657943834,0.0,0.056471504010848536,0.0018540280570893517,1.4627203977173142e-15,1.650784448852397e-14,1,2,1,2,False,True,False
20260809,G2,G1_cooling_coarse_001,G1,G1_cooling,cooling,1.5250000000000001,test_diagnostic,True,False,False,0.0912708845567767,0.00026638586250212815,0.04576863520963942,0.004635177021331936,0.005430090863306874,0.005405037557421279,5.380392269183076e-05,0.9999529697170753,0.9998991657943834,0.0,0.03489739301310565,0.0011855677757298072,4.1897037064006785e-16,1.613035926964262e-14,2,4,1,2,False,True,False
0,A1,G1_cooling_coarse_002,G1,G1_cooling,cooling,1.5,test_diagnostic,True,False,False,0.12749560605579507,0.0008249067909967627,0.06416025642339591,9.873285633518897e-05,0.005321973281747612,0.005321447879998581,0.0001331858625981397,0.9999994278446102,0.999866241982012,0.0,0.045290498326245585,0.001563703443678232,1.0865164630609621e-15,1.6732353531138837e-14,1,2,1,2,False,True,False
0,A2,G1_cooling_coarse_002,G1,G1_cooling,cooling,1.5,test_diagnostic,True,False,False,0.08252311078339696,0.000429909460117547,0.04147651012175725,0.000257317376858557,0.005322817181008152,0.005321447879998581,0.0001304122233378724,0.9999966542053499,0.999866241982012,0.0,0.029246885258745026,0.0009420984347842162,6.518065216165272e-16,1.694696956202971e-14,2,4,1,2,False,True,False
0,R1,G1_cooling_coarse_002,G1,G1_cooling,cooling,1.5,test_diagnostic,True,False,False,0.16689775171388221,0.00012024260171880246,0.08350899715780051,0.008005547218758955,0.0052788467777230876,0.005321447879998581,0.00013092160093264305,0.9999971635829447,0.999866241982012,1.0,0.054629228196673305,0.0020775656862946725,1.0953929579830447e-15,1.6649972961342296e-14,1,2,1,2,False,True,False
0,R2,G1_cooling_coarse_002,G1,G1_cooling,cooling,1.5,test_diagnostic,True,False,False,0.10674668895445039,0.00011136857411828858,0.05342902876428434,0.004926093615026935,0.005295233929574221,0.005321447879998581,0.00012287835822899495,0.999989120340241,0.999866241982012,1.0,0.03610150996967686,0.0012809347559176111,1.7472048754769352e-15,1.6816846926465533e-14,2,4,1,2,False,True,False
20260809,H0,G1_cooling_coarse_002,G1,G1_cooling,cooling,1.5,test_diagnostic,True,False,False,0.9847485959711885,0.019861797500683648,0.5023051967359361,0.9884785872571002,6.131059741529271e-05,0.005321447879998581,0.8650707550763773,0.13479548690563467,0.999866241982012,0.0,0.09614495509784911,0.016966488230730842,8.841882302512606e-16,0.25456550001883615,0,1,1,2,False,True,False
20260809,H1,G1_cooling_coarse_002,G1,G1_cooling,cooling,1.5,test_diagnostic,True,False,False,0.9860303045901114,0.019861797500683648,0.5029460510453976,0.9884785872571002,6.131059741529271e-05,0.005321447879998581,0.8677172002266607,0.13214904175535142,0.999866241982012,0.0,0.07224240161991528,0.01176380518336536,8.841882302512606e-16,1.272346863331564e-12,1,2,1,2,False,True,False
20260809,H2,G1_cooling_coarse_002,G1,G1_cooling,cooling,1.5,test_diagnostic,True,False,False,0.9869334986743901,0.01998303987140927,0.5034582692728997,0.9886611165023765,6.0339277549979154e-05,0.005321447879998581,0.8695471990204416,0.13031904296157035,0.999866241982012,0.0,0.0532539882700966,0.008173896869760772,1.7968431451428225e-15,1.3656007903085452e-12,2,4,1,2,False,True,False
20260809,S1,G1_cooling_coarse_002,G1,G1_cooling,cooling,1.5,test_diagnostic,True,False,False,0.09624136174416256,0.00031027428678303935,0.0482758180154728,0.00428319803380006,0.00534424069509516,0.005321447879998581,0.0001107181945491087,0.9999769601765611,0.999866241982012,0.0,0.03649406782060037,0.001159471205316264,2.3803765990876726e-15,1.6662636193613708e-14,1,2,1,2,False,True,False
20260809,S2,G1_cooling_coarse_002,G1,G1_cooling,cooling,1.5,test_diagnostic,True,False,False,0.0616266141222858,0.00013634905094615983,0.03088148158661598,0.0028651319954763146,0.0053366945305818245,0.005321447879998581,9.258216036422962e-05,0.9999588241423762,0.999866241982012,0.0,0.022944844980314516,0.0007411809927272968,1.3002231745032477e-15,1.711960513095943e-14,2,4,1,2,False,True,False
20260809,G1,G1_cooling_coarse_002,G1,G1_cooling,cooling,1.5,test_diagnostic,True,False,False,0.11593160722143676,0.00033920647475268616,0.05813540684809473,0.0055428780772874475,0.005350944016792053,0.005321447879998581,0.00010049692018154754,0.9999667389021936,0.999866241982012,0.0,0.04480496268940875,0.0014351596372699572,1.5128874822499734e-15,1.642563552157114e-14,1,2,1,2,False,True,False
20260809,G2,G1_cooling_coarse_002,G1,G1_cooling,cooling,1.5,test_diagnostic,True,False,False,0.0741220328801484,0.00016329980194278193,0.03714266634104559,0.0036480613346797624,0.005340860848254117,0.005321447879998581,8.170893587844397e-05,0.9999479509178905,0.999866241982012,0.0,0.02794598682978683,0.0009235383833538937,6.496044458989687e-16,1.6889715593373188e-14,2,4,1,2,False,True,False
0,A1,G1_cooling_coarse_003,G1,G1_cooling,cooling,1.475,test_diagnostic,True,False,False,0.130886573824363,0.0006933000217861647,0.06578993692307458,0.0007849431097222294,0.005233273727051827,0.005237384776144826,0.00017608234763244468,0.9999993499020436,0.9998232675544112,0.0,0.04580930556879269,0.0015452042203678797,2.696783177491151e-15,1.7641456619421327e-14,1,2,1,2,False,True,False
0,A2,G1_cooling_coarse_003,G1,G1_cooling,cooling,1.475,test_diagnostic,True,False,False,0.08477676961062235,0.00031686368260919293,0.04254681664661577,0.00024170194170967282,0.005236118890074951,0.005237384776144826,0.00017273820106922244,0.9999960057554804,0.9998232675544112,0.0,0.02973259570000233,0.0009077804143302991,7.861343640698628e-16,1.729495600953698e-14,2,4,1,2,False,True,False
0,R1,G1_cooling_coarse_003,G1,G1_cooling,cooling,1.475,test_diagnostic,True,False,False,0.15959695680717675,0.00013447346497952228,0.07986571513607814,0.007107507938460648,0.0052001600222716035,0.005237384776144826,0.00017108629915607576,0.9999943538535673,0.9998232675544112,1.0,0.05238415717459637,0.001894108448311807,5.654074622173336e-16,1.752763132873734e-14,1,2,1,2,False,True,False
0,R2,G1_cooling_coarse_003,G1,G1_cooling,cooling,1.475,test_diagnostic,True,False,False,0.10215830400842817,0.00021323128990031733,0.05118576764916424,0.004298109365009791,0.005214873923590318,0.005237384776144826,0.00015800658530618072,0.9999812741397174,0.9998232675544112,1.0,0.03458650555711979,0.001163444127221371,1.1276243009504464e-16,1.7816463955017058e-14,2,4,1,2,False,True,False
20260809,H0,G1_cooling_coarse_003,G1,G1_cooling,cooling,1.475,test_diagnostic,True,False,False,0.9838568685619717,0.019816508115430995,0.5018366883387013,0.9884344013913626,6.057349007987898e-05,0.005237384776144826,0.8642362937305259,0.13558697382388524,0.9998232675544112,0.0,0.11202802718029099,0.019928239171037088,0.0,0.2953093932231506,0,1,1,2,False,True,False
20260809,H1,G1_cooling_coarse_003,G1,G1_cooling,cooling,1.475,test_diagnostic,True,False,False,0.9854352250486524,0.019816508115430995,0.5026258665820417,0.9884344013913626,6.057349007987898e-05,0.005237384776144826,0.8674019184747529,0.13242134907965827,0.9998232675544112,0.0,0.08505140593512295,0.013767638621990881,0.0,1.324522669209349e-12,1,2,1,2,False,True,False
20260809,H2,G1_cooling_coarse_003,G1,G1_cooling,cooling,1.475,test_diagnostic,True,False,False,0.986544058870973,0.019903146250465985,0.5032236025607195,0.988652780545927,5.942975442033712e-05,0.005237384776144826,0.8695793600895398,0.1302439074648713,0.9998232675544112,0.0,0.06315521210660312,0.009532428163683744,1.5460528305616247e-16,1.3291416184338286e-12,2,4,1,2,False,True,False
20260809,S1,G1_cooling_coarse_003,G1,G1_cooling,cooling,1.475,test_diagnostic,True,False,False,0.0878091423687696,0.00019523408808292262,0.04400218822842626,0.003914840504368704,0.005257888302203442,0.005237384776144826,0.00014379680038434373,0.9999670643547955,0.9998232675544112,0.0,0.03308805384056296,0.0010076955501736437,2.0131187283503247e-15,1.6887829332272202e-14,1,2,1,2,False,True,False
20260809,S2,G1_cooling_coarse_003,G1,G1_cooling,cooling,1.475,test_diagnostic,True,False,False,0.05624076390580251,9.336928240197573e-05,0.02816706659410224,0.0026701909992972858,0.005251369593833944,0.005237384776144826,0.00011934712468397723,0.9999426146790952,0.9998232675544112,0.0,0.020866498847326276,0.0006677031294615161,1.6796814024110728e-15,1.7580665345235925e-14,2,4,1,2,False,True,False
20260809,G1,G1_cooling_coarse_003,G1,G1_cooling,cooling,1.475,test_diagnostic,True,False,False,0.08851439428297181,0.00019628048365322585,0.044355337383312515,0.003960020383740775,0.005258124926615853,0.005237384776144826,0.00014341468501566368,0.9999666822394269,0.9998232675544112,0.0,0.03337895646756998,0.0010178813534303006,3.355046891069913e-16,1.632789486987358e-14,1,2,1,2,False,True,False
20260809,G2,G1_cooling_coarse_003,G1,G1_cooling,cooling,1.475,test_diagnostic,True,False,False,0.05668765648445376,9.34213350459378e-05,0.028390538909749848,0.002698195471559347,0.005251516264030634,0.005237384776144826,0.00011892403524205175,0.9999421915896533,0.9998232675544112,0.0,0.021043015606032157,0.0006743418151032209,1.1197563269317416e-15,1.6796344903976143e-14,2,4,1,2,False,True,False
0,A1,G1_cooling_coarse_004,G1,G1_cooling,cooling,1.45,test_diagnostic,True,False,False,0.13796020228459313,0.0005381831307734491,0.06924919270768329,0.0015957428063441753,0.005144574172356033,0.00515279671063959,0.0002318426609472235,0.9999992615479032,0.999767418886956,0.0,0.04758003255803632,0.0015677797844627522,2.674303303848024e-15,1.7208560389978637e-14,1,2,1,2,False,True,False
0,A2,G1_cooling_coarse_004,G1,G1_cooling,cooling,1.45,test_diagnostic,True,False,False,0.08938487346297642,0.00020944448438247186,0.044797158973679446,0.0006748249824363392,0.005149319474689835,0.00515279671063959,0.00022782057936299172,0.999995239466319,0.999767418886956,0.0,0.031023167244040438,0.0008962785142735386,1.2778359608245237e-15,1.754120273495485e-14,2,4,1,2,False,True,False
0,R1,G1_cooling_coarse_004,G1,G1_cooling,cooling,1.45,test_diagnostic,True,False,False,0.1491454162032653,0.0002583600922639516,0.07470188814776463,0.00601434849478328,0.0051218059954990305,0.00515279671063959,0.0002213470013013863,0.9999887658882574,0.999767418886956,1.0,0.049182157584934036,0.0016752670545119356,1.9854458878790503e-15,1.7518640187168088e-14,1,2,1,2,False,True,False
0,R2,G1_cooling_coarse_004,G1,G1_cooling,cooling,1.45,test_diagnostic,True,False,False,0.09555699932413232,0.00035029822569275097,0.04795364877491254,0.003533799551914293,0.005134587759932426,0.00515279671063959,0.00020040364797468957,0.9999678225349307,0.999767418886956,1.0,0.03242380780538124,0.0010441402024202095,1.2815022171554632e-15,1.7125529629259374e-14,2,4,1,2,False,True,False
20260809,H0,G1_cooling_coarse_004,G1,G1_cooling,cooling,1.45,test_diagnostic,True,False,False,0.9829824901068654,0.019760344385523182,0.5013714172461943,0.988399343969463,5.9775822235411996e-05,0.00515279671063959,0.8635375273408923,0.13622989154606374,0.999767418886956,0.0,0.12680643033152697,0.02269138070172099,7.818019144640226e-16,0.33034958846778245,0,1,1,2,False,True,False
20260809,H1,G1_cooling_coarse_004,G1,G1_cooling,cooling,1.45,test_diagnostic,True,False,False,0.984854160584038,0.019760344385523182,0.5023072524847806,0.988399343969463,5.9775822235411996e-05,0.00515279671063959,0.8671743289018394,0.13259308998511657,0.999767418886956,0.0,0.09717582685282239,0.015618420086792074,7.818019144640226e-16,1.3887929208538897e-12,1,2,1,2,False,True,False
20260809,H2,G1_cooling_coarse_004,G1,G1_cooling,cooling,1.45,test_diagnostic,True,False,False,0.9861654836638709,0.019808675269924268,0.5029870794668976,0.9886503488328264,5.848244520111874e-05,0.00515279671063959,0.8696637292727516,0.1301036896142044,0.999767418886956,0.0,0.07264503788202895,0.01077539277071738,6.392735748526773e-16,1.384826381524613e-12,2,4,1,2,False,True,False
20260809,S1,G1_cooling_coarse_004,G1,G1_cooling,cooling,1.45,test_diagnostic,True,False,False,0.0811224586325919,0.0001307206130686877,0.0406265896228303,0.003724708565778277,0.005171989376685423,0.00515279671063959,0.00018419839602679122,0.9999516172829828,0.999767418886956,0.0,0.03045556973944585,0.0009059455379571353,1.0409194970287969e-15,1.8158262337057904e-14,1,2,1,2,False,True,False
20260809,S2,G1_cooling_coarse_004,G1,G1_cooling,cooling,1.45,test_diagnostic,True,False,False,0.051936161987077005,0.00017101751227842983,0.026053589749677718,0.002594770350424824,0.005166167034766124,0.00515279671063959,0.00015131888052555276,0.9999187377674815,0.999767418886956,0.0,0.0192454835477956,0.0006525618767106174,1.3894568369904026e-15,1.841030309012283e-14,2,4,1,2,False,True,False
20260809,G1,G1_cooling_coarse_004,G1,G1_cooling,cooling,1.45,test_diagnostic,True,False,False,0.06393654859444849,0.00013016859163910116,0.03203335859304379,0.0024606115125041907,0.0051654757415473835,0.00515279671063959,0.0001985822587280417,0.999966001145684,0.999767418886956,0.0,0.023422611711015784,0.0006208096318487943,1.273839221740608e-15,1.7602141973142948e-14,1,2,1,2,False,True,False
20260809,G2,G1_cooling_coarse_004,G1,G1_cooling,cooling,1.45,test_diagnostic,True,False,False,0.041100494161898246,0.00020482042921414663,0.020652657295556195,0.0018200679034718725,0.0051621751505457406,0.00515279671063959,0.00016769930687332568,0.9999351181938293,0.999767418886956,0.0,0.014967379772091685,0.00047905388901880216,1.1587760808431318e-16,1.7961029253068542e-14,2,4,1,2,False,True,True
0,A1,G1_cooling_coarse_005,G1,G1_cooling,cooling,1.425,test_diagnostic,True,False,False,0.14878430196625259,0.0003717393494865069,0.07457802065786955,0.0023176014112658706,0.005055874617660237,0.005067619339392973,0.00030400436777278106,0.9999991614111,0.9996951570433272,0.0,0.05055106638688376,0.0016275877809808032,2.2874030801283385e-15,1.8299224641026752e-14,1,2,1,2,False,True,False
0,A2,G1_cooling_coarse_005,G1,G1_cooling,cooling,1.425,test_diagnostic,True,False,False,0.09640757081641152,0.00022564255116216278,0.048316606683786845,0.0010258802242986025,0.005062420568928416,0.005067619339392973,0.0002991779358324509,0.9999943349791597,0.9996951570433272,0.0,0.03310186654251375,0.0009062519272618954,1.9237434600747944e-15,1.7674393039437176e-14,2,4,1,2,False,True,False
0,R1,G1_cooling_coarse_005,G1,G1_cooling,cooling,1.425,test_diagnostic,True,False,False,0.13573011605216528,0.0004398314557254509,0.06808497375394537,0.00473873462732026,0.005043605236151313,0.005067619339392973,0.0002825966775699129,0.9999777537208971,0.9996951570433272,1.0,0.04505411430724179,0.001439291296354687,3.620475088863103e-16,1.9309200473936557e-14,1,2,1,2,False,True,False
0,R2,G1_cooling_coarse_005,G1,G1_cooling,cooling,1.425,test_diagnostic,True,False,False,0.08705115200384568,0.000518821789476481,0.043784986896661084,0.0026433716269004533,0.005054223738215289,0.005067619339392973,0.00024979568233807203,0.9999449527256653,0.9996951570433272,0.0,0.02964118361527395,0.0009623420073961788,2.4085791819989437e-16,1.8184772824092033e-14,2,4,1,2,False,True,False
20260809,H0,G1_cooling_coarse_005,G1,G1_cooling,cooling,1.425,test_diagnostic,True,False,False,0.9821544810470351,0.019688327283290716,0.5009214041651628,0.9883769826231773,5.89010276408874e-05,0.005067619339392973,0.8630247767268038,0.13667038031652345,0.9996951570433272,0.0,0.14016814732761773,0.02514689463161242,3.2293308804948307e-16,0.3596381227051406,0,1,1,2,False,True,False
20260809,H1,G1_cooling_coarse_005,G1,G1_cooling,cooling,1.425,test_diagnostic,True,False,False,0.9843071574986946,0.019688327283290716,0.5019977423909926,0.9883769826231773,5.89010276408874e-05,0.005067619339392973,0.8670659850716352,0.132629171971692,0.9996951570433272,0.0,0.10830510285155945,0.017243577252892044,3.2293308804948307e-16,1.3921645425813224e-12,1,2,1,2,False,True,False
20260809,H2,G1_cooling_coarse_005,G1,G1_cooling,cooling,1.425,test_diagnostic,True,False,False,0.9858115269946536,0.01969472343161899,0.5027531252131363,0.9886560027391411,5.7487059905149716e-05,0.005067619339392973,0.8698198604202876,0.12987529662303965,0.9996951570433272,0.0,0.08145310663028102,0.011854717518937024,6.617520804418734e-16,1.4866260487126683e-12,2,4,1,2,False,True,False
20260809,S1,G1_cooling_coarse_005,G1,G1_cooling,cooling,1.425,test_diagnostic,True,False,False,0.0761662683116165,0.00024314693382691146,0.03820470762272171,0.0037086732595905227,0.005086413483726763,0.005067619339392973,0.00023180982509751757,0.9999269668684247,0.9996951570433272,0.0,0.028577059189319392,0.0008826867130140049,1.4360017858529457e-15,1.866802321608832e-14,1,2,1,2,False,True,False
20260809,S2,G1_cooling_coarse_005,G1,G1_cooling,cooling,1.425,test_diagnostic,True,False,False,0.048697872989544026,0.0003108336075655744,0.024504353298554802,0.002634517901332234,0.005080970073259741,0.005067619339392973,0.00018792118523336399,0.9998830782285606,0.9996951570433272,0.0,0.018072288664449012,0.00071461198950197,2.395900369714283e-16,1.9167202957714263e-14,2,4,1,2,False,True,True
20260809,G1,G1_cooling_coarse_005,G1,G1_cooling,cooling,1.425,test_diagnostic,True,False,False,0.0507274693967735,0.0003057487992936135,0.025516609098033556,0.0011112126815740098,0.005073250542268296,0.005067619339392973,0.00026901874681584115,0.9999641757901431,0.9996951570433272,0.0,0.01793877016557232,0.0003203998998884562,1.5597049040144116e-15,1.8116572346628938e-14,1,2,1,2,False,True,False
20260809,G2,G1_cooling_coarse_005,G1,G1_cooling,cooling,1.425,test_diagnostic,True,False,False,0.032843514569576134,0.0004084411681533025,0.016625977868864716,0.0010599495999856295,0.005072990760484642,0.005067619339392973,0.00023061950143410392,0.9999257765447613,0.9996951570433272,0.0,0.011640874895192685,0.0004412800956205222,1.0798509978244579e-15,1.8237483518813066e-14,2,4,1,2,False,True,True
0,A1,G1_cooling_coarse_006,G1,G1_cooling,cooling,1.4,test_diagnostic,True,False,False,0.1632514713399855,0.0002881006828320246,0.08176978601140876,0.0029302371532486543,0.004967175062964441,0.004981772838825813,0.00039698293926926365,0.9999990479502079,0.9996020650109386,0.0,0.054603390183422446,0.0017187022237802687,1.7461871727765454e-15,1.883387593494706e-14,1,2,1,2,False,True,False
0,A2,G1_cooling_coarse_006,G1,G1_cooling,cooling,1.4,test_diagnostic,True,False,False,0.10579636850319343,0.0004290426271353143,0.05311270556516438,0.001274452000825408,0.004975423808463714,0.004981772838825813,0.00039120344915810623,0.9999932684600967,0.9996020650109386,0.0,0.035909015007200194,0.0009349315686153461,3.7356260838075913e-16,1.9425255635799475e-14,2,4,1,2,False,True,False
0,R1,G1_cooling_coarse_006,G1,G1_cooling,cooling,1.4,test_diagnostic,True,False,False,0.11967668164555122,0.0006688200904192435,0.06017275086798523,0.0032968346517212553,0.0049653487575037685,0.004981772838825813,0.0003542642538389984,0.9999563292647776,0.9996020650109386,1.0,0.040074328638963,0.0012380534755113302,3.7432059387180414e-16,1.9215123818752618e-14,1,2,1,2,False,True,False
0,R2,G1_cooling_coarse_006,G1,G1_cooling,cooling,1.4,test_diagnostic,True,False,False,0.07683099418240508,0.0007172315658331008,0.03877411287411909,0.001643354724348222,0.004973586018895499,0.004981772838825813,0.0003044216642573705,0.999906486675196,0.9996020650109386,0.0,0.02629555141604722,0.0009800657456668714,1.6193694551018288e-15,1.893416593657523e-14,2,4,1,2,False,True,False
20260809,H0,G1_cooling_coarse_006,G1,G1_cooling,cooling,1.4,test_diagnostic,True,False,False,0.9814044039175503,0.019594053087166993,0.5004992285023586,0.9883705993820481,5.7935032130337264e-05,0.004981772838825813,0.8627442163311686,0.13685784867977002,0.9996020650109386,0.0,0.15192750557722512,0.027202352731978456,3.3418041499557864e-16,0.3831335991315144,0,1,1,2,False,True,False
20260809,H1,G1_cooling_coarse_006,G1,G1_cooling,cooling,1.4,test_diagnostic,True,False,False,0.9838158286399563,0.019594053087166993,0.5017049408635617,0.9883705993820481,5.7935032130337264e-05,0.004981772838825813,0.8671049035723897,0.13249716143854892,0.9996020650109386,0.0,0.11821526892614878,0.01858227146964392,3.3418041499557864e-16,1.49579153752021e-12,1,2,1,2,False,True,False
20260809,H2,G1_cooling_coarse_006,G1,G1_cooling,cooling,1.4,test_diagnostic,True,False,False,0.9854968848669835,0.01955539226155101,0.5025261385642673,0.9886716794475658,5.643511963762827e-05,0.004981772838825813,0.8700643636176429,0.1295377013932957,0.9996020650109386,0.0,0.08936303186664012,0.012730581478345568,1.0291864288273499e-15,1.5243966321647777e-12,2,4,1,2,False,True,False
20260809,S1,G1_cooling_coarse_006,G1,G1_cooling,cooling,1.4,test_diagnostic,True,False,False,0.07288663041093114,0.000445340624714489,0.03666598551782282,0.0038489085519757917,0.005000947226909171,0.004981772838825813,0.0002846648822567577,0.9998867298931954,0.9996020650109386,0.0,0.027419367609003764,0.0009706137824552175,1.238853502051558e-16,1.8830573231183682e-14,1,2,1,2,False,True,False
20260809,S2,G1_cooling_coarse_006,G1,G1_cooling,cooling,1.4,test_diagnostic,True,False,False,0.0464886384665463,0.0004769489004213904,0.023482793683483844,0.002773808359898015,0.004995591321973261,0.004981772838825813,0.00022701026620597364,0.9998290752771446,0.9996020650109386,0.0,0.01732769992340188,0.0008545433454108759,1.2401817094966551e-15,1.8726743813399518e-14,2,4,1,2,False,True,True
20260809,G1,G1_cooling_coarse_006,G1,G1_cooling,cooling,1.4,test_diagnostic,True,False,False,0.0583483463167757,0.000581786222576936,0.029465066269676318,3.273206270545228e-06,0.004981756532455719,0.004981772838825813,0.00035834020350378193,0.9999604052144424,0.9996020650109386,0.0,0.02011108097285957,0.00039073324525446944,2.487251613068069e-15,1.8530024517357117e-14,1,2,1,2,False,True,False
20260809,G2,G1_cooling_coarse_006,G1,G1_cooling,cooling,1.4,test_diagnostic,True,False,False,0.037859838270780176,0.0006690714284578751,0.019264454849619025,0.0004765923297995854,0.0049841471135496015,0.004981772838825813,0.0003105193394583594,0.999912584350397,0.9996020650109386,0.0,0.013121414673389625,0.000609966750444395,1.1187263858865655e-15,1.8396833901245742e-14,2,4,1,2,False,True,True
0,A1,G1_cooling_coarse_007,G1,G1_cooling,cooling,1.375,test_diagnostic,True,False,False,0.1811731047341009,0.00047243539372068106,0.09082277006391079,0.0034080871273146408,0.004878475508268651,0.0048951586354001216,0.0005162733137581421,0.9999989194366056,0.9994826461228474,0.0,0.059589423758992066,0.001834521174638483,2.456784333003957e-15,1.9654274664031708e-14,1,2,1,2,False,True,False
0,A2,G1_cooling_coarse_007,G1,G1_cooling,cooling,1.375,test_diagnostic,True,False,False,0.11745177906271302,0.0007412049117512374,0.05909649198723213,0.0013948076942212279,0.004888330830471032,0.0048951586354001216,0.0005093658571050375,0.9999920119799525,0.9994826461228474,0.0,0.039364855401958616,0.000978850634710263,2.5808749800105287e-16,1.987273734608107e-14,2,4,1,2,False,True,False
0,R1,G1_cooling_coarse_007,G1,G1_cooling,cooling,1.375,test_diagnostic,True,False,False,0.10153197609478537,0.0009424916449575862,0.05123723386987148,0.0017164358570136535,0.004886756409592551,0.0048951586354001216,0.00043267096758248247,0.9999153170904299,0.9994826461228474,1.0,0.03439995866401703,0.001187217519356128,1.0326825957284572e-15,1.962096931884071e-14,1,2,1,2,False,True,False
0,R2,G1_cooling_coarse_007,G1,G1_cooling,cooling,1.375,test_diagnostic,True,False,False,0.06521535983532256,0.000938015685557086,0.03307668776043982,0.0005635867038124156,0.0048923997890801575,0.0048951586354001216,0.0003599740214674796,0.9998426201443149,0.9994826461228474,0.0,0.022495284392757782,0.001138951210363978,5.157456985643765e-16,1.9598336545446308e-14,2,4,1,2,False,True,False
20260809,H0,G1_cooling_coarse_007,G1,G1_cooling,cooling,1.375,test_diagnostic,True,False,False,0.9807641214900811,0.01946960911657945,0.5001168653033302,0.9883827631055889,5.6868217503165244e-05,0.0048951586354001216,0.8627321092311205,0.13675053689172686,0.9994826461228474,0.0,0.16200541509203267,0.028788910170370476,1.9065168913113135e-15,0.4007661633533524,0,1,1,2,False,True,False
20260809,H1,G1_cooling_coarse_007,G1,G1_cooling,cooling,1.375,test_diagnostic,True,False,False,0.9834017551900632,0.01946960911657945,0.5014356821533213,0.9883827631055889,5.6868217503165244e-05,0.0048951586354001216,0.8673117995350949,0.1321708465877526,0.9994826461228474,0.0,0.12676659719587077,0.01959004768256254,1.9065168913113135e-15,1.571489877592698e-12,1,2,1,2,False,True,False
20260809,H2,G1_cooling_coarse_007,G1,G1_cooling,cooling,1.375,test_diagnostic,True,False,False,0.9852360702238571,0.019383820686859895,0.5023099454553585,0.9886988095338252,5.532112010079701e-05,0.0048951586354001216,0.8704083976388358,0.1290742484840116,0.9994826461228474,0.0,0.09621870807267437,0.0133745058255476,1.781667357470923e-16,1.6072421231745196e-12,2,4,1,2,False,True,False
20260809,S1,G1_cooling_coarse_007,G1,G1_cooling,cooling,1.375,test_diagnostic,True,False,False,0.07123418595868837,0.0006816750263217737,0.03595793049250507,0.004100845763022659,0.004915232925949426,0.0048951586354001216,0.0003369084220391505,0.9998195545448866,0.9994826461228474,0.0,0.026944596999841964,0.0011773499123028436,1.283374656343457e-16,1.899394491388317e-14,1,2,1,2,False,True,False
20260809,S2,G1_cooling_coarse_007,G1,G1_cooling,cooling,1.375,test_diagnostic,True,False,False,0.04528329365763862,0.0006524543781118874,0.022967874017875253,0.0029766758318399383,0.00490972993580314,0.0048951586354001216,0.0002635238533230666,0.9997461699761705,0.9994826461228474,0.0,0.016990202461682896,0.001050301806661537,5.139252422979963e-16,1.8886752654451364e-14,2,4,1,2,False,True,True
20260809,G1,G1_cooling_coarse_007,G1,G1_cooling,cooling,1.375,test_diagnostic,True,False,False,0.0791896255879266,0.0009293203545560096,0.0400594729712413,0.000780949558095779,0.004891335763426997,0.0048951586354001216,0.0004706697075403943,0.9999533158303878,0.9994826461228474,0.0,0.026845487399522642,0.0006908545631163471,7.737868352061903e-16,1.934467088015476e-14,1,2,1,2,False,True,False
20260809,G2,G1_cooling_coarse_007,G1,G1_cooling,cooling,1.375,test_diagnostic,True,False,False,0.051290299824927804,0.000991668138788472,0.02614098398185814,0.00013990143081944506,0.004895843475097302,0.0048951586354001216,0.000410217630375187,0.9998928637532226,0.9994826461228474,0.0,0.017552932974058265,0.0008965440856138063,7.730743925055349e-16,2.0099934205143925e-14,2,4,1,2,False,True,False
0,A1,G1_cooling_coarse_008,G1,G1_cooling,cooling,1.35,test_headline,True,True,False,0.2023645570596552,0.0008520783823560482,0.10160831772100562,0.003718927093791928,0.004789775953572858,0.004807655273025324,0.000668706902686389,0.9999987739371757,0.9993300670344893,0.0,0.06536420127046255,0.0019688445507314014,2.548618863970154e-15,1.971826173703229e-14,1,2,1,2,False,True,False
0,A2,G1_cooling_coarse_008,G1,G1_cooling,cooling,1.35,test_headline,True,True,False,0.13127710940457024,0.001149884408894685,0.06621349690673246,0.0013545063231773992,0.004801143273558354,0.004807655273025324,0.0006604657433603167,0.9999905327778497,0.9993300670344893,0.0,0.0433888512888167,0.0010346536016074416,9.367417254100576e-16,2.0340677466046984e-14,2,4,1,2,False,True,False
0,R1,G1_cooling_coarse_008,G1,G1_cooling,cooling,1.35,test_headline,True,True,False,0.08229936661665715,0.0012470063651324392,0.041773186490894794,5.611774956449376e-05,0.00480738547823072,0.004807655273025324,0.0005082237756235397,0.9998382908101129,0.9993300670344893,0.0,0.028371259176075022,0.0013996235613389825,2.6729297211429953e-16,1.9779679936458166e-14,1,2,1,2,False,True,False
0,R2,G1_cooling_coarse_008,G1,G1_cooling,cooling,1.35,test_headline,True,True,False,0.05279173825121082,0.0011606883591306573,0.026976213305170738,0.0005402847169370861,0.004810252775693641,0.004807655273025324,0.00040806853857389136,0.9997381355730632,0.9993300670344893,0.0,0.01845875434203859,0.0014073383881424613,2.671336440089923e-16,1.976788965666543e-14,2,4,1,2,False,True,False
20260809,H0,G1_cooling_coarse_008,G1,G1_cooling,cooling,1.35,test_headline,True,True,False,0.9802631164562113,0.019305671005568334,0.49978439373088984,0.988414918476177,5.56970782764357e-05,0.004807655273025324,0.8630091833364757,0.13632088369801362,0.9993300670344893,0.0,0.17042814869851125,0.02986935533972297,2.3431357819294153e-15,0.4123995231519099,0,1,1,2,False,True,False
20260809,H1,G1_cooling_coarse_008,G1,G1_cooling,cooling,1.35,test_headline,True,True,False,0.983084607532678,0.019305671005568334,0.5011951392691232,0.988414918476177,5.56970782764357e-05,0.004807655273025324,0.8676964743180743,0.1316335927164151,0.9993300670344893,0.0,0.13391216545519716,0.020244262280866794,2.3431357819294153e-15,1.5504349227812947e-12,1,2,1,2,False,True,False
20260809,H2,G1_cooling_coarse_008,G1,G1_cooling,cooling,1.35,test_headline,True,True,False,0.9850421102088206,0.01917237452900647,0.5021072423689136,0.9887380707501499,5.41434735424801e-05,0.004807655273025324,0.8708552881785687,0.1284747788559206,0.9993300670344893,0.0,0.10193773909248016,0.013772957059882586,1.2978916651206965e-15,1.644799565897959e-12,2,4,1,2,False,True,False
20260809,S1,G1_cooling_coarse_008,G1,G1_cooling,cooling,1.35,test_headline,True,True,False,0.0712136697042293,0.0009170062449442775,0.03606533797458678,0.004364297430491937,0.004828637310580079,0.004807655273025324,0.0003749053256778545,0.9997049723601672,0.9993300670344893,0.0,0.027113325845960913,0.0014654463788162575,7.983496812402196e-16,1.96926254705921e-14,1,2,1,2,False,True,False
20260809,S2,G1_cooling_coarse_008,G1,G1_cooling,cooling,1.35,test_headline,True,True,False,0.04511451477167031,0.0008073535443442485,0.02296093415800728,0.0031696966460838744,0.00482289408181976,0.004807655273025324,0.0002872000322348134,0.9996172670667242,0.9993300670344893,0.0,0.017042955515767986,0.001257337725459485,9.32517106474995e-16,2.0382159612953462e-14,2,4,1,2,False,True,True
20260809,G1,G1_cooling_coarse_008,G1,G1_cooling,cooling,1.35,test_headline,True,True,False,0.101641604379707,0.0013571399909721473,0.05149937218533957,0.0011080659536442077,0.004802328073900426,0.004807655273025324,0.000610255268321036,0.9999403223028104,0.9993300670344893,0.0,0.03392567185290895,0.0010170590540043215,2.675744623860647e-16,2.0335659141340916e-14,1,2,1,2,False,True,False
20260809,G2,G1_cooling_coarse_008,G1,G1_cooling,cooling,1.35,test_headline,True,True,False,0.06578889609487469,0.001385458339014632,0.03358717721694466,0.00012618571781407414,0.004808261930456953,0.004807655273025324,0.000531867996861779,0.9998619350313511,0.9993300670344893,0.0,0.022266506824455863,0.0012612422556978929,5.344884996534681e-16,1.977607448717833e-14,2,4,1,2,False,True,False
0,A1,G1_cooling_coarse_009,G1,G1_cooling,cooling,1.325,test_diagnostic,True,False,False,0.22669836030544804,0.0013662196575394085,0.11403228998149373,0.0038220203425450862,0.0047010763988770635,0.004719112944549901,0.0008627933078897421,0.9999986092968696,0.9991358159889798,0.0,0.07180175039959508,0.002116395481156834,2.367205679577458e-15,2.1444098509113497e-14,1,2,1,2,False,True,False
0,A2,G1_cooling_coarse_009,G1,G1_cooling,cooling,1.325,test_diagnostic,True,False,False,0.14721347213762,0.001669486940596516,0.07444147953910826,0.0011125325633801254,0.004713862777728821,0.004719112944549901,0.000852976399520422,0.9999887923885002,0.9991358159889798,0.0,0.04791049245677882,0.0010997009325492818,1.944175570302165e-15,2.12470615897308e-14,2,4,1,2,False,True,False
0,R1,G1_cooling_coarse_009,G1,G1_cooling,cooling,1.325,test_diagnostic,True,False,False,0.06414451959764728,0.0015401485921929326,0.03284233409492011,0.0015535589843715565,0.004726444364863171,0.004719112944549901,0.0005608445279019492,0.9996966605168818,0.9991358159889798,0.0,0.02277741321891572,0.0018141462587778394,0.0,2.0775002789957594e-14,1,2,1,2,False,True,False
0,R2,G1_cooling_coarse_009,G1,G1_cooling,cooling,1.325,test_diagnostic,True,False,False,0.040862085643928334,0.0013419954148610512,0.021102040529394694,0.0015656649916931892,0.004726501494479029,0.004719112944549901,0.00043410171901658856,0.9995699177079964,0.9991358159889798,0.0,0.014677838799891358,0.0016938321340304874,1.8004784790004595e-15,1.9805263269005053e-14,2,4,1,2,False,True,True
20260809,H0,G1_cooling_coarse_009,G1,G1_cooling,cooling,1.325,test_diagnostic,True,False,False,0.9799257754534118,0.019091889354798726,0.49950883240410526,0.9884670820279398,5.4425142490381956e-05,0.004719112944549901,0.8635762426281237,0.13555957336085608,0.9991358159889798,0.0,0.17733775368420146,0.030443636814362757,7.51735092562874e-16,0.4177896015171558,0,1,1,2,False,True,False
20260809,H1,G1_cooling_coarse_009,G1,G1_cooling,cooling,1.325,test_diagnostic,True,False,False,0.982880277408886,0.019091889354798726,0.5009860833818424,0.9884670820279398,5.4425142490381956e-05,0.004719112944549901,0.8682550259968393,0.13088078999214042,0.9991358159889798,0.0,0.1397120328619953,0.02054796281694239,7.51735092562874e-16,1.6410377070647553e-12,1,2,1,2,False,True,False
20260809,H2,G1_cooling_coarse_009,G1,G1_cooling,cooling,1.325,test_diagnostic,True,False,False,0.9849252730711158,0.01891309751722488,0.5019191852941703,0.9887892089981467,5.290498893548936e-05,0.004719112944549901,0.8713986855997845,0.12773713038919532,0.9991358159889798,0.0,0.10652738535375683,0.01392995445332571,9.666689841302875e-16,1.728790811218608e-12,2,4,1,2,False,True,False
20260809,S1,G1_cooling_coarse_009,G1,G1_cooling,cooling,1.325,test_diagnostic,True,False,False,0.0729475453099627,0.0010776023032461886,0.03701257380660444,0.004418290642316738,0.004739963357112842,0.004719112944549901,0.0003699065810708335,0.9995057225700507,0.9991358159889798,0.0,0.02788116401894108,0.0017384225550564013,2.7620999705061395e-16,2.030143478322013e-14,1,2,1,2,False,True,False
20260809,S2,G1_cooling_coarse_009,G1,G1_cooling,cooling,1.325,test_diagnostic,True,False,False,0.04614059144371298,0.0008800713132674763,0.023510331378490228,0.003209117641386886,0.004734257133151953,0.004719112944549901,0.00027880188576379084,0.9994146178747436,0.9991358159889798,0.0,0.017482960104452393,0.0013957659532349304,2.765429143508531e-16,2.1017261490664834e-14,2,4,1,2,False,True,True
20260809,G1,G1_cooling_coarse_009,G1,G1_cooling,cooling,1.325,test_diagnostic,True,False,False,0.11941984413780778,0.0018790561406496352,0.060649450139228706,0.0008696106849103897,0.004715009153510022,0.004719112944549901,0.000780380474546094,0.9999161964635259,0.9991358159889798,0.0,0.03934735180908286,0.0013785041264507813,1.1106873579776803e-15,2.151956756081758e-14,1,2,1,2,False,True,False
20260809,G2,G1_cooling_coarse_009,G1,G1_cooling,cooling,1.325,test_diagnostic,True,False,False,0.07733547879606695,0.0018581356809074265,0.039596807238487186,0.0005078263468694893,0.004721509434436996,0.004719112944549901,0.0006755246617140553,0.9998113406506939,0.9991358159889798,0.0,0.02592121786197595,0.0017199133720224196,1.1091582326102216e-15,2.079671686144168e-14,2,4,1,2,False,True,False
0,A1,G1_cooling_coarse_010,G1,G1_cooling,cooling,1.3,test_diagnostic,True,False,False,0.2541291080598343,0.0020219227205957938,0.12807551539021506,0.0036655287944095164,0.004612376844181263,0.004629345844674196,0.0011091991790581623,0.9999984231215204,0.9988892239424623,0.0,0.0787997382804611,0.0022729179905265615,7.232727934577412e-16,2.1842838362423805e-14,1,2,1,2,False,True,False
0,A2,G1_cooling_coarse_010,G1,G1_cooling,cooling,1.3,test_diagnostic,True,False,False,0.16525758446374547,0.0023235401527897876,0.08379056230826763,0.000616687624236186,0.004626490984383476,0.004629345844674196,0.0010975216690123357,0.9999867456114746,0.9988892239424623,0.0,0.05287292983923532,0.0011724243811110549,0.0,2.1631988665911153e-14,2,4,1,2,False,True,False
0,R1,G1_cooling_coarse_010,G1,G1_cooling,cooling,1.3,test_diagnostic,True,False,False,0.05219797747728239,0.0017246340843537005,0.026961305780818044,0.0028281010913159843,0.004642438102709598,0.004629345844674196,0.0005527098252794405,0.9994419337677417,0.9988892239424623,0.0,0.019404111758798567,0.0022222620869439464,1.4371787456352685e-15,2.1557681184529027e-14,1,2,1,2,False,True,False
0,R2,G1_cooling_coarse_010,G1,G1_cooling,cooling,1.3,test_diagnostic,True,False,False,0.032716263988222194,0.0014025499592272735,0.017059406973724732,0.0023282881730795073,0.004640124295853446,0.004629345844674196,0.00041419402209752487,0.9993034179645598,0.9988892239424623,0.0,0.012292933585500083,0.0018688221749747988,7.189476987829692e-16,2.185601004300226e-14,2,4,1,2,False,True,True
20260809,H0,G1_cooling_coarse_010,G1,G1_cooling,cooling,1.3,test_diagnostic,True,False,False,0.9797691120953627,0.018817675811973755,0.49929339395366823,0.9885377178767447,5.306286811777523e-05,0.004629345844674196,0.864411908455919,0.13447731548654326,0.9988892239424623,0.0,0.18300984939417428,0.030549112101488238,3.339912850629631e-15,0.41654084169849154,0,1,1,2,False,True,False
20260809,H1,G1_cooling_coarse_010,G1,G1_cooling,cooling,1.3,test_diagnostic,True,False,False,0.9827993558366191,0.018817675811973755,0.5008085158242964,0.9885377178767447,5.306286811777523e-05,0.004629345844674196,0.8689683939827789,0.12992082995968335,0.9988892239424623,0.0,0.14434944786862133,0.020530403408755584,3.339912850629631e-15,1.7120000341403942e-12,1,2,1,2,False,True,False
20260809,H2,G1_cooling_coarse_010,G1,G1_cooling,cooling,1.3,test_diagnostic,True,False,False,0.9848920559612339,0.018598572558045975,0.5017453142596399,0.988850964582726,5.161274078108269e-05,0.004629345844674196,0.8720215521759495,0.12686767176651284,0.9988892239424623,0.0,0.1100995550573578,0.013867504904002282,1.0099270772600316e-15,1.759090983171525e-12,2,4,1,2,False,True,False
20260809,S1,G1_cooling_coarse_010,G1,G1_cooling,cooling,1.3,test_diagnostic,True,False,False,0.0767837996305826,0.001006609820026877,0.038895204725304736,0.0037762963299689486,0.004646827626397596,0.004629345844674196,0.0002642767328548956,0.9991535006753172,0.9988892239424623,0.0,0.02919369216636548,0.0018214269293389737,0.0,2.1680899308963818e-14,1,2,1,2,False,True,False
20260809,S2,G1_cooling_coarse_010,G1,G1_cooling,cooling,1.3,test_diagnostic,True,False,False,0.04876214848552788,0.0007564113207509454,0.024759279903139413,0.0028170100700185383,0.004642386758536242,0.004629345844674196,0.0002038212353128177,0.9990930451777751,0.9988892239424623,0.0,0.01834149892203502,0.0013382975955125549,1.4371946406389613e-16,2.1989078001776106e-14,2,4,1,2,False,True,True
20260809,G1,G1_cooling_coarse_010,G1,G1_cooling,cooling,1.3,test_diagnostic,True,False,False,0.1286348604967013,0.002507392536337491,0.0655711265165194,3.135286857329177e-05,0.004629490987946044,0.004629345844674196,0.0009805525119856995,0.999869776454448,0.9988892239424623,0.0,0.04204574888735204,0.0018650247079164842,1.5853178513933953e-15,2.1041491482130522e-14,1,2,1,2,False,True,False
20260809,G2,G1_cooling_coarse_010,G1,G1_cooling,cooling,1.3,test_diagnostic,True,False,False,0.08341077429495428,0.0024087300117363116,0.0429097521533453,0.0013331218767897396,0.004635517326894957,0.004629345844674196,0.000836145716339276,0.9997253696588015,0.9988892239424623,0.0,0.027766201498907656,0.0023077092635302486,5.757297750075051e-16,2.1302001675277687e-14,2,4,1,2,False,True,False
0,A1,G1_cooling_coarse_011,G1,G1_cooling,cooling,1.275,test_diagnostic,True,False,False,0.284702914731177,0.002845263789008806,0.14377408926009289,0.0031827140702138995,0.0045236772894854775,0.004538120830505057,0.0014214594575699957,0.9999982127613747,0.9985767533038047,0.0,0.0862778795687841,0.0024350608451832348,2.7068922263110435e-15,2.180552071195013e-14,1,2,1,2,False,True,False
0,A2,G1_cooling_coarse_011,G1,G1_cooling,cooling,1.275,test_diagnostic,True,False,False,0.18547021458788818,0.0031424502588967766,0.09430633242339248,0.00020023835879082638,0.0045390295363721515,0.004538120830505057,0.001407585995608196,0.9999843392994129,0.9985767533038047,0.0,0.05823256968169211,0.0012525232788232247,1.1989941208676202e-15,2.2331265501159452e-14,2,4,1,2,False,True,False
0,R1,G1_cooling_coarse_011,G1,G1_cooling,cooling,1.275,test_diagnostic,True,False,False,0.05467364649482351,0.0016156620158777708,0.028144654255350638,0.003178414035591601,0.004552544857447945,0.004538120830505057,0.0004163790484310592,0.9989931323522357,0.9985767533038047,0.0,0.02074798499053212,0.0023546305210319545,1.3448639467236759e-15,2.3012116421716235e-14,1,2,1,2,False,True,False
0,R2,G1_cooling_coarse_011,G1,G1_cooling,cooling,1.275,test_diagnostic,True,False,False,0.03420300973973099,0.0012134978574480097,0.0177082537985895,0.002503886865732989,0.004549483771647668,0.004538120830505057,0.0003102153362172233,0.9988869686400219,0.9985767533038047,0.0,0.013030096637635156,0.0017744709029069486,1.4952986980827488e-15,2.1382771382583304e-14,2,4,1,2,False,True,True
20260809,H0,G1_cooling_coarse_011,G1,G1_cooling,cooling,1.275,test_diagnostic,True,False,False,0.9798012581153172,0.0184734798912813,0.49913736900329925,0.9886238052949538,5.162654616285199e-05,0.004538120830505057,0.8654726388103969,0.13310411449340775,0.9985767533038047,0.0,0.18786962068041263,0.030253806973981556,1.441235894618544e-15,0.4080733661661506,0,1,1,2,False,True,False
20260809,H1,G1_cooling_coarse_011,G1,G1_cooling,cooling,1.275,test_diagnostic,True,False,False,0.9828461788139453,0.0184734798912813,0.5006598293526133,0.9886238052949538,5.162654616285199e-05,0.004538120830505057,0.8698022384752226,0.12877451482858204,0.9985767533038047,0.0,0.14814197377801175,0.02024297159435442,1.441235894618544e-15,1.863723902583866e-12,1,2,1,2,False,True,False
20260809,H2,G1_cooling_coarse_011,G1,G1_cooling,cooling,1.275,test_diagnostic,True,False,False,0.984944580440907,0.01822340636821948,0.5015839934045633,0.9889211040252497,5.02773686020129e-05,0.004538120830505057,0.8726959142322106,0.12588083907159414,0.9985767533038047,0.0,0.11287905850351933,0.013623043185339112,2.1141585884743016e-16,1.8018973649566482e-12,2,4,1,2,False,True,False
20260809,S1,G1_cooling_coarse_011,G1,G1_cooling,cooling,1.275,test_diagnostic,True,False,False,0.0834799082194173,0.0006568397872835361,0.042068374003350416,0.001380536817475737,0.0045443858733937225,0.004538120830505057,5.524041633930832e-05,0.9985215128874654,0.9985767533038047,0.0,0.03098092141123863,0.0017613531236921067,4.490928378588397e-16,2.170615382984392e-14,1,2,1,2,False,True,False
20260809,S2,G1_cooling_coarse_011,G1,G1_cooling,cooling,1.275,test_diagnostic,True,False,False,0.05381875274648701,0.00041700904865353756,0.027117880897570272,0.001453040955757399,0.004544714905933956,0.004538120830505057,9.37053274752131e-07,0.9985776903570794,0.9985767533038047,0.0,0.019726057612227343,0.001076856450339065,1.4968677467119034e-16,2.260270297534974e-14,2,4,1,2,False,True,False
20260809,G1,G1_cooling_coarse_011,G1,G1_cooling,cooling,1.275,test_diagnostic,True,False,False,0.12655705699590217,0.0032408570238251226,0.06489895700986364,0.001634685401264679,0.0045455392303758585,0.004538120830505057,0.0011995185982807133,0.9997762719020854,0.9985767533038047,0.0,0.041337369809416276,0.0026096450021487133,4.489788878225688e-16,2.2448944391128454e-14,1,2,1,2,False,True,False
20260809,G2,G1_cooling_coarse_011,G1,G1_cooling,cooling,1.275,test_diagnostic,True,False,False,0.08220628790713261,0.0030113668066545606,0.042608827356893586,0.002586154261600623,0.004549857111030526,0.004538120830505057,0.0009976043943986657,0.9995743576982034,0.9985767533038047,0.0,0.02730617592302818,0.003038514844749788,1.9437288013860964e-15,2.2427640015993458e-14,2,4,1,2,False,True,False
0,A1,G1_cooling_coarse_012,G1,G1_cooling,cooling,1.25,test_diagnostic,True,False,False,0.31856287474906725,0.0038727051405339327,0.1612177899448006,0.0022860608603554357,0.004434977734789682,0.004445139594435337,0.0018170973667569479,0.9999979752958945,0.9981808779291376,0.0,0.09417408960910777,0.002600194000456438,2.033958818850119e-15,2.3155838860755253e-14,1,2,1,2,False,True,False
0,A2,G1_cooling_coarse_012,G1,G1_cooling,cooling,1.25,test_diagnostic,True,False,False,0.207982710687697,0.004164199012095754,0.10607345484989637,0.001426385725729855,0.004451480078101716,0.004445139594435337,0.0018006330125073244,0.9999815109416449,0.9981808779291376,0.0,0.06395705635323617,0.0013410975443885022,0.0,2.1511212943528244e-14,2,4,1,2,False,True,False
0,R1,G1_cooling_coarse_012,G1,G1_cooling,cooling,1.25,test_diagnostic,True,False,False,0.07289787105207944,0.001023423172828941,0.03696064711245419,0.0014605624258375984,0.004451631998304572,0.004445139594435337,3.275589736861928e-05,0.9982136338265062,0.9981808779291376,0.0,0.027038680735868906,0.002188700004301842,6.234921401005244e-16,2.3069209183719413e-14,1,2,1,2,False,True,False
0,R2,G1_cooling_coarse_012,G1,G1_cooling,cooling,1.25,test_diagnostic,True,False,False,0.04677513947819899,0.0006656803063537772,0.023720409892276383,0.001519306177516648,0.004451893122481086,0.004445139594435337,5.924505166554628e-05,0.9982401229808031,0.9981808779291376,0.0,0.017199392930854002,0.001389482668247177,1.091047246441548e-15,2.2444400498226133e-14,2,4,1,2,False,True,True
20260809,H0,G1_cooling_coarse_012,G1,G1_cooling,cooling,1.25,test_diagnostic,True,False,False,0.9800204664217984,0.018052779132637073,0.4990366227772177,0.9887210015729869,5.013672249348977e-05,0.004445139594435337,0.8666936778857915,0.131487200043346,0.9981808779291376,0.0,0.19247924202401942,0.029641807856986745,1.513743784983951e-15,0.3916697245443458,0,1,1,2,False,True,False
20260809,H1,G1_cooling_coarse_012,G1,G1_cooling,cooling,1.25,test_diagnostic,True,False,False,0.9830182514740569,0.018052779132637073,0.500535515303347,0.9887210015729869,5.013672249348977e-05,0.004445139594435337,0.8707071480488809,0.12747372988025665,0.9981808779291376,0.0,0.15152753575140637,0.01974969342980233,1.513743784983951e-15,1.934564557209489e-12,1,2,1,2,False,True,False
20260809,H2,G1_cooling_coarse_012,G1,G1_cooling,cooling,1.25,test_diagnostic,True,False,False,0.9850802556398104,0.01778677014931289,0.5014335128945616,0.9889964890853613,4.8912142044461834e-05,0.004445139594435337,0.8733826228985243,0.12479825503061329,0.9981808779291376,0.0,0.11519054235406866,0.013243237684904909,4.4332639183945314e-16,1.919159950272993e-12,2,4,1,2,False,True,False
20260809,S1,G1_cooling_coarse_012,G1,G1_cooling,cooling,1.25,test_diagnostic,True,False,False,0.09446527826259724,0.0024343925190007825,0.04844983539079901,0.004979707324310985,0.004423004100239342,0.004445139594435337,0.0008162209985437263,0.9973646569305938,0.9981808779291376,0.0,0.033120445932446695,0.0037724068661407466,1.0981734637035992e-15,2.3218524661161842e-14,1,2,1,2,False,True,False
20260809,S2,G1_cooling_coarse_012,G1,G1_cooling,cooling,1.25,test_diagnostic,True,False,False,0.06289561045498612,0.001610697587719764,0.032253154021352946,0.0019709213565953245,0.004436378573875617,0.004445139594435337,0.0004453472530074887,0.9977355306761301,0.9981808779291376,0.0,0.021879090877101697,0.002049702414688601,6.25635868387617e-16,2.3461345064535637e-14,2,4,1,2,False,True,False
20260809,G1,G1_cooling_coarse_012,G1,G1_cooling,cooling,1.25,test_diagnostic,True,False,False,0.11168111141253098,0.004027774673903309,0.057854443043217144,0.003824698236535313,0.004462140912003327,0.004445139594435337,0.001398426257474994,0.9995793041866126,0.9981808779291376,0.0,0.03686801416364437,0.0036807542814639655,6.220237362062093e-16,2.2703866371526648e-14,1,2,1,2,False,True,False
20260809,G2,G1_cooling_coarse_012,G1,G1_cooling,cooling,1.25,test_diagnostic,True,False,False,0.0726287201661514,0.0035774665077752945,0.03810309333696335,0.004101350375542079,0.004463370669380311,0.004445139594435337,0.0011212754161529226,0.9993021533452905,0.9981808779291376,0.0,0.024273672402554503,0.0038280973833277406,1.0882416210817265e-15,2.2542147865264358e-14,2,4,1,2,False,True,False
0,A1,G1_cooling_coarse_013,G1,G1_cooling,cooling,1.225,test_diagnostic,True,False,False,0.355958840587036,0.005151213017286123,0.18055502680216104,0.0008576610973155119,0.004346278180093886,0.004350009013597821,0.0023194920782468875,0.9999977075204753,0.9976782154422285,0.0,0.10244041621931067,0.002766229007926323,1.7920054950942966e-15,2.4110619388541492e-14,1,2,1,2,False,True,False
0,A2,G1_cooling_coarse_013,G1,G1_cooling,cooling,1.225,test_diagnostic,True,False,False,0.23300759529813278,0.005436402093145421,0.1192219986956391,0.0031805088378255297,0.0043638442557101895,0.004350009013597821,0.0022999715781576446,0.9999781870203861,0.9976782154422285,0.0,0.07002295504775313,0.0014407620428757812,1.6225381953798658e-16,2.4500326750235976e-14,2,4,1,2,False,True,False
0,R1,G1_cooling_coarse_013,G1,G1_cooling,cooling,1.225,test_diagnostic,True,False,False,0.10095096876311994,0.00185777018157925,0.051404369472349595,0.004375308571259061,0.004330976381875572,0.004350009013597821,0.0008191176694384295,0.99685909777279,0.9976782154422285,0.0,0.03634845130389523,0.0037355054987381884,8.174258364937695e-16,2.4195804760215572e-14,1,2,1,2,False,True,False
0,R2,G1_cooling_coarse_013,G1,G1_cooling,cooling,1.225,test_diagnostic,True,False,False,0.06670661020656063,0.0013673508927410636,0.03403698054965085,0.0016885509875415022,0.004342663801582096,0.004350009013597821,0.0004555073683818467,0.9972227080738466,0.9976782154422285,0.0,0.023633346915722494,0.0020761816507011616,1.6304517934359257e-16,2.3804596184164516e-14,2,4,1,2,False,True,False
20260809,H0,G1_cooling_coarse_013,G1,G1_cooling,cooling,1.225,test_diagnostic,True,False,False,0.9804130624010217,0.017556858505414198,0.49898496045321794,0.988823661348017,4.8617173875147806e-05,0.004350009013597821,0.8679873818264892,0.12969083361573927,0.9976782154422285,0.0,0.19742259058488987,0.02878912768200022,5.68898117296634e-16,0.3668490825492265,0,1,1,2,False,True,False
20260809,H1,G1_cooling_coarse_013,G1,G1_cooling,cooling,1.225,test_diagnostic,True,False,False,0.9833049761090473,0.017556858505414198,0.5004309173072308,0.988823661348017,4.8617173875147806e-05,0.004350009013597821,0.871616652649492,0.12606156279273653,0.9976782154422285,0.0,0.15496929278859548,0.019110661927064395,5.68898117296634e-16,1.9962634935938883e-12,1,2,1,2,False,True,False
20260809,H2,G1_cooling_coarse_013,G1,G1_cooling,cooling,1.225,test_diagnostic,True,False,False,0.9852909692621679,0.017297848683304574,0.5012944089727362,0.9890730198859206,4.753246198764968e-05,0.004350009013597821,0.8740293066224579,0.1236489088197705,0.9976782154422285,0.0,0.11738376169153192,0.012772811674144634,1.163761249860826e-16,2.05636612850408e-12,2,4,1,2,False,True,False
20260809,S1,G1_cooling_coarse_013,G1,G1_cooling,cooling,1.225,test_diagnostic,True,False,False,0.11208455341820703,0.00779150470204954,0.05993802906012828,0.019542087047382656,0.004265000758797193,0.004350009013597821,0.0025236725860794396,0.995154542856149,0.9976782154422285,0.0,0.03519420300554877,0.010545037346908847,3.320282637218396e-16,2.5068133910998894e-14,1,2,1,2,False,True,False
20260809,S2,G1_cooling_coarse_013,G1,G1_cooling,cooling,1.225,test_diagnostic,True,False,False,0.07881932310461631,0.004997327004291145,0.04190832505445373,0.009858378276433963,0.004307124979235876,0.004350009013597821,0.0013978284223545856,0.9962803870198739,0.9976782154422285,0.0,0.025165941987891467,0.005845722698680795,4.931714787274376e-16,2.416540245764445e-14,2,4,1,2,False,True,False
20260809,G1,G1_cooling_coarse_013,G1,G1_cooling,cooling,1.225,test_diagnostic,True,False,False,0.08458983375653009,0.004656669350131165,0.04462325155333063,0.006036845420824015,0.004376269345592102,0.004350009013597821,0.001471569112907245,0.9991497845551357,0.9976782154422285,0.0,0.028919482366180038,0.0048450762378290544,0.0,2.4592558650166107e-14,1,2,1,2,False,True,False
20260809,G2,G1_cooling_coarse_013,G1,G1_cooling,cooling,1.225,test_diagnostic,True,False,False,0.054752156174191234,0.003872735991445746,0.02931244608281849,0.005372253777772881,0.004373378365954468,0.004350009013597821,0.0011250880308539823,0.9988033034730824,0.9976782154422285,0.0,0.01880311594012357,0.0043608646915431456,0.0,2.396121492088098e-14,2,4,1,2,False,True,False
0,A1,G1_cooling_coarse_014,G1,G1_cooling,cooling,1.2,test_diagnostic,True,False,False,0.3972692334341752,0.006741487153670512,0.20200536029392285,0.0012675347855616817,0.004257578625398092,0.0042521888281436436,0.002961184822731555,0.9999974059358117,0.9970362211130801,0.0,0.11103952842032212,0.0029314680614986348,1.8674501708860276e-15,2.5125693208284777e-14,1,2,1,2,False,True,False
0,A2,G1_cooling_coarse_014,G1,G1_cooling,cooling,1.2,test_diagnostic,True,False,False,0.26085957204512544,0.0070200766913556265,0.13393982436824053,0.005628839672730585,0.00427612371731544,0.0042521888281436436,0.0029380600059034645,0.9999742811189836,0.9970362211130801,0.0,0.07641367601183778,0.001555732159420526,3.38063861621593e-16,2.4171566105943895e-14,2,4,1,2,False,True,False
0,R1,G1_cooling_coarse_014,G1,G1_cooling,cooling,1.2,test_diagnostic,True,False,False,0.13530040849544742,0.00594000079376291,0.07062020464460517,0.017611624002154574,0.0041773008773162154,0.0042521888281436436,0.0025961657534662175,0.9944400553596139,0.9970362211130801,0.0,0.04708360799459974,0.009391391897410256,6.921229468996707e-16,2.5262487561837994e-14,1,2,1,2,False,True,False
0,R2,G1_cooling_coarse_014,G1,G1_cooling,cooling,1.2,test_diagnostic,True,False,False,0.09241095716600901,0.004414618860073065,0.04841278801304104,0.00927756926985491,0.004212738851742038,0.0042521888281436436,0.0014991467018972138,0.9955370744111829,0.9970362211130801,0.0,0.031494880146254824,0.005517330206637226,1.201026295796486e-15,2.4535251471271073e-14,2,4,1,2,False,True,False
20260809,H0,G1_cooling_coarse_014,G1,G1_cooling,cooling,1.2,test_diagnostic,True,False,False,0.9809483955301166,0.017014694657181972,0.4989815450936493,0.988924559469416,4.709486449091821e-05,0.0042521888281436436,0.8692364599144802,0.1277997611985999,0.9970362211130801,0.0,0.20295037038135047,0.027727606980099687,9.592360230475001e-16,0.3345050675249444,0,1,1,2,False,True,False
20260809,H1,G1_cooling_coarse_014,G1,G1_cooling,cooling,1.2,test_diagnostic,True,False,False,0.9836844040701759,0.017014694657181972,0.5003495493636789,0.988924559469416,4.709486449091821e-05,0.0042521888281436436,0.8724411816043643,0.12459503950871573,0.9970362211130801,0.0,0.1586719028874417,0.018355655059016016,9.592360230475001e-16,2.1621179959490652e-12,1,2,1,2,False,True,False
20260809,H2,G1_cooling_coarse_014,G1,G1_cooling,cooling,1.2,test_diagnostic,True,False,False,0.9855609606122266,0.016792809280752323,0.5011768849464895,0.9891453420533921,4.6156055253886674e-05,0.0042521888281436436,0.8745650555622918,0.12247116555078832,0.9970362211130801,0.0,0.11961841002068026,0.012235977382885755,1.835150215058671e-15,2.225792524170831e-12,2,4,1,2,False,True,False
20260809,S1,G1_cooling_coarse_014,G1,G1_cooling,cooling,1.2,test_diagnostic,True,False,False,0.13935069676404485,0.018718366867393896,0.07903453181571937,0.04905643605608514,0.004043591598797415,0.0042521888281436436,0.006523550160475122,0.990512670952605,0.9970362211130801,0.0,0.035367361210691034,0.02403389459169372,2.5025327185715003e-15,2.609784120796e-14,1,2,1,2,False,True,False
20260809,S2,G1_cooling_coarse_014,G1,G1_cooling,cooling,1.2,test_diagnostic,True,False,False,0.10653748342263047,0.012107100678086135,0.059322292050358306,0.02831717280262882,0.004131778862307692,0.0042521888281436436,0.003698390167089727,0.9933378309459904,0.9970362211130801,0.0,0.029423584359768863,0.014360547097967191,1.74937108788046e-16,2.4491195230326443e-14,2,4,1,2,False,True,False
20260809,G1,G1_cooling_coarse_014,G1,G1_cooling,cooling,1.2,test_diagnostic,True,False,False,0.05303698400228035,0.004467032969023682,0.028752008485652018,0.006363625938519847,0.004279248167265903,0.0042521888281436436,0.0011556668859880048,0.9981918879990681,0.9970362211130801,0.0,0.02009204781396929,0.0051556177934787475,1.6890851384893668e-16,2.516736856349157e-14,1,2,1,2,False,True,False
20260809,G2,G1_cooling_coarse_014,G1,G1_cooling,cooling,1.2,test_diagnostic,True,False,False,0.03298819703602196,0.00335432323182905,0.018171260133925504,0.005107547750810028,0.004273907085628848,0.0042521888281436436,0.0008420232289523266,0.9978782443420324,0.9970362211130801,0.0,0.012526129651536861,0.003941392519342401,6.764783921055403e-16,2.502970050790501e-14,2,4,1,2,False,True,True
0,A1,G1_cooling_coarse_015,G1,G1_cooling,cooling,1.175,test_diagnostic,True,False,False,0.4430470272252153,0.008724787939273481,0.2258859075822444,0.004333166384037323,0.0041688790707022985,0.004150892562586349,0.0037901610905592964,0.9999970667407205,0.9962069056501612,0.0,0.11994193173251594,0.0030944846688923805,1.593623060351976e-15,2.620624588134365e-14,1,2,1,2,False,True,False
0,A2,G1_cooling_coarse_015,G1,G1_cooling,cooling,1.175,test_diagnostic,True,False,False,0.29199778599961534,0.008996653004545385,0.15049721950208036,0.009016747650322192,0.004188320113346789,0.004150892562586349,0.0037627861159357234,0.999969691766097,0.9962069056501612,0.0,0.08311778837776647,0.0016918326093193375,1.586225895608809e-15,2.5908356294943922e-14,2,4,1,2,False,True,False
0,R1,G1_cooling_coarse_015,G1,G1_cooling,cooling,1.175,test_diagnostic,True,False,False,0.17502565842336346,0.013062271499779957,0.0940439649615717,0.04263325424126812,0.003973926504637416,0.004150892562586349,0.006357538175194688,0.9898493674749665,0.9962069056501612,0.0,0.0578924386180711,0.019429391431151938,1.8575587688446045e-16,2.786338153266907e-14,1,2,1,2,False,True,False
0,R2,G1_cooling_coarse_015,G1,G1_cooling,cooling,1.175,test_diagnostic,True,False,False,0.12506783265693788,0.010126633151026092,0.067597232903982,0.025946961956217138,0.004043189511180576,0.004150892562586349,0.003828592845324774,0.9923783128048365,0.9962069056501612,0.0,0.040052912403807775,0.012485254726990672,3.6514746612892734e-16,2.7933781158862944e-14,2,4,1,2,False,True,False
20260809,H0,G1_cooling_coarse_015,G1,G1_cooling,cooling,1.175,test_diagnostic,True,False,False,0.9815782676781399,0.01654421481723315,0.4990612412476865,0.9890152747246342,4.5596414447570164e-05,0.004150892562586349,0.8702973400494255,0.1259095656007357,0.9962069056501612,0.0,0.2084811981529623,0.026414039309639595,1.0118397075280595e-15,0.29790922736394704,0,1,1,2,False,True,False
20260809,H1,G1_cooling_coarse_015,G1,G1_cooling,cooling,1.175,test_diagnostic,True,False,False,0.9841231669956382,0.01654421481723315,0.5003336909064356,0.9890152747246342,4.5596414447570164e-05,0.004150892562586349,0.8730680193243648,0.12313888632579642,0.9962069056501612,0.0,0.16217409496122617,0.017459108035677004,1.0118397075280595e-15,2.2995322153209566e-12,1,2,1,2,False,True,False
20260809,H2,G1_cooling_coarse_015,G1,G1_cooling,cooling,1.175,test_diagnostic,True,False,False,0.9858669332220139,0.01638035476355036,0.5011236439927821,0.9892069638606085,4.480073343872615e-05,0.004150892562586349,0.8748982546520806,0.12130865099808062,0.9962069056501612,0.0,0.12155283404127008,0.011617587684998496,1.1585367360629326e-15,2.28605043286018e-12,2,4,1,2,False,True,False
20260809,S1,G1_cooling_coarse_015,G1,G1_cooling,cooling,1.175,test_diagnostic,True,False,False,0.17788993970412745,0.03744283448234864,0.10766638709323804,0.10014510347244703,0.003735200997403128,0.004150892562586349,0.016884802521658915,0.9793221031285023,0.9962069056501612,0.0,0.027874862581915363,0.03914253329890118,3.952559463635485e-16,2.984182395044791e-14,1,2,1,2,False,True,False
20260809,S2,G1_cooling_coarse_015,G1,G1_cooling,cooling,1.175,test_diagnostic,True,False,False,0.15370055241347436,0.026335250812874213,0.09001790161317429,0.07271984260655165,0.0038490403087583637,0.004150892562586349,0.011278493584501836,0.9849284120656594,0.9962069056501612,0.0,0.029392862127426016,0.0315595719974488,1.9178292335978337e-16,2.7616740963808816e-14,2,4,1,2,False,True,False
20260809,G1,G1_cooling_coarse_015,G1,G1_cooling,cooling,1.175,test_diagnostic,True,False,False,0.05900066084648821,0.0020304617911899576,0.030515561318839084,0.0008720392756561752,0.004147272821242744,0.004150892562586349,0.00021418065808154196,0.9959927249920797,0.9962069056501612,0.0,0.02117951215813797,0.0038074975429376787,1.2459420058733603e-15,2.4740848402342477e-14,1,2,1,2,False,True,False
20260809,G2,G1_cooling_coarse_015,G1,G1_cooling,cooling,1.175,test_diagnostic,True,False,False,0.03829918696946758,0.0011879966496504944,0.01974359180955904,4.336120810915632e-05,0.004151072550302594,0.004150892562586349,0.00010721947037994894,0.9960996861797813,0.9962069056501612,0.0,0.013611366030739204,0.0022451923435471473,0.0,2.525168796520088e-14,2,4,1,2,False,True,True
0,A1,G1_cooling_coarse_016,G1,G1_cooling,cooling,1.15,test_diagnostic,True,False,False,0.49411812781857106,0.011217219108235435,0.25266767346340324,0.008726695752924346,0.004080179516006509,0.004044881069555733,0.004882993978710504,0.99999668582932,0.9951136918506095,0.0,0.12912384326996978,0.0032540311696430606,2.772773582480712e-15,2.6064071675318764e-14,1,2,1,2,False,True,False
0,A2,G1_cooling_coarse_016,G1,G1_cooling,cooling,1.15,test_diagnostic,True,False,False,0.3271150998651463,0.011482329611519154,0.16929871473833275,0.013734403176609011,0.004100435096966445,0.004044881069555733,0.004850608156128811,0.9999643000067383,0.9951136918506095,0.0,0.0901277082608131,0.0018563727779158422,7.357537240950577e-16,2.74068262225409e-14,2,4,1,2,False,True,False
0,R1,G1_cooling_coarse_016,G1,G1_cooling,cooling,1.15,test_diagnostic,True,False,False,0.21980761582263353,0.02340014849511179,0.12160388215887266,0.08358162984110516,0.003706803317248832,0.004044881069555733,0.014609345681583452,0.980504346169026,0.9951136918506095,0.0,0.06753937024716253,0.02987198055422158,4.0694233478272003e-16,2.787554993261634e-14,1,2,1,2,False,True,False
0,R2,G1_cooling_coarse_016,G1,G1_cooling,cooling,1.15,test_diagnostic,True,False,False,0.16771274781553583,0.019898634715412908,0.09380569126547436,0.061028752370128336,0.003798027024395196,0.004044881069555733,0.010047995411161526,0.985065696439448,0.9951136918506095,0.0,0.0471222345522349,0.023802672302732253,1.9858405256368303e-15,2.899327167429773e-14,2,4,1,2,False,True,False
20260809,H0,G1_cooling_coarse_016,G1,G1_cooling,cooling,1.15,test_diagnostic,True,False,False,0.9822597106348417,0.0164117752225626,0.4993357429287022,0.989088304257571,4.413651154530299e-05,0.004044881069555733,0.8710321732110154,0.12408151863959407,0.9951136918506095,0.0,0.2126840270587938,0.024753908833394303,8.010243091304755e-16,0.26011886402637224,0,1,1,2,False,True,False
20260809,H1,G1_cooling_coarse_016,G1,G1_cooling,cooling,1.15,test_diagnostic,True,False,False,0.9845920052615458,0.0164117752225626,0.5005018902420542,0.989088304257571,4.413651154530299e-05,0.004044881069555733,0.8733789491100189,0.12173474274059064,0.9951136918506095,0.0,0.1643858124008581,0.016354217869209032,8.010243091304755e-16,2.3611526552136e-12,1,2,1,2,False,True,False
20260809,H2,G1_cooling_coarse_016,G1,G1_cooling,cooling,1.15,test_diagnostic,True,False,False,0.9861886131076254,0.016289145666499385,0.5012388793870624,0.9892515011326286,4.347639959477181e-05,0.004044881069555733,0.8749243430698291,0.12018934878078036,0.9951136918506095,0.0,0.12235833078661316,0.010871468821235037,1.355310735538194e-16,2.3391307984653695e-12,2,4,1,2,False,True,False
20260809,S1,G1_cooling_coarse_016,G1,G1_cooling,cooling,1.15,test_diagnostic,True,False,False,0.22369722867616157,0.06253934762441896,0.14311828815029026,0.17008781421608657,0.003356896089670972,0.004044881069555733,0.043116249313151056,0.9519974425374584,0.9951136918506095,0.0,0.015642483333393048,0.0279399262163748,8.987202202314353e-16,3.257860798338953e-14,1,2,1,2,False,True,False
20260809,S2,G1_cooling_coarse_016,G1,G1_cooling,cooling,1.15,test_diagnostic,True,False,False,0.22163507985228392,0.04967146512172208,0.135653272487003,0.15918330345895,0.0034010035388052804,0.004044881069555733,0.04226153213363726,0.9528521597169722,0.9951136918506095,0.0,0.014100128127358917,0.02479288629680869,2.6611942844930955e-15,3.259962998504041e-14,2,4,1,2,False,True,False
20260809,G1,G1_cooling_coarse_016,G1,G1_cooling,cooling,1.15,test_diagnostic,True,False,False,0.1211979237504385,0.008311214916870818,0.06475456933365466,0.02961561680182512,0.003925089421790814,0.004044881069555733,0.0046985291671856055,0.9904151626834239,0.9951136918506095,0.0,0.036786832295713424,0.0129156696089318,1.1529331190217894e-15,2.7670394856522978e-14,1,2,1,2,False,True,False
20260809,G2,G1_cooling_coarse_016,G1,G1_cooling,cooling,1.15,test_diagnostic,True,False,False,0.0879188907749336,0.007066978882198159,0.04749293482856588,0.01947988353781901,0.003966087257396458,0.004044881069555733,0.0030535802992851524,0.9920601115513243,0.9951136918506095,0.0,0.026064082946811794,0.008763345621959006,3.8033837850854504e-16,2.7764701631123796e-14,2,4,1,2,False,True,False
0,A1,G1_cooling_coarse_017,G1,G1_cooling,cooling,1.125,test_diagnostic,True,False,False,0.5518153985966966,0.01440394413977215,0.2831096713682344,0.015136036153082347,0.003991479961310717,0.003931965588017804,0.006376644147815247,0.9999962587935027,0.9936196146456875,0.0,0.13856559572944663,0.0034089667515101976,3.090535717151175e-15,2.7235346007394815e-14,1,2,1,2,False,True,False
0,A2,G1_cooling_coarse_017,G1,G1_cooling,cooling,1.125,test_diagnostic,True,False,False,0.3673509141868887,0.01466231898691269,0.19100661658690068,0.020474425517447676,0.0040124703245868415,0.003931965588017804,0.006338352055585861,0.9999579667012733,0.9936196146456875,0.0,0.09743869423739286,0.002057863176124044,3.842960317094109e-16,2.843790634649642e-14,2,4,1,2,False,True,False
0,R1,G1_cooling_coarse_017,G1,G1_cooling,cooling,1.125,test_diagnostic,True,False,False,0.2684842390027177,0.03578664879446149,0.15213544389858957,0.14172841362982636,0.003374694342780973,0.003931965588017804,0.03225587606949487,0.9613637385761926,0.9936196146456875,0.0,0.07835276685186186,0.021742575194710772,1.1423082111043898e-16,3.2784245658695984e-14,1,2,1,2,False,True,False
0,R2,G1_cooling_coarse_017,G1,G1_cooling,cooling,1.125,test_diagnostic,True,False,False,0.22205230375247934,0.03391033310943492,0.12798131843095711,0.12475852139893857,0.0034414193750651944,0.003931965588017804,0.02893572822296775,0.9646838864227197,0.9936196146456875,0.0,0.050962374324370285,0.020002958016134588,3.360480636847587e-16,3.1700534007595574e-14,2,4,1,2,False,True,False
20260809,H0,G1_cooling_coarse_017,G1,G1_cooling,cooling,1.125,test_diagnostic,True,False,False,0.9829880576746889,0.01698782282753759,0.49998794025111326,0.9891372444314889,4.271198108643464e-05,0.003931965588017804,0.8713096887538273,0.12230992589186016,0.9936196146456875,0.0,0.21419213641804716,0.02266328678166902,5.640895364237987e-16,0.22002137627210575,0,1,1,2,False,True,False
20260809,H1,G1_cooling_coarse_017,G1,G1_cooling,cooling,1.125,test_diagnostic,True,False,False,0.9850871653166345,0.01698782282753759,0.5010374940720861,0.9891372444314889,4.271198108643464e-05,0.003931965588017804,0.8732408604621045,0.120378754183583,0.9936196146456875,0.0,0.16414297004840397,0.014978847633701433,5.640895364237987e-16,2.434610439205115e-12,1,2,1,2,False,True,False
20260809,H2,G1_cooling_coarse_017,G1,G1_cooling,cooling,1.125,test_diagnostic,True,False,False,0.9865225511266265,0.016856696586613165,0.5016896238566199,0.9892723546346166,4.2180732417146144e-05,0.003931965588017804,0.8745091847709592,0.11911042987472835,0.9936196146456875,0.0,0.1211306507826009,0.00995324570025879,0.0,2.562376320001132e-12,2,4,1,2,False,True,False
20260809,S1,G1_cooling_coarse_017,G1,G1_cooling,cooling,1.125,test_diagnostic,True,False,False,0.2675793369789241,0.08577142890697709,0.1766753829429506,0.24027931409470696,0.0029871955934848947,0.003931965588017804,0.0905830576271398,0.9030365570185477,0.9936196146456875,0.0,0.03045716054810324,0.059425149395677584,1.5485859979710331e-15,3.7424161617633296e-14,1,2,1,2,False,True,False
20260809,S2,G1_cooling_coarse_017,G1,G1_cooling,cooling,1.125,test_diagnostic,True,False,False,0.28479011266788357,0.07337948652882245,0.179084799598353,0.2514941395795146,0.002943099285603006,0.003931965588017804,0.11119063997798961,0.8824289746676979,0.9936196146456875,0.0,0.0257270473836586,0.04115316815875458,3.929470959322127e-16,3.7460956478870935e-14,2,4,1,2,False,True,False
20260809,G1,G1_cooling_coarse_017,G1,G1_cooling,cooling,1.125,test_diagnostic,True,False,False,0.20996711514915356,0.028025748141843745,0.11899643164549865,0.10106838216063112,0.0035345681873255696,0.003931965588017804,0.020606488322610805,0.9730131263230767,0.9936196146456875,0.0,0.05617186812942096,0.024278037356309106,6.543839337799979e-16,3.2282940733146585e-14,1,2,1,2,False,True,False
20260809,G2,G1_cooling_coarse_017,G1,G1_cooling,cooling,1.125,test_diagnostic,True,False,False,0.17138331652967176,0.02513928577836562,0.09826130115401868,0.08462780165051674,0.0035992119841383756,0.003931965588017804,0.016620773180764603,0.9769988414649229,0.9936196146456875,0.0,0.038578793581246704,0.022615506139617395,2.1421028129017423e-16,3.063207022449491e-14,2,4,1,2,False,True,False
0,A1,G1_cooling_coarse_018,G1,G1_cooling,cooling,1.1,test_diagnostic,True,False,False,0.6186790640894397,0.018644585458822173,0.31866182477413096,0.02503011026089998,0.0039027804066149177,0.0038074787926196106,0.008566964898238716,0.9999957809317045,0.9914288160334658,0.0,0.14825044228076803,0.0035582003102188884,1.6163054822394468e-15,2.929553686559001e-14,1,2,1,2,False,True,False
0,A2,G1_cooling_coarse_018,G1,G1_cooling,cooling,1.1,test_diagnostic,True,False,False,0.4149335560314059,0.018896245885221343,0.21691490095831362,0.030715512872806126,0.0039244274564872545,0.0038074787926196106,0.008521713533857334,0.9999505295673231,0.9914288160334658,0.0,0.10504807800182683,0.0023056139431512643,6.02771242155417e-16,2.913394337084517e-14,2,4,1,2,False,True,False
0,R1,G1_cooling_coarse_018,G1,G1_cooling,cooling,1.1,test_diagnostic,True,False,False,0.3189194102819939,0.04708674726436671,0.18300307877318028,0.2142657053199777,0.0029916666636281126,0.0038074787926196106,0.06444897424135465,0.9269798417921111,0.9914288160334658,0.0,0.09709677844173509,0.05036354276682622,0.0,3.610895666500953e-14,1,2,1,2,False,True,False
0,R2,G1_cooling_coarse_018,G1,G1_cooling,cooling,1.1,test_diagnostic,True,False,False,0.2808223496820391,0.04774277435661288,0.164282562019326,0.20824457105080513,0.0030145920046655023,0.0038074787926196106,0.07470389218753426,0.9167249238459315,0.9914288160334658,0.0,0.06517018139217214,0.05108892506518623,5.231292789725563e-16,3.779609040576721e-14,2,4,1,2,False,True,False
20260809,H0,G1_cooling_coarse_018,G1,G1_cooling,cooling,1.1,test_diagnostic,True,False,False,0.9838026356702667,0.018758173150522858,0.5012804044103948,0.9891506042834377,4.130884410354931e-05,0.0038074787926196106,0.8708886667835671,0.1205401492498986,0.9914288160334658,0.0,0.21208147508039182,0.020106849798670945,5.965056394173581e-16,0.17208149671650855,0,1,1,2,False,True,False
20260809,H1,G1_cooling_coarse_018,G1,G1_cooling,cooling,1.1,test_diagnostic,True,False,False,0.9856324840394975,0.018758173150522858,0.5021953285950101,0.9891506042834377,4.130884410354931e-05,0.0038074787926196106,0.8723950957906308,0.11903372024283496,0.9914288160334658,0.0,0.16059853703323973,0.013305548513885332,5.965056394173581e-16,2.534850714704064e-12,1,2,1,2,False,True,False
20260809,H2,G1_cooling_coarse_018,G1,G1_cooling,cooling,1.1,test_diagnostic,True,False,False,0.9868821397874296,0.01856949878568149,0.5027258192865556,0.9892569670235417,4.0903870226277714e-05,0.0038074787926196106,0.8733822646288123,0.11804655140465349,0.9914288160334658,0.0,0.1171928498648779,0.00884273961401745,1.6566313995591433e-15,2.6358511595531067e-12,2,4,1,2,False,True,False
20260809,S1,G1_cooling_coarse_018,G1,G1_cooling,cooling,1.1,test_diagnostic,True,False,False,0.3048186658828369,0.0970991189091714,0.20095889239600415,0.2916817203060323,0.0026969068283595877,0.0038074787926196106,0.14470001536822097,0.8467288006652448,0.9914288160334658,0.0,0.042658800102116916,0.04884775752747199,1.3156917331110566e-15,4.2248323429899534e-14,1,2,1,2,False,True,False
20260809,S2,G1_cooling_coarse_018,G1,G1_cooling,cooling,1.1,test_diagnostic,True,False,False,0.3240099137183343,0.08418928484520571,0.20409959928177002,0.3053443066789446,0.0026448868204923905,0.0038074787926196106,0.1741385758107521,0.8172902402227137,0.9914288160334658,0.0,0.030465358728833818,0.029595368690071386,1.490632160115934e-15,4.367552229139687e-14,2,4,1,2,False,True,False
20260809,G1,G1_cooling_coarse_018,G1,G1_cooling,cooling,1.1,test_diagnostic,True,False,False,0.31114175789476606,0.052660218953334274,0.18190098842405017,0.21802056362943859,0.0029773701202455488,0.0038074787926196106,0.07042403625244487,0.9210047797810209,0.9914288160334658,0.0,0.08942555341722187,0.054873239300631045,7.94503846401386e-16,3.879827116593437e-14,1,2,1,2,False,True,False
20260809,G2,G1_cooling_coarse_018,G1,G1_cooling,cooling,1.1,test_diagnostic,True,False,False,0.28222767541078003,0.05152722769360731,0.16687745155219366,0.21903439398805605,0.002973509982655799,0.0038074787926196106,0.08396779900552853,0.9074610170279372,0.9914288160334658,0.0,0.060694886570379476,0.0511006903523949,7.955352517709937e-16,3.8053102876379207e-14,2,4,1,2,False,True,False
0,A1,G1_cooling_coarse_019,G1,G1_cooling,cooling,1.075,test_diagnostic,True,False,True,0.7020539550232034,0.02504066960302018,0.3635473123131118,0.043202171810902495,0.0038140808519191213,0.0036561281743674187,0.01243816537178477,0.9999952472649765,0.9875570818931917,0.0,0.15816365745467206,0.003700643771405073,8.461783162832805e-16,3.003933022805649e-14,1,2,1,2,False,True,False
0,A2,G1_cooling_coarse_019,G1,G1_cooling,cooling,1.075,test_diagnostic,True,False,True,0.47651998247209537,0.025285460843572145,0.2509027216578338,0.04928163745111355,0.0038363081575313956,0.0036561281743674187,0.012384718104206827,0.9999417999973985,0.9875570818931917,0.0,0.11295466828754917,0.0026093226520302595,4.2063780865846804e-16,3.091687893639741e-14,2,4,1,2,False,True,False
0,R1,G1_cooling_coarse_019,G1,G1_cooling,cooling,1.075,test_diagnostic,True,False,True,0.36916389361795265,0.05266246985919142,0.21091318173857204,0.2972844295253856,0.002569218195778911,0.0036561281743674187,0.10943874873951609,0.8781183331536756,0.9875570818931917,0.0,0.12093473013232477,0.06451835959295929,7.851105539487787e-16,4.4437257353500865e-14,1,2,1,2,False,True,False
0,R2,G1_cooling_coarse_019,G1,G1_cooling,cooling,1.075,test_diagnostic,True,False,True,0.33081130740788783,0.053562911273814594,0.1921871093408512,0.2829364510613927,0.0026216762440863326,0.0036561281743674187,0.13618449746009187,0.8513725844330998,0.9875570818931917,0.0,0.08431708011078262,0.04093636006727192,7.694009988659905e-16,4.3086455936495463e-14,2,4,1,2,False,True,False
20260809,H0,G1_cooling_coarse_019,G1,G1_cooling,cooling,1.075,test_diagnostic,True,False,True,0.9847325274043556,0.022812764356008916,0.5037726458801822,0.9890833091806077,3.991282087563814e-05,0.0036561281743674187,0.8688490941941794,0.1187079876990123,0.9875570818931917,0.0,0.20579921619434524,0.01710907392146077,1.263453870617339e-15,0.10670868226817784,0,1,1,2,False,True,False
20260809,H1,G1_cooling_coarse_019,G1,G1_cooling,cooling,1.075,test_diagnostic,True,False,True,0.9862389027721,0.022812764356008916,0.5045258335640544,0.9890833091806077,3.991282087563814e-05,0.0036561281743674187,0.8699014328821957,0.11765564901099598,0.9875570818931917,0.0,0.1531835724474972,0.011348151501796397,1.263453870617339e-15,2.7274810431951807e-12,1,2,1,2,False,True,False
20260809,H2,G1_cooling_coarse_019,G1,G1_cooling,cooling,1.075,test_diagnostic,True,False,True,0.9872663793205304,0.022536187074755843,0.5049012831976432,0.989159143406802,3.963556122466811e-05,0.0036561281743674187,0.8705893342732577,0.116967747619934,0.9875570818931917,0.0,0.11008885119303344,0.007548001702126781,3.1807300353802337e-16,2.8287822569654117e-12,2,4,1,2,False,True,False
20260809,S1,G1_cooling_coarse_019,G1,G1_cooling,cooling,1.075,test_diagnostic,True,False,True,0.3381282994885233,0.09183799444964517,0.21498314696908424,0.32229103860737407,0.002477790827768861,0.0036561281743674187,0.19167673715088362,0.7958803447423081,0.9875570818931917,0.0,0.05821882861863452,0.030583287799672686,2.442240440513195e-15,4.6565384399118245e-14,1,2,1,2,False,True,False
20260809,S2,G1_cooling_coarse_019,G1,G1_cooling,cooling,1.075,test_diagnostic,True,False,True,0.3453509296913502,0.07926438372811909,0.21230765670973462,0.32816383130784565,0.0024563191449144474,0.0036561281743674187,0.21631567533603502,0.7712414065571567,0.9875570818931917,0.0,0.03821829812172511,0.017727000706703914,2.2993497853170225e-15,4.5658517165580875e-14,2,4,1,2,False,True,False
20260809,G1,G1_cooling_coarse_019,G1,G1_cooling,cooling,1.075,test_diagnostic,True,False,True,0.4161184324833361,0.06327192612396326,0.23969517930364967,0.3641512301417094,0.002324744602115761,0.0036561281743674187,0.15361391988584117,0.8339431620073505,0.9875570818931917,0.0,0.13424176224084025,0.05438792293087742,1.0412087344480629e-15,4.876327572998433e-14,1,2,1,2,False,True,False
20260809,G2,G1_cooling_coarse_019,G1,G1_cooling,cooling,1.075,test_diagnostic,True,False,True,0.37692895287597317,0.06002649403811511,0.21847772345704414,0.33318752181917627,0.0024379518884966693,0.0036561281743674187,0.18275106361063675,0.8048060182825549,0.9875570818931917,0.0,0.09333915064869355,0.026129154299147164,2.3166728290162712e-15,4.4678690273885344e-14,2,4,1,2,False,True,False
0,A1,G1_cooling_coarse_020,G1,G1_cooling,cooling,1.05,test_diagnostic,True,False,True,1.28881238594251,0.07437189326788772,0.6815921396051988,0.6070918439921902,0.0037253812972233382,0.002318088609030015,0.2922663282547494,0.9999946525613653,0.7077283243066159,0.0,0.16829185416957945,0.0038351727385361545,3.5478088589745607e-15,3.1486803623399345e-14,1,2,1,2,False,True,False
0,A2,G1_cooling_coarse_020,G1,G1_cooling,cooling,1.05,test_diagnostic,True,False,True,1.0155419055276595,0.07457422806075095,0.5450580667942052,0.6168985445091663,0.003748114097983909,0.002318088609030015,0.29220323540071924,0.9999315597073352,0.7077283243066159,0.0,0.12115827946071621,0.0029787770818636714,4.4078636695106293e-16,3.063465250309889e-14,2,4,1,2,False,True,False
0,R1,G1_cooling_coarse_020,G1,G1_cooling,cooling,1.05,test_diagnostic,True,False,True,0.39117707985098127,0.0396381963492906,0.21540763810013594,0.09450069689726527,0.0020990276200070664,0.002318088609030015,0.11228766064986873,0.8200159849564846,0.7077283243066159,0.0,0.1401886652347109,0.0762236038121903,1.18063067423774e-15,5.706381592149083e-14,1,2,1,2,False,True,False
0,R2,G1_cooling_coarse_020,G1,G1_cooling,cooling,1.05,test_diagnostic,True,False,True,0.2859273289915442,0.03374751321658034,0.15983742110406227,0.028601385356573777,0.0022517880634324635,0.002318088609030015,0.08350666083886216,0.7912349851454781,0.7077283243066159,0.0,0.10600490151451708,0.03263381695719904,2.0176514225488657e-15,4.9157325567554294e-14,2,4,1,2,False,True,False
20260809,H0,G1_cooling_coarse_020,G1,G1_cooling,cooling,1.05,test_diagnostic,True,False,True,0.9823937453763214,0.06817937856250034,0.5252865619694109,0.9833845676408086,3.8516044485950305e-05,0.002318088609030015,0.5909594318591234,0.11676889244749254,0.7077283243066159,0.0,0.1952763768046862,0.013790628485346073,1.5080016656819927e-15,0.007925955376986713,0,1,1,2,False,True,False
20260809,H1,G1_cooling_coarse_020,G1,G1_cooling,cooling,1.05,test_diagnostic,True,False,True,0.9845460122149252,0.06817937856250034,0.5263626953887128,0.9833845676408086,3.8516044485950305e-05,0.002318088609030015,0.5915149948739147,0.11621332943270128,0.7077283243066159,0.0,0.14170033741717708,0.009182568596430348,1.5080016656819927e-15,3.048509145046464e-12,1,2,1,2,False,True,False
20260809,H2,G1_cooling_coarse_020,G1,G1_cooling,cooling,1.05,test_diagnostic,True,False,True,0.9859960263984746,0.06796956388721737,0.526982795142846,0.9834476919364086,3.8369716775366963e-05,0.002318088609030015,0.5918758180448987,0.11585250626171713,0.7077283243066159,0.0,0.0996835346606446,0.006117630354229099,8.409736769513909e-16,3.041969984268574e-12,2,4,1,2,False,True,False
20260809,S1,G1_cooling_coarse_020,G1,G1_cooling,cooling,1.05,test_diagnostic,True,False,True,0.2360172768842432,0.04133839961597157,0.13867783825010738,0.039768166085058225,0.002225902476226228,0.002318088609030015,0.04173158570404212,0.749459910010658,0.7077283243066159,0.0,0.08873074931287257,0.020022214395687497,1.6700033496890116e-15,5.21412156958458e-14,1,2,1,2,False,True,False
20260809,S2,G1_cooling_coarse_020,G1,G1_cooling,cooling,1.05,test_diagnostic,True,False,True,0.16069009936827675,0.025793868447550994,0.09324198390791387,0.013388225077126873,0.0022870535169835973,0.002318088609030015,0.027093657998574106,0.73482198230519,0.7077283243066159,0.0,0.05900863109772505,0.010129256028925773,0.0,5.1108257441687033e-14,2,4,1,2,False,True,False
20260809,G1,G1_cooling_coarse_020,G1,G1_cooling,cooling,1.05,test_diagnostic,True,False,True,0.49493607613775126,0.0353402253260676,0.26513815073190944,0.3512496312061617,0.001503860840005018,0.002318088609030015,0.01672426188351739,0.7244525861901333,0.7077283243066159,0.0,0.1455087295137595,0.17177231398738457,1.3732301156293114e-16,7.593962539430093e-14,1,2,1,2,False,True,False
20260809,G2,G1_cooling_coarse_020,G1,G1_cooling,cooling,1.05,test_diagnostic,True,False,True,0.4123439459779365,0.025496242832801393,0.21892009440536894,0.2539772379155036,0.0017293468668651802,0.002318088609030015,0.005816257308517203,0.7135445816151331,0.7077283243066159,0.0,0.1416964838734859,0.08935786591619592,1.9106838862965755e-15,6.567975859144479e-14,2,4,1,2,False,True,False
0,A1,G1_cooling_coarse_021,G1,G1_cooling,cooling,1.025,test_diagnostic,True,False,False,1.3703480187391297,0.07103636281539578,0.7206921907772628,0.6174615854575032,0.0036366817425275396,0.002248388323546426,0.2981426255979085,0.9999939913695615,0.701851365771653,0.0,0.17862245821461045,0.003960592382310449,2.443207751558853e-15,3.373953561676519e-14,1,2,1,2,False,True,False
0,A2,G1_cooling_coarse_021,G1,G1_cooling,cooling,1.025,test_diagnostic,True,False,False,1.068887031833245,0.07123216564043051,0.5700595987368378,0.6277646152546187,0.003659846954420525,0.002248388323546426,0.29806819152555863,0.9999195572972116,0.701851365771653,0.0,0.12965934813036176,0.003423753243524398,6.936409507166441e-16,3.3641586109757235e-14,2,4,1,2,False,True,False
0,R1,G1_cooling_coarse_021,G1,G1_cooling,cooling,1.025,test_diagnostic,True,False,False,0.4687955369760222,0.03750858764860126,0.25315206231231174,0.2980834041566571,0.001578181078197628,0.002248388323546426,0.0468174133841025,0.7486687791557555,0.701851365771653,0.0,0.13360692098427873,0.15088437318575404,1.3404776317139075e-16,7.680936829720691e-14,1,2,1,2,False,True,False
0,R2,G1_cooling_coarse_021,G1,G1_cooling,cooling,1.025,test_diagnostic,True,False,False,0.3888898963470293,0.028034564528975257,0.20846223043800227,0.22412050570854716,0.0017444783954440083,0.002248388323546426,0.026909073738800915,0.7287604395104539,0.701851365771653,0.0,0.1275044214468185,0.0828875669419596,3.5168091934901117e-15,6.669810539377821e-14,2,4,1,2,False,True,False
20260809,H0,G1_cooling_coarse_021,G1,G1_cooling,cooling,1.025,test_diagnostic,True,False,False,0.9848985031246779,0.06522347446279414,0.525060988793736,0.9834906963930281,3.711932545979842e-05,0.002248388323546426,0.5871399650009915,0.11471140077066148,0.701851365771653,0.0,0.18300298401514442,0.010502623107131372,3.5620199315199673e-16,0.1338882370877917,0,1,1,2,False,True,False
20260809,H1,G1_cooling_coarse_021,G1,G1_cooling,cooling,1.025,test_diagnostic,True,False,False,0.9862365676842481,0.06522347446279414,0.5257300210735211,0.9834906963930281,3.711932545979842e-05,0.002248388323546426,0.5871541425000758,0.1146972232715772,0.701851365771653,0.0,0.12779184638090732,0.007033210816296796,3.5620199315199673e-16,3.193350868607651e-12,1,2,1,2,False,True,False
20260809,H2,G1_cooling_coarse_021,G1,G1_cooling,cooling,1.025,test_diagnostic,True,False,False,0.987136724789032,0.06494962630391676,0.5260431755464744,0.9834966429979206,3.710595518279346e-05,0.002248388323546426,0.5871577199803633,0.1146936457912897,0.701851365771653,0.0,0.08721806982351928,0.004697185731083772,2.494312396398928e-15,3.09811416149864e-12,2,4,1,2,False,True,False
20260809,S1,G1_cooling_coarse_021,G1,G1_cooling,cooling,1.025,test_diagnostic,True,False,False,0.3944946133576207,0.02505329839224849,0.2097739558749346,0.2629642740024587,0.0016571425203694347,0.002248388323546426,0.014201448405033568,0.6876499173666194,0.701851365771653,0.0,0.12563219609319384,0.08918560053838019,3.8298150124947047e-16,7.378776924073134e-14,1,2,1,2,False,True,False
20260809,S2,G1_cooling_coarse_021,G1,G1_cooling,cooling,1.025,test_diagnostic,True,False,False,0.3111581723069038,0.01591732459349392,0.16353774845019886,0.1651657555034502,0.0018770315674227446,0.002248388323546426,0.01420214423630739,0.6876492215353456,0.701851365771653,0.0,0.1051959566776833,0.0444675967853983,1.6905813979112463e-15,6.119904660438711e-14,2,4,1,2,False,True,False
20260809,G1,G1_cooling_coarse_021,G1,G1_cooling,cooling,1.025,test_diagnostic,True,False,False,0.6642998748946048,0.03132171069329019,0.3478107927939475,0.6921929581035964,0.0006920697589052393,0.002248388323546426,0.1713740816768069,0.5304772840948461,0.701851365771653,0.0,0.15126875257914887,0.28542266243166753,1.3755584362753158e-15,1.6842948853060002e-13,1,2,1,2,False,True,False
20260809,G2,G1_cooling_coarse_021,G1,G1_cooling,cooling,1.025,test_diagnostic,True,False,False,0.6979117335619696,0.03295180699907699,0.36543177028052326,0.7569053768285323,0.0005465711122556464,0.002248388323546426,0.23767744692278592,0.46417391884886705,0.701851365771653,0.0,0.19573777054582814,0.3765776299666026,1.935261841215432e-16,2.1094354069248212e-13,2,4,1,2,False,True,False
0,A1,G1_cooling_coarse_022,G1,G1_cooling,cooling,1.0,test_diagnostic,True,False,False,1.4627659534735096,0.06690416065972937,0.7648350570666195,0.6310849189685817,0.003547982187831744,0.002175228368903879,0.304345487989936,0.9999932580626915,0.6956477700727555,0.0,0.1891432978056724,0.004075607344175513,1.8334965314153724e-15,3.618099821993008e-14,1,2,1,2,False,True,False
0,A2,G1_cooling_coarse_022,G1,G1_cooling,cooling,1.0,test_diagnostic,True,False,False,1.130012617093811,0.06709399782140642,0.5985533074576087,0.6419004375720526,0.0035715084107224215,0.002175228368903879,0.3042577347644615,0.999905504837217,0.6956477700727555,0.0,0.13845861058325945,0.003954115041960568,4.857117151870065e-16,3.4849815564667734e-14,2,4,1,2,False,True,False
0,R1,G1_cooling_coarse_022,G1,G1_cooling,cooling,1.0,test_diagnostic,True,False,False,0.5614953365966968,0.03415994289592151,0.29782763974630916,0.5131807794431041,0.0010589429790830345,0.002175228368903879,0.04865606064829453,0.6469917094244609,0.6956477700727555,0.0,0.09319125158356253,0.11477029647225256,1.8429357850446423e-15,1.1200954160215768e-13,1,2,1,2,False,True,False
0,R2,G1_cooling_coarse_022,G1,G1_cooling,cooling,1.0,test_diagnostic,True,False,False,0.5519399301590265,0.02602087920477526,0.2889804046819009,0.5304807188605002,0.001021311660081996,0.002175228368903879,0.08253083490084889,0.6131169351719066,0.6956477700727555,0.0,0.08339495759477268,0.13011482596224386,2.5477876300328367e-15,1.1507507462315007e-13,2,4,1,2,False,True,False
20260809,H0,G1_cooling_coarse_022,G1,G1_cooling,cooling,1.0,test_diagnostic,True,False,False,0.9879934069398069,0.06140181771111766,0.5246976123254623,0.9835728555298837,3.573279067147957e-05,0.002175228368903879,0.583081853691209,0.11256591638154646,0.6956477700727555,0.0,0.183123414548384,0.008164355886966197,7.585484873357993e-16,0.310302776745821,0,1,1,2,False,True,False
20260809,H1,G1_cooling_coarse_022,G1,G1_cooling,cooling,1.0,test_diagnostic,True,False,False,0.9883086480730081,0.06140181771111766,0.5248552328920629,0.9835728555298837,3.573279067147957e-05,0.002175228368903879,0.582522350054713,0.11312542001804247,0.6956477700727555,0.0,0.120687011405128,0.005493527125439635,7.585484873357993e-16,3.2196590544968013e-12,1,2,1,2,False,True,False
20260809,H2,G1_cooling_coarse_022,G1,G1_cooling,cooling,1.0,test_diagnostic,True,False,False,0.9885221148387713,0.061093567252458854,0.5248078410456151,0.9835189056195766,3.5850144046879436e-05,0.002175228368903879,0.5821454636829865,0.11350230638976899,0.6956477700727555,0.0,0.07902397836854713,0.0036751814295235856,5.670490670140758e-16,3.2973903246868525e-12,2,4,1,2,False,True,False
20260809,S1,G1_cooling_coarse_022,G1,G1_cooling,cooling,1.0,test_diagnostic,True,False,False,0.6346661241957235,0.02702941344659007,0.3308477688211568,0.6811755540823577,0.000693515979460116,0.002175228368903879,0.1914915753202484,0.5041561947525071,0.6956477700727555,0.0,0.12677828108622652,0.2618097259715914,1.0943389095816773e-15,1.7900257878157433e-13,1,2,1,2,False,True,False
20260809,S2,G1_cooling_coarse_022,G1,G1_cooling,cooling,1.0,test_diagnostic,True,False,False,0.6706471278479831,0.03147088650120174,0.35105900717459243,0.7396917556064391,0.000566229877864438,0.002175228368903879,0.24240370826920227,0.4532440618035532,0.6956477700727555,0.0,0.17328917462778867,0.3502007025530998,1.5318190930858275e-15,2.15795014738466e-13,2,4,1,2,False,True,False
20260809,G1,G1_cooling_coarse_022,G1,G1_cooling,cooling,1.0,test_diagnostic,True,False,False,0.7813826535490509,0.03488915424935945,0.4081359038992052,0.8801861692236808,0.00026062244369169814,0.002175228368903879,0.3594175037821455,0.33623026629061,0.6956477700727555,0.0,0.3545574324132961,0.42911683866397093,1.6640196556027314e-15,4.588534200324539e-13,1,2,1,2,False,True,False
20260809,G2,G1_cooling_coarse_022,G1,G1_cooling,cooling,1.0,test_diagnostic,True,False,False,0.8371293279964339,0.042131535619843105,0.4396304318081385,0.9335027005025084,0.0001446468123224417,0.002175228368903879,0.43843803145477833,0.25720973861797714,0.6956477700727555,0.0,0.3900297389666894,0.32089646900850055,2.810817660991645e-15,8.119515283384534e-13,2,4,1,2,False,True,False
0,A1,G1_cooling_coarse_023,G1,G1_cooling,cooling,0.975,test_diagnostic,True,False,False,1.572624180281755,0.061670722362374614,0.8171474513220649,0.6531446656243609,0.0034592826331359527,0.0020925468321488054,0.3120013484994877,0.9999924468930106,0.6879910983935229,0.0,0.1998422778512071,0.0041787951346638685,2.314472939064768e-15,3.664582153519225e-14,1,2,1,2,False,True,False
0,A2,G1_cooling_coarse_023,G1,G1_cooling,cooling,0.975,test_diagnostic,True,False,False,1.204286243055225,0.06185512312849571,0.6330706830918603,0.6645267411119198,0.0034831001591407226,0.0020925468321488054,0.31189797623173443,0.9998890746252573,0.6879910983935229,0.0,0.14755682096519618,0.0045800701359111,8.939180892520915e-16,3.601212873844144e-14,2,4,1,2,False,True,False
0,R1,G1_cooling_coarse_023,G1,G1_cooling,cooling,0.975,test_diagnostic,True,False,False,0.6486876701273515,0.031021770084992743,0.3398547201061721,0.6965561964499174,0.0006349703698539098,0.0020925468321488054,0.17209596772906333,0.5158951306644596,0.6879910983935229,0.0,0.21367447953522256,0.4022077650432061,1.2258864298065935e-15,1.9894385489432725e-13,1,2,1,2,False,True,False
0,R2,G1_cooling_coarse_023,G1,G1_cooling,cooling,0.975,test_diagnostic,True,False,False,0.7001019854729591,0.02807615853772028,0.3640890720053397,0.7897760885791582,0.0004399033798856137,0.0020925468321488054,0.2622691933234392,0.42572190507008373,0.6879910983935229,0.0,0.2815088111004957,0.4698414934132355,5.05566576223811e-16,2.7161564307624263e-13,2,4,1,2,False,True,False
20260809,H0,G1_cooling_coarse_023,G1,G1_cooling,cooling,0.975,test_diagnostic,True,False,False,0.9915914178872447,0.056428918888826736,0.5240101683880357,0.9835708887351298,3.4378684732324445e-05,0.0020925468321488054,0.5775649266616711,0.1104261717318518,0.6879910983935229,0.0,0.2417382045463637,0.00822328192764511,1.2129633196213123e-15,0.5178733796679453,0,1,1,2,False,True,False
20260809,H1,G1_cooling_coarse_023,G1,G1_cooling,cooling,0.975,test_diagnostic,True,False,False,0.9906972208025397,0.056428918888826736,0.5235630698456832,0.9835708887351298,3.4378684732324445e-05,0.0020925468321488054,0.5764325418725003,0.11155855652102267,0.6879910983935229,0.0,0.14619813769987566,0.0055166108567994915,1.2129633196213123e-15,3.5246692462662676e-12,1,2,1,2,False,True,False
20260809,H2,G1_cooling_coarse_023,G1,G1_cooling,cooling,0.975,test_diagnostic,True,False,False,0.9901027077196134,0.056114104176653586,0.5231084059481335,0.9834572182635396,3.461654551755944e-05,0.0020925468321488054,0.575672961031072,0.1123181373624509,0.6879910983935229,0.0,0.09090391470457523,0.0036846082458387623,2.00771446782975e-15,3.558272351334666e-12,2,4,1,2,False,True,False
20260809,S1,G1_cooling_coarse_023,G1,G1_cooling,cooling,0.975,test_diagnostic,True,False,False,0.8029075895562164,0.03545379290197392,0.4191806912290952,0.9153101883719059,0.0001772173970376473,0.0020925468321488054,0.41370087610028367,0.27429022229323924,0.6879910983935229,0.0,0.3819363767426668,0.38115973064778064,1.098088523961085e-15,7.168949363574519e-13,1,2,1,2,False,True,False
20260809,S2,G1_cooling_coarse_023,G1,G1_cooling,cooling,0.975,test_diagnostic,True,False,False,0.857210244449226,0.04151309596615292,0.44936167020768947,0.952001315869786,0.00010043949442399019,0.0020925468321488054,0.4735104571186677,0.2144806412748552,0.6879910983935229,0.0,0.4016490177699588,0.2600338482543422,8.303523190012115e-16,1.2095465446784313e-12,2,4,1,2,False,True,False
20260809,G1,G1_cooling_coarse_023,G1,G1_cooling,cooling,0.975,test_diagnostic,True,False,False,0.849588581991546,0.03869370641618417,0.4441411442038651,0.945905161835116,0.00011319598223753023,0.0020925468321488054,0.45546901688934416,0.23252208150417875,0.6879910983935229,0.0,0.40315445655634663,0.2724022784583587,8.595728668396834e-16,1.1194094648729363e-12,1,2,1,2,False,True,False
20260809,G2,G1_cooling_coarse_023,G1,G1_cooling,cooling,0.975,test_diagnostic,True,False,False,0.8925047337948127,0.04461556538647028,0.46856014959064146,0.9652455922837238,7.272522576990214e-05,0.0020925468321488054,0.5004702865977804,0.1875208117957426,0.6879910983935229,0.0,0.4003403586259306,0.17348427594181753,1.9113076247239216e-16,1.6876846326312228e-12,2,4,1,2,False,True,False
0,A1,G1_cooling_coarse_024,G1,G1_cooling,cooling,0.95,test_headline,True,True,False,1.740333321453331,0.05198600903884682,0.8961596652460889,0.720521165509682,0.0033705830784401484,0.0019590477269378183,0.3295431098151179,0.9999915520580771,0.6704484422429592,0.0,0.2107071172545829,0.0042685831165277886,8.126300416245432e-16,3.900624199797807e-14,1,2,1,2,False,True,False
0,A2,G1_cooling_coarse_024,G1,G1_cooling,cooling,0.95,test_headline,True,True,False,1.3259419633866627,0.052167376818647054,0.6890546701026549,0.7327928537599434,0.0033946239014125126,0.0019590477269378183,0.32942145405694223,0.9998698962999014,0.6704484422429592,0.0,0.15695449535618153,0.0053125275307133015,1.2103124588523974e-15,3.805760287280316e-14,2,4,1,2,False,True,False
0,R1,G1_cooling_coarse_024,G1,G1_cooling,cooling,0.95,test_headline,True,True,False,0.7156357677020371,0.027688606920035184,0.3716621873110361,0.8177449283895258,0.00035704638376138885,0.0019590477269378183,0.2751828277500635,0.3952656144928957,0.6704484422429592,0.0,0.33984176007662426,0.4773047385876292,9.589220028210246e-16,3.4617084301839016e-13,1,2,1,2,False,True,False
0,R2,G1_cooling_coarse_024,G1,G1_cooling,cooling,0.95,test_headline,True,True,False,0.783310777961566,0.027174686011832455,0.40524273198669925,0.9007479786517557,0.0001944394468162617,0.0019590477269378183,0.37176237207445245,0.29868607016850673,0.6704484422429592,0.0,0.390657789253727,0.38906923867258003,1.7608548009294171e-15,6.356685831355196e-13,2,4,1,2,False,True,False
20260809,H0,G1_cooling_coarse_024,G1,G1_cooling,cooling,0.95,test_headline,True,True,False,0.9952396763563646,0.04693933197205138,0.521089504164208,0.9831024267137485,3.310315253719622e-05,0.0019590477269378183,0.561928621033202,0.10851982120975727,0.6704484422429592,0.1111111111111111,0.42176761687259817,0.010289750520959512,6.464256558188859e-16,0.7324558299771258,0,1,1,2,False,True,False
20260809,H1,G1_cooling_coarse_024,G1,G1_cooling,cooling,0.95,test_headline,True,True,False,0.9930730436499703,0.04693933197205138,0.5200061878110108,0.9831024267137485,3.310315253719622e-05,0.0019590477269378183,0.5602997343746906,0.11014870786826862,0.6704484422429592,0.0,0.2235839193150156,0.006887397714698478,6.464256558188859e-16,3.683548862074618e-12,1,2,1,2,False,True,False
20260809,H2,G1_cooling_coarse_024,G1,G1_cooling,cooling,0.95,test_headline,True,True,False,0.9916320817238078,0.04663774913470874,0.5191349154292583,0.9829323803732261,3.343628143407099e-05,0.0019590477269378183,0.5592057959988761,0.11124264624408305,0.6704484422429592,0.0,0.13035720000903422,0.004597856481506292,0.0,3.749886935482084e-12,2,4,1,2,False,True,False
20260809,S1,G1_cooling_coarse_024,G1,G1_cooling,cooling,0.95,test_headline,True,True,False,0.8885429578785146,0.03542078237704118,0.46198187012777786,0.966294483055774,6.603071635485e-05,0.0019590477269378183,0.49364784488592534,0.17680059735703385,0.6704484422429592,0.0,0.40525948991425836,0.16980866843618386,6.48144629342884e-16,1.9448659844482137e-12,1,2,1,2,False,True,False
20260809,S2,G1_cooling_coarse_024,G1,G1_cooling,cooling,0.95,test_headline,True,True,False,0.9207524338256005,0.03902902139843931,0.4798907276120199,0.9740357106141446,5.0865282102915716e-05,0.0019590477269378183,0.5173573095690263,0.15309113267393298,0.6704484422429592,0.0,0.38587918312967356,0.10473500133247644,7.011569320580867e-16,2.4863024810779768e-12,2,4,1,2,False,True,False
20260809,G1,G1_cooling_coarse_024,G1,G1_cooling,cooling,0.95,test_headline,True,True,False,0.8947198923664287,0.03597387917435194,0.4653468857703903,0.9670805556509084,6.449076262414382e-05,0.0019590477269378183,0.4931802648480399,0.1772681773949193,0.6704484422429592,0.0,0.4028596399482876,0.15476121515788627,1.548450077961288e-15,1.974052642246648e-12,1,2,1,2,False,True,False
20260809,G2,G1_cooling_coarse_024,G1,G1_cooling,cooling,0.95,test_headline,True,True,False,0.9249926551716042,0.039577144022936425,0.48228489959727033,0.9742400205222397,5.046502924187124e-05,0.0019590477269378183,0.516889254315057,0.15355918792790224,0.6704484422429592,0.0,0.3807383576761566,0.09623032886312148,1.5547796266708234e-15,2.6063760287099985e-12,2,4,1,2,False,True,False
0,A1,G1_cooling_coarse_025,G1,G1_cooling,cooling,0.925,test_diagnostic,True,False,False,201.68216283373943,0.01809541908853858,100.85012912641398,98.03002246324971,0.003281883523744368,3.314028859240422e-05,0.8869387104663715,0.9999905677787724,0.11305185731240085,0.0,0.22172513381679038,0.004343229715928406,3.285740070907504e-15,4.014317217065268e-14,1,2,1,2,False,True,False
0,A2,G1_cooling_coarse_025,G1,G1_cooling,cooling,0.925,test_diagnostic,True,False,False,165.347018386416,0.01830691156073943,82.68266264898837,98.76018587424895,0.0033060813499044966,3.314028859240422e-05,0.8867956972176319,0.9998475545300327,0.11305185731240085,0.0,0.16665167070914672,0.006163522267403645,1.84356454968348e-15,4.169292135438024e-14,2,4,1,2,False,True,False
0,R1,G1_cooling_coarse_025,G1,G1_cooling,cooling,0.925,test_diagnostic,True,False,False,18.768065671636027,0.0331761077767825,9.400620889706405,5.112041414535146,0.00020255481636642127,3.314028859240422e-05,0.19558742461934325,0.3086392819317441,0.11305185731240085,0.0,0.397949023872597,0.39722556186782265,2.8933166778437406e-16,6.113578140283827e-13,1,2,1,2,False,True,False
0,R2,G1_cooling_coarse_025,G1,G1_cooling,cooling,0.925,test_diagnostic,True,False,False,13.14912797913799,0.02011591913350934,6.58462194913575,2.2848298577528694,0.00010886020946287619,3.314028859240422e-05,0.1210941869589451,0.23414604427134594,0.11305185731240085,0.0,0.4168992989438966,0.2712640564861159,2.960956782962287e-15,1.175096076001991e-12,2,4,1,2,False,True,False
20260809,H0,G1_cooling_coarse_025,G1,G1_cooling,cooling,0.925,test_diagnostic,True,False,False,0.8780591754838748,0.0012151285197519056,0.43963715200181336,0.035078572424922363,3.197777457883274e-05,3.314028859240422e-05,0.005810729161625727,0.10724112815077512,0.11305185731240085,0.1111111111111111,0.6994947041207266,0.012083228404390514,1.1454346731621732e-16,0.8949105407783012,0,1,1,2,False,True,False
20260809,H1,G1_cooling_coarse_025,G1,G1_cooling,cooling,0.925,test_diagnostic,True,False,False,0.5829281382830712,0.0012151285197519056,0.29207163340141157,0.035078572424922363,3.197777457883274e-05,3.314028859240422e-05,0.0038881750743566396,0.10916368223804421,0.11305185731240085,0.1111111111111111,0.3184635877113308,0.008093451334813602,1.1454346731621732e-16,4.161936884934757e-12,1,2,1,2,False,True,False
20260809,H2,G1_cooling_coarse_025,G1,G1_cooling,cooling,0.925,test_diagnostic,True,False,False,0.38710754942604514,0.000807068216717332,0.19395730882138124,0.02357486197771407,3.2359010862936676e-05,3.314028859240422e-05,0.00259550388214512,0.11045635343025573,0.11305185731240085,0.1111111111111111,0.17474536280801556,0.005406231867347391,2.490267525242783e-15,4.055400664857882e-12,2,4,1,2,False,True,False
20260809,S1,G1_cooling_coarse_025,G1,G1_cooling,cooling,0.925,test_diagnostic,True,False,False,3.4768335011512925,0.004348940606863893,1.7405912208790781,0.22990283298315628,4.075933482567732e-05,3.314028859240422e-05,0.020782788140152983,0.13383464545255383,0.11305185731240085,0.0,0.35658964907475255,0.05891899582396482,5.391911118738468e-16,3.2949968846610796e-12,1,2,1,2,False,True,False
20260809,S2,G1_cooling_coarse_025,G1,G1_cooling,cooling,0.925,test_diagnostic,True,False,False,2.326232921051724,0.0028203739139798594,1.164526647482852,0.1388339117965645,3.774128449575476e-05,3.314028859240422e-05,0.013394405038877746,0.1264462623512786,0.11305185731240085,0.0,0.3132161417933635,0.037262039555670486,1.7469255239339351e-15,3.327893123094152e-12,2,4,1,2,False,True,False
20260809,G1,G1_cooling_coarse_025,G1,G1_cooling,cooling,0.925,test_diagnostic,True,False,False,4.629962094136055,0.007277554113221193,2.3186198241246383,0.36598660717264153,4.526919037506043e-05,3.314028859240422e-05,0.0316118375551251,0.14466369486752595,0.11305185731240085,0.0,0.3766780391646668,0.08078284927355,1.4564257201297024e-15,2.7762710727272414e-12,1,2,1,2,False,True,False
20260809,G2,G1_cooling_coarse_025,G1,G1_cooling,cooling,0.925,test_diagnostic,True,False,False,3.103873277846515,0.004634616194624943,1.5542539470205698,0.21557007010064486,4.0284342927424395e-05,3.314028859240422e-05,0.020236276310840393,0.13328813362324124,0.11305185731240085,0.0,0.3396351448012197,0.05077167048261991,9.092478395179018e-16,3.33493922578376e-12,2,4,1,2,False,True,False
0,A1,G1_cooling_coarse_026,G1,G1_cooling,cooling,0.9,test_diagnostic,True,False,False,211.66841746871575,0.018060593513202935,105.84323903111448,98.25639184534238,0.003193183969048573,3.217106636340432e-05,0.8873105850037152,0.9999894883892666,0.1126789033855514,0.0,0.2328830657776506,0.004400811037106688,2.8671962219664228e-15,4.300794332949646e-14,1,2,1,2,False,True,False
0,A2,G1_cooling_coarse_026,G1,G1_cooling,cooling,0.9,test_diagnostic,True,False,False,171.91728201542068,0.01827128165618178,85.96777664853843,99.01142618062434,0.0032174742287555784,3.217106636340432e-05,0.8871426841535989,0.9998215875391503,0.1126789033855514,0.0,0.17664767044660895,0.0071466973585873565,7.488290471904596e-16,4.253348988041814e-14,2,4,1,2,False,True,False
0,R1,G1_cooling_coarse_026,G1,G1_cooling,cooling,0.9,test_diagnostic,True,False,False,15.306552315534315,0.024610973853303818,7.66558164469381,2.8195484886539357,0.00012287894790672646,3.217106636340432e-05,0.13731308803843956,0.24999199142399095,0.1126789033855514,0.0,0.42152808405897424,0.30158213141382073,6.127316258507294e-16,1.1114951692932237e-12,1,2,1,2,False,True,False
0,R2,G1_cooling_coarse_026,G1,G1_cooling,cooling,0.9,test_diagnostic,True,False,False,10.476177400953299,0.014658447368601817,5.24541792416095,1.2924600983751628,7.375088596028376e-05,3.217106636340432e-05,0.08403586198408103,0.19671476536963242,0.1126789033855514,0.0,0.4218657956326126,0.1915307622112739,1.0208937364394722e-15,1.7461366468060732e-12,2,4,1,2,False,True,False
20260809,H0,G1_cooling_coarse_026,G1,G1_cooling,cooling,0.9,test_diagnostic,True,False,False,0.9635402361227051,0.0011424073131822386,0.4823413217179437,0.03606344358482687,3.101086692654397e-05,3.217106636340432e-05,0.005972075896905335,0.10670682748864606,0.1126789033855514,0.4444444444444444,0.8981398209772977,0.012502173455613684,0.0,0.9690529515420356,0,1,1,2,False,True,False
20260809,H1,G1_cooling_coarse_026,G1,G1_cooling,cooling,0.9,test_diagnostic,True,False,False,0.6391459249553654,0.0011424073131822386,0.3201441661342738,0.03606344358482687,3.101086692654397e-05,3.217106636340432e-05,0.0039934348265076025,0.10868546855904379,0.1126789033855514,0.1111111111111111,0.3733676036019122,0.008372161989016432,0.0,4.267064498033763e-12,1,2,1,2,False,True,False
20260809,H2,G1_cooling_coarse_026,G1,G1_cooling,cooling,0.9,test_diagnostic,True,False,False,0.42408667617935286,0.0007583899071238209,0.21242253304323835,0.024225145894737458,3.139171758716157e-05,3.217106636340432e-05,0.00266364245503993,0.11001526093051146,0.1126789033855514,0.0,0.19850514255368482,0.0055900102731286875,1.1992306143278385e-16,4.195628227287376e-12,2,4,1,2,False,True,False
20260809,S1,G1_cooling_coarse_026,G1,G1_cooling,cooling,0.9,test_diagnostic,True,False,False,0.5941732263423376,0.0012206537043603302,0.29769694002334895,0.012255196045671476,3.256532908868615e-05,3.217106636340432e-05,0.0012438880266371077,0.1139227914121885,0.1126789033855514,0.0,0.16383887325704855,0.0080697494810548,1.1560119249627586e-16,4.217478305841632e-12,1,2,1,2,False,True,False
20260809,S2,G1_cooling_coarse_026,G1,G1_cooling,cooling,0.9,test_diagnostic,True,False,False,0.39373072606410514,0.000799113812374676,0.1972649199382399,0.007942249424689928,3.242657699672073e-05,3.217106636340432e-05,0.0008225434468513426,0.11350144683240274,0.1126789033855514,0.0,0.11665712290695344,0.005323816249387811,1.0448626104938045e-15,4.053834737024741e-12,2,4,1,2,False,True,False
20260809,G1,G1_cooling_coarse_026,G1,G1_cooling,cooling,0.9,test_diagnostic,True,False,False,2.354493370595922,0.002723453728221452,1.1786084121620717,0.12786965560298694,3.628476953967367e-05,3.217106636340432e-05,0.012340757245940553,0.12501966063149195,0.1126789033855514,0.0,0.3178816929329692,0.03547539119019192,2.075025375354574e-16,3.6167692292430227e-12,1,2,1,2,False,True,False
20260809,G2,G1_cooling_coarse_026,G1,G1_cooling,cooling,0.9,test_diagnostic,True,False,False,1.5694425002075576,0.001773528924039421,0.7856080145657985,0.07989471136060082,3.4741364424671244e-05,3.217106636340432e-05,0.008027705812658215,0.12070660919820961,0.1126789033855514,0.0,0.26726790554943475,0.022755287800323737,4.334419144473657e-16,3.839645199131989e-12,2,4,1,2,False,True,False
0,A1,G1_cooling_coarse_027,G1,G1_cooling,cooling,0.875,test_diagnostic,True,False,False,222.51143643097944,0.018027095330937805,111.2647317631552,98.47547125537596,0.0031044844143527732,3.1208541916658645e-05,0.8876693562793795,0.9999883084387142,0.11231895215933474,0.0,0.244166922257792,0.0044392145994050745,1.1175597905769898e-15,4.581995141365663e-14,1,2,1,2,False,True,False
0,A2,G1_cooling_coarse_027,G1,G1_cooling,cooling,0.875,test_diagnostic,True,False,False,179.04138929928396,0.01823704002720035,89.52981316965558,99.25474062005996,0.0031288042749848814,3.1208541916658645e-05,0.8874725345957215,0.9997914867550562,0.11231895215933474,0.0,0.18694087065311737,0.008277847788058504,6.336417817032175e-16,4.6255850064334875e-14,2,4,1,2,False,True,False
0,R1,G1_cooling_coarse_027,G1,G1_cooling,cooling,0.875,test_diagnostic,True,False,False,12.446849477683804,0.017842871013983845,6.232346174348894,1.6147284426252901,8.160186220235094e-05,3.1208541916658645e-05,0.0967565856147534,0.20907553777408813,0.11231895215933474,0.0,0.42952590086746134,0.22064954470366366,1.7082627579140182e-15,1.697443760447232e-12,1,2,1,2,False,True,False
0,R2,G1_cooling_coarse_027,G1,G1_cooling,cooling,0.875,test_diagnostic,True,False,False,8.411004708039087,0.010660508221542101,4.210832608130315,0.793947797870814,5.598649504614877e-05,3.1208541916658645e-05,0.05953053843183259,0.17184949059116733,0.11231895215933474,0.0,0.4181589514631285,0.13668885441281117,1.659893420866403e-15,2.3694978582867943e-12,2,4,1,2,False,True,False
20260809,H0,G1_cooling_coarse_027,G1,G1_cooling,cooling,0.875,test_diagnostic,True,False,False,0.9900277162222654,0.0010769400411602104,0.4955523281317128,0.034839291173295456,3.012125843773018e-05,3.1208541916658645e-05,0.005763488067797987,0.10655546409153675,0.11231895215933474,0.5555555555555556,0.9710100701142601,0.012119573469383268,1.5426250363441782e-15,0.9914763931057969,0,1,1,2,False,True,False
20260809,H1,G1_cooling_coarse_027,G1,G1_cooling,cooling,0.875,test_diagnostic,True,False,False,0.6560095042696248,0.0010769400411602104,0.3285432221553925,0.034839291173295456,3.012125843773018e-05,3.1208541916658645e-05,0.003848870407746424,0.10847008175158832,0.11231895215933474,0.0,0.3913938081996386,0.00810606879567165,1.5426250363441782e-15,4.52503343994293e-12,1,2,1,2,False,True,False
20260809,H2,G1_cooling_coarse_027,G1,G1_cooling,cooling,0.875,test_diagnostic,True,False,False,0.4347978551853234,0.0007142126380065308,0.21775603391166495,0.023369005694224614,3.0479229322899802e-05,3.1208541916658645e-05,0.0025639490606099297,0.10975500309872481,0.11231895215933474,0.0,0.20592036688047097,0.005405877961473011,1.27042274428849e-16,4.676299079451503e-12,2,4,1,2,False,True,False
20260809,S1,G1_cooling_coarse_027,G1,G1_cooling,cooling,0.875,test_diagnostic,True,False,False,0.6604730482251943,0.0010784980220469229,0.3307757731236206,0.03505149280606167,3.011463593417921e-05,3.1208541916658645e-05,0.0038728785482448347,0.1084460736110899,0.11231895215933474,0.0,0.39611930583094207,0.008159887039891327,1.5429642747066561e-15,4.798233153269024e-12,1,2,1,2,False,True,False
20260809,S2,G1_cooling_coarse_027,G1,G1_cooling,cooling,0.875,test_diagnostic,True,False,False,0.4377632977114749,0.0007152729633564231,0.21923928533741566,0.02351360837648066,3.0474716484029353e-05,3.1208541916658645e-05,0.002580062928733806,0.10973888923060093,0.11231895215933474,0.0,0.20789141647329826,0.0054421807211138835,8.894276121105948e-16,4.442690922492425e-12,2,4,1,2,False,True,False
20260809,G1,G1_cooling_coarse_027,G1,G1_cooling,cooling,0.875,test_diagnostic,True,False,False,0.6646461329760832,0.0011420287593519763,0.3328940808677176,0.01556618827584538,3.1694339955947966e-05,3.1208541916658645e-05,0.0015901328831715994,0.11390908504250634,0.11231895215933474,0.0,0.17557420852112596,0.008565010749967966,0.0,4.3414926602707675e-12,1,2,1,2,False,True,False
20260809,G2,G1_cooling_coarse_027,G1,G1_cooling,cooling,0.875,test_diagnostic,True,False,False,0.44023356716632517,0.0007464980432083073,0.22049003260476674,0.01008843124401781,3.1523387146010904e-05,3.1208541916658645e-05,0.0010492867110050152,0.11336823887033975,0.11231895215933474,0.0,0.12662546605737438,0.005635641159311245,4.913368729171801e-16,4.527792118150044e-12,2,4,1,2,False,True,False
0,A1,G1_cooling_coarse_028,G1,G1_cooling,cooling,0.85,test_diagnostic,True,False,False,234.3139193783545,0.01799488950447364,117.1659571339295,98.68736495133884,0.0030157848596569863,3.025242829047698e-05,0.8880152904073145,0.9999870228041083,0.11197173239679381,0.0,0.2555618572030691,0.004456142509382883,3.0452537545999225e-15,4.889324083774335e-14,1,2,1,2,False,True,False
0,A2,G1_cooling_coarse_028,G1,G1_cooling,cooling,0.85,test_diagnostic,True,False,False,186.7861417668184,0.01820414854282529,93.4021729576806,99.49022215134035,0.0030400732395275253,3.025242829047698e-05,0.8877849655047075,0.9997566979015013,0.11197173239679381,0.0,0.19752846249912237,0.009575531637064129,5.034873309150574e-16,4.8166954657540484e-14,2,4,1,2,False,True,False
0,R1,G1_cooling_coarse_028,G1,G1_cooling,cooling,0.85,test_diagnostic,True,False,False,9.952303501834928,0.012742137661801116,4.982522819748365,0.9531282879938068,5.908687347463471e-05,3.025242829047698e-05,0.06741072902941361,0.17938246142620742,0.11197173239679381,0.0,0.42841587250583163,0.156984300417424,1.6190549938865556e-15,2.3304947424502103e-12,1,2,1,2,False,True,False
0,R2,G1_cooling_coarse_028,G1,G1_cooling,cooling,0.85,test_diagnostic,True,False,False,6.6723733318331035,0.007724943112870298,3.340049137472987,0.504417577248307,4.5512284874637525e-05,3.025242829047698e-05,0.04193518699982304,0.15390691939661685,0.11197173239679381,0.0,0.4081989999312762,0.09692711445946113,5.254894246452193e-16,3.175007103706414e-12,2,4,1,2,False,True,False
20260809,H0,G1_cooling_coarse_028,G1,G1_cooling,cooling,0.85,test_diagnostic,True,False,False,0.9970748185448469,0.0010141174269618332,0.49904446798590435,0.03300957142048939,2.9253808598179248e-05,3.025242829047698e-05,0.00545410875164809,0.10651762364514572,0.11197173239679381,0.5555555555555556,0.9914119866066812,0.01150651260329604,2.725140820872026e-16,0.9973941395350447,0,1,1,2,False,True,False
20260809,H1,G1_cooling_coarse_028,G1,G1_cooling,cooling,0.85,test_diagnostic,True,False,False,0.6599523846606894,0.0010141174269618332,0.3304832510438256,0.03300957142048939,2.9253808598179248e-05,3.025242829047698e-05,0.0036368680942200082,0.1083348643025738,0.11197173239679381,0.0,0.39609930847906977,0.007684374035189138,2.725140820872026e-16,4.810827348126432e-12,1,2,1,2,False,True,False
20260809,H2,G1_cooling_coarse_028,G1,G1_cooling,cooling,0.85,test_diagnostic,True,False,False,0.43691812624418225,0.0006718015347600605,0.21879496388947114,0.0221039734306055,2.958372941933298e-05,3.025242829047698e-05,0.002419374847207334,0.10955235754958648,0.11197173239679381,0.0,0.20770177178445112,0.00511745417650532,2.425274790821336e-15,4.6853614208900745e-12,2,4,1,2,False,True,False
20260809,S1,G1_cooling_coarse_028,G1,G1_cooling,cooling,0.85,test_diagnostic,True,False,False,0.6618851920184041,0.0010148875377884654,0.3314500397780963,0.03309733604324124,2.9251153505223007e-05,3.025242829047698e-05,0.0036467543492472165,0.1083249780475466,0.11197173239679381,0.0,0.39815838110333307,0.0077063768912951575,5.450776357427447e-16,4.893570744289426e-12,1,2,1,2,False,True,False
20260809,S2,G1_cooling_coarse_028,G1,G1_cooling,cooling,0.85,test_diagnostic,True,False,False,0.43820012770235744,0.0006723258028497446,0.2194362267526036,0.02216359664659159,2.9581925672266913e-05,3.025242829047698e-05,0.002425996066513364,0.10954573633028045,0.11197173239679381,0.0,0.20855727533452412,0.005132255282995106,2.4254226710620152e-15,4.768111479900027e-12,2,4,1,2,False,True,False
20260809,G1,G1_cooling_coarse_028,G1,G1_cooling,cooling,0.85,test_diagnostic,True,False,False,0.6111422501092065,0.0010220046881001675,0.30608212739865337,0.030804516140062844,2.932051687492689e-05,3.025242829047698e-05,0.003388813010325925,0.10858291938646789,0.11197173239679381,0.1111111111111111,0.34653085986122306,0.007127705784232279,4.0784111165370143e-16,4.624782259115757e-12,1,2,1,2,False,True,False
20260809,G2,G1_cooling_coarse_028,G1,G1_cooling,cooling,0.85,test_diagnostic,True,False,False,0.40449978861508495,0.0006766518777902264,0.20258822024643758,0.02060590527200451,2.9629049618875303e-05,3.025242829047698e-05,0.002253181587527936,0.10971855080926587,0.11197173239679381,0.1111111111111111,0.18663459837429794,0.004742658990276355,2.6906279142375496e-16,4.949679111031398e-12,2,4,1,2,False,True,False
0,A1,G1_cooling_coarse_029,G1,G1_cooling,cooling,0.825,test_diagnostic,True,False,False,247.19436171738056,0.017963942565774237,123.60616282997317,98.89217227560124,0.0029270853049611894,2.9302449213792227e-05,0.8883486403151427,0.9999856268133337,0.11163698649819097,0.0,0.2670520631454965,0.004449127087845438,2.1550739763192616e-15,4.974629095336973e-14,1,2,1,2,False,True,False
0,A2,G1_cooling_coarse_029,G1,G1_cooling,cooling,0.825,test_diagnostic,True,False,False,195.22861018232064,0.018172570784433975,97.62339137655253,99.7179593290553,0.002951282888156434,2.9302449213792227e-05,0.8880796373655442,0.9997166238637352,0.11163698649819097,0.0,0.20840620795842282,0.011061740368688393,5.343511284959227e-16,5.1119591292776604e-14,2,4,1,2,False,True,False
0,R1,G1_cooling_coarse_029,G1,G1_cooling,cooling,0.825,test_diagnostic,True,False,False,7.707024058842623,0.009001323532797822,3.85801269118771,0.5672384110746668,4.592392394641985e-05,2.9302449213792227e-05,0.0455800346741662,0.15721702117235717,0.11163698649819097,0.0,0.41962342552220167,0.10796588089993898,1.7885346277123178e-16,3.1485363586247644e-12,1,2,1,2,False,True,False
0,R2,G1_cooling_coarse_029,G1,G1_cooling,cooling,0.825,test_diagnostic,True,False,False,5.139527868396275,0.005564009001694682,2.572545938698985,0.31980186021681134,3.867342698127162e-05,2.9302449213792227e-05,0.028710797720531298,0.14034778421872227,0.11163698649819097,0.0,0.39143246328737097,0.06708931394095875,2.548619079194865e-15,3.76409799504755e-12,2,4,1,2,False,True,False
20260809,H0,G1_cooling_coarse_029,G1,G1_cooling,cooling,0.825,test_diagnostic,True,False,False,0.9989857680403894,0.0009533377646448473,0.49996955290251716,0.03108104776156023,2.8391698390247658e-05,2.9302449213792227e-05,0.005129074092616953,0.10650791240557402,0.11163698649819097,0.5555555555555556,0.9970153437238826,0.010851751825712476,1.301839614887759e-15,0.9989701988896693,0,1,1,2,False,True,False
20260809,H1,G1_cooling_coarse_029,G1,G1_cooling,cooling,0.825,test_diagnostic,True,False,False,0.6605051794584742,0.0009533377646448473,0.33072925861155955,0.03108104776156023,2.8391698390247658e-05,2.9302449213792227e-05,0.003415047079584621,0.10822193941860635,0.11163698649819097,0.0,0.39720299755315036,0.0072358549300531845,1.301839614887759e-15,5.27071465414224e-12,1,2,1,2,False,True,False
20260809,H2,G1_cooling_coarse_029,G1,G1_cooling,cooling,0.825,test_diagnostic,True,False,False,0.43680163804213046,0.0006308361984381596,0.21871623712028432,0.020776671243291443,2.8693641859854022e-05,2.9302449213792227e-05,0.002268692032147135,0.10936829446604383,0.11163698649819097,0.0,0.2079845051186125,0.004811912128786722,4.293801146945975e-16,5.1464069280245495e-12,2,4,1,2,False,True,False
20260809,S1,G1_cooling_coarse_029,G1,G1_cooling,cooling,0.825,test_diagnostic,True,False,False,0.6611759511951673,0.0009534583902772491,0.33106470479272226,0.031111123144929878,2.8390817107853883e-05,2.9302449213792227e-05,0.003418416789261136,0.10821856970892983,0.11163698649819097,0.0,0.3979188390724787,0.007243064064498965,2.8930667231792e-16,4.956401910150605e-12,1,2,1,2,False,True,False
20260809,S2,G1_cooling_coarse_029,G1,G1_cooling,cooling,0.825,test_diagnostic,True,False,False,0.4372455945511907,0.0006309266728773871,0.21893826061203406,0.020797017341940827,2.869304566933165e-05,2.9302449213792227e-05,0.002270942339889878,0.10936604415830109,0.11163698649819097,0.0,0.2082814085843325,0.004816740619084054,1.0019077517182656e-15,5.179147427989354e-12,2,4,1,2,False,True,False
20260809,G1,G1_cooling_coarse_029,G1,G1_cooling,cooling,0.825,test_diagnostic,True,False,False,0.660674589622261,0.0009534789430118229,0.3308140342826364,0.0310901791513887,2.8391430818160958e-05,2.9302449213792227e-05,0.003416064922906914,0.10822092157528405,0.11163698649819097,0.0,0.3973851046382143,0.007237696572438167,2.893004186532898e-16,4.941974401644824e-12,1,2,1,2,False,True,False
20260809,G2,G1_cooling_coarse_029,G1,G1_cooling,cooling,0.825,test_diagnostic,True,False,False,0.4369131619954508,0.0006309372328176942,0.21877204961413427,0.02078280811314253,2.869346203453688e-05,2.9302449213792227e-05,0.0022693687122801315,0.10936761778591084,0.11163698649819097,0.0,0.20805977605756718,0.004813131162440251,1.4312760189017137e-15,5.085180567555906e-12,2,4,1,2,False,True,False
0,A1,G1_cooling_coarse_030,G1,G1_cooling,cooling,0.8,test_diagnostic,True,False,False,261.29004674675593,0.017934222585575598,130.65399048467074,99.08998764663926,0.0028383857502653972,2.835833850121074e-05,0.8886696461813692,0.9999841163770334,0.11131447019566415,0.0,0.27862068235952026,0.004415562907465533,2.2918706642692136e-15,5.538687438650614e-14,1,2,1,2,False,True,False
0,A2,G1_cooling_coarse_030,G1,G1_cooling,cooling,0.8,test_diagnostic,True,False,False,204.4580773750195,0.01814227200719574,102.23810982351335,99.93803634243643,0.0028624350022463238,2.835833850121074e-05,0.8883561594653315,0.9996706296609957,0.11131447019566415,0.0,0.21956818716402673,0.012762596593296672,7.575383696989908e-16,5.3974608841053116e-14,2,4,1,2,False,True,False
0,R1,G1_cooling_coarse_030,G1,G1_cooling,cooling,0.8,test_diagnostic,True,False,False,5.658416441876435,0.006289373130620875,2.832352907503528,0.328320406297858,3.766895971986044e-05,2.835833850121074e-05,0.029045951877227916,0.14036042207289207,0.11131447019566415,0.0,0.401781433716743,0.07055527263781533,1.0118804158625895e-15,3.869655572573182e-12,1,2,1,2,False,True,False
0,R2,G1_cooling_coarse_030,G1,G1_cooling,cooling,0.8,test_diagnostic,True,False,False,3.758898743728953,0.0039664214695387875,1.881432582599246,0.19468040084232766,3.387915120784886e-05,2.835833850121074e-05,0.01851773365268114,0.1298322038483453,0.11131447019566415,0.0,0.36538917797955095,0.044298545692140506,1.6251039240550486e-15,4.335152229408086e-12,2,4,1,2,False,True,False
20260809,H0,G1_cooling_coarse_030,G1,G1_cooling,cooling,0.8,test_diagnostic,True,False,False,0.9995317721376776,0.0008946773065613348,0.5002132247221195,0.02917798452270629,2.7530899339332747e-05,2.835833850121074e-05,0.00480917052200483,0.10650529967365932,0.11131447019566415,1.1439589045541112,0.998620591761453,0.010202249871890676,7.691657079688672e-16,0.9993698948503968,0,1,1,2,False,True,False
20260809,H1,G1_cooling_coarse_030,G1,G1_cooling,cooling,0.8,test_diagnostic,True,False,False,0.660176293938666,0.0008946773065613348,0.33053548562261365,0.02917798452270629,2.7530899339332747e-05,2.835833850121074e-05,0.0031974002146131497,0.108117069981051,0.11131447019566415,0.0,0.3973499780656416,0.006792396599061711,7.691657079688672e-16,5.414772750959231e-12,1,2,1,2,False,True,False
20260809,H2,G1_cooling_coarse_030,G1,G1_cooling,cooling,0.8,test_diagnostic,True,False,False,0.4361177101614577,0.0005913765221010601,0.21835454334177937,0.019471580201750716,2.780615683869602e-05,2.835833850121074e-05,0.002121266490001217,0.10919320370566293,0.11131447019566415,0.0,0.20787512188247104,0.004510731960881031,1.6754135556825531e-15,5.242521326053954e-12,2,4,1,2,False,True,False
20260809,S1,G1_cooling_coarse_030,G1,G1_cooling,cooling,0.8,test_diagnostic,True,False,False,0.6604853186264811,0.0008941835883043443,0.33068975110739274,0.029192452467788458,2.753048905244869e-05,2.835833850121074e-05,0.0031990112552278266,0.10811545894043632,0.11131447019566415,0.0,0.3976803501805832,0.006795529332186266,4.615063025073437e-16,5.197483978837703e-12,1,2,1,2,False,True,False
20260809,S2,G1_cooling_coarse_030,G1,G1_cooling,cooling,0.8,test_diagnostic,True,False,False,0.4363217465966215,0.0005910638496093065,0.2184564052231154,0.01948131800314524,2.7805880690827816e-05,2.835833850121074e-05,0.002122338540927235,0.10919213165473692,0.11131447019566415,0.0,0.20801192855468228,0.004512817265619385,2.2846775381952877e-15,5.22658064821142e-12,2,4,1,2,False,True,False
20260809,G1,G1_cooling_coarse_030,G1,G1_cooling,cooling,0.8,test_diagnostic,True,False,False,0.6604695207945219,0.0008941826941077703,0.33068185174431486,0.029191828883254823,2.753050673626998e-05,2.835833850121074e-05,0.0031989415181939707,0.10811552867747018,0.11131447019566415,0.0,0.3976635367465674,0.006795370211256011,3.0767067071031403e-16,5.4606928991020105e-12,1,2,1,2,False,True,False
20260809,G2,G1_cooling_coarse_030,G1,G1_cooling,cooling,0.8,test_diagnostic,True,False,False,0.4363112859953607,0.000591063177083098,0.21845117458622187,0.019480896091456843,2.7805892655542294e-05,2.835833850121074e-05,0.0021222919672837792,0.10919217822838037,0.11131447019566415,0.0,0.2080049521710032,0.00451271050997122,9.138706220447143e-16,5.563796658778561e-12,2,4,1,2,False,True,False
0,A1,G1_cooling_coarse_031,G1,G1_cooling,cooling,0.775,test_diagnostic,True,False,False,276.760740177584,0.01790569911173829,138.38932293834787,99.28090079742768,0.0027496861955696034,2.7419839408145165e-05,0.8889785362619874,0.9999824881274689,0.1110039518654815,0.0,0.2902497339342586,0.004352760586885746,2.2386083213951118e-15,5.738977696667481e-14,1,2,1,2,False,True,False
0,A2,G1_cooling_coarse_031,G1,G1_cooling,cooling,0.775,test_diagnostic,True,False,False,214.57843984159067,0.01811321906914457,107.2982765303299,100.15053330728709,0.002773531379334051,2.7419839408145165e-05,0.8886140979765842,0.9996180498420657,0.1110039518654815,0.0,0.2310065369778166,0.014709016468904297,2.2193620899668216e-15,5.810693471913146e-14,2,4,1,2,False,True,False
0,R1,G1_cooling_coarse_031,G1,G1_cooling,cooling,0.775,test_diagnostic,True,False,False,3.797290242593018,0.004126199807062233,1.9007082212000401,0.1731706195646086,3.2168149986815734e-05,2.7419839408145165e-05,0.01644042601956157,0.12744437788504306,0.1110039518654815,0.0,0.3706279555561979,0.04225356328149877,1.7667530902371107e-15,4.809373719793152e-12,1,2,1,2,False,True,False
0,R2,G1_cooling_coarse_031,G1,G1_cooling,cooling,0.775,test_diagnostic,True,False,False,2.5150696724918116,0.0026494328351741045,1.258859552663493,0.10670246236502183,3.0345603790647717e-05,2.7419839408145165e-05,0.010593245959273162,0.12159719782475466,0.1110039518654815,0.0,0.32524302408405625,0.026842030695918225,1.5847307841044568e-15,5.04880821172188e-12,2,4,1,2,False,True,False
20260809,H0,G1_cooling_coarse_031,G1,G1_cooling,cooling,0.775,test_diagnostic,True,False,False,0.9996739636815458,0.0008383140348241924,0.500256138858185,0.027329790093395104,2.6670460952725954e-05,2.7419839408145165e-05,0.004499245423247172,0.10650470644223432,0.1110039518654815,1.1439589045541112,0.9990386526244641,0.009569371222913969,1.6391853749058435e-15,0.99937767825547,0,1,1,2,False,True,False
20260809,H1,G1_cooling_coarse_031,G1,G1_cooling,cooling,0.775,test_diagnostic,True,False,False,0.6596039796408149,0.0008383140348241924,0.3302211468378195,0.027329790093395104,2.6670460952725954e-05,2.7419839408145165e-05,0.002987134572766892,0.1080168172927146,0.1110039518654815,0.0,0.3972191788818807,0.006361599629319939,1.6391853749058435e-15,5.742885960982621e-12,1,2,1,2,False,True,False
20260809,H2,G1_cooling_coarse_031,G1,G1_cooling,cooling,0.775,test_diagnostic,True,False,False,0.4352902493224802,0.000553533930041997,0.2179218916262611,0.01820830796363095,2.6920570527888353e-05,2.7419839408145165e-05,0.001979207719188636,0.10902474414629286,0.1110039518654815,0.0,0.20765623904023484,0.00421895774558776,1.6239562787280562e-15,5.713402979821047e-12,2,4,1,2,False,True,False
20260809,S1,G1_cooling_coarse_031,G1,G1_cooling,cooling,0.775,test_diagnostic,True,False,False,0.6598188202327062,0.0008370328763725597,0.3303279265545394,0.02734072070042386,2.6670161237236592e-05,2.7419839408145165e-05,0.0029883445581893736,0.10801560730729212,0.1110039518654815,0.0,0.3974491604309736,0.006363647967483483,9.835222775031624e-16,5.87228367821222e-12,1,2,1,2,False,True,False
20260809,S2,G1_cooling_coarse_031,G1,G1_cooling,cooling,0.775,test_diagnostic,True,False,False,0.43543184963696924,0.0005527083161130635,0.21799227897654114,0.01821563100582605,2.6920369731247385e-05,2.7419839408145165e-05,0.0019800102554746873,0.10902394161000681,0.1110039518654815,0.0,0.2077513635030698,0.004220312201366615,4.871905175020055e-16,5.599443014489718e-12,2,4,1,2,False,True,False
20260809,G1,G1_cooling_coarse_031,G1,G1_cooling,cooling,0.775,test_diagnostic,True,False,False,0.6598175173918357,0.0008370326513355053,0.3303272750215856,0.027340672071663207,2.66701625706294e-05,2.7419839408145165e-05,0.0029883391419539412,0.10801561272352755,0.1110039518654815,0.0,0.3974477746818242,0.006363635644185272,4.917611141656506e-16,5.694265861295459e-12,1,2,1,2,False,True,False
20260809,G2,G1_cooling_coarse_031,G1,G1_cooling,cooling,0.775,test_diagnostic,True,False,False,0.4354309881348384,0.0005527081617150795,0.21799184814827674,0.018215598194257616,2.6920370630935322e-05,2.7419839408145165e-05,0.001980006645035018,0.10902394522044648,0.1110039518654815,0.0,0.20775078884832252,0.0042203039530388795,1.7863651711397517e-15,5.5395183957043696e-12,2,4,1,2,False,True,False
0,A1,G1_cooling_coarse_032,G1,G1_cooling,cooling,0.75,test_headline,True,True,False,293.79326067488523,0.01787834311147405,146.90556950899835,99.46499699603099,0.002660986640873806,2.6486704030647928e-05,0.8892755276699039,0.9999807395621098,0.1107052118922058,0.0,0.3019200559872098,0.004258029981396499,1.0865164630609621e-15,6.323525815014807e-14,1,2,1,2,False,True,False
0,A2,G1_cooling_coarse_032,G1,G1_cooling,cooling,0.75,test_headline,True,True,False,225.7111787471903,0.01808538036344081,112.86463206377687,100.3555265435563,0.0026845738334296556,2.6486704030647928e-05,0.8888529866893284,0.9995581985815343,0.1107052118922058,0.0,0.24271118159121832,0.01693723991601577,1.0769701161845263e-15,6.138729662251801e-14,2,4,1,2,False,True,False
0,R1,G1_cooling_coarse_032,G1,G1_cooling,cooling,0.75,test_headline,True,True,False,2.1445063678131064,0.0016461672809338368,1.0730762675470202,0.07337240651626979,2.843009724606075e-05,2.6486704030647928e-05,0.007331297571851039,0.11803650946405683,0.1107052118922058,0.0,0.31385899184651106,0.021206918647404635,6.35595300701812e-16,5.5981645097563875e-12,1,2,1,2,False,True,False
0,R2,G1_cooling_coarse_032,G1,G1_cooling,cooling,0.75,test_headline,True,True,False,1.4167746612239267,0.0010712242233980583,0.7089229427236624,0.046542414856158267,2.7719459197814623e-05,2.6486704030647928e-05,0.0047678702714084725,0.11547308216361427,0.1107052118922058,0.0,0.25939565938014997,0.01365771935210341,2.281614741362172e-15,5.879558216008805e-12,2,4,1,2,False,True,False
20260809,H0,G1_cooling_coarse_032,G1,G1_cooling,cooling,0.75,test_headline,True,True,False,0.9996605347551664,0.0007845204456419539,0.5002225276004042,0.025543046938633896,2.5810152906343384e-05,2.6486704030647928e-05,0.004200321115743033,0.10650489077646276,0.1107052118922058,1.1439589045541112,0.9989989522055724,0.008955918952432867,1.7502837230044701e-16,0.9991549879785686,0,1,1,2,False,True,False
20260809,H1,G1_cooling_coarse_032,G1,G1_cooling,cooling,0.75,test_headline,True,True,False,0.6589526681565814,0.0007845204456419539,0.32986859430111165,0.025543046938633896,2.5810152906343384e-05,2.6486704030647928e-05,0.002784876929047414,0.10792033496315838,0.1107052118922058,0.0,0.3969861129737704,0.005945241377938233,1.7502837230044701e-16,5.9318865656344496e-12,1,2,1,2,False,True,False
20260809,H2,G1_cooling_coarse_032,G1,G1_cooling,cooling,0.75,test_headline,True,True,False,0.4344280873092043,0.0005174779521001027,0.2174727826306522,0.016990908172152416,2.603667087468021e-05,2.6486704030647928e-05,0.0018428945716053857,0.10886231732060041,0.1107052118922058,0.0,0.2074007610631697,0.003937703918638461,2.255573224355991e-15,6.187037354408497e-12,2,4,1,2,False,True,False
20260809,S1,G1_cooling_coarse_032,G1,G1_cooling,cooling,0.75,test_headline,True,True,False,0.6591762913090551,0.0007819754293025078,0.3299791333691788,0.025555108033433468,2.5809833447695143e-05,2.6486704030647928e-05,0.002786205968464156,0.10791900592374164,0.1107052118922058,0.0,0.39722542332021343,0.005947237148842714,5.250916160901871e-16,6.110316105902813e-12,1,2,1,2,False,True,False
20260809,S2,G1_cooling_coarse_032,G1,G1_cooling,cooling,0.75,test_headline,True,True,False,0.4345754143906293,0.0005158310836606469,0.21754562273714498,0.016998964271380777,2.6036457495164307e-05,2.6486704030647928e-05,0.0018437741484835651,0.10886143774372223,0.1107052118922058,0.0,0.2074997149133089,0.003939017806059678,1.0410423275582612e-15,6.1223699283701336e-12,2,4,1,2,False,True,False
20260809,G1,G1_cooling_coarse_032,G1,G1_cooling,cooling,0.75,test_headline,True,True,False,0.659176075739451,0.000781975369165905,0.32997902555430847,0.025555100424830147,2.5809833649221967e-05,2.6486704030647928e-05,0.0027862051243740804,0.10791900676783171,0.1107052118922058,0.0,0.3972251941626538,0.005947235237986049,1.7503053733006554e-15,6.290597511642556e-12,1,2,1,2,False,True,False
20260809,G2,G1_cooling_coarse_032,G1,G1_cooling,cooling,0.75,test_headline,True,True,False,0.43457527203660146,0.0005158310431221268,0.2175455515398618,0.01699895915145989,2.6036457630774136e-05,2.6486704030647928e-05,0.0018437735868532118,0.10886143830535258,0.1107052118922058,0.0,0.20749961993844115,0.0039390165300541135,5.205211610680175e-16,6.0101108327450195e-12,2,4,1,2,False,True,False
0,A1,G1_cooling_event_reachability_confirmation,G1,G1_cooling,cooling,1.0625,test_headline,False,True,True,1.2507572120798585,0.07565886252056503,0.6632080373002117,0.6018353563227334,0.0037697310745712287,0.0023533823621082026,0.28908246522942693,0.9999949578788085,0.7109124926493816,0.0,0.16320168277252692,0.0037689702224574097,1.7324110248390691e-15,3.24827067157326e-14,1,2,1,2,False,True,False
0,A2,G1_cooling_event_reachability_confirmation,G1,G1_cooling,cooling,1.0625,test_headline,False,True,True,0.990648967739628,0.07586483872458516,0.5332569032321066,0.6113915143001554,0.0037922203682048132,0.0023533823621082026,0.28902439093889576,0.9999368835882774,0.7109124926493816,0.0,0.11701932953738547,0.0027852206373928895,1.5068700286759802e-15,3.0567934867427074e-14,2,4,1,2,False,True,False
0,R1,G1_cooling_event_reachability_confirmation,G1,G1_cooling,cooling,1.0625,test_headline,False,True,True,0.3626046578541043,0.039887581102061566,0.20124611947808294,0.0052405647042566865,0.002341049309565718,0.0023533823621082026,0.13918799044953756,0.8501004830989192,0.7109124926493816,0.0,0.13191636216241656,0.06486869054994322,1.0461212277087487e-15,5.1434293695680136e-14,1,2,1,2,False,True,False
0,R2,G1_cooling_event_reachability_confirmation,G1,G1_cooling,cooling,1.0625,test_headline,False,True,True,0.2588986928900774,0.03652120811584331,0.14770995050296035,0.03741624201540238,0.0024414370861236224,0.0023533823621082026,0.10939669349968184,0.8203091861490635,0.7109124926493816,0.0,0.09440046578127112,0.03308484810257563,1.1702909010969852e-15,4.748037370164917e-14,2,4,1,2,False,True,False
20260809,H0,G1_cooling_event_reachability_confirmation,G1,G1_cooling,cooling,1.0625,test_headline,False,True,True,0.9813579734299415,0.06924829261165603,0.5253031330207988,0.9833368818106957,3.921468844443324e-05,0.0023533823621082026,0.593159095962339,0.11775339668704267,0.7109124926493816,0.0,0.20102319145697353,0.015476045269199764,1.6263446405259847e-16,0.06289512789965146,0,1,1,2,False,True,False
20260809,H1,G1_cooling_event_reachability_confirmation,G1,G1_cooling,cooling,1.0625,test_headline,False,True,True,0.9838422062771488,0.06924829261165603,0.5265452494444024,0.9833368818106957,3.921468844443324e-05,0.0023533823621082026,0.593968803316502,0.11694368933287953,0.7109124926493816,0.0,0.14792603385934355,0.010282566551124226,1.6263446405259847e-16,2.8592765125087346e-12,1,2,1,2,False,True,False
20260809,H2,G1_cooling_event_reachability_confirmation,G1,G1_cooling,cooling,1.0625,test_headline,False,True,True,0.9855176178670032,0.069080658008779,0.5272991379378911,0.9834270470213113,3.900249522809446e-05,0.0023533823621082026,0.5944969834009212,0.11641550924846046,0.7109124926493816,0.0,0.10527781064049284,0.006844084125486289,1.144634942097044e-15,2.9134229661918618e-12,2,4,1,2,False,True,False
20260809,S1,G1_cooling_event_reachability_confirmation,G1,G1_cooling,cooling,1.0625,test_headline,False,True,True,0.19114722343021573,0.04927141612168438,0.12020931977595006,0.0062888164300291885,0.0023681823517731695,0.0023533823621082026,0.06170376130468913,0.7726162539540707,0.7109124926493816,0.0,0.07119432382671456,0.0225594583354089,5.170677367846932e-16,4.894907908228432e-14,1,2,1,2,False,True,False
20260809,S2,G1_cooling_event_reachability_confirmation,G1,G1_cooling,cooling,1.0625,test_headline,False,True,True,0.12772103406778884,0.032598647841948235,0.08015984095486854,0.009900240733245715,0.0023766814140304482,0.0023533823621082026,0.0416049144955134,0.752517407144895,0.7109124926493816,0.0,0.04641436338257736,0.012632727707068636,1.717395639280968e-16,4.8602296591651415e-14,2,4,1,2,False,True,False
20260809,G1,G1_cooling_event_reachability_confirmation,G1,G1_cooling,cooling,1.0625,test_headline,False,True,True,0.41527273386244473,0.03874126494425265,0.2270069994033487,0.17649841175991768,0.0019380141129323014,0.0023533823621082026,0.07369869178034916,0.7846111844297308,0.7109124926493816,0.0,0.151712256661432,0.0848999953524788,2.7379640581214714e-15,5.74972452205509e-14,1,2,1,2,False,True,False
20260809,G2,G1_cooling_event_reachability_confirmation,G1,G1_cooling,cooling,1.0625,test_headline,False,True,True,0.3078381151277184,0.029077001954690387,0.1684575585412044,0.0818951390807969,0.002160651786253057,0.0023533823621082026,0.05150576522786021,0.7624182578772418,0.7109124926493816,0.0,0.11693841870558466,0.034165712784436815,5.667320836775449e-16,5.270608378201167e-14,2,4,1,2,False,True,False
0,A1,G1_cooling_event_refine_03,G1,G1_cooling,cooling,1.065625,test_headline,False,True,True,0.7455991323191734,0.02929377536105789,0.38744645384011567,0.05781333868915674,0.003780818518908202,0.0035741830629526716,0.01551468112471055,0.9999950316922968,0.9844803505675862,0.0,0.16193722648359185,0.003752081924046014,1.7222651548524384e-15,3.1646622220413605e-14,1,2,1,2,False,True,False
0,A2,G1_cooling_event_refine_03,G1,G1_cooling,cooling,1.065625,test_headline,False,True,True,0.5106927178256626,0.029535523384473735,0.2701141206050682,0.06408765004980409,0.0038032440563051193,0.0035741830629526716,0.01545779910310785,0.999938149670694,0.9844803505675862,0.0,0.11599620189981646,0.002739638338435689,6.42041231334603e-16,3.124600659161734e-14,2,4,1,2,False,True,False
0,R1,G1_cooling_event_refine_03,G1,G1_cooling,cooling,1.065625,test_headline,False,True,True,0.3859451109248363,0.051615921869775164,0.21878051639730572,0.3287042604660809,0.0023993338624744218,0.0035741830629526716,0.12719435054254036,0.8572860000250458,0.9844803505675862,0.0,0.12933892095050556,0.06421150101789644,2.374669728984029e-15,4.9359206509596586e-14,1,2,1,2,False,True,False
0,R2,G1_cooling_event_refine_03,G1,G1_cooling,cooling,1.065625,test_headline,False,True,True,0.34378083503856754,0.051782016676639134,0.19778142585760333,0.30430892294664125,0.0024865272646514168,0.0035741830629526716,0.15662500606870444,0.8278553444988818,0.9844803505675862,0.0,0.09176007190792734,0.03460643227791652,8.183567002895465e-16,4.7464688616793734e-14,2,4,1,2,False,True,False
20260809,H0,G1_cooling_event_refine_03,G1,G1_cooling,cooling,1.065625,test_headline,False,True,True,0.9850523969103105,0.026067356610038547,0.5055598767601746,0.9889795034983666,3.938927194146688e-05,0.0035741830629526716,0.8664855672811349,0.11799478328645134,0.9844803505675862,0.0,0.202315849295772,0.015890701426296536,1.1300716405668608e-15,0.07476000611454914,0,1,1,2,False,True,False
20260809,H1,G1_cooling_event_refine_03,G1,G1_cooling,cooling,1.065625,test_headline,False,True,True,0.9864339720108157,0.026067356610038547,0.5062506643104271,0.9889795034983666,3.938927194146688e-05,0.0035741830629526716,0.8673569992029123,0.11712335136467389,0.9844803505675862,0.0,0.149336144515272,0.010553137143253056,1.1300716405668608e-15,2.8498792387038276e-12,1,2,1,2,False,True,False
20260809,H2,G1_cooling_event_refine_03,G1,G1_cooling,cooling,1.065625,test_headline,False,True,True,0.9873758048693487,0.02574969988505195,0.5065627523772004,0.9890434454114746,3.916073183862375e-05,0.0035741830629526716,0.8679258118132915,0.11655453875429464,0.9844803505675862,0.0,0.10655796910935762,0.007022789758913085,1.9485714566049917e-15,2.730598134522461e-12,2,4,1,2,False,True,False
20260809,S1,G1_cooling_event_refine_03,G1,G1_cooling,cooling,1.065625,test_headline,False,True,True,0.34777614537485985,0.0849020577751149,0.21633910157498737,0.32927214246351283,0.002397304148257445,0.0035741830629526716,0.20612068875740086,0.7783596618101853,0.9844803505675862,0.0,0.06754055285905461,0.024371418601067386,4.24407192754251e-15,4.991028586790012e-14,1,2,1,2,False,True,False
20260809,S2,G1_cooling_event_refine_03,G1,G1_cooling,cooling,1.065625,test_headline,False,True,True,0.3466867913877446,0.07337929335326222,0.2100330423705034,0.32943879493979455,0.0023967085017993195,0.0035741830629526716,0.2274449003679645,0.7570354501996217,0.9844803505675862,0.0,0.0440103219210836,0.01384690864197412,1.1886354741652717e-15,4.873405444077613e-14,2,4,1,2,False,True,False
20260809,G1,G1_cooling_event_refine_03,G1,G1_cooling,cooling,1.065625,test_headline,False,True,True,0.45787865627361607,0.06027257889200583,0.25907561758281095,0.42930220580802925,0.0020397783900653913,0.0035741830629526716,0.18696175489107336,0.7975185956765128,0.9844803505675862,0.0,0.14846642567386534,0.07191573222109854,9.975918253624068e-16,5.6663215680584776e-14,1,2,1,2,False,True,False
20260809,G2,G1_cooling_event_refine_03,G1,G1_cooling,cooling,1.065625,test_headline,False,True,True,0.41086845739365324,0.05485747762271869,0.23286296750818597,0.3735023409459356,0.0022392173219705344,0.0035741830629526716,0.21158680863224333,0.7728935419353429,0.9844803505675862,0.0,0.11032874616512194,0.028870341398665803,1.8174799091759635e-15,5.197992540243265e-14,2,4,1,2,False,True,False
0,A1,G1_heating_coarse_000,G1,G1_heating,heating,0.75,test_headline,True,True,False,0.6510026607326101,8.507648758486651e-05,0.3255438686100975,0.0027971708491435054,1.4974302978130671e-05,1.501630615196075e-05,5.065575252185617e-05,0.003147338419767762,0.0031979941722896183,0.0,0.39430666715907603,0.0006492170091632546,1.9609466217581953e-15,1.0609626275998799e-11,1,2,1,2,False,True,False
0,A2,G1_heating_coarse_000,G1,G1_heating,heating,0.75,test_headline,True,True,False,0.4238052179934114,5.539245760427445e-05,0.21193030522550785,0.001822872026751607,1.4988933347531203e-05,1.501630615196075e-05,3.307156135990037e-05,0.003164922610929718,0.0031979941722896183,0.0,0.20426170892778014,0.0004228771648049314,1.5069481420994505e-15,1.0398243570114627e-11,2,4,1,2,False,True,False
0,R1,G1_heating_coarse_000,G1,G1_heating,heating,0.75,test_headline,True,True,False,0.6488222182148583,8.84344101951133e-05,0.3244553263125267,0.0027831706615361806,1.4974513209233968e-05,1.501630615196075e-05,5.0404271590187826e-05,0.0031475899006994305,0.0031979941722896183,0.0,0.3920006685621034,0.0006470456118467746,1.5083993011663422e-15,1.016223693188778e-11,1,2,1,2,False,True,False
0,R2,G1_heating_coarse_000,G1,G1_heating,heating,0.75,test_headline,True,True,False,0.42238566938504873,5.757419520858579e-05,0.21122162179012866,0.0018137441432356657,1.4989070414624598e-05,1.501630615196075e-05,3.290724099712936e-05,0.003165086931292489,0.0031979941722896183,0.0,0.2033138027919098,0.00042146384418203305,1.5069343618585135e-15,1.0846913536657582e-11,2,4,1,2,False,True,False
20260809,H0,G1_heating_coarse_000,G1,G1_heating,heating,0.75,test_headline,True,True,False,0.9993990228192056,8.55686314114483e-05,0.4997422957253085,0.002794784017890469,1.49743388195195e-05,1.501630615196075e-05,7.740488966226323e-05,0.003120589282627355,0.0031979941722896183,1.1439589045541112,0.9982744339503845,0.0009958151866631326,1.5084168678400097e-16,0.9985435156941679,0,1,1,2,False,True,False
20260809,H1,G1_heating_coarse_000,G1,G1_heating,heating,0.75,test_headline,True,True,False,0.6506114276723729,8.55686314114483e-05,0.32534849815189215,0.002794784017890469,1.49743388195195e-05,1.501630615196075e-05,5.0612871626729786e-05,0.0031473813006628886,0.0031979941722896183,0.0,0.39389499844847164,0.0006488273951237676,1.5084168678400097e-16,1.0638864168875588e-11,1,2,1,2,False,True,False
20260809,H2,G1_heating_coarse_000,G1,G1_heating,heating,0.75,test_headline,True,True,False,0.42355052702320256,5.571219749451275e-05,0.21180311961034853,0.001821315790514549,1.4988956716450983e-05,1.501630615196075e-05,3.3043536742285995e-05,0.0031649506355473324,0.0031979941722896183,0.0,0.2040920798329242,0.00042262354327646245,0.0,1.0604980321216663e-11,2,4,1,2,False,True,False
20260809,S1,G1_heating_coarse_000,G1,G1_heating,heating,0.75,test_headline,True,True,False,0.6504522525053694,8.52234154378671e-05,0.3252687379604036,0.0027944844956936787,1.4974343317236506e-05,1.501630615196075e-05,5.060741305603104e-05,0.0031473867592335873,0.0031979941722896183,0.0,0.39372825984966364,0.0006486689114033984,1.0558914903387043e-15,1.0879905916450022e-11,1,2,1,2,False,True,False
20260809,S2,G1_heating_coarse_000,G1,G1_heating,heating,0.75,test_headline,True,True,False,0.4234469162101413,5.54878011633586e-05,0.21175120200565234,0.0018211199742756922,1.4988959656887575e-05,1.501630615196075e-05,3.303993529935956e-05,0.003164954236990259,0.0031979941722896183,0.0,0.2040232408795214,0.00042252011301257034,6.027781988120964e-16,1.0881352044955971e-11,2,4,1,2,False,True,False
20260809,G1,G1_heating_coarse_000,G1,G1_heating,heating,0.75,test_headline,True,True,False,0.30541831110418743,6.20285669702972e-05,0.15274016983557887,0.001294072353869304,1.499687396531226e-05,1.501630615196075e-05,2.347976695553193e-05,0.0031745144053340864,0.0031979941722896183,0.1111111111111111,0.13090534001991605,0.0003047771129303646,1.3555352122798147e-15,1.0714451547906826e-11,1,2,1,2,False,True,False
20260809,G2,G1_heating_coarse_000,G1,G1_heating,heating,0.75,test_headline,True,True,False,0.19879135800540537,4.0365812729673156e-05,0.09941586190906752,0.0008427773828213594,1.5003650748762356e-05,1.501630615196075e-05,1.5304826935334716e-05,0.0031826893453542836,0.0031979941722896183,0.1111111111111111,0.07899037841039697,0.00019843453941035096,2.4087519112083207e-15,1.0713225219087936e-11,2,4,1,2,False,True,False
0,A1,G1_heating_coarse_001,G1,G1_heating,heating,0.775,test_diagnostic,True,False,False,0.651070866356996,9.086749466449374e-05,0.3255808669258302,0.002987386993003899,1.5473446410734986e-05,1.551981008953034e-05,5.4168246392652646e-05,0.0031491644720286678,0.0032033327184213204,0.0,0.3943315735975404,0.0006933840902870223,4.661819792381205e-15,9.69983431528093e-12,1,2,1,2,False,True,False
0,A2,G1_heating_coarse_001,G1,G1_heating,heating,0.775,test_diagnostic,True,False,False,0.42389413605590026,5.916969735660343e-05,0.21197665287662842,0.0019471757953918947,1.5489590290974927e-05,1.551981008953034e-05,3.5375328877484524e-05,0.003167957389543836,0.0032033327184213204,0.0,0.20428899314870047,0.00045171071947289405,1.128960255615751e-15,9.970835857566362e-12,2,4,1,2,False,True,False
0,R1,G1_heating_coarse_001,G1,G1_heating,heating,0.775,test_diagnostic,True,False,False,0.6433285225794984,0.00010327143392411895,0.3217158970067112,0.0029331602453366327,1.5474287999560555e-05,1.551981008953034e-05,5.319320007895903e-05,0.0031501395183423614,0.0032033327184213204,0.0,0.38602368329159664,0.000685149362963777,2.2601533349746283e-15,9.662155507016559e-12,1,2,1,2,False,True,False
0,R2,G1_heating_coarse_001,G1,G1_heating,heating,0.775,test_diagnostic,True,False,False,0.4188529236619774,6.722802037389566e-05,0.20946007584117565,0.0019118152700652237,1.5490139079612663e-05,1.551981008953034e-05,3.473806821708636e-05,0.003168594650204234,0.0032033327184213204,0.0,0.20089674205836847,0.0004463505028587204,1.5522653554663508e-15,9.95114984879783e-12,2,4,1,2,False,True,False
20260809,H0,G1_heating_coarse_001,G1,G1_heating,heating,0.775,test_diagnostic,True,False,False,0.9994220930397418,9.111516611336247e-05,0.4997566041029276,0.0029852202399411132,1.547348003833103e-05,1.551981008953034e-05,8.274946190800535e-05,0.003120583256513315,0.0032033327184213204,1.1439589045541112,0.9983434148331191,0.001063413957984936,7.063347971401336e-16,0.9989273513297331,0,1,1,2,False,True,False
20260809,H1,G1_heating_coarse_001,G1,G1_heating,heating,0.775,test_diagnostic,True,False,False,0.6506946400441794,9.111516611336247e-05,0.3253928776051464,0.0029852202399411132,1.547348003833103e-05,1.551981008953034e-05,5.412925765959026e-05,0.00314920346076173,0.0032033327184213204,0.0,0.3939359368944365,0.0006929839917080278,7.063347971401336e-16,1.0107792214034747e-11,1,2,1,2,False,True,False
20260809,H2,G1_heating_coarse_001,G1,G1_heating,heating,0.775,test_diagnostic,True,False,False,0.4236492064028747,5.933053213479303e-05,0.21185426846750474,0.0019457625636840842,1.5489612224062645e-05,1.551981008953034e-05,3.534982363420647e-05,0.003167982894787114,0.0032033327184213204,0.0,0.20412591400141236,0.00045145014334887297,1.4111983212785496e-16,1.0081318567549704e-11,2,4,1,2,False,True,False
20260809,S1,G1_heating_coarse_001,G1,G1_heating,heating,0.775,test_diagnostic,True,False,False,0.6496970183001123,9.114065955211935e-05,0.3248940794798322,0.0029804077231000473,1.5473554727678457e-05,1.551981008953034e-05,5.404252573488165e-05,0.0031492901926864388,0.0032033327184213204,0.0,0.3928889282909609,0.0006919232788766904,4.2379883263835784e-16,9.891182221224185e-12,1,2,1,2,False,True,False
20260809,S2,G1_heating_coarse_001,G1,G1_heating,heating,0.775,test_diagnostic,True,False,False,0.4229996948247528,5.9346824756794805e-05,0.2115295208247548,0.0019426226077111815,1.5489660955583034e-05,1.551981008953034e-05,3.529302742478948e-05,0.003168039690996531,0.0032033327184213204,0.0,0.20369394551263145,0.0004507588556614348,2.8223877631064827e-16,9.602892125193498e-12,2,4,1,2,False,True,False
20260809,G1,G1_heating_coarse_001,G1,G1_heating,heating,0.775,test_diagnostic,True,False,False,0.24427171367423792,6.094186463024053e-05,0.12216632776943408,0.0010826431015401948,1.5503007674199696e-05,1.551981008953034e-05,1.967790511105778e-05,0.0031836548133102626,0.0032033327184213204,0.1111111111111111,0.099639035746118,0.0002603582092282559,1.1279831747348367e-15,1.0213323655636579e-11,1,2,1,2,False,True,False
20260809,G2,G1_heating_coarse_001,G1,G1_heating,heating,0.775,test_diagnostic,True,False,False,0.1589972118323615,3.965280811369096e-05,0.0795184323202376,0.0007050873009147761,1.5508867268523603e-05,1.551981008953034e-05,1.2825384195494591e-05,0.003190507334225826,0.0032033327184213204,0.1111111111111111,0.06129244608192474,0.00016951871660363403,4.2283387411956004e-16,9.663727248377842e-12,2,4,1,2,False,True,False
0,A1,G1_heating_coarse_002,G1,G1_heating,heating,0.8,test_diagnostic,True,False,False,0.6511413365832596,9.685170125306079e-05,0.3256190941422563,0.0031839246212974886,1.5972589843339325e-05,1.6023607802744497e-05,5.780662017965555e-05,0.0031510515472122263,0.003208858167391882,0.0,0.39435729844386525,0.0007390213324095786,5.568192781134298e-15,9.839526948338697e-12,1,2,1,2,False,True,False
0,A2,G1_heating_coarse_002,G1,G1_heating,heating,0.8,test_diagnostic,True,False,False,0.42398602226333787,6.307386404218948e-05,0.21202454806369003,0.0020756565351685305,1.5990348296491753e-05,1.6023607802744497e-05,3.776307406545831e-05,0.0031710950933264235,0.003208858167391882,0.0,0.20431718026716436,0.0004815127331744999,1.3242878321795802e-16,9.471571433314794e-12,2,4,1,2,False,True,False
0,R1,G1_heating_coarse_002,G1,G1_heating,heating,0.8,test_diagnostic,True,False,False,0.6258079636061542,0.0001393454799639976,0.3129736545430591,0.002978005973034964,1.5975889402998355e-05,1.6023607802744497e-05,5.409736551253335e-05,0.0031547608018793485,0.003208858167391882,1.0243938285880987,0.36583823173393226,0.0007102934636714855,1.4580350090005955e-15,9.344944018596365e-12,1,2,1,2,False,True,False
0,R2,G1_heating_coarse_002,G1,G1_heating,heating,0.8,test_diagnostic,True,False,False,0.4074866837258319,9.067279803628749e-05,0.2037886782619341,0.0019413727127215335,1.5992500007796897e-05,1.6023607802744497e-05,3.5338958171434766e-05,0.003173519209220447,0.003208858167391882,0.0,0.19290896365452345,0.0004628112936217719,2.6482193116815387e-15,9.338150936851441e-12,2,4,1,2,False,True,False
20260809,H0,G1_heating_coarse_002,G1,G1_heating,heating,0.8,test_diagnostic,True,False,False,0.9991699958149615,9.694713447285077e-05,0.49963347147471715,0.0031810515582611503,1.597263588017461e-05,1.6023607802744497e-05,8.825551810950905e-05,0.0031206026492823728,0.003208858167391882,1.1439589045541112,0.9976238402687119,0.0011329311093522959,1.9886345472547657e-15,0.998913932454414,0,1,1,2,False,True,False
20260809,H1,G1_heating_coarse_002,G1,G1_heating,heating,0.8,test_diagnostic,True,False,False,0.6506008943621304,9.694713447285077e-05,0.32534892074830163,0.0031810515582611503,1.597263588017461e-05,1.6023607802744497e-05,5.775481303937511e-05,0.0031511033543525067,0.003208858167391882,0.0,0.3937893173936968,0.0007384090252994199,1.9886345472547657e-15,9.301506655692974e-12,1,2,1,2,False,True,False
20260809,H2,G1_heating_coarse_002,G1,G1_heating,heating,0.8,test_diagnostic,True,False,False,0.42363412174100673,6.313571751425997e-05,0.2118486287292605,0.0020737816320124444,1.5990378339204595e-05,1.6023607802744497e-05,3.7729138914491256e-05,0.0031711290284773905,0.003208858167391882,0.0,0.2040829778477476,0.00048111365253651964,0.0,9.058244182236056e-12,2,4,1,2,False,True,False
20260809,S1,G1_heating_coarse_002,G1,G1_heating,heating,0.8,test_diagnostic,True,False,False,0.6477786095334656,9.731349845063035e-05,0.3239379615159581,0.0031661320720537223,1.5972874944170218e-05,1.6023607802744497e-05,5.7485761135564646e-05,0.003151372406256317,0.003208858167391882,0.0,0.39083340400441724,0.0007352113441372367,6.628682612044818e-16,9.484053934009245e-12,1,2,1,2,False,True,False
20260809,S2,G1_heating_coarse_002,G1,G1_heating,heating,0.8,test_diagnostic,True,False,False,0.42179646144681404,6.337290388531091e-05,0.21092991717534967,0.0020640455304907534,1.5990534346676906e-05,1.6023607802744497e-05,3.755289965219708e-05,0.0031713052677396847,0.003208858167391882,0.0,0.20286211470760712,0.00047902951134105236,1.3242724240643148e-16,9.279441729903468e-12,2,4,1,2,False,True,False
20260809,G1,G1_heating_coarse_002,G1,G1_heating,heating,0.8,test_diagnostic,True,False,False,0.17636558553774653,5.958867117374552e-05,0.08821258710446014,0.000797277886386735,1.6010832534583235e-05,1.6023607802744497e-05,1.451919407132558e-05,0.0031943389733205562,0.003208858167391882,0.1111111111111111,0.06834017934123131,0.00020039074078450521,1.7193716020889813e-15,9.537618795495606e-12,1,2,1,2,False,True,False
20260809,G2,G1_heating_coarse_002,G1,G1_heating,heating,0.8,test_diagnostic,True,False,False,0.11479401769943597,3.876098098840993e-05,0.05741638934021219,0.0005192225125419768,1.601528798484117e-05,1.6023607802744497e-05,9.46148924666065e-06,0.003199396678145221,0.003208858167391882,0.1111111111111111,0.042857080974715314,0.00013046948533027505,2.6444511895634844e-16,9.429187384067037e-12,2,4,1,2,False,True,False
0,A1,G1_heating_coarse_003,G1,G1_heating,heating,0.825,test_diagnostic,True,False,False,0.6512140785598387,0.00010302943828593363,0.3256585539990623,0.0033867921741153263,1.6471733275943704e-05,1.6527709192091533e-05,6.157194545879097e-05,0.0031529997576122204,0.0032145717030710114,0.0,0.39438384187313696,0.0007861308952120577,3.98921118221629e-15,8.545762992253404e-12,1,2,1,2,False,True,False
0,A2,G1_heating_coarse_003,G1,G1_heating,heating,0.825,test_diagnostic,True,False,False,0.4240808890060667,6.710526447233887e-05,0.21207399713526953,0.002208324307372023,1.649121065013746e-05,1.6527709192091533e-05,4.023564497365566e-05,0.0031743360580973557,0.0032145717030710114,0.0,0.20434627109872766,0.0005122854790302052,1.1206405182284581e-15,8.765152071130454e-12,2,4,1,2,False,True,False
0,R1,G1_heating_coarse_003,G1,G1_heating,heating,0.825,test_diagnostic,True,False,False,0.5921586967223508,0.00021439814223789142,0.29618654743229433,0.0027051515403045787,1.648299923411284e-05,1.6527709192091533e-05,4.9250322078835205e-05,0.003165321380992176,0.0032145717030710114,1.0943175335329005,0.3176022837504266,0.000714859512938693,1.9932422989770194e-15,8.702869610264743e-12,1,2,1,2,False,True,False
0,R2,G1_heating_coarse_003,G1,G1_heating,heating,0.825,test_diagnostic,True,False,False,0.3855930359754639,0.0001393855372298084,0.19286621075634686,0.0017639164972360149,1.6498555693186084e-05,1.6527709192091533e-05,3.218948949390045e-05,0.003182382213577111,0.0032145717030710114,1.0243938285880987,0.1750426328898303,0.0004658642350864249,1.1201416168093604e-15,8.953167482977581e-12,2,4,1,2,False,True,False
20260809,H0,G1_heating_coarse_003,G1,G1_heating,heating,0.825,test_diagnostic,True,False,False,0.9982020575202969,0.00010300631124394992,0.4991525319157704,0.003380807769196489,1.647183218444789e-05,1.6527709192091533e-05,9.38836426624158e-05,0.0031206880604085956,0.0032145717030710114,0.5555555555555556,0.9948625268284295,0.0012037794813444026,4.986484035221603e-16,0.9982249817628633,0,1,1,2,False,True,False
20260809,H1,G1_heating_coarse_003,G1,G1_heating,heating,0.825,test_diagnostic,True,False,False,0.6500430795194909,0.00010300631124394992,0.3250730429153674,0.003380807769196489,1.647183218444789e-05,1.6527709192091533e-05,6.146381165624947e-05,0.003153107891414762,0.0032145717030710114,0.0,0.3931542653658547,0.0007847203591036351,4.986484035221603e-16,8.70939301591805e-12,1,2,1,2,False,True,False
20260809,H2,G1_heating_coarse_003,G1,G1_heating,heating,0.825,test_diagnostic,True,False,False,0.42331821392061436,6.708996910091514e-05,0.21169265194485765,0.0022044167269268476,1.6491275233490704e-05,1.6527709192091533e-05,4.0164723316218204e-05,0.003174406979754793,0.0032145717030710114,0.0,0.20383900211957431,0.000511365502791376,4.980605020271254e-16,8.76611386592842e-12,2,4,1,2,False,True,False
20260809,S1,G1_heating_coarse_003,G1,G1_heating,heating,0.825,test_diagnostic,True,False,False,0.6432815078352172,0.00010370065698790917,0.3216926042461026,0.003343008543892342,1.6472456919051403e-05,1.6527709192091533e-05,6.078146750655841e-05,0.003153790235564453,0.0032145717030710114,0.2222222222222222,0.3861119978707427,0.0007765727062790569,9.972589835533631e-16,8.831850215721536e-12,1,2,1,2,False,True,False
20260809,S2,G1_heating_coarse_003,G1,G1_heating,heating,0.825,test_diagnostic,True,False,False,0.418915129386924,6.75387071543079e-05,0.20949133404703915,0.0021797437269315046,1.6491683021659524e-05,1.6527709192091533e-05,3.9717537841875514e-05,0.003174854165229136,0.0032145717030710114,0.0,0.20092228151912644,0.0005060541676777135,0.0,8.632918241317358e-12,2,4,1,2,False,True,False
20260809,G1,G1_heating_coarse_003,G1,G1_heating,heating,0.825,test_diagnostic,True,False,False,0.10586938208473136,5.889159642486349e-05,0.05296413684057811,0.00044026675893511145,1.652043259113291e-05,1.6527709192091533e-05,8.035547603304268e-06,0.003206536155467707,0.0032145717030710114,0.1111111111111111,0.0389832991378781,0.00012803936182423977,7.457721923942019e-16,8.478062578502685e-12,1,2,1,2,False,True,False
20260809,G2,G1_heating_coarse_003,G1,G1_heating,heating,0.825,test_diagnostic,True,False,False,0.06889113157304064,3.8288759873936326e-05,0.03446471016645729,0.0002866890178755395,1.652297087937552e-05,1.6527709192091533e-05,5.235099096339343e-06,0.003209336603974672,0.0032145717030710114,0.1111111111111111,0.024902356057955675,8.334113202518927e-05,2.4855254184683017e-16,8.836788520280353e-12,2,4,1,2,False,True,False
0,A1,G1_heating_coarse_004,G1,G1_heating,heating,0.85,test_diagnostic,True,False,False,0.6512890836913574,0.0001094010438507638,0.32569924236760406,0.0035959982349325105,1.6970876708548066e-05,1.7032124197097982e-05,6.546532889602913e-05,0.0031550092192107557,0.003220474548106785,0.0,0.39441120406787283,0.000834715010923712,3.75800257563455e-15,8.34711090838678e-12,1,2,1,2,False,True,False
0,A2,G1_heating_coarse_004,G1,G1_heating,heating,0.85,test_diagnostic,True,False,False,0.42417872269632506,7.126421181631662e-05,0.21212499345407068,0.0023451893711442947,1.6992180640462938e-05,1.7032124197097982e-05,4.279391705770035e-05,0.0031776806310490845,0.003220474548106785,0.0,0.20437626648641186,0.0005440313084407113,2.4630972076765355e-15,8.006590699410655e-12,2,4,1,2,False,True,False
0,R1,G1_heating_coarse_004,G1,G1_heating,heating,0.85,test_diagnostic,True,False,False,0.5940394837867083,0.00030164888684189946,0.29717056633677513,0.001834171863903973,1.7000884354113147e-05,1.7032124197097982e-05,3.34458085134437e-05,0.003187028739593341,0.003220474548106785,1.1439589045541112,0.26448504440985054,0.000762021837463356,8.206120696643568e-16,8.206824078417564e-12,1,2,1,2,False,True,False
0,R2,G1_heating_coarse_004,G1,G1_heating,heating,0.85,test_diagnostic,True,False,False,0.3867624200087546,0.00019585137076098057,0.1934791356897578,0.0011972388775718312,1.7011732675841584e-05,1.7032124197097982e-05,2.191967795259729e-05,0.0031985548701541876,0.003220474548106785,1.0243938285880987,0.1596295083801006,0.00049637131255883,2.2259552281109693e-15,8.396537431511238e-12,2,4,1,2,False,True,False
20260809,H0,G1_heating_coarse_004,G1,G1_heating,heating,0.85,test_diagnostic,True,False,False,0.9948115690420806,0.00010925301621794678,0.49746041102914923,0.003578451488297013,1.6971175566916017e-05,1.7032124197097982e-05,9.946901695558064e-05,0.0031210055311512042,0.003220474548106785,0.5555555555555556,0.9852532125312501,0.0012736243380418453,1.174355124407008e-16,0.9955081872216341,0,1,1,2,False,True,False
20260809,H1,G1_heating_coarse_004,G1,G1_heating,heating,0.85,test_diagnostic,True,False,False,0.6479090732536305,0.00010925301621794678,0.32400916313492417,0.003578451488297013,1.6971175566916017e-05,1.7032124197097982e-05,6.514775436511095e-05,0.003155326793741674,0.003220474548106785,0.0,0.3908698975309047,0.0008303939181535999,1.174355124407008e-16,8.508555182866094e-12,1,2,1,2,False,True,False
20260809,H2,G1_heating_coarse_004,G1,G1_heating,heating,0.85,test_diagnostic,True,False,False,0.42197679637462465,7.116747797593168e-05,0.21102398192630029,0.0023337265599186335,1.699237587648738e-05,1.7032124197097982e-05,4.258543004912732e-05,0.0031778891180576575,0.003220474548106785,0.0,0.20291358399913556,0.0005412116451889889,1.2901789516071264e-15,8.126016193204095e-12,2,4,1,2,False,True,False
20260809,S1,G1_heating_coarse_004,G1,G1_heating,heating,0.85,test_diagnostic,True,False,False,0.6335681556573688,0.00011013003750601445,0.3168391428474374,0.003493760815252853,1.697261802897764e-05,1.7032124197097982e-05,6.36172487820095e-05,0.0031568572993247754,0.003220474548106785,0.2222222222222222,0.37612949702763265,0.000812048385009984,3.1704893607172076e-15,8.160957040017971e-12,1,2,1,2,False,True,False
20260809,S2,G1_heating_coarse_004,G1,G1_heating,heating,0.85,test_diagnostic,True,False,False,0.412637194582726,7.173123053859408e-05,0.2063544629066323,0.0022784327818407683,1.699331764698293e-05,1.7032124197097982e-05,4.1581914560409345e-05,0.0031788926335463755,0.003220474548106785,0.2222222222222222,0.1967691877416551,0.000529250436669135,1.1728249543877222e-16,8.196404476234035e-12,2,4,1,2,False,True,False
20260809,G1,G1_heating_coarse_004,G1,G1_heating,heating,0.85,test_diagnostic,True,False,False,0.05466354633389208,5.988730190022647e-05,0.027361716817896155,2.392615942003926e-05,1.703171668377918e-05,1.7032124197097982e-05,4.4075902014880514e-07,0.003220033789086636,0.003220474548106785,0.1111111111111111,0.0191970664016666,7.033838343437548e-05,4.680722997981788e-16,7.662109511546292e-12,1,2,1,2,False,True,False
20260809,G2,G1_heating_coarse_004,G1,G1_heating,heating,0.85,test_diagnostic,True,False,False,0.03552953490585999,3.890882290712942e-05,0.01778422186438356,1.5531101625550264e-05,1.7031859669446178e-05,1.7032124197097982e-05,2.870743178329943e-07,0.003220187473788952,0.003220474548106785,0.1111111111111111,0.012464774411438936,4.572387757778683e-05,9.361367404862794e-16,8.171888658982424e-12,2,4,1,2,False,True,True
0,A1,G1_heating_coarse_005,G1,G1_heating,heating,0.875,test_diagnostic,True,False,False,0.6513663795848117,0.00011596687868736287,0.3257411732317495,0.003811552052879325,1.747002014115244e-05,1.7536862806583937e-05,6.94879274375157e-05,0.0031570800516902563,0.003226567979127772,0.0,0.3944393852149858,0.0008847759846996475,2.659745496387881e-15,8.101363136539455e-12,1,2,1,2,False,True,False
0,A2,G1_heating_coarse_005,G1,G1_heating,heating,0.875,test_diagnostic,True,False,False,0.4242795695473647,7.555104109785812e-05,0.21217756029423127,0.0024862627067262152,1.7493261558594953e-05,1.7536862806583937e-05,4.543880831282083e-05,0.003181129170814951,0.003226567979127772,0.0,0.20440716730022127,0.0005767526516799755,1.1067549076110272e-15,7.864821724465491e-12,2,4,1,2,False,True,False
0,R1,G1_heating_coarse_005,G1,G1_heating,heating,0.875,test_diagnostic,True,False,False,0.7031920421532998,0.000351152105933121,0.3517715971296165,0.00015700850406255644,1.7534109369988725e-05,1.7536862806583937e-05,2.6636246035515766e-06,0.0032239043545242204,0.003226567979127772,1.0540925533894598,0.24427919929815983,0.0009602089546776534,2.2083531785465006e-16,8.185261056282604e-12,1,2,1,2,False,True,False
0,R2,G1_heating_coarse_005,G1,G1_heating,heating,0.875,test_diagnostic,True,False,False,0.4577376851474252,0.0002275849657290356,0.22898263505657712,0.00010678629380764925,1.753499010999981e-05,1.7536862806583937e-05,1.956368896974172e-06,0.003224611610230798,0.003226567979127772,1.0243938285880987,0.16319328063343758,0.0006242111560481992,2.64989070998891e-15,7.983899884970772e-12,2,4,1,2,False,True,False
20260809,H0,G1_heating_coarse_005,G1,G1_heating,heating,0.875,test_diagnostic,True,False,False,0.9823063132526305,0.00011567097258693424,0.4912109921126087,0.0037489707229796613,1.7471117621349143e-05,1.7536862806583937e-05,0.0001043252981521082,0.0031222426809756638,0.003226567979127772,0.5555555555555556,0.950652724206394,0.0013328677170371221,4.4326306993526456e-16,0.9853047886433906,0,1,1,2,False,True,False
20260809,H1,G1_heating_coarse_005,G1,G1_heating,heating,0.875,test_diagnostic,True,False,False,0.6398375426656074,0.00011567097258693424,0.3199766068190972,0.0037489707229796613,1.7471117621349143e-05,1.7536862806583937e-05,6.835365684020045e-05,0.0031582143222875715,0.003226567979127772,0.1111111111111111,0.3824512162911433,0.000869158226307905,4.4326306993526456e-16,7.575144233658707e-12,1,2,1,2,False,True,False
20260809,H2,G1_heating_coarse_005,G1,G1_heating,heating,0.875,test_diagnostic,True,False,False,0.416767566064735,7.53573372431429e-05,0.20842146170098905,0.002445364989586582,1.7493978776249533e-05,1.7536862806583937e-05,4.469364595958763e-05,0.0031818743331681843,0.003226567979127772,0.0,0.19943710898924918,0.0005665580680732984,2.213419065808307e-16,7.65953667722965e-12,2,4,1,2,False,True,False
20260809,S1,G1_heating_coarse_005,G1,G1_heating,heating,0.875,test_diagnostic,True,False,False,0.6145216962065125,0.00011619749574534081,0.3073189468511289,0.0035888779240546525,1.7473925146800212e-05,1.7536862806583937e-05,6.545737769149624e-05,0.0031611106014362757,0.003226567979127772,0.2222222222222222,0.3572121289887608,0.0008348326023749526,1.5511714788992918e-15,7.633536443588985e-12,1,2,1,2,False,True,False
20260809,S2,G1_heating_coarse_005,G1,G1_heating,heating,0.875,test_diagnostic,True,False,False,0.4002796769102792,7.568564815478237e-05,0.200177681279217,0.002340827284409252,1.7495812039643343e-05,1.7536862806583937e-05,4.279413053244951e-05,0.0031837738485953225,0.003226567979127772,0.2222222222222222,0.18876139375546738,0.0005441769508303188,6.639561411460941e-16,7.435423505981392e-12,2,4,1,2,False,True,False
20260809,G1,G1_heating_coarse_005,G1,G1_heating,heating,0.875,test_diagnostic,True,False,False,0.08608545687965836,6.331825240282503e-05,0.043074387566030596,0.0004292798403572439,1.7544391028249914e-05,1.7536862806583937e-05,7.864434407588682e-06,0.0032344324135353607,0.003226567979127772,0.1111111111111111,0.028821768960445297,0.00011720110799865534,2.6484708028575533e-15,7.62560955912763e-12,1,2,1,2,False,True,False
20260809,G2,G1_heating_coarse_005,G1,G1_heating,heating,0.875,test_diagnostic,True,False,False,0.05602511589720549,4.110310450766381e-05,0.02803310950085658,0.0002795980668619406,1.754176607952348e-05,1.7536862806583937e-05,5.120037354491413e-06,0.0032316880164822634,0.003226567979127772,0.0,0.01903317178734977,7.625970409679041e-05,1.3244335599274546e-15,7.709086274484413e-12,2,4,1,2,False,True,False
0,A1,G1_heating_coarse_006,G1,G1_heating,heating,0.9,test_diagnostic,True,False,False,0.6514459575622021,0.00012272730479284785,0.3257843424334975,0.004033462820478906,1.796916357375676e-05,1.8041935047982292e-05,7.36409284035535e-05,0.0031592123784454458,0.0032328533068489993,0.0,0.3944683855077975,0.0009363161950219972,4.609062572508578e-15,7.272262728041717e-12,1,2,1,2,False,True,False
0,A2,G1_heating_coarse_006,G1,G1_heating,heating,0.9,test_diagnostic,True,False,False,0.4243834158768932,7.996608779848975e-05,0.21223169098234584,0.002631555292600352,1.7994456698318022e-05,1.8041935047982292e-05,4.817125930926206e-05,0.003184682047539737,0.0032328533068489993,0.0,0.20443897443808218,0.0006104520185131132,4.184167313078879e-16,7.297606210740872e-12,2,4,1,2,False,True,False
0,R1,G1_heating_coarse_006,G1,G1_heating,heating,0.9,test_diagnostic,True,False,False,0.9142776212017123,0.00036014666295234655,0.45731888393233233,0.002575319213059432,1.808839878995213e-05,1.8041935047982292e-05,4.794261664652641e-05,0.0032807959234955257,0.0032328533068489993,1.0540925533894598,0.24623760973971887,0.001328087977738091,0.0,7.271777162745163e-12,1,2,1,2,False,True,False
0,R2,G1_heating_coarse_006,G1,G1_heating,heating,0.9,test_diagnostic,True,False,False,0.5951512833842347,0.00023287733895121135,0.29769208036159295,0.0016687636154882786,1.8072042772743368e-05,1.8041935047982292e-05,3.0808953912493924e-05,0.003263662260761493,0.0032328533068489993,1.0243938285880987,0.17799856350386364,0.0008615565916922675,1.0415510089328723e-15,7.235029928451304e-12,2,4,1,2,False,True,False
20260809,H0,G1_heating_coarse_006,G1,G1_heating,heating,0.9,test_diagnostic,True,False,False,0.9355048522399116,0.00012242094457448518,0.46781363659224307,0.003790944960754405,1.7973539065229885e-05,1.8041935047982292e-05,0.0001056602571573393,0.00312719304969166,0.0032328533068489993,0.4444444444444444,0.8320113299262775,0.0013433359715773884,6.283555280387336e-16,0.9466051289055373,0,1,1,2,False,True,False
20260809,H1,G1_heating_coarse_006,G1,G1_heating,heating,0.9,test_diagnostic,True,False,False,0.6094144478472371,0.00012242094457448518,0.3047684343959058,0.003790944960754405,1.7973539065229885e-05,1.8041935047982292e-05,6.923768538760148e-05,0.003163615621461398,0.0032328533068489993,0.1111111111111111,0.35194594935864787,0.0008760637500812197,6.283555280387336e-16,7.573150275765496e-12,1,2,1,2,False,True,False
20260809,H2,G1_heating_coarse_006,G1,G1_heating,heating,0.9,test_diagnostic,True,False,False,0.3969912522199691,7.976244033503932e-05,0.19853550733015207,0.0024730277685788477,1.7997316841609736e-05,1.8041935047982292e-05,4.5277412958517026e-05,0.0031875758938904823,0.0032328533068489993,0.1111111111111111,0.18657462747875828,0.0005711132864066256,4.1835023629545223e-16,7.698690223427059e-12,2,4,1,2,False,True,False
20260809,S1,G1_heating_coarse_006,G1,G1_heating,heating,0.9,test_diagnostic,True,False,False,0.5812981816688434,0.00012124975578158872,0.29070971571231247,0.003588381403856333,1.797719370376653e-05,1.8041935047982292e-05,6.557233946980975e-05,0.0031672809673791895,0.0032328533068489993,0.2222222222222222,0.3260564587099289,0.0008357071227629967,2.0940926257567293e-16,7.465440210822743e-12,1,2,1,2,False,True,False
20260809,S2,G1_heating_coarse_006,G1,G1_heating,heating,0.9,test_diagnostic,True,False,False,0.3786844475070185,7.897411798947497e-05,0.189381710812504,0.0023407919850436916,1.7999702631027296e-05,1.8041935047982292e-05,4.2874811871330184e-05,0.003189978494977669,0.0032328533068489993,0.2222222222222222,0.17520445929747125,0.0005448156795841201,1.2548843568770397e-15,7.28627687081372e-12,2,4,1,2,False,True,False
20260809,G1,G1_heating_coarse_006,G1,G1_heating,heating,0.9,test_diagnostic,True,False,False,0.15003020851304985,6.931693616830753e-05,0.07504976272460907,0.0008898107909299363,1.8057988956477244e-05,1.8041935047982292e-05,1.634495703527585e-05,0.003249198263884275,0.0032328533068489993,0.0,0.04824808754405416,0.00021607041463827078,4.169446427018057e-16,7.274016236575706e-12,1,2,1,2,False,True,False
20260809,G2,G1_heating_coarse_006,G1,G1_heating,heating,0.9,test_diagnostic,True,False,False,0.09769184591168853,4.495813709469698e-05,0.04886840202439161,0.000579449278159635,1.805238943422245e-05,1.8041935047982292e-05,1.06369887220366e-05,0.003243490295571036,0.0032328533068489993,0.0,0.032303796954230746,0.00014065436059825472,6.256109569987118e-16,7.2351907176901056e-12,2,4,1,2,False,True,False
0,A1,G1_heating_coarse_007,G1,G1_heating,heating,0.925,test_diagnostic,True,False,False,0.6515278213088097,0.00012968269978157448,0.3258287520042956,0.00426174015640122,1.8468307006361143e-05,1.8547350996899498e-05,7.792556359439984e-05,0.003161406326595701,0.0032393318901901007,0.0,0.39449820514569783,0.0009893380941049432,3.1733023940347254e-15,7.032434767980207e-12,1,2,1,2,False,True,False
0,A2,G1_heating_coarse_007,G1,G1_heating,heating,0.925,test_diagnostic,True,False,False,0.42449026843712834,8.45097022135462e-05,0.21228738906967093,0.002781078589194958,1.8495769356155737e-05,1.8547350996899498e-05,5.099224723783841e-05,0.0031883396429522623,0.0032393318901901007,0.0,0.20447168882570682,0.0006451319988311739,5.941107569169856e-16,7.101999988185648e-12,2,4,1,2,False,True,False
0,R1,G1_heating_coarse_007,G1,G1_heating,heating,0.925,test_diagnostic,True,False,False,1.2450396002632387,0.00035186632167178914,0.6226957332924552,0.006236276395764084,1.8663017404125413e-05,1.8547350996899498e-05,0.00011653737724211981,0.0033558692674322205,0.0032393318901901007,1.0243938285880987,0.267133836422778,0.0019147050015963583,7.850488692158065e-16,6.760252075034619e-12,1,2,1,2,False,True,False
0,R2,G1_heating_coarse_007,G1,G1_heating,heating,0.925,test_diagnostic,True,False,False,0.8106642308880793,0.000226909997266894,0.4054455704426731,0.004044599832689671,1.8622367609638394e-05,1.8547350996899498e-05,7.505357885656105e-05,0.0033143854690466617,0.0032393318901901007,1.0243938285880987,0.20403257492661264,0.0012414764139114464,1.180143767139504e-15,6.960094557333082e-12,2,4,1,2,False,True,False
20260809,H0,G1_heating_coarse_007,G1,G1_heating,heating,0.925,test_diagnostic,True,False,False,0.7888301831121307,0.00013089168798118846,0.39448053740005595,0.003386322170258477,1.848454369101913e-05,1.8547350996899498e-05,9.464224298670956e-05,0.003144689647203391,0.0032393318901901007,0.1111111111111111,0.5476147970218395,0.0011971983689473531,0.0,0.8181979986211042,0,1,1,2,False,True,False
20260809,H1,G1_heating_coarse_007,G1,G1_heating,heating,0.925,test_diagnostic,True,False,False,0.5138768272932719,0.00013089168798118846,0.25700385949062654,0.003386322170258477,1.848454369101913e-05,1.8547350996899498e-05,6.198162149559502e-05,0.0031773502686945057,0.0032393318901901007,0.1111111111111111,0.26618967223541457,0.0007806845399908699,0.0,6.862381536486446e-12,1,2,1,2,False,True,False
20260809,H2,G1_heating_coarse_007,G1,G1_heating,heating,0.925,test_diagnostic,True,False,False,0.33476181320467935,8.527960951224545e-05,0.1674235464070958,0.0022088682477080126,1.850638234220335e-05,1.8547350996899498e-05,4.051795945082641e-05,0.0031988139307392743,0.0032393318901901007,0.1111111111111111,0.14842281357379725,0.0005089057113908078,1.9792334933893935e-16,6.805792290368768e-12,2,4,1,2,False,True,False
20260809,S1,G1_heating_coarse_007,G1,G1_heating,heating,0.925,test_diagnostic,True,False,False,0.5307582290091818,0.0001246293373487252,0.26544142917326524,0.003455548595211671,1.8483259724217264e-05,1.8547350996899498e-05,6.32846700567664e-05,0.0031760472201333343,0.0032393318901901007,0.2222222222222222,0.2826357450495505,0.000806331500106416,9.908547604610922e-16,7.022385858339853e-12,1,2,1,2,False,True,False
20260809,S2,G1_heating_coarse_007,G1,G1_heating,heating,0.925,test_diagnostic,True,False,False,0.3458023159603079,8.116574799021782e-05,0.17294174085414907,0.0022543159813263438,1.8505539407135918e-05,1.8547350996899498e-05,4.137903516396096e-05,0.0031979528550261397,0.0032393318901901007,0.2222222222222222,0.15552572641852805,0.0005257192806087653,1.9793236483036336e-15,7.005816053170726e-12,2,4,1,2,False,True,False
20260809,G1,G1_heating_coarse_007,G1,G1_heating,heating,0.925,test_diagnostic,True,False,False,0.20923190384124296,7.742394865125977e-05,0.10465466389494711,0.001325736338580921,1.8571939894100502e-05,1.8547350996899498e-05,2.441458670617404e-05,0.0032637464768962747,0.0032393318901901007,0.0,0.06516051954268741,0.00031844226449629764,0.0,7.0511772882161986e-12,1,2,1,2,False,True,False
20260809,G2,G1_heating_coarse_007,G1,G1_heating,heating,0.925,test_diagnostic,True,False,False,0.13626542340718092,5.017707053833827e-05,0.06815780023885963,0.0008632376801958917,1.856336176914784e-05,1.8547350996899498e-05,1.5882501861130827e-05,0.0032552143920512315,0.0032393318901901007,0.0,0.04409787654025812,0.00020731080154774077,1.9731583227578488e-16,7.0615390054857876e-12,2,4,1,2,False,True,False
0,A1,G1_heating_coarse_008,G1,G1_heating,heating,0.95,test_headline,True,True,False,0.6516119746284923,0.00013683345349321967,0.32587440404099277,0.004496393990059425,1.8967450438965488e-05,1.90531207767178e-05,8.234310654498672e-05,0.0031636620269980685,0.0032460051335430552,0.0,0.3945288443340074,0.0010438442083203355,3.5725748169683716e-15,6.6884241481253654e-12,1,2,1,2,False,True,False
0,A2,G1_heating_coarse_008,G1,G1_heating,heating,0.95,test_headline,True,True,False,0.4246001341964792,8.918224605820074e-05,0.2123446582212687,0.002934844423664747,1.8997202831452837e-05,1.90531207767178e-05,5.390278310221609e-05,0.003192102350440839,0.0032460051335430552,0.0,0.20450531141665568,0.0006807952633119737,2.0650934777277477e-15,6.5641812226137006e-12,2,4,1,2,False,True,False
0,R1,G1_heating_coarse_008,G1,G1_heating,heating,0.95,test_headline,True,True,False,1.6470332973868922,0.0003392463474439326,0.823686271867168,0.010274183642883968,1.9248876038547845e-05,1.90531207767178e-05,0.0001933720715238019,0.003439377205066857,0.0032460051335430552,1.0243938285880987,0.29461141462004903,0.0026739225588241116,2.7792177379183714e-15,6.539499337321928e-12,1,2,1,2,False,True,False
0,R2,G1_heating_coarse_008,G1,G1_heating,heating,0.95,test_headline,True,True,False,1.0727098710646876,0.00021812473450036677,0.536463997899594,0.006658803614574599,1.9179991766214733e-05,1.90531207767178e-05,0.0001243002620322964,0.0033703053955753516,0.0032460051335430552,1.0243938285880987,0.23365218790237058,0.0017339372135725573,5.57839840323165e-16,6.507201737369724e-12,2,4,1,2,False,True,False
20260809,H0,G1_heating_coarse_008,G1,G1_heating,heating,0.95,test_headline,True,True,False,0.553827506076434,0.00014434745063704175,0.27698592676353556,0.002119635368730106,1.901273510803478e-05,1.90531207767178e-05,5.9303115555599945e-05,0.0031867020179874553,0.0032460051335430552,0.1111111111111111,0.2549044557080292,0.0008854938732494702,5.627472051479482e-16,0.5341777276977894,0,1,1,2,False,True,False
20260809,H1,G1_heating_coarse_008,G1,G1_heating,heating,0.95,test_headline,True,True,False,0.3606595756925946,0.00014434745063704175,0.1804019615716158,0.002119635368730106,1.901273510803478e-05,1.90531207767178e-05,3.8807838036149234e-05,0.003207197295506906,0.0032460051335430552,0.1111111111111111,0.15109770045189408,0.0005775123192342819,5.627472051479482e-16,6.527679997314487e-12,1,2,1,2,False,True,False
20260809,H2,G1_heating_coarse_008,G1,G1_heating,heating,0.95,test_headline,True,True,False,0.23486676862621567,9.401551478692497e-05,0.1174803920705013,0.0013822005255078543,1.9026785543167654e-05,1.90531207767178e-05,2.5355220580844298e-05,0.003220649912962211,0.0032460051335430552,0.0,0.09230863618242385,0.00037645476358981163,3.7488776090563867e-16,6.553975280032832e-12,2,4,1,2,False,True,False
20260809,S1,G1_heating_coarse_008,G1,G1_heating,heating,0.95,test_headline,True,True,False,0.4644658142690922,0.000126180223930076,0.23229599724651115,0.0031795641823985283,1.8992540156333233e-05,1.90531207767178e-05,5.837987157578106e-05,0.003187625261967274,0.0032460051335430552,0.2222222222222222,0.23190268833969768,0.0007446323854117563,1.6900367390873277e-15,7.080690591196219e-12,1,2,1,2,False,True,False
20260809,S2,G1_heating_coarse_008,G1,G1_heating,heating,0.95,test_headline,True,True,False,0.3026477856780828,8.215693453582228e-05,0.15136497130630933,0.0020743300318793742,1.9013598316089628e-05,1.90531207767178e-05,3.8166888434140126e-05,0.003207838245108915,0.0032460051335430552,0.2222222222222222,0.13130256657576245,0.0004855301195920579,1.3130171989674717e-15,6.595848112070321e-12,2,4,1,2,False,True,False
20260809,G1,G1_heating_coarse_008,G1,G1_heating,heating,0.95,test_headline,True,True,False,0.25614745535063616,8.688037690532823e-05,0.12811716786377075,0.0017068633305352846,1.9085641849903838e-05,1.90531207767178e-05,3.151109059967242e-05,0.0032775162241427277,0.0032460051335430552,0.0,0.07791077778202853,0.00041141811441154104,2.0555242506817817e-15,6.596177320437853e-12,1,2,1,2,False,True,False
20260809,G2,G1_heating_coarse_008,G1,G1_heating,heating,0.95,test_headline,True,True,False,0.16683963663975923,5.626951321103661e-05,0.08344795307648513,0.0011113297615759042,1.9074295076887865e-05,1.90531207767178e-05,2.0492185775774965e-05,0.00326649731931883,0.0032460051335430552,0.0,0.05313980880196267,0.0002678402866081009,9.348850115767547e-16,6.454633096928235e-12,2,4,1,2,False,True,False
0,A1,G1_heating_coarse_009,G1,G1_heating,heating,0.975,test_diagnostic,True,False,False,0.6516984214449314,0.0001441799681310598,0.32592130070653125,0.004737434565106955,1.9466593871569827e-05,1.9559254560191e-05,8.689487315251309e-05,0.0031659796142604443,0.0032528744874129574,0.0,0.39456030328330516,0.0010998371386299814,4.2842711809009276e-15,6.38517066123522e-12,1,2,1,2,False,True,False
0,A2,G1_heating_coarse_009,G1,G1_heating,heating,0.975,test_diagnostic,True,False,False,0.42471302034241015,9.398409260214462e-05,0.21240350221750615,0.003092864993759835,1.949876042645775e-05,1.9559254560191e-05,5.690391228226543e-05,0.003195970575130692,0.0032528744874129574,0.0,0.20453984319274507,0.000717444564101216,7.128672566035223e-16,6.225291535104414e-12,2,4,1,2,False,True,False
0,R1,G1_heating_coarse_009,G1,G1_heating,heating,0.975,test_diagnostic,True,False,False,2.0447909594094043,0.0003261784248325225,1.0225585689171184,0.014342723298832731,1.9839787536279253e-05,1.9559254560191e-05,0.0002721188106409073,0.0035249932980538647,0.0032528744874129574,1.0243938285880987,0.3181218683088244,0.0035007474232490246,1.5763809269963764e-15,6.426029272182561e-12,1,2,1,2,False,True,False
0,R2,G1_heating_coarse_009,G1,G1_heating,heating,0.975,test_diagnostic,True,False,False,1.332081810573289,0.00020906427717757068,0.6661454374252332,0.009285317474536795,1.9740868448347656e-05,1.9559254560191e-05,0.0001744069345308687,0.003427281421943826,0.0032528744874129574,1.0243938285880987,0.2589074522401189,0.0022699912260684043,3.168559959728506e-15,6.069376602859971e-12,2,4,1,2,False,True,False
20260809,H0,G1_heating_coarse_009,G1,G1_heating,heating,0.975,test_diagnostic,True,False,False,0.6329366761999442,0.00015726669945663796,0.3165469714497004,0.0001546943908464795,1.95562288532214e-05,1.9559254560191e-05,3.1801898878391563e-06,0.0032496942975251183,0.0032528744874129574,0.0,0.19911554109698593,0.0010685726566427294,5.330793051936713e-16,0.15245013719879522,0,1,1,2,False,True,False
20260809,H1,G1_heating_coarse_009,G1,G1_heating,heating,0.975,test_diagnostic,True,False,False,0.41222382813080943,0.00015726669945663796,0.20619054741513304,0.0001546943908464795,1.95562288532214e-05,1.9559254560191e-05,2.309745585440861e-06,0.0032505647418275166,0.0032528744874129574,0.0,0.1364023996418357,0.0006965997230450042,5.330793051936713e-16,6.4523919100641955e-12,1,2,1,2,False,True,False
20260809,H2,G1_heating_coarse_009,G1,G1_heating,heating,0.975,test_diagnostic,True,False,False,0.2684766604290474,0.00010236646600395831,0.13428951344752568,0.00010213101329390431,1.9557256953703496e-05,1.9559254560191e-05,1.6005614739745579e-06,0.003251273925938983,0.0032528744874129574,0.0,0.09111264841164031,0.0004539670703793932,3.5536752125522526e-16,6.006777211777072e-12,2,4,1,2,False,True,False
20260809,S1,G1_heating_coarse_009,G1,G1_heating,heating,0.975,test_diagnostic,True,False,False,0.389233143021652,0.00012655869407041928,0.19467985085786121,0.0027878265439117214,1.9504726751148974e-05,1.9559254560191e-05,5.133636045331121e-05,0.0032015381269596462,0.0032528744874129574,0.2222222222222222,0.18142916341537413,0.0006576718957544429,1.4252983935352437e-15,6.411704823318302e-12,1,2,1,2,False,True,False
20260809,S2,G1_heating_coarse_009,G1,G1_heating,heating,0.975,test_diagnostic,True,False,False,0.253655879691175,8.237470106280394e-05,0.1268691271961189,0.001818750970735115,1.95236811469728e-05,1.9559254560191e-05,3.3554249314979995e-05,0.0032193202380979774,0.0032528744874129574,0.2222222222222222,0.10578163524941508,0.00042885322079655593,1.2459253231265557e-15,6.2223290530258954e-12,2,4,1,2,False,True,False
20260809,G1,G1_heating_coarse_009,G1,G1_heating,heating,0.975,test_diagnostic,True,False,False,0.2879700820643861,9.692425665758412e-05,0.14403350316052185,0.0020073397465719704,1.9598516629282992e-05,1.9559254560191e-05,3.7145453628156886e-05,0.0032900199410411143,0.0032528744874129574,0.0,0.08630079154774722,0.0004874476318505213,3.5461938562252267e-16,6.2955579529566455e-12,1,2,1,2,False,True,False
20260809,G2,G1_heating_coarse_009,G1,G1_heating,heating,0.975,test_diagnostic,True,False,False,0.18758574705092715,6.274387492906085e-05,0.0938242454629281,0.0013069298004011957,1.9584817132849348e-05,1.9559254560191e-05,2.415011884766751e-05,0.003277024606260625,0.0032528744874129574,0.0,0.059151898725586766,0.00031733282943449903,5.323011605657502e-16,6.1280283941531086e-12,2,4,1,2,False,True,False
0,A1,G1_heating_coarse_010,G1,G1_heating,heating,1.0,test_diagnostic,True,False,False,0.6517871658041834,0.0001517226584085195,0.325969444231296,0.004984872443095664,1.9965737304174192e-05,2.006576257106439e-05,9.158222232772588e-05,0.0031683592267551463,0.003259941449082872,0.0,0.3945925822108495,0.0011573195610397778,3.903037987537945e-15,6.0668483083682215e-12,1,2,1,2,False,True,False
0,A2,G1_heating_coarse_010,G1,G1_heating,heating,1.0,test_diagnostic,True,False,False,0.4248289342844768,9.891562681284228e-05,0.21246392495564484,0.003255152871878476,2.000044544640476e-05,2.006576257106439e-05,5.99967151188284e-05,0.0031999447339640438,0.003259941449082872,0.0,0.20457528516357626,0.0007550827355148844,3.388056329141653e-16,5.880988176124083e-12,2,4,1,2,False,True,False
0,R1,G1_heating_coarse_010,G1,G1_heating,heating,1.0,test_diagnostic,True,False,False,2.4022346029296417,0.0003140873366268978,1.2012743451331342,0.01830068809365478,2.0432979833238773e-05,2.006576257106439e-05,0.0003500506153990891,0.0036099920644819612,0.003259941449082872,1.0243938285880987,0.33598129664440285,0.004333091040992044,8.290841122217655e-16,5.918499843506299e-12,1,2,1,2,False,True,False
0,R2,G1_heating_coarse_010,G1,G1_heating,heating,1.0,test_diagnostic,True,False,False,1.5652540739996927,0.00020065986523794813,0.7827273669324654,0.011832898602633002,2.0303198704952305e-05,2.006576257106439e-05,0.00022363616478608553,0.0034835776138689577,0.003259941449082872,1.0243938285880987,0.27844003231657277,0.0028090257285373742,1.3350139899643585e-15,5.7904563047216595e-12,2,4,1,2,False,True,False
20260809,H0,G1_heating_coarse_010,G1,G1_heating,heating,1.0,test_diagnostic,True,False,False,1.0309270385583793,0.00016093704980593243,0.5155439878040926,0.002031803318499115,2.0106532254044495e-05,2.006576257106439e-05,6.095580378381871e-05,0.003320897252866691,0.003259941449082872,0.0,0.24659821426571393,0.0018460342902954878,1.1795630506274732e-15,0.18414728678159742,0,1,1,2,False,True,False
20260809,H1,G1_heating_coarse_010,G1,G1_heating,heating,1.0,test_diagnostic,True,False,False,0.6718198397034503,0.00016093704980593243,0.3359903883766281,0.002031803318499115,2.0106532254044495e-05,2.006576257106439e-05,3.897527703306848e-05,0.0032989167261159406,0.003259941449082872,0.0,0.18339717677228973,0.001200860730684537,1.1795630506274732e-15,5.83074866825884e-12,1,2,1,2,False,True,False
20260809,H2,G1_heating_coarse_010,G1,G1_heating,heating,1.0,test_diagnostic,True,False,False,0.43780032820813497,0.00010468713328569816,0.21895250767071034,0.0013188890478467421,2.009222708555606e-05,2.006576257106439e-05,2.509384163451459e-05,0.0032850352907173867,0.003259941449082872,0.0,0.13047476293344487,0.000781663861221044,1.686289814757702e-16,6.004878030352179e-12,2,4,1,2,False,True,False
20260809,S1,G1_heating_coarse_010,G1,G1_heating,heating,1.0,test_diagnostic,True,False,False,0.31418647826375895,0.00012690101708349598,0.15715668964042123,0.002333970916718491,2.001892966480175e-05,2.006576257106439e-05,4.311760375413573e-05,0.0032168238453287364,0.003259941449082872,0.2222222222222222,0.1372520330275742,0.0005588085002822122,3.3849280113855214e-16,6.1559993279062785e-12,1,2,1,2,False,True,False
20260809,S2,G1_heating_coarse_010,G1,G1_heating,heating,1.0,test_diagnostic,True,False,False,0.2047715289298407,8.256031772329691e-05,0.10242704462378201,0.001522634844094019,2.003520974180037e-05,2.006576257106439e-05,2.8174847458374043e-05,0.003231766601624498,0.003259941449082872,0.2222222222222222,0.08218346838136359,0.0003644015955537196,3.3821775091761455e-16,6.076589221861323e-12,2,4,1,2,False,True,False
20260809,G1,G1_heating_coarse_010,G1,G1_heating,heating,1.0,test_diagnostic,True,False,False,0.3038350735054855,0.0001069449021535227,0.1519710092038195,0.002207004589298607,2.0110047801146507e-05,2.006576257106439e-05,4.092925385868742e-05,0.0033008707029415596,0.003259941449082872,0.0,0.09049697577393574,0.0005412734443061045,3.369590985083624e-16,5.901670130824716e-12,1,2,1,2,False,True,False
20260809,G2,G1_heating_coarse_010,G1,G1_heating,heating,1.0,test_diagnostic,True,False,False,0.1979378934867731,6.92072774241728e-05,0.09900355038209864,0.0014369454225899453,2.009459597674166e-05,2.006576257106439e-05,2.6605966722107605e-05,0.0032865474158049798,0.003259941449082872,0.0,0.06215865250945324,0.0003523700313043292,1.1802637162036691e-15,6.127254778120197e-12,2,4,1,2,False,True,False
0,A1,G1_heating_coarse_011,G1,G1_heating,heating,1.025,test_diagnostic,True,False,False,0.6518782118749428,0.0001594619516982709,0.3260188369133205,0.005238718507284363,2.046488073677854e-05,2.057265508572008e-05,9.640655666915765e-05,0.0031708010066329867,0.0032672075633021443,0.0,0.39462568133944,0.0012162942270603039,4.038008418941052e-15,5.522218793407024e-12,1,2,1,2,False,True,False
0,A2,G1_heating_coarse_011,G1,G1_heating,heating,1.025,test_diagnostic,True,False,False,0.42494788365602204,0.0001039772455019493,0.21252593045076199,0.0034217210092316024,2.0502261199597597e-05,2.057265508572008e-05,6.318230751961368e-05,0.0032040252557825307,0.0032672075633021443,0.0,0.20461163836780327,0.0007937126947715174,8.061292352412183e-16,5.713199116001562e-12,2,4,1,2,False,True,False
0,R1,G1_heating_coarse_011,G1,G1_heating,heating,1.025,test_diagnostic,True,False,False,2.706569023650636,0.00030386481119613223,1.3534364442309161,0.022070220533831716,2.1026698120428377e-05,2.057265508572008e-05,0.0004255306846504721,0.0036927382479526164,0.0032672075633021443,1.0243938285880987,0.3490918378459789,0.005138421029568654,9.432278171430147e-16,5.505620768663784e-12,1,2,1,2,False,True,False
0,R2,G1_heating_coarse_011,G1,G1_heating,heating,1.025,test_diagnostic,True,False,False,1.7638753509853393,0.00019349109214661817,0.882034421038743,0.014252143159457406,2.0865859511171903e-05,2.057265508572008e-05,0.00027098784169003656,0.003538195404992181,0.0032672075633021443,1.0,0.2930547216284223,0.0033299063892869296,7.920820195639802e-16,5.513366105377045e-12,2,4,1,2,False,True,False
20260809,H0,G1_heating_coarse_011,G1,G1_heating,heating,1.025,test_diagnostic,True,False,False,1.4436411948962922,0.00015995341835463962,0.7219005741573234,0.004177978298316505,2.065860719220697e-05,2.057265508572008e-05,0.0001255970776177515,0.003392804640919896,0.0032672075633021443,0.0,0.2859181066858499,0.002732459149726065,1.280045415474627e-15,0.3574202644309579,0,1,1,2,False,True,False
20260809,H1,G1_heating_coarse_011,G1,G1_heating,heating,1.025,test_diagnostic,True,False,False,0.941069927875428,0.00015995341835463962,0.4706149406468913,0.004177978298316505,2.065860719220697e-05,2.057265508572008e-05,8.016809797962553e-05,0.00334737566128177,0.0032672075633021443,0.0,0.22283019580545108,0.0017744456499512037,1.280045415474627e-15,5.758604312866477e-12,1,2,1,2,False,True,False
20260809,H2,G1_heating_coarse_011,G1,G1_heating,heating,1.025,test_diagnostic,True,False,False,0.6134519451392663,0.00010400746205241474,0.30677797630065934,0.0027103385364751625,2.062841394559652e-05,2.057265508572008e-05,5.155684116785056e-05,0.003318764404469995,0.0032672075633021443,0.0,0.16515644277477215,0.0011538777715615776,2.0831183474091537e-15,5.607434111479687e-12,2,4,1,2,False,True,False
20260809,S1,G1_heating_coarse_011,G1,G1_heating,heating,1.025,test_diagnostic,True,False,False,0.24716243805770488,0.0001281592277085399,0.12364529864270671,0.0018739019641468198,2.0534103946947235e-05,2.057265508572008e-05,3.474103231935468e-05,0.0032324665309827897,0.0032672075633021443,0.1111111111111111,0.10211173812944273,0.00046219259925443356,4.82927490313141e-16,5.501670945477407e-12,1,2,1,2,False,True,False
20260809,S2,G1_heating_coarse_011,G1,G1_heating,heating,1.025,test_diagnostic,True,False,False,0.16110130268788755,8.333608407970819e-05,0.08059231938598363,0.0012224970770999609,2.0547505075009602e-05,2.057265508572008e-05,2.269612096446414e-05,0.00324451144233768,0.0032672075633021443,0.1111111111111111,0.06250936841220736,0.00030140192803144664,1.1260958891942463e-15,5.472504279801412e-12,2,4,1,2,False,True,False
20260809,G1,G1_heating_coarse_011,G1,G1_heating,heating,1.025,test_diagnostic,True,False,False,0.3041823754172368,0.00011652175077181567,0.1521494485840043,0.0022920815574276584,2.061980928902938e-05,2.057265508572008e-05,4.2590329585315105e-05,0.0033097978928874595,0.0032672075633021443,1.0,0.09079419058571006,0.000569562878513763,6.412269642218519e-16,5.732889673625466e-12,1,2,1,2,False,True,False
20260809,G2,G1_heating_coarse_011,G1,G1_heating,heating,1.025,test_diagnostic,True,False,False,0.19817938555438133,7.539034950586809e-05,0.0991273879519436,0.0014924260054595708,2.060335825117136e-05,2.057265508572008e-05,2.768446772337743e-05,0.0032948920310255218,0.0032672075633021443,0.0,0.06232810870952392,0.0003707842726911487,2.406521103025672e-15,5.779180211546063e-12,2,4,1,2,False,True,False
0,A1,G1_heating_coarse_012,G1,G1_heating,heating,1.05,test_diagnostic,True,False,False,0.6519715639509357,0.00016739828818680463,0.32606948111956124,0.005498983966538746,2.0964024169382866e-05,2.1079942434847653e-05,0.00010136932316231464,0.0031733050998376216,0.0032746744229999363,0.0,0.39465960089812163,0.001276763964187128,5.541136450808086e-15,5.248071900743125e-12,1,2,1,2,False,True,False
0,A2,G1_heating_coarse_012,G1,G1_heating,heating,1.05,test_diagnostic,True,False,False,0.42506987631764465,0.00010916935747624404,0.21258952283756044,0.003592582740170825,2.1004210997492425e-05,2.1079942434847653e-05,6.646184158785179e-05,0.0032082125814120845,0.0032746744229999363,0.0,0.20464890387214396,0.0008333374427379227,7.681298241580249e-16,5.325904948782086e-12,2,4,1,2,False,True,False
0,R1,G1_heating_coarse_012,G1,G1_heating,heating,1.05,test_diagnostic,True,False,False,2.953820183766206,0.0002962516257891778,1.4770582176959977,0.025587957411096138,2.1619335104098893e-05,2.1079942434847653e-05,0.0004971318355364183,0.0037718062585363546,0.0032746744229999363,1.0,0.3585223930484982,0.005895850135737784,2.089568911472413e-15,5.3427291967904654e-12,1,2,1,2,False,True,False
0,R2,G1_heating_coarse_012,G1,G1_heating,heating,1.05,test_diagnostic,True,False,False,1.925341618625216,0.00018803478608640033,0.9627648267056511,0.016503528255474426,2.1427835860444936e-05,2.1079942434847653e-05,0.00031561884560073064,0.003590293268600667,0.0032746744229999363,1.0,0.30374281028738775,0.0038191791478071222,4.5176641276774e-16,5.282203486884676e-12,2,4,1,2,False,True,False
20260809,H0,G1_heating_coarse_012,G1,G1_heating,heating,1.05,test_diagnostic,True,False,False,1.7923913041501773,0.000166627795797309,0.8962789659729873,0.006185575057348593,2.121033400098299e-05,2.1079942434847653e-05,0.00018754621126814645,0.0034622206342680827,0.0032746744229999363,0.0,0.3113394629211135,0.003577548186958542,3.0426604124827415e-16,0.4536764581878113,0,1,1,2,False,True,False
20260809,H1,G1_heating_coarse_012,G1,G1_heating,heating,1.05,test_diagnostic,True,False,False,1.1686814361201487,0.000166627795797309,0.584424031957973,0.006185575057348593,2.121033400098299e-05,2.1079942434847653e-05,0.00011929654161406183,0.003393970964613998,0.0032746744229999363,0.0,0.24957674406072816,0.0023199836321945535,3.0426604124827415e-16,5.32952397850477e-12,1,2,1,2,False,True,False
20260809,H2,G1_heating_coarse_012,G1,G1_heating,heating,1.05,test_diagnostic,True,False,False,0.7619969773392387,0.00010836370446666527,0.38105267052185265,0.004009147662075205,2.1164455036777002e-05,2.1079942434847653e-05,7.655155057732831e-05,0.0033512259735772646,0.0032746744229999363,0.0,0.1899983310759263,0.0015074037128558339,2.439404879102633e-15,5.220021515669759e-12,2,4,1,2,False,True,False
20260809,S1,G1_heating_coarse_012,G1,G1_heating,heating,1.05,test_diagnostic,True,False,False,0.19298551327979077,0.00013073531616093347,0.09655812429797585,0.0014493549528515174,2.104939011587388e-05,2.1079942434847653e-05,2.697617553027885e-05,0.0032476982474696574,0.0032746744229999363,0.1111111111111111,0.07622715842165426,0.00037900261174640486,1.9928510094256176e-15,5.373952691263419e-12,1,2,1,2,False,True,False
20260809,S2,G1_heating_coarse_012,G1,G1_heating,heating,1.05,test_diagnostic,True,False,False,0.12579034516007587,8.49664541466856e-05,0.06293765580711128,0.0009455743861588732,2.1060009781219557e-05,2.1079942434847653e-05,1.7621309127322047e-05,0.0032570531138726142,0.0032746744229999363,0.0,0.04747612667253416,0.0002471388032943287,4.596567922148687e-16,5.4515295556683444e-12,2,4,1,2,False,True,False
20260809,G1,G1_heating_coarse_012,G1,G1_heating,heating,1.05,test_diagnostic,True,False,False,0.29045599990440774,0.00012541319276949156,0.1452907065485886,0.0022555891628840996,2.1127490124557916e-05,2.1079942434847653e-05,4.198302389218488e-05,0.003316657446892121,0.0032746744229999363,1.0,0.08755059122502125,0.0005709123250772619,2.1382137799567197e-15,5.49643125093446e-12,1,2,1,2,False,True,False
20260809,G2,G1_heating_coarse_012,G1,G1_heating,heating,1.05,test_diagnostic,True,False,False,0.189247583450334,8.11395142291428e-05,0.09466436148228156,0.0014688199661096804,2.11109050751804e-05,2.1079942434847653e-05,2.729154582121725e-05,0.0033019659688211535,0.0032746744229999363,0.0,0.05991929581967322,0.00037166036908816726,9.170972542934827e-16,5.252063125796398e-12,2,4,1,2,False,True,False
0,A1,G1_heating_coarse_013,G1,G1_heating,heating,1.075,test_diagnostic,True,False,False,0.6520672264523006,0.00017553212103580995,0.32612137928666823,0.005765680359382282,2.14631676019873e-05,2.158763500514196e-05,0.00010647201390341166,0.0031758716561203814,0.003282343670023793,0.0,0.3946943411217182,0.0013387316763904661,1.7621353342753679e-15,4.864521434878343e-12,1,2,1,2,False,True,False
0,A2,G1_heating_coarse_013,G1,G1_heating,heating,1.075,test_diagnostic,True,False,False,0.42519492036011436,0.00011449238369563947,0.212654706371905,0.0037677517866630005,2.1506298154781507e-05,2.158763500514196e-05,6.983650627346476e-05,0.0032125071637503283,0.003282343670023793,0.0,0.20468708277233866,0.0008739600647072453,7.327505828125557e-16,5.233890862913522e-12,2,4,1,2,False,True,False
0,R1,G1_heating_coarse_013,G1,G1_heating,heating,1.075,test_diagnostic,True,False,False,3.143526054489622,0.0002918864398641011,1.571908970464743,0.02879442350148198,2.2209238509875435e-05,2.158763500514196e-05,0.0005634506642748175,0.0038457943342986105,0.003282343670023793,1.0,0.36508777664590836,0.00658927277782233,5.676467475478568e-16,4.914685540269347e-12,1,2,1,2,False,True,False
0,R2,G1_heating_coarse_013,G1,G1_heating,heating,1.075,test_diagnostic,True,False,False,2.0493364932452063,0.00018469714742698975,1.0247605951963166,0.01855043187976101,2.198809495774999e-05,2.158763500514196e-05,0.0003567183948771156,0.0036390620649009086,0.003282343670023793,1.0,0.31128956766555066,0.004266556934117861,7.166947631132716e-16,5.013853223787829e-12,2,4,1,2,False,True,False
20260809,H0,G1_heating_coarse_013,G1,G1_heating,heating,1.075,test_diagnostic,True,False,False,2.066004904446408,0.00019118206294723063,1.0330980432546777,0.008030670276421414,2.1760998183915988e-05,2.158763500514196e-05,0.00024566771330641586,0.003528011383330209,0.003282343670023793,0.0,0.3273185061111757,0.004340358909749783,2.896696626481845e-16,0.5129657509440749,0,1,1,2,False,True,False
20260809,H1,G1_heating_coarse_013,G1,G1_heating,heating,1.075,test_diagnostic,True,False,False,1.347360130612239,0.00019118206294723063,0.6737756563375931,0.008030670276421414,2.1760998183915988e-05,2.158763500514196e-05,0.00015574966919121606,0.003438093339215009,0.003282343670023793,0.0,0.26705351612884265,0.0028113557049931725,2.896696626481845e-16,4.972179759356089e-12,1,2,1,2,False,True,False
20260809,H2,G1_heating_coarse_013,G1,G1_heating,heating,1.075,test_diagnostic,True,False,False,0.8786737615791138,0.00012437816062866154,0.43939906986987126,0.005200813672918349,2.1699908272442673e-05,2.158763500514196e-05,9.973387799065096e-05,0.003382077548014444,0.003282343670023793,0.0,0.20693845228239074,0.0018254547999994955,2.9048514508366353e-16,5.245290264775715e-12,2,4,1,2,False,True,False
20260809,S1,G1_heating_coarse_013,G1,G1_heating,heating,1.075,test_diagnostic,True,False,False,0.1534169829345714,0.00013453598668072538,0.07677575946062606,0.0010838634960159963,2.156423695559457e-05,2.158763500514196e-05,2.0265329120641978e-05,0.003262078340903151,0.003282343670023793,0.1111111111111111,0.0585519982451575,0.0003160758116396172,1.023094559539036e-15,4.945054475349105e-12,1,2,1,2,False,True,False
20260809,S2,G1_heating_coarse_013,G1,G1_heating,heating,1.075,test_diagnostic,True,False,False,0.09998906520901726,8.73933021997589e-05,0.05003822925560851,0.0007072061093630941,2.1572368097779623e-05,2.158763500514196e-05,1.3238386032614347e-05,0.0032691052839911787,0.003282343670023793,0.0,0.03693932792052565,0.0002060654568706974,1.4610127581383825e-15,5.020916444618365e-12,2,4,1,2,False,True,False
20260809,G1,G1_heating_coarse_013,G1,G1_heating,heating,1.075,test_diagnostic,True,False,False,0.26492818533685647,0.00013353301674368424,0.13253085917680008,0.0020975549387182396,2.1632916255562242e-05,2.158763500514196e-05,3.909425024537774e-05,0.0033214379202691708,0.003282343670023793,1.0,0.08119525923157604,0.0005459787109834111,0.0,4.96840066911896e-12,1,2,1,2,False,True,False
20260809,G2,G1_heating_coarse_013,G1,G1_heating,heating,1.075,test_diagnostic,True,False,False,0.1726197990883219,8.640129190954618e-05,0.08635310019011572,0.0013661103359946768,2.1617126096452165e-05,2.158763500514196e-05,2.5417976110755826e-05,0.003307761646134549,0.003282343670023793,0.0,0.05527595173111861,0.0003554208036852766,4.3739632465695155e-16,5.171045148869369e-12,2,4,1,2,False,True,False
0,A1,G1_heating_coarse_014,G1,G1_heating,heating,1.1,test_diagnostic,True,False,False,0.6521652039271125,0.0001838639165470209,0.32617453392182977,0.006038819558221863,2.196231103459161e-05,2.2095743241028985e-05,0.00011171616684838405,0.003178500829055401,0.003290216995903785,0.0,0.39472990225146165,0.0014022003446240662,3.92687975749416e-15,5.016308398787539e-12,1,2,1,2,False,True,False
0,A2,G1_heating_coarse_014,G1,G1_heating,heating,1.1,test_diagnostic,True,False,False,0.4253230241064896,0.00011994675743465431,0.21272148543196212,0.003947242262908672,2.2008525989477617e-05,2.2095743241028985e-05,7.330752804731843e-05,0.0032169094678564667,0.003290216995903785,0.0,0.2047261761930526,0.0009155837311973663,5.59804833757622e-16,5.122494131299124e-12,2,4,1,2,False,True,False
0,R1,G1_heating_coarse_014,G1,G1_heating,heating,1.1,test_diagnostic,True,False,False,3.2769034688171317,0.00029129898272834765,1.63859738389993,0.03163293456092748,2.279469644104751e-05,2.2095743241028985e-05,0.0006231007422757111,0.003913317738179496,0.003290216995903785,1.0,0.36935573354728196,0.007205114543614919,1.2161196507034146e-15,4.837994219309451e-12,1,2,1,2,False,True,False
0,R2,G1_heating_coarse_014,G1,G1_heating,heating,1.1,test_diagnostic,True,False,False,2.136637210220689,0.00018381030634249536,1.0684105102635157,0.020358310685631452,2.2545575246759794e-05,2.2095743241028985e-05,0.0003934984235889668,0.003683715419492752,0.003290216995903785,1.0,0.3162609592495734,0.0046634328003108995,6.830874294591628e-16,4.815629760201209e-12,2,4,1,2,False,True,False
20260809,H0,G1_heating_coarse_014,G1,G1_heating,heating,1.1,test_diagnostic,True,False,False,2.270184230553967,0.00023449905575672838,1.1352093648048618,0.009735821372472036,2.231086345031565e-05,2.2095743241028985e-05,0.0003002200633175161,0.003590437059221301,0.003290216995903785,0.0,0.33705594639489195,0.005011505540575552,4.1416413332320545e-16,0.5528420832002753,0,1,1,2,False,True,False
20260809,H1,G1_heating_coarse_014,G1,G1_heating,heating,1.1,test_diagnostic,True,False,False,1.4808087156061507,0.00023449905575672838,0.7405216073309537,0.009735821372472036,2.231086345031565e-05,2.2095743241028985e-05,0.00018980686466865855,0.0034800238605724437,0.003290216995903785,0.0,0.27809649434015915,0.0032429232594215233,4.1416413332320545e-16,4.882857077169485e-12,1,2,1,2,False,True,False
20260809,H2,G1_heating_coarse_014,G1,G1_heating,heating,1.1,test_diagnostic,True,False,False,0.9658870393718533,0.00015255812017747272,0.48301979874601536,0.006300954919693238,2.2234967523107825e-05,2.2095743241028985e-05,0.00012133131982900022,0.0034115483157327853,0.003290216995903785,0.0,0.21805535420873345,0.0021045489388083747,4.155778242081651e-16,4.843698067087567e-12,2,4,1,2,False,True,False
20260809,S1,G1_heating_coarse_014,G1,G1_heating,heating,1.1,test_diagnostic,True,False,False,0.12753508379552697,0.0001391926293278933,0.06383713821242744,0.0007857947380759376,2.2078380522256308e-05,2.2095743241028985e-05,1.4773912360680104e-05,0.003275443083543105,0.003290216995903785,0.0,0.04746311070215935,0.0002753341177163472,0.0,4.926181539339887e-12,1,2,1,2,False,True,False
20260809,S2,G1_heating_coarse_014,G1,G1_heating,heating,1.1,test_diagnostic,True,False,False,0.08310158655570103,9.037894591497884e-05,0.041595982750808,0.0005128306155574305,2.208441186742149e-05,2.2095743241028985e-05,9.653963936665389e-06,0.0032805630319671197,0.003290216995903785,0.0,0.030220430834564563,0.00017943674340254685,6.97351558802702e-16,5.168909224157387e-12,2,4,1,2,False,True,False
20260809,G1,G1_heating_coarse_014,G1,G1_heating,heating,1.1,test_diagnostic,True,False,False,0.23062398034921203,0.00014092590599209262,0.11538245312760206,0.0018249579848556062,2.213606704408802e-05,2.2095743241028985e-05,3.404374325622749e-05,0.0033242607391600126,0.003290216995903785,1.0,0.07228823494031744,0.0004977556344189294,4.1743456080922143e-16,4.663857203067828e-12,1,2,1,2,False,True,False
20260809,G2,G1_heating_coarse_014,G1,G1_heating,heating,1.1,test_diagnostic,True,False,False,0.15026456451690917,9.120610216846326e-05,0.07517788530953881,0.0011887804954934787,2.2122010229627352e-05,2.2095743241028985e-05,2.2139601716074115e-05,0.0033123565976198592,0.003290216995903785,0.0,0.04885349558962865,0.0003240065456321649,1.113866154558536e-15,4.798813860376814e-12,2,4,1,2,False,True,False
0,A1,G1_heating_coarse_015,G1,G1_heating,heating,1.125,test_diagnostic,True,False,False,0.6522655010530497,0.00019239415433355933,0.32622894760369164,0.006318413773652705,2.246145446719596e-05,2.2604277646420573e-05,0.00011710336658844744,0.0031811927760553057,0.003298296142643753,0.0,0.39476628453418866,0.0014671730273440602,4.156536429025918e-15,4.608660327047704e-12,1,2,1,2,False,True,False
0,A2,G1_heating_coarse_015,G1,G1_heating,heating,1.125,test_diagnostic,True,False,False,0.42545419611583735,0.000125532924449871,0.21278986452014362,0.0041310686801470965,2.2510897822998096e-05,2.2604277646420573e-05,7.687617159996994e-05,0.0032214199710437832,0.003298296142643753,0.0,0.2047661852876994,0.0009582116987730554,4.013619614414182e-16,4.722157263678766e-12,2,4,1,2,False,True,False
0,R1,G1_heating_coarse_015,G1,G1_heating,heating,1.125,test_diagnostic,True,False,False,3.3561506126315734,0.00029491061139022795,1.6782227616214818,0.034050683430095104,2.3373968748724815e-05,2.2604277646420573e-05,0.0006747501037857851,0.003973046246429538,0.003298296142643753,1.0,0.37171019057839466,0.007731658730401754,1.675014865400984e-15,4.3927909081627564e-12,1,2,1,2,False,True,False
0,R2,G1_heating_coarse_015,G1,G1_heating,heating,1.125,test_diagnostic,True,False,False,2.1886606166774056,0.00018563451195086463,1.0944231255946784,0.0218952585424035,2.3099204149653224e-05,2.2604277646420573e-05,0.0004252110627427767,0.00372350720538653,0.003298296142643753,1.0,0.3190518744770517,0.00500242244205469,6.518996675895941e-16,4.777120764096546e-12,2,4,1,2,False,True,False
20260809,H0,G1_heating_coarse_015,G1,G1_heating,heating,1.125,test_diagnostic,True,False,False,2.4158325240141103,0.00029083607373960285,1.208061680043925,0.011358788846424675,2.2861034863232222e-05,2.2604277646420573e-05,0.0003525862623957087,0.003650882405039462,0.003298296142643753,0.0,0.3424688436969167,0.005595141133962184,1.4491207381042844e-15,0.5825265404211742,0,1,1,2,False,True,False
20260809,H1,G1_heating_coarse_015,G1,G1_heating,heating,1.125,test_diagnostic,True,False,False,1.5761231023293134,0.00029083607373960285,0.7882069692015266,0.011358788846424675,2.2861034863232222e-05,2.2604277646420573e-05,0.00022244747313254027,0.0035207436157762935,0.003298296142643753,0.0,0.2845612661206673,0.0036177500111676444,1.4491207381042844e-15,4.642192415392622e-12,1,2,1,2,False,True,False
20260809,H2,G1_heating_coarse_015,G1,G1_heating,heating,1.125,test_diagnostic,True,False,False,1.0282551749900395,0.00018912836320108287,0.5142221516766203,0.0073478518495219015,2.277037052973193e-05,2.2604277646420573e-05,0.00014201349076453955,0.0034403096334082927,0.003298296142643753,0.0,0.2248821904929804,0.0023468235974191476,2.6452557699192416e-16,4.80550389442379e-12,2,4,1,2,False,True,False
20260809,S1,G1_heating_coarse_015,G1,G1_heating,heating,1.125,test_diagnostic,True,False,False,0.11222901327784485,0.00014425001574808435,0.056186631646796464,0.0005531372910986847,2.259177437751599e-05,2.2604277646420573e-05,1.0475019977198956e-05,0.0032878211226665542,0.003298296142643753,0.0,0.04102457853627359,0.000253597392412872,1.0664669896299697e-15,4.933609602401944e-12,1,2,1,2,False,True,False
20260809,S2,G1_heating_coarse_015,G1,G1_heating,heating,1.125,test_diagnostic,True,False,False,0.07310684055124342,9.362888146052361e-05,0.03660023471635197,0.00036111880439778537,2.2596114816702622e-05,2.2604277646420573e-05,6.8491702993407795e-06,0.0032914469723444124,0.003298296142643753,0.0,0.026288964557660104,0.00016519121316628155,2.1325242685507657e-15,4.511088524585576e-12,2,4,1,2,False,True,False
20260809,G1,G1_heating_coarse_015,G1,G1_heating,heating,1.125,test_diagnostic,True,False,False,0.19140641259729888,0.0001477417482828947,0.09577707717279088,0.0014512768823644196,2.263708271201137e-05,2.2604277646420573e-05,2.7076122667996864e-05,0.00332537226531175,0.003298296142643753,0.0,0.06164848231272475,0.0004321923484846583,2.2617064475256033e-15,4.759561656484026e-12,1,2,1,2,False,True,False
20260809,G2,G1_heating_coarse_015,G1,G1_heating,heating,1.125,test_diagnostic,True,False,False,0.12469774535809226,9.565144271085061e-05,0.06239669840040156,0.0009455297227816714,2.2625650662797273e-05,2.2604277646420573e-05,1.7612555086470028e-05,0.003315908697730223,0.003298296142643753,0.0,0.04128790920515942,0.00028128353883243815,2.6621755513096764e-16,4.574283141037853e-12,2,4,1,2,False,True,False
0,A1,G1_heating_coarse_016,G1,G1_heating,heating,1.15,test_diagnostic,True,False,False,0.652368122639751,0.00020112332749715628,0.32628462298362404,0.006604475558964264,2.2960597899800308e-05,2.3113248786499e-05,0.00012263524515211937,0.003183947658387037,0.0033065829035391564,0.0,0.39480348822315003,0.0015336528610458485,4.3627284154282955e-15,4.5970325944451204e-12,1,2,1,2,False,True,False
0,A2,G1_heating_coarse_016,G1,G1_heating,heating,1.15,test_diagnostic,True,False,False,0.42558844518656763,0.00013125134315379258,0.2128598482648607,0.004319245951581499,2.301341698025002e-05,2.3113248786499e-05,8.054374056467618e-05,0.0032260391629744803,0.0033065829035391564,0.0,0.20480711123970274,0.0010018473108986123,6.40105195633387e-16,4.6910749367188395e-12,2,4,1,2,False,True,False
0,R1,G1_heating_coarse_016,G1,G1_heating,heating,1.15,test_diagnostic,True,False,False,3.3841418658743088,0.00030305258324185525,1.6922224592287753,0.036000310926173104,2.394533292932696e-05,2.3113248786499e-05,0.0007171702956372678,0.004023753199176424,0.0033065829035391564,1.0,0.3724040871651465,0.008158932892329985,3.6911596481401796e-16,4.418318098823797e-12,1,2,1,2,False,True,False
0,R2,G1_heating_coarse_016,G1,G1_heating,heating,1.15,test_diagnostic,True,False,False,2.2072647767765328,0.00019037263038584678,1.1037275747034594,0.02313285083915895,2.3647924123085454e-05,2.3113248786499e-05,0.0004511724530089833,0.0037577553565481397,0.0033065829035391564,1.0,0.31993127986759146,0.005277270129758341,1.3704465958050424e-15,4.566826401439058e-12,2,4,1,2,False,True,False
20260809,H0,G1_heating_coarse_016,G1,G1_heating,heating,1.15,test_diagnostic,True,False,False,2.5151608082412493,0.0003537107503224398,1.257757259495786,0.012976911290935776,2.3413187365646728e-05,2.3113248786499e-05,0.00040483595530729907,0.0037114188588464555,0.0033065829035391564,0.0,0.34476436342403727,0.006102340654315231,1.1325162006737192e-15,0.6075137101155509,0,1,1,2,False,True,False
20260809,H1,G1_heating_coarse_016,G1,G1_heating,heating,1.15,test_diagnostic,True,False,False,1.6412547319593542,0.0003537107503224398,0.8208042213548383,0.012976911290935776,2.3413187365646728e-05,2.3113248786499e-05,0.0002550631141356721,0.0035616460176748285,0.0033065829035391564,0.0,0.28769310244994484,0.003943334906303843,1.1325162006737192e-15,4.450788668647717e-12,1,2,1,2,False,True,False
20260809,H2,G1_heating_coarse_016,G1,G1_heating,heating,1.15,test_diagnostic,True,False,False,1.0709560815855723,0.0002298776620562652,0.5355929796238142,0.008392260434981851,2.330722118981383e-05,2.3113248786499e-05,0.00016270415581420448,0.003469287059353361,0.0033065829035391564,0.0,0.22853496687686467,0.002557276517961018,2.275330360926307e-15,4.450040557002771e-12,2,4,1,2,False,True,False
20260809,S1,G1_heating_coarse_016,G1,G1_heating,heating,1.15,test_diagnostic,True,False,False,0.10338679374496004,0.00014927703266286475,0.05176803538881145,0.00037764418144338463,2.3104520202580527e-05,2.3113248786499e-05,7.224024524679282e-06,0.003299358879014477,0.0033065829035391564,0.0,0.0373203823236513,0.0002442463126122417,8.926136837659372e-16,4.570182060881602e-12,1,2,1,2,False,True,False
20260809,S2,G1_heating_coarse_016,G1,G1_heating,heating,1.15,test_diagnostic,True,False,False,0.06732918894958544,9.68638015443774e-05,0.033713026375564906,0.00024667998443293337,2.3107547210648153e-05,2.3113248786499e-05,4.728627749121632e-06,0.003301854275790035,0.0033065829035391564,0.0,0.024021167499992578,0.00015902718926209358,7.649972181321341e-16,4.579528346811669e-12,2,4,1,2,False,True,False
20260809,G1,G1_heating_coarse_016,G1,G1_heating,heating,1.15,test_diagnostic,True,False,False,0.1524161180664442,0.0001542058253043694,0.07628516194587429,0.0009955471020902374,2.313625911434829e-05,2.3113248786499e-05,1.854306388913594e-05,0.0033251259674282924,0.0033065829035391564,0.0,0.050616396675172586,0.0003597255194990574,2.8015088309795095e-15,4.586961345486963e-12,1,2,1,2,False,True,False
20260809,G2,G1_heating_coarse_016,G1,G1_heating,heating,1.15,test_diagnostic,True,False,False,0.09927081816984368,9.988254757745663e-05,0.049685350358710564,0.000648674147358432,2.3128241753448267e-05,2.3113248786499e-05,1.2062290466536858e-05,0.0033186451940056933,0.0033065829035391564,0.0,0.033547666980170095,0.0002340496013420846,1.910781796822843e-15,4.48868121164311e-12,2,4,1,2,False,True,False
0,A1,G1_heating_coarse_017,G1,G1_heating,heating,1.175,test_diagnostic,True,False,False,0.6524730736296691,0.00021005194280853458,0.3263415627862388,0.006897017814756489,2.3459741332404677e-05,2.362266728953265e-05,0.00012831348283456933,0.0031867656411883843,0.0033150791240229537,0.0,0.3948415135776853,0.0016016430608157633,3.9332285897994925e-15,4.4369276760806905e-12,1,2,1,2,False,True,False
0,A2,G1_heating_coarse_017,G1,G1_heating,heating,1.175,test_diagnostic,True,False,False,0.42572578035837083,0.00013710248479169594,0.21293144142158127,0.004511789397487356,2.3516086789715365e-05,2.362266728953265e-05,8.431157826544041e-05,0.0032307675457575132,0.0033150791240229537,0.0,0.20484895526139668,0.0010464939988079137,9.809511053330327e-16,4.174927904297392e-12,2,4,1,2,False,True,False
0,R1,G1_heating_coarse_017,G1,G1_heating,heating,1.175,test_diagnostic,True,False,False,3.3642702712841563,0.0003159916983563155,1.6822931314912564,0.03744151221758656,2.450713567546567e-05,2.362266728953265e-05,0.0007492870496058181,0.004064366173628772,0.0033150791240229537,1.0,0.3715957301474103,0.008478803541927945,0.0,4.119521681374366e-12,1,2,1,2,False,True,False
0,R2,G1_heating_coarse_017,G1,G1_heating,heating,1.175,test_diagnostic,True,False,False,2.194646728903348,0.00019818983360117432,1.0974224593684745,0.02404699833581809,2.4190721530531625e-05,2.362266728953265e-05,0.00047078714081843793,0.0037858662648413916,0.0033150791240229537,1.0,0.31907531195302996,0.005482889519611869,9.535941828094715e-16,4.189377643627711e-12,2,4,1,2,False,True,False
20260809,H0,G1_heating_coarse_017,G1,G1_heating,heating,1.175,test_diagnostic,True,False,False,2.5806932609001008,0.0004124183566495599,1.2905528396283752,0.014653621526800213,2.3968824915446984e-05,2.362266728953265e-05,0.00045875932921695534,0.003773838453239909,0.0033150791240229537,0.0,0.3449377104140728,0.006549193357742076,2.4060557214271586e-16,0.6309295147886084,0,1,1,2,False,True,False
20260809,H1,G1_heating_coarse_017,G1,G1_heating,heating,1.175,test_diagnostic,True,False,False,1.6843611003207646,0.0004124183566495599,0.8423867593387071,0.014653621526800213,2.3968824915446984e-05,2.362266728953265e-05,0.00028882840893958107,0.0036039075329625347,0.0033150791240229537,0.0,0.28854107490402725,0.0042304523202939814,2.4060557214271586e-16,4.294448554389264e-12,1,2,1,2,False,True,False
20260809,H2,G1_heating_coarse_017,G1,G1_heating,heating,1.175,test_diagnostic,True,False,False,1.0993032034791417,0.0002678776153448037,0.5497855405472433,0.00947558824772045,2.3846505958081155e-05,2.362266728953265e-05,0.0001841713464461989,0.0034992504704691525,0.0033150791240229537,0.0,0.22998728888698433,0.002743045310402067,0.0,4.367988487912923e-12,2,4,1,2,False,True,False
20260809,S1,G1_heating_coarse_017,G1,G1_heating,heating,1.175,test_diagnostic,True,False,False,0.09745473797140675,0.0001539185237023263,0.04880432824755453,0.00024781367916827966,2.3616813269439862e-05,2.362266728953265e-05,4.813019183352602e-06,0.003310266104839601,0.0033150791240229537,0.0,0.03487091719635195,0.00024046335836764475,1.2209591460487685e-16,4.387394595411644e-12,1,2,1,2,False,True,False
20260809,S2,G1_heating_coarse_017,G1,G1_heating,heating,1.175,test_diagnostic,True,False,False,0.06345290675224896,9.985331073386759e-05,0.031776380031491414,0.00016200564163539564,2.361884028416127e-05,2.362266728953265e-05,3.1560234441587592e-06,0.003311923100578795,0.0033150791240229537,0.0,0.022513051769386436,0.00015650587313115392,3.6625630828942897e-16,4.322068608687454e-12,2,4,1,2,False,True,False
20260809,G1,G1_heating_coarse_017,G1,G1_heating,heating,1.175,test_diagnostic,True,False,False,0.1211014945151844,0.00016058317240600476,0.0606310388437952,0.0004809051783874204,2.363402755255951e-05,2.362266728953265e-05,8.875385667951336e-06,0.003323954509690905,0.0033150791240229537,0.0,0.04154473157909412,0.0002985615373314014,1.9521117404283086e-15,4.171296768343966e-12,1,2,1,2,False,True,False
20260809,G2,G1_heating_coarse_017,G1,G1_heating,heating,1.175,test_diagnostic,True,False,False,0.07884814728296181,0.00010406939916427615,0.03947610834106304,0.0003132148583440125,2.3630066259921448e-05,2.362266728953265e-05,5.766150988178054e-06,0.0033208452750111317,0.0033150791240229537,0.0,0.027225518757400823,0.00019419745144791178,8.541920573252368e-16,4.231911506862749e-12,2,4,1,2,False,True,False
0,A1,G1_heating_coarse_018,G1,G1_heating,heating,1.2,test_diagnostic,True,False,False,0.6525803591008488,0.00021918052089855405,0.32639976981087365,0.007196053793752714,2.395888476500903e-05,2.4132543848724547e-05,0.0001341398090555189,0.003189646893484662,0.003323786702540181,0.0,0.3948803608631273,0.00167114692089318,3.888896545554113e-15,4.088408722876026e-12,1,2,1,2,False,True,False
0,A2,G1_heating_coarse_018,G1,G1_heating,heating,1.2,test_diagnostic,True,False,False,0.4258662109171222,0.00014308683362775114,0.21300464887537496,0.004708714750522558,2.4018910583536426e-05,2.4132543848724547e-05,8.818106849160139e-05,0.0032356056340485796,0.003323786702540181,0.0,0.20489171859532837,0.0010921552824087603,8.22855892396197e-16,3.9431254363625755e-12,2,4,1,2,False,True,False
0,R1,G1_heating_coarse_018,G1,G1_heating,heating,1.2,test_diagnostic,True,False,False,3.300349205749115,0.0003339453793486116,1.6503415755642317,0.038342499241844366,2.5057845892948044e-05,2.4132543848724547e-05,0.0007702275172453013,0.004094014219785482,0.003323786702540181,1.0,0.36937248710110404,0.008685140945884986,1.0140930918878515e-15,3.839469122897615e-12,1,2,1,2,False,True,False
0,R2,G1_heating_coarse_018,G1,G1_heating,heating,1.2,test_diagnostic,True,False,False,2.1532787776204065,0.00020922619397497022,1.0767440019071908,0.024618713415828143,2.4726656029731203e-05,2.4132543848724547e-05,0.0004835705868246683,0.0038073572893648493,0.003323786702540181,1.0,0.31659008688919854,0.005615451300405313,2.283724215777042e-15,3.948787541500084e-12,2,4,1,2,False,True,False
20260809,H0,G1_heating_coarse_018,G1,G1_heating,heating,1.2,test_diagnostic,True,False,False,2.6241207592497697,0.0004476830633284942,1.312284221156549,0.0163937878236825,2.4528167652226252e-05,2.4132543848724547e-05,0.0005145564728207819,0.003838343175360963,0.003323786702540181,0.0,0.34399292014256433,0.006954343580808009,2.7626456546253057e-15,0.6533938158245899,0,1,1,2,False,True,False
20260809,H1,G1_heating_coarse_018,G1,G1_heating,heating,1.2,test_diagnostic,True,False,False,1.7130572649886178,0.0004476830633284942,0.8567524740259731,0.0163937878236825,2.4528167652226252e-05,2.4132543848724547e-05,0.00032385404137166753,0.0036476407439118485,0.003323786702540181,0.0,0.28814403856711385,0.004491532648019736,2.7626456546253057e-15,4.050038529680699e-12,1,2,1,2,False,True,False
20260809,H2,G1_heating_coarse_018,G1,G1_heating,heating,1.2,test_diagnostic,True,False,False,1.1182568865465383,0.0002906312495038639,0.5592737588980211,0.010600812706446023,2.4388368426194972e-05,2.4132543848724547e-05,0.0002064781989416049,0.003530264901481786,0.003323786702540181,0.0,0.23019438721936972,0.002912342902989653,6.946204292571882e-16,4.062603350582211e-12,2,4,1,2,False,True,False
20260809,S1,G1_heating_coarse_018,G1,G1_heating,heating,1.2,test_diagnostic,True,False,False,0.09220741822613428,0.0001579138225981048,0.046182666024366194,0.0001508828638268683,2.4128902661397224e-05,2.4132543848724547e-05,3.007717662352038e-06,0.003320778984877829,0.003323786702540181,0.0,0.03278692353793151,0.00023740991443272795,2.457314662827997e-15,3.9519470527471406e-12,1,2,1,2,False,True,False
20260809,S2,G1_heating_coarse_018,G1,G1_heating,heating,1.2,test_diagnostic,True,False,False,0.06002567652848141,0.0001024279954501942,0.030064052261965804,9.876774454280516e-05,2.413016033179853e-05,2.4132543848724547e-05,1.9781195307482825e-06,0.0033218085830094327,0.003323786702540181,0.0,0.021212769909507476,0.00015447080042544164,1.1700888509197448e-15,4.07928076096151e-12,2,4,1,2,False,True,False
20260809,G1,G1_heating_coarse_018,G1,G1_heating,heating,1.2,test_diagnostic,True,False,False,0.10717452560739948,0.0001671384289392638,0.05367083201816938,6.729881004278502e-05,2.4130919757240223e-05,2.4132543848724547e-05,1.4530960093985662e-06,0.0033223336065307824,0.003323786702540181,0.0,0.03795953862188409,0.00027584653183806523,2.223098851285046e-15,4.0214688167719585e-12,1,2,1,2,False,True,False
20260809,G2,G1_heating_coarse_018,G1,G1_heating,heating,1.2,test_diagnostic,True,False,False,0.06978575619114807,0.00010838091610061247,0.034947068553624346,4.437782027974341e-05,2.4131472899030736e-05,2.4132543848724547e-05,9.695141772931605e-07,0.003322817188362888,0.003323786702540181,0.0,0.02459932667252238,0.00017950260053931582,7.020151242308315e-16,4.109479534726586e-12,2,4,1,2,False,True,False
0,A1,G1_heating_coarse_019,G1,G1_heating,heating,1.225,test_diagnostic,True,False,False,0.6526899842686945,0.00022850959645013237,0.32645924693257233,0.007501597105713443,2.4458028197613395e-05,2.464288922409327e-05,0.00014011600324581684,0.0031925915882059066,0.0033327075914517234,0.0,0.3949200303512183,0.0017421678152553684,3.61870135562977e-15,4.0734137978481234e-12,1,2,1,2,False,True,False
0,A2,G1_heating_coarse_019,G1,G1_heating,heating,1.225,test_diagnostic,True,False,False,0.42600974639763456,0.0001492048871349463,0.21307947564238475,0.004910038161131918,2.4521891697602426e-05,2.464288922409327e-05,9.215363629859431e-05,0.003240553955153129,0.0033327075914517234,0.0,0.20493540251378878,0.0011388347712061762,7.895293445893184e-16,3.960279192460024e-12,2,4,1,2,False,True,False
0,R1,G1_heating_coarse_019,G1,G1_heating,heating,1.225,test_diagnostic,True,False,False,3.1965387822932243,0.0003570735386102497,1.5984479279159172,0.03868120370267796,2.559610584199295e-05,2.464288922409327e-05,0.0007793602042156173,0.004112067795667341,0.0033327075914517234,1.0,0.36576588662699827,0.008773991897190093,0.0,3.9330351653576214e-12,1,2,1,2,False,True,False
0,R2,G1_heating_coarse_019,G1,G1_heating,heating,1.225,test_diagnostic,True,False,False,2.0858608535492724,0.0002235933676999637,1.0430422234584862,0.02483473436716461,2.525488883201309e-05,2.464288922409327e-05,0.0004891681151913303,0.0038218757066430537,0.0033327075914517234,1.0,0.3125272402143908,0.005672479407109723,1.3141955462086272e-15,3.840517451203678e-12,2,4,1,2,False,True,False
20260809,H0,G1_heating_coarse_019,G1,G1_heating,heating,1.225,test_diagnostic,True,False,False,2.6532665742045585,0.00045082587914228536,1.3268587000418504,0.018124772325682322,2.508953598072697e-05,2.464288922409327e-05,0.0005702143343216466,0.00390292192577337,0.0033327075914517234,0.0,0.3427393830668654,0.007331403472114507,0.0,0.6732540898941102,0,1,1,2,False,True,False
20260809,H1,G1_heating_coarse_019,G1,G1_heating,heating,1.225,test_diagnostic,True,False,False,1.7324331090313636,0.00045082587914228536,0.8664419674552529,0.018124772325682322,2.508953598072697e-05,2.464288922409327e-05,0.0003588080106868598,0.003691515602138583,0.0033327075914517234,0.0,0.28732016702921925,0.004735552271047679,0.0,3.901986506871009e-12,1,2,1,2,False,True,False
20260809,H2,G1_heating_coarse_019,G1,G1_heating,heating,1.225,test_diagnostic,True,False,False,1.1311287748937704,0.000292535638486437,0.5657106552661284,0.011720375118088946,2.4931713129793155e-05,2.464288922409327e-05,0.0002287472548705852,0.0035614548463223086,0.0033327075914517234,0.0,0.2298941696965604,0.003071052235071715,1.109358933414141e-15,3.836828807106149e-12,2,4,1,2,False,True,False
20260809,S1,G1_heating_coarse_019,G1,G1_heating,heating,1.225,test_diagnostic,True,False,False,0.08661153800534126,0.00016109855581131297,0.043386318280576285,7.413649346859956e-05,2.464106228669726e-05,2.464288922409327e-05,1.5720212183890567e-06,0.0033311355702333343,0.0033327075914517234,0.0,0.03065184382955449,0.00023250475175766105,0.0,4.054829854335885e-12,1,2,1,2,False,True,False
20260809,S2,G1_heating_coarse_019,G1,G1_heating,heating,1.225,test_diagnostic,True,False,False,0.05637188490112553,0.00010448063999640828,0.02823818277056097,4.8670465741970496e-05,2.4641689843197506e-05,2.464288922409327e-05,1.0406921887116255e-06,0.0033316668992630118,0.0033327075914517234,0.0,0.019862346856206314,0.00015123404009856556,1.459140364171772e-15,3.887935621118924e-12,2,4,1,2,False,True,False
20260809,G1,G1_heating_coarse_019,G1,G1_heating,heating,1.225,test_diagnostic,True,False,False,0.11492308150227314,0.0001740965496008604,0.057548589025937,0.0006236196222585238,2.4627521434823982e-05,2.464288922409327e-05,1.1965883777644015e-05,0.0033207417076740794,0.0033327075914517234,0.0,0.04191684359304463,0.00030840371443121694,2.0215105188840205e-15,3.835479291162615e-12,1,2,1,2,False,True,False
20260809,G2,G1_heating_coarse_019,G1,G1_heating,heating,1.225,test_diagnostic,True,False,False,0.0748914155937472,0.00011295975601930928,0.03750218767488325,0.0004075365726010563,2.4632846345479896e-05,2.464288922409327e-05,7.835203252977256e-06,0.003324872388198746,0.0033327075914517234,0.0,0.026887101716499006,0.00020096236912339036,1.0105367633179322e-15,3.791646217831472e-12,2,4,1,2,False,True,False
0,A1,G1_heating_coarse_020,G1,G1_heating,heating,1.25,test_diagnostic,True,False,False,0.6528019544872453,0.00023803971839855736,0.3265199971028219,0.007813661722567398,2.4957171630217717e-05,2.51537142443895e-05,0.00014624389576348238,0.0031955999022045775,0.00334184379796806,0.0,0.39496052231968387,0.00181470919821296,4.778676075176894e-15,3.802522880547577e-12,1,2,1,2,False,True,False
0,A2,G1_heating_coarse_020,G1,G1_heating,heating,1.25,test_diagnostic,True,False,False,0.4261563965864113,0.00015545715618950042,0.2131559268713004,0.0051157762032225116,2.5025033471635394e-05,2.51537142443895e-05,9.623074883607181e-05,0.003245613049131988,0.00334184379796806,0.0,0.204980008319157,0.0011865361652585189,2.5994822513569616e-15,3.922185470255762e-12,2,4,1,2,False,True,False
0,R1,G1_heating_coarse_020,G1,G1_heating,heating,1.25,test_diagnostic,True,False,False,3.0572835900346433,0.00038544793540663943,1.528834518985025,0.03844613181924429,2.6120777257972903e-05,2.51537142443895e-05,0.0007763244130336261,0.004118168211001686,0.00334184379796806,1.0,0.3607611255509389,0.008743730873505252,1.0376817674468042e-15,3.642678076445265e-12,1,2,1,2,False,True,False
0,R2,G1_heating_coarse_020,G1,G1_heating,heating,1.25,test_diagnostic,True,False,False,1.9952802082121954,0.00024135548175554855,0.9977607818469755,0.024687968873988577,2.5774708358720192e-05,2.51537142443895e-05,0.00048736898628780204,0.003829212784255862,0.00334184379796806,1.0,0.30689471537992075,0.005652938547610784,1.2619372728444779e-15,3.67749553594762e-12,2,4,1,2,False,True,False
20260809,H0,G1_heating_coarse_020,G1,G1_heating,heating,1.25,test_diagnostic,True,False,False,2.669475653368518,0.0004321520045259533,1.334953902686522,0.019737394790473393,2.565018303287777e-05,2.51537142443895e-05,0.0006225438804619422,0.003964387678430002,0.00334184379796806,0.0,0.3414729029294754,0.007680229338178592,4.226878892426619e-16,0.6887753699515442,0,1,1,2,False,True,False
20260809,H1,G1_heating_coarse_020,G1,G1_heating,heating,1.25,test_diagnostic,True,False,False,1.7433526198921632,0.0004321520045259533,0.8718923859483445,0.019737394790473393,2.565018303287777e-05,2.51537142443895e-05,0.0003916307203253688,0.0037334745182934287,0.00334184379796806,0.0,0.28636093840854787,0.004962266784411067,4.226878892426619e-16,3.69788499903943e-12,1,2,1,2,False,True,False
20260809,H2,G1_heating_coarse_020,G1,G1_heating,heating,1.25,test_diagnostic,True,False,False,1.1384738714404679,0.00028032253435745466,0.5693770969874127,0.012763243506325845,2.547475722437918e-05,2.51537142443895e-05,0.0002496428544661827,0.0035914866524342426,0.00334184379796806,0.0,0.2293413720098199,0.0032189341684520246,8.511972561198188e-16,3.913379385010871e-12,2,4,1,2,False,True,False
20260809,S1,G1_heating_coarse_020,G1,G1_heating,heating,1.25,test_diagnostic,True,False,False,0.08042363318107366,0.00016339855625615473,0.04029351586866491,5.784824731230169e-06,2.5153568734561258e-05,2.51537142443895e-05,2.8475438052693106e-07,0.003341559043587533,0.00334184379796806,0.0,0.02835025305433305,0.00022491633914956694,8.620662808739331e-16,3.876065515379422e-12,1,2,1,2,False,True,False
20260809,S2,G1_heating_coarse_020,G1,G1_heating,heating,1.25,test_diagnostic,True,False,False,0.05233132532420767,0.00010596233883989978,0.026218643831523787,4.021428507468015e-06,2.515361309052597e-05,2.51537142443895e-05,1.9937717635372387e-07,0.003341644420791706,0.00334184379796806,0.0,0.01839382644910043,0.00014624851880855636,2.155161901758491e-16,3.85515360986559e-12,2,4,1,2,False,True,False
20260809,G1,G1_heating_coarse_020,G1,G1_heating,heating,1.25,test_diagnostic,True,False,False,0.13646838876894415,0.00018161341604841464,0.06832500109249628,0.0011645643314058683,2.512442112597811e-05,2.51537142443895e-05,2.2222455413149593e-05,0.0033196213425549102,0.00334184379796806,0.0,0.051132789346541405,0.0003813161466349507,2.157665975763438e-15,3.721326508399202e-12,1,2,1,2,False,True,False
20260809,G2,G1_heating_coarse_020,G1,G1_heating,heating,1.25,test_diagnostic,True,False,False,0.08900389792079262,0.00011790354970195706,0.04456090073524729,0.0007609309478904245,2.5134574004766553e-05,2.51537142443895e-05,1.4543377584917e-05,0.003327300420383143,0.00334184379796806,0.0,0.03248748902322398,0.0002487659009104032,1.509756084578806e-15,3.741175577586282e-12,2,4,1,2,False,True,False
0,A1,G1_heating_coarse_021,G1,G1_heating,heating,1.275,test_diagnostic,True,False,False,0.652916275252438,0.0002477714501392043,0.3265820233512886,0.008132261983667642,2.5456315062822025e-05,2.566502980904784e-05,0.0001525253688407749,0.0031986720162733902,0.003351197385114165,0.0,0.3950018370530219,0.0018887746050228985,6.6808934677947564e-15,3.81708672724036e-12,1,2,1,2,False,True,False
0,A2,G1_heating_coarse_021,G1,G1_heating,heating,1.275,test_diagnostic,True,False,False,0.426306171526532,0.00016184416527554406,0.21323400784590377,0.005325945879935889,2.552833924927791e-05,2.566502980904784e-05,0.00010041391620462447,0.0032507834689095407,0.003351197385114165,0.0,0.2050255373440916,0.0012352632561558826,8.327555474556802e-16,3.7276220192984914e-12,2,4,1,2,False,True,False
0,R1,G1_heating_coarse_021,G1,G1_heating,heating,1.275,test_diagnostic,True,False,False,2.8872579519376145,0.0004190115943469271,1.4438384817659806,0.037636807537534074,2.663097959641605e-05,2.566502980904784e-05,0.0007610468241285285,0.004112244209242694,0.003351197385114165,1.0,0.3543031605282954,0.008595178876493137,9.97844730523344e-16,3.479285006388799e-12,1,2,1,2,False,True,False
0,R2,G1_heating_coarse_021,G1,G1_heating,heating,1.275,test_diagnostic,True,False,False,1.8845759514851699,0.00026250234147662336,0.9424192269133232,0.024177729753784814,2.628555196389383e-05,2.566502980904784e-05,0.0004781146217316171,0.0038293120068457823,0.003351197385114165,1.0,0.29966478912064265,0.005557307579979305,1.4153408600148234e-15,3.5990096154662707e-12,2,4,1,2,False,True,False
20260809,H0,G1_heating_coarse_021,G1,G1_heating,heating,1.275,test_diagnostic,True,False,False,2.6691874616626627,0.00040362547820378317,1.3347955435704333,0.02113964002231387,2.6207579300373068e-05,2.566502980904784e-05,0.0006686547495161834,0.0040198521346303485,0.003351197385114165,0.0,0.34001876276473725,0.007987322384692224,6.083793322776701e-16,0.6995157462738445,0,1,1,2,False,True,False
20260809,H1,G1_heating_coarse_021,G1,G1_heating,heating,1.275,test_diagnostic,True,False,False,1.7434855598893264,0.00040362547820378317,0.8719445926837651,0.02113964002231387,2.6207579300373068e-05,2.566502980904784e-05,0.00042050842236998447,0.0037717058074841496,0.003351197385114165,0.0,0.28508919050898296,0.005162634126364635,6.083793322776701e-16,3.6295910963685793e-12,1,2,1,2,False,True,False
20260809,H2,G1_heating_coarse_021,G1,G1_heating,heating,1.275,test_diagnostic,True,False,False,1.1387672247845857,0.0002617792647851192,0.5695145020246855,0.013669993968336298,2.6015870611734697e-05,2.566502980904784e-05,0.00026801071706376986,0.003619208102177935,0.003351197385114165,0.0,0.22837108554560717,0.003349978453925463,4.0857495112190747e-16,3.4998530313102588e-12,2,4,1,2,False,True,False
20260809,S1,G1_heating_coarse_021,G1,G1_heating,heating,1.275,test_diagnostic,True,False,False,0.07389856029013032,0.0001648205102835938,0.03703169040020696,6.441355119983502e-05,2.566668298475949e-05,2.566502980904784e-05,1.048240318231048e-06,0.003352245625432396,0.003351197385114165,0.0,0.02595404046155787,0.00021514262665406166,2.0706674621521954e-16,3.6021331171599586e-12,1,2,1,2,False,True,False
20260809,S2,G1_heating_coarse_021,G1,G1_heating,heating,1.275,test_diagnostic,True,False,False,0.04806963318021841,0.00010687650450325742,0.024088254842360834,4.18625303990399e-05,2.5666104212138415e-05,2.566502980904784e-05,6.724847422898833e-07,0.003351869869856455,0.003351197385114165,0.0,0.016858145931377813,0.00013983634310376315,4.141428311724977e-16,3.608840630837145e-12,2,4,1,2,False,True,True
20260809,G1,G1_heating_coarse_021,G1,G1_heating,heating,1.275,test_diagnostic,True,False,False,0.16187407445545302,0.00018976580056762329,0.08103192012801032,0.001670238049687667,2.56221630997144e-05,2.566502980904784e-05,3.1849065058312497e-05,0.0033193483200558527,0.003351197385114165,0.0,0.0621260356102705,0.0004705279363061718,6.222796074369216e-16,3.578937448905548e-12,1,2,1,2,False,True,False
20260809,G2,G1_heating_coarse_021,G1,G1_heating,heating,1.275,test_diagnostic,True,False,False,0.1056296717248156,0.0001232586562870141,0.05287646519055131,0.0010915465342669687,2.5637015234707917e-05,2.566502980904784e-05,2.0848781874136576e-05,0.0033303486032400286,0.003351197385114165,0.0,0.03913014273756504,0.0003071891950339072,1.0365318433396483e-15,3.693370264187839e-12,2,4,1,2,False,True,False
0,A1,G1_heating_coarse_022,G1,G1_heating,heating,1.3,test_diagnostic,True,False,False,0.6530329522032114,0.00025770536973955473,0.3266453287864755,0.008457412601233406,2.5955458495426465e-05,2.6176846890175997e-05,0.0001589623575620233,0.0032018081151639175,0.0033607704727259408,0.0,0.39504397484135106,0.001964367652513328,3.213203385675695e-15,3.6248950694653927e-12,1,2,1,2,False,True,False
0,A2,G1_heating_coarse_022,G1,G1_heating,heating,1.3,test_diagnostic,True,False,False,0.4264590815208226,0.0001683664526927294,0.2133137239867577,0.005540564629685789,2.6031812378179587e-05,2.6176846890175997e-05,0.00010470469234113815,0.0032560657803848026,0.0033607704727259408,0.0,0.20507199095211204,0.0012850199280326714,6.0070851413454605e-16,3.5718128250440138e-12,2,4,1,2,False,True,False
0,R1,G1_heating_coarse_022,G1,G1_heating,heating,1.3,test_diagnostic,True,False,False,2.691320364734314,0.0004575443774091571,1.3458889545558617,0.036263771492178375,2.712611808418708e-05,2.6176846890175997e-05,0.0007337438973089921,0.004094514370034933,0.0033607704727259408,1.0,0.34630124574775395,0.008331695328210702,1.345108540752207e-15,3.408889358992026e-12,1,2,1,2,False,True,False
0,R2,G1_heating_coarse_022,G1,G1_heating,heating,1.3,test_diagnostic,True,False,False,1.7569095209786303,0.00028692555076216455,0.8785982232646963,0.0233097487280553,2.6787022613678775e-05,2.6176846890175997e-05,0.00046150042414379484,0.0038222708968697356,0.0033607704727259408,1.0,0.2907811216575097,0.005387643038139138,1.7513179675975137e-15,3.5921477424277893e-12,2,4,1,2,False,True,False
20260809,H0,G1_heating_coarse_022,G1,G1_heating,heating,1.3,test_diagnostic,True,False,False,2.6477185495289257,0.00037174059195063935,1.3240451450604382,0.022266048970040246,2.67597018449139e-05,2.6176846890175997e-05,0.0007062944969013704,0.004067064969627311,0.0033607704727259408,0.0,0.3380332318525729,0.008233644466962,1.947895561337342e-16,0.7057604749110298,0,1,1,2,False,True,False
20260809,H1,G1_heating_coarse_022,G1,G1_heating,heating,1.3,test_diagnostic,True,False,False,1.7297725623934221,0.00037174059195063935,0.8650721514926863,0.022266048970040246,2.67597018449139e-05,2.6176846890175997e-05,0.0004440728348089635,0.0038048433075349043,0.0033607704727259408,0.0,0.28316392892391107,0.005324075195111786,1.947895561337342e-16,3.4002464918704643e-12,1,2,1,2,False,True,False
20260809,H2,G1_heating_coarse_022,G1,G1_heating,heating,1.3,test_diagnostic,True,False,False,1.1300104704877212,0.0002411217653007318,0.5651257961265109,0.014398731102008367,2.6553760269646085e-05,2.6176846890175997e-05,0.00028299892472989337,0.003643769397455834,0.0033607704727259408,0.0,0.2266759643694999,0.0034559040490758234,1.3741019253759818e-15,3.4902188904549996e-12,2,4,1,2,False,True,False
20260809,S1,G1_heating_coarse_022,G1,G1_heating,heating,1.3,test_diagnostic,True,False,False,0.06765426379696783,0.00016544192230147687,0.03390985285963465,0.0001446748065581212,2.6180634020436135e-05,2.6176846890175997e-05,2.5846316874700466e-06,0.003363355104413411,0.0033607704727259408,0.0,0.02366866111908939,0.00020488652184303695,5.97293836418139e-16,3.5379704910501118e-12,1,2,1,2,False,True,False
20260809,S2,G1_heating_coarse_022,G1,G1_heating,heating,1.3,test_diagnostic,True,False,False,0.043990760047781165,0.00010727244155301392,0.02204901624466709,9.434406799435458e-05,2.617931652039888e-05,2.6176846890175997e-05,1.677690032222609e-06,0.0033624481627581634,0.0033607704727259408,0.0,0.015391751412785117,0.00013311050900810452,3.982159305480927e-16,3.3989720751932472e-12,2,4,1,2,False,True,True
20260809,G1,G1_heating_coarse_022,G1,G1_heating,heating,1.3,test_diagnostic,True,False,False,0.18559404683036188,0.00019856478703775027,0.09289630580869981,0.002125344819694544,2.6121212064242024e-05,2.6176846890175997e-05,4.055728045199852e-05,0.0033202131922739422,0.0033607704727259408,0.0,0.07268801017060486,0.0005608279840909986,1.7959577789269726e-15,3.4318757646651195e-12,1,2,1,2,False,True,False
20260809,G2,G1_heating_coarse_022,G1,G1_heating,heating,1.3,test_diagnostic,True,False,False,0.12115153804976303,0.0001290290742848652,0.060640283562023944,0.001389348311986462,2.6140478132136003e-05,2.6176846890175997e-05,2.6560980860154074e-05,0.0033342094918657867,0.0033607704727259408,0.0,0.04544198411999917,0.0003663177581935824,3.988075825004752e-16,3.584283147723022e-12,2,4,1,2,False,True,False
0,A1,G1_heating_coarse_023,G1,G1_heating,heating,1.3250000000000002,test_diagnostic,True,False,False,0.6531519911242376,0.0002678420701581469,0.3267099165971979,0.00878912866597414,2.645460192803081e-05,2.668917653458215e-05,0.00016555685087402648,0.0032050083876052973,0.003370565238479324,0.0,0.39508693598144284,0.0020414920397315655,3.67304950922202e-15,3.2823530324779302e-12,1,2,1,2,False,True,False
0,A2,G1_heating_coarse_023,G1,G1_heating,heating,1.3250000000000002,test_diagnostic,True,False,False,0.4266151371356496,0.00017502457077061688,0.2133950808532101,0.005759650332306915,2.6535456210085746e-05,2.668917653458215e-05,0.00010910467593401715,0.0032614605625453067,0.003370565238479324,0.0,0.20511937053747864,0.0013358101586026594,1.9272934862998662e-16,3.4539026567979896e-12,2,4,1,2,False,True,False
0,R1,G1_heating_coarse_023,G1,G1_heating,heating,1.3250000000000002,test_diagnostic,True,False,False,2.474483403131014,0.0005006461041428277,1.2374920246175785,0.03434813707657046,2.7605900028652766e-05,2.668917653458215e-05,0.0006949099747688408,0.004065475213248165,0.003370565238479324,1.0243938285880987,0.33663410717658565,0.007959267410140847,1.4820487462930057e-15,3.2651386441767826e-12,1,2,1,2,False,True,False
0,R2,G1_heating_coarse_023,G1,G1_heating,heating,1.3250000000000002,test_diagnostic,True,False,False,1.615545195990026,0.0003144051560149156,0.8079298005730204,0.02209596782000654,2.727889972043275e-05,2.668917653458215e-05,0.0004377710980901983,0.003808336336569522,0.003370565238479324,1.0,0.2801669045290539,0.005147648754007413,1.3123376933700445e-15,3.3250887613730153e-12,2,4,1,2,False,True,False
20260809,H0,G1_heating_coarse_023,G1,G1_heating,heating,1.3250000000000002,test_diagnostic,True,False,False,2.6015900790110904,0.00033959684402944595,1.30096483792756,0.023071324746221582,2.7304931193620732e-05,2.668917653458215e-05,0.000733764837334925,0.004104330075814249,0.003370565238479324,0.0,0.33518999334026817,0.008401011129217402,0.0,0.7079067845602066,0,1,1,2,False,True,False
20260809,H1,G1_heating_coarse_023,G1,G1_heating,heating,1.3250000000000002,test_diagnostic,True,False,False,1.699940114701584,0.00033959684402944595,0.8501398557728067,0.023071324746221582,2.7304931193620732e-05,2.668917653458215e-05,0.0004613190066713327,0.0038318842451506565,0.003370565238479324,0.0,0.28026719099270814,0.005434668662430231,0.0,3.2305172862859237e-12,1,2,1,2,False,True,False
20260809,H2,G1_heating_coarse_023,G1,G1_heating,heating,1.3250000000000002,test_diagnostic,True,False,False,1.1107179266483778,0.0002203506791666072,0.5554691386637722,0.014920695667006212,2.7087397615257654e-05,2.668917653458215e-05,0.00029399302277002045,0.0036645582612493443,0.003370565238479324,0.0,0.22397586956158536,0.0035289032498171343,3.776044685879074e-16,3.4320470149954912e-12,2,4,1,2,False,True,False
20260809,S1,G1_heating_coarse_023,G1,G1_heating,heating,1.3250000000000002,test_diagnostic,True,False,False,0.06260457868197418,0.00016540182180047042,0.031384990251887325,0.0002408021484473126,2.6695603345631967e-05,2.668917653458215e-05,4.437677072728543e-06,0.0033750029155520524,0.003370565238479324,0.0,0.021803242131248603,0.0001970668741591429,1.1494389824621418e-15,3.3429517073274e-12,1,2,1,2,False,True,False
20260809,S2,G1_heating_coarse_023,G1,G1_heating,heating,1.3250000000000002,test_diagnostic,True,False,False,0.040694017444503246,0.00010723940198529196,0.02040062842324427,0.0001572117301216884,2.6693372386200675e-05,2.668917653458215e-05,2.890010781682155e-06,0.003373455249261006,0.003370565238479324,0.0,0.014198703691976842,0.00012798574589208895,1.915891749074445e-15,3.422549020546588e-12,2,4,1,2,False,True,True
20260809,G1,G1_heating_coarse_023,G1,G1_heating,heating,1.3250000000000002,test_diagnostic,True,False,False,0.20525481051388778,0.00020798711158024052,0.102731398812734,0.0025194911582878832,2.6621933390281286e-05,2.668917653458215e-05,4.814946238946519e-05,0.0033224157760898586,0.003370565238479324,0.0,0.08168685522419812,0.0006443768249698374,1.9210329753271628e-16,3.4549778061259027e-12,1,2,1,2,False,True,False
20260809,G2,G1_heating_coarse_023,G1,G1_heating,heating,1.3250000000000002,test_diagnostic,True,False,False,0.13402269594861088,0.00013519690630632602,0.06707894642745861,0.0016474905245359175,2.664520636913376e-05,2.668917653458215e-05,3.154844275008069e-05,0.003339016795729243,0.003370565238479324,0.0,0.05076403975725484,0.0004210436204356228,2.303226082824568e-15,3.4243213786394264e-12,2,4,1,2,False,True,False
0,A1,G1_heating_coarse_024,G1,G1_heating,heating,1.35,test_headline,True,True,False,0.6532733979483587,0.0002781821594715806,0.32677579005391516,0.009127425652866424,2.695374536063518e-05,2.720202986584271e-05,0.0001723108926294033,0.0032082730263234714,0.0033805839189528747,0.0,0.39513072077671263,0.0021201515486045327,3.1658207568745785e-15,3.3689919595657647e-12,1,2,1,2,False,True,False
0,A2,G1_heating_coarse_024,G1,G1_heating,heating,1.35,test_headline,True,True,False,0.4267743492052242,0.0001818190860916652,0.21347808414565794,0.005983221315469191,2.703927410092537e-05,2.720202986584271e-05,0.0001136155113692053,0.0032669684075836694,0.0033805839189528747,0.0,0.2051676775256287,0.001387638020226623,1.113814183808119e-15,3.2072279422754783e-12,2,4,1,2,False,True,False
0,R1,G1_heating_coarse_024,G1,G1_heating,heating,1.35,test_headline,True,True,False,2.2419113808343414,0.0005477406416339401,1.1212295607379876,0.03192073898579318,2.8070338761074026e-05,2.720202986584271e-05,0.0006452921778060052,0.00402587609675888,0.0033805839189528747,1.0243938285880987,0.3251593019094439,0.007486649305690088,0.0,3.2281837743525214e-12,1,2,1,2,False,True,False
0,R2,G1_heating_coarse_024,G1,G1_heating,heating,1.35,test_headline,True,True,False,1.463848711471918,0.0003446092691641013,0.7320966603705411,0.02055412195921743,2.7761143705243517e-05,2.720202986584271e-05,0.0004073098534398815,0.003787893772392756,0.0033805839189528747,1.0243938285880987,0.26773723132695,0.004842785328799624,1.8080863510315793e-16,3.227795753861575e-12,2,4,1,2,False,True,False
20260809,H0,G1_heating_coarse_024,G1,G1_heating,heating,1.35,test_headline,True,True,False,2.52941274940825,0.00030886661148066345,1.2648608080098653,0.023528607868952982,2.784205575979567e-05,2.720202986584271e-05,0.0007499564904710353,0.00413054040942391,0.0033805839189528747,0.0,0.3312366793149534,0.00847578300040354,7.211327418567799e-16,0.7062681607877336,0,1,1,2,False,True,False
20260809,H1,G1_heating_coarse_024,G1,G1_heating,heating,1.35,test_headline,True,True,False,1.653077207523655,0.00030886661148066345,0.8266930370675679,0.023528607868952982,2.784205575979567e-05,2.720202986584271e-05,0.0004716044132362005,0.003852188332189075,0.0033805839189528747,0.0,0.2761629636836985,0.005485512809337219,7.211327418567799e-16,3.1216033563125362e-12,1,2,1,2,False,True,False
20260809,H2,G1_heating_coarse_024,G1,G1_heating,heating,1.35,test_headline,True,True,False,1.080292318828176,0.00020053368399690192,0.5402464262560864,0.015218955371489635,2.76160163443849e-05,2.720202986584271e-05,0.00030060599718337994,0.0036811899161362546,0.0033805839189528747,0.0,0.22007376594755,0.0035631619437014035,0.0,3.1551513302256e-12,2,4,1,2,False,True,False
20260809,S1,G1_heating_coarse_024,G1,G1_heating,heating,1.35,test_headline,True,True,False,0.059799453581142845,0.0001648926829678492,0.029982173132055347,0.00035587110667763304,2.7211710282314946e-05,2.720202986584271e-05,6.66952478809834e-06,0.003387253443740973,0.0033805839189528747,0.0,0.02070922962614424,0.00019549445793856716,9.222967704293616e-16,3.1878265573120486e-12,1,2,1,2,False,True,False
20260809,S2,G1_heating_coarse_024,G1,G1_heating,heating,1.35,test_headline,True,True,False,0.038869801125077534,0.00010690141733822451,0.01948835127120788,0.0002324737807697013,2.7208353624570233e-05,2.720202986584271e-05,4.349831643454469e-06,0.003384933750596329,0.0033805839189528747,0.0,0.013511961543667352,0.0001269675249577596,9.224105529330772e-16,3.1609164827910726e-12,2,4,1,2,False,True,True
20260809,G1,G1_heating_coarse_024,G1,G1_heating,heating,1.35,test_headline,True,True,False,0.22008402866427004,0.0002180108415916548,0.11015101975293085,0.0028469430722296457,2.7124587235365566e-05,2.720202986584271e-05,5.451415344628983e-05,0.003326069765506585,0.0033805839189528747,0.0,0.08861758811037579,0.0007173759358765148,1.850518298653866e-16,3.2748622331277468e-12,1,2,1,2,False,True,False
20260809,G2,G1_heating_coarse_024,G1,G1_heating,heating,1.35,test_headline,True,True,False,0.14373962998090964,0.00014174557628092834,0.07194068777859529,0.0018621686457129974,2.715137509872679e-05,2.720202986584271e-05,3.5735978411049075e-05,0.0033448479405418256,0.0033805839189528747,0.0,0.054831406622576656,0.00046888834474584026,9.243462778581486e-16,3.232438933669948e-12,2,4,1,2,False,True,False
0,A1,G1_heating_coarse_025,G1,G1_heating,heating,1.375,test_diagnostic,True,False,False,0.6533971787582168,0.0002887262611063717,0.32684295250966156,0.009472319427143116,2.7452888793239436e-05,2.771541808641074e-05,0.0001792265826638848,0.003211602228061011,0.003390828810724896,0.0,0.39517532953639467,0.0022003500446127634,6.821551121589855e-15,3.232338144614393e-12,1,2,1,2,False,True,False
0,A2,G1_heating_coarse_025,G1,G1_heating,heating,1.375,test_diagnostic,True,False,False,0.4269367288353528,0.00018875057971858987,0.21356273970753567,0.006211296361246557,2.754326941090019e-05,2.771541808641074e-05,0.00011823888970769305,0.003272589921017203,0.003390828810724896,0.0,0.20521691337313427,0.0014405076810056195,1.7892544343939096e-16,2.9540590711843454e-12,2,4,1,2,False,True,False
0,R1,G1_heating_coarse_025,G1,G1_heating,heating,1.375,test_diagnostic,True,False,False,1.9989684389421243,0.000598097974644892,0.9997832684583846,0.02902094062129787,2.851974558899091e-05,2.771541808641074e-05,0.0005858542887232638,0.00397668309944816,0.003390828810724896,1.0243938285880987,0.3117337111126476,0.006925652045286912,1.0367957198787128e-15,3.136825450493049e-12,1,2,1,2,False,True,False
0,R2,G1_heating_coarse_025,G1,G1_heating,heating,1.375,test_diagnostic,True,False,False,1.3053188428429896,0.0003771050013948759,0.6528479739221923,0.018707140029934257,2.8233894293541397e-05,2.771541808641074e-05,0.0003706223241900855,0.0037614511349149814,0.003390828810724896,1.0243938285880987,0.25342131877746216,0.004480484807578775,1.0472926565238158e-15,2.949525218323243e-12,2,4,1,2,False,True,False
20260809,H0,G1_heating_coarse_025,G1,G1_heating,heating,1.375,test_diagnostic,True,False,False,2.4320450600511374,0.000280581578152656,1.216162820814645,0.02363046519078476,2.8370346308749714e-05,2.771541808641074e-05,0.000754440553084101,0.004145269363808997,0.003390828810724896,0.0,0.3260014619539861,0.008450864609247174,0.0,0.7010549615936199,0,1,1,2,False,True,False
20260809,H1,G1_heating_coarse_025,G1,G1_heating,heating,1.375,test_diagnostic,True,False,False,1.5897393714788501,0.000280581578152656,0.7950099765285014,0.02363046519078476,2.8370346308749714e-05,2.771541808641074e-05,0.0004746910109185757,0.0038655198216434716,0.003390828810724896,0.0,0.2707064239714057,0.005471971098715187,0.0,2.9231793263721243e-12,1,2,1,2,False,True,False
20260809,H2,G1_heating_coarse_025,G1,G1_heating,heating,1.375,test_diagnostic,True,False,False,1.0390931202283973,0.00018231964863424377,0.5196377199385158,0.015288916489414182,2.8139156799003072e-05,2.771541808641074e-05,0.00030269886802298477,0.0036935276787478807,0.003390828810724896,0.0,0.21486634840335933,0.0035556481402943493,1.050818628642887e-15,2.99553363738466e-12,2,4,1,2,False,True,False
20260809,S1,G1_heating_coarse_025,G1,G1_heating,heating,1.375,test_diagnostic,True,False,False,0.0600184581465948,0.0001641531278449644,0.030091305637219883,0.0004900028921250435,2.7728998721429535e-05,2.771541808641074e-05,9.286023080408521e-06,0.0034001148338053044,0.003390828810724896,0.0,0.020639522387099613,0.00020360858226499854,1.2440889841850371e-15,3.145234679017514e-12,1,2,1,2,False,True,False
20260809,S2,G1_heating_coarse_025,G1,G1_heating,heating,1.375,test_diagnostic,True,False,False,0.03903128683805304,0.00010641262010682565,0.019568849729079935,0.0003202095521794157,2.7724292828024653e-05,2.771541808641074e-05,6.060779956594542e-06,0.0033968895906814904,0.003390828810724896,0.0,0.013501011185430305,0.00013231673044970343,1.9553288143558237e-15,3.1146610441038867e-12,2,4,1,2,False,True,True
20260809,G1,G1_heating_coarse_025,G1,G1_heating,heating,1.375,test_diagnostic,True,False,False,0.23012708081968428,0.0002286407432232771,0.11517786078145378,0.0031060947011832796,2.762933137315146e-05,2.771541808641074e-05,5.9616271724034515e-05,0.0033312125390008614,0.003390828810724896,0.0,0.09336185129841433,0.0007783489738509595,8.918405636672144e-16,3.211339501652908e-12,1,2,1,2,False,True,False
20260809,G2,G1_heating_coarse_025,G1,G1_heating,heating,1.375,test_diagnostic,True,False,False,0.15033154399366275,0.00014867631814763618,0.07524011015590519,0.0020322804194117298,2.7659092584917916e-05,2.771541808641074e-05,3.9098664534935323e-05,0.0033517301461899606,0.003390828810724896,0.0,0.05760566036851661,0.0005088852133821892,7.127047538505575e-16,3.286637972381846e-12,2,4,1,2,False,True,False
0,A1,G1_heating_coarse_026,G1,G1_heating,heating,1.4,test_diagnostic,True,False,False,0.6535233397893518,0.00029947501407951636,0.3269114074017157,0.009823826250445148,2.7952032225843907e-05,2.8229352479767718e-05,0.00018630607790889745,0.003214996193597079,0.0034013022715059763,0.0,0.3952207625762499,0.002282091477485953,2.5974077113162903e-15,3.0304821570497605e-12,1,2,1,2,False,True,False
0,A2,G1_heating_coarse_026,G1,G1_heating,heating,1.4,test_diagnostic,True,False,False,0.4271022874081715,0.00019581964742949678,0.2136490535278005,0.006443894712938127,2.8047445504573676e-05,2.8229352479767718e-05,0.00012297654969573761,0.0032783257218102387,0.0034013022715059763,0.0,0.2052670795682912,0.0014944234059104525,6.902857900888384e-16,3.1540883463634254e-12,2,4,1,2,False,True,False
0,R1,G1_heating_coarse_026,G1,G1_heating,heating,1.4,test_diagnostic,True,False,False,1.751360032993381,0.000650868309939342,0.8760054506516601,0.025695196518034272,2.8954711239312208e-05,2.8229352479767718e-05,0.0005177327732898787,0.003919035044795855,0.0034013022715059763,1.0243938285880987,0.2962600361257735,0.006291776467178208,3.3432820172304e-16,2.9275448983877994e-12,1,2,1,2,False,True,False
0,R2,G1_heating_coarse_026,G1,G1_heating,heating,1.4,test_diagnostic,True,False,False,1.1436801782018418,0.0004113771793119237,0.5720457776905769,0.016582407079329856,2.8697463094173116e-05,2.8229352479767718e-05,0.00032831648637995144,0.0037296187578859277,0.0034013022715059763,1.0243938285880987,0.23720575626300983,0.00407059733554416,1.011975501975438e-15,2.976388613893428e-12,2,4,1,2,False,True,False
20260809,H0,G1_heating_coarse_026,G1,G1_heating,heating,1.4,test_diagnostic,True,False,False,2.3123401256234017,0.000255392869393514,1.1562977592463977,0.02338901438840616,2.8889609211092394e-05,2.8229352479767718e-05,0.0007475056126385288,0.004148807884144505,0.0034013022715059763,0.0,0.3193866965746033,0.00832639497638676,8.377040053844247e-16,0.6923963170253989,0,1,1,2,False,True,False
20260809,H1,G1_heating_coarse_026,G1,G1_heating,heating,1.4,test_diagnostic,True,False,False,1.511784556068793,0.000255392869393514,0.7560199744690933,0.02338901438840616,2.8889609211092394e-05,2.8229352479767718e-05,0.000470761078486336,0.0038720633499923123,0.0034013022715059763,0.0,0.263838833517245,0.00539407900711522,8.377040053844247e-16,2.9539118637865612e-12,1,2,1,2,False,True,False
20260809,H2,G1_heating_coarse_026,G1,G1_heating,heating,1.4,test_diagnostic,True,False,False,0.9883301408982069,0.0001661110527492509,0.49424812597547807,0.015138347289721217,2.8656698221370395e-05,2.8229352479767718e-05,0.0003003878493119199,0.003701690120817896,0.0034013022715059763,0.0,0.2083397205115704,0.0035063600079600207,0.0,2.8267524144397923e-12,2,4,1,2,False,True,False
20260809,S1,G1_heating_coarse_026,G1,G1_heating,heating,1.4,test_diagnostic,True,False,False,0.06327828985586238,0.0001634603209729385,0.03172087508841766,0.0006402631078642188,2.824742669271941e-05,2.8229352479767718e-05,1.2233774841495168e-05,0.0034135360463474714,0.0034013022715059763,0.0,0.02158673484792521,0.00022260521199648118,1.8848467702721046e-15,3.0522523198960902e-12,1,2,1,2,False,True,False
20260809,S2,G1_heating_coarse_026,G1,G1_heating,heating,1.4,test_diagnostic,True,False,False,0.04118858357601104,0.00010595233893779877,0.02064726795747442,0.000418502820208263,2.8241166543393154e-05,2.8229352479767718e-05,7.98783685599996e-06,0.0034092901083619762,0.0034013022715059763,0.0,0.014163719448438734,0.00014481129426131256,1.7138768905269977e-16,3.02996295476268e-12,2,4,1,2,False,True,True
20260809,G1,G1_heating_coarse_026,G1,G1_heating,heating,1.4,test_diagnostic,True,False,False,0.23587106048321263,0.00023991468266980933,0.11805548758294122,0.003298875169899342,2.8136227369809876e-05,2.8229352479767718e-05,6.348635210200269e-05,0.0033378159194039736,0.0034013022715059763,0.0,0.09605570923241649,0.0008273173786224896,5.160807317634297e-16,3.0042779665055133e-12,1,2,1,2,False,True,False
20260809,G2,G1_heating_coarse_026,G1,G1_heating,heating,1.4,test_diagnostic,True,False,False,0.15411559086636656,0.00015601234706123587,0.07713580160671389,0.002159043590607472,2.8168404077229276e-05,2.8229352479767718e-05,4.1655008153140306e-05,0.003359647263352836,0.0034013022715059763,0.0,0.05918717900025355,0.0005410440069204405,2.061964855412143e-15,2.87162972197065e-12,2,4,1,2,False,True,False
0,A1,G1_heating_coarse_027,G1,G1_heating,heating,1.425,test_diagnostic,True,False,False,0.6536518874326298,0.0003104290732459998,0.3269811582529379,0.010181962787202391,2.8451175658448232e-05,2.874384441261865e-05,0.0001935515935399903,0.003218455127767961,0.0034120067213079513,0.0,0.3952670202190862,0.002365379881919523,3.509898065793488e-15,2.9603483114921073e-12,1,2,1,2,False,True,False
0,A2,G1_heating_coarse_027,G1,G1_heating,heating,1.425,test_diagnostic,True,False,False,0.4272710365859568,0.0002030268999622401,0.21373703174295952,0.0066810360820444125,2.8551805750961275e-05,2.874384441261865e-05,0.00012783027880835292,0.0032841764424995984,0.0034120067213079513,0.0,0.20531817763102894,0.0015493895579356542,9.992935776777959e-16,3.0235292681937848e-12,2,4,1,2,False,True,False
0,R1,G1_heating_coarse_027,G1,G1_heating,heating,1.425,test_diagnostic,True,False,False,1.5054520068078625,0.0007051221209951014,0.7530785644644288,0.021995514636946142,2.9376080063118507e-05,2.874384441261865e-05,0.0004421892821109049,0.003854196003418856,0.0034120067213079513,1.0243938285880987,0.27879253721134445,0.0056055661034259555,8.093783575144438e-16,2.8247304677254115e-12,1,2,1,2,False,True,False
0,R2,G1_heating_coarse_027,G1,G1_heating,heating,1.425,test_diagnostic,True,False,False,0.9830924316632005,0.00044685125454691594,0.4917696414588737,0.014210961360240961,2.9152322074911152e-05,2.874384441261865e-05,0.00028108056113159124,0.0036930872824395425,0.0034120067213079513,1.0243938285880987,0.21922220063009862,0.003626321387161366,4.893544336660964e-16,2.971033884931426e-12,2,4,1,2,False,True,False
20260809,H0,G1_heating_coarse_027,G1,G1_heating,heating,1.425,test_diagnostic,True,False,False,2.174643006372884,0.00023366592814497207,1.0874383361505144,0.02283390682725177,2.9400178677793406e-05,2.874384441261865e-05,0.0007300991697756047,0.004142105891083556,0.0034120067213079513,0.0,0.31136153328883126,0.008109306408560122,1.6174298593401718e-16,0.6803662963963789,0,1,1,2,False,True,False
20260809,H1,G1_heating_coarse_027,G1,G1_heating,heating,1.425,test_diagnostic,True,False,False,1.4220459729246526,0.00023366592814497207,0.7111398194263988,0.02283390682725177,2.9400178677793406e-05,2.874384441261865e-05,0.0004603813406433726,0.003872388061951324,0.0034120067213079513,0.0,0.25557932933535527,0.005256238965609008,1.6174298593401718e-16,2.8539549868057334e-12,1,2,1,2,False,True,False
20260809,H2,G1_heating_coarse_027,G1,G1_heating,heating,1.425,test_diagnostic,True,False,False,0.9298506030055994,0.00015212865092461056,0.465001365828262,0.014786091174701525,2.9168853516815065e-05,2.874384441261865e-05,0.0002940219474584474,0.0037060286687663987,0.0034120067213079513,0.0,0.20055985219207279,0.003418120204918336,3.260513947590461e-16,2.7751864464916217e-12,2,4,1,2,False,True,False
20260809,S1,G1_heating_coarse_027,G1,G1_heating,heating,1.425,test_diagnostic,True,False,False,0.06875804526999106,0.00016312083516473522,0.034460583052577896,0.0008007353851284433,2.876686062594446e-05,2.874384441261865e-05,1.540046490439628e-05,0.0034274071862123476,0.0034120067213079513,0.0,0.023266671722015,0.0002506842118353975,1.3224307645308243e-15,2.8617401744447045e-12,1,2,1,2,False,True,False
20260809,S2,G1_heating_coarse_027,G1,G1_heating,heating,1.425,test_diagnostic,True,False,False,0.04480053449094629,0.00010571917301609357,0.02245312683198119,0.0005234895859011929,2.875889151582742e-05,2.874384441261865e-05,1.0057595889843493e-05,0.0034220643171977948,0.0034120067213079513,0.0,0.015313583903952896,0.00016325654042693803,6.61398605537056e-16,2.8995714866744556e-12,2,4,1,2,False,True,True
20260809,G1,G1_heating_coarse_027,G1,G1_heating,heating,1.425,test_diagnostic,True,False,False,0.23804348726843919,0.0002518912946264753,0.11914768928153283,0.003430198021923744,2.8645247334372002e-05,2.874384441261865e-05,6.621075551835895e-05,0.0033457959657895923,0.0034120067213079513,0.0,0.09699936717681305,0.0008653520225495945,1.8260620667420017e-15,2.7795984768661893e-12,1,2,1,2,False,True,False
20260809,G2,G1_heating_coarse_027,G1,G1_heating,heating,1.425,test_diagnostic,True,False,False,0.15556586363980693,0.0001637908808309576,0.07786482726031894,0.0022456388274548224,2.8679296119555354e-05,2.874384441261865e-05,4.346062302920412e-05,0.003368546098278747,0.0034120067213079513,0.0,0.05976085235163967,0.0005660598861476497,1.6580855633683023e-16,2.7237371549451105e-12,2,4,1,2,False,True,False
0,A1,G1_heating_coarse_028,G1,G1_heating,heating,1.4500000000000002,test_diagnostic,True,False,False,0.6537828282364232,0.00032158910955111726,0.3270522086729872,0.010546746111165071,2.8950319091052588e-05,2.9258905337133952e-05,0.00020096540416223796,0.003221979239488092,0.00342294464365033,0.0,0.3953141027936083,0.002450219378293878,3.551334776439427e-15,2.892400751101893e-12,1,2,1,2,False,True,False
0,A2,G1_heating_coarse_028,G1,G1_heating,heating,1.4500000000000002,test_diagnostic,True,False,False,0.4274429883161223,0.00021037296326114076,0.21382668063969174,0.00692274065552168,2.9056353523620515e-05,2.9258905337133952e-05,0.00013280191432756905,0.003290142729322761,0.00342294464365033,0.0,0.2053702091135596,0.0016054105992897567,1.7691875013410623e-15,2.916907684029228e-12,2,4,1,2,False,True,False
0,R1,G1_heating_coarse_028,G1,G1_heating,heating,1.4500000000000002,test_diagnostic,True,False,False,1.2689308475653256,0.0007598912404843478,0.6348453694029049,0.017978130330408296,2.9784925750610025e-05,2.9258905337133952e-05,0.00036056728217481,0.00378351192582514,0.00342294464365033,1.0243938285880987,0.25977729139279093,0.004895417578421281,2.353515297650976e-15,2.816216405169158e-12,1,2,1,2,False,True,False
0,R2,G1_heating_coarse_028,G1,G1_heating,heating,1.4500000000000002,test_diagnostic,True,False,False,0.8285840683315341,0.00048291756257898727,0.41453349294705655,0.01162681143994219,2.9599093112427927e-05,2.9258905337133952e-05,0.00022966310735179777,0.0036526077510021277,0.00342294464365033,1.0243938285880987,0.19992932391748444,0.003166115717823345,1.736747044690791e-15,2.8170037064884632e-12,2,4,1,2,False,True,False
20260809,H0,G1_heating_coarse_028,G1,G1_heating,heating,1.4500000000000002,test_diagnostic,True,False,False,2.024174903643849,0.0002155340159904176,1.0121952188299197,0.022008340296871143,2.9902845282507535e-05,2.9258905337133952e-05,0.0007036826369027976,0.0041266272805531275,0.00342294464365033,0.0,0.3019567521064434,0.007812022940065768,4.688468788250443e-16,0.6650074913138937,0,1,1,2,False,True,False
20260809,H1,G1_heating_coarse_028,G1,G1_heating,heating,1.4500000000000002,test_diagnostic,True,False,False,1.3239306720726456,0.0002155340159904176,0.662073103044318,0.022008340296871143,2.9902845282507535e-05,2.9258905337133952e-05,0.0004444197764282647,0.0038673644200785946,0.00342294464365033,0.0,0.24601673921795522,0.005066380651120182,4.688468788250443e-16,2.863091606691604e-12,1,2,1,2,False,True,False
20260809,H2,G1_heating_coarse_028,G1,G1_heating,heating,1.4500000000000002,test_diagnostic,True,False,False,0.8658774906513609,0.00014044821313851334,0.4330089694322497,0.014259566319297543,2.9676124638218862e-05,2.9258905337133952e-05,0.0002841331970682634,0.0037070778407185933,0.00342294464365033,0.0,0.191660892047258,0.003296031800913893,1.8897151632307336e-15,2.781503244012038e-12,2,4,1,2,False,True,False
20260809,S1,G1_heating_coarse_028,G1,G1_heating,heating,1.4500000000000002,test_diagnostic,True,False,False,0.07521223926296161,0.000163459333650889,0.03768784929830625,0.0009628200030238111,2.9287076396459125e-05,2.9258905337133952e-05,1.8619556895123e-05,0.003441564200545453,0.00342294464365033,0.0,0.02526332811009619,0.0002840483690691187,0.0,2.757338001789367e-12,1,2,1,2,False,True,False
20260809,S2,G1_heating_coarse_028,G1,G1_heating,heating,1.4500000000000002,test_diagnostic,True,False,False,0.049048787286834455,0.00010592362503440868,0.02457735545593443,0.0006295527928140997,2.9277325362703628e-05,2.9258905337133952e-05,1.2161370999106552e-05,0.0034351060146494364,0.00342294464365033,0.0,0.01667466207888792,0.0001851542013266338,1.1173492174694137e-15,2.9207508544650476e-12,2,4,1,2,False,True,True
20260809,G1,G1_heating_coarse_028,G1,G1_heating,heating,1.4500000000000002,test_diagnostic,True,False,False,0.23748698050212882,0.0002646265531366299,0.11887580352763273,0.0035074352921223356,2.9156281619945622e-05,2.9258905337133952e-05,6.79224503305851e-05,0.003355022193319745,0.00342294464365033,0.0,0.09658499098646177,0.0008942701063918635,4.808519776781472e-16,2.7368491729514552e-12,1,2,1,2,False,True,False
20260809,G2,G1_heating_coarse_028,G1,G1_heating,heating,1.4500000000000002,test_diagnostic,True,False,False,0.15523179927282096,0.00017204796494290972,0.07770192361888194,0.002296866615400061,2.919170153426194e-05,2.9258905337133952e-05,4.460218269171801e-05,0.003378342460958612,0.00342294464365033,0.0,0.059556663970398084,0.0005851162696628262,8.004475554029704e-16,2.9056246261127846e-12,2,4,1,2,False,True,False
0,A1,G1_heating_coarse_029,G1,G1_heating,heating,1.475,test_diagnostic,True,False,False,0.6539161689096904,0.00033295581029563323,0.32712456235999304,0.010918193712182576,2.9449462523656926e-05,2.9774546793237942e-05,0.00020854984503418253,0.0032255687417713846,0.003434118586805567,0.0,0.3953620106352859,0.0025366141734261952,4.211964104808444e-15,2.6916010616431445e-12,1,2,1,2,False,True,False
0,A2,G1_heating_coarse_029,G1,G1_heating,heating,1.475,test_diagnostic,True,False,False,0.4276181548357947,0.00021785847873680703,0.21391800665726574,0.00716902910321456,2.9561092200742196e-05,2.9774546793237942e-05,0.00013789334445627735,0.00329622524234929,0.003434118586805567,0.0,0.20542317560042603,0.0016624910926137419,1.3986862439905686e-15,2.693869705925839e-12,2,4,1,2,False,True,False
0,R1,G1_heating_coarse_029,G1,G1_heating,heating,1.475,test_diagnostic,True,False,False,1.0520743311976897,0.000814207573150733,0.5264442693854202,0.013703448250959925,3.0182560754414863e-05,2.9774546793237942e-05,0.0002742747247259287,0.003708393311531496,0.003434118586805567,1.0243938285880987,0.24058807831724244,0.004203121440949716,1.0654675484980717e-15,2.7412957926357532e-12,1,2,1,2,False,True,False
0,R2,G1_heating_coarse_029,G1,G1_heating,heating,1.475,test_diagnostic,True,False,False,0.6868882416399603,0.0005189548978732808,0.3437035982689168,0.008867052861884267,3.003855927359223e-05,2.9774546793237942e-05,0.00017486910296484089,0.003608987689770408,0.003434118586805567,1.0243938285880987,0.180487401197682,0.0027174617320432012,1.223514606067278e-15,2.6622148434766414e-12,2,4,1,2,False,True,False
20260809,H0,G1_heating_coarse_029,G1,G1_heating,heating,1.475,test_diagnostic,True,False,False,1.866424512744806,0.00020094376325005724,0.933312728254028,0.020963933016850643,3.0398738397818468e-05,2.9774546793237942e-05,0.0006700358100654416,0.004104154396871009,0.003434118586805567,0.0,0.2912618986433813,0.007450671359697469,1.5112722580575615e-16,0.6463518054092582,0,1,1,2,False,True,False
20260809,H1,G1_heating_coarse_029,G1,G1_heating,heating,1.475,test_diagnostic,True,False,False,1.2210223441109722,0.00020094376325005724,0.6106116439371111,0.020963933016850643,3.0398738397818468e-05,2.9774546793237942e-05,0.0004239344020962625,0.0038580529889018296,0.003434118586805567,0.0,0.23530167497287038,0.0048348211817279,1.5112722580575615e-16,2.8360535194708197e-12,1,2,1,2,False,True,False
20260809,H2,G1_heating_coarse_029,G1,G1_heating,heating,1.475,test_diagnostic,True,False,False,0.7987503817379826,0.0001310307670308066,0.3994407062525067,0.013591559506463262,3.017922931775621e-05,2.9774546793237942e-05,0.00027137052275054635,0.0037054891095561135,0.003434118586805567,0.0,0.18183220853510706,0.0031467452685796046,1.5222645196424076e-16,2.8515058981941584e-12,2,4,1,2,False,True,False
20260809,S1,G1_heating_coarse_029,G1,G1_heating,heating,1.475,test_diagnostic,True,False,False,0.08139905921634376,0.00016480543543534535,0.04078193232588955,0.0011157937581430764,2.9807769046701376e-05,2.9774546793237942e-05,2.1680243287228954e-05,0.003455798830092796,0.003434118586805567,0.0,0.02717402375518176,0.00031827181992121856,2.311852152467085e-15,2.6342784659978333e-12,1,2,1,2,False,True,False
20260809,S2,G1_heating_coarse_029,G1,G1_heating,heating,1.475,test_diagnostic,True,False,False,0.053119298374654594,0.00010677954394484026,0.026613038959299718,0.0007296873744539188,2.9796272904113056e-05,2.9774546793237942e-05,1.4161708249325888e-05,0.003448280295054893,0.003434118586805567,0.0,0.017977416734035117,0.00020760332187847773,3.0836588299760534e-16,2.6502505814229196e-12,2,4,1,2,False,True,False
20260809,G1,G1_heating_coarse_029,G1,G1_heating,heating,1.475,test_diagnostic,True,False,False,0.23506716376794937,0.0002781501676993924,0.11767265696782438,0.003539843434093314,2.9669149559268795e-05,2.9774546793237942e-05,6.879091059316857e-05,0.0033653276762123986,0.003434118586805567,0.0,0.09523561739238122,0.0009163711738253276,9.290614130101363e-16,2.650612211317921e-12,1,2,1,2,False,True,False
20260809,G2,G1_heating_coarse_029,G1,G1_heating,heating,1.475,test_diagnostic,True,False,False,0.15367817644173248,0.0001808031728826766,0.07692948980730759,0.0023187710516237065,2.9705506436058567e-05,2.9774546793237942e-05,4.519072318868436e-05,0.0033889278636168828,0.003434118586805567,0.0,0.05881804490084717,0.0005997128136464188,1.3918864876959482e-15,2.8117653592000037e-12,2,4,1,2,False,True,False
0,A1,G1_heating_coarse_030,G1,G1_heating,heating,1.5,test_diagnostic,True,False,False,0.6540519045264672,0.0003445298685242371,0.32719821719749576,0.011296323118356091,2.9948605956261343e-05,3.0290780399157392e-05,0.00021630730169550083,0.0032292238517530564,0.003445531153448557,0.0,0.39541074408616406,0.002624568561333161,1.9609466217581953e-15,2.6133384786123633e-12,1,2,1,2,False,True,False
0,A2,G1_heating_coarse_030,G1,G1_heating,heating,1.5,test_diagnostic,True,False,False,0.42779652916210353,0.00022548409265015263,0.21401100662737685,0.007419922199244774,3.0066025165241235e-05,3.0290780399157392e-05,0.00014310649783341603,0.003302424655615141,0.003445531153448557,0.0,0.2054770787087609,0.0017206357022340449,1.0517706677342503e-15,2.6134998563670814e-12,2,4,1,2,False,True,False
0,R1,G1_heating_coarse_030,G1,G1_heating,heating,1.5,test_diagnostic,True,False,False,0.8696913427826973,0.0008671372632141905,0.43527924002295576,0.009241692978878885,3.057071849169705e-05,3.0290780399157392e-05,0.0001848788755232319,0.003630410028971789,0.003445531153448557,1.0243938285880987,0.22459986670585297,0.0035928802783476064,1.625496619771911e-15,2.642614186489189e-12,1,2,1,2,False,True,False
0,R2,G1_heating_coarse_030,G1,G1_heating,heating,1.5,test_diagnostic,True,False,False,0.5677226611981812,0.0005543518475950492,0.2841385065228881,0.005975705047556467,3.047178916848306e-05,3.0290780399157392e-05,0.0001176290465770679,0.003563160200025625,0.003445531153448557,1.0243938285880987,0.16344298419874345,0.00232299941754494,7.412608801939642e-16,2.5226590274760992e-12,2,4,1,2,False,True,False
20260809,H0,G1_heating_coarse_030,G1,G1_heating,heating,1.5,test_diagnostic,True,False,False,1.706636186634372,0.00018969814809311532,0.8534129423912326,0.019755447298238523,3.088918831495546e-05,3.0290780399157392e-05,0.000631053670354959,0.004076584823803516,0.003445531153448557,0.0,0.2794235203438115,0.007043191019353533,5.849955014629783e-16,0.6244390428882127,0,1,1,2,False,True,False
20260809,H1,G1_heating_coarse_030,G1,G1_heating,heating,1.5,test_diagnostic,True,False,False,1.116746972917517,0.00018969814809311532,0.5584683355328051,0.019755447298238523,3.088918831495546e-05,3.0290780399157392e-05,0.00040005721857278714,0.0038455883720213443,0.003445531153448557,0.0,0.22363815119539138,0.004573064814101341,5.849955014629783e-16,2.51094694115447e-12,1,2,1,2,False,True,False
20260809,H2,G1_heating_coarse_030,G1,G1_heating,heating,1.5,test_diagnostic,True,False,False,0.7307070877331712,0.00012374992193121297,0.3654154188275512,0.012816920074819625,3.0679014910537305e-05,3.0290780399157392e-05,0.0002564305296695983,0.0037019616831181555,0.003445531153448557,0.0,0.17130438581451152,0.002977688098413518,1.3252570718703806e-15,2.4969315741895638e-12,2,4,1,2,False,True,False
20260809,S1,G1_heating_coarse_030,G1,G1_heating,heating,1.5,test_diagnostic,True,False,False,0.086283663352985,0.00016747988817958955,0.04322557162058229,0.0012476374644958183,3.0328572311612196e-05,3.0290780399157392e-05,2.4342980887847622e-05,0.003469874134336405,0.003445531153448557,0.0,0.028674235711826618,0.0003490983664438267,2.9790449781859814e-16,2.5634682037290376e-12,1,2,1,2,False,True,False
20260809,S2,G1_heating_coarse_030,G1,G1_heating,heating,1.5,test_diagnostic,True,False,False,0.05633434461042399,0.00010849512333565489,0.028221419866879822,0.0008160396396236424,3.031549887667824e-05,3.0290780399157392e-05,1.5902498610542107e-05,0.0034614336520590993,0.003445531153448557,0.0,0.019002241610103273,0.0002278184222476691,1.0431153877031462e-15,2.6317801231750376e-12,2,4,1,2,False,True,False
20260809,G1,G1_heating_coarse_030,G1,G1_heating,heating,1.5,test_diagnostic,True,False,False,0.23159724943559895,0.0002924510599781962,0.11594485024778857,0.003537892559252396,3.0183614872569264e-05,3.0290780399157392e-05,6.901009915572008e-05,0.003376521054292837,0.003445531153448557,0.0,0.093354783482167,0.0009341704177176138,3.1430194989234696e-15,2.7643604831007934e-12,1,2,1,2,False,True,False
20260809,G2,G1_heating_coarse_030,G1,G1_heating,heating,1.5,test_diagnostic,True,False,False,0.1514359244656528,0.00019005016243456416,0.07581298731404368,0.0023181991797950052,3.0220560336880714e-05,3.0290780399157392e-05,4.535364395669497e-05,0.003400177509491862,0.003445531153448557,0.0,0.05777593235219122,0.0006114914251866284,1.4948462244460223e-15,2.5765169524551676e-12,2,4,1,2,False,True,False
0,A1,G1_heating_coarse_031,G1,G1_heating,heating,1.525,test_diagnostic,True,False,False,0.6541900658411214,0.00035631202658462536,0.327273188933853,0.011681153433281301,3.0447749388865688e-05,3.080761790047504e-05,0.0002242402574929134,0.0032329447907119284,0.003457185048204842,0.0,0.39546030349490086,0.0027140869240122097,2.3349911192870412e-15,2.5111370118482576e-12,1,2,1,2,False,True,False
0,A2,G1_heating_coarse_031,G1,G1_heating,heating,1.525,test_diagnostic,True,False,False,0.4279781633520491,0.0002332504996676532,0.21410570692585837,0.0076754423658922525,3.0571155804849514e-05,3.080761790047504e-05,0.00014844339094459338,0.0033087416572602484,0.003457185048204842,0.0,0.20553192008877424,0.0017798491954503649,2.616261157707072e-15,2.5089944502410888e-12,2,4,1,2,False,True,False
0,R1,G1_heating_coarse_031,G1,G1_heating,heating,1.525,test_diagnostic,True,False,False,0.7411594246055153,0.000917807654590504,0.3710386161300529,0.004702575255867929,3.095249304210605e-05,3.080761790047504e-05,9.465902615043639e-05,0.003551844074355278,0.003457185048204842,1.0243938285880987,0.21842904032997507,0.00315459152321703,1.435571448327381e-15,2.621353464645802e-12,1,2,1,2,False,True,False
0,R2,G1_heating_coarse_031,G1,G1_heating,heating,1.525,test_diagnostic,True,False,False,0.4838252823489846,0.000588523136154649,0.24220690274256962,0.003023390971414792,3.090076137428613e-05,3.080761790047504e-05,5.937423813986162e-05,0.0035165592863447034,0.003457185048204842,1.0243938285880987,0.1533336000570799,0.0020427591633982224,2.1569621567371067e-15,2.49776217750157e-12,2,4,1,2,False,True,False
20260809,H0,G1_heating_coarse_031,G1,G1_heating,heating,1.525,test_diagnostic,True,False,False,1.5494436557952433,0.00018149632686687535,0.7748125760610551,0.018436182217323013,3.137559275776986e-05,3.080761790047504e-05,0.0005885707686262582,0.0040457558168311,0.003457185048204842,0.0,0.26664288920103035,0.006607653529369973,3.3989106583973318e-15,0.5993335332199152,0,1,1,2,False,True,False
20260809,H1,G1_heating_coarse_031,G1,G1_heating,heating,1.525,test_diagnostic,True,False,False,1.0141332279736937,0.00018149632686687535,0.5071573621502803,0.018436182217323013,3.137559275776986e-05,3.080761790047504e-05,0.00037389262381285274,0.0038310776720176945,0.003457185048204842,0.0,0.21127387059274588,0.004292734559501472,3.3989106583973318e-15,2.5772240067297764e-12,1,2,1,2,False,True,False
20260809,H2,G1_heating_coarse_031,G1,G1_heating,heating,1.525,test_diagnostic,True,False,False,0.6637269282909162,0.00011841621005669525,0.33192267225048644,0.011969658327094745,3.1176374560615415e-05,3.080761790047504e-05,0.00023999637295489236,0.003697181421159734,0.003457185048204842,0.0,0.1603344394620098,0.002796378558058128,1.425262426822801e-16,2.4805267276424033e-12,2,4,1,2,False,True,False
20260809,S1,G1_heating_coarse_031,G1,G1_heating,heating,1.525,test_diagnostic,True,False,False,0.0890993844215541,0.00017178095451621985,0.044635582688035164,0.0013460882160761965,3.084908767189625e-05,3.080761790047504e-05,2.635993117144084e-05,0.0034835449793762826,0.003457185048204842,0.0,0.02953151578072208,0.00037281569701107605,2.880766895824899e-16,2.583471752175769e-12,1,2,1,2,False,True,False
20260809,S2,G1_heating_coarse_031,G1,G1_heating,heating,1.525,test_diagnostic,True,False,False,0.058191496603601595,0.0001112640834269232,0.02915138034351426,0.000880592081454166,3.0834746844846664e-05,3.080761790047504e-05,1.7222209642466044e-05,0.003474407257847308,0.003457185048204842,0.0,0.019590000574564174,0.0002433693501986805,4.323160052785606e-16,2.5395683203413597e-12,2,4,1,2,False,True,False
20260809,G1,G1_heating_coarse_031,G1,G1_heating,heating,1.525,test_diagnostic,True,False,False,0.2277774728214304,0.0003074759037263182,0.11404247436257836,0.0035125209612316775,3.0699405496834006e-05,3.080761790047504e-05,6.878485837998874e-05,0.003388400189824853,0.003457185048204842,0.0,0.09128913145254863,0.0009501320045412504,2.894812752669222e-16,2.534408564961904e-12,1,2,1,2,False,True,False
20260809,G2,G1_heating_coarse_031,G1,G1_heating,heating,1.525,test_diagnostic,True,False,False,0.14896262568781102,0.0001997556802796158,0.07458119068404531,0.0023023115871255817,3.073668916481104e-05,3.080761790047504e-05,4.5225672931452614e-05,0.003411959375273389,0.003457185048204842,0.0,0.056629009026135,0.0006220622194727685,2.8913013387707553e-16,2.547814739724791e-12,2,4,1,2,False,True,False
0,A1,G1_heating_coarse_032,G1,G1_heating,heating,1.55,test_headline,True,True,False,0.65433064813674,0.0003683030118410157,0.3273494755742905,0.012072703062021867,3.094689282146997e-05,3.1325071103296796e-05,0.00023235122606258662,0.0032367317840930935,0.00346908301015568,0.0,0.39551068921675914,0.0028051737322419717,4.661819792381205e-15,2.3556316678168664e-12,1,2,1,2,False,True,False
0,A2,G1_heating_coarse_032,G1,G1_heating,heating,1.55,test_headline,True,True,False,0.4281630508202561,0.0002411583785679199,0.214202104599412,0.007935611391573292,3.107648751220763e-05,3.1325071103296796e-05,0.0001539060604866557,0.0033151769496690244,0.00346908301015568,0.0,0.20558770142355054,0.0018401364438493876,0.0,2.4613050147840614e-12,2,4,1,2,False,True,False
0,R1,G1_heating_coarse_032,G1,G1_heating,heating,1.55,test_headline,True,True,False,0.676894300192535,0.0009653753197806394,0.33892983775615787,0.0003384275901998671,3.1335672371623124e-05,3.1325071103296796e-05,8.527085868891785e-06,0.003477610096024572,0.00346908301015568,1.0540925533894598,0.229030697633664,0.0029531590974667885,5.58058292379846e-16,2.5171219277792957e-12,1,2,1,2,False,True,False
0,R2,G1_heating_coarse_032,G1,G1_heating,heating,1.55,test_headline,True,True,False,0.4420628470425603,0.0006208851034230735,0.2213418660729917,0.00017583370414308972,3.1330579106581434e-05,3.1325071103296796e-05,3.3438905807882044e-06,0.0034724269007364683,0.00346908301015568,1.0243938285880987,0.15421722912567537,0.001919716427478195,1.2558352799125263e-15,2.416366615805027e-12,2,4,1,2,False,True,False
20260809,H0,G1_heating_coarse_032,G1,G1_heating,heating,1.55,test_headline,True,True,False,1.3986609952467972,0.00017597029561048356,0.6994184827712039,0.017054536525338983,3.185930567258681e-05,3.1325071103296796e-05,0.0005442337978218575,0.004013316807977538,0.00346908301015568,0.0,0.2531716648727259,0.006160978717743624,1.3722153892802072e-16,0.5711386015354657,0,1,1,2,False,True,False
20260809,H1,G1_heating_coarse_032,G1,G1_heating,heating,1.55,test_headline,True,True,False,0.9156755458368393,0.00017597029561048356,0.4579257580662249,0.017054536525338983,3.185930567258681e-05,3.1325071103296796e-05,0.00034644206904526145,0.0038155250792009415,0.00346908301015568,0.0,0.19848867603387113,0.004004751609855335,1.3722153892802072e-16,2.41825518052851e-12,1,2,1,2,False,True,False
20260809,H2,G1_heating_coarse_032,G1,G1_heating,heating,1.55,test_headline,True,True,False,0.5994410939953346,0.00011479894196912128,0.29977794646865186,0.011080764252484348,3.167217683138474e-05,3.1325071103296796e-05,0.00022269176844876264,0.0036917747786044427,0.00346908301015568,0.0,0.14919080792908695,0.002609897025801837,0.0,2.393341797613542e-12,2,4,1,2,False,True,False
20260809,S1,G1_heating_coarse_032,G1,G1_heating,heating,1.55,test_headline,True,True,False,0.08937116557355433,0.00017797026789726492,0.044774567920725795,0.0013998245690842615,3.13689207074555e-05,3.1325071103296796e-05,2.7498664966046568e-05,0.0034965816751217267,0.00346908301015568,0.0,0.02960570430465776,0.0003865242783999804,1.3936669974531615e-16,2.446024947230044e-12,1,2,1,2,False,True,False
20260809,S2,G1_heating_coarse_032,G1,G1_heating,heating,1.55,test_headline,True,True,False,0.05837855340081787,0.00011525650164375893,0.029246904951230817,0.0009159358888012365,3.1353762860139556e-05,3.1325071103296796e-05,1.7969232785880473e-05,0.0034870522429415606,0.00346908301015568,0.0,0.019643731278658025,0.0002523540399710721,1.6732089120168012e-15,2.445813127140559e-12,2,4,1,2,False,True,False
20260809,G1,G1_heating_coarse_032,G1,G1_heating,heating,1.55,test_headline,True,True,False,0.22415381636590098,0.0003231385615439256,0.11223847746372245,0.0034743880196692893,3.121623565154021e-05,3.1325071103296796e-05,6.831694279242542e-05,0.0034007660673632547,0.00346908301015568,0.0,0.08930623432520336,0.000966433320142618,1.1203869684664885e-15,2.512047631672928e-12,1,2,1,2,False,True,False
20260809,G2,G1_heating_coarse_032,G1,G1_heating,heating,1.55,test_headline,True,True,False,0.1466154434188713,0.00020986555144559532,0.07341265448515845,0.0022780905880287945,3.125370975364704e-05,3.1325071103296796e-05,4.493957291695468e-05,0.0034241434372387254,0.00346908301015568,0.0,0.05553140445528548,0.0006328496268838116,1.5386849391107805e-15,2.4246877031405735e-12,2,4,1,2,False,True,False
0,A1,G2_cooling_coarse_006,G2,G2_cooling,cooling,1.4,validation,False,False,False,0.1699813505410256,0.00048308214728929797,0.08523221634415744,0.00166753623916356,0.004967175062964441,0.004975471842568862,0.0006355823143486816,0.9999988967696128,0.9993633144552642,0.0,0.05689738178499099,0.0017821324155391305,1.7461871727765454e-15,5.737472139122912e-15,1,2,1,2,False,True,False
0,A2,G2_cooling_coarse_006,G2,G2_cooling,cooling,1.4,validation,False,False,False,0.11043135904979846,0.0007807417910155628,0.05560605042040701,9.290743741246843e-05,0.004975009584230051,0.004975471842568862,0.000627565375118988,0.9999908798303832,0.9993633144552642,0.0,0.03744996970273134,0.0008911806264917631,9.962498975310466e-16,6.226561859569011e-15,2,4,1,2,False,True,False
0,R1,G2_cooling_coarse_006,G2,G2_cooling,cooling,1.4,validation,False,False,False,0.09538736618369274,0.0003661641781689705,0.047876765180930855,0.0011441815506279451,0.004981164685656798,0.004975471842568862,0.00013065831415426388,0.9994939727694184,0.9993633144552642,1.0,0.03424865413203124,0.0012091738541139228,1.4925282844322268e-15,5.223848995512766e-15,1,2,1,2,False,True,False
0,R2,G2_cooling_coarse_006,G2,G2_cooling,cooling,1.4,validation,False,False,False,0.061301043980839263,0.00024589344819310547,0.030773468714516184,0.0009242747680985913,0.004980070545652334,0.004975471842568862,0.00010181627027938678,0.9994651307255435,0.9993633144552642,1.0,0.022020983023666448,0.000834002784279514,6.220234160176859e-16,5.9714247937697496e-15,2,4,1,2,False,True,False
20260809,H0,G2_cooling_coarse_006,G2,G2_cooling,cooling,1.4,validation,False,False,False,0.9936291541126994,0.018190907834262714,0.5059100309734811,0.9897110433728253,5.119241398791966e-05,0.004975471842568862,0.8829724048528225,0.11639090960244175,0.9993633144552642,0.0,0.17760377781602768,0.013852412973979343,1.890978718513547e-15,0.3374939335141791,0,1,1,2,False,True,False
20260809,H1,G2_cooling_coarse_006,G2,G2_cooling,cooling,1.4,validation,False,False,False,0.992270040689633,0.018190907834262714,0.5052304742619479,0.9897110433728253,5.119241398791966e-05,0.004975471842568862,0.8808637819594174,0.1184995324958468,0.9993633144552642,0.0,0.10831699278091314,0.009570301316745678,1.890978718513547e-15,4.884398029918106e-13,1,2,1,2,False,True,False
20260809,H2,G2_cooling_coarse_006,G2,G2_cooling,cooling,1.4,validation,False,False,False,0.9913409038715473,0.018740896767146666,0.505040900319347,0.9895783010474892,5.1852869689946535e-05,0.004975471842568862,0.8793985182866654,0.11996479616859876,0.9993633144552642,0.0,0.0690099697823888,0.006597952461158482,3.7337862293573394e-16,5.363583918468943e-13,2,4,1,2,False,True,False
20260809,S1,G2_cooling_coarse_006,G2,G2_cooling,cooling,1.4,validation,False,False,False,0.06242260295254866,0.0008165813820444706,0.03161959216729657,0.002456444082159672,0.004987693810932493,0.004975471842568862,0.0005442770717670742,0.9999075915270312,0.9993633144552642,1.0,0.02270949962008743,0.0008587920600592896,1.4905744948621423e-15,6.459156144402576e-15,1,2,1,2,False,True,False
20260809,S2,G2_cooling_coarse_006,G2,G2_cooling,cooling,1.4,validation,False,False,False,0.03979718240836483,0.0009204671896882117,0.02035882479902652,0.002259152311032044,0.004986712191280477,0.004975471842568862,0.0004570070526512815,0.9998203215079154,0.9993633144552642,0.0,0.014660310046103206,0.0010897313343001724,1.2423899250621487e-15,5.7149936552858575e-15,2,4,1,2,False,True,True
20260809,G1,G2_cooling_coarse_006,G2,G2_cooling,cooling,1.4,validation,False,False,False,0.1540601130675315,0.0009808775388393208,0.07752049530318542,0.0036435551110372785,0.0049573434367070485,0.004975471842568862,0.0005979053225324549,0.9999612197777966,0.9993633144552642,1.0,0.05074774719385692,0.0015796978287932835,2.499500413772752e-16,6.248751034431841e-15,1,2,1,2,False,True,False
20260809,G2,G2_cooling_coarse_006,G2,G2_cooling,cooling,1.4,validation,False,False,False,0.09892346882912001,0.0011126305822589787,0.050018049705689495,0.0014887727427634876,0.0049680644957072586,0.004975471842568862,0.0005335088377778074,0.999896823293042,0.9993633144552642,1.0,0.03348468123748012,0.0012799260178283005,1.870579878034413e-15,5.9858556097100966e-15,2,4,1,2,False,True,False
0,A1,G2_cooling_coarse_014,G2,G2_cooling,cooling,1.2,validation,False,False,False,0.40159121894894323,0.009574674189635403,0.20558294656928933,0.00799525944693754,0.004257578625398092,0.0042238081831199505,0.004375812945947244,0.9999972037269443,0.9956213907809971,0.0,0.11048764206807421,0.0028838101952759943,1.8674501708860276e-15,7.469800683544066e-15,1,2,1,2,False,True,False
0,A2,G2_cooling_coarse_014,G2,G2_cooling,cooling,1.2,validation,False,False,False,0.2662188985167012,0.009928685855291915,0.13807379218599658,0.012323704977285382,0.004275861149049365,0.0042238081831199505,0.004346983957925987,0.9999683747389231,0.9956213907809971,0.0,0.07591921317478184,0.0014921652653926384,5.071269317183278e-16,7.606903975774859e-15,2,4,1,2,False,True,False
0,R1,G2_cooling_coarse_014,G2,G2_cooling,cooling,1.2,validation,False,False,False,0.2731657999365556,0.047530893945053845,0.16034834694080471,0.13752105266891282,0.003642945635505727,0.0042238081831199505,0.02798208050616391,0.9676393102748332,0.9956213907809971,0.0,0.0632343402350368,0.041900690411779594,5.952337920820995e-16,9.722151937340863e-15,1,2,1,2,False,True,False
0,R2,G2_cooling_coarse_014,G2,G2_cooling,cooling,1.2,validation,False,False,False,0.23347027622696492,0.037823070622921166,0.13564667342494305,0.11215418897771574,0.0037500904019446934,0.0042238081831199505,0.020975100019509307,0.9746462907614878,0.9956213907809971,0.0,0.047176526087544725,0.04048072853016651,1.9274240640941475e-16,9.251635507651825e-15,2,4,1,2,False,True,False
20260809,H0,G2_cooling_coarse_014,G2,G2_cooling,cooling,1.2,validation,False,False,False,0.9950155371167461,0.015968693654604234,0.5054921153856752,0.9899103597820693,4.2616704917231676e-05,0.0042238081831199505,0.8840384254483643,0.11158296533263275,0.9956213907809971,0.0,0.28985179403763933,0.013950407715508418,1.7225527463454854e-15,0.5906461131048246,0,1,1,2,False,True,False
20260809,H1,G2_cooling_coarse_014,G2,G2_cooling,cooling,1.2,validation,False,False,False,0.993221864101652,0.015968693654604234,0.5045952788781282,0.9899103597820693,4.2616704917231676e-05,0.0042238081831199505,0.8819187127672917,0.11370267801370541,0.9956213907809971,0.0,0.16869118352289822,0.009507222151539955,1.7225527463454854e-15,7.155219100199203e-13,1,2,1,2,False,True,False
20260809,H2,G2_cooling_coarse_014,G2,G2_cooling,cooling,1.2,validation,False,False,False,0.9920161004964775,0.01597148039277784,0.5039937904446277,0.9897793136640217,4.317021858300743e-05,0.0042238081831199505,0.8804704817342385,0.11515090904675858,0.9956213907809971,0.0,0.10334948788889327,0.006447073782589463,3.6625438093806226e-15,6.516711877972274e-13,2,4,1,2,False,True,False
20260809,S1,G2_cooling_coarse_014,G2,G2_cooling,cooling,1.2,validation,False,False,False,0.14622088631612973,0.01126732080064739,0.07874410355838855,0.029503933782113096,0.004099189226176832,0.0042238081831199505,0.0036152593594855897,0.9920061314215115,0.9956213907809971,1.0,0.043399871982580614,0.013417567837694818,1.5869511447219031e-15,7.405772008702162e-15,1,2,1,2,False,True,False
20260809,S2,G2_cooling_coarse_014,G2,G2_cooling,cooling,1.2,validation,False,False,False,0.10306372424130411,0.007846000769583245,0.05545486250544368,0.017633584658181344,0.004149327303942986,0.0042238081831199505,0.002169586101813392,0.9934518046791837,0.9956213907809971,0.0,0.03105325357180105,0.008523204912415046,1.045183561639225e-15,6.967890410928117e-15,2,4,1,2,False,True,False
20260809,G1,G2_cooling_coarse_014,G2,G2_cooling,cooling,1.2,validation,False,False,False,0.1166812811865925,0.009353968449971599,0.06301762481828205,0.025184928871124453,0.004117431874462801,0.0042238081831199505,0.0033120509739735793,0.9923093398070235,0.9956213907809971,0.0,0.032244934128002535,0.011929530673354734,1.0532800109796203e-15,8.2506934193403e-15,1,2,1,2,False,True,False
20260809,G2,G2_cooling_coarse_014,G2,G2_cooling,cooling,1.2,validation,False,False,False,0.08531990936583031,0.006919153714917978,0.04611953154037415,0.014920566914039155,0.004160786570491643,0.0042238081831199505,0.001989033612032287,0.9936323571689648,0.9956213907809971,0.0,0.024438933103961398,0.007610288377813633,3.4743500349178575e-16,7.991005080311011e-15,2,4,1,2,False,True,False
0,A1,G2_cooling_coarse_022,G2,G2_cooling,cooling,1.0,validation,False,False,False,1.4533034326598648,0.0667568164757044,0.7600301245677846,0.6317820072128797,0.003547982187831744,0.0021742991233809333,0.3147095966033472,0.9999930747071244,0.6852834781037772,0.0,0.18779548647888553,0.003998608947253137,1.8334965314153724e-15,1.0878746086397776e-14,1,2,1,2,False,True,False
0,A2,G2_cooling_coarse_022,G2,G2_cooling,cooling,1.0,validation,False,False,False,1.1298599756591283,0.06698959128574287,0.5984247834724356,0.6425319241255777,0.003571355722751441,0.0021742991233809333,0.3146115935402436,0.9998950716440208,0.6852834781037772,0.0,0.13722460293469557,0.004790242976431273,2.428662405323688e-16,1.1050413944222658e-14,2,4,1,2,False,True,False
0,R1,G2_cooling_coarse_022,G2,G2_cooling,cooling,1.0,validation,False,False,False,0.6390700567984839,0.027426867780053776,0.33324846228926885,0.6688978100423338,0.0007199152013744607,0.0021742991233809333,0.15279036175660254,0.5324931163471747,0.6852834781037772,0.0,0.13748794287417612,0.26385836845576066,1.6566150950238313e-15,5.105386520118638e-14,1,2,1,2,False,True,False
0,R2,G2_cooling_coarse_022,G2,G2_cooling,cooling,1.0,validation,False,False,False,0.6724994357727736,0.02743763111766781,0.3499685334452207,0.7314258383439112,0.000583960564251603,0.0021742991233809333,0.21241019965251778,0.4728732784512594,0.6852834781037772,1.0,0.1791905908585462,0.3566022678803108,2.413626725012684e-15,6.869552986574105e-14,2,4,1,2,False,True,False
20260809,H0,G2_cooling_coarse_022,G2,G2_cooling,cooling,1.0,validation,False,False,False,0.9914170132912445,0.060949617381682725,0.5261833153364637,0.9837476283342219,3.5337517465762335e-05,0.0021742991233809333,0.5745066236686822,0.11077685443509501,0.6852834781037772,0.0,0.244568077996672,0.00896839391890168,5.752750105832783e-16,0.5014628291110138,0,1,1,2,False,True,False
20260809,H1,G2_cooling_coarse_022,G2,G2_cooling,cooling,1.0,validation,False,False,False,0.9906506346662147,0.060949617381682725,0.5258001260239488,0.9837476283342219,3.5337517465762335e-05,0.0021742991233809333,0.5733382838674744,0.11194519423630282,0.6852834781037772,0.0,0.1490968644132757,0.006036049799916604,5.752750105832783e-16,1.015935668689038e-12,1,2,1,2,False,True,False
20260809,H2,G2_cooling_coarse_022,G2,G2_cooling,cooling,1.0,validation,False,False,False,0.9901411018294577,0.0604872464316312,0.5253141741305445,0.9836319235706882,3.55890942316849e-05,0.0021742991233809333,0.5725527836377416,0.11273069446603552,0.6852834781037772,0.0,0.09304469497623724,0.004040486612067713,1.5232224869609653e-15,9.91427436199737e-13,2,4,1,2,False,True,False
20260809,S1,G2_cooling_coarse_022,G2,G2_cooling,cooling,1.0,validation,False,False,False,0.537438054289064,0.021284430930166697,0.27936124260961537,0.516758393277974,0.001050711801876895,0.0021742991233809333,0.09736686985704723,0.58791660824673,0.6852834781037772,0.0,0.07137800410605512,0.1469016119657507,4.1274959338946604e-16,3.2194468284377316e-14,1,2,1,2,False,True,False
20260809,S2,G2_cooling_coarse_022,G2,G2_cooling,cooling,1.0,validation,False,False,False,0.5187224578742986,0.02304016399052949,0.270881310932414,0.48985409853145157,0.0011092097863594408,0.0021742991233809333,0.09972482951326689,0.5855586485905103,0.6852834781037772,1.0,0.08823990140154517,0.15723365163319178,2.1504000494773568e-15,3.342894622369241e-14,2,4,1,2,False,True,False
20260809,G1,G2_cooling_coarse_022,G2,G2_cooling,cooling,1.0,validation,False,False,False,0.8496503755828873,0.04171352664139465,0.44568195111214093,0.9423907230928414,0.00012525980027784436,0.0021742991233809333,0.44844672360119153,0.2368367545025857,0.6852834781037772,0.0,0.39114153370428495,0.29898711902261216,3.895032376997746e-15,2.802259404561483e-13,1,2,1,2,False,True,False
20260809,G2,G2_cooling_coarse_022,G2,G2_cooling,cooling,1.0,validation,False,False,False,0.8918879696334117,0.04772117779449454,0.4698045737139531,0.9638232045963465,7.865917453289528e-05,0.0021742991233809333,0.4944885385581961,0.1907949395455811,0.6852834781037772,0.0,0.39422973625488456,0.19334242421611225,2.06753156054051e-15,4.5261711746145506e-13,2,4,1,2,False,True,False
0,A1,G2_cooling_coarse_030,G2,G2_cooling,cooling,0.8,validation,False,False,False,259.0416105747472,0.01809191883746743,129.52985124679233,99.06911656347201,0.0028383857502653972,2.8364253105652846e-05,0.8886347682404167,0.9999840539953616,0.11134928575494497,0.0,0.27720904114127265,0.00437730290659194,2.2918706642692136e-15,1.6807051537973994e-14,1,2,1,2,False,True,False
0,A2,G2_cooling_coarse_030,G2,G2_cooling,cooling,0.8,validation,False,False,False,202.99106106219767,0.018325261278932588,101.5046931617383,99.91425230310772,0.0028623573942930577,2.8364253105652846e-05,0.888310485056204,0.999659770811149,0.11134928575494497,0.0,0.2181111931669505,0.014854551194548373,1.136338363595521e-15,1.723446518119846e-14,2,4,1,2,False,True,False
0,R1,G2_cooling_coarse_030,G2,G2_cooling,cooling,0.8,validation,False,False,False,4.282325729384639,0.004049458230988365,2.1431875938078138,0.20858635762115843,3.4280649347605604e-05,2.8364253105652846e-05,0.019021331845775133,0.1303706176007201,0.11134928575494497,0.0,0.3846199088793631,0.053419995654627454,1.2354388895399714e-15,1.4214959863026723e-12,1,2,1,2,False,True,False
0,R2,G2_cooling_coarse_030,G2,G2_cooling,cooling,0.8,validation,False,False,False,2.8427421553079033,0.002615598896161905,1.4226788771020327,0.1258821852472637,3.193480726949891e-05,2.8364253105652846e-05,0.012189851026693024,0.123539136781638,0.11134928575494497,0.0,0.3425945246464783,0.03361269896797413,2.652381585102928e-16,1.3911741413845508e-12,2,4,1,2,False,True,False
20260809,H0,G2_cooling_coarse_030,G2,G2_cooling,cooling,0.8,validation,False,False,False,0.9996292783162051,0.0011481317756441645,0.5003887050459246,0.029384005721406526,2.753079773011292e-05,2.8364253105652846e-05,0.0048445832642353415,0.10650470249070963,0.11134928575494497,0.5555555555555556,0.9989095889935552,0.0103072389095266,7.691685467651959e-16,0.9995743245632025,0,1,1,2,False,True,False
20260809,H1,G2_cooling_coarse_030,G2,G2_cooling,cooling,0.8,validation,False,False,False,0.6601617395972327,0.0011481317756441645,0.33065493568643844,0.029384005721406526,2.753079773011292e-05,2.8364253105652846e-05,0.003221114980552789,0.10812817077439218,0.11134928575494497,0.0,0.39738946894281657,0.0068626509533025425,7.691685467651959e-16,1.6312526539769675e-12,1,2,1,2,False,True,False
20260809,H2,G2_cooling_coarse_030,G2,G2_cooling,cooling,0.8,validation,False,False,False,0.4360570248195041,0.0007577882259487534,0.21840740652272642,0.019609531360990112,2.7808043394846485e-05,2.8364253105652846e-05,0.0021370485249297827,0.10921223723001519,0.11134928575494497,0.0,0.2078712220563742,0.004557317773909787,1.0660999313383782e-15,1.679564291825698e-12,2,4,1,2,False,True,False
20260809,S1,G2_cooling_coarse_030,G2,G2_cooling,cooling,0.8,validation,False,False,False,0.6604066934259696,0.0011480417908727657,0.3307773676084212,0.02939488940317458,2.753048902260853e-05,2.8364253105652846e-05,0.0032223291090800604,0.10812695664586491,0.11134928575494497,0.0,0.3976507953147369,0.006865152173957827,4.615063030075662e-15,1.7724918744145843e-12,1,2,1,2,False,True,False
20260809,S2,G2_cooling_coarse_030,G2,G2_cooling,cooling,0.8,validation,False,False,False,0.4362189402671388,0.0007577362318069508,0.2184883382494729,0.0196168706281968,2.7807835222013824e-05,2.8364253105652846e-05,0.0021378575279496354,0.10921142822699534,0.11134928575494497,0.0,0.20797953088628157,0.0045589880125909915,1.3707101729468297e-15,1.7910612926473183e-12,2,4,1,2,False,True,False
20260809,G1,G2_cooling_coarse_030,G2,G2_cooling,cooling,0.8,validation,False,False,False,0.6604029385473499,0.0011480417501891842,0.33077549014876956,0.029394738707087174,2.7530493296990494e-05,2.8364253105652846e-05,0.003222312251468351,0.10812697350347662,0.11134928575494497,0.0,0.39764680188162643,0.00686511400938385,1.0768478731596606e-15,1.6543460039914064e-12,1,2,1,2,False,True,False
20260809,G2,G2_cooling_coarse_030,G2,G2_cooling,cooling,0.8,validation,False,False,False,0.4362164532210027,0.0007577361802971149,0.21848709470064992,0.019616768657781457,2.7807838114328495e-05,2.8364253105652846e-05,0.002137846268825419,0.10921143948611955,0.11134928575494497,0.0,0.20797787346622862,0.004558962406102491,7.6150557243233805e-16,1.821064425911378e-12,2,4,1,2,False,True,False
0,A1,G2_cooling_event_reachability_confirmation,G2,G2_cooling,cooling,1.078125,validation_event,False,False,False,1.212249248214291,0.07545307366775306,0.643851160941022,0.6122131768162417,0.003825168296256094,0.0023726194223334294,0.30239477571489193,0.9999951145256282,0.6976003388107362,0.0,0.15575235877355895,0.003611282879214722,6.309600329911678e-16,8.623120450879222e-15,1,2,1,2,False,True,False
0,A2,G2_cooling_event_reachability_confirmation,G2,G2_cooling,cooling,1.078125,validation_event,False,False,False,0.9750064934041386,0.07571243871578798,0.5253594660599633,0.6214720492924964,0.003847136076922165,0.0023726194223334294,0.3023338617376977,0.999934200548434,0.6976003388107362,0.0,0.11092371927813513,0.0029489807573320715,2.09119049092177e-16,1.0037714356424398e-14,2,4,1,2,False,True,False
0,R1,G2_cooling_event_reachability_confirmation,G2,G2_cooling,cooling,1.078125,validation_event,False,False,False,0.3744462989099144,0.04186798845563083,0.2081571436827726,0.10879815898528125,0.0021144827972108308,0.0023726194223334294,0.08146220972645801,0.7790625485371943,0.6976003388107362,0.0,0.1465892997900674,0.05139664115064823,1.331665141557943e-15,1.6550695330791302e-14,1,2,1,2,False,True,False
0,R2,G2_cooling_event_reachability_confirmation,G2,G2_cooling,cooling,1.078125,validation_event,False,False,False,0.26387746115843747,0.029297110054642788,0.14658728560654014,0.0290738398018456,0.00230363826533776,0.0023726194223334294,0.05672423373398805,0.7543245725447243,0.6976003388107362,0.0,0.10260778910038837,0.01989745057692835,1.0477028232766581e-15,1.6064776623575182e-14,2,4,1,2,False,True,False
20260809,H0,G2_cooling_event_reachability_confirmation,G2,G2_cooling,cooling,1.078125,validation_event,False,False,False,0.9907045371282599,0.06933626007143665,0.5300203985998483,0.9838197328733471,3.83896160432395e-05,0.0023726194223334294,0.5855994350659013,0.11200090374483494,0.6976003388107362,0.0,0.22316218489526526,0.009995531961941672,1.6372213721397867e-16,0.4565529809899954,0,1,1,2,False,True,False
20260809,H1,G2_cooling_event_reachability_confirmation,G2,G2_cooling,cooling,1.078125,validation_event,False,False,False,0.9901689649476039,0.06933626007143665,0.5297526125095202,0.9838197328733471,3.83896160432395e-05,0.0023726194223334294,0.5843845566970619,0.11321578211367433,0.6976003388107362,0.0,0.13896333273932235,0.0067706779818777355,1.6372213721397867e-16,8.448062280234164e-13,1,2,1,2,False,True,False
20260809,H2,G2_cooling_event_reachability_confirmation,G2,G2_cooling,cooling,1.078125,validation_event,False,False,False,0.9898118409959507,0.06878667606007487,0.5292992585280127,0.9837008556778181,3.8671666386224464e-05,0.0023726194223334294,0.5835634641736958,0.11403687463704046,0.6976003388107362,0.0,0.08789497081523695,0.004555480348313611,1.7878083956651885e-15,8.724504970838524e-13,2,4,1,2,False,True,False
20260809,S1,G2_cooling_event_reachability_confirmation,G2,G2_cooling,cooling,1.078125,validation_event,False,False,False,0.1467459927205927,0.07092870358249918,0.10883734815154594,0.07047747887186734,0.0025398356575419157,0.0023726194223334294,0.10963993375413683,0.8072402725648731,0.6976003388107362,0.0,0.038225718551828276,0.04774482630412166,3.1675649396653693e-16,1.4254042228493956e-14,1,2,1,2,False,True,False
20260809,S2,G2_cooling_event_reachability_confirmation,G2,G2_cooling,cooling,1.078125,validation_event,False,False,False,0.10899706374504563,0.05038938971019086,0.07969322672761825,0.053256917043549734,0.0024989778180845557,0.0023726194223334294,0.07937517362523916,0.7769755124359754,0.6976003388107362,0.0,0.026976626130953228,0.02887442857406637,6.438708117471968e-16,1.3843222452564542e-14,2,4,1,2,False,True,False
20260809,G1,G2_cooling_event_reachability_confirmation,G2,G2_cooling,cooling,1.078125,validation_event,False,False,False,0.4531657977677846,0.03165966335552075,0.24241273056165266,0.2742505620153539,0.001721927212309942,0.0023726194223334294,0.02041620175116632,0.7180165405619026,0.6976003388107362,0.0,0.16655469470219214,0.10916774480739279,7.008218167261549e-16,1.92725999599689e-14,1,2,1,2,False,True,False
20260809,G2,G2_cooling_event_reachability_confirmation,G2,G2_cooling,cooling,1.078125,validation_event,False,False,False,0.34493537501968025,0.020212892073236705,0.18257413354645846,0.1397774851748878,0.0020409806462025675,0.0023726194223334294,0.013947665945634236,0.7115480047563705,0.6976003388107362,0.0,0.1336817592562793,0.04550922628787959,3.941778868070285e-15,1.6949649132701998e-14,2,4,1,2,False,True,False
0,A1,G2_cooling_event_refine_01,G2,G2_cooling,cooling,1.0875,validation_event,False,False,False,0.693146904107295,0.03136250646400219,0.36225470528564857,0.05997012270342462,0.003858430629267025,0.0036401314967503084,0.015581142495197486,0.9999953175088763,0.9844141750136788,0.0,0.152050401854947,0.003559545228202524,2.6872226434801398e-15,9.095215101009646e-15,1,2,1,2,False,True,False
0,A2,G2_cooling_event_refine_01,G2,G2_cooling,cooling,1.0875,validation_event,False,False,False,0.47938276581662587,0.031672900918952335,0.2555278333677891,0.06594532621518806,0.0038801811557696883,0.0036401314967503084,0.015523615349540387,0.9999377903632192,0.9844141750136788,0.0,0.10796859461517425,0.002783288454715606,2.0555071526941368e-16,9.86643433293176e-15,2,4,1,2,False,True,False
0,R1,G2_cooling_event_refine_01,G2,G2_cooling,cooling,1.0875,validation_event,False,False,False,0.4330862169370979,0.06611493186357484,0.2496005744003364,0.38045619831663696,0.0022552209061240365,0.0036401314967503084,0.18921070489184777,0.795203470121831,0.9844141750136788,0.0,0.13960632018084743,0.04218121422270493,7.073134252857918e-16,1.5384066999965747e-14,1,2,1,2,False,True,False
0,R2,G2_cooling_event_refine_01,G2,G2_cooling,cooling,1.0875,validation_event,False,False,False,0.3926743063805043,0.05854075130029974,0.22560752884040203,0.3420839935668457,0.0023949007772335034,0.0036401314967503084,0.21730303762617087,0.7671111373875079,0.9844141750136788,0.0,0.09442166320306655,0.018103612307978505,1.66515043029191e-16,1.7484079518064753e-14,2,4,1,2,False,True,False
20260809,H0,G2_cooling_event_refine_01,G2,G2_cooling,cooling,1.0875,validation_event,False,False,False,0.9929259292795082,0.02777116992853581,0.510348549604022,0.9893646093693382,3.871422041491509e-05,0.0036401314967503084,0.8724512746282208,0.11196290038545796,0.9844141750136788,0.0,0.2274632944156985,0.01023223756369345,9.656989449654912e-16,0.46927666115520034,0,1,1,2,False,True,False
20260809,H1,G2_cooling_event_refine_01,G2,G2_cooling,cooling,1.0875,validation_event,False,False,False,0.9917086576939924,0.02777116992853581,0.5097399138112642,0.9893646093693382,3.871422041491509e-05,0.0036401314967503084,0.8711676503861653,0.11324652462751351,0.9844141750136788,0.0,0.14085112311623885,0.006934012240480618,9.656989449654912e-16,9.240129405069612e-13,1,2,1,2,False,True,False
20260809,H2,G2_cooling_event_refine_01,G2,G2_cooling,cooling,1.0875,validation_event,False,False,False,0.9908984224137649,0.027198948630621528,0.5090486855221932,0.9892819235209831,3.901520777584808e-05,0.0036401314967503084,0.8702995165981234,0.11411465841555533,0.9844141750136788,0.0,0.08882539731707109,0.004667827609934508,4.791244740337963e-16,8.522027311473866e-13,2,4,1,2,False,True,False
20260809,S1,G2_cooling_event_refine_01,G2,G2_cooling,cooling,1.0875,validation_event,False,False,False,0.2738363944273629,0.09660351626947061,0.18521995534841676,0.2826439295054535,0.0026112704265922335,0.0036401314967503084,0.1579167761300413,0.8264973988836375,0.9844141750136788,0.0,0.04530390793382509,0.05476122781097745,6.10870481908847e-16,1.3133715361040039e-14,1,2,1,2,False,True,False
20260809,S2,G2_cooling_event_refine_01,G2,G2_cooling,cooling,1.0875,validation_event,False,False,False,0.29915829660835563,0.07979292678721865,0.18947561169778715,0.2956686491333317,0.002563858734438452,0.0036401314967503084,0.19048531942715652,0.7939288555865223,0.9844141750136788,0.0,0.0320171923570095,0.033270854038082935,3.110834466931143e-16,1.3843213377843398e-14,2,4,1,2,False,True,False
20260809,G1,G2_cooling_event_refine_01,G2,G2_cooling,cooling,1.0875,validation_event,False,False,False,0.4893206254596381,0.06462482898293954,0.27697272722128885,0.4489751931243903,0.0020058027549986627,0.0036401314967503084,0.23593526752810134,0.7484789074855774,0.9844141750136788,0.0,0.15613148240535002,0.05813391769706881,1.5905332863976277e-15,1.9682849419170288e-14,1,2,1,2,False,True,False
20260809,G2,G2_cooling_event_refine_01,G2,G2_cooling,cooling,1.0875,validation_event,False,False,False,0.4388925832694559,0.054838839808047816,0.24686571153875186,0.3798277162227799,0.0022575086635890293,0.0036401314967503084,0.25165927364241414,0.7327549013712646,0.9844141750136788,0.0,0.11060456169869468,0.02246975498911086,0.0,1.5368476798834384e-14,2,4,1,2,False,True,False
0,A1,G2_cooling_event_refine_02,G2,G2_cooling,cooling,1.0812499999999998,validation_event,False,False,False,0.7288339517684915,0.03558639193027649,0.382210171849384,0.07456248495332975,0.003836255740593079,0.0035700629738248256,0.018566223163283047,0.999995183090485,0.9814289599272019,0.0,0.15451472392886853,0.0035941426218678383,3.1365906782206874e-15,1.0037090170306132e-14,1,2,1,2,False,True,False
0,A2,G2_cooling_event_refine_02,G2,G2_cooling,cooling,1.0812499999999998,validation_event,False,False,False,0.5089980367232162,0.03589383766206887,0.27244593719264254,0.08069586345597322,0.0038581522880898195,0.0035700629738248256,0.018506459488363824,0.9999354194155657,0.9814289599272019,0.0,0.10993388445141337,0.002892565835229595,2.079192853076362e-15,9.980125694766458e-15,2,4,1,2,False,True,False
0,R1,G2_cooling_event_refine_02,G2,G2_cooling,cooling,1.0812499999999998,validation_event,False,False,False,0.43810739199238663,0.06145758377309763,0.24978248788274213,0.39423193289096375,0.0021626301471114025,0.0035700629738248256,0.19692457584472456,0.7845043840824774,0.9814289599272019,0.0,0.14437169836102162,0.047466469100538033,7.418598759654982e-16,1.7248242116197533e-14,1,2,1,2,False,True,False
0,R2,G2_cooling_event_refine_02,G2,G2_cooling,cooling,1.0812499999999998,validation_event,False,False,False,0.39220118279878763,0.053767860597784496,0.22298452169828606,0.3457936029826804,0.0023355580352308765,0.0035700629738248256,0.22287348842080357,0.7585554715063983,0.9814289599272019,0.0,0.09973519649753394,0.018823754876308336,1.5455960177875063e-15,1.4769028614413752e-14,2,4,1,2,False,True,False
20260809,H0,G2_cooling_event_refine_02,G2,G2_cooling,cooling,1.0812499999999998,validation_event,False,False,False,0.9926803179380068,0.03133662228009524,0.512008470109051,0.9892163299987988,3.8498380993233866e-05,0.0035700629738248256,0.8694384497761226,0.11199051015107932,0.9814289599272019,0.0,0.22449009117196103,0.010071362195147494,3.2557548754803525e-16,0.4606263937761022,0,1,1,2,False,True,False
20260809,H1,G2_cooling_event_refine_02,G2,G2_cooling,cooling,1.0812499999999998,validation_event,False,False,False,0.991519795374071,0.03133662228009524,0.5114282088270831,0.9892163299987988,3.8498380993233866e-05,0.0035700629738248256,0.8682014457782775,0.1132275141489244,0.9814289599272019,0.0,0.13954172630195616,0.006823068330054858,3.2557548754803525e-16,8.4454281469889e-13,1,2,1,2,False,True,False
20260809,H2,G2_cooling_event_refine_02,G2,G2_cooling,cooling,1.0812499999999998,validation_event,False,False,False,0.9907478352562664,0.030738466144174272,0.5107431507002204,0.9891356192313018,3.878652351586428e-05,0.0035700629738248256,0.8673652177088,0.11406374221840192,0.9814289599272019,0.0,0.08817746034912176,0.0045915392607391485,1.9389408524672983e-15,9.012843395877387e-13,2,4,1,2,False,True,False
20260809,S1,G2_cooling_event_refine_02,G2,G2_cooling,cooling,1.0812499999999998,validation_event,False,False,False,0.26277906328038864,0.09285637592205602,0.17781771960122233,0.2822305850992555,0.002562482011881057,0.0035700629738248256,0.16788940212663994,0.813539557800562,0.9814289599272019,0.0,0.040648577793417545,0.050088121117067175,4.5392208835458275e-15,1.486986151506376e-14,1,2,1,2,False,True,False
20260809,S2,G2_cooling_event_refine_02,G2,G2_cooling,cooling,1.0812499999999998,validation_event,False,False,False,0.2896547342909954,0.07622913321932306,0.18294193375515924,0.29425269144017585,0.0025195623351659526,0.0035700629738248256,0.19900781399644185,0.7824211459307601,0.9814289599272019,0.0,0.02866927037083952,0.03025795435405603,1.5919119268283953e-16,1.4645589726821023e-14,2,4,1,2,False,True,False
20260809,G1,G2_cooling_event_refine_02,G2,G2_cooling,cooling,1.0812499999999998,validation_event,False,False,False,0.5137981010894648,0.05710274685515893,0.28545042397231185,0.48983882248492744,0.0018213075305294347,0.0035700629738248256,0.2525096976235104,0.7289192623036915,0.9814289599272019,0.0,0.16450627209620275,0.08851104833140525,2.20222080264081e-16,2.0921097625087262e-14,1,2,1,2,False,True,False
20260809,G2,G2_cooling_event_refine_02,G2,G2_cooling,cooling,1.0812499999999998,validation_event,False,False,False,0.4573678621951934,0.047309665839382314,0.25233876401728783,0.4046645344050618,0.0021253851027252524,0.0035700629738248256,0.2622581287126564,0.7191708312145455,0.9814289599272019,0.0,0.12555699579768628,0.03571558316842664,1.6984353536381662e-15,1.6040778339915787e-14,2,4,1,2,False,True,False
0,A1,G2_cooling_event_refine_03,G2,G2_cooling,cooling,1.078125,validation_event,False,False,False,1.212249248214291,0.07545307366775306,0.643851160941022,0.6122131768162417,0.003825168296256094,0.0023726194223334294,0.30239477571489193,0.9999951145256282,0.6976003388107362,0.0,0.15575235877355895,0.003611282879214722,6.309600329911678e-16,8.623120450879222e-15,1,2,1,2,False,True,False
0,A2,G2_cooling_event_refine_03,G2,G2_cooling,cooling,1.078125,validation_event,False,False,False,0.9750064934041386,0.07571243871578798,0.5253594660599633,0.6214720492924964,0.003847136076922165,0.0023726194223334294,0.3023338617376977,0.999934200548434,0.6976003388107362,0.0,0.11092371927813513,0.0029489807573320715,2.09119049092177e-16,1.0037714356424398e-14,2,4,1,2,False,True,False
0,R1,G2_cooling_event_refine_03,G2,G2_cooling,cooling,1.078125,validation_event,False,False,False,0.3744462989099144,0.04186798845563083,0.2081571436827726,0.10879815898528125,0.0021144827972108308,0.0023726194223334294,0.08146220972645801,0.7790625485371943,0.6976003388107362,0.0,0.1465892997900674,0.05139664115064823,1.331665141557943e-15,1.6550695330791302e-14,1,2,1,2,False,True,False
0,R2,G2_cooling_event_refine_03,G2,G2_cooling,cooling,1.078125,validation_event,False,False,False,0.26387746115843747,0.029297110054642788,0.14658728560654014,0.0290738398018456,0.00230363826533776,0.0023726194223334294,0.05672423373398805,0.7543245725447243,0.6976003388107362,0.0,0.10260778910038837,0.01989745057692835,1.0477028232766581e-15,1.6064776623575182e-14,2,4,1,2,False,True,False
20260809,H0,G2_cooling_event_refine_03,G2,G2_cooling,cooling,1.078125,validation_event,False,False,False,0.9907045371282599,0.06933626007143665,0.5300203985998483,0.9838197328733471,3.83896160432395e-05,0.0023726194223334294,0.5855994350659013,0.11200090374483494,0.6976003388107362,0.0,0.22316218489526526,0.009995531961941672,1.6372213721397867e-16,0.4565529809899954,0,1,1,2,False,True,False
20260809,H1,G2_cooling_event_refine_03,G2,G2_cooling,cooling,1.078125,validation_event,False,False,False,0.9901689649476039,0.06933626007143665,0.5297526125095202,0.9838197328733471,3.83896160432395e-05,0.0023726194223334294,0.5843845566970619,0.11321578211367433,0.6976003388107362,0.0,0.13896333273932235,0.0067706779818777355,1.6372213721397867e-16,8.448062280234164e-13,1,2,1,2,False,True,False
20260809,H2,G2_cooling_event_refine_03,G2,G2_cooling,cooling,1.078125,validation_event,False,False,False,0.9898118409959507,0.06878667606007487,0.5292992585280127,0.9837008556778181,3.8671666386224464e-05,0.0023726194223334294,0.5835634641736958,0.11403687463704046,0.6976003388107362,0.0,0.08789497081523695,0.004555480348313611,1.7878083956651885e-15,8.724504970838524e-13,2,4,1,2,False,True,False
20260809,S1,G2_cooling_event_refine_03,G2,G2_cooling,cooling,1.078125,validation_event,False,False,False,0.1467459927205927,0.07092870358249918,0.10883734815154594,0.07047747887186734,0.0025398356575419157,0.0023726194223334294,0.10963993375413683,0.8072402725648731,0.6976003388107362,0.0,0.038225718551828276,0.04774482630412166,3.1675649396653693e-16,1.4254042228493956e-14,1,2,1,2,False,True,False
20260809,S2,G2_cooling_event_refine_03,G2,G2_cooling,cooling,1.078125,validation_event,False,False,False,0.10899706374504563,0.05038938971019086,0.07969322672761825,0.053256917043549734,0.0024989778180845557,0.0023726194223334294,0.07937517362523916,0.7769755124359754,0.6976003388107362,0.0,0.026976626130953228,0.02887442857406637,6.438708117471968e-16,1.3843222452564542e-14,2,4,1,2,False,True,False
20260809,G1,G2_cooling_event_refine_03,G2,G2_cooling,cooling,1.078125,validation_event,False,False,False,0.4531657977677846,0.03165966335552075,0.24241273056165266,0.2742505620153539,0.001721927212309942,0.0023726194223334294,0.02041620175116632,0.7180165405619026,0.6976003388107362,0.0,0.16655469470219214,0.10916774480739279,7.008218167261549e-16,1.92725999599689e-14,1,2,1,2,False,True,False
20260809,G2,G2_cooling_event_refine_03,G2,G2_cooling,cooling,1.078125,validation_event,False,False,False,0.34493537501968025,0.020212892073236705,0.18257413354645846,0.1397774851748878,0.0020409806462025675,0.0023726194223334294,0.013947665945634236,0.7115480047563705,0.6976003388107362,0.0,0.1336817592562793,0.04550922628787959,3.941778868070285e-15,1.6949649132701998e-14,2,4,1,2,False,True,False
0,A1,G2_heating_coarse_006,G2,G2_heating,heating,0.9,validation,False,False,False,0.651434526061239,0.00015791576859875957,0.3257962209149189,0.004061790667199982,1.796916357375676e-05,1.8042448221556517e-05,7.418186391965325e-05,0.0031594878190116544,0.0032336696829313076,0.0,0.3944641742327826,0.0009457369842497802,4.609062572508578e-15,2.1258253601429603e-12,1,2,1,2,False,True,False
0,A2,G2_heating_coarse_006,G2,G2_heating,heating,0.9,validation,False,False,False,0.42436854202904883,0.0001028726878966278,0.21223570735847272,0.002650048138104438,1.7994634865240136e-05,1.8042448221556517e-05,4.852746822917855e-05,0.003185142214702129,0.0032336696829313076,0.0,0.20443437403306827,0.0006165939994634183,4.184125885163427e-16,2.2751184500524375e-12,2,4,1,2,False,True,False
0,R1,G2_heating_coarse_006,G2,G2_heating,heating,0.9,validation,False,False,False,0.5687048567609081,0.00015157959438366056,0.28442821817764585,0.0035524541629430315,1.7978353251262165e-05,1.8042448221556517e-05,6.49390910527764e-05,0.0031687305918785312,0.0032336696829313076,0.1111111111111111,0.3147542867254474,0.0008259134090167078,1.2563745380033024e-15,2.0918636057711252e-12,1,2,1,2,False,True,False
0,R2,G2_heating_coarse_006,G2,G2_heating,heating,0.9,validation,False,False,False,0.37046494576151573,9.872156474504781e-05,0.1852818336631304,0.0023172440868381603,1.8000639465103032e-05,1.8042448221556517e-05,4.2457826845602054e-05,0.0031912118560857056,0.0032336696829313076,0.1111111111111111,0.17017993303241835,0.0005383989240735414,1.2548190470624142e-15,2.3634516751364745e-12,2,4,1,2,False,True,False
20260809,H0,G2_heating_coarse_006,G2,G2_heating,heating,0.9,validation,False,False,False,0.9329567971871383,0.0001585396140875633,0.4665576684006129,0.0038047478316867458,1.797380125580723e-05,1.8042448221556517e-05,0.00010607597201838436,0.0031275937109129233,0.0032336696829313076,0.1111111111111111,0.8253407804887543,0.0013531663086294465,8.377951493080983e-16,0.9433237918716098,0,1,1,2,False,True,False
20260809,H1,G2_heating_coarse_006,G2,G2_heating,heating,0.9,validation,False,False,False,0.6077395204492448,0.0001585396140875633,0.3039490300316662,0.0038047478316867458,1.797380125580723e-05,1.8042448221556517e-05,6.951406943496224e-05,0.0031641556134963454,0.0032336696829313076,0.1111111111111111,0.35024950532761473,0.000882478790233361,8.377951493080983e-16,2.1437083382875016e-12,1,2,1,2,False,True,False
20260809,H2,G2_heating_coarse_006,G2,G2_heating,heating,0.9,validation,False,False,False,0.3958903615730906,0.00010327329785696973,0.1979968174354738,0.0024820228777900116,1.7997666452299272e-05,1.8042448221556517e-05,4.545972850860357e-05,0.003188209954422704,0.0032336696829313076,0.1111111111111111,0.18586034272412238,0.0005752920795176108,2.0917105485110476e-16,2.2751535636102905e-12,2,4,1,2,False,True,False
20260809,S1,G2_heating_coarse_006,G2,G2_heating,heating,0.9,validation,False,False,False,0.41785327146384493,0.00013798098875812567,0.20899562622630152,0.0025970505403899433,1.7995591071652766e-05,1.8042448221556517e-05,4.7520080851369984e-05,0.0031861496020799377,0.0032336696829313076,0.1111111111111111,0.1970271158542799,0.0006070713279458686,8.36780711830218e-16,2.3544917279067343e-12,1,2,1,2,False,True,False
20260809,S2,G2_heating_coarse_006,G2,G2_heating,heating,0.9,validation,False,False,False,0.2721497478918029,8.985766833847903e-05,0.1361198027800707,0.001693290231660114,1.8011897120227722e-05,1.8042448221556517e-05,3.1036945649372955e-05,0.0032026327372819347,0.0032336696829313076,0.1111111111111111,0.1144070875922735,0.0003956151839801768,6.27017384935771e-16,2.4829888443394886e-12,2,4,1,2,False,True,False
20260809,G1,G2_heating_coarse_006,G2,G2_heating,heating,0.9,validation,False,False,False,0.07402397652799479,0.000105728169013286,0.03706485234850404,0.00018182503663601623,1.803916765274763e-05,1.8042448221556517e-05,3.36500266098598e-06,0.0032303046802703217,0.0032336696829313076,0.1111111111111111,0.02652712412181867,0.00010803383692532235,8.347593301761629e-16,2.254267571135648e-12,1,2,1,2,False,True,False
20260809,G2,G2_heating_coarse_006,G2,G2_heating,heating,0.9,validation,False,False,False,0.04809877735144625,6.867587014372226e-05,0.024083726610794987,0.00011837059110013978,1.8040312526295638e-05,1.8042448221556517e-05,2.192998161051462e-06,0.003231476684770256,0.0032336696829313076,0.0,0.017101485873874753,7.020947556773319e-05,1.6694127094299452e-15,2.4519499169692203e-12,2,4,1,2,False,True,True
0,A1,G2_heating_coarse_014,G2,G2_heating,heating,1.1,validation,False,False,False,0.6521481561787327,0.0002365381365151722,0.3261923471576239,0.006081197734192418,2.196231103459161e-05,2.2096685347459746e-05,0.00011255394755018506,0.00317891600676431,0.003291469954314495,0.0,0.39472361262132677,0.0014163308992527325,3.92687975749416e-15,1.3317732206112456e-12,1,2,1,2,False,True,False
0,A2,G2_heating_coarse_014,G2,G2_heating,heating,1.1,validation,False,False,False,0.4253008334057189,0.00015426206423928336,0.2127275477349791,0.003974967916969136,2.200885173213223e-05,2.2096685347459746e-05,7.386261192078797e-05,0.003217607342393707,0.003291469954314495,0.0,0.20471930350139972,0.0009248104188524481,8.396948225246784e-16,1.4792623790121217e-12,2,4,1,2,False,True,False
0,R1,G2_heating_coarse_014,G2,G2_heating,heating,1.1,validation,False,False,False,1.5469327054591193,8.518065631399681e-05,0.7735089430577167,0.01485254129961719,2.2424877279167538e-05,2.2096685347459746e-05,0.00028520154369320863,0.0035766714980077037,0.003291469954314495,0.0,0.2684820754961427,0.003400183407567702,2.472350499730904e-15,1.6354598555693183e-12,1,2,1,2,False,True,False
0,R2,G2_heating_coarse_014,G2,G2_heating,heating,1.1,validation,False,False,False,1.0090129079727452,5.5712438811149985e-05,0.5045343102057782,0.009629701845663394,2.2309469839133222e-05,2.2096685347459746e-05,0.00018323601411383015,0.003474705968428325,0.003291469954314495,0.0,0.21215814955748175,0.0022108252373159655,9.664433450391602e-16,1.5057187315687443e-12,2,4,1,2,False,True,False
20260809,H0,G2_heating_coarse_014,G2,G2_heating,heating,1.1,validation,False,False,False,0.6949063372575551,0.00025858048302421465,0.34758245887028966,0.0001586043047208053,2.2100189976875914e-05,2.2096685347459746e-05,6.822374653509683e-06,0.0032982923289680047,0.003291469954314495,0.0,0.20990563417033178,0.001511925539503243,1.6724488675003816e-15,0.09301255406851795,0,1,1,2,False,True,False
20260809,H1,G2_heating_coarse_014,G2,G2_heating,heating,1.1,validation,False,False,False,0.45289017608498977,0.00025858048302421465,0.226574378284007,0.0001586043047208053,2.2100189976875914e-05,2.2096685347459746e-05,3.964091046642412e-06,0.0032954340453611375,0.003291469954314495,0.0,0.14591470443925503,0.0009861675116621077,1.6724488675003816e-15,1.679696145923395e-12,1,2,1,2,False,True,False
20260809,H2,G2_heating_coarse_014,G2,G2_heating,heating,1.1,validation,False,False,False,0.29516186155289625,0.00016835088445181102,0.14766510621867404,0.00010065849284415127,2.2098909566503673e-05,2.2096685347459746e-05,2.3890219107078337e-06,0.003293858976225203,0.003291469954314495,0.0,0.09844798330907616,0.0006430639579619973,1.3937881409615477e-15,1.5011098278133333e-12,2,4,1,2,False,True,False
20260809,S1,G2_heating_coarse_014,G2,G2_heating,heating,1.1,validation,False,False,False,0.11085651451373862,0.00012655731990161221,0.05549153591682012,0.00048018400450123395,2.2107295822316093e-05,2.2096685347459746e-05,9.032949013612884e-06,0.003300502903328108,0.003291469954314495,0.0,0.03728714779418127,0.0002420582932151488,1.114607533351317e-15,1.472396551554922e-12,1,2,1,2,False,True,False
20260809,S2,G2_heating_coarse_014,G2,G2_heating,heating,1.1,validation,False,False,False,0.0722197598038393,8.218451665971051e-05,0.036150972160249505,0.000313305521838802,2.210360836099344e-05,2.2096685347459746e-05,5.884339692352643e-06,0.0032973542940068477,0.003291469954314495,0.0,0.024599591370220983,0.00015769414686149334,1.950888588437978e-15,1.4628877429565692e-12,2,4,1,2,False,True,False
20260809,G1,G2_heating_coarse_014,G2,G2_heating,heating,1.1,validation,False,False,False,0.15281059879259146,0.0001886825249279416,0.0764996406587597,0.0009330207474923912,2.2117302013339737e-05,2.2096685347459746e-05,1.7303156308045697e-05,0.0033087731106225407,0.003291469954314495,0.0,0.05081092841905605,0.0003330733180063887,6.963145428723004e-16,1.565175829465907e-12,1,2,1,2,False,True,False
20260809,G2,G2_heating_coarse_014,G2,G2_heating,heating,1.1,validation,False,False,False,0.09947479587285965,0.00012222013979365138,0.04979850800632665,0.000608001549185835,2.2110120166382873e-05,2.2096685347459746e-05,1.1257817549546918e-05,0.003302727771864042,0.003291469954314495,0.0,0.03365566862715963,0.0002165924324075083,1.3930814419003435e-15,1.4486653914300685e-12,2,4,1,2,False,True,False
0,A1,G2_heating_coarse_022,G2,G2_heating,heating,1.3,validation,False,False,False,0.6530091910101189,0.0003314612398005801,0.3266703261249597,0.00851671035414275,2.5955458495426465e-05,2.6178412451809813e-05,0.00016018380824268496,0.0032023942714491595,0.0033625780796918445,0.0,0.3950351923174586,0.001984201371624605,3.213203385675695e-15,9.641618409133835e-13,1,2,1,2,False,True,False
0,A2,G2_heating_coarse_022,G2,G2_heating,heating,1.3,validation,False,False,False,0.4264281365028325,0.00021646041472502434,0.21332229845877876,0.005579463505527641,2.603235095490229e-05,2.6178412451809813e-05,0.00010551979468247227,0.003257058285009372,0.0033625780796918445,0.0,0.20506239113661473,0.001297994906806525,0.0,1.0456116540932457e-12,2,4,1,2,False,True,False
0,R1,G2_heating_coarse_022,G2,G2_heating,heating,1.3,validation,False,False,False,1.3037462034862053,8.060262707042035e-05,0.6519134030566378,0.01785831352209323,2.6645914748884902e-05,2.6178412451809813e-05,0.0003508703278404129,0.0037134484075322573,0.0033625780796918445,0.0,0.24535064367066,0.0040162374494116405,9.781068681194339e-16,9.988427337225692e-13,1,2,1,2,False,True,False
0,R2,G2_heating_coarse_022,G2,G2_heating,heating,1.3,validation,False,False,False,0.8514760886625624,5.0411350525762e-05,0.4257632500065441,0.011581591093755238,2.6481600120310345e-05,2.6178412451809813e-05,0.00022518253467800325,0.0035877606143698477,0.0033625780796918445,0.0,0.19059211735909942,0.002613919430396276,3.936703538276039e-16,9.938208082367981e-13,2,4,1,2,False,True,False
20260809,H0,G2_heating_coarse_022,G2,G2_heating,heating,1.3,validation,False,False,False,0.30335882281733945,0.000167608347892067,0.15176321558261577,0.00034654260410426247,2.6169340516587447e-05,2.6178412451809813e-05,9.03477669935088e-06,0.0033535433029924936,0.0033625780796918445,0.0,0.1040874574427112,0.0009223338464851776,7.967354685667974e-16,0.09237814040628121,0,1,1,2,False,True,False
20260809,H1,G2_heating_coarse_022,G2,G2_heating,heating,1.3,validation,False,False,False,0.19785956998542042,0.000167608347892067,0.09901358916665624,0.00034654260410426247,2.6169340516587447e-05,2.6178412451809813e-05,6.060734475303066e-06,0.0033565173452165414,0.0033625780796918445,0.0,0.06849749961333675,0.0006026352731349026,7.967354685667974e-16,1.1134378173208596e-12,1,2,1,2,False,True,False
20260809,H2,G2_heating_coarse_022,G2,G2_heating,heating,1.3,validation,False,False,False,0.12905048948438186,0.00010922558738252772,0.06457985753588219,0.00022656634019374328,2.6172481304708524e-05,2.6178412451809813e-05,4.017663299913515e-06,0.003358560416391931,0.0033625780796918445,0.0,0.04482789567975241,0.00039351314823774094,2.389919572679155e-15,1.0824344064580983e-12,2,4,1,2,False,True,False
20260809,S1,G2_heating_coarse_022,G2,G2_heating,heating,1.3,validation,False,False,False,0.07879648429137429,0.00023790298342566066,0.03951719363739997,0.00013787142490575625,2.617480319678331e-05,2.6178412451809813e-05,2.8362004974359124e-06,0.0033597418791944085,0.0033625780796918445,0.0,0.028047188816758304,0.00024176162585564347,7.96569189911988e-16,1.1490510564467232e-12,1,2,1,2,False,True,False
20260809,S2,G2_heating_coarse_022,G2,G2_heating,heating,1.3,validation,False,False,False,0.051177966731175334,0.00015425690405689564,0.025666111817616116,8.993973485176602e-05,2.6176057972335057e-05,2.6178412451809813e-05,1.8617728256612419e-06,0.003360716306866183,0.0033625780796918445,0.0,0.018123027614721194,0.00015692797415084136,9.95663756962726e-16,1.1031954427134847e-12,2,4,1,2,False,True,False
20260809,G1,G2_heating_coarse_022,G2,G2_heating,heating,1.3,validation,False,False,False,0.20632755938732192,0.0002728627815597224,0.10330021108444082,0.0023932222446424248,2.6115761692800717e-05,2.6178412451809813e-05,4.568540047385217e-05,0.0033168926792179923,0.0033625780796918445,0.0,0.08210428024595512,0.0006300170590974051,1.596740085456905e-15,1.0704146347870287e-12,1,2,1,2,False,True,False
20260809,G2,G2_heating_coarse_022,G2,G2_heating,heating,1.3,validation,False,False,False,0.1346416267904379,0.0001772684339572978,0.0674094476121976,0.001564387219608328,2.6137459277940566e-05,2.6178412451809813e-05,2.9925670361925782e-05,0.0033326524093299187,0.0033625780796918445,0.0,0.051017821895470446,0.00041139523494180305,1.9942682221760895e-16,1.1524876055942337e-12,2,4,1,2,False,True,False
0,A1,G2_heating_coarse_030,G2,G2_heating,heating,1.5,validation,False,False,False,0.6540203597036467,0.0004430218585093527,0.327231690781078,0.01137544940306953,2.9948605956261343e-05,3.0293204774429692e-05,0.0002180161215563142,0.003230014084230797,0.0034480302057871112,0.0,0.39539905475940496,0.0026511284026430803,1.9609466217581953e-15,7.946359079549201e-13,1,2,1,2,False,True,False
0,A2,G2_heating_coarse_030,G2,G2_heating,heating,1.5,validation,False,False,False,0.4277554275838171,0.0002897793427894268,0.2140226034633033,0.007471993840421722,3.006685413494852e-05,3.0293204774429692e-05,0.00014425607657643892,0.0033037741292106723,0.0034480302057871112,0.0,0.20546429677353775,0.00173804992499708,1.3522392893424675e-15,7.470370829561928e-13,2,4,1,2,False,True,False
0,R1,G2_heating_coarse_030,G2,G2_heating,heating,1.5,validation,False,False,False,0.3311436515000292,0.0004897094432121382,0.16581668047162068,0.004492736977268215,3.0157105373179654e-05,3.0293204774429692e-05,8.762584361893038e-05,0.003360404362168181,0.0034480302057871112,1.0,0.14013864421323907,0.0013470908058606766,1.4979915996979604e-16,8.537054126671389e-13,1,2,1,2,False,True,False
0,R2,G2_heating_coarse_030,G2,G2_heating,heating,1.5,validation,False,False,False,0.21648133121772017,0.0003177152245594816,0.10839952322113983,0.0029471430987270094,3.0203926365040407e-05,3.0293204774429692e-05,5.776325846059598e-05,0.0033902669473265153,0.0034480302057871112,1.0,0.08524228731924897,0.000882037271823121,2.991338938802164e-16,8.265069487903548e-13,2,4,1,2,False,True,False
20260809,H0,G2_heating_coarse_030,G2,G2_heating,heating,1.5,validation,False,False,False,0.12419051584428498,0.00031550677175729914,0.06225301130802114,0.0005266547043857029,3.027725071562432e-05,3.0293204774429692e-05,1.6154869696622005e-05,0.0034318753360904892,0.0034480302057871112,0.0,0.04532936916384899,0.0005105913843123307,1.6412520423001537e-15,0.006501770401872396,0,1,1,2,False,True,False
20260809,H1,G2_heating_coarse_030,G2,G2_heating,heating,1.5,validation,False,False,False,0.08069236903957225,0.00031550677175729914,0.040503937905664776,0.0005266547043857029,3.027725071562432e-05,3.0293204774429692e-05,1.0614605118208949e-05,0.0034374156006689023,0.0034480302057871112,0.0,0.029043745925599114,0.00033159639115856054,1.6412520423001537e-15,7.964548547082949e-13,1,2,1,2,False,True,False
20260809,H2,G2_heating_coarse_030,G2,G2_heating,heating,1.5,validation,False,False,False,0.05243122855207709,0.00020451732747443646,0.026317872939775763,0.00034425877555485505,3.0282776072846414e-05,3.0293204774429692e-05,6.959825664723182e-06,0.003441070380122388,0.0034480302057871112,0.0,0.018695430732376273,0.00021539170601655804,4.475325222320327e-16,7.855687540240112e-13,2,4,1,2,False,True,False
20260809,S1,G2_heating_coarse_030,G2,G2_heating,heating,1.5,validation,False,False,False,0.07479115105786281,0.00031275301673143837,0.03755195203729712,4.530566019704084e-06,3.029334201979387e-05,3.0293204774429692e-05,2.672629349914635e-07,0.0034477629428521198,0.0034480302057871112,0.0,0.026464683391423365,0.0003071920248893843,1.938631189583676e-15,8.391290541367856e-13,1,2,1,2,False,True,False
20260809,S2,G2_heating_coarse_030,G2,G2_heating,heating,1.5,validation,False,False,False,0.04853540563195239,0.00020260284883357474,0.024369004240392983,3.2133389670025362e-06,3.029330211676503e-05,3.0293204774429692e-05,1.8847611299790956e-07,0.0034478417296741133,0.0034480302057871112,0.0,0.01713034547354683,0.0001991678502390168,7.456283627665071e-16,7.869361740631531e-13,2,4,1,2,False,True,True
20260809,G1,G2_heating_coarse_030,G2,G2_heating,heating,1.5,validation,False,False,False,0.21784515757830278,0.00039568842319777467,0.10912042300075028,0.0030928205712390244,3.019951332753458e-05,3.0293204774429692e-05,6.057921256311669e-05,0.0033874509932239946,0.0034480302057871112,1.0,0.08639527671910399,0.0008885908656503494,8.975328184320249e-16,9.015717161141571e-13,1,2,1,2,False,True,False
20260809,G2,G2_heating_coarse_030,G2,G2_heating,heating,1.5,validation,False,False,False,0.14234589264060782,0.0002567949986477555,0.07130134381962779,0.0020262879294419287,3.0231822019251152e-05,3.0293204774429692e-05,3.9814687718889644e-05,0.0034082155180682216,0.0034480302057871112,0.0,0.053796442622661214,0.0005811647602570457,1.4942893779760464e-16,8.045254011016563e-13,2,4,1,2,False,True,False
0,A1,G3_cooling_coarse_006,G3,G3_cooling,cooling,1.4,validation,False,False,False,0.019661365226815906,0.00017587760979505108,0.00991862141830548,0.0007668846647694585,0.004967175062964441,0.004970987236845142,7.255963319074965e-08,0.9999998010846356,0.9999997285250024,0.0,0.006901603245216152,0.0002383126740755156,1.7461871727765454e-15,1.7212416417368834e-14,1,2,1,2,False,True,True
0,A2,G3_cooling_coarse_006,G3,G3_cooling,cooling,1.4,validation,False,False,False,0.012698330870345635,0.00011508455398781192,0.006406707712166723,0.0004895800598189512,0.004968553540616368,0.004970987236845142,5.044812212418037e-08,0.9999997789731245,0.9999997285250024,0.0,0.004469684555634919,0.00015382593875554954,1.7457027098490371e-15,1.6459482692862347e-14,2,4,1,2,False,True,True
0,R1,G3_cooling_coarse_006,G3,G3_cooling,cooling,1.4,validation,False,False,False,0.16256293669391775,0.00040363954054219457,0.08148328811722998,0.0081037409605769,0.004930703643959415,0.004970987236845142,2.461463036729228e-07,0.9999999746713061,0.9999997285250024,1.4142135623730951,0.053257938525760676,0.0020064510862260526,3.7695072141811613e-16,1.7967984387596868e-14,1,2,1,2,False,True,False
0,R2,G3_cooling_coarse_006,G3,G3_cooling,cooling,1.4,validation,False,False,False,0.1039233275194555,0.00026460432312862427,0.05209396592129206,0.005181034628065154,0.0049452323798353775,0.004970987236845142,2.1357954194112239e-07,0.9999999421045443,0.9999997285250024,1.4142135623730951,0.03521503203098825,0.0012823183429497018,5.011243565332873e-16,1.77899146569317e-14,2,4,1,2,False,True,False
20260809,H0,G3_cooling_coarse_006,G3,G3_cooling,cooling,1.4,validation,False,False,False,0.9919300063638099,0.018106651227873253,0.5050183287958416,0.9894389607381363,5.2498791378544806e-05,0.004970987236845142,0.879456258082423,0.12054347044257939,0.9999997285250024,1.0,0.09764035358963524,0.009797600238905815,3.687847390713577e-16,0.2358446751551292,0,1,1,2,False,True,False
20260809,H1,G3_cooling_coarse_006,G3,G3_cooling,cooling,1.4,validation,False,False,False,0.9910598054855456,0.018106651227873253,0.5045832283567094,0.9894389607381363,5.2498791378544806e-05,0.004970987236845142,0.8778487741874736,0.12215095433752879,0.9999997285250024,1.0,0.06323666100802622,0.00681747516579411,3.687847390713577e-16,1.457806073549077e-12,1,2,1,2,False,True,False
20260809,H2,G3_cooling_coarse_006,G3,G3_cooling,cooling,1.4,validation,False,False,False,0.990458036038227,0.018021111935322444,0.5042395739867748,0.9893357066623001,5.301206607167904e-05,0.004970987236845142,0.8767264099022354,0.12327331862276704,0.9999997285250024,1.0,0.04192612290209934,0.004738849287873805,1.0956422479697414e-15,1.4429608405761512e-12,2,4,1,2,False,True,False
20260809,S1,G3_cooling_coarse_006,G3,G3_cooling,cooling,1.4,validation,False,False,False,0.04782019181340574,0.00035465776332325766,0.0240874247883645,0.0018914802199870284,0.0049615847128128415,0.004970987236845142,8.632443282419189e-08,0.9999998148494352,0.9999997285250024,1.4142135623730951,0.0166139590218497,0.0005811064410878555,1.248681891822242e-16,1.773128286387583e-14,1,2,1,2,False,True,True
20260809,S2,G3_cooling_coarse_006,G3,G3_cooling,cooling,1.4,validation,False,False,False,0.030816411777877882,0.00023235869613929153,0.015524385237008586,0.001207823039412829,0.004964983163931853,0.004970987236845142,6.357278847790582e-08,0.9999997920977909,0.9999997285250024,1.0,0.010792111069028608,0.00037436714135372805,2.4956543783021324e-16,1.7220015210284716e-14,2,4,1,2,False,True,True
20260809,G1,G3_cooling_coarse_006,G3,G3_cooling,cooling,1.4,validation,False,False,False,0.028565073627250814,0.0003558329221181865,0.0144604532746845,0.00018784456381728865,0.004970053463915896,0.004970987236845142,5.690211013487101e-08,0.9999996716228923,0.9999997285250024,1.0,0.009864556913136941,0.00033816709554873435,2.119142128357531e-15,1.7077792446175397e-14,1,2,1,2,False,True,True
20260809,G2,G3_cooling_coarse_006,G3,G3_cooling,cooling,1.4,validation,False,False,False,0.018674450970962705,0.0002330018585872934,0.009453726414775,0.00011966126512363224,0.004970392402223468,0.004970987236845142,2.6961145316306556e-08,0.9999997015638571,0.9999997285250024,1.0,0.006454827316240068,0.0002210815823904988,1.1218222699225867e-15,1.6453393292197954e-14,2,4,1,2,False,True,True
0,A1,G3_cooling_coarse_014,G3,G3_cooling,cooling,1.2,validation,False,False,False,0.24477339731574432,0.0002626972994193709,0.12251804730758185,0.009178921129142755,0.004257578625398092,0.0042970206389331585,2.2399555479446498e-05,0.999999012184254,0.9999766126287746,0.0,0.07583422914841327,0.0022176538935217323,1.8674501708860276e-15,2.274893844533892e-14,1,2,1,2,False,True,False
0,A2,G3_cooling_coarse_014,G3,G3_cooling,cooling,1.2,validation,False,False,False,0.15705756591243825,0.00016815364648686175,0.07861285977946256,0.005868620860463738,0.004271803053973672,0.0042970206389331585,2.0328492989829527e-05,0.9999969411217644,0.9999766126287746,0.0,0.05113528067033919,0.001414178649029949,4.2300724026316574e-15,2.301159387031622e-14,2,4,1,2,False,True,False
0,R1,G3_cooling_coarse_014,G3,G3_cooling,cooling,1.2,validation,False,False,False,0.033689205031731374,0.00024109883366481212,0.016965151932698094,0.0005536271928208657,0.004294641691459333,0.0042970206389331585,3.2878049860407543e-07,0.9999769414092732,0.9999766126287746,1.0,0.011695628885346443,0.0002801489617719569,1.1781215993705894e-15,2.2720916559289936e-14,1,2,1,2,False,True,True
0,R2,G3_cooling_coarse_014,G3,G3_cooling,cooling,1.2,validation,False,False,False,0.021883086427937137,0.00015962633717243896,0.011021356382554788,0.00034880975540143303,0.004295521796215137,0.0042970206389331585,7.708103620940321e-07,0.9999773834391367,0.9999766126287746,1.0,0.007621071797902359,0.00018299583760396194,2.355760430653054e-15,2.2379724091204012e-14,2,4,1,2,False,True,True
20260809,H0,G3_cooling_coarse_014,G3,G3_cooling,cooling,1.2,validation,False,False,False,0.9952701672670161,0.017989360991903576,0.5066297641294598,0.9900336630957731,4.282555537202414e-05,0.0042970206389331585,0.887561375679357,0.11241523694941759,0.9999766126287746,1.0,0.27934977763037994,0.014586225326711682,1.0548629230326351e-15,0.5253166445033441,0,1,1,2,False,True,False
20260809,H1,G3_cooling_coarse_014,G3,G3_cooling,cooling,1.2,validation,False,False,False,0.993438911531444,0.017989360991903576,0.5057141362616738,0.9900336630957731,4.282555537202414e-05,0.0042970206389331585,0.8851961034298371,0.11478050919893747,0.9999766126287746,1.0,0.15923963789321793,0.009986945260546071,1.0548629230326351e-15,2.114077155622782e-12,1,2,1,2,False,True,False
20260809,H2,G3_cooling_coarse_014,G3,G3_cooling,cooling,1.2,validation,False,False,False,0.9921978045443802,0.017979946822534995,0.5050888756834576,0.9898884741205272,4.344943539520145e-05,0.0042970206389331585,0.883568496670132,0.11640811595864255,0.9999766126287746,1.0,0.09751313588417314,0.006822062734517778,1.9494682486664602e-15,2.0486312002486274e-12,2,4,1,2,False,True,False
20260809,S1,G3_cooling_coarse_014,G3,G3_cooling,cooling,1.2,validation,False,False,False,0.028310991255528023,0.00022397347416137044,0.014267482364844696,0.0004235208544239539,0.00429520076108068,0.0042970206389331585,6.32987021020881e-07,0.9999772456157956,0.9999766126287746,1.0,0.009812616676832631,0.00024035854426049174,8.414058952413339e-16,2.2213115634371236e-14,1,2,1,2,False,True,True
20260809,S2,G3_cooling_coarse_014,G3,G3_cooling,cooling,1.2,validation,False,False,False,0.018426315340192383,0.00014671883696159085,0.009286517088576987,0.0002690156322203409,0.004295864673209312,0.0042970206389331585,6.727570537323757e-07,0.9999772853858283,0.9999766126287746,1.0,0.006402345995029077,0.00015626498727105384,5.047655151927907e-16,2.2714448183675583e-14,2,4,1,2,False,True,True
20260809,G1,G3_cooling_coarse_014,G3,G3_cooling,cooling,1.2,validation,False,False,False,0.11310983484764525,0.0002707257614805156,0.056690280304562884,0.004040659605510592,0.004279657841213376,0.0042970206389331585,1.647462010945233e-05,0.999993087248884,0.9999766126287746,1.0,0.03778771850724171,0.0010115516024015309,3.3778468987078624e-16,2.280046656627807e-14,1,2,1,2,False,True,False
20260809,G2,G3_cooling_coarse_014,G3,G3_cooling,cooling,1.2,validation,False,False,False,0.07268040545110625,0.00017644400449237256,0.036428424727799315,0.002578715781043685,0.004285939844000071,0.0042970206389331585,1.2894348458747373e-05,0.9999895069772333,0.9999766126287746,1.0,0.024859715987488807,0.0006453119998259193,1.0118687727297792e-15,2.2767047386420033e-14,2,4,1,2,False,True,False
0,A1,G3_cooling_coarse_022,G3,G3_cooling,cooling,1.0,validation,False,False,False,0.6350467518288502,0.00014999869360897606,0.3175983752612296,0.011854109876774127,0.003547982187831744,0.003590544901612955,0.0011231671871848592,0.9999961633945701,0.9988729962073852,0.0,0.15907068058440865,0.0038653531539046314,1.8334965314153724e-15,3.1658373442438814e-14,1,2,1,2,False,True,False
0,A2,G3_cooling_coarse_022,G3,G3_cooling,cooling,1.0,validation,False,False,False,0.41068374756052495,0.00011805875344427035,0.20540090315698462,0.005992730126457891,0.0035690277350106593,0.003590544901612955,0.0010984679220702454,0.9999714641294555,0.9988729962073852,0.0,0.11417272709205088,0.0022318000849145267,9.720986244852626e-16,3.171471762383173e-14,2,4,1,2,False,True,False
0,R1,G3_cooling_coarse_022,G3,G3_cooling,cooling,1.0,validation,False,False,False,0.29362622170751124,0.012671996104052565,0.1531491089057819,0.13204083350239298,0.003116446360076213,0.003590544901612955,0.014174396930687005,0.9846985992766982,0.9988729962073852,0.0,0.10468739824759167,0.037758284029416916,2.783175571702097e-16,3.687707632505279e-14,1,2,1,2,False,True,False
0,R2,G3_cooling_coarse_022,G3,G3_cooling,cooling,1.0,validation,False,False,False,0.21105347220221782,0.0037578472906865945,0.1074056597464522,0.05741252300077016,0.0033844026598638033,0.003590544901612955,0.006219578753201671,0.9926534174541836,0.9988729962073852,0.0,0.07660155450623887,0.014366940193565813,1.2814103774863898e-15,3.3701092927892096e-14,2,4,1,2,False,True,False
20260809,H0,G3_cooling_coarse_022,G3,G3_cooling,cooling,1.0,validation,False,False,False,0.9923384728065663,0.01789738560773535,0.5051179292071508,0.9900132742850348,3.585778709967536e-05,0.003590544901612955,0.8856820553731092,0.11319094083427603,0.9988729962073852,1.0,0.09631327948191734,0.004497591082110404,1.5118085361370762e-15,0.23276830468695703,0,1,1,2,False,True,False
20260809,H1,G3_cooling_coarse_022,G3,G3_cooling,cooling,1.0,validation,False,False,False,0.9915261269633018,0.01789738560773535,0.5047117562855186,0.9900132742850348,3.585778709967536e-05,0.003590544901612955,0.8849512397110234,0.11392175649636181,0.9988729962073852,1.0,0.060564850965287596,0.00301918202942897,1.5118085361370762e-15,3.0939161692045263e-12,1,2,1,2,False,True,False
20260809,H2,G3_cooling_coarse_022,G3,G3_cooling,cooling,1.0,validation,False,False,False,0.9909824489436962,0.017865371174272903,0.5044239100589846,0.9899685414192243,3.6018402462946006e-05,0.003590544901612955,0.8844598253577701,0.11441317084961508,0.9988729962073852,1.0,0.03896380464932864,0.002025052228864109,1.316933617337371e-15,3.0887737327778518e-12,2,4,1,2,False,True,False
20260809,S1,G3_cooling_coarse_022,G3,G3_cooling,cooling,1.0,validation,False,False,False,0.25901306956823894,0.014545215895152242,0.13677914273169559,0.10033694654921241,0.003230280589737269,0.003590544901612955,0.010619490514590435,0.9882535056927948,0.9988729962073852,0.0,0.09180599206152362,0.03029937429216025,2.2823326234644693e-15,3.5174773373393585e-14,1,2,1,2,False,True,False
20260809,S2,G3_cooling_coarse_022,G3,G3_cooling,cooling,1.0,validation,False,False,False,0.18394870049400613,0.003949399697016636,0.09394905009551138,0.04247735767396176,0.0034380280415827217,0.003590544901612955,0.004757177509786326,0.9941158186975989,0.9988729962073852,0.0,0.0660054519444161,0.0114984854416527,1.261423303559076e-16,3.2292436571112346e-14,2,4,1,2,False,True,False
20260809,G1,G3_cooling_coarse_022,G3,G3_cooling,cooling,1.0,validation,False,False,False,0.3222430762070826,0.012548191789383042,0.16739563399823282,0.1641939074996919,0.003000999304164027,0.003590544901612955,0.018411696803369404,0.9804612994040158,0.9988729962073852,1.0,0.11310626366409622,0.049645966562434085,2.0231701345262816e-15,3.8151208251067034e-14,1,2,1,2,False,True,False
20260809,G2,G3_cooling_coarse_022,G3,G3_cooling,cooling,1.0,validation,False,False,False,0.23583788734353142,0.004017200982163658,0.11992754416284754,0.07520202655882004,0.0033205286485612218,0.003590544901612955,0.007986289220456744,0.9908867069869285,0.9988729962073852,1.0,0.08563581020161615,0.019109354513708255,0.0,3.578603610479297e-14,2,4,1,2,False,True,False
0,A1,G3_cooling_coarse_030,G3,G3_cooling,cooling,0.8,validation,False,False,False,237.07267216977692,0.01752642568474728,118.54509929773083,98.6606691808229,0.0028383857502653972,2.8480500618709178e-05,0.8879728149533385,0.9999883505203436,0.11201553556700512,0.0,0.2535923407165036,0.004689383355487411,2.2918706642692136e-15,5.003917616987796e-14,1,2,1,2,False,True,False
0,A2,G3_cooling_coarse_030,G3,G3_cooling,cooling,0.8,validation,False,False,False,188.91591760213552,0.01768159358914116,94.46679959786233,99.46136847950892,0.0028611900671370247,2.8480500618709178e-05,0.887805915166956,0.9998214507339611,0.11201553556700512,0.0,0.19616400805137077,0.00046968263575878483,4.736674893335458e-15,4.7556215929088e-14,2,4,1,2,False,True,False
0,R1,G3_cooling_coarse_030,G3,G3_cooling,cooling,0.8,validation,False,False,False,16.57362099733104,0.010307728197913412,8.291964362764476,2.463620276450197,9.86456394264135e-05,2.8480500618709178e-05,0.13179932005997708,0.2438148556269822,0.11201553556700512,1.0,0.44366127944099665,0.25494878112922703,1.2021272638621014e-15,1.360636330225633e-12,1,2,1,2,False,True,False
0,R2,G3_cooling_coarse_030,G3,G3_cooling,cooling,0.8,validation,False,False,False,11.173279768742152,0.005464410547361849,5.5893720896447565,1.1425904557223705,6.102204879984135e-05,2.8480500618709178e-05,0.07988239632072709,0.19189793188773221,0.11201553556700512,1.0,0.43681267135242835,0.16135966880173197,1.1104614989675687e-15,2.1760881149143217e-12,2,4,1,2,False,True,False
20260809,H0,G3_cooling_coarse_030,G3,G3_cooling,cooling,0.8,validation,False,False,False,0.993987764887903,4.257806085488858e-05,0.4970151714743789,0.03316273213493807,2.7536009405621988e-05,2.8480500618709178e-05,0.005480204997970001,0.10653533056903512,0.11201553556700512,1.1439589045541112,0.982426036365474,0.011343363125874055,0.0,0.9937711586057361,0,1,1,2,False,True,False
20260809,H1,G3_cooling_coarse_030,G3,G3_cooling,cooling,0.8,validation,False,False,False,0.6576986520348392,4.257806085488858e-05,0.32887061504784704,0.03316273213493807,2.7536009405621988e-05,2.8480500618709178e-05,0.003653076479852982,0.10836245908715214,0.11201553556700512,1.0243938285880987,0.39386230077273143,0.00756419594292839,0.0,5.055710796552728e-12,1,2,1,2,False,True,False
20260809,H2,G3_cooling_coarse_030,G3,G3_cooling,cooling,0.8,validation,False,False,False,0.4352737414451693,2.8229213108751898e-05,0.217650985329139,0.02219955114855707,2.7848246288487632e-05,2.8480500618709178e-05,0.002429519040691608,0.10958601652631351,0.11201553556700512,1.0,0.20672250498609313,0.0050317135808095066,6.083204942096915e-16,4.926939762727847e-12,2,4,1,2,False,True,False
20260809,S1,G3_cooling_coarse_030,G3,G3_cooling,cooling,0.8,validation,False,False,False,0.66905709758253,0.0019391389285031684,0.33549811825551656,0.010938155796775314,2.8792024771646775e-05,2.8480500618709178e-05,0.0011065515236579615,0.11312208709066308,0.11201553556700512,1.0943175335329005,0.18914382262451118,0.00824157775790232,2.353521029444021e-15,4.845164324303537e-12,1,2,1,2,False,True,False
20260809,S2,G3_cooling_coarse_030,G3,G3_cooling,cooling,0.8,validation,False,False,False,0.44193563580488315,0.0012352624463769226,0.22158544912563005,0.006972909760382593,2.8679092579453958e-05,2.8480500618709178e-05,0.0007210027320836976,0.11273653829908882,0.11201553556700512,1.0943175335329005,0.13428994182647544,0.005354351711446397,8.860457612886162e-16,4.625749571100768e-12,2,4,1,2,False,True,False
20260809,G1,G3_cooling_coarse_030,G3,G3_cooling,cooling,0.8,validation,False,False,False,1.851469928226207,0.00046874558948630435,0.9259693369078467,0.10637262048973235,3.151004610238072e-05,2.8480500618709178e-05,0.010836598140765569,0.12285213370777069,0.11201553556700512,1.0,0.28039275339362807,0.022546691884619746,8.064408517545483e-16,4.279512786644137e-12,1,2,1,2,False,True,False
20260809,G2,G3_cooling_coarse_030,G3,G3_cooling,cooling,0.8,validation,False,False,False,1.227360785278991,0.0002924162322474066,0.6138266007556192,0.06815357691129495,3.0421548608098558e-05,2.8480500618709178e-05,0.007086047123872841,0.11910158269087796,0.11201553556700512,1.0,0.22851942929035138,0.014738899574337334,6.960797411779442e-16,4.5171398724001505e-12,2,4,1,2,False,True,False
0,A1,G3_cooling_event_reachability_confirmation,G3,G3_cooling,cooling,0.8374999999999999,validation_event,False,False,False,218.52552207954503,0.017528793661847175,109.27152543660344,98.31735363659233,0.0029714350823090876,2.9918588982764606e-05,0.8874115523856634,0.999990361381602,0.11257880899593863,0.0,0.2352120865881612,0.004643986936952514,2.614029360895161e-15,4.5832648127695264e-14,1,2,1,2,False,True,False
0,A2,G3_cooling_event_reachability_confirmation,G3,G3_cooling,cooling,0.8374999999999999,validation_event,False,False,False,176.72690226700897,0.017678995408330865,88.37229063120864,99.0799181786788,0.0029942499374166027,2.9918588982764606e-05,0.8872906512472243,0.9998694602431629,0.11257880899593863,0.0,0.17924741318529339,0.0008241660017490489,1.210585421624499e-15,4.4445779051070885e-14,2,4,1,2,False,True,False
0,R1,G3_cooling_event_reachability_confirmation,G3,G3_cooling,cooling,0.8374999999999999,validation_event,False,False,False,21.628759090927826,0.01848427581130351,10.823621683369565,5.644029041704233,0.00019877997408830034,2.9918588982764606e-05,0.21536055613629895,0.3279393651322376,0.11257880899593863,1.0,0.42383651173244985,0.3748061554493432,1.6281440876139043e-15,6.354646373957067e-13,1,2,1,2,False,True,False
0,R2,G3_cooling_event_reachability_confirmation,G3,G3_cooling,cooling,0.8374999999999999,validation_event,False,False,False,14.893095842554834,0.009790835156180153,7.451443338855507,2.3837307953964357,0.00010123645089578911,2.9918588982764606e-05,0.13028717100239434,0.24286597999833295,0.11257880899593863,1.0,0.43523662159029747,0.24991740460950113,9.59068902606225e-16,1.2698072270506418e-12,2,4,1,2,False,True,False
20260809,H0,G3_cooling_event_reachability_confirmation,G3,G3_cooling,cooling,0.8374999999999999,validation_event,False,False,False,0.9528000783124212,5.2299786565290035e-05,0.47642618904949324,0.035016877009452316,2.8870933432058783e-05,2.9918588982764606e-05,0.005795660566033228,0.1067831484299054,0.11257880899593863,1.1439589045541112,0.8718499873160711,0.011942764130560928,1.4012468643832155e-15,0.9510590295093784,0,1,1,2,False,True,False
20260809,H1,G3_cooling_event_reachability_confirmation,G3,G3_cooling,cooling,0.8374999999999999,validation_event,False,False,False,0.6315755548357106,5.2299786565290035e-05,0.31581392731113794,0.035016877009452316,2.8870933432058783e-05,2.9918588982764606e-05,0.003871689643278761,0.10870711935265986,0.11257880899593863,1.0243938285880987,0.3661499371317777,0.007981006761470798,1.4012468643832155e-15,4.3924885457820655e-12,1,2,1,2,False,True,False
20260809,H2,G3_cooling_event_reachability_confirmation,G3,G3_cooling,cooling,0.8374999999999999,validation_event,False,False,False,0.41874768287822745,3.464428958227109e-05,0.20939116358390486,0.023496649873377167,2.9215602372731106e-05,2.9918588982764606e-05,0.002580250793835573,0.10999855820210305,0.11257880899593863,1.0243938285880987,0.19529379857855028,0.005319939788544774,2.7694315131594645e-16,4.283064306676771e-12,2,4,1,2,False,True,False
20260809,S1,G3_cooling_event_reachability_confirmation,G3,G3_cooling,cooling,0.8374999999999999,validation_event,False,False,False,5.1415147384282855,0.0017363627395889196,2.571625550583937,0.40542175435198213,4.204823581589292e-05,2.9918588982764606e-05,0.03612648314768456,0.14870529214362319,0.11257880899593863,1.0,0.38749340832489876,0.07439745813973224,2.309079798008441e-15,3.03932628412861e-12,1,2,1,2,False,True,False
20260809,S2,G3_cooling_event_reachability_confirmation,G3,G3_cooling,cooling,0.8374999999999999,validation_event,False,False,False,3.4267378009938314,0.0010150089238379287,1.7138764049588346,0.241713654316416,3.71503204577795e-05,2.9918588982764606e-05,0.023117679780365455,0.13569648877630408,0.11257880899593863,1.0,0.34980955985523293,0.04775817519613308,4.3558499033100417e-16,3.3592314454327057e-12,2,4,1,2,False,True,False
20260809,G1,G3_cooling_event_reachability_confirmation,G3,G3_cooling,cooling,0.8374999999999999,validation_event,False,False,False,5.639694092685148,0.002459421671660972,2.8210767571784046,0.45996609551782774,4.368012554056954e-05,2.9918588982764606e-05,0.040136360252039247,0.15271516924797787,0.11257880899593863,1.0,0.3947200987769205,0.08230127443188832,3.148984466175795e-15,2.9804211800452082e-12,1,2,1,2,False,True,False
20260809,G2,G3_cooling_event_reachability_confirmation,G3,G3_cooling,cooling,0.8374999999999999,validation_event,False,False,False,3.7607286994324425,0.001426889313749377,1.8810777943730959,0.2711930427423372,3.8032302163557905e-05,2.9918588982764606e-05,0.025602070964352894,0.13818087996029152,0.11257880899593863,1.0,0.3591442096404035,0.05274350146538189,6.382254448259947e-16,3.4704572271488195e-12,2,4,1,2,False,True,False
0,A1,G3_cooling_event_refine_01,G3,G3_cooling,cooling,0.8374999999999999,validation_event,False,False,False,218.525523971652,0.017528793661690235,109.27152638265684,98.31735366922264,0.0029714350823090876,2.9918588972934978e-05,0.8874115524393137,0.999990361381602,0.11257880894228837,0.0,0.2352120865881612,0.004643986936952514,2.614029360895161e-15,4.5832648127695264e-14,1,2,1,2,False,True,False
0,A2,G3_cooling_event_refine_01,G3,G3_cooling,cooling,0.8374999999999999,validation_event,False,False,False,176.72690379885046,0.017678995408173786,88.37229139712932,99.07991821155964,0.0029942499374166027,2.9918588972934978e-05,0.8872906513008746,0.9998694602431629,0.11257880894228837,0.0,0.17924741318529339,0.0008241660017490489,1.210585421624499e-15,4.4445779051070885e-14,2,4,1,2,False,True,False
0,R1,G3_cooling_event_refine_01,G3,G3_cooling,cooling,0.8374999999999999,validation_event,False,False,False,21.628759285962122,0.01848427581152714,10.823621780886825,5.6440290438871,0.00019877997408830034,2.9918588972934978e-05,0.2153605561899492,0.3279393651322376,0.11257880894228837,1.0,0.42383651173244985,0.3748061554493432,1.6281440876139043e-15,6.354646373957067e-13,1,2,1,2,False,True,False
0,R2,G3_cooling_event_refine_01,G3,G3_cooling,cooling,0.8374999999999999,validation_event,False,False,False,14.893095979534015,0.009790835156404774,7.45144340734521,2.383730796508146,0.00010123645089578911,2.9918588972934978e-05,0.1302871710560446,0.24286597999833295,0.11257880894228837,1.0,0.43523662159029747,0.24991740460950113,9.59068902606225e-16,1.2698072270506418e-12,2,4,1,2,False,True,False
20260809,H0,G3_cooling_event_refine_01,G3,G3_cooling,cooling,0.8374999999999999,validation_event,False,False,False,0.9528000779056988,5.229978630979173e-05,0.4764261888460043,0.03501687669241114,2.8870933432058783e-05,2.9918588972934978e-05,0.005795660512382977,0.1067831484299054,0.11257880894228837,1.1439589045541112,0.8718499873160711,0.011942764130560928,1.4012468643832155e-15,0.9510590295093784,0,1,1,2,False,True,False
20260809,H1,G3_cooling_event_refine_01,G3,G3_cooling,cooling,0.8374999999999999,validation_event,False,False,False,0.6315755516603275,5.229978630979173e-05,0.3158139257233187,0.03501687669241114,2.8870933432058783e-05,2.9918588972934978e-05,0.0038716895896285103,0.10870711935265986,0.11257880894228837,1.0243938285880987,0.3661499371317777,0.007981006761470798,1.4012468643832155e-15,4.3924885457820655e-12,1,2,1,2,False,True,False
20260809,H2,G3_cooling_event_refine_01,G3,G3_cooling,cooling,0.8374999999999999,validation_event,False,False,False,0.4187476778684627,3.4644289326738426e-05,0.20939116107889472,0.023496649552551065,2.9215602372731106e-05,2.9918588972934978e-05,0.002580250740185322,0.10999855820210305,0.11257880894228837,1.0243938285880987,0.19529379857855028,0.005319939788544774,2.7694315131594645e-16,4.283064306676771e-12,2,4,1,2,False,True,False
20260809,S1,G3_cooling_event_refine_01,G3,G3_cooling,cooling,0.8374999999999999,validation_event,False,False,False,5.141514791346485,0.001736362739810447,2.571625577043148,0.4054217548137276,4.204823581589292e-05,2.9918588972934978e-05,0.03612648320133481,0.14870529214362319,0.11257880894228837,1.0,0.38749340832489876,0.07439745813973224,2.309079798008441e-15,3.03932628412861e-12,1,2,1,2,False,True,False
20260809,S2,G3_cooling_event_refine_01,G3,G3_cooling,cooling,0.8374999999999999,validation_event,False,False,False,3.4267378391322287,0.0010150089240606383,1.7138764240281448,0.24171365472437586,3.71503204577795e-05,2.9918588972934978e-05,0.023117679834015706,0.13569648877630408,0.11257880894228837,1.0,0.34980955985523293,0.04775817519613308,4.3558499033100417e-16,3.3592314454327057e-12,2,4,1,2,False,True,False
20260809,G1,G3_cooling_event_refine_01,G3,G3_cooling,cooling,0.8374999999999999,validation_event,False,False,False,5.639694149907776,0.00245942167188197,2.8210767857898293,0.4599660959974935,4.368012554056954e-05,2.9918588972934978e-05,0.0401363603056895,0.15271516924797787,0.11257880894228837,1.0,0.3947200987769205,0.08230127443188832,3.148984466175795e-15,2.9804211800452082e-12,1,2,1,2,False,True,False
20260809,G2,G3_cooling_event_refine_01,G3,G3_cooling,cooling,0.8374999999999999,validation_event,False,False,False,3.7607287404602117,0.0014268893139711338,1.8810778148870915,0.2711930431599823,3.8032302163557905e-05,2.9918588972934978e-05,0.025602071018003145,0.13818087996029152,0.11257880894228837,1.0,0.3591442096404035,0.05274350146538189,6.382254448259947e-16,3.4704572271488195e-12,2,4,1,2,False,True,False
0,A1,G3_cooling_event_refine_02,G3,G3_cooling,cooling,0.84375,validation_event,False,False,False,1.4478719504004813,0.004238156001862076,0.7260550532011717,0.12152883028516896,0.0029936099709830313,0.002669222484652358,0.030141090062607567,0.9999906688828741,0.9698495788202666,0.0,0.23217227950656105,0.004630166838249925,1.0301785723837272e-15,4.412598218376969e-14,1,2,1,2,False,True,False
0,A2,G3_cooling_event_refine_02,G3,G3_cooling,cooling,0.84375,validation_event,False,False,False,0.9866540456435456,0.0043807586232025,0.4955174021333741,0.13007148246771918,0.003016412210267259,0.002669222484652358,0.030026691187678534,0.9998762700079451,0.9698495788202666,0.0,0.17649749803775214,0.0009652747642786389,3.4079701658854136e-16,4.549640171457027e-14,2,4,1,2,False,True,False
0,R1,G3_cooling_event_refine_02,G3,G3_cooling,cooling,0.84375,validation_event,False,False,False,0.7332918613454305,0.029987787236988365,0.3816398242912094,0.9149253189340256,0.0002270832515759273,0.002669222484652358,0.6229904759430694,0.3468591028771971,0.9698495788202666,1.0,0.4174785191251386,0.39681296286575773,1.69758933385596e-15,5.627508641732518e-13,1,2,1,2,False,True,False
0,R2,G3_cooling_event_refine_02,G3,G3_cooling,cooling,0.84375,validation_event,False,False,False,0.8118316231596714,0.021775515037131904,0.41680356909840166,0.9576868470992773,0.0001129432191191421,0.002669222484652358,0.7149882518759972,0.25486132694426933,0.9698495788202666,1.0,0.43343245307543393,0.2690252952978151,2.1332295819701393e-15,1.128336233556739e-12,2,4,1,2,False,True,False
20260809,H0,G3_cooling_event_refine_02,G3,G3_cooling,cooling,0.84375,validation_event,False,False,False,0.9992776647995307,0.01388123561046304,0.5065794502049968,0.9890959472463938,2.9105342783761313e-05,0.002669222484652358,0.8629609661775026,0.10688861264276393,0.9698495788202666,1.1439589045541112,0.8313989586094022,0.011916333675522967,1.5176320013803157e-15,0.9337133292516397,0,1,1,2,False,True,False
20260809,H1,G3_cooling_event_refine_02,G3,G3_cooling,cooling,0.84375,validation_event,False,False,False,0.9957147936367462,0.01388123561046304,0.5047980146236046,0.9890959472463938,2.9105342783761313e-05,0.002669222484652358,0.8610409186123485,0.10880866020791798,0.9698495788202666,1.0243938285880987,0.3552657332400585,0.007965606117218454,1.5176320013803157e-15,4.492604623722482e-12,1,2,1,2,False,True,False
20260809,H2,G3_cooling_event_refine_02,G3,G3_cooling,cooling,0.84375,validation_event,False,False,False,0.9933534786561511,0.013891033238510285,0.5036222559473307,0.9889660597541007,2.9452041398664914e-05,0.002669222484652358,0.859751765369412,0.1100978134508546,0.9698495788202666,1.0,0.19064334904680671,0.005311265672084988,4.090273622235427e-16,4.426766798891328e-12,2,4,1,2,False,True,False
20260809,S1,G3_cooling_event_refine_02,G3,G3_cooling,cooling,0.84375,validation_event,False,False,False,0.9187400473555993,0.01567413579130793,0.46720709157345364,0.9826389203054093,4.634058427864308e-05,0.002669222484652358,0.8116640516304574,0.15818552718980916,0.9698495788202666,1.0,0.4010053205371174,0.09303812338908424,8.665327950232194e-16,2.824376992098684e-12,1,2,1,2,False,True,False
20260809,S2,G3_cooling_event_refine_02,G3,G3_cooling,cooling,0.84375,validation_event,False,False,False,0.9419941700747299,0.014886749792947351,0.4784404599338386,0.9851787158933486,3.956130478889486e-05,0.002669222484652358,0.8282502642744501,0.14159931454581642,0.9698495788202666,1.0,0.3678944967331232,0.05949123595697087,2.0300460883309198e-16,3.205645778083356e-12,2,4,1,2,False,True,False
20260809,G1,G3_cooling_event_refine_02,G3,G3_cooling,cooling,0.84375,validation_event,False,False,False,0.9165085697543829,0.015832140167797024,0.46617035496108994,0.9823605120269399,4.708371791544683e-05,0.002669222484652358,0.8099950491382393,0.15985452968202724,0.9698495788202666,1.0,0.40314776192506263,0.0963425892854417,1.5351409793544319e-15,2.746537783285007e-12,1,2,1,2,False,True,False
20260809,G2,G3_cooling_event_refine_02,G3,G3_cooling,cooling,0.84375,validation_event,False,False,False,0.9404932329080034,0.014968176573011674,0.4777307047405075,0.9850340611293487,3.9947420537475105e-05,0.002669222484652358,0.8272264991661438,0.14262307965412283,0.9698495788202666,1.0,0.3708067031749553,0.06156210026369318,1.0052122384300435e-15,3.1577737258041427e-12,2,4,1,2,False,True,False
0,A1,G3_cooling_event_refine_03,G3,G3_cooling,cooling,0.840625,validation_event,False,False,False,1.552987343982317,0.005035795864736317,0.7790115699235266,0.1624037113434675,0.0029825225266460593,0.002565823300064105,0.037874987668342186,0.9999905160931695,0.9621155284248273,0.0,0.23369127632960027,0.004637285552031843,1.7297535487987006e-15,4.376276478460719e-14,1,2,1,2,False,True,False
0,A2,G3_cooling_event_refine_03,G3,G3_cooling,cooling,0.840625,validation_event,False,False,False,1.0694139977580548,0.005180034509430608,0.5372970161337427,0.17129328255674858,0.003005331595592675,0.002565823300064105,0.03775737605118101,0.9998729044760083,0.9621155284248273,0.0,0.17786996460004312,0.0008957830205545038,1.7166255239201608e-16,4.531891383149226e-14,2,4,1,2,False,True,False
0,R1,G3_cooling_event_refine_03,G3,G3_cooling,cooling,0.840625,validation_event,False,False,False,0.7295362188348813,0.028566194449924375,0.3790512066424028,0.9172374653666134,0.00021235403973470554,0.002565823300064105,0.624937746390572,0.3371777820342553,0.9621155284248273,1.0,0.4208122656844787,0.38578187710157225,3.0368087953985223e-16,5.695534895769931e-13,1,2,1,2,False,True,False
0,R2,G3_cooling_event_refine_03,G3,G3_cooling,cooling,0.840625,validation_event,False,False,False,0.8096283375543878,0.02065075521773298,0.4151395463860604,0.9583722796089978,0.00010680937490778675,0.002565823300064105,0.7134265129640649,0.2486890154607624,0.9621155284248273,1.0,0.43441065647721233,0.2592798353479042,1.3584733422168277e-15,1.2273051939516711e-12,2,4,1,2,False,True,False
20260809,H0,G3_cooling_event_refine_03,G3,G3_cooling,cooling,0.840625,validation_event,False,False,False,0.9993556655910949,0.01312543169825293,0.5062405486446739,0.988702469770365,2.8987466296376042e-05,0.002565823300064105,0.8552831973940178,0.10683233103080945,0.9621155284248273,1.1439589045541112,0.8525959960375644,0.01193662678513824,2.641808525798578e-15,0.9429284726737358,0,1,1,2,False,True,False
20260809,H1,G3_cooling_event_refine_03,G3,G3_cooling,cooling,0.840625,validation_event,False,False,False,0.9956276887913128,0.01312543169825293,0.5043765602447828,0.988702469770365,2.8987466296376042e-05,0.002565823300064105,0.8533600636746841,0.10875546475014318,0.9621155284248273,1.0243938285880987,0.3610178309886426,0.00797807214969382,2.641808525798578e-15,4.413627791285487e-12,1,2,1,2,False,True,False
20260809,H2,G3_cooling_event_refine_03,G3,G3_cooling,cooling,0.840625,validation_event,False,False,False,0.9931573333987058,0.013134949052063584,0.5031461412253847,0.9885676661289567,2.93333486204349e-05,0.002565823300064105,0.8520690036393007,0.1100465247855266,0.9621155284248273,1.0,0.19310934221789192,0.005318794612349733,5.496121700502941e-16,4.470133182061557e-12,2,4,1,2,False,True,False
20260809,S1,G3_cooling_event_refine_03,G3,G3_cooling,cooling,0.840625,validation_event,False,False,False,0.9221195882046402,0.014499376673846444,0.46830948243924336,0.9828237609417736,4.4071194383068376e-05,0.002565823300064105,0.808839093937782,0.15327643448704534,0.9621155284248273,1.0,0.39472879725912857,0.08340241722089556,5.48724590374826e-16,2.8010561256666946e-12,1,2,1,2,False,True,False
20260809,S2,G3_cooling_event_refine_03,G3,G3_cooling,cooling,0.840625,validation_event,False,False,False,0.9441530838295435,0.013908319953784887,0.4790307018916642,0.9850724732301658,3.8301395998371184e-05,0.002565823300064105,0.8235641999660519,0.13855132845877538,0.9621155284248273,1.0,0.35934209856639954,0.05343277318871835,6.313855527930876e-16,3.432211864983226e-12,2,4,1,2,False,True,False
20260809,G1,G3_cooling_event_refine_03,G3,G3_cooling,cooling,0.840625,validation_event,False,False,False,0.9179618434870003,0.01483338251410901,0.46639761300055466,0.982342034468353,4.5307219392828576e-05,0.002565823300064105,0.8059308999046761,0.15618462852015114,0.9621155284248273,1.0,0.3991529111310453,0.08914128898012266,1.9571011162006964e-15,2.812532222263698e-12,1,2,1,2,False,True,False
20260809,G2,G3_cooling_event_refine_03,G3,G3_cooling,cooling,0.840625,validation_event,False,False,False,0.9413617177513293,0.014084091267391243,0.4777229045093603,0.9848170514513849,3.8956763149711296e-05,0.002565823300064105,0.8217713451762012,0.14034418324862602,0.9621155284248273,1.0,0.3651976338974446,0.057041433334300395,2.0692126458456163e-16,3.464068890410146e-12,2,4,1,2,False,True,False
0,A1,G3_heating_coarse_006,G3,G3_heating,heating,0.9,validation,False,False,False,0.6516084828597799,5.251464766880727e-06,0.3258068671622734,0.004595893871634087,1.796916357375676e-05,1.8052129243918833e-05,8.413746495862561e-05,0.003164614258252477,0.003248751723211103,0.0,0.39452775329899464,0.001046284079098397,4.609062572508578e-15,6.7749029758992005e-12,1,2,1,2,False,True,False
0,A2,G3_heating_coarse_006,G3,G3_heating,heating,0.9,validation,False,False,False,0.42459539799266516,3.424401527952438e-06,0.21229941119709655,0.0029998507425371777,1.7997975550602086e-05,1.8052129243918833e-05,5.507437985854133e-05,0.0031936773433525615,0.003248751723211103,0.0,0.20450403319503216,0.0006823140219548899,1.6733397002797176e-15,6.557818285396214e-12,2,4,1,2,False,True,False
0,R1,G3_heating_coarse_006,G3,G3_heating,heating,0.9,validation,False,False,False,0.606594820823189,2.845915383185838e-05,0.30331163998851046,0.004280338469308475,1.8129398467174507e-05,1.8052129243918833e-05,7.960377677677585e-05,0.0033283554999878786,0.003248751723211103,1.0,0.15173955355537355,0.0009785812897045503,2.9071164368210164e-15,6.625526010689154e-12,1,2,1,2,False,True,False
0,R2,G3_heating_coarse_006,G3,G3_heating,heating,0.9,validation,False,False,False,0.3952674557370968,1.8443440802079675e-05,0.19764294958894946,0.0027845745514278757,1.8102396743610537e-05,1.8052129243918833e-05,5.1649194594762145e-05,0.003300400917805865,0.003248751723211103,1.0,0.10966351507089898,0.0006371305403441214,4.1592181742614145e-16,6.530804377225274e-12,2,4,1,2,False,True,False
20260809,H0,G3_heating_coarse_006,G3,G3_heating,heating,0.9,validation,False,False,False,0.27953402838400015,2.3013057671622043e-05,0.13977852072083588,0.0012801108989476976,1.802902051652448e-05,1.8052129243918833e-05,3.610383791703567e-05,0.003212647885294067,0.003248751723211103,0.2222222222222222,0.11884408347343653,0.00044942166074030045,1.6704583028169931e-15,0.2767309663948876,0,1,1,2,False,True,False
20260809,H1,G3_heating_coarse_006,G3,G3_heating,heating,0.9,validation,False,False,False,0.18214464638516037,2.3013057671622043e-05,0.091083829721416,0.0012801108989476976,1.802902051652448e-05,1.8052129243918833e-05,2.3572061940619216e-05,0.0032251796612704836,0.003248751723211103,0.2222222222222222,0.07192524667922819,0.00029295118980944595,1.6704583028169931e-15,6.576594338190511e-12,1,2,1,2,False,True,False
20260809,H2,G3_heating_coarse_006,G3,G3_heating,heating,0.9,validation,False,False,False,0.11868577477986852,1.4953408880476236e-05,0.059350364094374504,0.0008345425047852508,1.8037063974762906e-05,1.8052129243918833e-05,1.5379605141736894e-05,0.003233372118069366,0.003248751723211103,0.2222222222222222,0.0447863440343037,0.00019093335701824863,4.174283444304592e-16,6.77381845924528e-12,2,4,1,2,False,True,False
20260809,S1,G3_heating_coarse_006,G3,G3_heating,heating,0.9,validation,False,False,False,0.1347121135064228,2.8247425266993704e-05,0.06737018046584489,0.0009433595995382562,1.806915889333319e-05,1.8052129243918833e-05,1.744110896117427e-05,0.003266192832172277,0.003248751723211103,1.0,0.04318905662968992,0.00021694531597394088,6.250303457248525e-16,6.7586614717714105e-12,1,2,1,2,False,True,False
20260809,S2,G3_heating_coarse_006,G3,G3_heating,heating,0.9,validation,False,False,False,0.08777627979797503,1.8334794459444575e-05,0.04389730729621724,0.000614488924134193,1.806322207739626e-05,1.8052129243918833e-05,1.1354077843674527e-05,0.0032601058010547773,0.003248751723211103,1.0,0.028946857489080855,0.00014133128491574312,4.168238490957455e-15,7.039529575453529e-12,2,4,1,2,False,True,False
20260809,G1,G3_heating_coarse_006,G3,G3_heating,heating,0.9,validation,False,False,False,0.10222604387009503,5.769648806805934e-05,0.05114187017908154,0.00021006436778197137,1.8055921353035575e-05,1.8052129243918833e-05,3.895446263786195e-06,0.003252647169474889,0.003248751723211103,0.0,0.034907842169184786,0.000164691748596119,1.2509771624762442e-15,6.653530534823658e-12,1,2,1,2,False,True,False
20260809,G2,G3_heating_coarse_006,G3,G3_heating,heating,0.9,validation,False,False,False,0.0665743775481138,3.748468523422741e-05,0.03330593111667401,0.00013676461760743418,1.8054598136471878e-05,1.8052129243918833e-05,2.532091241370764e-06,0.0032512838144524736,0.003248751723211103,0.0,0.022910106945671974,0.00010725535449535737,2.0851147437510525e-16,6.808525172770313e-12,2,4,1,2,False,True,False
0,A1,G3_heating_coarse_014,G3,G3_heating,heating,1.1,validation,False,False,False,0.6524087610418,7.87580712564894e-06,0.32620831842446285,0.006882455993070334,2.196231103459161e-05,2.211451319848838e-05,0.00012784114763804682,0.003186615823132761,0.003314456970770808,0.0,0.39481862019770797,0.0015671584255717486,3.92687975749416e-15,4.3237751044123195e-12,1,2,1,2,False,True,False
0,A2,G3_heating_coarse_014,G3,G3_heating,heating,1.1,validation,False,False,False,0.42564122004199406,5.144029975597094e-06,0.21282318203598483,0.0045017129412283745,2.201496000823378e-05,2.211451319848838e-05,8.397265101696676e-05,0.003230484319753841,0.003314456970770808,0.0,0.20482357929115674,0.0010236694041741315,2.238564908259086e-15,4.509589007687939e-12,2,4,1,2,False,True,False
0,R1,G3_heating_coarse_014,G3,G3_heating,heating,1.1,validation,False,False,False,1.7038099497043988,0.00024397150465408905,0.8520269606045264,0.01833423605859393,2.2519965903790357e-05,2.211451319848838e-05,0.00035580388421793153,0.0036702608549887394,0.003314456970770808,0.0,0.28097241564207215,0.00414992442512637,1.6412741411899052e-15,4.466454029558137e-12,1,2,1,2,False,True,False
0,R2,G3_heating_coarse_014,G3,G3_heating,heating,1.1,validation,False,False,False,1.1116450284338666,0.00015730753979542527,0.555901167986831,0.01187599968315802,2.2377145150226822e-05,2.211451319848838e-05,0.0002279614977750634,0.0035424184685458712,0.003314456970770808,0.0,0.22436967591219634,0.0026976080861604145,1.3764578937658767e-15,4.295236857496418e-12,2,4,1,2,False,True,False
20260809,H0,G3_heating_coarse_014,G3,G3_heating,heating,1.1,validation,False,False,False,0.10836957544736088,2.173213980032552e-05,0.0541956537935806,0.0005480971721210701,2.2126634100635306e-05,2.211451319848838e-05,1.584854850165008e-05,0.003330305519272458,0.003314456970770808,1.0,0.035799501076073124,0.0002618008671204394,4.1761251994161437e-16,0.07261701785634704,0,1,1,2,False,True,False
20260809,H1,G3_heating_coarse_014,G3,G3_heating,heating,1.1,validation,False,False,False,0.07068540510410942,2.173213980032552e-05,0.03535356862195487,0.0005480971721210701,2.2126634100635306e-05,2.211451319848838e-05,1.0323953914811307e-05,0.003324780924685619,0.003314456970770808,1.0,0.023769403169236248,0.00017066193096867808,4.1761251994161437e-16,4.2543579448185415e-12,1,2,1,2,False,True,False
20260809,H2,G3_heating_coarse_014,G3,G3_heating,heating,1.1,validation,False,False,False,0.04610541220902384,1.4094098007795784e-05,0.023059753153515817,0.0003574564487601664,2.212241817384237e-05,2.211451319848838e-05,6.728804193424209e-06,0.003321185774964232,0.003314456970770808,1.0,0.01568529487442307,0.00011127339834130574,8.3538421089229685e-16,4.3233917527712675e-12,2,4,1,2,False,True,True
20260809,S1,G3_heating_coarse_014,G3,G3_heating,heating,1.1,validation,False,False,False,0.05800083100442324,2.5193674504080052e-05,0.02901301233946366,0.0005553919770815219,2.2102230975280876e-05,2.211451319848838e-05,1.0429266911165646e-05,0.003304027703859642,0.003314456970770808,1.0,0.020876452372317864,0.00013980235967710008,8.361472138198875e-16,4.4850936549298764e-12,1,2,1,2,False,True,False
20260809,S2,G3_heating_coarse_014,G3,G3_heating,heating,1.1,validation,False,False,False,0.03783345758726776,1.6348592840144136e-05,0.018924903090053954,0.00036244317405564007,2.2106497944132025e-05,2.211451319848838e-05,6.808900912624958e-06,0.003307648069858183,0.003314456970770808,1.0,0.013453541801016489,9.120633373389322e-05,2.7866194057345437e-16,4.568244522790924e-12,2,4,1,2,False,True,True
20260809,G1,G3_heating_coarse_014,G3,G3_heating,heating,1.1,validation,False,False,False,0.06364708892186159,4.955722466256636e-05,0.03184832307326208,0.0006330962495093997,2.212851381385407e-05,2.211451319848838e-05,1.1919492829658585e-05,0.0033263764636004664,0.003314456970770808,1.0,0.021310369323416376,0.00015362708988963936,8.351540914426187e-16,4.392075366896733e-12,1,2,1,2,False,True,False
20260809,G2,G3_heating_coarse_014,G3,G3_heating,heating,1.1,validation,False,False,False,0.0415062967562516,3.216241260814851e-05,0.020769229584429876,0.00041294452819141557,2.2123645265707313e-05,2.211451319848838e-05,7.771053882268605e-06,0.0033222280246530764,0.003314456970770808,1.0,0.014080971437637103,0.0001001685466364245,1.8098987316811276e-15,4.447617298637331e-12,2,4,1,2,False,True,True
0,A1,G3_heating_coarse_022,G3,G3_heating,heating,1.3,validation,False,False,False,0.6533744506761395,1.1053361862414657e-05,0.326692752019001,0.009641640772759003,2.5955458495426465e-05,2.620814804418781e-05,0.00018225348418822538,0.0032132190592822274,0.0033954725434704527,0.0,0.39516794207662825,0.0021959236004741056,3.213203385675695e-15,3.3045788569558468e-12,1,2,1,2,False,True,False
0,A2,G3_heating_coarse_022,G3,G3_heating,heating,1.3,validation,False,False,False,0.4269061224850746,7.233746785410528e-06,0.21345667811593,0.006322340533282812,2.6042451207505765e-05,2.620814804418781e-05,0.00012021358808264907,0.0032752589553878037,0.0033954725434704527,0.0,0.20520839993602485,0.0014372349343800322,2.602006824949481e-15,3.116003250062579e-12,2,4,1,2,False,True,False
0,R1,G3_heating_coarse_022,G3,G3_heating,heating,1.3,validation,False,False,False,0.4424586612626201,0.00016230999388907336,0.2213104856282546,0.006446309249577197,2.6377093871339347e-05,2.620814804418781e-05,0.0001254048306822582,0.003520877374152711,0.0033954725434704527,0.0,0.11960035360232361,0.0015011340015791078,1.9761503939998574e-16,3.172709457566771e-12,1,2,1,2,False,True,False
0,R2,G3_heating_coarse_022,G3,G3_heating,heating,1.3,validation,False,False,False,0.2890867355178871,0.00010513038752410523,0.14459593295270562,0.004201210559622716,2.6318253992499207e-05,2.620814804418781e-05,8.139599447549604e-05,0.003476868537945949,0.0033954725434704527,0.0,0.08462649737517025,0.0009793308472849157,7.922273941314538e-16,3.152272801249054e-12,2,4,1,2,False,True,False
20260809,H0,G3_heating_coarse_022,G3,G3_heating,heating,1.3,validation,False,False,False,0.0495663497903957,4.813599630993859e-05,0.024807242893352822,0.00043559285329117307,2.6196731962201765e-05,2.620814804418781e-05,1.2791767146413512e-05,0.0033826807763240392,0.0033954725434704527,1.0,0.017733183807959168,0.0001676840821749067,7.959023976216232e-16,0.04443973751916445,0,1,1,2,False,True,False
20260809,H1,G3_heating_coarse_022,G3,G3_heating,heating,1.3,validation,False,False,False,0.03234929994759769,4.813599630993859e-05,0.016198717971953817,0.00043559285329117307,2.6196731962201765e-05,2.620814804418781e-05,8.365020464592456e-06,0.0033871075230058603,0.0033954725434704527,1.0,0.011454531369331352,0.00010945873307303909,7.959023976216232e-16,3.23275656353963e-12,1,2,1,2,False,True,True
20260809,H2,G3_heating_coarse_022,G3,G3_heating,heating,1.3,validation,False,False,False,0.021112957951393972,3.122594164488774e-05,0.01057209194651943,0.0002846712763922387,2.6200687337232194e-05,2.620814804418781e-05,5.468675859268517e-06,0.0033900038676111842,0.0033954725434704527,1.0,0.007425819779657149,7.1446918546963e-05,3.9789112228629713e-16,2.938028046962018e-12,2,4,1,2,False,True,True
20260809,S1,G3_heating_coarse_022,G3,G3_heating,heating,1.3,validation,False,False,False,0.072591765364111,7.170556157444811e-05,0.03633173546284272,0.00092673859336077,2.618385994193475e-05,2.620814804418781e-05,1.777499555051347e-05,0.0033776975479199393,0.0033954725434704527,0.0,0.026247123895417813,0.000245157405904739,1.592587328591304e-15,2.966392972917378e-12,1,2,1,2,False,True,False
20260809,S2,G3_heating_coarse_022,G3,G3_heating,heating,1.3,validation,False,False,False,0.047402954272099396,4.6553435368991644e-05,0.023724753853734192,0.0006058106793097567,2.619227086821771e-05,2.620814804418781e-05,1.1628712853157218e-05,0.0033838438306172955,0.0033954725434704527,0.0,0.016894633250826994,0.00016015839745780802,1.9900948913012446e-16,3.1395737005168447e-12,2,4,1,2,False,True,True
20260809,G1,G3_heating_coarse_022,G3,G3_heating,heating,1.3,validation,False,False,False,0.03296365946030736,3.7602801454559114e-05,0.01650063113088096,0.0003579053557063359,2.619876800763965e-05,2.620814804418781e-05,6.87163043766462e-06,0.003388600913032788,0.0033954725434704527,1.0,0.011625085409616735,0.00011149028381096588,1.5916810876364426e-15,3.1889330590796134e-12,1,2,1,2,False,True,True
20260809,G2,G3_heating_coarse_022,G3,G3_heating,heating,1.3,validation,False,False,False,0.021519644541627646,2.4383410449225213e-05,0.010772013976038436,0.00023391434233206,2.6202017582474313e-05,2.620814804418781e-05,4.492978165690845e-06,0.003390979565304762,0.0033954725434704527,1.0,0.00754790442881196,7.279179728586716e-05,3.978709218276631e-16,3.2283246597096585e-12,2,4,1,2,False,True,True
0,A1,G3_heating_coarse_030,G3,G3_heating,heating,1.5,validation,False,False,False,0.6545086733249675,1.4801161138149667e-05,0.32726173724305285,0.01288239918268464,2.9948605956261343e-05,3.033945087339588e-05,0.0002485566314332807,0.003244536094428816,0.0034930927258620967,0.0,0.39557587625929125,0.0029346767277562604,1.9609466217581953e-15,2.401707085510306e-12,1,2,1,2,False,True,False
0,A2,G3_heating_coarse_030,G3,G3_heating,heating,1.5,validation,False,False,False,0.42839586790297224,9.709354002376334e-06,0.2142027886284873,0.00847243332806077,3.0082401898661057e-05,3.033945087339588e-05,0.00016474728919913927,0.0033283454366629574,0.0034930927258620967,0.0,0.20565926463827472,0.0019252685979902343,9.010269327378413e-16,2.5290324290396637e-12,2,4,1,2,False,True,False
0,R1,G3_heating_coarse_030,G3,G3_heating,heating,1.5,validation,False,False,False,0.6500387903324322,1.7489054942036758e-05,0.3250281396936871,0.012795514213610724,2.9951241998512197e-05,3.033945087339588e-05,0.000246918325937066,0.0032461743999250307,0.0034930927258620967,1.0243938285880987,0.3908711165964267,0.0029147658463590733,1.0558014043534934e-15,2.3075293836005854e-12,1,2,1,2,False,True,False
0,R2,G3_heating_coarse_030,G3,G3_heating,heating,1.5,validation,False,False,False,0.4254703406908413,1.1458958925012137e-05,0.21274089982488315,0.008415029557273492,3.0084143497544805e-05,3.033945087339588e-05,0.0001636475571015314,0.0033294451687605653,0.0034930927258620967,1.0243938285880987,0.20371213405737806,0.0019121787228112308,1.9521120048204455e-15,2.405001989938794e-12,2,4,1,2,False,True,False
20260809,H0,G3_heating_coarse_030,G3,G3_heating,heating,1.5,validation,False,False,False,1.0795121542086907,0.00011681084150181214,0.5398144825250962,0.0143110992196656,3.077364176511522e-05,3.033945087339588e-05,0.0004514052860199822,0.003944498011882079,0.0034930927258620967,1.0,0.21852591166622062,0.004934428732561183,1.3211819965453542e-15,0.511776843190294,0,1,1,2,False,True,False
20260809,H1,G3_heating_coarse_030,G3,G3_heating,heating,1.5,validation,False,False,False,0.7066916278005805,0.00011681084150181214,0.35340421932104116,0.0143110992196656,3.077364176511522e-05,3.033945087339588e-05,0.0002892752579070528,0.0037823679837691495,0.0034930927258620967,1.0,0.166934653484979,0.0032159750943542157,1.3211819965453542e-15,2.321757161929039e-12,1,2,1,2,False,True,False
20260809,H2,G3_heating_coarse_030,G3,G3_heating,heating,1.5,validation,False,False,False,0.4626100679129084,7.522777703015244e-05,0.23134264784496927,0.009315926060425044,3.062209095444633e-05,3.033945087339588e-05,0.00018675446463131337,0.00367984719049341,0.0034930927258620967,1.0,0.12267905348776038,0.0020992951768775267,7.376225644981621e-16,2.183510315427461e-12,2,4,1,2,False,True,False
20260809,S1,G3_heating_coarse_030,G3,G3_heating,heating,1.5,validation,False,False,False,0.12821825629888967,0.00015224308208044028,0.06418524969048506,0.0020253308730926187,3.0400898299922444e-05,3.033945087339588e-05,4.019813118339571e-05,0.0035332908570454924,0.0034930927258620967,0.0,0.04155063793146687,0.0005810322146487002,5.94391521915582e-16,2.367461431789762e-12,1,2,1,2,False,True,False
20260809,S2,G3_heating_coarse_030,G3,G3_heating,heating,1.5,validation,False,False,False,0.08386416450666304,9.873410439646129e-05,0.04198144930552975,0.0013241644630399758,3.0379625296070576e-05,3.033945087339588e-05,2.6229597073588497e-05,0.003519322322935685,0.0034930927258620967,0.0,0.027790865057310824,0.0003797286883807623,1.1896154762928557e-15,2.441537063156552e-12,2,4,1,2,False,True,False
20260809,G1,G3_heating_coarse_030,G3,G3_heating,heating,1.5,validation,False,False,False,0.06549608484086733,2.9818017783521154e-05,0.03276295142932543,0.0004144671069952624,3.0326876168964557e-05,3.033945087339588e-05,8.12038911389857e-06,0.003484972336748198,0.0034930927258620967,1.0,0.022950935103888882,0.00029602958462079135,4.468817388431843e-16,2.2028290513376707e-12,1,2,1,2,False,True,False
20260809,G2,G3_heating_coarse_030,G3,G3_heating,heating,1.5,validation,False,False,False,0.04283929724306944,1.934656485842095e-05,0.02142932190396393,0.00027171693752650725,3.0331207130718323e-05,3.033945087339588e-05,5.336771892588792e-06,0.003487755953969508,0.0034930927258620967,1.0,0.014947408773664076,0.00019364156912530413,2.9787861937402203e-16,2.355028364771019e-12,2,4,1,2,False,True,True
